g1_x,g1_y,g1_z,IX,IY,IZ,XI,XX,XY,XZ,YI,YX,YY,YZ,ZI,ZX,ZY,ZZ,round,operator,mean,std,mean_signed,std_signed
1.44543977075e-05,1.44543977075e-05,1.44543977075e-05,1.44543977075e-05,1.44543977075e-05,1.44543977075e-05,1.44543977075e-05,1.44543977075e-05,1.44543977075e-05,1.44543977075e-05,1.44543977075e-05,1.44543977075e-05,1.44543977075e-05,1.44543977075e-05,1.44543977075e-05,1.44543977075e-05,1.44543977075e-05,1.44543977075e-05,1,Logical X,0.993311111111,0.00216190162733,0.994088888889,0.00258337350111
1.44543977075e-05,1.44543977075e-05,1.44543977075e-05,1.44543977075e-05,1.44543977075e-05,1.44543977075e-05,1.44543977075e-05,1.44543977075e-05,1.44543977075e-05,1.44543977075e-05,1.44543977075e-05,1.44543977075e-05,1.44543977075e-05,1.44543977075e-05,1.44543977075e-05,1.44543977075e-05,1.44543977075e-05,1.44543977075e-05,1,Logical Y,0.0168666666667,0.0108195225849,-0.00268888888889,0.0153033022588
1.44543977075e-05,1.44543977075e-05,1.44543977075e-05,1.44543977075e-05,1.44543977075e-05,1.44543977075e-05,1.44543977075e-05,1.44543977075e-05,1.44543977075e-05,1.44543977075e-05,1.44543977075e-05,1.44543977075e-05,1.44543977075e-05,1.44543977075e-05,1.44543977075e-05,1.44543977075e-05,1.44543977075e-05,1.44543977075e-05,1,Logical Z,0.0105555555556,0.00796752668533,-0.000311111111111,0.0169730309707
1.44543977075e-05,1.44543977075e-05,1.44543977075e-05,1.44543977075e-05,1.44543977075e-05,1.44543977075e-05,1.44543977075e-05,1.44543977075e-05,1.44543977075e-05,1.44543977075e-05,1.44543977075e-05,1.44543977075e-05,1.44543977075e-05,1.44543977075e-05,1.44543977075e-05,1.44543977075e-05,1.44543977075e-05,1.44543977075e-05,1,X0 X1,0.9942,0.00181226134642,0.9942,0.00181226134642
1.44543977075e-05,1.44543977075e-05,1.44543977075e-05,1.44543977075e-05,1.44543977075e-05,1.44543977075e-05,1.44543977075e-05,1.44543977075e-05,1.44543977075e-05,1.44543977075e-05,1.44543977075e-05,1.44543977075e-05,1.44543977075e-05,1.44543977075e-05,1.44543977075e-05,1.44543977075e-05,1.44543977075e-05,1.44543977075e-05,1,X1 Z2 Y3 Y4 Z5 X7,0.983911111111,0.00368795630551,0.983911111111,0.00368795630551
1.44543977075e-05,1.44543977075e-05,1.44543977075e-05,1.44543977075e-05,1.44543977075e-05,1.44543977075e-05,1.44543977075e-05,1.44543977075e-05,1.44543977075e-05,1.44543977075e-05,1.44543977075e-05,1.44543977075e-05,1.44543977075e-05,1.44543977075e-05,1.44543977075e-05,1.44543977075e-05,1.44543977075e-05,1.44543977075e-05,1,X10 Z13 Y14 Y17 Z18 X22,0.982822222222,0.00336619813894,0.982822222222,0.00336619813894
1.44543977075e-05,1.44543977075e-05,1.44543977075e-05,1.44543977075e-05,1.44543977075e-05,1.44543977075e-05,1.44543977075e-05,1.44543977075e-05,1.44543977075e-05,1.44543977075e-05,1.44543977075e-05,1.44543977075e-05,1.44543977075e-05,1.44543977075e-05,1.44543977075e-05,1.44543977075e-05,1.44543977075e-05,1.44543977075e-05,1,X11 Z14 Y15 Y18 Z19 X23,0.983288888889,0.00351867849337,0.983288888889,0.00351867849337
1.44543977075e-05,1.44543977075e-05,1.44543977075e-05,1.44543977075e-05,1.44543977075e-05,1.44543977075e-05,1.44543977075e-05,1.44543977075e-05,1.44543977075e-05,1.44543977075e-05,1.44543977075e-05,1.44543977075e-05,1.44543977075e-05,1.44543977075e-05,1.44543977075e-05,1.44543977075e-05,1.44543977075e-05,1.44543977075e-05,1,X12 X16,0.994377777778,0.00224672317084,0.994377777778,0.00224672317084
1.44543977075e-05,1.44543977075e-05,1.44543977075e-05,1.44543977075e-05,1.44543977075e-05,1.44543977075e-05,1.44543977075e-05,1.44543977075e-05,1.44543977075e-05,1.44543977075e-05,1.44543977075e-05,1.44543977075e-05,1.44543977075e-05,1.44543977075e-05,1.44543977075e-05,1.44543977075e-05,1.44543977075e-05,1.44543977075e-05,1,X13 X17,0.993977777778,0.002104425793,0.993977777778,0.002104425793
1.44543977075e-05,1.44543977075e-05,1.44543977075e-05,1.44543977075e-05,1.44543977075e-05,1.44543977075e-05,1.44543977075e-05,1.44543977075e-05,1.44543977075e-05,1.44543977075e-05,1.44543977075e-05,1.44543977075e-05,1.44543977075e-05,1.44543977075e-05,1.44543977075e-05,1.44543977075e-05,1.44543977075e-05,1.44543977075e-05,1,X14 X18,0.994844444444,0.00169681543808,0.994844444444,0.00169681543808
1.44543977075e-05,1.44543977075e-05,1.44543977075e-05,1.44543977075e-05,1.44543977075e-05,1.44543977075e-05,1.44543977075e-05,1.44543977075e-05,1.44543977075e-05,1.44543977075e-05,1.44543977075e-05,1.44543977075e-05,1.44543977075e-05,1.44543977075e-05,1.44543977075e-05,1.44543977075e-05,1.44543977075e-05,1.44543977075e-05,1,X15 X19,0.994244444444,0.00196898039105,0.994244444444,0.00196898039105
1.44543977075e-05,1.44543977075e-05,1.44543977075e-05,1.44543977075e-05,1.44543977075e-05,1.44543977075e-05,1.44543977075e-05,1.44543977075e-05,1.44543977075e-05,1.44543977075e-05,1.44543977075e-05,1.44543977075e-05,1.44543977075e-05,1.44543977075e-05,1.44543977075e-05,1.44543977075e-05,1.44543977075e-05,1.44543977075e-05,1,X16 Z20 Y21 Y25 Z26 X31,0.983688888889,0.00294383352297,0.983688888889,0.00294383352297
1.44543977075e-05,1.44543977075e-05,1.44543977075e-05,1.44543977075e-05,1.44543977075e-05,1.44543977075e-05,1.44543977075e-05,1.44543977075e-05,1.44543977075e-05,1.44543977075e-05,1.44543977075e-05,1.44543977075e-05,1.44543977075e-05,1.44543977075e-05,1.44543977075e-05,1.44543977075e-05,1.44543977075e-05,1.44543977075e-05,1,X17 Z21 Y22 Y26 Z27 X32,0.983577777778,0.00378941188062,0.983577777778,0.00378941188062
1.44543977075e-05,1.44543977075e-05,1.44543977075e-05,1.44543977075e-05,1.44543977075e-05,1.44543977075e-05,1.44543977075e-05,1.44543977075e-05,1.44543977075e-05,1.44543977075e-05,1.44543977075e-05,1.44543977075e-05,1.44543977075e-05,1.44543977075e-05,1.44543977075e-05,1.44543977075e-05,1.44543977075e-05,1.44543977075e-05,1,X18 Z22 Y23 Y27 Z28 X33,0.983755555556,0.00360282279001,0.983755555556,0.00360282279001
1.44543977075e-05,1.44543977075e-05,1.44543977075e-05,1.44543977075e-05,1.44543977075e-05,1.44543977075e-05,1.44543977075e-05,1.44543977075e-05,1.44543977075e-05,1.44543977075e-05,1.44543977075e-05,1.44543977075e-05,1.44543977075e-05,1.44543977075e-05,1.44543977075e-05,1.44543977075e-05,1.44543977075e-05,1.44543977075e-05,1,X19 Z23 Y24 Y28 Z29 X34,0.982755555556,0.00299032069851,0.982755555556,0.00299032069851
1.44543977075e-05,1.44543977075e-05,1.44543977075e-05,1.44543977075e-05,1.44543977075e-05,1.44543977075e-05,1.44543977075e-05,1.44543977075e-05,1.44543977075e-05,1.44543977075e-05,1.44543977075e-05,1.44543977075e-05,1.44543977075e-05,1.44543977075e-05,1.44543977075e-05,1.44543977075e-05,1.44543977075e-05,1.44543977075e-05,1,X2 X4,0.994044444444,0.00225523373126,0.994044444444,0.00225523373126
1.44543977075e-05,1.44543977075e-05,1.44543977075e-05,1.44543977075e-05,1.44543977075e-05,1.44543977075e-05,1.44543977075e-05,1.44543977075e-05,1.44543977075e-05,1.44543977075e-05,1.44543977075e-05,1.44543977075e-05,1.44543977075e-05,1.44543977075e-05,1.44543977075e-05,1.44543977075e-05,1.44543977075e-05,1.44543977075e-05,1,X20 X25,0.994155555556,0.00190730262952,0.994155555556,0.00190730262952
1.44543977075e-05,1.44543977075e-05,1.44543977075e-05,1.44543977075e-05,1.44543977075e-05,1.44543977075e-05,1.44543977075e-05,1.44543977075e-05,1.44543977075e-05,1.44543977075e-05,1.44543977075e-05,1.44543977075e-05,1.44543977075e-05,1.44543977075e-05,1.44543977075e-05,1.44543977075e-05,1.44543977075e-05,1.44543977075e-05,1,X21 X26,0.994266666667,0.00199309151649,0.994266666667,0.00199309151649
1.44543977075e-05,1.44543977075e-05,1.44543977075e-05,1.44543977075e-05,1.44543977075e-05,1.44543977075e-05,1.44543977075e-05,1.44543977075e-05,1.44543977075e-05,1.44543977075e-05,1.44543977075e-05,1.44543977075e-05,1.44543977075e-05,1.44543977075e-05,1.44543977075e-05,1.44543977075e-05,1.44543977075e-05,1.44543977075e-05,1,X22 X27,0.994133333333,0.00199923356962,0.994133333333,0.00199923356962
1.44543977075e-05,1.44543977075e-05,1.44543977075e-05,1.44543977075e-05,1.44543977075e-05,1.44543977075e-05,1.44543977075e-05,1.44543977075e-05,1.44543977075e-05,1.44543977075e-05,1.44543977075e-05,1.44543977075e-05,1.44543977075e-05,1.44543977075e-05,1.44543977075e-05,1.44543977075e-05,1.44543977075e-05,1.44543977075e-05,1,X23 X28,0.994711111111,0.00162295160215,0.994711111111,0.00162295160215
1.44543977075e-05,1.44543977075e-05,1.44543977075e-05,1.44543977075e-05,1.44543977075e-05,1.44543977075e-05,1.44543977075e-05,1.44543977075e-05,1.44543977075e-05,1.44543977075e-05,1.44543977075e-05,1.44543977075e-05,1.44543977075e-05,1.44543977075e-05,1.44543977075e-05,1.44543977075e-05,1.44543977075e-05,1.44543977075e-05,1,X24 X29,0.994822222222,0.00186669403373,0.994822222222,0.00186669403373
1.44543977075e-05,1.44543977075e-05,1.44543977075e-05,1.44543977075e-05,1.44543977075e-05,1.44543977075e-05,1.44543977075e-05,1.44543977075e-05,1.44543977075e-05,1.44543977075e-05,1.44543977075e-05,1.44543977075e-05,1.44543977075e-05,1.44543977075e-05,1.44543977075e-05,1.44543977075e-05,1.44543977075e-05,1.44543977075e-05,1,X25 Z30 Y31 Y36 Z37 X43,0.982488888889,0.00357485185325,0.982488888889,0.00357485185325
1.44543977075e-05,1.44543977075e-05,1.44543977075e-05,1.44543977075e-05,1.44543977075e-05,1.44543977075e-05,1.44543977075e-05,1.44543977075e-05,1.44543977075e-05,1.44543977075e-05,1.44543977075e-05,1.44543977075e-05,1.44543977075e-05,1.44543977075e-05,1.44543977075e-05,1.44543977075e-05,1.44543977075e-05,1.44543977075e-05,1,X26 Z31 Y32 Y37 Z38 X44,0.983622222222,0.00369190201459,0.983622222222,0.00369190201459
1.44543977075e-05,1.44543977075e-05,1.44543977075e-05,1.44543977075e-05,1.44543977075e-05,1.44543977075e-05,1.44543977075e-05,1.44543977075e-05,1.44543977075e-05,1.44543977075e-05,1.44543977075e-05,1.44543977075e-05,1.44543977075e-05,1.44543977075e-05,1.44543977075e-05,1.44543977075e-05,1.44543977075e-05,1.44543977075e-05,1,X27 Z32 Y33 Y38 Z39 X45,0.982777777778,0.0037593646375,0.982777777778,0.0037593646375
1.44543977075e-05,1.44543977075e-05,1.44543977075e-05,1.44543977075e-05,1.44543977075e-05,1.44543977075e-05,1.44543977075e-05,1.44543977075e-05,1.44543977075e-05,1.44543977075e-05,1.44543977075e-05,1.44543977075e-05,1.44543977075e-05,1.44543977075e-05,1.44543977075e-05,1.44543977075e-05,1.44543977075e-05,1.44543977075e-05,1,X28 Z33 Y34 Y39 Z40 X46,0.982577777778,0.00272765506821,0.982577777778,0.00272765506821
1.44543977075e-05,1.44543977075e-05,1.44543977075e-05,1.44543977075e-05,1.44543977075e-05,1.44543977075e-05,1.44543977075e-05,1.44543977075e-05,1.44543977075e-05,1.44543977075e-05,1.44543977075e-05,1.44543977075e-05,1.44543977075e-05,1.44543977075e-05,1.44543977075e-05,1.44543977075e-05,1.44543977075e-05,1.44543977075e-05,1,X29 Z34 Y35 Y40 Z41 X47,0.982733333333,0.00386892522227,0.982733333333,0.00386892522227
1.44543977075e-05,1.44543977075e-05,1.44543977075e-05,1.44543977075e-05,1.44543977075e-05,1.44543977075e-05,1.44543977075e-05,1.44543977075e-05,1.44543977075e-05,1.44543977075e-05,1.44543977075e-05,1.44543977075e-05,1.44543977075e-05,1.44543977075e-05,1.44543977075e-05,1.44543977075e-05,1.44543977075e-05,1.44543977075e-05,1,X3 X5,0.994466666667,0.00174329586123,0.994466666667,0.00174329586123
1.44543977075e-05,1.44543977075e-05,1.44543977075e-05,1.44543977075e-05,1.44543977075e-05,1.44543977075e-05,1.44543977075e-05,1.44543977075e-05,1.44543977075e-05,1.44543977075e-05,1.44543977075e-05,1.44543977075e-05,1.44543977075e-05,1.44543977075e-05,1.44543977075e-05,1.44543977075e-05,1.44543977075e-05,1.44543977075e-05,1,X30 X36,0.993511111111,0.00241282228242,0.993511111111,0.00241282228242
1.44543977075e-05,1.44543977075e-05,1.44543977075e-05,1.44543977075e-05,1.44543977075e-05,1.44543977075e-05,1.44543977075e-05,1.44543977075e-05,1.44543977075e-05,1.44543977075e-05,1.44543977075e-05,1.44543977075e-05,1.44543977075e-05,1.44543977075e-05,1.44543977075e-05,1.44543977075e-05,1.44543977075e-05,1.44543977075e-05,1,X31 X37,0.993822222222,0.00234191088976,0.993822222222,0.00234191088976
1.44543977075e-05,1.44543977075e-05,1.44543977075e-05,1.44543977075e-05,1.44543977075e-05,1.44543977075e-05,1.44543977075e-05,1.44543977075e-05,1.44543977075e-05,1.44543977075e-05,1.44543977075e-05,1.44543977075e-05,1.44543977075e-05,1.44543977075e-05,1.44543977075e-05,1.44543977075e-05,1.44543977075e-05,1.44543977075e-05,1,X32 X38,0.994311111111,0.00184231516295,0.994311111111,0.00184231516295
1.44543977075e-05,1.44543977075e-05,1.44543977075e-05,1.44543977075e-05,1.44543977075e-05,1.44543977075e-05,1.44543977075e-05,1.44543977075e-05,1.44543977075e-05,1.44543977075e-05,1.44543977075e-05,1.44543977075e-05,1.44543977075e-05,1.44543977075e-05,1.44543977075e-05,1.44543977075e-05,1.44543977075e-05,1.44543977075e-05,1,X33 X39,0.994022222222,0.00173742517319,0.994022222222,0.00173742517319
1.44543977075e-05,1.44543977075e-05,1.44543977075e-05,1.44543977075e-05,1.44543977075e-05,1.44543977075e-05,1.44543977075e-05,1.44543977075e-05,1.44543977075e-05,1.44543977075e-05,1.44543977075e-05,1.44543977075e-05,1.44543977075e-05,1.44543977075e-05,1.44543977075e-05,1.44543977075e-05,1.44543977075e-05,1.44543977075e-05,1,X34 X40,0.994222222222,0.00173610153254,0.994222222222,0.00173610153254
1.44543977075e-05,1.44543977075e-05,1.44543977075e-05,1.44543977075e-05,1.44543977075e-05,1.44543977075e-05,1.44543977075e-05,1.44543977075e-05,1.44543977075e-05,1.44543977075e-05,1.44543977075e-05,1.44543977075e-05,1.44543977075e-05,1.44543977075e-05,1.44543977075e-05,1.44543977075e-05,1.44543977075e-05,1.44543977075e-05,1,X35 X41,0.994733333333,0.00196794230984,0.994733333333,0.00196794230984
1.44543977075e-05,1.44543977075e-05,1.44543977075e-05,1.44543977075e-05,1.44543977075e-05,1.44543977075e-05,1.44543977075e-05,1.44543977075e-05,1.44543977075e-05,1.44543977075e-05,1.44543977075e-05,1.44543977075e-05,1.44543977075e-05,1.44543977075e-05,1.44543977075e-05,1.44543977075e-05,1.44543977075e-05,1.44543977075e-05,1,X36 Z42 Y43 Y49 Z50 X56,0.983355555556,0.00300947842801,0.983355555556,0.00300947842801
1.44543977075e-05,1.44543977075e-05,1.44543977075e-05,1.44543977075e-05,1.44543977075e-05,1.44543977075e-05,1.44543977075e-05,1.44543977075e-05,1.44543977075e-05,1.44543977075e-05,1.44543977075e-05,1.44543977075e-05,1.44543977075e-05,1.44543977075e-05,1.44543977075e-05,1.44543977075e-05,1.44543977075e-05,1.44543977075e-05,1,X37 Z43 Y44 Y50 Z51 X57,0.983,0.00324598189573,0.983,0.00324598189573
1.44543977075e-05,1.44543977075e-05,1.44543977075e-05,1.44543977075e-05,1.44543977075e-05,1.44543977075e-05,1.44543977075e-05,1.44543977075e-05,1.44543977075e-05,1.44543977075e-05,1.44543977075e-05,1.44543977075e-05,1.44543977075e-05,1.44543977075e-05,1.44543977075e-05,1.44543977075e-05,1.44543977075e-05,1.44543977075e-05,1,X38 Z44 Y45 Y51 Z52 X58,0.982444444444,0.00313347191346,0.982444444444,0.00313347191346
1.44543977075e-05,1.44543977075e-05,1.44543977075e-05,1.44543977075e-05,1.44543977075e-05,1.44543977075e-05,1.44543977075e-05,1.44543977075e-05,1.44543977075e-05,1.44543977075e-05,1.44543977075e-05,1.44543977075e-05,1.44543977075e-05,1.44543977075e-05,1.44543977075e-05,1.44543977075e-05,1.44543977075e-05,1.44543977075e-05,1,X39 Z45 Y46 Y52 Z53 X59,0.983888888889,0.00251940109245,0.983888888889,0.00251940109245
1.44543977075e-05,1.44543977075e-05,1.44543977075e-05,1.44543977075e-05,1.44543977075e-05,1.44543977075e-05,1.44543977075e-05,1.44543977075e-05,1.44543977075e-05,1.44543977075e-05,1.44543977075e-05,1.44543977075e-05,1.44543977075e-05,1.44543977075e-05,1.44543977075e-05,1.44543977075e-05,1.44543977075e-05,1.44543977075e-05,1,X4 Z6 Y7 Y9 Z10 X13,0.983177777778,0.00249863308736,0.983177777778,0.00249863308736
1.44543977075e-05,1.44543977075e-05,1.44543977075e-05,1.44543977075e-05,1.44543977075e-05,1.44543977075e-05,1.44543977075e-05,1.44543977075e-05,1.44543977075e-05,1.44543977075e-05,1.44543977075e-05,1.44543977075e-05,1.44543977075e-05,1.44543977075e-05,1.44543977075e-05,1.44543977075e-05,1.44543977075e-05,1.44543977075e-05,1,X40 Z46 Y47 Y53 Z54 X60,0.983955555556,0.0032088638413,0.983955555556,0.0032088638413
1.44543977075e-05,1.44543977075e-05,1.44543977075e-05,1.44543977075e-05,1.44543977075e-05,1.44543977075e-05,1.44543977075e-05,1.44543977075e-05,1.44543977075e-05,1.44543977075e-05,1.44543977075e-05,1.44543977075e-05,1.44543977075e-05,1.44543977075e-05,1.44543977075e-05,1.44543977075e-05,1.44543977075e-05,1.44543977075e-05,1,X41 Z47 Y48 Y54 Z55 X61,0.983022222222,0.00366293784624,0.983022222222,0.00366293784624
1.44543977075e-05,1.44543977075e-05,1.44543977075e-05,1.44543977075e-05,1.44543977075e-05,1.44543977075e-05,1.44543977075e-05,1.44543977075e-05,1.44543977075e-05,1.44543977075e-05,1.44543977075e-05,1.44543977075e-05,1.44543977075e-05,1.44543977075e-05,1.44543977075e-05,1.44543977075e-05,1.44543977075e-05,1.44543977075e-05,1,X42 X49,0.994355555556,0.00154357730832,0.994355555556,0.00154357730832
1.44543977075e-05,1.44543977075e-05,1.44543977075e-05,1.44543977075e-05,1.44543977075e-05,1.44543977075e-05,1.44543977075e-05,1.44543977075e-05,1.44543977075e-05,1.44543977075e-05,1.44543977075e-05,1.44543977075e-05,1.44543977075e-05,1.44543977075e-05,1.44543977075e-05,1.44543977075e-05,1.44543977075e-05,1.44543977075e-05,1,X43 X50,0.994511111111,0.00194706446363,0.994511111111,0.00194706446363
1.44543977075e-05,1.44543977075e-05,1.44543977075e-05,1.44543977075e-05,1.44543977075e-05,1.44543977075e-05,1.44543977075e-05,1.44543977075e-05,1.44543977075e-05,1.44543977075e-05,1.44543977075e-05,1.44543977075e-05,1.44543977075e-05,1.44543977075e-05,1.44543977075e-05,1.44543977075e-05,1.44543977075e-05,1.44543977075e-05,1,X44 X51,0.994111111111,0.00182853778933,0.994111111111,0.00182853778933
1.44543977075e-05,1.44543977075e-05,1.44543977075e-05,1.44543977075e-05,1.44543977075e-05,1.44543977075e-05,1.44543977075e-05,1.44543977075e-05,1.44543977075e-05,1.44543977075e-05,1.44543977075e-05,1.44543977075e-05,1.44543977075e-05,1.44543977075e-05,1.44543977075e-05,1.44543977075e-05,1.44543977075e-05,1.44543977075e-05,1,X45 X52,0.993777777778,0.00170941349834,0.993777777778,0.00170941349834
1.44543977075e-05,1.44543977075e-05,1.44543977075e-05,1.44543977075e-05,1.44543977075e-05,1.44543977075e-05,1.44543977075e-05,1.44543977075e-05,1.44543977075e-05,1.44543977075e-05,1.44543977075e-05,1.44543977075e-05,1.44543977075e-05,1.44543977075e-05,1.44543977075e-05,1.44543977075e-05,1.44543977075e-05,1.44543977075e-05,1,X46 X53,0.994355555556,0.00222650927473,0.994355555556,0.00222650927473
1.44543977075e-05,1.44543977075e-05,1.44543977075e-05,1.44543977075e-05,1.44543977075e-05,1.44543977075e-05,1.44543977075e-05,1.44543977075e-05,1.44543977075e-05,1.44543977075e-05,1.44543977075e-05,1.44543977075e-05,1.44543977075e-05,1.44543977075e-05,1.44543977075e-05,1.44543977075e-05,1.44543977075e-05,1.44543977075e-05,1,X47 X54,0.994511111111,0.00188304256393,0.994511111111,0.00188304256393
1.44543977075e-05,1.44543977075e-05,1.44543977075e-05,1.44543977075e-05,1.44543977075e-05,1.44543977075e-05,1.44543977075e-05,1.44543977075e-05,1.44543977075e-05,1.44543977075e-05,1.44543977075e-05,1.44543977075e-05,1.44543977075e-05,1.44543977075e-05,1.44543977075e-05,1.44543977075e-05,1.44543977075e-05,1.44543977075e-05,1,X48 X55,0.994266666667,0.0019146541158,0.994266666667,0.0019146541158
1.44543977075e-05,1.44543977075e-05,1.44543977075e-05,1.44543977075e-05,1.44543977075e-05,1.44543977075e-05,1.44543977075e-05,1.44543977075e-05,1.44543977075e-05,1.44543977075e-05,1.44543977075e-05,1.44543977075e-05,1.44543977075e-05,1.44543977075e-05,1.44543977075e-05,1.44543977075e-05,1.44543977075e-05,1.44543977075e-05,1,X49 Y56 Z62,0.990066666667,0.00280858017606,0.990066666667,0.00280858017606
1.44543977075e-05,1.44543977075e-05,1.44543977075e-05,1.44543977075e-05,1.44543977075e-05,1.44543977075e-05,1.44543977075e-05,1.44543977075e-05,1.44543977075e-05,1.44543977075e-05,1.44543977075e-05,1.44543977075e-05,1.44543977075e-05,1.44543977075e-05,1.44543977075e-05,1.44543977075e-05,1.44543977075e-05,1.44543977075e-05,1,X5 Z7 Y8 Y10 Z11 X14,0.983466666667,0.00345035952372,0.983466666667,0.00345035952372
1.44543977075e-05,1.44543977075e-05,1.44543977075e-05,1.44543977075e-05,1.44543977075e-05,1.44543977075e-05,1.44543977075e-05,1.44543977075e-05,1.44543977075e-05,1.44543977075e-05,1.44543977075e-05,1.44543977075e-05,1.44543977075e-05,1.44543977075e-05,1.44543977075e-05,1.44543977075e-05,1.44543977075e-05,1.44543977075e-05,1,X50 Z56 Y57 Y62 Z63 X68,0.983155555556,0.00360048244249,0.983155555556,0.00360048244249
1.44543977075e-05,1.44543977075e-05,1.44543977075e-05,1.44543977075e-05,1.44543977075e-05,1.44543977075e-05,1.44543977075e-05,1.44543977075e-05,1.44543977075e-05,1.44543977075e-05,1.44543977075e-05,1.44543977075e-05,1.44543977075e-05,1.44543977075e-05,1.44543977075e-05,1.44543977075e-05,1.44543977075e-05,1.44543977075e-05,1,X51 Z57 Y58 Y63 Z64 X69,0.982466666667,0.00361838642305,0.982466666667,0.00361838642305
1.44543977075e-05,1.44543977075e-05,1.44543977075e-05,1.44543977075e-05,1.44543977075e-05,1.44543977075e-05,1.44543977075e-05,1.44543977075e-05,1.44543977075e-05,1.44543977075e-05,1.44543977075e-05,1.44543977075e-05,1.44543977075e-05,1.44543977075e-05,1.44543977075e-05,1.44543977075e-05,1.44543977075e-05,1.44543977075e-05,1,X52 Z58 Y59 Y64 Z65 X70,0.984444444444,0.00315783199956,0.984444444444,0.00315783199956
1.44543977075e-05,1.44543977075e-05,1.44543977075e-05,1.44543977075e-05,1.44543977075e-05,1.44543977075e-05,1.44543977075e-05,1.44543977075e-05,1.44543977075e-05,1.44543977075e-05,1.44543977075e-05,1.44543977075e-05,1.44543977075e-05,1.44543977075e-05,1.44543977075e-05,1.44543977075e-05,1.44543977075e-05,1.44543977075e-05,1,X53 Z59 Y60 Y65 Z66 X71,0.983533333333,0.00391930089942,0.983533333333,0.00391930089942
1.44543977075e-05,1.44543977075e-05,1.44543977075e-05,1.44543977075e-05,1.44543977075e-05,1.44543977075e-05,1.44543977075e-05,1.44543977075e-05,1.44543977075e-05,1.44543977075e-05,1.44543977075e-05,1.44543977075e-05,1.44543977075e-05,1.44543977075e-05,1.44543977075e-05,1.44543977075e-05,1.44543977075e-05,1.44543977075e-05,1,X54 Z60 Y61 Y66 Z67 X72,0.984177777778,0.00344828607917,0.984177777778,0.00344828607917
1.44543977075e-05,1.44543977075e-05,1.44543977075e-05,1.44543977075e-05,1.44543977075e-05,1.44543977075e-05,1.44543977075e-05,1.44543977075e-05,1.44543977075e-05,1.44543977075e-05,1.44543977075e-05,1.44543977075e-05,1.44543977075e-05,1.44543977075e-05,1.44543977075e-05,1.44543977075e-05,1.44543977075e-05,1.44543977075e-05,1,X56 X62,0.994688888889,0.00216897901955,0.994688888889,0.00216897901955
1.44543977075e-05,1.44543977075e-05,1.44543977075e-05,1.44543977075e-05,1.44543977075e-05,1.44543977075e-05,1.44543977075e-05,1.44543977075e-05,1.44543977075e-05,1.44543977075e-05,1.44543977075e-05,1.44543977075e-05,1.44543977075e-05,1.44543977075e-05,1.44543977075e-05,1.44543977075e-05,1.44543977075e-05,1.44543977075e-05,1,X57 X63,0.994688888889,0.00196898039105,0.994688888889,0.00196898039105
1.44543977075e-05,1.44543977075e-05,1.44543977075e-05,1.44543977075e-05,1.44543977075e-05,1.44543977075e-05,1.44543977075e-05,1.44543977075e-05,1.44543977075e-05,1.44543977075e-05,1.44543977075e-05,1.44543977075e-05,1.44543977075e-05,1.44543977075e-05,1.44543977075e-05,1.44543977075e-05,1.44543977075e-05,1.44543977075e-05,1,X58 X64,0.994533333333,0.00222421366707,0.994533333333,0.00222421366707
1.44543977075e-05,1.44543977075e-05,1.44543977075e-05,1.44543977075e-05,1.44543977075e-05,1.44543977075e-05,1.44543977075e-05,1.44543977075e-05,1.44543977075e-05,1.44543977075e-05,1.44543977075e-05,1.44543977075e-05,1.44543977075e-05,1.44543977075e-05,1.44543977075e-05,1.44543977075e-05,1.44543977075e-05,1.44543977075e-05,1,X59 X65,0.994288888889,0.0018083106007,0.994288888889,0.0018083106007
1.44543977075e-05,1.44543977075e-05,1.44543977075e-05,1.44543977075e-05,1.44543977075e-05,1.44543977075e-05,1.44543977075e-05,1.44543977075e-05,1.44543977075e-05,1.44543977075e-05,1.44543977075e-05,1.44543977075e-05,1.44543977075e-05,1.44543977075e-05,1.44543977075e-05,1.44543977075e-05,1.44543977075e-05,1.44543977075e-05,1,X6 X9,0.994355555556,0.00171299592664,0.994355555556,0.00171299592664
1.44543977075e-05,1.44543977075e-05,1.44543977075e-05,1.44543977075e-05,1.44543977075e-05,1.44543977075e-05,1.44543977075e-05,1.44543977075e-05,1.44543977075e-05,1.44543977075e-05,1.44543977075e-05,1.44543977075e-05,1.44543977075e-05,1.44543977075e-05,1.44543977075e-05,1.44543977075e-05,1.44543977075e-05,1.44543977075e-05,1,X60 X66,0.994133333333,0.00223795199206,0.994133333333,0.00223795199206
1.44543977075e-05,1.44543977075e-05,1.44543977075e-05,1.44543977075e-05,1.44543977075e-05,1.44543977075e-05,1.44543977075e-05,1.44543977075e-05,1.44543977075e-05,1.44543977075e-05,1.44543977075e-05,1.44543977075e-05,1.44543977075e-05,1.44543977075e-05,1.44543977075e-05,1.44543977075e-05,1.44543977075e-05,1.44543977075e-05,1,X61 X67,0.994177777778,0.00159437068461,0.994177777778,0.00159437068461
1.44543977075e-05,1.44543977075e-05,1.44543977075e-05,1.44543977075e-05,1.44543977075e-05,1.44543977075e-05,1.44543977075e-05,1.44543977075e-05,1.44543977075e-05,1.44543977075e-05,1.44543977075e-05,1.44543977075e-05,1.44543977075e-05,1.44543977075e-05,1.44543977075e-05,1.44543977075e-05,1.44543977075e-05,1.44543977075e-05,1,X63 Z68 Y69 Y73 Z74 X78,0.983155555556,0.00354903616869,0.983155555556,0.00354903616869
1.44543977075e-05,1.44543977075e-05,1.44543977075e-05,1.44543977075e-05,1.44543977075e-05,1.44543977075e-05,1.44543977075e-05,1.44543977075e-05,1.44543977075e-05,1.44543977075e-05,1.44543977075e-05,1.44543977075e-05,1.44543977075e-05,1.44543977075e-05,1.44543977075e-05,1.44543977075e-05,1.44543977075e-05,1.44543977075e-05,1,X64 Z69 Y70 Y74 Z75 X79,0.983911111111,0.00375385710534,0.983911111111,0.00375385710534
1.44543977075e-05,1.44543977075e-05,1.44543977075e-05,1.44543977075e-05,1.44543977075e-05,1.44543977075e-05,1.44543977075e-05,1.44543977075e-05,1.44543977075e-05,1.44543977075e-05,1.44543977075e-05,1.44543977075e-05,1.44543977075e-05,1.44543977075e-05,1.44543977075e-05,1.44543977075e-05,1.44543977075e-05,1.44543977075e-05,1,X65 Z70 Y71 Y75 Z76 X80,0.9832,0.00298861184604,0.9832,0.00298861184604
1.44543977075e-05,1.44543977075e-05,1.44543977075e-05,1.44543977075e-05,1.44543977075e-05,1.44543977075e-05,1.44543977075e-05,1.44543977075e-05,1.44543977075e-05,1.44543977075e-05,1.44543977075e-05,1.44543977075e-05,1.44543977075e-05,1.44543977075e-05,1.44543977075e-05,1.44543977075e-05,1.44543977075e-05,1.44543977075e-05,1,X66 Z71 Y72 Y76 Z77 X81,0.983777777778,0.00303407636893,0.983777777778,0.00303407636893
1.44543977075e-05,1.44543977075e-05,1.44543977075e-05,1.44543977075e-05,1.44543977075e-05,1.44543977075e-05,1.44543977075e-05,1.44543977075e-05,1.44543977075e-05,1.44543977075e-05,1.44543977075e-05,1.44543977075e-05,1.44543977075e-05,1.44543977075e-05,1.44543977075e-05,1.44543977075e-05,1.44543977075e-05,1.44543977075e-05,1,X67 Z72 Y77,0.989444444444,0.00216615083751,0.989444444444,0.00216615083751
1.44543977075e-05,1.44543977075e-05,1.44543977075e-05,1.44543977075e-05,1.44543977075e-05,1.44543977075e-05,1.44543977075e-05,1.44543977075e-05,1.44543977075e-05,1.44543977075e-05,1.44543977075e-05,1.44543977075e-05,1.44543977075e-05,1.44543977075e-05,1.44543977075e-05,1.44543977075e-05,1.44543977075e-05,1.44543977075e-05,1,X68 X73,0.993844444444,0.00188304256393,0.993844444444,0.00188304256393
1.44543977075e-05,1.44543977075e-05,1.44543977075e-05,1.44543977075e-05,1.44543977075e-05,1.44543977075e-05,1.44543977075e-05,1.44543977075e-05,1.44543977075e-05,1.44543977075e-05,1.44543977075e-05,1.44543977075e-05,1.44543977075e-05,1.44543977075e-05,1.44543977075e-05,1.44543977075e-05,1.44543977075e-05,1.44543977075e-05,1,X69 X74,0.994644444444,0.00254602587674,0.994644444444,0.00254602587674
1.44543977075e-05,1.44543977075e-05,1.44543977075e-05,1.44543977075e-05,1.44543977075e-05,1.44543977075e-05,1.44543977075e-05,1.44543977075e-05,1.44543977075e-05,1.44543977075e-05,1.44543977075e-05,1.44543977075e-05,1.44543977075e-05,1.44543977075e-05,1.44543977075e-05,1.44543977075e-05,1.44543977075e-05,1.44543977075e-05,1,X7 X10,0.994133333333,0.00221731258414,0.994133333333,0.00221731258414
1.44543977075e-05,1.44543977075e-05,1.44543977075e-05,1.44543977075e-05,1.44543977075e-05,1.44543977075e-05,1.44543977075e-05,1.44543977075e-05,1.44543977075e-05,1.44543977075e-05,1.44543977075e-05,1.44543977075e-05,1.44543977075e-05,1.44543977075e-05,1.44543977075e-05,1.44543977075e-05,1.44543977075e-05,1.44543977075e-05,1,X70 X75,0.9946,0.00188032767993,0.9946,0.00188032767993
1.44543977075e-05,1.44543977075e-05,1.44543977075e-05,1.44543977075e-05,1.44543977075e-05,1.44543977075e-05,1.44543977075e-05,1.44543977075e-05,1.44543977075e-05,1.44543977075e-05,1.44543977075e-05,1.44543977075e-05,1.44543977075e-05,1.44543977075e-05,1.44543977075e-05,1.44543977075e-05,1.44543977075e-05,1.44543977075e-05,1,X71 X76,0.994444444444,0.00204421121442,0.994444444444,0.00204421121442
1.44543977075e-05,1.44543977075e-05,1.44543977075e-05,1.44543977075e-05,1.44543977075e-05,1.44543977075e-05,1.44543977075e-05,1.44543977075e-05,1.44543977075e-05,1.44543977075e-05,1.44543977075e-05,1.44543977075e-05,1.44543977075e-05,1.44543977075e-05,1.44543977075e-05,1.44543977075e-05,1.44543977075e-05,1.44543977075e-05,1,X72 X77,0.994044444444,0.0019252970778,0.994044444444,0.0019252970778
1.44543977075e-05,1.44543977075e-05,1.44543977075e-05,1.44543977075e-05,1.44543977075e-05,1.44543977075e-05,1.44543977075e-05,1.44543977075e-05,1.44543977075e-05,1.44543977075e-05,1.44543977075e-05,1.44543977075e-05,1.44543977075e-05,1.44543977075e-05,1.44543977075e-05,1.44543977075e-05,1.44543977075e-05,1.44543977075e-05,1,X73 Y78 Z82,0.9894,0.0033828505969,0.9894,0.0033828505969
1.44543977075e-05,1.44543977075e-05,1.44543977075e-05,1.44543977075e-05,1.44543977075e-05,1.44543977075e-05,1.44543977075e-05,1.44543977075e-05,1.44543977075e-05,1.44543977075e-05,1.44543977075e-05,1.44543977075e-05,1.44543977075e-05,1.44543977075e-05,1.44543977075e-05,1.44543977075e-05,1.44543977075e-05,1.44543977075e-05,1,X74 Z78 Y79 Y82 Z83 X86,0.983577777778,0.00302977982247,0.983577777778,0.00302977982247
1.44543977075e-05,1.44543977075e-05,1.44543977075e-05,1.44543977075e-05,1.44543977075e-05,1.44543977075e-05,1.44543977075e-05,1.44543977075e-05,1.44543977075e-05,1.44543977075e-05,1.44543977075e-05,1.44543977075e-05,1.44543977075e-05,1.44543977075e-05,1.44543977075e-05,1.44543977075e-05,1.44543977075e-05,1.44543977075e-05,1,X75 Z79 Y80 Y83 Z84 X87,0.984466666667,0.00328073442857,0.984466666667,0.00328073442857
1.44543977075e-05,1.44543977075e-05,1.44543977075e-05,1.44543977075e-05,1.44543977075e-05,1.44543977075e-05,1.44543977075e-05,1.44543977075e-05,1.44543977075e-05,1.44543977075e-05,1.44543977075e-05,1.44543977075e-05,1.44543977075e-05,1.44543977075e-05,1.44543977075e-05,1.44543977075e-05,1.44543977075e-05,1.44543977075e-05,1,X76 Z80 Y81 Y84 Z85 X88,0.983577777778,0.00380152553904,0.983577777778,0.00380152553904
1.44543977075e-05,1.44543977075e-05,1.44543977075e-05,1.44543977075e-05,1.44543977075e-05,1.44543977075e-05,1.44543977075e-05,1.44543977075e-05,1.44543977075e-05,1.44543977075e-05,1.44543977075e-05,1.44543977075e-05,1.44543977075e-05,1.44543977075e-05,1.44543977075e-05,1.44543977075e-05,1.44543977075e-05,1.44543977075e-05,1,X78 X82,0.994644444444,0.00193759604055,0.994644444444,0.00193759604055
1.44543977075e-05,1.44543977075e-05,1.44543977075e-05,1.44543977075e-05,1.44543977075e-05,1.44543977075e-05,1.44543977075e-05,1.44543977075e-05,1.44543977075e-05,1.44543977075e-05,1.44543977075e-05,1.44543977075e-05,1.44543977075e-05,1.44543977075e-05,1.44543977075e-05,1.44543977075e-05,1.44543977075e-05,1.44543977075e-05,1,X79 X83,0.994133333333,0.00171895004931,0.994133333333,0.00171895004931
1.44543977075e-05,1.44543977075e-05,1.44543977075e-05,1.44543977075e-05,1.44543977075e-05,1.44543977075e-05,1.44543977075e-05,1.44543977075e-05,1.44543977075e-05,1.44543977075e-05,1.44543977075e-05,1.44543977075e-05,1.44543977075e-05,1.44543977075e-05,1.44543977075e-05,1.44543977075e-05,1.44543977075e-05,1.44543977075e-05,1,X8 X11,0.994511111111,0.00152308754106,0.994511111111,0.00152308754106
1.44543977075e-05,1.44543977075e-05,1.44543977075e-05,1.44543977075e-05,1.44543977075e-05,1.44543977075e-05,1.44543977075e-05,1.44543977075e-05,1.44543977075e-05,1.44543977075e-05,1.44543977075e-05,1.44543977075e-05,1.44543977075e-05,1.44543977075e-05,1.44543977075e-05,1.44543977075e-05,1.44543977075e-05,1.44543977075e-05,1,X80 X84,0.994355555556,0.00159244705147,0.994355555556,0.00159244705147
1.44543977075e-05,1.44543977075e-05,1.44543977075e-05,1.44543977075e-05,1.44543977075e-05,1.44543977075e-05,1.44543977075e-05,1.44543977075e-05,1.44543977075e-05,1.44543977075e-05,1.44543977075e-05,1.44543977075e-05,1.44543977075e-05,1.44543977075e-05,1.44543977075e-05,1.44543977075e-05,1.44543977075e-05,1.44543977075e-05,1,X81 X85,0.994733333333,0.00213957420478,0.994733333333,0.00213957420478
1.44543977075e-05,1.44543977075e-05,1.44543977075e-05,1.44543977075e-05,1.44543977075e-05,1.44543977075e-05,1.44543977075e-05,1.44543977075e-05,1.44543977075e-05,1.44543977075e-05,1.44543977075e-05,1.44543977075e-05,1.44543977075e-05,1.44543977075e-05,1.44543977075e-05,1.44543977075e-05,1.44543977075e-05,1.44543977075e-05,1,X83 Z86 Y87 Y89 Z90 X92,0.983422222222,0.00270508720879,0.983422222222,0.00270508720879
1.44543977075e-05,1.44543977075e-05,1.44543977075e-05,1.44543977075e-05,1.44543977075e-05,1.44543977075e-05,1.44543977075e-05,1.44543977075e-05,1.44543977075e-05,1.44543977075e-05,1.44543977075e-05,1.44543977075e-05,1.44543977075e-05,1.44543977075e-05,1.44543977075e-05,1.44543977075e-05,1.44543977075e-05,1.44543977075e-05,1,X84 Z87 Y88 Y90 Z91 X93,0.9826,0.00348549264866,0.9826,0.00348549264866
1.44543977075e-05,1.44543977075e-05,1.44543977075e-05,1.44543977075e-05,1.44543977075e-05,1.44543977075e-05,1.44543977075e-05,1.44543977075e-05,1.44543977075e-05,1.44543977075e-05,1.44543977075e-05,1.44543977075e-05,1.44543977075e-05,1.44543977075e-05,1.44543977075e-05,1.44543977075e-05,1.44543977075e-05,1.44543977075e-05,1,X85 Z88 Y91,0.988511111111,0.0027441799553,0.988511111111,0.0027441799553
1.44543977075e-05,1.44543977075e-05,1.44543977075e-05,1.44543977075e-05,1.44543977075e-05,1.44543977075e-05,1.44543977075e-05,1.44543977075e-05,1.44543977075e-05,1.44543977075e-05,1.44543977075e-05,1.44543977075e-05,1.44543977075e-05,1.44543977075e-05,1.44543977075e-05,1.44543977075e-05,1.44543977075e-05,1.44543977075e-05,1,X86 X89,0.994177777778,0.00204121016869,0.994177777778,0.00204121016869
1.44543977075e-05,1.44543977075e-05,1.44543977075e-05,1.44543977075e-05,1.44543977075e-05,1.44543977075e-05,1.44543977075e-05,1.44543977075e-05,1.44543977075e-05,1.44543977075e-05,1.44543977075e-05,1.44543977075e-05,1.44543977075e-05,1.44543977075e-05,1.44543977075e-05,1.44543977075e-05,1.44543977075e-05,1.44543977075e-05,1,X87 X90,0.994755555556,0.00159244705147,0.994755555556,0.00159244705147
1.44543977075e-05,1.44543977075e-05,1.44543977075e-05,1.44543977075e-05,1.44543977075e-05,1.44543977075e-05,1.44543977075e-05,1.44543977075e-05,1.44543977075e-05,1.44543977075e-05,1.44543977075e-05,1.44543977075e-05,1.44543977075e-05,1.44543977075e-05,1.44543977075e-05,1.44543977075e-05,1.44543977075e-05,1.44543977075e-05,1,X88 X91,0.994666666667,0.00166090959707,0.994666666667,0.00166090959707
1.44543977075e-05,1.44543977075e-05,1.44543977075e-05,1.44543977075e-05,1.44543977075e-05,1.44543977075e-05,1.44543977075e-05,1.44543977075e-05,1.44543977075e-05,1.44543977075e-05,1.44543977075e-05,1.44543977075e-05,1.44543977075e-05,1.44543977075e-05,1.44543977075e-05,1.44543977075e-05,1.44543977075e-05,1.44543977075e-05,1,X89 Y92 Z94,0.988355555556,0.00259521122998,0.988355555556,0.00259521122998
1.44543977075e-05,1.44543977075e-05,1.44543977075e-05,1.44543977075e-05,1.44543977075e-05,1.44543977075e-05,1.44543977075e-05,1.44543977075e-05,1.44543977075e-05,1.44543977075e-05,1.44543977075e-05,1.44543977075e-05,1.44543977075e-05,1.44543977075e-05,1.44543977075e-05,1.44543977075e-05,1.44543977075e-05,1.44543977075e-05,1,X9 Z12 Y13 Y16 Z17 X21,0.981955555556,0.00401885721098,0.981955555556,0.00401885721098
1.44543977075e-05,1.44543977075e-05,1.44543977075e-05,1.44543977075e-05,1.44543977075e-05,1.44543977075e-05,1.44543977075e-05,1.44543977075e-05,1.44543977075e-05,1.44543977075e-05,1.44543977075e-05,1.44543977075e-05,1.44543977075e-05,1.44543977075e-05,1.44543977075e-05,1.44543977075e-05,1.44543977075e-05,1.44543977075e-05,1,X90 Z92 Y93 Y94 Z95 X96,0.983488888889,0.00319809969118,0.983488888889,0.00319809969118
1.44543977075e-05,1.44543977075e-05,1.44543977075e-05,1.44543977075e-05,1.44543977075e-05,1.44543977075e-05,1.44543977075e-05,1.44543977075e-05,1.44543977075e-05,1.44543977075e-05,1.44543977075e-05,1.44543977075e-05,1.44543977075e-05,1.44543977075e-05,1.44543977075e-05,1.44543977075e-05,1.44543977075e-05,1.44543977075e-05,1,X92 X94,0.994444444444,0.00202916160203,0.994444444444,0.00202916160203
1.44543977075e-05,1.44543977075e-05,1.44543977075e-05,1.44543977075e-05,1.44543977075e-05,1.44543977075e-05,1.44543977075e-05,1.44543977075e-05,1.44543977075e-05,1.44543977075e-05,1.44543977075e-05,1.44543977075e-05,1.44543977075e-05,1.44543977075e-05,1.44543977075e-05,1.44543977075e-05,1.44543977075e-05,1.44543977075e-05,1,X93 X95,0.994511111111,0.00179981551488,0.994511111111,0.00179981551488
1.44543977075e-05,1.44543977075e-05,1.44543977075e-05,1.44543977075e-05,1.44543977075e-05,1.44543977075e-05,1.44543977075e-05,1.44543977075e-05,1.44543977075e-05,1.44543977075e-05,1.44543977075e-05,1.44543977075e-05,1.44543977075e-05,1.44543977075e-05,1.44543977075e-05,1.44543977075e-05,1.44543977075e-05,1.44543977075e-05,1,X95 Z96 Y97,0.9884,0.00263544946256,0.9884,0.00263544946256
1.44543977075e-05,1.44543977075e-05,1.44543977075e-05,1.44543977075e-05,1.44543977075e-05,1.44543977075e-05,1.44543977075e-05,1.44543977075e-05,1.44543977075e-05,1.44543977075e-05,1.44543977075e-05,1.44543977075e-05,1.44543977075e-05,1.44543977075e-05,1.44543977075e-05,1.44543977075e-05,1.44543977075e-05,1.44543977075e-05,1,X96 X97,0.995044444444,0.00176542644243,0.995044444444,0.00176542644243
1.44543977075e-05,1.44543977075e-05,1.44543977075e-05,1.44543977075e-05,1.44543977075e-05,1.44543977075e-05,1.44543977075e-05,1.44543977075e-05,1.44543977075e-05,1.44543977075e-05,1.44543977075e-05,1.44543977075e-05,1.44543977075e-05,1.44543977075e-05,1.44543977075e-05,1.44543977075e-05,1.44543977075e-05,1.44543977075e-05,1,Y0 Z1 X2,0.988355555556,0.00287002387395,0.988355555556,0.00287002387395
1.44543977075e-05,1.44543977075e-05,1.44543977075e-05,1.44543977075e-05,1.44543977075e-05,1.44543977075e-05,1.44543977075e-05,1.44543977075e-05,1.44543977075e-05,1.44543977075e-05,1.44543977075e-05,1.44543977075e-05,1.44543977075e-05,1.44543977075e-05,1.44543977075e-05,1.44543977075e-05,1.44543977075e-05,1.44543977075e-05,1,Y20 Z25 X30,0.988155555556,0.0029331417562,0.988155555556,0.0029331417562
1.44543977075e-05,1.44543977075e-05,1.44543977075e-05,1.44543977075e-05,1.44543977075e-05,1.44543977075e-05,1.44543977075e-05,1.44543977075e-05,1.44543977075e-05,1.44543977075e-05,1.44543977075e-05,1.44543977075e-05,1.44543977075e-05,1.44543977075e-05,1.44543977075e-05,1.44543977075e-05,1.44543977075e-05,1.44543977075e-05,1,Y6 Z9 X12,0.988933333333,0.0021978742778,0.988933333333,0.0021978742778
1.44543977075e-05,1.44543977075e-05,1.44543977075e-05,1.44543977075e-05,1.44543977075e-05,1.44543977075e-05,1.44543977075e-05,1.44543977075e-05,1.44543977075e-05,1.44543977075e-05,1.44543977075e-05,1.44543977075e-05,1.44543977075e-05,1.44543977075e-05,1.44543977075e-05,1.44543977075e-05,1.44543977075e-05,1.44543977075e-05,1,Z15 Y19 X24,0.989933333333,0.00217509413193,0.989933333333,0.00217509413193
1.44543977075e-05,1.44543977075e-05,1.44543977075e-05,1.44543977075e-05,1.44543977075e-05,1.44543977075e-05,1.44543977075e-05,1.44543977075e-05,1.44543977075e-05,1.44543977075e-05,1.44543977075e-05,1.44543977075e-05,1.44543977075e-05,1.44543977075e-05,1.44543977075e-05,1.44543977075e-05,1.44543977075e-05,1.44543977075e-05,1,Z3 Y5 X8,0.989466666667,0.00306456699735,0.989466666667,0.00306456699735
1.44543977075e-05,1.44543977075e-05,1.44543977075e-05,1.44543977075e-05,1.44543977075e-05,1.44543977075e-05,1.44543977075e-05,1.44543977075e-05,1.44543977075e-05,1.44543977075e-05,1.44543977075e-05,1.44543977075e-05,1.44543977075e-05,1.44543977075e-05,1.44543977075e-05,1.44543977075e-05,1.44543977075e-05,1.44543977075e-05,1,Z35 Y41 X48,0.988288888889,0.00251087036448,0.988288888889,0.00251087036448
1.44543977075e-05,1.44543977075e-05,1.44543977075e-05,1.44543977075e-05,1.44543977075e-05,1.44543977075e-05,1.44543977075e-05,1.44543977075e-05,1.44543977075e-05,1.44543977075e-05,1.44543977075e-05,1.44543977075e-05,1.44543977075e-05,1.44543977075e-05,1.44543977075e-05,1.44543977075e-05,1.44543977075e-05,1.44543977075e-05,5,Logical X,0.993844444444,0.00237924185957,0.994266666667,0.00197765292989
1.44543977075e-05,1.44543977075e-05,1.44543977075e-05,1.44543977075e-05,1.44543977075e-05,1.44543977075e-05,1.44543977075e-05,1.44543977075e-05,1.44543977075e-05,1.44543977075e-05,1.44543977075e-05,1.44543977075e-05,1.44543977075e-05,1.44543977075e-05,1.44543977075e-05,1.44543977075e-05,1.44543977075e-05,1.44543977075e-05,5,Logical Y,0.0121777777778,0.0110574027606,0.0014,0.0130584891136
1.44543977075e-05,1.44543977075e-05,1.44543977075e-05,1.44543977075e-05,1.44543977075e-05,1.44543977075e-05,1.44543977075e-05,1.44543977075e-05,1.44543977075e-05,1.44543977075e-05,1.44543977075e-05,1.44543977075e-05,1.44543977075e-05,1.44543977075e-05,1.44543977075e-05,1.44543977075e-05,1.44543977075e-05,1.44543977075e-05,5,Logical Z,0.0125111111111,0.0114653345034,0.00482222222222,0.0197995188094
1.44543977075e-05,1.44543977075e-05,1.44543977075e-05,1.44543977075e-05,1.44543977075e-05,1.44543977075e-05,1.44543977075e-05,1.44543977075e-05,1.44543977075e-05,1.44543977075e-05,1.44543977075e-05,1.44543977075e-05,1.44543977075e-05,1.44543977075e-05,1.44543977075e-05,1.44543977075e-05,1.44543977075e-05,1.44543977075e-05,5,X0 X1,0.995044444444,0.00190730262952,0.995044444444,0.00190730262952
1.44543977075e-05,1.44543977075e-05,1.44543977075e-05,1.44543977075e-05,1.44543977075e-05,1.44543977075e-05,1.44543977075e-05,1.44543977075e-05,1.44543977075e-05,1.44543977075e-05,1.44543977075e-05,1.44543977075e-05,1.44543977075e-05,1.44543977075e-05,1.44543977075e-05,1.44543977075e-05,1.44543977075e-05,1.44543977075e-05,5,X1 Z2 Y3 Y4 Z5 X7,0.9834,0.0032629347672,0.9834,0.0032629347672
1.44543977075e-05,1.44543977075e-05,1.44543977075e-05,1.44543977075e-05,1.44543977075e-05,1.44543977075e-05,1.44543977075e-05,1.44543977075e-05,1.44543977075e-05,1.44543977075e-05,1.44543977075e-05,1.44543977075e-05,1.44543977075e-05,1.44543977075e-05,1.44543977075e-05,1.44543977075e-05,1.44543977075e-05,1.44543977075e-05,5,X10 Z13 Y14 Y17 Z18 X22,0.982511111111,0.00448986370812,0.982511111111,0.00448986370812
1.44543977075e-05,1.44543977075e-05,1.44543977075e-05,1.44543977075e-05,1.44543977075e-05,1.44543977075e-05,1.44543977075e-05,1.44543977075e-05,1.44543977075e-05,1.44543977075e-05,1.44543977075e-05,1.44543977075e-05,1.44543977075e-05,1.44543977075e-05,1.44543977075e-05,1.44543977075e-05,1.44543977075e-05,1.44543977075e-05,5,X11 Z14 Y15 Y18 Z19 X23,0.982755555556,0.00324117822261,0.982755555556,0.00324117822261
1.44543977075e-05,1.44543977075e-05,1.44543977075e-05,1.44543977075e-05,1.44543977075e-05,1.44543977075e-05,1.44543977075e-05,1.44543977075e-05,1.44543977075e-05,1.44543977075e-05,1.44543977075e-05,1.44543977075e-05,1.44543977075e-05,1.44543977075e-05,1.44543977075e-05,1.44543977075e-05,1.44543977075e-05,1.44543977075e-05,5,X12 X16,0.994,0.00217262663921,0.994,0.00217262663921
1.44543977075e-05,1.44543977075e-05,1.44543977075e-05,1.44543977075e-05,1.44543977075e-05,1.44543977075e-05,1.44543977075e-05,1.44543977075e-05,1.44543977075e-05,1.44543977075e-05,1.44543977075e-05,1.44543977075e-05,1.44543977075e-05,1.44543977075e-05,1.44543977075e-05,1.44543977075e-05,1.44543977075e-05,1.44543977075e-05,5,X13 X17,0.9942,0.00213096132499,0.9942,0.00213096132499
1.44543977075e-05,1.44543977075e-05,1.44543977075e-05,1.44543977075e-05,1.44543977075e-05,1.44543977075e-05,1.44543977075e-05,1.44543977075e-05,1.44543977075e-05,1.44543977075e-05,1.44543977075e-05,1.44543977075e-05,1.44543977075e-05,1.44543977075e-05,1.44543977075e-05,1.44543977075e-05,1.44543977075e-05,1.44543977075e-05,5,X14 X18,0.994288888889,0.00171254853293,0.994288888889,0.00171254853293
1.44543977075e-05,1.44543977075e-05,1.44543977075e-05,1.44543977075e-05,1.44543977075e-05,1.44543977075e-05,1.44543977075e-05,1.44543977075e-05,1.44543977075e-05,1.44543977075e-05,1.44543977075e-05,1.44543977075e-05,1.44543977075e-05,1.44543977075e-05,1.44543977075e-05,1.44543977075e-05,1.44543977075e-05,1.44543977075e-05,5,X15 X19,0.993644444444,0.00214231824398,0.993644444444,0.00214231824398
1.44543977075e-05,1.44543977075e-05,1.44543977075e-05,1.44543977075e-05,1.44543977075e-05,1.44543977075e-05,1.44543977075e-05,1.44543977075e-05,1.44543977075e-05,1.44543977075e-05,1.44543977075e-05,1.44543977075e-05,1.44543977075e-05,1.44543977075e-05,1.44543977075e-05,1.44543977075e-05,1.44543977075e-05,1.44543977075e-05,5,X16 Z20 Y21 Y25 Z26 X31,0.982133333333,0.00352940575463,0.982133333333,0.00352940575463
1.44543977075e-05,1.44543977075e-05,1.44543977075e-05,1.44543977075e-05,1.44543977075e-05,1.44543977075e-05,1.44543977075e-05,1.44543977075e-05,1.44543977075e-05,1.44543977075e-05,1.44543977075e-05,1.44543977075e-05,1.44543977075e-05,1.44543977075e-05,1.44543977075e-05,1.44543977075e-05,1.44543977075e-05,1.44543977075e-05,5,X17 Z21 Y22 Y26 Z27 X32,0.9826,0.00318689846702,0.9826,0.00318689846702
1.44543977075e-05,1.44543977075e-05,1.44543977075e-05,1.44543977075e-05,1.44543977075e-05,1.44543977075e-05,1.44543977075e-05,1.44543977075e-05,1.44543977075e-05,1.44543977075e-05,1.44543977075e-05,1.44543977075e-05,1.44543977075e-05,1.44543977075e-05,1.44543977075e-05,1.44543977075e-05,1.44543977075e-05,1.44543977075e-05,5,X18 Z22 Y23 Y27 Z28 X33,0.983822222222,0.00349683308649,0.983822222222,0.00349683308649
1.44543977075e-05,1.44543977075e-05,1.44543977075e-05,1.44543977075e-05,1.44543977075e-05,1.44543977075e-05,1.44543977075e-05,1.44543977075e-05,1.44543977075e-05,1.44543977075e-05,1.44543977075e-05,1.44543977075e-05,1.44543977075e-05,1.44543977075e-05,1.44543977075e-05,1.44543977075e-05,1.44543977075e-05,1.44543977075e-05,5,X19 Z23 Y24 Y28 Z29 X34,0.983755555556,0.00345072965057,0.983755555556,0.00345072965057
1.44543977075e-05,1.44543977075e-05,1.44543977075e-05,1.44543977075e-05,1.44543977075e-05,1.44543977075e-05,1.44543977075e-05,1.44543977075e-05,1.44543977075e-05,1.44543977075e-05,1.44543977075e-05,1.44543977075e-05,1.44543977075e-05,1.44543977075e-05,1.44543977075e-05,1.44543977075e-05,1.44543977075e-05,1.44543977075e-05,5,X2 X4,0.994555555556,0.00221512275908,0.994555555556,0.00221512275908
1.44543977075e-05,1.44543977075e-05,1.44543977075e-05,1.44543977075e-05,1.44543977075e-05,1.44543977075e-05,1.44543977075e-05,1.44543977075e-05,1.44543977075e-05,1.44543977075e-05,1.44543977075e-05,1.44543977075e-05,1.44543977075e-05,1.44543977075e-05,1.44543977075e-05,1.44543977075e-05,1.44543977075e-05,1.44543977075e-05,5,X20 X25,0.993866666667,0.00224478962484,0.993866666667,0.00224478962484
1.44543977075e-05,1.44543977075e-05,1.44543977075e-05,1.44543977075e-05,1.44543977075e-05,1.44543977075e-05,1.44543977075e-05,1.44543977075e-05,1.44543977075e-05,1.44543977075e-05,1.44543977075e-05,1.44543977075e-05,1.44543977075e-05,1.44543977075e-05,1.44543977075e-05,1.44543977075e-05,1.44543977075e-05,1.44543977075e-05,5,X21 X26,0.994733333333,0.00171850420569,0.994733333333,0.00171850420569
1.44543977075e-05,1.44543977075e-05,1.44543977075e-05,1.44543977075e-05,1.44543977075e-05,1.44543977075e-05,1.44543977075e-05,1.44543977075e-05,1.44543977075e-05,1.44543977075e-05,1.44543977075e-05,1.44543977075e-05,1.44543977075e-05,1.44543977075e-05,1.44543977075e-05,1.44543977075e-05,1.44543977075e-05,1.44543977075e-05,5,X22 X27,0.994955555556,0.00191532103355,0.994955555556,0.00191532103355
1.44543977075e-05,1.44543977075e-05,1.44543977075e-05,1.44543977075e-05,1.44543977075e-05,1.44543977075e-05,1.44543977075e-05,1.44543977075e-05,1.44543977075e-05,1.44543977075e-05,1.44543977075e-05,1.44543977075e-05,1.44543977075e-05,1.44543977075e-05,1.44543977075e-05,1.44543977075e-05,1.44543977075e-05,1.44543977075e-05,5,X23 X28,0.994488888889,0.00184397815276,0.994488888889,0.00184397815276
1.44543977075e-05,1.44543977075e-05,1.44543977075e-05,1.44543977075e-05,1.44543977075e-05,1.44543977075e-05,1.44543977075e-05,1.44543977075e-05,1.44543977075e-05,1.44543977075e-05,1.44543977075e-05,1.44543977075e-05,1.44543977075e-05,1.44543977075e-05,1.44543977075e-05,1.44543977075e-05,1.44543977075e-05,1.44543977075e-05,5,X24 X29,0.994866666667,0.00174329586123,0.994866666667,0.00174329586123
1.44543977075e-05,1.44543977075e-05,1.44543977075e-05,1.44543977075e-05,1.44543977075e-05,1.44543977075e-05,1.44543977075e-05,1.44543977075e-05,1.44543977075e-05,1.44543977075e-05,1.44543977075e-05,1.44543977075e-05,1.44543977075e-05,1.44543977075e-05,1.44543977075e-05,1.44543977075e-05,1.44543977075e-05,1.44543977075e-05,5,X25 Z30 Y31 Y36 Z37 X43,0.9834,0.00335098773109,0.9834,0.00335098773109
1.44543977075e-05,1.44543977075e-05,1.44543977075e-05,1.44543977075e-05,1.44543977075e-05,1.44543977075e-05,1.44543977075e-05,1.44543977075e-05,1.44543977075e-05,1.44543977075e-05,1.44543977075e-05,1.44543977075e-05,1.44543977075e-05,1.44543977075e-05,1.44543977075e-05,1.44543977075e-05,1.44543977075e-05,1.44543977075e-05,5,X26 Z31 Y32 Y37 Z38 X44,0.9832,0.00266321615843,0.9832,0.00266321615843
1.44543977075e-05,1.44543977075e-05,1.44543977075e-05,1.44543977075e-05,1.44543977075e-05,1.44543977075e-05,1.44543977075e-05,1.44543977075e-05,1.44543977075e-05,1.44543977075e-05,1.44543977075e-05,1.44543977075e-05,1.44543977075e-05,1.44543977075e-05,1.44543977075e-05,1.44543977075e-05,1.44543977075e-05,1.44543977075e-05,5,X27 Z32 Y33 Y38 Z39 X45,0.984311111111,0.00267660981508,0.984311111111,0.00267660981508
1.44543977075e-05,1.44543977075e-05,1.44543977075e-05,1.44543977075e-05,1.44543977075e-05,1.44543977075e-05,1.44543977075e-05,1.44543977075e-05,1.44543977075e-05,1.44543977075e-05,1.44543977075e-05,1.44543977075e-05,1.44543977075e-05,1.44543977075e-05,1.44543977075e-05,1.44543977075e-05,1.44543977075e-05,1.44543977075e-05,5,X28 Z33 Y34 Y39 Z40 X46,0.982688888889,0.00372825324865,0.982688888889,0.00372825324865
1.44543977075e-05,1.44543977075e-05,1.44543977075e-05,1.44543977075e-05,1.44543977075e-05,1.44543977075e-05,1.44543977075e-05,1.44543977075e-05,1.44543977075e-05,1.44543977075e-05,1.44543977075e-05,1.44543977075e-05,1.44543977075e-05,1.44543977075e-05,1.44543977075e-05,1.44543977075e-05,1.44543977075e-05,1.44543977075e-05,5,X29 Z34 Y35 Y40 Z41 X47,0.984155555556,0.00200140436007,0.984155555556,0.00200140436007
1.44543977075e-05,1.44543977075e-05,1.44543977075e-05,1.44543977075e-05,1.44543977075e-05,1.44543977075e-05,1.44543977075e-05,1.44543977075e-05,1.44543977075e-05,1.44543977075e-05,1.44543977075e-05,1.44543977075e-05,1.44543977075e-05,1.44543977075e-05,1.44543977075e-05,1.44543977075e-05,1.44543977075e-05,1.44543977075e-05,5,X3 X5,0.995,0.00184245380277,0.995,0.00184245380277
1.44543977075e-05,1.44543977075e-05,1.44543977075e-05,1.44543977075e-05,1.44543977075e-05,1.44543977075e-05,1.44543977075e-05,1.44543977075e-05,1.44543977075e-05,1.44543977075e-05,1.44543977075e-05,1.44543977075e-05,1.44543977075e-05,1.44543977075e-05,1.44543977075e-05,1.44543977075e-05,1.44543977075e-05,1.44543977075e-05,5,X30 X36,0.994177777778,0.0024000851411,0.994177777778,0.0024000851411
1.44543977075e-05,1.44543977075e-05,1.44543977075e-05,1.44543977075e-05,1.44543977075e-05,1.44543977075e-05,1.44543977075e-05,1.44543977075e-05,1.44543977075e-05,1.44543977075e-05,1.44543977075e-05,1.44543977075e-05,1.44543977075e-05,1.44543977075e-05,1.44543977075e-05,1.44543977075e-05,1.44543977075e-05,1.44543977075e-05,5,X31 X37,0.9944,0.00176470287732,0.9944,0.00176470287732
1.44543977075e-05,1.44543977075e-05,1.44543977075e-05,1.44543977075e-05,1.44543977075e-05,1.44543977075e-05,1.44543977075e-05,1.44543977075e-05,1.44543977075e-05,1.44543977075e-05,1.44543977075e-05,1.44543977075e-05,1.44543977075e-05,1.44543977075e-05,1.44543977075e-05,1.44543977075e-05,1.44543977075e-05,1.44543977075e-05,5,X32 X38,0.994155555556,0.00228057486423,0.994155555556,0.00228057486423
1.44543977075e-05,1.44543977075e-05,1.44543977075e-05,1.44543977075e-05,1.44543977075e-05,1.44543977075e-05,1.44543977075e-05,1.44543977075e-05,1.44543977075e-05,1.44543977075e-05,1.44543977075e-05,1.44543977075e-05,1.44543977075e-05,1.44543977075e-05,1.44543977075e-05,1.44543977075e-05,1.44543977075e-05,1.44543977075e-05,5,X33 X39,0.993066666667,0.0022255913158,0.993066666667,0.0022255913158
1.44543977075e-05,1.44543977075e-05,1.44543977075e-05,1.44543977075e-05,1.44543977075e-05,1.44543977075e-05,1.44543977075e-05,1.44543977075e-05,1.44543977075e-05,1.44543977075e-05,1.44543977075e-05,1.44543977075e-05,1.44543977075e-05,1.44543977075e-05,1.44543977075e-05,1.44543977075e-05,1.44543977075e-05,1.44543977075e-05,5,X34 X40,0.994977777778,0.00177451808435,0.994977777778,0.00177451808435
1.44543977075e-05,1.44543977075e-05,1.44543977075e-05,1.44543977075e-05,1.44543977075e-05,1.44543977075e-05,1.44543977075e-05,1.44543977075e-05,1.44543977075e-05,1.44543977075e-05,1.44543977075e-05,1.44543977075e-05,1.44543977075e-05,1.44543977075e-05,1.44543977075e-05,1.44543977075e-05,1.44543977075e-05,1.44543977075e-05,5,X35 X41,0.993777777778,0.00248417725895,0.993777777778,0.00248417725895
1.44543977075e-05,1.44543977075e-05,1.44543977075e-05,1.44543977075e-05,1.44543977075e-05,1.44543977075e-05,1.44543977075e-05,1.44543977075e-05,1.44543977075e-05,1.44543977075e-05,1.44543977075e-05,1.44543977075e-05,1.44543977075e-05,1.44543977075e-05,1.44543977075e-05,1.44543977075e-05,1.44543977075e-05,1.44543977075e-05,5,X36 Z42 Y43 Y49 Z50 X56,0.983555555556,0.00301888479236,0.983555555556,0.00301888479236
1.44543977075e-05,1.44543977075e-05,1.44543977075e-05,1.44543977075e-05,1.44543977075e-05,1.44543977075e-05,1.44543977075e-05,1.44543977075e-05,1.44543977075e-05,1.44543977075e-05,1.44543977075e-05,1.44543977075e-05,1.44543977075e-05,1.44543977075e-05,1.44543977075e-05,1.44543977075e-05,1.44543977075e-05,1.44543977075e-05,5,X37 Z43 Y44 Y50 Z51 X57,0.982644444444,0.00323052174633,0.982644444444,0.00323052174633
1.44543977075e-05,1.44543977075e-05,1.44543977075e-05,1.44543977075e-05,1.44543977075e-05,1.44543977075e-05,1.44543977075e-05,1.44543977075e-05,1.44543977075e-05,1.44543977075e-05,1.44543977075e-05,1.44543977075e-05,1.44543977075e-05,1.44543977075e-05,1.44543977075e-05,1.44543977075e-05,1.44543977075e-05,1.44543977075e-05,5,X38 Z44 Y45 Y51 Z52 X58,0.983355555556,0.00283645309424,0.983355555556,0.00283645309424
1.44543977075e-05,1.44543977075e-05,1.44543977075e-05,1.44543977075e-05,1.44543977075e-05,1.44543977075e-05,1.44543977075e-05,1.44543977075e-05,1.44543977075e-05,1.44543977075e-05,1.44543977075e-05,1.44543977075e-05,1.44543977075e-05,1.44543977075e-05,1.44543977075e-05,1.44543977075e-05,1.44543977075e-05,1.44543977075e-05,5,X39 Z45 Y46 Y52 Z53 X59,0.983866666667,0.00270319804925,0.983866666667,0.00270319804925
1.44543977075e-05,1.44543977075e-05,1.44543977075e-05,1.44543977075e-05,1.44543977075e-05,1.44543977075e-05,1.44543977075e-05,1.44543977075e-05,1.44543977075e-05,1.44543977075e-05,1.44543977075e-05,1.44543977075e-05,1.44543977075e-05,1.44543977075e-05,1.44543977075e-05,1.44543977075e-05,1.44543977075e-05,1.44543977075e-05,5,X4 Z6 Y7 Y9 Z10 X13,0.982955555556,0.00275532689695,0.982955555556,0.00275532689695
1.44543977075e-05,1.44543977075e-05,1.44543977075e-05,1.44543977075e-05,1.44543977075e-05,1.44543977075e-05,1.44543977075e-05,1.44543977075e-05,1.44543977075e-05,1.44543977075e-05,1.44543977075e-05,1.44543977075e-05,1.44543977075e-05,1.44543977075e-05,1.44543977075e-05,1.44543977075e-05,1.44543977075e-05,1.44543977075e-05,5,X40 Z46 Y47 Y53 Z54 X60,0.983866666667,0.00272015325239,0.983866666667,0.00272015325239
1.44543977075e-05,1.44543977075e-05,1.44543977075e-05,1.44543977075e-05,1.44543977075e-05,1.44543977075e-05,1.44543977075e-05,1.44543977075e-05,1.44543977075e-05,1.44543977075e-05,1.44543977075e-05,1.44543977075e-05,1.44543977075e-05,1.44543977075e-05,1.44543977075e-05,1.44543977075e-05,1.44543977075e-05,1.44543977075e-05,5,X41 Z47 Y48 Y54 Z55 X61,0.9828,0.00295768367482,0.9828,0.00295768367482
1.44543977075e-05,1.44543977075e-05,1.44543977075e-05,1.44543977075e-05,1.44543977075e-05,1.44543977075e-05,1.44543977075e-05,1.44543977075e-05,1.44543977075e-05,1.44543977075e-05,1.44543977075e-05,1.44543977075e-05,1.44543977075e-05,1.44543977075e-05,1.44543977075e-05,1.44543977075e-05,1.44543977075e-05,1.44543977075e-05,5,X42 X49,0.994266666667,0.00161980084865,0.994266666667,0.00161980084865
1.44543977075e-05,1.44543977075e-05,1.44543977075e-05,1.44543977075e-05,1.44543977075e-05,1.44543977075e-05,1.44543977075e-05,1.44543977075e-05,1.44543977075e-05,1.44543977075e-05,1.44543977075e-05,1.44543977075e-05,1.44543977075e-05,1.44543977075e-05,1.44543977075e-05,1.44543977075e-05,1.44543977075e-05,1.44543977075e-05,5,X43 X50,0.993888888889,0.0019264907316,0.993888888889,0.0019264907316
1.44543977075e-05,1.44543977075e-05,1.44543977075e-05,1.44543977075e-05,1.44543977075e-05,1.44543977075e-05,1.44543977075e-05,1.44543977075e-05,1.44543977075e-05,1.44543977075e-05,1.44543977075e-05,1.44543977075e-05,1.44543977075e-05,1.44543977075e-05,1.44543977075e-05,1.44543977075e-05,1.44543977075e-05,1.44543977075e-05,5,X44 X51,0.994755555556,0.00210624565365,0.994755555556,0.00210624565365
1.44543977075e-05,1.44543977075e-05,1.44543977075e-05,1.44543977075e-05,1.44543977075e-05,1.44543977075e-05,1.44543977075e-05,1.44543977075e-05,1.44543977075e-05,1.44543977075e-05,1.44543977075e-05,1.44543977075e-05,1.44543977075e-05,1.44543977075e-05,1.44543977075e-05,1.44543977075e-05,1.44543977075e-05,1.44543977075e-05,5,X45 X52,0.994555555556,0.00193442960067,0.994555555556,0.00193442960067
1.44543977075e-05,1.44543977075e-05,1.44543977075e-05,1.44543977075e-05,1.44543977075e-05,1.44543977075e-05,1.44543977075e-05,1.44543977075e-05,1.44543977075e-05,1.44543977075e-05,1.44543977075e-05,1.44543977075e-05,1.44543977075e-05,1.44543977075e-05,1.44543977075e-05,1.44543977075e-05,1.44543977075e-05,1.44543977075e-05,5,X46 X53,0.995288888889,0.00170582354653,0.995288888889,0.00170582354653
1.44543977075e-05,1.44543977075e-05,1.44543977075e-05,1.44543977075e-05,1.44543977075e-05,1.44543977075e-05,1.44543977075e-05,1.44543977075e-05,1.44543977075e-05,1.44543977075e-05,1.44543977075e-05,1.44543977075e-05,1.44543977075e-05,1.44543977075e-05,1.44543977075e-05,1.44543977075e-05,1.44543977075e-05,1.44543977075e-05,5,X47 X54,0.994622222222,0.00183564813808,0.994622222222,0.00183564813808
1.44543977075e-05,1.44543977075e-05,1.44543977075e-05,1.44543977075e-05,1.44543977075e-05,1.44543977075e-05,1.44543977075e-05,1.44543977075e-05,1.44543977075e-05,1.44543977075e-05,1.44543977075e-05,1.44543977075e-05,1.44543977075e-05,1.44543977075e-05,1.44543977075e-05,1.44543977075e-05,1.44543977075e-05,1.44543977075e-05,5,X48 X55,0.994244444444,0.00199219421827,0.994244444444,0.00199219421827
1.44543977075e-05,1.44543977075e-05,1.44543977075e-05,1.44543977075e-05,1.44543977075e-05,1.44543977075e-05,1.44543977075e-05,1.44543977075e-05,1.44543977075e-05,1.44543977075e-05,1.44543977075e-05,1.44543977075e-05,1.44543977075e-05,1.44543977075e-05,1.44543977075e-05,1.44543977075e-05,1.44543977075e-05,1.44543977075e-05,5,X49 Y56 Z62,0.988622222222,0.0032937108692,0.988622222222,0.0032937108692
1.44543977075e-05,1.44543977075e-05,1.44543977075e-05,1.44543977075e-05,1.44543977075e-05,1.44543977075e-05,1.44543977075e-05,1.44543977075e-05,1.44543977075e-05,1.44543977075e-05,1.44543977075e-05,1.44543977075e-05,1.44543977075e-05,1.44543977075e-05,1.44543977075e-05,1.44543977075e-05,1.44543977075e-05,1.44543977075e-05,5,X5 Z7 Y8 Y10 Z11 X14,0.983244444444,0.00332058866283,0.983244444444,0.00332058866283
1.44543977075e-05,1.44543977075e-05,1.44543977075e-05,1.44543977075e-05,1.44543977075e-05,1.44543977075e-05,1.44543977075e-05,1.44543977075e-05,1.44543977075e-05,1.44543977075e-05,1.44543977075e-05,1.44543977075e-05,1.44543977075e-05,1.44543977075e-05,1.44543977075e-05,1.44543977075e-05,1.44543977075e-05,1.44543977075e-05,5,X50 Z56 Y57 Y62 Z63 X68,0.9842,0.00446064098619,0.9842,0.00446064098619
1.44543977075e-05,1.44543977075e-05,1.44543977075e-05,1.44543977075e-05,1.44543977075e-05,1.44543977075e-05,1.44543977075e-05,1.44543977075e-05,1.44543977075e-05,1.44543977075e-05,1.44543977075e-05,1.44543977075e-05,1.44543977075e-05,1.44543977075e-05,1.44543977075e-05,1.44543977075e-05,1.44543977075e-05,1.44543977075e-05,5,X51 Z57 Y58 Y63 Z64 X69,0.983444444444,0.00368525417573,0.983444444444,0.00368525417573
1.44543977075e-05,1.44543977075e-05,1.44543977075e-05,1.44543977075e-05,1.44543977075e-05,1.44543977075e-05,1.44543977075e-05,1.44543977075e-05,1.44543977075e-05,1.44543977075e-05,1.44543977075e-05,1.44543977075e-05,1.44543977075e-05,1.44543977075e-05,1.44543977075e-05,1.44543977075e-05,1.44543977075e-05,1.44543977075e-05,5,X52 Z58 Y59 Y64 Z65 X70,0.984288888889,0.00327387585145,0.984288888889,0.00327387585145
1.44543977075e-05,1.44543977075e-05,1.44543977075e-05,1.44543977075e-05,1.44543977075e-05,1.44543977075e-05,1.44543977075e-05,1.44543977075e-05,1.44543977075e-05,1.44543977075e-05,1.44543977075e-05,1.44543977075e-05,1.44543977075e-05,1.44543977075e-05,1.44543977075e-05,1.44543977075e-05,1.44543977075e-05,1.44543977075e-05,5,X53 Z59 Y60 Y65 Z66 X71,0.983533333333,0.00351526501456,0.983533333333,0.00351526501456
1.44543977075e-05,1.44543977075e-05,1.44543977075e-05,1.44543977075e-05,1.44543977075e-05,1.44543977075e-05,1.44543977075e-05,1.44543977075e-05,1.44543977075e-05,1.44543977075e-05,1.44543977075e-05,1.44543977075e-05,1.44543977075e-05,1.44543977075e-05,1.44543977075e-05,1.44543977075e-05,1.44543977075e-05,1.44543977075e-05,5,X54 Z60 Y61 Y66 Z67 X72,0.984088888889,0.00344294863084,0.984088888889,0.00344294863084
1.44543977075e-05,1.44543977075e-05,1.44543977075e-05,1.44543977075e-05,1.44543977075e-05,1.44543977075e-05,1.44543977075e-05,1.44543977075e-05,1.44543977075e-05,1.44543977075e-05,1.44543977075e-05,1.44543977075e-05,1.44543977075e-05,1.44543977075e-05,1.44543977075e-05,1.44543977075e-05,1.44543977075e-05,1.44543977075e-05,5,X56 X62,0.9946,0.00205927487889,0.9946,0.00205927487889
1.44543977075e-05,1.44543977075e-05,1.44543977075e-05,1.44543977075e-05,1.44543977075e-05,1.44543977075e-05,1.44543977075e-05,1.44543977075e-05,1.44543977075e-05,1.44543977075e-05,1.44543977075e-05,1.44543977075e-05,1.44543977075e-05,1.44543977075e-05,1.44543977075e-05,1.44543977075e-05,1.44543977075e-05,1.44543977075e-05,5,X57 X63,0.994488888889,0.00176759536062,0.994488888889,0.00176759536062
1.44543977075e-05,1.44543977075e-05,1.44543977075e-05,1.44543977075e-05,1.44543977075e-05,1.44543977075e-05,1.44543977075e-05,1.44543977075e-05,1.44543977075e-05,1.44543977075e-05,1.44543977075e-05,1.44543977075e-05,1.44543977075e-05,1.44543977075e-05,1.44543977075e-05,1.44543977075e-05,1.44543977075e-05,1.44543977075e-05,5,X58 X64,0.994355555556,0.00213515248109,0.994355555556,0.00213515248109
1.44543977075e-05,1.44543977075e-05,1.44543977075e-05,1.44543977075e-05,1.44543977075e-05,1.44543977075e-05,1.44543977075e-05,1.44543977075e-05,1.44543977075e-05,1.44543977075e-05,1.44543977075e-05,1.44543977075e-05,1.44543977075e-05,1.44543977075e-05,1.44543977075e-05,1.44543977075e-05,1.44543977075e-05,1.44543977075e-05,5,X59 X65,0.994066666667,0.00186395533796,0.994066666667,0.00186395533796
1.44543977075e-05,1.44543977075e-05,1.44543977075e-05,1.44543977075e-05,1.44543977075e-05,1.44543977075e-05,1.44543977075e-05,1.44543977075e-05,1.44543977075e-05,1.44543977075e-05,1.44543977075e-05,1.44543977075e-05,1.44543977075e-05,1.44543977075e-05,1.44543977075e-05,1.44543977075e-05,1.44543977075e-05,1.44543977075e-05,5,X6 X9,0.994333333333,0.00186724129087,0.994333333333,0.00186724129087
1.44543977075e-05,1.44543977075e-05,1.44543977075e-05,1.44543977075e-05,1.44543977075e-05,1.44543977075e-05,1.44543977075e-05,1.44543977075e-05,1.44543977075e-05,1.44543977075e-05,1.44543977075e-05,1.44543977075e-05,1.44543977075e-05,1.44543977075e-05,1.44543977075e-05,1.44543977075e-05,1.44543977075e-05,1.44543977075e-05,5,X60 X66,0.993911111111,0.00178313369456,0.993911111111,0.00178313369456
1.44543977075e-05,1.44543977075e-05,1.44543977075e-05,1.44543977075e-05,1.44543977075e-05,1.44543977075e-05,1.44543977075e-05,1.44543977075e-05,1.44543977075e-05,1.44543977075e-05,1.44543977075e-05,1.44543977075e-05,1.44543977075e-05,1.44543977075e-05,1.44543977075e-05,1.44543977075e-05,1.44543977075e-05,1.44543977075e-05,5,X61 X67,0.994355555556,0.00204720786085,0.994355555556,0.00204720786085
1.44543977075e-05,1.44543977075e-05,1.44543977075e-05,1.44543977075e-05,1.44543977075e-05,1.44543977075e-05,1.44543977075e-05,1.44543977075e-05,1.44543977075e-05,1.44543977075e-05,1.44543977075e-05,1.44543977075e-05,1.44543977075e-05,1.44543977075e-05,1.44543977075e-05,1.44543977075e-05,1.44543977075e-05,1.44543977075e-05,5,X63 Z68 Y69 Y73 Z74 X78,0.983177777778,0.00362487503638,0.983177777778,0.00362487503638
1.44543977075e-05,1.44543977075e-05,1.44543977075e-05,1.44543977075e-05,1.44543977075e-05,1.44543977075e-05,1.44543977075e-05,1.44543977075e-05,1.44543977075e-05,1.44543977075e-05,1.44543977075e-05,1.44543977075e-05,1.44543977075e-05,1.44543977075e-05,1.44543977075e-05,1.44543977075e-05,1.44543977075e-05,1.44543977075e-05,5,X64 Z69 Y70 Y74 Z75 X79,0.983888888889,0.00362656580883,0.983888888889,0.00362656580883
1.44543977075e-05,1.44543977075e-05,1.44543977075e-05,1.44543977075e-05,1.44543977075e-05,1.44543977075e-05,1.44543977075e-05,1.44543977075e-05,1.44543977075e-05,1.44543977075e-05,1.44543977075e-05,1.44543977075e-05,1.44543977075e-05,1.44543977075e-05,1.44543977075e-05,1.44543977075e-05,1.44543977075e-05,1.44543977075e-05,5,X65 Z70 Y71 Y75 Z76 X80,0.983533333333,0.00290408616868,0.983533333333,0.00290408616868
1.44543977075e-05,1.44543977075e-05,1.44543977075e-05,1.44543977075e-05,1.44543977075e-05,1.44543977075e-05,1.44543977075e-05,1.44543977075e-05,1.44543977075e-05,1.44543977075e-05,1.44543977075e-05,1.44543977075e-05,1.44543977075e-05,1.44543977075e-05,1.44543977075e-05,1.44543977075e-05,1.44543977075e-05,1.44543977075e-05,5,X66 Z71 Y72 Y76 Z77 X81,0.982622222222,0.00331689432977,0.982622222222,0.00331689432977
1.44543977075e-05,1.44543977075e-05,1.44543977075e-05,1.44543977075e-05,1.44543977075e-05,1.44543977075e-05,1.44543977075e-05,1.44543977075e-05,1.44543977075e-05,1.44543977075e-05,1.44543977075e-05,1.44543977075e-05,1.44543977075e-05,1.44543977075e-05,1.44543977075e-05,1.44543977075e-05,1.44543977075e-05,1.44543977075e-05,5,X67 Z72 Y77,0.9888,0.00295249748168,0.9888,0.00295249748168
1.44543977075e-05,1.44543977075e-05,1.44543977075e-05,1.44543977075e-05,1.44543977075e-05,1.44543977075e-05,1.44543977075e-05,1.44543977075e-05,1.44543977075e-05,1.44543977075e-05,1.44543977075e-05,1.44543977075e-05,1.44543977075e-05,1.44543977075e-05,1.44543977075e-05,1.44543977075e-05,1.44543977075e-05,1.44543977075e-05,5,X68 X73,0.9944,0.00161031159975,0.9944,0.00161031159975
1.44543977075e-05,1.44543977075e-05,1.44543977075e-05,1.44543977075e-05,1.44543977075e-05,1.44543977075e-05,1.44543977075e-05,1.44543977075e-05,1.44543977075e-05,1.44543977075e-05,1.44543977075e-05,1.44543977075e-05,1.44543977075e-05,1.44543977075e-05,1.44543977075e-05,1.44543977075e-05,1.44543977075e-05,1.44543977075e-05,5,X69 X74,0.994177777778,0.00190126663433,0.994177777778,0.00190126663433
1.44543977075e-05,1.44543977075e-05,1.44543977075e-05,1.44543977075e-05,1.44543977075e-05,1.44543977075e-05,1.44543977075e-05,1.44543977075e-05,1.44543977075e-05,1.44543977075e-05,1.44543977075e-05,1.44543977075e-05,1.44543977075e-05,1.44543977075e-05,1.44543977075e-05,1.44543977075e-05,1.44543977075e-05,1.44543977075e-05,5,X7 X10,0.993622222222,0.00204683351997,0.993622222222,0.00204683351997
1.44543977075e-05,1.44543977075e-05,1.44543977075e-05,1.44543977075e-05,1.44543977075e-05,1.44543977075e-05,1.44543977075e-05,1.44543977075e-05,1.44543977075e-05,1.44543977075e-05,1.44543977075e-05,1.44543977075e-05,1.44543977075e-05,1.44543977075e-05,1.44543977075e-05,1.44543977075e-05,1.44543977075e-05,1.44543977075e-05,5,X70 X75,0.994622222222,0.00148487478563,0.994622222222,0.00148487478563
1.44543977075e-05,1.44543977075e-05,1.44543977075e-05,1.44543977075e-05,1.44543977075e-05,1.44543977075e-05,1.44543977075e-05,1.44543977075e-05,1.44543977075e-05,1.44543977075e-05,1.44543977075e-05,1.44543977075e-05,1.44543977075e-05,1.44543977075e-05,1.44543977075e-05,1.44543977075e-05,1.44543977075e-05,1.44543977075e-05,5,X71 X76,0.9938,0.00178671127067,0.9938,0.00178671127067
1.44543977075e-05,1.44543977075e-05,1.44543977075e-05,1.44543977075e-05,1.44543977075e-05,1.44543977075e-05,1.44543977075e-05,1.44543977075e-05,1.44543977075e-05,1.44543977075e-05,1.44543977075e-05,1.44543977075e-05,1.44543977075e-05,1.44543977075e-05,1.44543977075e-05,1.44543977075e-05,1.44543977075e-05,1.44543977075e-05,5,X72 X77,0.993577777778,0.00179811168157,0.993577777778,0.00179811168157
1.44543977075e-05,1.44543977075e-05,1.44543977075e-05,1.44543977075e-05,1.44543977075e-05,1.44543977075e-05,1.44543977075e-05,1.44543977075e-05,1.44543977075e-05,1.44543977075e-05,1.44543977075e-05,1.44543977075e-05,1.44543977075e-05,1.44543977075e-05,1.44543977075e-05,1.44543977075e-05,1.44543977075e-05,1.44543977075e-05,5,X73 Y78 Z82,0.989333333333,0.00300701606146,0.989333333333,0.00300701606146
1.44543977075e-05,1.44543977075e-05,1.44543977075e-05,1.44543977075e-05,1.44543977075e-05,1.44543977075e-05,1.44543977075e-05,1.44543977075e-05,1.44543977075e-05,1.44543977075e-05,1.44543977075e-05,1.44543977075e-05,1.44543977075e-05,1.44543977075e-05,1.44543977075e-05,1.44543977075e-05,1.44543977075e-05,1.44543977075e-05,5,X74 Z78 Y79 Y82 Z83 X86,0.983266666667,0.00343678545342,0.983266666667,0.00343678545342
1.44543977075e-05,1.44543977075e-05,1.44543977075e-05,1.44543977075e-05,1.44543977075e-05,1.44543977075e-05,1.44543977075e-05,1.44543977075e-05,1.44543977075e-05,1.44543977075e-05,1.44543977075e-05,1.44543977075e-05,1.44543977075e-05,1.44543977075e-05,1.44543977075e-05,1.44543977075e-05,1.44543977075e-05,1.44543977075e-05,5,X75 Z79 Y80 Y83 Z84 X87,0.984044444444,0.00312661707842,0.984044444444,0.00312661707842
1.44543977075e-05,1.44543977075e-05,1.44543977075e-05,1.44543977075e-05,1.44543977075e-05,1.44543977075e-05,1.44543977075e-05,1.44543977075e-05,1.44543977075e-05,1.44543977075e-05,1.44543977075e-05,1.44543977075e-05,1.44543977075e-05,1.44543977075e-05,1.44543977075e-05,1.44543977075e-05,1.44543977075e-05,1.44543977075e-05,5,X76 Z80 Y81 Y84 Z85 X88,0.983333333333,0.00292956916268,0.983333333333,0.00292956916268
1.44543977075e-05,1.44543977075e-05,1.44543977075e-05,1.44543977075e-05,1.44543977075e-05,1.44543977075e-05,1.44543977075e-05,1.44543977075e-05,1.44543977075e-05,1.44543977075e-05,1.44543977075e-05,1.44543977075e-05,1.44543977075e-05,1.44543977075e-05,1.44543977075e-05,1.44543977075e-05,1.44543977075e-05,1.44543977075e-05,5,X78 X82,0.994977777778,0.00172191939001,0.994977777778,0.00172191939001
1.44543977075e-05,1.44543977075e-05,1.44543977075e-05,1.44543977075e-05,1.44543977075e-05,1.44543977075e-05,1.44543977075e-05,1.44543977075e-05,1.44543977075e-05,1.44543977075e-05,1.44543977075e-05,1.44543977075e-05,1.44543977075e-05,1.44543977075e-05,1.44543977075e-05,1.44543977075e-05,1.44543977075e-05,1.44543977075e-05,5,X79 X83,0.993977777778,0.00198448644801,0.993977777778,0.00198448644801
1.44543977075e-05,1.44543977075e-05,1.44543977075e-05,1.44543977075e-05,1.44543977075e-05,1.44543977075e-05,1.44543977075e-05,1.44543977075e-05,1.44543977075e-05,1.44543977075e-05,1.44543977075e-05,1.44543977075e-05,1.44543977075e-05,1.44543977075e-05,1.44543977075e-05,1.44543977075e-05,1.44543977075e-05,1.44543977075e-05,5,X8 X11,0.9948,0.00208919864011,0.9948,0.00208919864011
1.44543977075e-05,1.44543977075e-05,1.44543977075e-05,1.44543977075e-05,1.44543977075e-05,1.44543977075e-05,1.44543977075e-05,1.44543977075e-05,1.44543977075e-05,1.44543977075e-05,1.44543977075e-05,1.44543977075e-05,1.44543977075e-05,1.44543977075e-05,1.44543977075e-05,1.44543977075e-05,1.44543977075e-05,1.44543977075e-05,5,X80 X84,0.994511111111,0.0020985916338,0.994511111111,0.0020985916338
1.44543977075e-05,1.44543977075e-05,1.44543977075e-05,1.44543977075e-05,1.44543977075e-05,1.44543977075e-05,1.44543977075e-05,1.44543977075e-05,1.44543977075e-05,1.44543977075e-05,1.44543977075e-05,1.44543977075e-05,1.44543977075e-05,1.44543977075e-05,1.44543977075e-05,1.44543977075e-05,1.44543977075e-05,1.44543977075e-05,5,X81 X85,0.994466666667,0.00213096132499,0.994466666667,0.00213096132499
1.44543977075e-05,1.44543977075e-05,1.44543977075e-05,1.44543977075e-05,1.44543977075e-05,1.44543977075e-05,1.44543977075e-05,1.44543977075e-05,1.44543977075e-05,1.44543977075e-05,1.44543977075e-05,1.44543977075e-05,1.44543977075e-05,1.44543977075e-05,1.44543977075e-05,1.44543977075e-05,1.44543977075e-05,1.44543977075e-05,5,X83 Z86 Y87 Y89 Z90 X92,0.983022222222,0.00310596180319,0.983022222222,0.00310596180319
1.44543977075e-05,1.44543977075e-05,1.44543977075e-05,1.44543977075e-05,1.44543977075e-05,1.44543977075e-05,1.44543977075e-05,1.44543977075e-05,1.44543977075e-05,1.44543977075e-05,1.44543977075e-05,1.44543977075e-05,1.44543977075e-05,1.44543977075e-05,1.44543977075e-05,1.44543977075e-05,1.44543977075e-05,1.44543977075e-05,5,X84 Z87 Y88 Y90 Z91 X93,0.984133333333,0.00291593586904,0.984133333333,0.00291593586904
1.44543977075e-05,1.44543977075e-05,1.44543977075e-05,1.44543977075e-05,1.44543977075e-05,1.44543977075e-05,1.44543977075e-05,1.44543977075e-05,1.44543977075e-05,1.44543977075e-05,1.44543977075e-05,1.44543977075e-05,1.44543977075e-05,1.44543977075e-05,1.44543977075e-05,1.44543977075e-05,1.44543977075e-05,1.44543977075e-05,5,X85 Z88 Y91,0.988911111111,0.00292162413937,0.988911111111,0.00292162413937
1.44543977075e-05,1.44543977075e-05,1.44543977075e-05,1.44543977075e-05,1.44543977075e-05,1.44543977075e-05,1.44543977075e-05,1.44543977075e-05,1.44543977075e-05,1.44543977075e-05,1.44543977075e-05,1.44543977075e-05,1.44543977075e-05,1.44543977075e-05,1.44543977075e-05,1.44543977075e-05,1.44543977075e-05,1.44543977075e-05,5,X86 X89,0.993888888889,0.00202727254505,0.993888888889,0.00202727254505
1.44543977075e-05,1.44543977075e-05,1.44543977075e-05,1.44543977075e-05,1.44543977075e-05,1.44543977075e-05,1.44543977075e-05,1.44543977075e-05,1.44543977075e-05,1.44543977075e-05,1.44543977075e-05,1.44543977075e-05,1.44543977075e-05,1.44543977075e-05,1.44543977075e-05,1.44543977075e-05,1.44543977075e-05,1.44543977075e-05,5,X87 X90,0.993977777778,0.00215480098971,0.993977777778,0.00215480098971
1.44543977075e-05,1.44543977075e-05,1.44543977075e-05,1.44543977075e-05,1.44543977075e-05,1.44543977075e-05,1.44543977075e-05,1.44543977075e-05,1.44543977075e-05,1.44543977075e-05,1.44543977075e-05,1.44543977075e-05,1.44543977075e-05,1.44543977075e-05,1.44543977075e-05,1.44543977075e-05,1.44543977075e-05,1.44543977075e-05,5,X88 X91,0.994422222222,0.00141673991246,0.994422222222,0.00141673991246
1.44543977075e-05,1.44543977075e-05,1.44543977075e-05,1.44543977075e-05,1.44543977075e-05,1.44543977075e-05,1.44543977075e-05,1.44543977075e-05,1.44543977075e-05,1.44543977075e-05,1.44543977075e-05,1.44543977075e-05,1.44543977075e-05,1.44543977075e-05,1.44543977075e-05,1.44543977075e-05,1.44543977075e-05,1.44543977075e-05,5,X89 Y92 Z94,0.989555555556,0.00263389828558,0.989555555556,0.00263389828558
1.44543977075e-05,1.44543977075e-05,1.44543977075e-05,1.44543977075e-05,1.44543977075e-05,1.44543977075e-05,1.44543977075e-05,1.44543977075e-05,1.44543977075e-05,1.44543977075e-05,1.44543977075e-05,1.44543977075e-05,1.44543977075e-05,1.44543977075e-05,1.44543977075e-05,1.44543977075e-05,1.44543977075e-05,1.44543977075e-05,5,X9 Z12 Y13 Y16 Z17 X21,0.983066666667,0.00304046780026,0.983066666667,0.00304046780026
1.44543977075e-05,1.44543977075e-05,1.44543977075e-05,1.44543977075e-05,1.44543977075e-05,1.44543977075e-05,1.44543977075e-05,1.44543977075e-05,1.44543977075e-05,1.44543977075e-05,1.44543977075e-05,1.44543977075e-05,1.44543977075e-05,1.44543977075e-05,1.44543977075e-05,1.44543977075e-05,1.44543977075e-05,1.44543977075e-05,5,X90 Z92 Y93 Y94 Z95 X96,0.983755555556,0.00381761729198,0.983755555556,0.00381761729198
1.44543977075e-05,1.44543977075e-05,1.44543977075e-05,1.44543977075e-05,1.44543977075e-05,1.44543977075e-05,1.44543977075e-05,1.44543977075e-05,1.44543977075e-05,1.44543977075e-05,1.44543977075e-05,1.44543977075e-05,1.44543977075e-05,1.44543977075e-05,1.44543977075e-05,1.44543977075e-05,1.44543977075e-05,1.44543977075e-05,5,X92 X94,0.994088888889,0.00165844716489,0.994088888889,0.00165844716489
1.44543977075e-05,1.44543977075e-05,1.44543977075e-05,1.44543977075e-05,1.44543977075e-05,1.44543977075e-05,1.44543977075e-05,1.44543977075e-05,1.44543977075e-05,1.44543977075e-05,1.44543977075e-05,1.44543977075e-05,1.44543977075e-05,1.44543977075e-05,1.44543977075e-05,1.44543977075e-05,1.44543977075e-05,1.44543977075e-05,5,X93 X95,0.994066666667,0.00198345648222,0.994066666667,0.00198345648222
1.44543977075e-05,1.44543977075e-05,1.44543977075e-05,1.44543977075e-05,1.44543977075e-05,1.44543977075e-05,1.44543977075e-05,1.44543977075e-05,1.44543977075e-05,1.44543977075e-05,1.44543977075e-05,1.44543977075e-05,1.44543977075e-05,1.44543977075e-05,1.44543977075e-05,1.44543977075e-05,1.44543977075e-05,1.44543977075e-05,5,X95 Z96 Y97,0.989288888889,0.00269487001419,0.989288888889,0.00269487001419
1.44543977075e-05,1.44543977075e-05,1.44543977075e-05,1.44543977075e-05,1.44543977075e-05,1.44543977075e-05,1.44543977075e-05,1.44543977075e-05,1.44543977075e-05,1.44543977075e-05,1.44543977075e-05,1.44543977075e-05,1.44543977075e-05,1.44543977075e-05,1.44543977075e-05,1.44543977075e-05,1.44543977075e-05,1.44543977075e-05,5,X96 X97,0.994022222222,0.00213335727956,0.994022222222,0.00213335727956
1.44543977075e-05,1.44543977075e-05,1.44543977075e-05,1.44543977075e-05,1.44543977075e-05,1.44543977075e-05,1.44543977075e-05,1.44543977075e-05,1.44543977075e-05,1.44543977075e-05,1.44543977075e-05,1.44543977075e-05,1.44543977075e-05,1.44543977075e-05,1.44543977075e-05,1.44543977075e-05,1.44543977075e-05,1.44543977075e-05,5,Y0 Z1 X2,0.988666666667,0.00277923333512,0.988666666667,0.00277923333512
1.44543977075e-05,1.44543977075e-05,1.44543977075e-05,1.44543977075e-05,1.44543977075e-05,1.44543977075e-05,1.44543977075e-05,1.44543977075e-05,1.44543977075e-05,1.44543977075e-05,1.44543977075e-05,1.44543977075e-05,1.44543977075e-05,1.44543977075e-05,1.44543977075e-05,1.44543977075e-05,1.44543977075e-05,1.44543977075e-05,5,Y20 Z25 X30,0.989155555556,0.00268917702139,0.989155555556,0.00268917702139
1.44543977075e-05,1.44543977075e-05,1.44543977075e-05,1.44543977075e-05,1.44543977075e-05,1.44543977075e-05,1.44543977075e-05,1.44543977075e-05,1.44543977075e-05,1.44543977075e-05,1.44543977075e-05,1.44543977075e-05,1.44543977075e-05,1.44543977075e-05,1.44543977075e-05,1.44543977075e-05,1.44543977075e-05,1.44543977075e-05,5,Y6 Z9 X12,0.988711111111,0.00281176146824,0.988711111111,0.00281176146824
1.44543977075e-05,1.44543977075e-05,1.44543977075e-05,1.44543977075e-05,1.44543977075e-05,1.44543977075e-05,1.44543977075e-05,1.44543977075e-05,1.44543977075e-05,1.44543977075e-05,1.44543977075e-05,1.44543977075e-05,1.44543977075e-05,1.44543977075e-05,1.44543977075e-05,1.44543977075e-05,1.44543977075e-05,1.44543977075e-05,5,Z15 Y19 X24,0.988911111111,0.00334702170271,0.988911111111,0.00334702170271
1.44543977075e-05,1.44543977075e-05,1.44543977075e-05,1.44543977075e-05,1.44543977075e-05,1.44543977075e-05,1.44543977075e-05,1.44543977075e-05,1.44543977075e-05,1.44543977075e-05,1.44543977075e-05,1.44543977075e-05,1.44543977075e-05,1.44543977075e-05,1.44543977075e-05,1.44543977075e-05,1.44543977075e-05,1.44543977075e-05,5,Z3 Y5 X8,0.989266666667,0.0023446360075,0.989266666667,0.0023446360075
1.44543977075e-05,1.44543977075e-05,1.44543977075e-05,1.44543977075e-05,1.44543977075e-05,1.44543977075e-05,1.44543977075e-05,1.44543977075e-05,1.44543977075e-05,1.44543977075e-05,1.44543977075e-05,1.44543977075e-05,1.44543977075e-05,1.44543977075e-05,1.44543977075e-05,1.44543977075e-05,1.44543977075e-05,1.44543977075e-05,5,Z35 Y41 X48,0.988955555556,0.00274975907455,0.988955555556,0.00274975907455
1.44543977075e-05,1.44543977075e-05,1.44543977075e-05,1.44543977075e-05,1.44543977075e-05,1.44543977075e-05,1.44543977075e-05,1.44543977075e-05,1.44543977075e-05,1.44543977075e-05,1.44543977075e-05,1.44543977075e-05,1.44543977075e-05,1.44543977075e-05,1.44543977075e-05,1.44543977075e-05,1.44543977075e-05,1.44543977075e-05,10,Logical X,0.993644444444,0.001883449459,0.993733333333,0.00208332183905
1.44543977075e-05,1.44543977075e-05,1.44543977075e-05,1.44543977075e-05,1.44543977075e-05,1.44543977075e-05,1.44543977075e-05,1.44543977075e-05,1.44543977075e-05,1.44543977075e-05,1.44543977075e-05,1.44543977075e-05,1.44543977075e-05,1.44543977075e-05,1.44543977075e-05,1.44543977075e-05,1.44543977075e-05,1.44543977075e-05,10,Logical Y,0.0144,0.011696808354,0.0014,0.0226527002273
1.44543977075e-05,1.44543977075e-05,1.44543977075e-05,1.44543977075e-05,1.44543977075e-05,1.44543977075e-05,1.44543977075e-05,1.44543977075e-05,1.44543977075e-05,1.44543977075e-05,1.44543977075e-05,1.44543977075e-05,1.44543977075e-05,1.44543977075e-05,1.44543977075e-05,1.44543977075e-05,1.44543977075e-05,1.44543977075e-05,10,Logical Z,0.0110222222222,0.00880914420993,-0.00573333333333,0.0213150783965
1.44543977075e-05,1.44543977075e-05,1.44543977075e-05,1.44543977075e-05,1.44543977075e-05,1.44543977075e-05,1.44543977075e-05,1.44543977075e-05,1.44543977075e-05,1.44543977075e-05,1.44543977075e-05,1.44543977075e-05,1.44543977075e-05,1.44543977075e-05,1.44543977075e-05,1.44543977075e-05,1.44543977075e-05,1.44543977075e-05,10,X0 X1,0.994844444444,0.00180194304096,0.994844444444,0.00180194304096
1.44543977075e-05,1.44543977075e-05,1.44543977075e-05,1.44543977075e-05,1.44543977075e-05,1.44543977075e-05,1.44543977075e-05,1.44543977075e-05,1.44543977075e-05,1.44543977075e-05,1.44543977075e-05,1.44543977075e-05,1.44543977075e-05,1.44543977075e-05,1.44543977075e-05,1.44543977075e-05,1.44543977075e-05,1.44543977075e-05,10,X1 Z2 Y3 Y4 Z5 X7,0.983377777778,0.00336278179561,0.983377777778,0.00336278179561
1.44543977075e-05,1.44543977075e-05,1.44543977075e-05,1.44543977075e-05,1.44543977075e-05,1.44543977075e-05,1.44543977075e-05,1.44543977075e-05,1.44543977075e-05,1.44543977075e-05,1.44543977075e-05,1.44543977075e-05,1.44543977075e-05,1.44543977075e-05,1.44543977075e-05,1.44543977075e-05,1.44543977075e-05,1.44543977075e-05,10,X10 Z13 Y14 Y17 Z18 X22,0.982466666667,0.00335464451868,0.982466666667,0.00335464451868
1.44543977075e-05,1.44543977075e-05,1.44543977075e-05,1.44543977075e-05,1.44543977075e-05,1.44543977075e-05,1.44543977075e-05,1.44543977075e-05,1.44543977075e-05,1.44543977075e-05,1.44543977075e-05,1.44543977075e-05,1.44543977075e-05,1.44543977075e-05,1.44543977075e-05,1.44543977075e-05,1.44543977075e-05,1.44543977075e-05,10,X11 Z14 Y15 Y18 Z19 X23,0.983977777778,0.00323526229145,0.983977777778,0.00323526229145
1.44543977075e-05,1.44543977075e-05,1.44543977075e-05,1.44543977075e-05,1.44543977075e-05,1.44543977075e-05,1.44543977075e-05,1.44543977075e-05,1.44543977075e-05,1.44543977075e-05,1.44543977075e-05,1.44543977075e-05,1.44543977075e-05,1.44543977075e-05,1.44543977075e-05,1.44543977075e-05,1.44543977075e-05,1.44543977075e-05,10,X12 X16,0.9942,0.00180378486709,0.9942,0.00180378486709
1.44543977075e-05,1.44543977075e-05,1.44543977075e-05,1.44543977075e-05,1.44543977075e-05,1.44543977075e-05,1.44543977075e-05,1.44543977075e-05,1.44543977075e-05,1.44543977075e-05,1.44543977075e-05,1.44543977075e-05,1.44543977075e-05,1.44543977075e-05,1.44543977075e-05,1.44543977075e-05,1.44543977075e-05,1.44543977075e-05,10,X13 X17,0.993644444444,0.00201704106591,0.993644444444,0.00201704106591
1.44543977075e-05,1.44543977075e-05,1.44543977075e-05,1.44543977075e-05,1.44543977075e-05,1.44543977075e-05,1.44543977075e-05,1.44543977075e-05,1.44543977075e-05,1.44543977075e-05,1.44543977075e-05,1.44543977075e-05,1.44543977075e-05,1.44543977075e-05,1.44543977075e-05,1.44543977075e-05,1.44543977075e-05,1.44543977075e-05,10,X14 X18,0.994088888889,0.00193957244041,0.994088888889,0.00193957244041
1.44543977075e-05,1.44543977075e-05,1.44543977075e-05,1.44543977075e-05,1.44543977075e-05,1.44543977075e-05,1.44543977075e-05,1.44543977075e-05,1.44543977075e-05,1.44543977075e-05,1.44543977075e-05,1.44543977075e-05,1.44543977075e-05,1.44543977075e-05,1.44543977075e-05,1.44543977075e-05,1.44543977075e-05,1.44543977075e-05,10,X15 X19,0.994177777778,0.00177624454957,0.994177777778,0.00177624454957
1.44543977075e-05,1.44543977075e-05,1.44543977075e-05,1.44543977075e-05,1.44543977075e-05,1.44543977075e-05,1.44543977075e-05,1.44543977075e-05,1.44543977075e-05,1.44543977075e-05,1.44543977075e-05,1.44543977075e-05,1.44543977075e-05,1.44543977075e-05,1.44543977075e-05,1.44543977075e-05,1.44543977075e-05,1.44543977075e-05,10,X16 Z20 Y21 Y25 Z26 X31,0.983577777778,0.00297361749755,0.983577777778,0.00297361749755
1.44543977075e-05,1.44543977075e-05,1.44543977075e-05,1.44543977075e-05,1.44543977075e-05,1.44543977075e-05,1.44543977075e-05,1.44543977075e-05,1.44543977075e-05,1.44543977075e-05,1.44543977075e-05,1.44543977075e-05,1.44543977075e-05,1.44543977075e-05,1.44543977075e-05,1.44543977075e-05,1.44543977075e-05,1.44543977075e-05,10,X17 Z21 Y22 Y26 Z27 X32,0.984044444444,0.00360048244249,0.984044444444,0.00360048244249
1.44543977075e-05,1.44543977075e-05,1.44543977075e-05,1.44543977075e-05,1.44543977075e-05,1.44543977075e-05,1.44543977075e-05,1.44543977075e-05,1.44543977075e-05,1.44543977075e-05,1.44543977075e-05,1.44543977075e-05,1.44543977075e-05,1.44543977075e-05,1.44543977075e-05,1.44543977075e-05,1.44543977075e-05,1.44543977075e-05,10,X18 Z22 Y23 Y27 Z28 X33,0.984911111111,0.00269230965714,0.984911111111,0.00269230965714
1.44543977075e-05,1.44543977075e-05,1.44543977075e-05,1.44543977075e-05,1.44543977075e-05,1.44543977075e-05,1.44543977075e-05,1.44543977075e-05,1.44543977075e-05,1.44543977075e-05,1.44543977075e-05,1.44543977075e-05,1.44543977075e-05,1.44543977075e-05,1.44543977075e-05,1.44543977075e-05,1.44543977075e-05,1.44543977075e-05,10,X19 Z23 Y24 Y28 Z29 X34,0.983622222222,0.00361216901686,0.983622222222,0.00361216901686
1.44543977075e-05,1.44543977075e-05,1.44543977075e-05,1.44543977075e-05,1.44543977075e-05,1.44543977075e-05,1.44543977075e-05,1.44543977075e-05,1.44543977075e-05,1.44543977075e-05,1.44543977075e-05,1.44543977075e-05,1.44543977075e-05,1.44543977075e-05,1.44543977075e-05,1.44543977075e-05,1.44543977075e-05,1.44543977075e-05,10,X2 X4,0.993866666667,0.00259914515862,0.993866666667,0.00259914515862
1.44543977075e-05,1.44543977075e-05,1.44543977075e-05,1.44543977075e-05,1.44543977075e-05,1.44543977075e-05,1.44543977075e-05,1.44543977075e-05,1.44543977075e-05,1.44543977075e-05,1.44543977075e-05,1.44543977075e-05,1.44543977075e-05,1.44543977075e-05,1.44543977075e-05,1.44543977075e-05,1.44543977075e-05,1.44543977075e-05,10,X20 X25,0.994266666667,0.00270999286026,0.994266666667,0.00270999286026
1.44543977075e-05,1.44543977075e-05,1.44543977075e-05,1.44543977075e-05,1.44543977075e-05,1.44543977075e-05,1.44543977075e-05,1.44543977075e-05,1.44543977075e-05,1.44543977075e-05,1.44543977075e-05,1.44543977075e-05,1.44543977075e-05,1.44543977075e-05,1.44543977075e-05,1.44543977075e-05,1.44543977075e-05,1.44543977075e-05,10,X21 X26,0.993844444444,0.00227384484307,0.993844444444,0.00227384484307
1.44543977075e-05,1.44543977075e-05,1.44543977075e-05,1.44543977075e-05,1.44543977075e-05,1.44543977075e-05,1.44543977075e-05,1.44543977075e-05,1.44543977075e-05,1.44543977075e-05,1.44543977075e-05,1.44543977075e-05,1.44543977075e-05,1.44543977075e-05,1.44543977075e-05,1.44543977075e-05,1.44543977075e-05,1.44543977075e-05,10,X22 X27,0.994044444444,0.00240646213881,0.994044444444,0.00240646213881
1.44543977075e-05,1.44543977075e-05,1.44543977075e-05,1.44543977075e-05,1.44543977075e-05,1.44543977075e-05,1.44543977075e-05,1.44543977075e-05,1.44543977075e-05,1.44543977075e-05,1.44543977075e-05,1.44543977075e-05,1.44543977075e-05,1.44543977075e-05,1.44543977075e-05,1.44543977075e-05,1.44543977075e-05,1.44543977075e-05,10,X23 X28,0.994088888889,0.00262457197143,0.994088888889,0.00262457197143
1.44543977075e-05,1.44543977075e-05,1.44543977075e-05,1.44543977075e-05,1.44543977075e-05,1.44543977075e-05,1.44543977075e-05,1.44543977075e-05,1.44543977075e-05,1.44543977075e-05,1.44543977075e-05,1.44543977075e-05,1.44543977075e-05,1.44543977075e-05,1.44543977075e-05,1.44543977075e-05,1.44543977075e-05,1.44543977075e-05,10,X24 X29,0.993911111111,0.00211350942617,0.993911111111,0.00211350942617
1.44543977075e-05,1.44543977075e-05,1.44543977075e-05,1.44543977075e-05,1.44543977075e-05,1.44543977075e-05,1.44543977075e-05,1.44543977075e-05,1.44543977075e-05,1.44543977075e-05,1.44543977075e-05,1.44543977075e-05,1.44543977075e-05,1.44543977075e-05,1.44543977075e-05,1.44543977075e-05,1.44543977075e-05,1.44543977075e-05,10,X25 Z30 Y31 Y36 Z37 X43,0.984222222222,0.00345006339365,0.984222222222,0.00345006339365
1.44543977075e-05,1.44543977075e-05,1.44543977075e-05,1.44543977075e-05,1.44543977075e-05,1.44543977075e-05,1.44543977075e-05,1.44543977075e-05,1.44543977075e-05,1.44543977075e-05,1.44543977075e-05,1.44543977075e-05,1.44543977075e-05,1.44543977075e-05,1.44543977075e-05,1.44543977075e-05,1.44543977075e-05,1.44543977075e-05,10,X26 Z31 Y32 Y37 Z38 X44,0.983022222222,0.00328812251607,0.983022222222,0.00328812251607
1.44543977075e-05,1.44543977075e-05,1.44543977075e-05,1.44543977075e-05,1.44543977075e-05,1.44543977075e-05,1.44543977075e-05,1.44543977075e-05,1.44543977075e-05,1.44543977075e-05,1.44543977075e-05,1.44543977075e-05,1.44543977075e-05,1.44543977075e-05,1.44543977075e-05,1.44543977075e-05,1.44543977075e-05,1.44543977075e-05,10,X27 Z32 Y33 Y38 Z39 X45,0.983,0.00304625893295,0.983,0.00304625893295
1.44543977075e-05,1.44543977075e-05,1.44543977075e-05,1.44543977075e-05,1.44543977075e-05,1.44543977075e-05,1.44543977075e-05,1.44543977075e-05,1.44543977075e-05,1.44543977075e-05,1.44543977075e-05,1.44543977075e-05,1.44543977075e-05,1.44543977075e-05,1.44543977075e-05,1.44543977075e-05,1.44543977075e-05,1.44543977075e-05,10,X28 Z33 Y34 Y39 Z40 X46,0.983333333333,0.00399232981078,0.983333333333,0.00399232981078
1.44543977075e-05,1.44543977075e-05,1.44543977075e-05,1.44543977075e-05,1.44543977075e-05,1.44543977075e-05,1.44543977075e-05,1.44543977075e-05,1.44543977075e-05,1.44543977075e-05,1.44543977075e-05,1.44543977075e-05,1.44543977075e-05,1.44543977075e-05,1.44543977075e-05,1.44543977075e-05,1.44543977075e-05,1.44543977075e-05,10,X29 Z34 Y35 Y40 Z41 X47,0.982533333333,0.00261091138064,0.982533333333,0.00261091138064
1.44543977075e-05,1.44543977075e-05,1.44543977075e-05,1.44543977075e-05,1.44543977075e-05,1.44543977075e-05,1.44543977075e-05,1.44543977075e-05,1.44543977075e-05,1.44543977075e-05,1.44543977075e-05,1.44543977075e-05,1.44543977075e-05,1.44543977075e-05,1.44543977075e-05,1.44543977075e-05,1.44543977075e-05,1.44543977075e-05,10,X3 X5,0.993888888889,0.00165242961335,0.993888888889,0.00165242961335
1.44543977075e-05,1.44543977075e-05,1.44543977075e-05,1.44543977075e-05,1.44543977075e-05,1.44543977075e-05,1.44543977075e-05,1.44543977075e-05,1.44543977075e-05,1.44543977075e-05,1.44543977075e-05,1.44543977075e-05,1.44543977075e-05,1.44543977075e-05,1.44543977075e-05,1.44543977075e-05,1.44543977075e-05,1.44543977075e-05,10,X30 X36,0.994066666667,0.00229174764747,0.994066666667,0.00229174764747
1.44543977075e-05,1.44543977075e-05,1.44543977075e-05,1.44543977075e-05,1.44543977075e-05,1.44543977075e-05,1.44543977075e-05,1.44543977075e-05,1.44543977075e-05,1.44543977075e-05,1.44543977075e-05,1.44543977075e-05,1.44543977075e-05,1.44543977075e-05,1.44543977075e-05,1.44543977075e-05,1.44543977075e-05,1.44543977075e-05,10,X31 X37,0.994,0.00179398740369,0.994,0.00179398740369
1.44543977075e-05,1.44543977075e-05,1.44543977075e-05,1.44543977075e-05,1.44543977075e-05,1.44543977075e-05,1.44543977075e-05,1.44543977075e-05,1.44543977075e-05,1.44543977075e-05,1.44543977075e-05,1.44543977075e-05,1.44543977075e-05,1.44543977075e-05,1.44543977075e-05,1.44543977075e-05,1.44543977075e-05,1.44543977075e-05,10,X32 X38,0.993688888889,0.00246186754849,0.993688888889,0.00246186754849
1.44543977075e-05,1.44543977075e-05,1.44543977075e-05,1.44543977075e-05,1.44543977075e-05,1.44543977075e-05,1.44543977075e-05,1.44543977075e-05,1.44543977075e-05,1.44543977075e-05,1.44543977075e-05,1.44543977075e-05,1.44543977075e-05,1.44543977075e-05,1.44543977075e-05,1.44543977075e-05,1.44543977075e-05,1.44543977075e-05,10,X33 X39,0.993911111111,0.00244312050528,0.993911111111,0.00244312050528
1.44543977075e-05,1.44543977075e-05,1.44543977075e-05,1.44543977075e-05,1.44543977075e-05,1.44543977075e-05,1.44543977075e-05,1.44543977075e-05,1.44543977075e-05,1.44543977075e-05,1.44543977075e-05,1.44543977075e-05,1.44543977075e-05,1.44543977075e-05,1.44543977075e-05,1.44543977075e-05,1.44543977075e-05,1.44543977075e-05,10,X34 X40,0.995177777778,0.00154308079494,0.995177777778,0.00154308079494
1.44543977075e-05,1.44543977075e-05,1.44543977075e-05,1.44543977075e-05,1.44543977075e-05,1.44543977075e-05,1.44543977075e-05,1.44543977075e-05,1.44543977075e-05,1.44543977075e-05,1.44543977075e-05,1.44543977075e-05,1.44543977075e-05,1.44543977075e-05,1.44543977075e-05,1.44543977075e-05,1.44543977075e-05,1.44543977075e-05,10,X35 X41,0.994577777778,0.00172191939001,0.994577777778,0.00172191939001
1.44543977075e-05,1.44543977075e-05,1.44543977075e-05,1.44543977075e-05,1.44543977075e-05,1.44543977075e-05,1.44543977075e-05,1.44543977075e-05,1.44543977075e-05,1.44543977075e-05,1.44543977075e-05,1.44543977075e-05,1.44543977075e-05,1.44543977075e-05,1.44543977075e-05,1.44543977075e-05,1.44543977075e-05,1.44543977075e-05,10,X36 Z42 Y43 Y49 Z50 X56,0.982822222222,0.00264753674765,0.982822222222,0.00264753674765
1.44543977075e-05,1.44543977075e-05,1.44543977075e-05,1.44543977075e-05,1.44543977075e-05,1.44543977075e-05,1.44543977075e-05,1.44543977075e-05,1.44543977075e-05,1.44543977075e-05,1.44543977075e-05,1.44543977075e-05,1.44543977075e-05,1.44543977075e-05,1.44543977075e-05,1.44543977075e-05,1.44543977075e-05,1.44543977075e-05,10,X37 Z43 Y44 Y50 Z51 X57,0.983688888889,0.00290716295106,0.983688888889,0.00290716295106
1.44543977075e-05,1.44543977075e-05,1.44543977075e-05,1.44543977075e-05,1.44543977075e-05,1.44543977075e-05,1.44543977075e-05,1.44543977075e-05,1.44543977075e-05,1.44543977075e-05,1.44543977075e-05,1.44543977075e-05,1.44543977075e-05,1.44543977075e-05,1.44543977075e-05,1.44543977075e-05,1.44543977075e-05,1.44543977075e-05,10,X38 Z44 Y45 Y51 Z52 X58,0.982933333333,0.0025587353198,0.982933333333,0.0025587353198
1.44543977075e-05,1.44543977075e-05,1.44543977075e-05,1.44543977075e-05,1.44543977075e-05,1.44543977075e-05,1.44543977075e-05,1.44543977075e-05,1.44543977075e-05,1.44543977075e-05,1.44543977075e-05,1.44543977075e-05,1.44543977075e-05,1.44543977075e-05,1.44543977075e-05,1.44543977075e-05,1.44543977075e-05,1.44543977075e-05,10,X39 Z45 Y46 Y52 Z53 X59,0.983844444444,0.00352194361759,0.983844444444,0.00352194361759
1.44543977075e-05,1.44543977075e-05,1.44543977075e-05,1.44543977075e-05,1.44543977075e-05,1.44543977075e-05,1.44543977075e-05,1.44543977075e-05,1.44543977075e-05,1.44543977075e-05,1.44543977075e-05,1.44543977075e-05,1.44543977075e-05,1.44543977075e-05,1.44543977075e-05,1.44543977075e-05,1.44543977075e-05,1.44543977075e-05,10,X4 Z6 Y7 Y9 Z10 X13,0.983466666667,0.00311909211666,0.983466666667,0.00311909211666
1.44543977075e-05,1.44543977075e-05,1.44543977075e-05,1.44543977075e-05,1.44543977075e-05,1.44543977075e-05,1.44543977075e-05,1.44543977075e-05,1.44543977075e-05,1.44543977075e-05,1.44543977075e-05,1.44543977075e-05,1.44543977075e-05,1.44543977075e-05,1.44543977075e-05,1.44543977075e-05,1.44543977075e-05,1.44543977075e-05,10,X40 Z46 Y47 Y53 Z54 X60,0.984111111111,0.00354536374535,0.984111111111,0.00354536374535
1.44543977075e-05,1.44543977075e-05,1.44543977075e-05,1.44543977075e-05,1.44543977075e-05,1.44543977075e-05,1.44543977075e-05,1.44543977075e-05,1.44543977075e-05,1.44543977075e-05,1.44543977075e-05,1.44543977075e-05,1.44543977075e-05,1.44543977075e-05,1.44543977075e-05,1.44543977075e-05,1.44543977075e-05,1.44543977075e-05,10,X41 Z47 Y48 Y54 Z55 X61,0.983755555556,0.00277085727959,0.983755555556,0.00277085727959
1.44543977075e-05,1.44543977075e-05,1.44543977075e-05,1.44543977075e-05,1.44543977075e-05,1.44543977075e-05,1.44543977075e-05,1.44543977075e-05,1.44543977075e-05,1.44543977075e-05,1.44543977075e-05,1.44543977075e-05,1.44543977075e-05,1.44543977075e-05,1.44543977075e-05,1.44543977075e-05,1.44543977075e-05,1.44543977075e-05,10,X42 X49,0.9938,0.00200497465611,0.9938,0.00200497465611
1.44543977075e-05,1.44543977075e-05,1.44543977075e-05,1.44543977075e-05,1.44543977075e-05,1.44543977075e-05,1.44543977075e-05,1.44543977075e-05,1.44543977075e-05,1.44543977075e-05,1.44543977075e-05,1.44543977075e-05,1.44543977075e-05,1.44543977075e-05,1.44543977075e-05,1.44543977075e-05,1.44543977075e-05,1.44543977075e-05,10,X43 X50,0.9948,0.00229208198953,0.9948,0.00229208198953
1.44543977075e-05,1.44543977075e-05,1.44543977075e-05,1.44543977075e-05,1.44543977075e-05,1.44543977075e-05,1.44543977075e-05,1.44543977075e-05,1.44543977075e-05,1.44543977075e-05,1.44543977075e-05,1.44543977075e-05,1.44543977075e-05,1.44543977075e-05,1.44543977075e-05,1.44543977075e-05,1.44543977075e-05,1.44543977075e-05,10,X44 X51,0.994444444444,0.00168230213853,0.994444444444,0.00168230213853
1.44543977075e-05,1.44543977075e-05,1.44543977075e-05,1.44543977075e-05,1.44543977075e-05,1.44543977075e-05,1.44543977075e-05,1.44543977075e-05,1.44543977075e-05,1.44543977075e-05,1.44543977075e-05,1.44543977075e-05,1.44543977075e-05,1.44543977075e-05,1.44543977075e-05,1.44543977075e-05,1.44543977075e-05,1.44543977075e-05,10,X45 X52,0.994311111111,0.00139768098392,0.994311111111,0.00139768098392
1.44543977075e-05,1.44543977075e-05,1.44543977075e-05,1.44543977075e-05,1.44543977075e-05,1.44543977075e-05,1.44543977075e-05,1.44543977075e-05,1.44543977075e-05,1.44543977075e-05,1.44543977075e-05,1.44543977075e-05,1.44543977075e-05,1.44543977075e-05,1.44543977075e-05,1.44543977075e-05,1.44543977075e-05,1.44543977075e-05,10,X46 X53,0.9942,0.00250149380658,0.9942,0.00250149380658
1.44543977075e-05,1.44543977075e-05,1.44543977075e-05,1.44543977075e-05,1.44543977075e-05,1.44543977075e-05,1.44543977075e-05,1.44543977075e-05,1.44543977075e-05,1.44543977075e-05,1.44543977075e-05,1.44543977075e-05,1.44543977075e-05,1.44543977075e-05,1.44543977075e-05,1.44543977075e-05,1.44543977075e-05,1.44543977075e-05,10,X47 X54,0.994488888889,0.00184397815276,0.994488888889,0.00184397815276
1.44543977075e-05,1.44543977075e-05,1.44543977075e-05,1.44543977075e-05,1.44543977075e-05,1.44543977075e-05,1.44543977075e-05,1.44543977075e-05,1.44543977075e-05,1.44543977075e-05,1.44543977075e-05,1.44543977075e-05,1.44543977075e-05,1.44543977075e-05,1.44543977075e-05,1.44543977075e-05,1.44543977075e-05,1.44543977075e-05,10,X48 X55,0.994511111111,0.00201666112535,0.994511111111,0.00201666112535
1.44543977075e-05,1.44543977075e-05,1.44543977075e-05,1.44543977075e-05,1.44543977075e-05,1.44543977075e-05,1.44543977075e-05,1.44543977075e-05,1.44543977075e-05,1.44543977075e-05,1.44543977075e-05,1.44543977075e-05,1.44543977075e-05,1.44543977075e-05,1.44543977075e-05,1.44543977075e-05,1.44543977075e-05,1.44543977075e-05,10,X49 Y56 Z62,0.989088888889,0.00300438164481,0.989088888889,0.00300438164481
1.44543977075e-05,1.44543977075e-05,1.44543977075e-05,1.44543977075e-05,1.44543977075e-05,1.44543977075e-05,1.44543977075e-05,1.44543977075e-05,1.44543977075e-05,1.44543977075e-05,1.44543977075e-05,1.44543977075e-05,1.44543977075e-05,1.44543977075e-05,1.44543977075e-05,1.44543977075e-05,1.44543977075e-05,1.44543977075e-05,10,X5 Z7 Y8 Y10 Z11 X14,0.984466666667,0.00375963640534,0.984466666667,0.00375963640534
1.44543977075e-05,1.44543977075e-05,1.44543977075e-05,1.44543977075e-05,1.44543977075e-05,1.44543977075e-05,1.44543977075e-05,1.44543977075e-05,1.44543977075e-05,1.44543977075e-05,1.44543977075e-05,1.44543977075e-05,1.44543977075e-05,1.44543977075e-05,1.44543977075e-05,1.44543977075e-05,1.44543977075e-05,1.44543977075e-05,10,X50 Z56 Y57 Y62 Z63 X68,0.983555555556,0.00341434132626,0.983555555556,0.00341434132626
1.44543977075e-05,1.44543977075e-05,1.44543977075e-05,1.44543977075e-05,1.44543977075e-05,1.44543977075e-05,1.44543977075e-05,1.44543977075e-05,1.44543977075e-05,1.44543977075e-05,1.44543977075e-05,1.44543977075e-05,1.44543977075e-05,1.44543977075e-05,1.44543977075e-05,1.44543977075e-05,1.44543977075e-05,1.44543977075e-05,10,X51 Z57 Y58 Y63 Z64 X69,0.982822222222,0.00377807075718,0.982822222222,0.00377807075718
1.44543977075e-05,1.44543977075e-05,1.44543977075e-05,1.44543977075e-05,1.44543977075e-05,1.44543977075e-05,1.44543977075e-05,1.44543977075e-05,1.44543977075e-05,1.44543977075e-05,1.44543977075e-05,1.44543977075e-05,1.44543977075e-05,1.44543977075e-05,1.44543977075e-05,1.44543977075e-05,1.44543977075e-05,1.44543977075e-05,10,X52 Z58 Y59 Y64 Z65 X70,0.983644444444,0.00299032069851,0.983644444444,0.00299032069851
1.44543977075e-05,1.44543977075e-05,1.44543977075e-05,1.44543977075e-05,1.44543977075e-05,1.44543977075e-05,1.44543977075e-05,1.44543977075e-05,1.44543977075e-05,1.44543977075e-05,1.44543977075e-05,1.44543977075e-05,1.44543977075e-05,1.44543977075e-05,1.44543977075e-05,1.44543977075e-05,1.44543977075e-05,1.44543977075e-05,10,X53 Z59 Y60 Y65 Z66 X71,0.984422222222,0.00308491985692,0.984422222222,0.00308491985692
1.44543977075e-05,1.44543977075e-05,1.44543977075e-05,1.44543977075e-05,1.44543977075e-05,1.44543977075e-05,1.44543977075e-05,1.44543977075e-05,1.44543977075e-05,1.44543977075e-05,1.44543977075e-05,1.44543977075e-05,1.44543977075e-05,1.44543977075e-05,1.44543977075e-05,1.44543977075e-05,1.44543977075e-05,1.44543977075e-05,10,X54 Z60 Y61 Y66 Z67 X72,0.981955555556,0.003999744564,0.981955555556,0.003999744564
1.44543977075e-05,1.44543977075e-05,1.44543977075e-05,1.44543977075e-05,1.44543977075e-05,1.44543977075e-05,1.44543977075e-05,1.44543977075e-05,1.44543977075e-05,1.44543977075e-05,1.44543977075e-05,1.44543977075e-05,1.44543977075e-05,1.44543977075e-05,1.44543977075e-05,1.44543977075e-05,1.44543977075e-05,1.44543977075e-05,10,X56 X62,0.994333333333,0.0017309444192,0.994333333333,0.0017309444192
1.44543977075e-05,1.44543977075e-05,1.44543977075e-05,1.44543977075e-05,1.44543977075e-05,1.44543977075e-05,1.44543977075e-05,1.44543977075e-05,1.44543977075e-05,1.44543977075e-05,1.44543977075e-05,1.44543977075e-05,1.44543977075e-05,1.44543977075e-05,1.44543977075e-05,1.44543977075e-05,1.44543977075e-05,1.44543977075e-05,10,X57 X63,0.994733333333,0.00207410600231,0.994733333333,0.00207410600231
1.44543977075e-05,1.44543977075e-05,1.44543977075e-05,1.44543977075e-05,1.44543977075e-05,1.44543977075e-05,1.44543977075e-05,1.44543977075e-05,1.44543977075e-05,1.44543977075e-05,1.44543977075e-05,1.44543977075e-05,1.44543977075e-05,1.44543977075e-05,1.44543977075e-05,1.44543977075e-05,1.44543977075e-05,1.44543977075e-05,10,X58 X64,0.9946,0.00216803670213,0.9946,0.00216803670213
1.44543977075e-05,1.44543977075e-05,1.44543977075e-05,1.44543977075e-05,1.44543977075e-05,1.44543977075e-05,1.44543977075e-05,1.44543977075e-05,1.44543977075e-05,1.44543977075e-05,1.44543977075e-05,1.44543977075e-05,1.44543977075e-05,1.44543977075e-05,1.44543977075e-05,1.44543977075e-05,1.44543977075e-05,1.44543977075e-05,10,X59 X65,0.993911111111,0.00246186754849,0.993911111111,0.00246186754849
1.44543977075e-05,1.44543977075e-05,1.44543977075e-05,1.44543977075e-05,1.44543977075e-05,1.44543977075e-05,1.44543977075e-05,1.44543977075e-05,1.44543977075e-05,1.44543977075e-05,1.44543977075e-05,1.44543977075e-05,1.44543977075e-05,1.44543977075e-05,1.44543977075e-05,1.44543977075e-05,1.44543977075e-05,1.44543977075e-05,10,X6 X9,0.994355555556,0.00229430969148,0.994355555556,0.00229430969148
1.44543977075e-05,1.44543977075e-05,1.44543977075e-05,1.44543977075e-05,1.44543977075e-05,1.44543977075e-05,1.44543977075e-05,1.44543977075e-05,1.44543977075e-05,1.44543977075e-05,1.44543977075e-05,1.44543977075e-05,1.44543977075e-05,1.44543977075e-05,1.44543977075e-05,1.44543977075e-05,1.44543977075e-05,1.44543977075e-05,10,X60 X66,0.994044444444,0.00166949950821,0.994044444444,0.00166949950821
1.44543977075e-05,1.44543977075e-05,1.44543977075e-05,1.44543977075e-05,1.44543977075e-05,1.44543977075e-05,1.44543977075e-05,1.44543977075e-05,1.44543977075e-05,1.44543977075e-05,1.44543977075e-05,1.44543977075e-05,1.44543977075e-05,1.44543977075e-05,1.44543977075e-05,1.44543977075e-05,1.44543977075e-05,1.44543977075e-05,10,X61 X67,0.994711111111,0.00209310734071,0.994711111111,0.00209310734071
1.44543977075e-05,1.44543977075e-05,1.44543977075e-05,1.44543977075e-05,1.44543977075e-05,1.44543977075e-05,1.44543977075e-05,1.44543977075e-05,1.44543977075e-05,1.44543977075e-05,1.44543977075e-05,1.44543977075e-05,1.44543977075e-05,1.44543977075e-05,1.44543977075e-05,1.44543977075e-05,1.44543977075e-05,1.44543977075e-05,10,X63 Z68 Y69 Y73 Z74 X78,0.983311111111,0.00232582261364,0.983311111111,0.00232582261364
1.44543977075e-05,1.44543977075e-05,1.44543977075e-05,1.44543977075e-05,1.44543977075e-05,1.44543977075e-05,1.44543977075e-05,1.44543977075e-05,1.44543977075e-05,1.44543977075e-05,1.44543977075e-05,1.44543977075e-05,1.44543977075e-05,1.44543977075e-05,1.44543977075e-05,1.44543977075e-05,1.44543977075e-05,1.44543977075e-05,10,X64 Z69 Y70 Y74 Z75 X79,0.984844444444,0.00304718113986,0.984844444444,0.00304718113986
1.44543977075e-05,1.44543977075e-05,1.44543977075e-05,1.44543977075e-05,1.44543977075e-05,1.44543977075e-05,1.44543977075e-05,1.44543977075e-05,1.44543977075e-05,1.44543977075e-05,1.44543977075e-05,1.44543977075e-05,1.44543977075e-05,1.44543977075e-05,1.44543977075e-05,1.44543977075e-05,1.44543977075e-05,1.44543977075e-05,10,X65 Z70 Y71 Y75 Z76 X80,0.9822,0.00299245539182,0.9822,0.00299245539182
1.44543977075e-05,1.44543977075e-05,1.44543977075e-05,1.44543977075e-05,1.44543977075e-05,1.44543977075e-05,1.44543977075e-05,1.44543977075e-05,1.44543977075e-05,1.44543977075e-05,1.44543977075e-05,1.44543977075e-05,1.44543977075e-05,1.44543977075e-05,1.44543977075e-05,1.44543977075e-05,1.44543977075e-05,1.44543977075e-05,10,X66 Z71 Y72 Y76 Z77 X81,0.982488888889,0.00368878733184,0.982488888889,0.00368878733184
1.44543977075e-05,1.44543977075e-05,1.44543977075e-05,1.44543977075e-05,1.44543977075e-05,1.44543977075e-05,1.44543977075e-05,1.44543977075e-05,1.44543977075e-05,1.44543977075e-05,1.44543977075e-05,1.44543977075e-05,1.44543977075e-05,1.44543977075e-05,1.44543977075e-05,1.44543977075e-05,1.44543977075e-05,1.44543977075e-05,10,X67 Z72 Y77,0.988777777778,0.00289315923695,0.988777777778,0.00289315923695
1.44543977075e-05,1.44543977075e-05,1.44543977075e-05,1.44543977075e-05,1.44543977075e-05,1.44543977075e-05,1.44543977075e-05,1.44543977075e-05,1.44543977075e-05,1.44543977075e-05,1.44543977075e-05,1.44543977075e-05,1.44543977075e-05,1.44543977075e-05,1.44543977075e-05,1.44543977075e-05,1.44543977075e-05,1.44543977075e-05,10,X68 X73,0.993955555556,0.00201095340293,0.993955555556,0.00201095340293
1.44543977075e-05,1.44543977075e-05,1.44543977075e-05,1.44543977075e-05,1.44543977075e-05,1.44543977075e-05,1.44543977075e-05,1.44543977075e-05,1.44543977075e-05,1.44543977075e-05,1.44543977075e-05,1.44543977075e-05,1.44543977075e-05,1.44543977075e-05,1.44543977075e-05,1.44543977075e-05,1.44543977075e-05,1.44543977075e-05,10,X69 X74,0.993955555556,0.00178485182603,0.993955555556,0.00178485182603
1.44543977075e-05,1.44543977075e-05,1.44543977075e-05,1.44543977075e-05,1.44543977075e-05,1.44543977075e-05,1.44543977075e-05,1.44543977075e-05,1.44543977075e-05,1.44543977075e-05,1.44543977075e-05,1.44543977075e-05,1.44543977075e-05,1.44543977075e-05,1.44543977075e-05,1.44543977075e-05,1.44543977075e-05,1.44543977075e-05,10,X7 X10,0.994177777778,0.00227552921441,0.994177777778,0.00227552921441
1.44543977075e-05,1.44543977075e-05,1.44543977075e-05,1.44543977075e-05,1.44543977075e-05,1.44543977075e-05,1.44543977075e-05,1.44543977075e-05,1.44543977075e-05,1.44543977075e-05,1.44543977075e-05,1.44543977075e-05,1.44543977075e-05,1.44543977075e-05,1.44543977075e-05,1.44543977075e-05,1.44543977075e-05,1.44543977075e-05,10,X70 X75,0.994066666667,0.00178842596519,0.994066666667,0.00178842596519
1.44543977075e-05,1.44543977075e-05,1.44543977075e-05,1.44543977075e-05,1.44543977075e-05,1.44543977075e-05,1.44543977075e-05,1.44543977075e-05,1.44543977075e-05,1.44543977075e-05,1.44543977075e-05,1.44543977075e-05,1.44543977075e-05,1.44543977075e-05,1.44543977075e-05,1.44543977075e-05,1.44543977075e-05,1.44543977075e-05,10,X71 X76,0.994111111111,0.00213766323046,0.994111111111,0.00213766323046
1.44543977075e-05,1.44543977075e-05,1.44543977075e-05,1.44543977075e-05,1.44543977075e-05,1.44543977075e-05,1.44543977075e-05,1.44543977075e-05,1.44543977075e-05,1.44543977075e-05,1.44543977075e-05,1.44543977075e-05,1.44543977075e-05,1.44543977075e-05,1.44543977075e-05,1.44543977075e-05,1.44543977075e-05,1.44543977075e-05,10,X72 X77,0.994022222222,0.00172858175723,0.994022222222,0.00172858175723
1.44543977075e-05,1.44543977075e-05,1.44543977075e-05,1.44543977075e-05,1.44543977075e-05,1.44543977075e-05,1.44543977075e-05,1.44543977075e-05,1.44543977075e-05,1.44543977075e-05,1.44543977075e-05,1.44543977075e-05,1.44543977075e-05,1.44543977075e-05,1.44543977075e-05,1.44543977075e-05,1.44543977075e-05,1.44543977075e-05,10,X73 Y78 Z82,0.989955555556,0.00255473916662,0.989955555556,0.00255473916662
1.44543977075e-05,1.44543977075e-05,1.44543977075e-05,1.44543977075e-05,1.44543977075e-05,1.44543977075e-05,1.44543977075e-05,1.44543977075e-05,1.44543977075e-05,1.44543977075e-05,1.44543977075e-05,1.44543977075e-05,1.44543977075e-05,1.44543977075e-05,1.44543977075e-05,1.44543977075e-05,1.44543977075e-05,1.44543977075e-05,10,X74 Z78 Y79 Y82 Z83 X86,0.984288888889,0.00363753667368,0.984288888889,0.00363753667368
1.44543977075e-05,1.44543977075e-05,1.44543977075e-05,1.44543977075e-05,1.44543977075e-05,1.44543977075e-05,1.44543977075e-05,1.44543977075e-05,1.44543977075e-05,1.44543977075e-05,1.44543977075e-05,1.44543977075e-05,1.44543977075e-05,1.44543977075e-05,1.44543977075e-05,1.44543977075e-05,1.44543977075e-05,1.44543977075e-05,10,X75 Z79 Y80 Y83 Z84 X87,0.984177777778,0.00287642462899,0.984177777778,0.00287642462899
1.44543977075e-05,1.44543977075e-05,1.44543977075e-05,1.44543977075e-05,1.44543977075e-05,1.44543977075e-05,1.44543977075e-05,1.44543977075e-05,1.44543977075e-05,1.44543977075e-05,1.44543977075e-05,1.44543977075e-05,1.44543977075e-05,1.44543977075e-05,1.44543977075e-05,1.44543977075e-05,1.44543977075e-05,1.44543977075e-05,10,X76 Z80 Y81 Y84 Z85 X88,0.982022222222,0.00335159747276,0.982022222222,0.00335159747276
1.44543977075e-05,1.44543977075e-05,1.44543977075e-05,1.44543977075e-05,1.44543977075e-05,1.44543977075e-05,1.44543977075e-05,1.44543977075e-05,1.44543977075e-05,1.44543977075e-05,1.44543977075e-05,1.44543977075e-05,1.44543977075e-05,1.44543977075e-05,1.44543977075e-05,1.44543977075e-05,1.44543977075e-05,1.44543977075e-05,10,X78 X82,0.9948,0.00206707448701,0.9948,0.00206707448701
1.44543977075e-05,1.44543977075e-05,1.44543977075e-05,1.44543977075e-05,1.44543977075e-05,1.44543977075e-05,1.44543977075e-05,1.44543977075e-05,1.44543977075e-05,1.44543977075e-05,1.44543977075e-05,1.44543977075e-05,1.44543977075e-05,1.44543977075e-05,1.44543977075e-05,1.44543977075e-05,1.44543977075e-05,1.44543977075e-05,10,X79 X83,0.993822222222,0.00204121016869,0.993822222222,0.00204121016869
1.44543977075e-05,1.44543977075e-05,1.44543977075e-05,1.44543977075e-05,1.44543977075e-05,1.44543977075e-05,1.44543977075e-05,1.44543977075e-05,1.44543977075e-05,1.44543977075e-05,1.44543977075e-05,1.44543977075e-05,1.44543977075e-05,1.44543977075e-05,1.44543977075e-05,1.44543977075e-05,1.44543977075e-05,1.44543977075e-05,10,X8 X11,0.994111111111,0.00186997517416,0.994111111111,0.00186997517416
1.44543977075e-05,1.44543977075e-05,1.44543977075e-05,1.44543977075e-05,1.44543977075e-05,1.44543977075e-05,1.44543977075e-05,1.44543977075e-05,1.44543977075e-05,1.44543977075e-05,1.44543977075e-05,1.44543977075e-05,1.44543977075e-05,1.44543977075e-05,1.44543977075e-05,1.44543977075e-05,1.44543977075e-05,1.44543977075e-05,10,X80 X84,0.994555555556,0.00210151073798,0.994555555556,0.00210151073798
1.44543977075e-05,1.44543977075e-05,1.44543977075e-05,1.44543977075e-05,1.44543977075e-05,1.44543977075e-05,1.44543977075e-05,1.44543977075e-05,1.44543977075e-05,1.44543977075e-05,1.44543977075e-05,1.44543977075e-05,1.44543977075e-05,1.44543977075e-05,1.44543977075e-05,1.44543977075e-05,1.44543977075e-05,1.44543977075e-05,10,X81 X85,0.994488888889,0.00194903126214,0.994488888889,0.00194903126214
1.44543977075e-05,1.44543977075e-05,1.44543977075e-05,1.44543977075e-05,1.44543977075e-05,1.44543977075e-05,1.44543977075e-05,1.44543977075e-05,1.44543977075e-05,1.44543977075e-05,1.44543977075e-05,1.44543977075e-05,1.44543977075e-05,1.44543977075e-05,1.44543977075e-05,1.44543977075e-05,1.44543977075e-05,1.44543977075e-05,10,X83 Z86 Y87 Y89 Z90 X92,0.983955555556,0.00363437539979,0.983955555556,0.00363437539979
1.44543977075e-05,1.44543977075e-05,1.44543977075e-05,1.44543977075e-05,1.44543977075e-05,1.44543977075e-05,1.44543977075e-05,1.44543977075e-05,1.44543977075e-05,1.44543977075e-05,1.44543977075e-05,1.44543977075e-05,1.44543977075e-05,1.44543977075e-05,1.44543977075e-05,1.44543977075e-05,1.44543977075e-05,1.44543977075e-05,10,X84 Z87 Y88 Y90 Z91 X93,0.984422222222,0.00345516808018,0.984422222222,0.00345516808018
1.44543977075e-05,1.44543977075e-05,1.44543977075e-05,1.44543977075e-05,1.44543977075e-05,1.44543977075e-05,1.44543977075e-05,1.44543977075e-05,1.44543977075e-05,1.44543977075e-05,1.44543977075e-05,1.44543977075e-05,1.44543977075e-05,1.44543977075e-05,1.44543977075e-05,1.44543977075e-05,1.44543977075e-05,1.44543977075e-05,10,X85 Z88 Y91,0.988866666667,0.00264444766412,0.988866666667,0.00264444766412
1.44543977075e-05,1.44543977075e-05,1.44543977075e-05,1.44543977075e-05,1.44543977075e-05,1.44543977075e-05,1.44543977075e-05,1.44543977075e-05,1.44543977075e-05,1.44543977075e-05,1.44543977075e-05,1.44543977075e-05,1.44543977075e-05,1.44543977075e-05,1.44543977075e-05,1.44543977075e-05,1.44543977075e-05,1.44543977075e-05,10,X86 X89,0.994177777778,0.00176759536062,0.994177777778,0.00176759536062
1.44543977075e-05,1.44543977075e-05,1.44543977075e-05,1.44543977075e-05,1.44543977075e-05,1.44543977075e-05,1.44543977075e-05,1.44543977075e-05,1.44543977075e-05,1.44543977075e-05,1.44543977075e-05,1.44543977075e-05,1.44543977075e-05,1.44543977075e-05,1.44543977075e-05,1.44543977075e-05,1.44543977075e-05,1.44543977075e-05,10,X87 X90,0.995,0.00169515875905,0.995,0.00169515875905
1.44543977075e-05,1.44543977075e-05,1.44543977075e-05,1.44543977075e-05,1.44543977075e-05,1.44543977075e-05,1.44543977075e-05,1.44543977075e-05,1.44543977075e-05,1.44543977075e-05,1.44543977075e-05,1.44543977075e-05,1.44543977075e-05,1.44543977075e-05,1.44543977075e-05,1.44543977075e-05,1.44543977075e-05,1.44543977075e-05,10,X88 X91,0.994355555556,0.00257743424848,0.994355555556,0.00257743424848
1.44543977075e-05,1.44543977075e-05,1.44543977075e-05,1.44543977075e-05,1.44543977075e-05,1.44543977075e-05,1.44543977075e-05,1.44543977075e-05,1.44543977075e-05,1.44543977075e-05,1.44543977075e-05,1.44543977075e-05,1.44543977075e-05,1.44543977075e-05,1.44543977075e-05,1.44543977075e-05,1.44543977075e-05,1.44543977075e-05,10,X89 Y92 Z94,0.988111111111,0.00261491937171,0.988111111111,0.00261491937171
1.44543977075e-05,1.44543977075e-05,1.44543977075e-05,1.44543977075e-05,1.44543977075e-05,1.44543977075e-05,1.44543977075e-05,1.44543977075e-05,1.44543977075e-05,1.44543977075e-05,1.44543977075e-05,1.44543977075e-05,1.44543977075e-05,1.44543977075e-05,1.44543977075e-05,1.44543977075e-05,1.44543977075e-05,1.44543977075e-05,10,X9 Z12 Y13 Y16 Z17 X21,0.982311111111,0.00372928077802,0.982311111111,0.00372928077802
1.44543977075e-05,1.44543977075e-05,1.44543977075e-05,1.44543977075e-05,1.44543977075e-05,1.44543977075e-05,1.44543977075e-05,1.44543977075e-05,1.44543977075e-05,1.44543977075e-05,1.44543977075e-05,1.44543977075e-05,1.44543977075e-05,1.44543977075e-05,1.44543977075e-05,1.44543977075e-05,1.44543977075e-05,1.44543977075e-05,10,X90 Z92 Y93 Y94 Z95 X96,0.983333333333,0.00347955165122,0.983333333333,0.00347955165122
1.44543977075e-05,1.44543977075e-05,1.44543977075e-05,1.44543977075e-05,1.44543977075e-05,1.44543977075e-05,1.44543977075e-05,1.44543977075e-05,1.44543977075e-05,1.44543977075e-05,1.44543977075e-05,1.44543977075e-05,1.44543977075e-05,1.44543977075e-05,1.44543977075e-05,1.44543977075e-05,1.44543977075e-05,1.44543977075e-05,10,X92 X94,0.995044444444,0.0018418991809,0.995044444444,0.0018418991809
1.44543977075e-05,1.44543977075e-05,1.44543977075e-05,1.44543977075e-05,1.44543977075e-05,1.44543977075e-05,1.44543977075e-05,1.44543977075e-05,1.44543977075e-05,1.44543977075e-05,1.44543977075e-05,1.44543977075e-05,1.44543977075e-05,1.44543977075e-05,1.44543977075e-05,1.44543977075e-05,1.44543977075e-05,1.44543977075e-05,10,X93 X95,0.994311111111,0.00232087533581,0.994311111111,0.00232087533581
1.44543977075e-05,1.44543977075e-05,1.44543977075e-05,1.44543977075e-05,1.44543977075e-05,1.44543977075e-05,1.44543977075e-05,1.44543977075e-05,1.44543977075e-05,1.44543977075e-05,1.44543977075e-05,1.44543977075e-05,1.44543977075e-05,1.44543977075e-05,1.44543977075e-05,1.44543977075e-05,1.44543977075e-05,1.44543977075e-05,10,X95 Z96 Y97,0.989533333333,0.00331327297061,0.989533333333,0.00331327297061
1.44543977075e-05,1.44543977075e-05,1.44543977075e-05,1.44543977075e-05,1.44543977075e-05,1.44543977075e-05,1.44543977075e-05,1.44543977075e-05,1.44543977075e-05,1.44543977075e-05,1.44543977075e-05,1.44543977075e-05,1.44543977075e-05,1.44543977075e-05,1.44543977075e-05,1.44543977075e-05,1.44543977075e-05,1.44543977075e-05,10,X96 X97,0.994311111111,0.00194745798224,0.994311111111,0.00194745798224
1.44543977075e-05,1.44543977075e-05,1.44543977075e-05,1.44543977075e-05,1.44543977075e-05,1.44543977075e-05,1.44543977075e-05,1.44543977075e-05,1.44543977075e-05,1.44543977075e-05,1.44543977075e-05,1.44543977075e-05,1.44543977075e-05,1.44543977075e-05,1.44543977075e-05,1.44543977075e-05,1.44543977075e-05,1.44543977075e-05,10,Y0 Z1 X2,0.988244444444,0.00311458481496,0.988244444444,0.00311458481496
1.44543977075e-05,1.44543977075e-05,1.44543977075e-05,1.44543977075e-05,1.44543977075e-05,1.44543977075e-05,1.44543977075e-05,1.44543977075e-05,1.44543977075e-05,1.44543977075e-05,1.44543977075e-05,1.44543977075e-05,1.44543977075e-05,1.44543977075e-05,1.44543977075e-05,1.44543977075e-05,1.44543977075e-05,1.44543977075e-05,10,Y20 Z25 X30,0.988666666667,0.002762640749,0.988666666667,0.002762640749
1.44543977075e-05,1.44543977075e-05,1.44543977075e-05,1.44543977075e-05,1.44543977075e-05,1.44543977075e-05,1.44543977075e-05,1.44543977075e-05,1.44543977075e-05,1.44543977075e-05,1.44543977075e-05,1.44543977075e-05,1.44543977075e-05,1.44543977075e-05,1.44543977075e-05,1.44543977075e-05,1.44543977075e-05,1.44543977075e-05,10,Y6 Z9 X12,0.989288888889,0.00332151160406,0.989288888889,0.00332151160406
1.44543977075e-05,1.44543977075e-05,1.44543977075e-05,1.44543977075e-05,1.44543977075e-05,1.44543977075e-05,1.44543977075e-05,1.44543977075e-05,1.44543977075e-05,1.44543977075e-05,1.44543977075e-05,1.44543977075e-05,1.44543977075e-05,1.44543977075e-05,1.44543977075e-05,1.44543977075e-05,1.44543977075e-05,1.44543977075e-05,10,Z15 Y19 X24,0.988977777778,0.00214946011814,0.988977777778,0.00214946011814
1.44543977075e-05,1.44543977075e-05,1.44543977075e-05,1.44543977075e-05,1.44543977075e-05,1.44543977075e-05,1.44543977075e-05,1.44543977075e-05,1.44543977075e-05,1.44543977075e-05,1.44543977075e-05,1.44543977075e-05,1.44543977075e-05,1.44543977075e-05,1.44543977075e-05,1.44543977075e-05,1.44543977075e-05,1.44543977075e-05,10,Z3 Y5 X8,0.988977777778,0.00260699520717,0.988977777778,0.00260699520717
1.44543977075e-05,1.44543977075e-05,1.44543977075e-05,1.44543977075e-05,1.44543977075e-05,1.44543977075e-05,1.44543977075e-05,1.44543977075e-05,1.44543977075e-05,1.44543977075e-05,1.44543977075e-05,1.44543977075e-05,1.44543977075e-05,1.44543977075e-05,1.44543977075e-05,1.44543977075e-05,1.44543977075e-05,1.44543977075e-05,10,Z35 Y41 X48,0.989133333333,0.00301795393885,0.989133333333,0.00301795393885
