g1_x,g1_y,g1_z,IX,IY,IZ,XI,XX,XY,XZ,YI,YX,YY,YZ,ZI,ZX,ZY,ZZ,round,operator,mean,std,mean_signed,std_signed
3.0199517204e-05,3.0199517204e-05,3.0199517204e-05,3.0199517204e-05,3.0199517204e-05,3.0199517204e-05,3.0199517204e-05,3.0199517204e-05,3.0199517204e-05,3.0199517204e-05,3.0199517204e-05,3.0199517204e-05,3.0199517204e-05,3.0199517204e-05,3.0199517204e-05,3.0199517204e-05,3.0199517204e-05,3.0199517204e-05,1,Logical X,0.993333333333,0.00264936918683,0.993177777778,0.00176542644243
3.0199517204e-05,3.0199517204e-05,3.0199517204e-05,3.0199517204e-05,3.0199517204e-05,3.0199517204e-05,3.0199517204e-05,3.0199517204e-05,3.0199517204e-05,3.0199517204e-05,3.0199517204e-05,3.0199517204e-05,3.0199517204e-05,3.0199517204e-05,3.0199517204e-05,3.0199517204e-05,3.0199517204e-05,3.0199517204e-05,1,Logical Y,0.0152,0.0123826599808,0.00451111111111,0.0176883911827
3.0199517204e-05,3.0199517204e-05,3.0199517204e-05,3.0199517204e-05,3.0199517204e-05,3.0199517204e-05,3.0199517204e-05,3.0199517204e-05,3.0199517204e-05,3.0199517204e-05,3.0199517204e-05,3.0199517204e-05,3.0199517204e-05,3.0199517204e-05,3.0199517204e-05,3.0199517204e-05,3.0199517204e-05,3.0199517204e-05,1,Logical Z,0.0151555555556,0.0121433750708,0.00117777777778,0.0168906179796
3.0199517204e-05,3.0199517204e-05,3.0199517204e-05,3.0199517204e-05,3.0199517204e-05,3.0199517204e-05,3.0199517204e-05,3.0199517204e-05,3.0199517204e-05,3.0199517204e-05,3.0199517204e-05,3.0199517204e-05,3.0199517204e-05,3.0199517204e-05,3.0199517204e-05,3.0199517204e-05,3.0199517204e-05,3.0199517204e-05,1,X0 X1,0.994333333333,0.00216379119537,0.994333333333,0.00216379119537
3.0199517204e-05,3.0199517204e-05,3.0199517204e-05,3.0199517204e-05,3.0199517204e-05,3.0199517204e-05,3.0199517204e-05,3.0199517204e-05,3.0199517204e-05,3.0199517204e-05,3.0199517204e-05,3.0199517204e-05,3.0199517204e-05,3.0199517204e-05,3.0199517204e-05,3.0199517204e-05,3.0199517204e-05,3.0199517204e-05,1,X1 Z2 Y3 Y4 Z5 X7,0.982444444444,0.00313835905744,0.982444444444,0.00313835905744
3.0199517204e-05,3.0199517204e-05,3.0199517204e-05,3.0199517204e-05,3.0199517204e-05,3.0199517204e-05,3.0199517204e-05,3.0199517204e-05,3.0199517204e-05,3.0199517204e-05,3.0199517204e-05,3.0199517204e-05,3.0199517204e-05,3.0199517204e-05,3.0199517204e-05,3.0199517204e-05,3.0199517204e-05,3.0199517204e-05,1,X10 Z13 Y14 Y17 Z18 X22,0.983244444444,0.00358256028372,0.983244444444,0.00358256028372
3.0199517204e-05,3.0199517204e-05,3.0199517204e-05,3.0199517204e-05,3.0199517204e-05,3.0199517204e-05,3.0199517204e-05,3.0199517204e-05,3.0199517204e-05,3.0199517204e-05,3.0199517204e-05,3.0199517204e-05,3.0199517204e-05,3.0199517204e-05,3.0199517204e-05,3.0199517204e-05,3.0199517204e-05,3.0199517204e-05,1,X11 Z14 Y15 Y18 Z19 X23,0.983644444444,0.00287002387395,0.983644444444,0.00287002387395
3.0199517204e-05,3.0199517204e-05,3.0199517204e-05,3.0199517204e-05,3.0199517204e-05,3.0199517204e-05,3.0199517204e-05,3.0199517204e-05,3.0199517204e-05,3.0199517204e-05,3.0199517204e-05,3.0199517204e-05,3.0199517204e-05,3.0199517204e-05,3.0199517204e-05,3.0199517204e-05,3.0199517204e-05,3.0199517204e-05,1,X12 X16,0.993177777778,0.00231393137676,0.993177777778,0.00231393137676
3.0199517204e-05,3.0199517204e-05,3.0199517204e-05,3.0199517204e-05,3.0199517204e-05,3.0199517204e-05,3.0199517204e-05,3.0199517204e-05,3.0199517204e-05,3.0199517204e-05,3.0199517204e-05,3.0199517204e-05,3.0199517204e-05,3.0199517204e-05,3.0199517204e-05,3.0199517204e-05,3.0199517204e-05,3.0199517204e-05,1,X13 X17,0.994266666667,0.00161031159975,0.994266666667,0.00161031159975
3.0199517204e-05,3.0199517204e-05,3.0199517204e-05,3.0199517204e-05,3.0199517204e-05,3.0199517204e-05,3.0199517204e-05,3.0199517204e-05,3.0199517204e-05,3.0199517204e-05,3.0199517204e-05,3.0199517204e-05,3.0199517204e-05,3.0199517204e-05,3.0199517204e-05,3.0199517204e-05,3.0199517204e-05,3.0199517204e-05,1,X14 X18,0.993977777778,0.00246653204562,0.993977777778,0.00246653204562
3.0199517204e-05,3.0199517204e-05,3.0199517204e-05,3.0199517204e-05,3.0199517204e-05,3.0199517204e-05,3.0199517204e-05,3.0199517204e-05,3.0199517204e-05,3.0199517204e-05,3.0199517204e-05,3.0199517204e-05,3.0199517204e-05,3.0199517204e-05,3.0199517204e-05,3.0199517204e-05,3.0199517204e-05,3.0199517204e-05,1,X15 X19,0.994177777778,0.00228895956443,0.994177777778,0.00228895956443
3.0199517204e-05,3.0199517204e-05,3.0199517204e-05,3.0199517204e-05,3.0199517204e-05,3.0199517204e-05,3.0199517204e-05,3.0199517204e-05,3.0199517204e-05,3.0199517204e-05,3.0199517204e-05,3.0199517204e-05,3.0199517204e-05,3.0199517204e-05,3.0199517204e-05,3.0199517204e-05,3.0199517204e-05,3.0199517204e-05,1,X16 Z20 Y21 Y25 Z26 X31,0.983977777778,0.0026751779879,0.983977777778,0.0026751779879
3.0199517204e-05,3.0199517204e-05,3.0199517204e-05,3.0199517204e-05,3.0199517204e-05,3.0199517204e-05,3.0199517204e-05,3.0199517204e-05,3.0199517204e-05,3.0199517204e-05,3.0199517204e-05,3.0199517204e-05,3.0199517204e-05,3.0199517204e-05,3.0199517204e-05,3.0199517204e-05,3.0199517204e-05,3.0199517204e-05,1,X17 Z21 Y22 Y26 Z27 X32,0.981222222222,0.0033497679148,0.981222222222,0.0033497679148
3.0199517204e-05,3.0199517204e-05,3.0199517204e-05,3.0199517204e-05,3.0199517204e-05,3.0199517204e-05,3.0199517204e-05,3.0199517204e-05,3.0199517204e-05,3.0199517204e-05,3.0199517204e-05,3.0199517204e-05,3.0199517204e-05,3.0199517204e-05,3.0199517204e-05,3.0199517204e-05,3.0199517204e-05,3.0199517204e-05,1,X18 Z22 Y23 Y27 Z28 X33,0.983022222222,0.00360813611612,0.983022222222,0.00360813611612
3.0199517204e-05,3.0199517204e-05,3.0199517204e-05,3.0199517204e-05,3.0199517204e-05,3.0199517204e-05,3.0199517204e-05,3.0199517204e-05,3.0199517204e-05,3.0199517204e-05,3.0199517204e-05,3.0199517204e-05,3.0199517204e-05,3.0199517204e-05,3.0199517204e-05,3.0199517204e-05,3.0199517204e-05,3.0199517204e-05,1,X19 Z23 Y24 Y28 Z29 X34,0.982644444444,0.00305496685377,0.982644444444,0.00305496685377
3.0199517204e-05,3.0199517204e-05,3.0199517204e-05,3.0199517204e-05,3.0199517204e-05,3.0199517204e-05,3.0199517204e-05,3.0199517204e-05,3.0199517204e-05,3.0199517204e-05,3.0199517204e-05,3.0199517204e-05,3.0199517204e-05,3.0199517204e-05,3.0199517204e-05,3.0199517204e-05,3.0199517204e-05,3.0199517204e-05,1,X2 X4,0.994133333333,0.00195269731908,0.994133333333,0.00195269731908
3.0199517204e-05,3.0199517204e-05,3.0199517204e-05,3.0199517204e-05,3.0199517204e-05,3.0199517204e-05,3.0199517204e-05,3.0199517204e-05,3.0199517204e-05,3.0199517204e-05,3.0199517204e-05,3.0199517204e-05,3.0199517204e-05,3.0199517204e-05,3.0199517204e-05,3.0199517204e-05,3.0199517204e-05,3.0199517204e-05,1,X20 X25,0.994466666667,0.00210927526549,0.994466666667,0.00210927526549
3.0199517204e-05,3.0199517204e-05,3.0199517204e-05,3.0199517204e-05,3.0199517204e-05,3.0199517204e-05,3.0199517204e-05,3.0199517204e-05,3.0199517204e-05,3.0199517204e-05,3.0199517204e-05,3.0199517204e-05,3.0199517204e-05,3.0199517204e-05,3.0199517204e-05,3.0199517204e-05,3.0199517204e-05,3.0199517204e-05,1,X21 X26,0.993422222222,0.00221961532916,0.993422222222,0.00221961532916
3.0199517204e-05,3.0199517204e-05,3.0199517204e-05,3.0199517204e-05,3.0199517204e-05,3.0199517204e-05,3.0199517204e-05,3.0199517204e-05,3.0199517204e-05,3.0199517204e-05,3.0199517204e-05,3.0199517204e-05,3.0199517204e-05,3.0199517204e-05,3.0199517204e-05,3.0199517204e-05,3.0199517204e-05,3.0199517204e-05,1,X22 X27,0.994111111111,0.0019264907316,0.994111111111,0.0019264907316
3.0199517204e-05,3.0199517204e-05,3.0199517204e-05,3.0199517204e-05,3.0199517204e-05,3.0199517204e-05,3.0199517204e-05,3.0199517204e-05,3.0199517204e-05,3.0199517204e-05,3.0199517204e-05,3.0199517204e-05,3.0199517204e-05,3.0199517204e-05,3.0199517204e-05,3.0199517204e-05,3.0199517204e-05,3.0199517204e-05,1,X23 X28,0.994133333333,0.00236448823167,0.994133333333,0.00236448823167
3.0199517204e-05,3.0199517204e-05,3.0199517204e-05,3.0199517204e-05,3.0199517204e-05,3.0199517204e-05,3.0199517204e-05,3.0199517204e-05,3.0199517204e-05,3.0199517204e-05,3.0199517204e-05,3.0199517204e-05,3.0199517204e-05,3.0199517204e-05,3.0199517204e-05,3.0199517204e-05,3.0199517204e-05,3.0199517204e-05,1,X24 X29,0.994466666667,0.00161553758416,0.994466666667,0.00161553758416
3.0199517204e-05,3.0199517204e-05,3.0199517204e-05,3.0199517204e-05,3.0199517204e-05,3.0199517204e-05,3.0199517204e-05,3.0199517204e-05,3.0199517204e-05,3.0199517204e-05,3.0199517204e-05,3.0199517204e-05,3.0199517204e-05,3.0199517204e-05,3.0199517204e-05,3.0199517204e-05,3.0199517204e-05,3.0199517204e-05,1,X25 Z30 Y31 Y36 Z37 X43,0.981688888889,0.0034651337607,0.981688888889,0.0034651337607
3.0199517204e-05,3.0199517204e-05,3.0199517204e-05,3.0199517204e-05,3.0199517204e-05,3.0199517204e-05,3.0199517204e-05,3.0199517204e-05,3.0199517204e-05,3.0199517204e-05,3.0199517204e-05,3.0199517204e-05,3.0199517204e-05,3.0199517204e-05,3.0199517204e-05,3.0199517204e-05,3.0199517204e-05,3.0199517204e-05,1,X26 Z31 Y32 Y37 Z38 X44,0.981888888889,0.00335890573923,0.981888888889,0.00335890573923
3.0199517204e-05,3.0199517204e-05,3.0199517204e-05,3.0199517204e-05,3.0199517204e-05,3.0199517204e-05,3.0199517204e-05,3.0199517204e-05,3.0199517204e-05,3.0199517204e-05,3.0199517204e-05,3.0199517204e-05,3.0199517204e-05,3.0199517204e-05,3.0199517204e-05,3.0199517204e-05,3.0199517204e-05,3.0199517204e-05,1,X27 Z32 Y33 Y38 Z39 X45,0.981644444444,0.0034695537639,0.981644444444,0.0034695537639
3.0199517204e-05,3.0199517204e-05,3.0199517204e-05,3.0199517204e-05,3.0199517204e-05,3.0199517204e-05,3.0199517204e-05,3.0199517204e-05,3.0199517204e-05,3.0199517204e-05,3.0199517204e-05,3.0199517204e-05,3.0199517204e-05,3.0199517204e-05,3.0199517204e-05,3.0199517204e-05,3.0199517204e-05,3.0199517204e-05,1,X28 Z33 Y34 Y39 Z40 X46,0.982466666667,0.00350653467694,0.982466666667,0.00350653467694
3.0199517204e-05,3.0199517204e-05,3.0199517204e-05,3.0199517204e-05,3.0199517204e-05,3.0199517204e-05,3.0199517204e-05,3.0199517204e-05,3.0199517204e-05,3.0199517204e-05,3.0199517204e-05,3.0199517204e-05,3.0199517204e-05,3.0199517204e-05,3.0199517204e-05,3.0199517204e-05,3.0199517204e-05,3.0199517204e-05,1,X29 Z34 Y35 Y40 Z41 X47,0.982555555556,0.00303281331065,0.982555555556,0.00303281331065
3.0199517204e-05,3.0199517204e-05,3.0199517204e-05,3.0199517204e-05,3.0199517204e-05,3.0199517204e-05,3.0199517204e-05,3.0199517204e-05,3.0199517204e-05,3.0199517204e-05,3.0199517204e-05,3.0199517204e-05,3.0199517204e-05,3.0199517204e-05,3.0199517204e-05,3.0199517204e-05,3.0199517204e-05,3.0199517204e-05,1,X3 X5,0.994711111111,0.00189318870528,0.994711111111,0.00189318870528
3.0199517204e-05,3.0199517204e-05,3.0199517204e-05,3.0199517204e-05,3.0199517204e-05,3.0199517204e-05,3.0199517204e-05,3.0199517204e-05,3.0199517204e-05,3.0199517204e-05,3.0199517204e-05,3.0199517204e-05,3.0199517204e-05,3.0199517204e-05,3.0199517204e-05,3.0199517204e-05,3.0199517204e-05,3.0199517204e-05,1,X30 X36,0.993511111111,0.00220019736721,0.993511111111,0.00220019736721
3.0199517204e-05,3.0199517204e-05,3.0199517204e-05,3.0199517204e-05,3.0199517204e-05,3.0199517204e-05,3.0199517204e-05,3.0199517204e-05,3.0199517204e-05,3.0199517204e-05,3.0199517204e-05,3.0199517204e-05,3.0199517204e-05,3.0199517204e-05,3.0199517204e-05,3.0199517204e-05,3.0199517204e-05,3.0199517204e-05,1,X31 X37,0.9928,0.00180590771691,0.9928,0.00180590771691
3.0199517204e-05,3.0199517204e-05,3.0199517204e-05,3.0199517204e-05,3.0199517204e-05,3.0199517204e-05,3.0199517204e-05,3.0199517204e-05,3.0199517204e-05,3.0199517204e-05,3.0199517204e-05,3.0199517204e-05,3.0199517204e-05,3.0199517204e-05,3.0199517204e-05,3.0199517204e-05,3.0199517204e-05,3.0199517204e-05,1,X32 X38,0.993844444444,0.00157259415067,0.993844444444,0.00157259415067
3.0199517204e-05,3.0199517204e-05,3.0199517204e-05,3.0199517204e-05,3.0199517204e-05,3.0199517204e-05,3.0199517204e-05,3.0199517204e-05,3.0199517204e-05,3.0199517204e-05,3.0199517204e-05,3.0199517204e-05,3.0199517204e-05,3.0199517204e-05,3.0199517204e-05,3.0199517204e-05,3.0199517204e-05,3.0199517204e-05,1,X33 X39,0.993622222222,0.00240486947469,0.993622222222,0.00240486947469
3.0199517204e-05,3.0199517204e-05,3.0199517204e-05,3.0199517204e-05,3.0199517204e-05,3.0199517204e-05,3.0199517204e-05,3.0199517204e-05,3.0199517204e-05,3.0199517204e-05,3.0199517204e-05,3.0199517204e-05,3.0199517204e-05,3.0199517204e-05,3.0199517204e-05,3.0199517204e-05,3.0199517204e-05,3.0199517204e-05,1,X34 X40,0.994222222222,0.00138224464384,0.994222222222,0.00138224464384
3.0199517204e-05,3.0199517204e-05,3.0199517204e-05,3.0199517204e-05,3.0199517204e-05,3.0199517204e-05,3.0199517204e-05,3.0199517204e-05,3.0199517204e-05,3.0199517204e-05,3.0199517204e-05,3.0199517204e-05,3.0199517204e-05,3.0199517204e-05,3.0199517204e-05,3.0199517204e-05,3.0199517204e-05,3.0199517204e-05,1,X35 X41,0.994377777778,0.00210588180733,0.994377777778,0.00210588180733
3.0199517204e-05,3.0199517204e-05,3.0199517204e-05,3.0199517204e-05,3.0199517204e-05,3.0199517204e-05,3.0199517204e-05,3.0199517204e-05,3.0199517204e-05,3.0199517204e-05,3.0199517204e-05,3.0199517204e-05,3.0199517204e-05,3.0199517204e-05,3.0199517204e-05,3.0199517204e-05,3.0199517204e-05,3.0199517204e-05,1,X36 Z42 Y43 Y49 Z50 X56,0.981866666667,0.00314843511576,0.981866666667,0.00314843511576
3.0199517204e-05,3.0199517204e-05,3.0199517204e-05,3.0199517204e-05,3.0199517204e-05,3.0199517204e-05,3.0199517204e-05,3.0199517204e-05,3.0199517204e-05,3.0199517204e-05,3.0199517204e-05,3.0199517204e-05,3.0199517204e-05,3.0199517204e-05,3.0199517204e-05,3.0199517204e-05,3.0199517204e-05,3.0199517204e-05,1,X37 Z43 Y44 Y50 Z51 X57,0.981755555556,0.00329161634861,0.981755555556,0.00329161634861
3.0199517204e-05,3.0199517204e-05,3.0199517204e-05,3.0199517204e-05,3.0199517204e-05,3.0199517204e-05,3.0199517204e-05,3.0199517204e-05,3.0199517204e-05,3.0199517204e-05,3.0199517204e-05,3.0199517204e-05,3.0199517204e-05,3.0199517204e-05,3.0199517204e-05,3.0199517204e-05,3.0199517204e-05,3.0199517204e-05,1,X38 Z44 Y45 Y51 Z52 X58,0.983666666667,0.00377022007142,0.983666666667,0.00377022007142
3.0199517204e-05,3.0199517204e-05,3.0199517204e-05,3.0199517204e-05,3.0199517204e-05,3.0199517204e-05,3.0199517204e-05,3.0199517204e-05,3.0199517204e-05,3.0199517204e-05,3.0199517204e-05,3.0199517204e-05,3.0199517204e-05,3.0199517204e-05,3.0199517204e-05,3.0199517204e-05,3.0199517204e-05,3.0199517204e-05,1,X39 Z45 Y46 Y52 Z53 X59,0.981888888889,0.00317115028423,0.981888888889,0.00317115028423
3.0199517204e-05,3.0199517204e-05,3.0199517204e-05,3.0199517204e-05,3.0199517204e-05,3.0199517204e-05,3.0199517204e-05,3.0199517204e-05,3.0199517204e-05,3.0199517204e-05,3.0199517204e-05,3.0199517204e-05,3.0199517204e-05,3.0199517204e-05,3.0199517204e-05,3.0199517204e-05,3.0199517204e-05,3.0199517204e-05,1,X4 Z6 Y7 Y9 Z10 X13,0.983711111111,0.0038503951465,0.983711111111,0.0038503951465
3.0199517204e-05,3.0199517204e-05,3.0199517204e-05,3.0199517204e-05,3.0199517204e-05,3.0199517204e-05,3.0199517204e-05,3.0199517204e-05,3.0199517204e-05,3.0199517204e-05,3.0199517204e-05,3.0199517204e-05,3.0199517204e-05,3.0199517204e-05,3.0199517204e-05,3.0199517204e-05,3.0199517204e-05,3.0199517204e-05,1,X40 Z46 Y47 Y53 Z54 X60,0.982777777778,0.00403085164778,0.982777777778,0.00403085164778
3.0199517204e-05,3.0199517204e-05,3.0199517204e-05,3.0199517204e-05,3.0199517204e-05,3.0199517204e-05,3.0199517204e-05,3.0199517204e-05,3.0199517204e-05,3.0199517204e-05,3.0199517204e-05,3.0199517204e-05,3.0199517204e-05,3.0199517204e-05,3.0199517204e-05,3.0199517204e-05,3.0199517204e-05,3.0199517204e-05,1,X41 Z47 Y48 Y54 Z55 X61,0.981911111111,0.0036208562876,0.981911111111,0.0036208562876
3.0199517204e-05,3.0199517204e-05,3.0199517204e-05,3.0199517204e-05,3.0199517204e-05,3.0199517204e-05,3.0199517204e-05,3.0199517204e-05,3.0199517204e-05,3.0199517204e-05,3.0199517204e-05,3.0199517204e-05,3.0199517204e-05,3.0199517204e-05,3.0199517204e-05,3.0199517204e-05,3.0199517204e-05,3.0199517204e-05,1,X42 X49,0.993955555556,0.00205617159662,0.993955555556,0.00205617159662
3.0199517204e-05,3.0199517204e-05,3.0199517204e-05,3.0199517204e-05,3.0199517204e-05,3.0199517204e-05,3.0199517204e-05,3.0199517204e-05,3.0199517204e-05,3.0199517204e-05,3.0199517204e-05,3.0199517204e-05,3.0199517204e-05,3.0199517204e-05,3.0199517204e-05,3.0199517204e-05,3.0199517204e-05,3.0199517204e-05,1,X43 X50,0.993777777778,0.00202159478288,0.993777777778,0.00202159478288
3.0199517204e-05,3.0199517204e-05,3.0199517204e-05,3.0199517204e-05,3.0199517204e-05,3.0199517204e-05,3.0199517204e-05,3.0199517204e-05,3.0199517204e-05,3.0199517204e-05,3.0199517204e-05,3.0199517204e-05,3.0199517204e-05,3.0199517204e-05,3.0199517204e-05,3.0199517204e-05,3.0199517204e-05,3.0199517204e-05,1,X44 X51,0.994288888889,0.00179128014186,0.994288888889,0.00179128014186
3.0199517204e-05,3.0199517204e-05,3.0199517204e-05,3.0199517204e-05,3.0199517204e-05,3.0199517204e-05,3.0199517204e-05,3.0199517204e-05,3.0199517204e-05,3.0199517204e-05,3.0199517204e-05,3.0199517204e-05,3.0199517204e-05,3.0199517204e-05,3.0199517204e-05,3.0199517204e-05,3.0199517204e-05,3.0199517204e-05,1,X45 X52,0.993733333333,0.00176470287732,0.993733333333,0.00176470287732
3.0199517204e-05,3.0199517204e-05,3.0199517204e-05,3.0199517204e-05,3.0199517204e-05,3.0199517204e-05,3.0199517204e-05,3.0199517204e-05,3.0199517204e-05,3.0199517204e-05,3.0199517204e-05,3.0199517204e-05,3.0199517204e-05,3.0199517204e-05,3.0199517204e-05,3.0199517204e-05,3.0199517204e-05,3.0199517204e-05,1,X46 X53,0.994044444444,0.00219322071704,0.994044444444,0.00219322071704
3.0199517204e-05,3.0199517204e-05,3.0199517204e-05,3.0199517204e-05,3.0199517204e-05,3.0199517204e-05,3.0199517204e-05,3.0199517204e-05,3.0199517204e-05,3.0199517204e-05,3.0199517204e-05,3.0199517204e-05,3.0199517204e-05,3.0199517204e-05,3.0199517204e-05,3.0199517204e-05,3.0199517204e-05,3.0199517204e-05,1,X47 X54,0.994022222222,0.00235203235397,0.994022222222,0.00235203235397
3.0199517204e-05,3.0199517204e-05,3.0199517204e-05,3.0199517204e-05,3.0199517204e-05,3.0199517204e-05,3.0199517204e-05,3.0199517204e-05,3.0199517204e-05,3.0199517204e-05,3.0199517204e-05,3.0199517204e-05,3.0199517204e-05,3.0199517204e-05,3.0199517204e-05,3.0199517204e-05,3.0199517204e-05,3.0199517204e-05,1,X48 X55,0.993977777778,0.00197674862371,0.993977777778,0.00197674862371
3.0199517204e-05,3.0199517204e-05,3.0199517204e-05,3.0199517204e-05,3.0199517204e-05,3.0199517204e-05,3.0199517204e-05,3.0199517204e-05,3.0199517204e-05,3.0199517204e-05,3.0199517204e-05,3.0199517204e-05,3.0199517204e-05,3.0199517204e-05,3.0199517204e-05,3.0199517204e-05,3.0199517204e-05,3.0199517204e-05,1,X49 Y56 Z62,0.989733333333,0.00200841143073,0.989733333333,0.00200841143073
3.0199517204e-05,3.0199517204e-05,3.0199517204e-05,3.0199517204e-05,3.0199517204e-05,3.0199517204e-05,3.0199517204e-05,3.0199517204e-05,3.0199517204e-05,3.0199517204e-05,3.0199517204e-05,3.0199517204e-05,3.0199517204e-05,3.0199517204e-05,3.0199517204e-05,3.0199517204e-05,3.0199517204e-05,3.0199517204e-05,1,X5 Z7 Y8 Y10 Z11 X14,0.983511111111,0.00338549229948,0.983511111111,0.00338549229948
3.0199517204e-05,3.0199517204e-05,3.0199517204e-05,3.0199517204e-05,3.0199517204e-05,3.0199517204e-05,3.0199517204e-05,3.0199517204e-05,3.0199517204e-05,3.0199517204e-05,3.0199517204e-05,3.0199517204e-05,3.0199517204e-05,3.0199517204e-05,3.0199517204e-05,3.0199517204e-05,3.0199517204e-05,3.0199517204e-05,1,X50 Z56 Y57 Y62 Z63 X68,0.983066666667,0.00347778940666,0.983066666667,0.00347778940666
3.0199517204e-05,3.0199517204e-05,3.0199517204e-05,3.0199517204e-05,3.0199517204e-05,3.0199517204e-05,3.0199517204e-05,3.0199517204e-05,3.0199517204e-05,3.0199517204e-05,3.0199517204e-05,3.0199517204e-05,3.0199517204e-05,3.0199517204e-05,3.0199517204e-05,3.0199517204e-05,3.0199517204e-05,3.0199517204e-05,1,X51 Z57 Y58 Y63 Z64 X69,0.9816,0.00322632847092,0.9816,0.00322632847092
3.0199517204e-05,3.0199517204e-05,3.0199517204e-05,3.0199517204e-05,3.0199517204e-05,3.0199517204e-05,3.0199517204e-05,3.0199517204e-05,3.0199517204e-05,3.0199517204e-05,3.0199517204e-05,3.0199517204e-05,3.0199517204e-05,3.0199517204e-05,3.0199517204e-05,3.0199517204e-05,3.0199517204e-05,3.0199517204e-05,1,X52 Z58 Y59 Y64 Z65 X70,0.982266666667,0.00307056224337,0.982266666667,0.00307056224337
3.0199517204e-05,3.0199517204e-05,3.0199517204e-05,3.0199517204e-05,3.0199517204e-05,3.0199517204e-05,3.0199517204e-05,3.0199517204e-05,3.0199517204e-05,3.0199517204e-05,3.0199517204e-05,3.0199517204e-05,3.0199517204e-05,3.0199517204e-05,3.0199517204e-05,3.0199517204e-05,3.0199517204e-05,3.0199517204e-05,1,X53 Z59 Y60 Y65 Z66 X71,0.982511111111,0.0032314704117,0.982511111111,0.0032314704117
3.0199517204e-05,3.0199517204e-05,3.0199517204e-05,3.0199517204e-05,3.0199517204e-05,3.0199517204e-05,3.0199517204e-05,3.0199517204e-05,3.0199517204e-05,3.0199517204e-05,3.0199517204e-05,3.0199517204e-05,3.0199517204e-05,3.0199517204e-05,3.0199517204e-05,3.0199517204e-05,3.0199517204e-05,3.0199517204e-05,1,X54 Z60 Y61 Y66 Z67 X72,0.981822222222,0.00398438843655,0.981822222222,0.00398438843655
3.0199517204e-05,3.0199517204e-05,3.0199517204e-05,3.0199517204e-05,3.0199517204e-05,3.0199517204e-05,3.0199517204e-05,3.0199517204e-05,3.0199517204e-05,3.0199517204e-05,3.0199517204e-05,3.0199517204e-05,3.0199517204e-05,3.0199517204e-05,3.0199517204e-05,3.0199517204e-05,3.0199517204e-05,3.0199517204e-05,1,X56 X62,0.994777777778,0.0020572893175,0.994777777778,0.0020572893175
3.0199517204e-05,3.0199517204e-05,3.0199517204e-05,3.0199517204e-05,3.0199517204e-05,3.0199517204e-05,3.0199517204e-05,3.0199517204e-05,3.0199517204e-05,3.0199517204e-05,3.0199517204e-05,3.0199517204e-05,3.0199517204e-05,3.0199517204e-05,3.0199517204e-05,3.0199517204e-05,3.0199517204e-05,3.0199517204e-05,1,X57 X63,0.994511111111,0.00223303880942,0.994511111111,0.00223303880942
3.0199517204e-05,3.0199517204e-05,3.0199517204e-05,3.0199517204e-05,3.0199517204e-05,3.0199517204e-05,3.0199517204e-05,3.0199517204e-05,3.0199517204e-05,3.0199517204e-05,3.0199517204e-05,3.0199517204e-05,3.0199517204e-05,3.0199517204e-05,3.0199517204e-05,3.0199517204e-05,3.0199517204e-05,3.0199517204e-05,1,X58 X64,0.993622222222,0.00241123381929,0.993622222222,0.00241123381929
3.0199517204e-05,3.0199517204e-05,3.0199517204e-05,3.0199517204e-05,3.0199517204e-05,3.0199517204e-05,3.0199517204e-05,3.0199517204e-05,3.0199517204e-05,3.0199517204e-05,3.0199517204e-05,3.0199517204e-05,3.0199517204e-05,3.0199517204e-05,3.0199517204e-05,3.0199517204e-05,3.0199517204e-05,3.0199517204e-05,1,X59 X65,0.993266666667,0.00199116823947,0.993266666667,0.00199116823947
3.0199517204e-05,3.0199517204e-05,3.0199517204e-05,3.0199517204e-05,3.0199517204e-05,3.0199517204e-05,3.0199517204e-05,3.0199517204e-05,3.0199517204e-05,3.0199517204e-05,3.0199517204e-05,3.0199517204e-05,3.0199517204e-05,3.0199517204e-05,3.0199517204e-05,3.0199517204e-05,3.0199517204e-05,3.0199517204e-05,1,X6 X9,0.994022222222,0.00196118138869,0.994022222222,0.00196118138869
3.0199517204e-05,3.0199517204e-05,3.0199517204e-05,3.0199517204e-05,3.0199517204e-05,3.0199517204e-05,3.0199517204e-05,3.0199517204e-05,3.0199517204e-05,3.0199517204e-05,3.0199517204e-05,3.0199517204e-05,3.0199517204e-05,3.0199517204e-05,3.0199517204e-05,3.0199517204e-05,3.0199517204e-05,3.0199517204e-05,1,X60 X66,0.994644444444,0.00212616131591,0.994644444444,0.00212616131591
3.0199517204e-05,3.0199517204e-05,3.0199517204e-05,3.0199517204e-05,3.0199517204e-05,3.0199517204e-05,3.0199517204e-05,3.0199517204e-05,3.0199517204e-05,3.0199517204e-05,3.0199517204e-05,3.0199517204e-05,3.0199517204e-05,3.0199517204e-05,3.0199517204e-05,3.0199517204e-05,3.0199517204e-05,3.0199517204e-05,1,X61 X67,0.993955555556,0.00198795864287,0.993955555556,0.00198795864287
3.0199517204e-05,3.0199517204e-05,3.0199517204e-05,3.0199517204e-05,3.0199517204e-05,3.0199517204e-05,3.0199517204e-05,3.0199517204e-05,3.0199517204e-05,3.0199517204e-05,3.0199517204e-05,3.0199517204e-05,3.0199517204e-05,3.0199517204e-05,3.0199517204e-05,3.0199517204e-05,3.0199517204e-05,3.0199517204e-05,1,X63 Z68 Y69 Y73 Z74 X78,0.983177777778,0.00336619813894,0.983177777778,0.00336619813894
3.0199517204e-05,3.0199517204e-05,3.0199517204e-05,3.0199517204e-05,3.0199517204e-05,3.0199517204e-05,3.0199517204e-05,3.0199517204e-05,3.0199517204e-05,3.0199517204e-05,3.0199517204e-05,3.0199517204e-05,3.0199517204e-05,3.0199517204e-05,3.0199517204e-05,3.0199517204e-05,3.0199517204e-05,3.0199517204e-05,1,X64 Z69 Y70 Y74 Z75 X79,0.981577777778,0.00326356096013,0.981577777778,0.00326356096013
3.0199517204e-05,3.0199517204e-05,3.0199517204e-05,3.0199517204e-05,3.0199517204e-05,3.0199517204e-05,3.0199517204e-05,3.0199517204e-05,3.0199517204e-05,3.0199517204e-05,3.0199517204e-05,3.0199517204e-05,3.0199517204e-05,3.0199517204e-05,3.0199517204e-05,3.0199517204e-05,3.0199517204e-05,3.0199517204e-05,1,X65 Z70 Y71 Y75 Z76 X80,0.983111111111,0.00307422024918,0.983111111111,0.00307422024918
3.0199517204e-05,3.0199517204e-05,3.0199517204e-05,3.0199517204e-05,3.0199517204e-05,3.0199517204e-05,3.0199517204e-05,3.0199517204e-05,3.0199517204e-05,3.0199517204e-05,3.0199517204e-05,3.0199517204e-05,3.0199517204e-05,3.0199517204e-05,3.0199517204e-05,3.0199517204e-05,3.0199517204e-05,3.0199517204e-05,1,X66 Z71 Y72 Y76 Z77 X81,0.981288888889,0.00373420898324,0.981288888889,0.00373420898324
3.0199517204e-05,3.0199517204e-05,3.0199517204e-05,3.0199517204e-05,3.0199517204e-05,3.0199517204e-05,3.0199517204e-05,3.0199517204e-05,3.0199517204e-05,3.0199517204e-05,3.0199517204e-05,3.0199517204e-05,3.0199517204e-05,3.0199517204e-05,3.0199517204e-05,3.0199517204e-05,3.0199517204e-05,3.0199517204e-05,1,X67 Z72 Y77,0.989022222222,0.001883449459,0.989022222222,0.001883449459
3.0199517204e-05,3.0199517204e-05,3.0199517204e-05,3.0199517204e-05,3.0199517204e-05,3.0199517204e-05,3.0199517204e-05,3.0199517204e-05,3.0199517204e-05,3.0199517204e-05,3.0199517204e-05,3.0199517204e-05,3.0199517204e-05,3.0199517204e-05,3.0199517204e-05,3.0199517204e-05,3.0199517204e-05,3.0199517204e-05,1,X68 X73,0.993777777778,0.00207398284784,0.993777777778,0.00207398284784
3.0199517204e-05,3.0199517204e-05,3.0199517204e-05,3.0199517204e-05,3.0199517204e-05,3.0199517204e-05,3.0199517204e-05,3.0199517204e-05,3.0199517204e-05,3.0199517204e-05,3.0199517204e-05,3.0199517204e-05,3.0199517204e-05,3.0199517204e-05,3.0199517204e-05,3.0199517204e-05,3.0199517204e-05,3.0199517204e-05,1,X69 X74,0.993822222222,0.00179341779345,0.993822222222,0.00179341779345
3.0199517204e-05,3.0199517204e-05,3.0199517204e-05,3.0199517204e-05,3.0199517204e-05,3.0199517204e-05,3.0199517204e-05,3.0199517204e-05,3.0199517204e-05,3.0199517204e-05,3.0199517204e-05,3.0199517204e-05,3.0199517204e-05,3.0199517204e-05,3.0199517204e-05,3.0199517204e-05,3.0199517204e-05,3.0199517204e-05,1,X7 X10,0.993733333333,0.00224615465362,0.993733333333,0.00224615465362
3.0199517204e-05,3.0199517204e-05,3.0199517204e-05,3.0199517204e-05,3.0199517204e-05,3.0199517204e-05,3.0199517204e-05,3.0199517204e-05,3.0199517204e-05,3.0199517204e-05,3.0199517204e-05,3.0199517204e-05,3.0199517204e-05,3.0199517204e-05,3.0199517204e-05,3.0199517204e-05,3.0199517204e-05,3.0199517204e-05,1,X70 X75,0.993577777778,0.00229931412951,0.993577777778,0.00229931412951
3.0199517204e-05,3.0199517204e-05,3.0199517204e-05,3.0199517204e-05,3.0199517204e-05,3.0199517204e-05,3.0199517204e-05,3.0199517204e-05,3.0199517204e-05,3.0199517204e-05,3.0199517204e-05,3.0199517204e-05,3.0199517204e-05,3.0199517204e-05,3.0199517204e-05,3.0199517204e-05,3.0199517204e-05,3.0199517204e-05,1,X71 X76,0.994511111111,0.00176542644243,0.994511111111,0.00176542644243
3.0199517204e-05,3.0199517204e-05,3.0199517204e-05,3.0199517204e-05,3.0199517204e-05,3.0199517204e-05,3.0199517204e-05,3.0199517204e-05,3.0199517204e-05,3.0199517204e-05,3.0199517204e-05,3.0199517204e-05,3.0199517204e-05,3.0199517204e-05,3.0199517204e-05,3.0199517204e-05,3.0199517204e-05,3.0199517204e-05,1,X72 X77,0.993933333333,0.00164561416408,0.993933333333,0.00164561416408
3.0199517204e-05,3.0199517204e-05,3.0199517204e-05,3.0199517204e-05,3.0199517204e-05,3.0199517204e-05,3.0199517204e-05,3.0199517204e-05,3.0199517204e-05,3.0199517204e-05,3.0199517204e-05,3.0199517204e-05,3.0199517204e-05,3.0199517204e-05,3.0199517204e-05,3.0199517204e-05,3.0199517204e-05,3.0199517204e-05,1,X73 Y78 Z82,0.988866666667,0.00259767063353,0.988866666667,0.00259767063353
3.0199517204e-05,3.0199517204e-05,3.0199517204e-05,3.0199517204e-05,3.0199517204e-05,3.0199517204e-05,3.0199517204e-05,3.0199517204e-05,3.0199517204e-05,3.0199517204e-05,3.0199517204e-05,3.0199517204e-05,3.0199517204e-05,3.0199517204e-05,3.0199517204e-05,3.0199517204e-05,3.0199517204e-05,3.0199517204e-05,1,X74 Z78 Y79 Y82 Z83 X86,0.982488888889,0.00317525554326,0.982488888889,0.00317525554326
3.0199517204e-05,3.0199517204e-05,3.0199517204e-05,3.0199517204e-05,3.0199517204e-05,3.0199517204e-05,3.0199517204e-05,3.0199517204e-05,3.0199517204e-05,3.0199517204e-05,3.0199517204e-05,3.0199517204e-05,3.0199517204e-05,3.0199517204e-05,3.0199517204e-05,3.0199517204e-05,3.0199517204e-05,3.0199517204e-05,1,X75 Z79 Y80 Y83 Z84 X87,0.982377777778,0.00417136133988,0.982377777778,0.00417136133988
3.0199517204e-05,3.0199517204e-05,3.0199517204e-05,3.0199517204e-05,3.0199517204e-05,3.0199517204e-05,3.0199517204e-05,3.0199517204e-05,3.0199517204e-05,3.0199517204e-05,3.0199517204e-05,3.0199517204e-05,3.0199517204e-05,3.0199517204e-05,3.0199517204e-05,3.0199517204e-05,3.0199517204e-05,3.0199517204e-05,1,X76 Z80 Y81 Y84 Z85 X88,0.982933333333,0.00356913117131,0.982933333333,0.00356913117131
3.0199517204e-05,3.0199517204e-05,3.0199517204e-05,3.0199517204e-05,3.0199517204e-05,3.0199517204e-05,3.0199517204e-05,3.0199517204e-05,3.0199517204e-05,3.0199517204e-05,3.0199517204e-05,3.0199517204e-05,3.0199517204e-05,3.0199517204e-05,3.0199517204e-05,3.0199517204e-05,3.0199517204e-05,3.0199517204e-05,1,X78 X82,0.994711111111,0.00198023438632,0.994711111111,0.00198023438632
3.0199517204e-05,3.0199517204e-05,3.0199517204e-05,3.0199517204e-05,3.0199517204e-05,3.0199517204e-05,3.0199517204e-05,3.0199517204e-05,3.0199517204e-05,3.0199517204e-05,3.0199517204e-05,3.0199517204e-05,3.0199517204e-05,3.0199517204e-05,3.0199517204e-05,3.0199517204e-05,3.0199517204e-05,3.0199517204e-05,1,X79 X83,0.994222222222,0.00220992767575,0.994222222222,0.00220992767575
3.0199517204e-05,3.0199517204e-05,3.0199517204e-05,3.0199517204e-05,3.0199517204e-05,3.0199517204e-05,3.0199517204e-05,3.0199517204e-05,3.0199517204e-05,3.0199517204e-05,3.0199517204e-05,3.0199517204e-05,3.0199517204e-05,3.0199517204e-05,3.0199517204e-05,3.0199517204e-05,3.0199517204e-05,3.0199517204e-05,1,X8 X11,0.993577777778,0.00179811168157,0.993577777778,0.00179811168157
3.0199517204e-05,3.0199517204e-05,3.0199517204e-05,3.0199517204e-05,3.0199517204e-05,3.0199517204e-05,3.0199517204e-05,3.0199517204e-05,3.0199517204e-05,3.0199517204e-05,3.0199517204e-05,3.0199517204e-05,3.0199517204e-05,3.0199517204e-05,3.0199517204e-05,3.0199517204e-05,3.0199517204e-05,3.0199517204e-05,1,X80 X84,0.993177777778,0.00197053648749,0.993177777778,0.00197053648749
3.0199517204e-05,3.0199517204e-05,3.0199517204e-05,3.0199517204e-05,3.0199517204e-05,3.0199517204e-05,3.0199517204e-05,3.0199517204e-05,3.0199517204e-05,3.0199517204e-05,3.0199517204e-05,3.0199517204e-05,3.0199517204e-05,3.0199517204e-05,3.0199517204e-05,3.0199517204e-05,3.0199517204e-05,3.0199517204e-05,1,X81 X85,0.994822222222,0.00173035405615,0.994822222222,0.00173035405615
3.0199517204e-05,3.0199517204e-05,3.0199517204e-05,3.0199517204e-05,3.0199517204e-05,3.0199517204e-05,3.0199517204e-05,3.0199517204e-05,3.0199517204e-05,3.0199517204e-05,3.0199517204e-05,3.0199517204e-05,3.0199517204e-05,3.0199517204e-05,3.0199517204e-05,3.0199517204e-05,3.0199517204e-05,3.0199517204e-05,1,X83 Z86 Y87 Y89 Z90 X92,0.982466666667,0.00300268079456,0.982466666667,0.00300268079456
3.0199517204e-05,3.0199517204e-05,3.0199517204e-05,3.0199517204e-05,3.0199517204e-05,3.0199517204e-05,3.0199517204e-05,3.0199517204e-05,3.0199517204e-05,3.0199517204e-05,3.0199517204e-05,3.0199517204e-05,3.0199517204e-05,3.0199517204e-05,3.0199517204e-05,3.0199517204e-05,3.0199517204e-05,3.0199517204e-05,1,X84 Z87 Y88 Y90 Z91 X93,0.982977777778,0.0039565972196,0.982977777778,0.0039565972196
3.0199517204e-05,3.0199517204e-05,3.0199517204e-05,3.0199517204e-05,3.0199517204e-05,3.0199517204e-05,3.0199517204e-05,3.0199517204e-05,3.0199517204e-05,3.0199517204e-05,3.0199517204e-05,3.0199517204e-05,3.0199517204e-05,3.0199517204e-05,3.0199517204e-05,3.0199517204e-05,3.0199517204e-05,3.0199517204e-05,1,X85 Z88 Y91,0.989022222222,0.00264203180454,0.989022222222,0.00264203180454
3.0199517204e-05,3.0199517204e-05,3.0199517204e-05,3.0199517204e-05,3.0199517204e-05,3.0199517204e-05,3.0199517204e-05,3.0199517204e-05,3.0199517204e-05,3.0199517204e-05,3.0199517204e-05,3.0199517204e-05,3.0199517204e-05,3.0199517204e-05,3.0199517204e-05,3.0199517204e-05,3.0199517204e-05,3.0199517204e-05,1,X86 X89,0.994111111111,0.00239465134095,0.994111111111,0.00239465134095
3.0199517204e-05,3.0199517204e-05,3.0199517204e-05,3.0199517204e-05,3.0199517204e-05,3.0199517204e-05,3.0199517204e-05,3.0199517204e-05,3.0199517204e-05,3.0199517204e-05,3.0199517204e-05,3.0199517204e-05,3.0199517204e-05,3.0199517204e-05,3.0199517204e-05,3.0199517204e-05,3.0199517204e-05,3.0199517204e-05,1,X87 X90,0.993533333333,0.00205032471029,0.993533333333,0.00205032471029
3.0199517204e-05,3.0199517204e-05,3.0199517204e-05,3.0199517204e-05,3.0199517204e-05,3.0199517204e-05,3.0199517204e-05,3.0199517204e-05,3.0199517204e-05,3.0199517204e-05,3.0199517204e-05,3.0199517204e-05,3.0199517204e-05,3.0199517204e-05,3.0199517204e-05,3.0199517204e-05,3.0199517204e-05,3.0199517204e-05,1,X88 X91,0.994244444444,0.00242896527066,0.994244444444,0.00242896527066
3.0199517204e-05,3.0199517204e-05,3.0199517204e-05,3.0199517204e-05,3.0199517204e-05,3.0199517204e-05,3.0199517204e-05,3.0199517204e-05,3.0199517204e-05,3.0199517204e-05,3.0199517204e-05,3.0199517204e-05,3.0199517204e-05,3.0199517204e-05,3.0199517204e-05,3.0199517204e-05,3.0199517204e-05,3.0199517204e-05,1,X89 Y92 Z94,0.988511111111,0.00263593401817,0.988511111111,0.00263593401817
3.0199517204e-05,3.0199517204e-05,3.0199517204e-05,3.0199517204e-05,3.0199517204e-05,3.0199517204e-05,3.0199517204e-05,3.0199517204e-05,3.0199517204e-05,3.0199517204e-05,3.0199517204e-05,3.0199517204e-05,3.0199517204e-05,3.0199517204e-05,3.0199517204e-05,3.0199517204e-05,3.0199517204e-05,3.0199517204e-05,1,X9 Z12 Y13 Y16 Z17 X21,0.983577777778,0.00303987967766,0.983577777778,0.00303987967766
3.0199517204e-05,3.0199517204e-05,3.0199517204e-05,3.0199517204e-05,3.0199517204e-05,3.0199517204e-05,3.0199517204e-05,3.0199517204e-05,3.0199517204e-05,3.0199517204e-05,3.0199517204e-05,3.0199517204e-05,3.0199517204e-05,3.0199517204e-05,3.0199517204e-05,3.0199517204e-05,3.0199517204e-05,3.0199517204e-05,1,X90 Z92 Y93 Y94 Z95 X96,0.982111111111,0.0042708432623,0.982111111111,0.0042708432623
3.0199517204e-05,3.0199517204e-05,3.0199517204e-05,3.0199517204e-05,3.0199517204e-05,3.0199517204e-05,3.0199517204e-05,3.0199517204e-05,3.0199517204e-05,3.0199517204e-05,3.0199517204e-05,3.0199517204e-05,3.0199517204e-05,3.0199517204e-05,3.0199517204e-05,3.0199517204e-05,3.0199517204e-05,3.0199517204e-05,1,X92 X94,0.994066666667,0.00188032767993,0.994066666667,0.00188032767993
3.0199517204e-05,3.0199517204e-05,3.0199517204e-05,3.0199517204e-05,3.0199517204e-05,3.0199517204e-05,3.0199517204e-05,3.0199517204e-05,3.0199517204e-05,3.0199517204e-05,3.0199517204e-05,3.0199517204e-05,3.0199517204e-05,3.0199517204e-05,3.0199517204e-05,3.0199517204e-05,3.0199517204e-05,3.0199517204e-05,1,X93 X95,0.994377777778,0.00178270390296,0.994377777778,0.00178270390296
3.0199517204e-05,3.0199517204e-05,3.0199517204e-05,3.0199517204e-05,3.0199517204e-05,3.0199517204e-05,3.0199517204e-05,3.0199517204e-05,3.0199517204e-05,3.0199517204e-05,3.0199517204e-05,3.0199517204e-05,3.0199517204e-05,3.0199517204e-05,3.0199517204e-05,3.0199517204e-05,3.0199517204e-05,3.0199517204e-05,1,X95 Z96 Y97,0.9886,0.00227833373273,0.9886,0.00227833373273
3.0199517204e-05,3.0199517204e-05,3.0199517204e-05,3.0199517204e-05,3.0199517204e-05,3.0199517204e-05,3.0199517204e-05,3.0199517204e-05,3.0199517204e-05,3.0199517204e-05,3.0199517204e-05,3.0199517204e-05,3.0199517204e-05,3.0199517204e-05,3.0199517204e-05,3.0199517204e-05,3.0199517204e-05,3.0199517204e-05,1,X96 X97,0.994066666667,0.00192861095867,0.994066666667,0.00192861095867
3.0199517204e-05,3.0199517204e-05,3.0199517204e-05,3.0199517204e-05,3.0199517204e-05,3.0199517204e-05,3.0199517204e-05,3.0199517204e-05,3.0199517204e-05,3.0199517204e-05,3.0199517204e-05,3.0199517204e-05,3.0199517204e-05,3.0199517204e-05,3.0199517204e-05,3.0199517204e-05,3.0199517204e-05,3.0199517204e-05,1,Y0 Z1 X2,0.989044444444,0.00286975686601,0.989044444444,0.00286975686601
3.0199517204e-05,3.0199517204e-05,3.0199517204e-05,3.0199517204e-05,3.0199517204e-05,3.0199517204e-05,3.0199517204e-05,3.0199517204e-05,3.0199517204e-05,3.0199517204e-05,3.0199517204e-05,3.0199517204e-05,3.0199517204e-05,3.0199517204e-05,3.0199517204e-05,3.0199517204e-05,3.0199517204e-05,3.0199517204e-05,1,Y20 Z25 X30,0.988155555556,0.00259491594492,0.988155555556,0.00259491594492
3.0199517204e-05,3.0199517204e-05,3.0199517204e-05,3.0199517204e-05,3.0199517204e-05,3.0199517204e-05,3.0199517204e-05,3.0199517204e-05,3.0199517204e-05,3.0199517204e-05,3.0199517204e-05,3.0199517204e-05,3.0199517204e-05,3.0199517204e-05,3.0199517204e-05,3.0199517204e-05,3.0199517204e-05,3.0199517204e-05,1,Y6 Z9 X12,0.988822222222,0.00257713692655,0.988822222222,0.00257713692655
3.0199517204e-05,3.0199517204e-05,3.0199517204e-05,3.0199517204e-05,3.0199517204e-05,3.0199517204e-05,3.0199517204e-05,3.0199517204e-05,3.0199517204e-05,3.0199517204e-05,3.0199517204e-05,3.0199517204e-05,3.0199517204e-05,3.0199517204e-05,3.0199517204e-05,3.0199517204e-05,3.0199517204e-05,3.0199517204e-05,1,Z15 Y19 X24,0.989577777778,0.00223166575817,0.989577777778,0.00223166575817
3.0199517204e-05,3.0199517204e-05,3.0199517204e-05,3.0199517204e-05,3.0199517204e-05,3.0199517204e-05,3.0199517204e-05,3.0199517204e-05,3.0199517204e-05,3.0199517204e-05,3.0199517204e-05,3.0199517204e-05,3.0199517204e-05,3.0199517204e-05,3.0199517204e-05,3.0199517204e-05,3.0199517204e-05,3.0199517204e-05,1,Z3 Y5 X8,0.988355555556,0.00245563443642,0.988355555556,0.00245563443642
3.0199517204e-05,3.0199517204e-05,3.0199517204e-05,3.0199517204e-05,3.0199517204e-05,3.0199517204e-05,3.0199517204e-05,3.0199517204e-05,3.0199517204e-05,3.0199517204e-05,3.0199517204e-05,3.0199517204e-05,3.0199517204e-05,3.0199517204e-05,3.0199517204e-05,3.0199517204e-05,3.0199517204e-05,3.0199517204e-05,1,Z35 Y41 X48,0.989022222222,0.0023731146311,0.989022222222,0.0023731146311
3.0199517204e-05,3.0199517204e-05,3.0199517204e-05,3.0199517204e-05,3.0199517204e-05,3.0199517204e-05,3.0199517204e-05,3.0199517204e-05,3.0199517204e-05,3.0199517204e-05,3.0199517204e-05,3.0199517204e-05,3.0199517204e-05,3.0199517204e-05,3.0199517204e-05,3.0199517204e-05,3.0199517204e-05,3.0199517204e-05,5,Logical X,0.993333333333,0.00138961666756,0.993222222222,0.00231657914882
3.0199517204e-05,3.0199517204e-05,3.0199517204e-05,3.0199517204e-05,3.0199517204e-05,3.0199517204e-05,3.0199517204e-05,3.0199517204e-05,3.0199517204e-05,3.0199517204e-05,3.0199517204e-05,3.0199517204e-05,3.0199517204e-05,3.0199517204e-05,3.0199517204e-05,3.0199517204e-05,3.0199517204e-05,3.0199517204e-05,5,Logical Y,0.0134444444444,0.00864290878617,-0.000333333333333,0.0230060794897
3.0199517204e-05,3.0199517204e-05,3.0199517204e-05,3.0199517204e-05,3.0199517204e-05,3.0199517204e-05,3.0199517204e-05,3.0199517204e-05,3.0199517204e-05,3.0199517204e-05,3.0199517204e-05,3.0199517204e-05,3.0199517204e-05,3.0199517204e-05,3.0199517204e-05,3.0199517204e-05,3.0199517204e-05,3.0199517204e-05,5,Logical Z,0.0140888888889,0.010703575989,-0.00511111111111,0.0180746288883
3.0199517204e-05,3.0199517204e-05,3.0199517204e-05,3.0199517204e-05,3.0199517204e-05,3.0199517204e-05,3.0199517204e-05,3.0199517204e-05,3.0199517204e-05,3.0199517204e-05,3.0199517204e-05,3.0199517204e-05,3.0199517204e-05,3.0199517204e-05,3.0199517204e-05,3.0199517204e-05,3.0199517204e-05,3.0199517204e-05,5,X0 X1,0.994333333333,0.00215669677891,0.994333333333,0.00215669677891
3.0199517204e-05,3.0199517204e-05,3.0199517204e-05,3.0199517204e-05,3.0199517204e-05,3.0199517204e-05,3.0199517204e-05,3.0199517204e-05,3.0199517204e-05,3.0199517204e-05,3.0199517204e-05,3.0199517204e-05,3.0199517204e-05,3.0199517204e-05,3.0199517204e-05,3.0199517204e-05,3.0199517204e-05,3.0199517204e-05,5,X1 Z2 Y3 Y4 Z5 X7,0.982288888889,0.00341591198094,0.982288888889,0.00341591198094
3.0199517204e-05,3.0199517204e-05,3.0199517204e-05,3.0199517204e-05,3.0199517204e-05,3.0199517204e-05,3.0199517204e-05,3.0199517204e-05,3.0199517204e-05,3.0199517204e-05,3.0199517204e-05,3.0199517204e-05,3.0199517204e-05,3.0199517204e-05,3.0199517204e-05,3.0199517204e-05,3.0199517204e-05,3.0199517204e-05,5,X10 Z13 Y14 Y17 Z18 X22,0.9834,0.00305429789513,0.9834,0.00305429789513
3.0199517204e-05,3.0199517204e-05,3.0199517204e-05,3.0199517204e-05,3.0199517204e-05,3.0199517204e-05,3.0199517204e-05,3.0199517204e-05,3.0199517204e-05,3.0199517204e-05,3.0199517204e-05,3.0199517204e-05,3.0199517204e-05,3.0199517204e-05,3.0199517204e-05,3.0199517204e-05,3.0199517204e-05,3.0199517204e-05,5,X11 Z14 Y15 Y18 Z19 X23,0.984177777778,0.00263156980572,0.984177777778,0.00263156980572
3.0199517204e-05,3.0199517204e-05,3.0199517204e-05,3.0199517204e-05,3.0199517204e-05,3.0199517204e-05,3.0199517204e-05,3.0199517204e-05,3.0199517204e-05,3.0199517204e-05,3.0199517204e-05,3.0199517204e-05,3.0199517204e-05,3.0199517204e-05,3.0199517204e-05,3.0199517204e-05,3.0199517204e-05,3.0199517204e-05,5,X12 X16,0.993688888889,0.00180024122124,0.993688888889,0.00180024122124
3.0199517204e-05,3.0199517204e-05,3.0199517204e-05,3.0199517204e-05,3.0199517204e-05,3.0199517204e-05,3.0199517204e-05,3.0199517204e-05,3.0199517204e-05,3.0199517204e-05,3.0199517204e-05,3.0199517204e-05,3.0199517204e-05,3.0199517204e-05,3.0199517204e-05,3.0199517204e-05,3.0199517204e-05,3.0199517204e-05,5,X13 X17,0.9934,0.00209615594167,0.9934,0.00209615594167
3.0199517204e-05,3.0199517204e-05,3.0199517204e-05,3.0199517204e-05,3.0199517204e-05,3.0199517204e-05,3.0199517204e-05,3.0199517204e-05,3.0199517204e-05,3.0199517204e-05,3.0199517204e-05,3.0199517204e-05,3.0199517204e-05,3.0199517204e-05,3.0199517204e-05,3.0199517204e-05,3.0199517204e-05,3.0199517204e-05,5,X14 X18,0.993577777778,0.00178956818211,0.993577777778,0.00178956818211
3.0199517204e-05,3.0199517204e-05,3.0199517204e-05,3.0199517204e-05,3.0199517204e-05,3.0199517204e-05,3.0199517204e-05,3.0199517204e-05,3.0199517204e-05,3.0199517204e-05,3.0199517204e-05,3.0199517204e-05,3.0199517204e-05,3.0199517204e-05,3.0199517204e-05,3.0199517204e-05,3.0199517204e-05,3.0199517204e-05,5,X15 X19,0.994466666667,0.00116329562235,0.994466666667,0.00116329562235
3.0199517204e-05,3.0199517204e-05,3.0199517204e-05,3.0199517204e-05,3.0199517204e-05,3.0199517204e-05,3.0199517204e-05,3.0199517204e-05,3.0199517204e-05,3.0199517204e-05,3.0199517204e-05,3.0199517204e-05,3.0199517204e-05,3.0199517204e-05,3.0199517204e-05,3.0199517204e-05,3.0199517204e-05,3.0199517204e-05,5,X16 Z20 Y21 Y25 Z26 X31,0.982911111111,0.00327761867268,0.982911111111,0.00327761867268
3.0199517204e-05,3.0199517204e-05,3.0199517204e-05,3.0199517204e-05,3.0199517204e-05,3.0199517204e-05,3.0199517204e-05,3.0199517204e-05,3.0199517204e-05,3.0199517204e-05,3.0199517204e-05,3.0199517204e-05,3.0199517204e-05,3.0199517204e-05,3.0199517204e-05,3.0199517204e-05,3.0199517204e-05,3.0199517204e-05,5,X17 Z21 Y22 Y26 Z27 X32,0.981866666667,0.00347690794944,0.981866666667,0.00347690794944
3.0199517204e-05,3.0199517204e-05,3.0199517204e-05,3.0199517204e-05,3.0199517204e-05,3.0199517204e-05,3.0199517204e-05,3.0199517204e-05,3.0199517204e-05,3.0199517204e-05,3.0199517204e-05,3.0199517204e-05,3.0199517204e-05,3.0199517204e-05,3.0199517204e-05,3.0199517204e-05,3.0199517204e-05,3.0199517204e-05,5,X18 Z22 Y23 Y27 Z28 X33,0.983177777778,0.00277748657477,0.983177777778,0.00277748657477
3.0199517204e-05,3.0199517204e-05,3.0199517204e-05,3.0199517204e-05,3.0199517204e-05,3.0199517204e-05,3.0199517204e-05,3.0199517204e-05,3.0199517204e-05,3.0199517204e-05,3.0199517204e-05,3.0199517204e-05,3.0199517204e-05,3.0199517204e-05,3.0199517204e-05,3.0199517204e-05,3.0199517204e-05,3.0199517204e-05,5,X19 Z23 Y24 Y28 Z29 X34,0.981755555556,0.0038416285393,0.981755555556,0.0038416285393
3.0199517204e-05,3.0199517204e-05,3.0199517204e-05,3.0199517204e-05,3.0199517204e-05,3.0199517204e-05,3.0199517204e-05,3.0199517204e-05,3.0199517204e-05,3.0199517204e-05,3.0199517204e-05,3.0199517204e-05,3.0199517204e-05,3.0199517204e-05,3.0199517204e-05,3.0199517204e-05,3.0199517204e-05,3.0199517204e-05,5,X2 X4,0.994155555556,0.00179981551488,0.994155555556,0.00179981551488
3.0199517204e-05,3.0199517204e-05,3.0199517204e-05,3.0199517204e-05,3.0199517204e-05,3.0199517204e-05,3.0199517204e-05,3.0199517204e-05,3.0199517204e-05,3.0199517204e-05,3.0199517204e-05,3.0199517204e-05,3.0199517204e-05,3.0199517204e-05,3.0199517204e-05,3.0199517204e-05,3.0199517204e-05,3.0199517204e-05,5,X20 X25,0.994088888889,0.00202462490416,0.994088888889,0.00202462490416
3.0199517204e-05,3.0199517204e-05,3.0199517204e-05,3.0199517204e-05,3.0199517204e-05,3.0199517204e-05,3.0199517204e-05,3.0199517204e-05,3.0199517204e-05,3.0199517204e-05,3.0199517204e-05,3.0199517204e-05,3.0199517204e-05,3.0199517204e-05,3.0199517204e-05,3.0199517204e-05,3.0199517204e-05,3.0199517204e-05,5,X21 X26,0.994044444444,0.0027287785618,0.994044444444,0.0027287785618
3.0199517204e-05,3.0199517204e-05,3.0199517204e-05,3.0199517204e-05,3.0199517204e-05,3.0199517204e-05,3.0199517204e-05,3.0199517204e-05,3.0199517204e-05,3.0199517204e-05,3.0199517204e-05,3.0199517204e-05,3.0199517204e-05,3.0199517204e-05,3.0199517204e-05,3.0199517204e-05,3.0199517204e-05,3.0199517204e-05,5,X22 X27,0.994622222222,0.00220019736721,0.994622222222,0.00220019736721
3.0199517204e-05,3.0199517204e-05,3.0199517204e-05,3.0199517204e-05,3.0199517204e-05,3.0199517204e-05,3.0199517204e-05,3.0199517204e-05,3.0199517204e-05,3.0199517204e-05,3.0199517204e-05,3.0199517204e-05,3.0199517204e-05,3.0199517204e-05,3.0199517204e-05,3.0199517204e-05,3.0199517204e-05,3.0199517204e-05,5,X23 X28,0.993288888889,0.00269487001419,0.993288888889,0.00269487001419
3.0199517204e-05,3.0199517204e-05,3.0199517204e-05,3.0199517204e-05,3.0199517204e-05,3.0199517204e-05,3.0199517204e-05,3.0199517204e-05,3.0199517204e-05,3.0199517204e-05,3.0199517204e-05,3.0199517204e-05,3.0199517204e-05,3.0199517204e-05,3.0199517204e-05,3.0199517204e-05,3.0199517204e-05,3.0199517204e-05,5,X24 X29,0.993444444444,0.00231657914882,0.993444444444,0.00231657914882
3.0199517204e-05,3.0199517204e-05,3.0199517204e-05,3.0199517204e-05,3.0199517204e-05,3.0199517204e-05,3.0199517204e-05,3.0199517204e-05,3.0199517204e-05,3.0199517204e-05,3.0199517204e-05,3.0199517204e-05,3.0199517204e-05,3.0199517204e-05,3.0199517204e-05,3.0199517204e-05,3.0199517204e-05,3.0199517204e-05,5,X25 Z30 Y31 Y36 Z37 X43,0.981622222222,0.00360367344863,0.981622222222,0.00360367344863
3.0199517204e-05,3.0199517204e-05,3.0199517204e-05,3.0199517204e-05,3.0199517204e-05,3.0199517204e-05,3.0199517204e-05,3.0199517204e-05,3.0199517204e-05,3.0199517204e-05,3.0199517204e-05,3.0199517204e-05,3.0199517204e-05,3.0199517204e-05,3.0199517204e-05,3.0199517204e-05,3.0199517204e-05,3.0199517204e-05,5,X26 Z31 Y32 Y37 Z38 X44,0.980688888889,0.00419261651068,0.980688888889,0.00419261651068
3.0199517204e-05,3.0199517204e-05,3.0199517204e-05,3.0199517204e-05,3.0199517204e-05,3.0199517204e-05,3.0199517204e-05,3.0199517204e-05,3.0199517204e-05,3.0199517204e-05,3.0199517204e-05,3.0199517204e-05,3.0199517204e-05,3.0199517204e-05,3.0199517204e-05,3.0199517204e-05,3.0199517204e-05,3.0199517204e-05,5,X27 Z32 Y33 Y38 Z39 X45,0.9814,0.00340542726628,0.9814,0.00340542726628
3.0199517204e-05,3.0199517204e-05,3.0199517204e-05,3.0199517204e-05,3.0199517204e-05,3.0199517204e-05,3.0199517204e-05,3.0199517204e-05,3.0199517204e-05,3.0199517204e-05,3.0199517204e-05,3.0199517204e-05,3.0199517204e-05,3.0199517204e-05,3.0199517204e-05,3.0199517204e-05,3.0199517204e-05,3.0199517204e-05,5,X28 Z33 Y34 Y39 Z40 X46,0.983022222222,0.00313542768516,0.983022222222,0.00313542768516
3.0199517204e-05,3.0199517204e-05,3.0199517204e-05,3.0199517204e-05,3.0199517204e-05,3.0199517204e-05,3.0199517204e-05,3.0199517204e-05,3.0199517204e-05,3.0199517204e-05,3.0199517204e-05,3.0199517204e-05,3.0199517204e-05,3.0199517204e-05,3.0199517204e-05,3.0199517204e-05,3.0199517204e-05,3.0199517204e-05,5,X29 Z34 Y35 Y40 Z41 X47,0.981888888889,0.00329905749147,0.981888888889,0.00329905749147
3.0199517204e-05,3.0199517204e-05,3.0199517204e-05,3.0199517204e-05,3.0199517204e-05,3.0199517204e-05,3.0199517204e-05,3.0199517204e-05,3.0199517204e-05,3.0199517204e-05,3.0199517204e-05,3.0199517204e-05,3.0199517204e-05,3.0199517204e-05,3.0199517204e-05,3.0199517204e-05,3.0199517204e-05,3.0199517204e-05,5,X3 X5,0.994466666667,0.00164375050078,0.994466666667,0.00164375050078
3.0199517204e-05,3.0199517204e-05,3.0199517204e-05,3.0199517204e-05,3.0199517204e-05,3.0199517204e-05,3.0199517204e-05,3.0199517204e-05,3.0199517204e-05,3.0199517204e-05,3.0199517204e-05,3.0199517204e-05,3.0199517204e-05,3.0199517204e-05,3.0199517204e-05,3.0199517204e-05,3.0199517204e-05,3.0199517204e-05,5,X30 X36,0.9928,0.00206707448701,0.9928,0.00206707448701
3.0199517204e-05,3.0199517204e-05,3.0199517204e-05,3.0199517204e-05,3.0199517204e-05,3.0199517204e-05,3.0199517204e-05,3.0199517204e-05,3.0199517204e-05,3.0199517204e-05,3.0199517204e-05,3.0199517204e-05,3.0199517204e-05,3.0199517204e-05,3.0199517204e-05,3.0199517204e-05,3.0199517204e-05,3.0199517204e-05,5,X31 X37,0.993777777778,0.00187202296653,0.993777777778,0.00187202296653
3.0199517204e-05,3.0199517204e-05,3.0199517204e-05,3.0199517204e-05,3.0199517204e-05,3.0199517204e-05,3.0199517204e-05,3.0199517204e-05,3.0199517204e-05,3.0199517204e-05,3.0199517204e-05,3.0199517204e-05,3.0199517204e-05,3.0199517204e-05,3.0199517204e-05,3.0199517204e-05,3.0199517204e-05,3.0199517204e-05,5,X32 X38,0.994222222222,0.00207398284784,0.994222222222,0.00207398284784
3.0199517204e-05,3.0199517204e-05,3.0199517204e-05,3.0199517204e-05,3.0199517204e-05,3.0199517204e-05,3.0199517204e-05,3.0199517204e-05,3.0199517204e-05,3.0199517204e-05,3.0199517204e-05,3.0199517204e-05,3.0199517204e-05,3.0199517204e-05,3.0199517204e-05,3.0199517204e-05,3.0199517204e-05,3.0199517204e-05,5,X33 X39,0.994444444444,0.00162672445096,0.994444444444,0.00162672445096
3.0199517204e-05,3.0199517204e-05,3.0199517204e-05,3.0199517204e-05,3.0199517204e-05,3.0199517204e-05,3.0199517204e-05,3.0199517204e-05,3.0199517204e-05,3.0199517204e-05,3.0199517204e-05,3.0199517204e-05,3.0199517204e-05,3.0199517204e-05,3.0199517204e-05,3.0199517204e-05,3.0199517204e-05,3.0199517204e-05,5,X34 X40,0.994022222222,0.00230596981922,0.994022222222,0.00230596981922
3.0199517204e-05,3.0199517204e-05,3.0199517204e-05,3.0199517204e-05,3.0199517204e-05,3.0199517204e-05,3.0199517204e-05,3.0199517204e-05,3.0199517204e-05,3.0199517204e-05,3.0199517204e-05,3.0199517204e-05,3.0199517204e-05,3.0199517204e-05,3.0199517204e-05,3.0199517204e-05,3.0199517204e-05,3.0199517204e-05,5,X35 X41,0.993866666667,0.00211109094566,0.993866666667,0.00211109094566
3.0199517204e-05,3.0199517204e-05,3.0199517204e-05,3.0199517204e-05,3.0199517204e-05,3.0199517204e-05,3.0199517204e-05,3.0199517204e-05,3.0199517204e-05,3.0199517204e-05,3.0199517204e-05,3.0199517204e-05,3.0199517204e-05,3.0199517204e-05,3.0199517204e-05,3.0199517204e-05,3.0199517204e-05,3.0199517204e-05,5,X36 Z42 Y43 Y49 Z50 X56,0.982977777778,0.00340265090857,0.982977777778,0.00340265090857
3.0199517204e-05,3.0199517204e-05,3.0199517204e-05,3.0199517204e-05,3.0199517204e-05,3.0199517204e-05,3.0199517204e-05,3.0199517204e-05,3.0199517204e-05,3.0199517204e-05,3.0199517204e-05,3.0199517204e-05,3.0199517204e-05,3.0199517204e-05,3.0199517204e-05,3.0199517204e-05,3.0199517204e-05,3.0199517204e-05,5,X37 Z43 Y44 Y50 Z51 X57,0.984177777778,0.00358341575242,0.984177777778,0.00358341575242
3.0199517204e-05,3.0199517204e-05,3.0199517204e-05,3.0199517204e-05,3.0199517204e-05,3.0199517204e-05,3.0199517204e-05,3.0199517204e-05,3.0199517204e-05,3.0199517204e-05,3.0199517204e-05,3.0199517204e-05,3.0199517204e-05,3.0199517204e-05,3.0199517204e-05,3.0199517204e-05,3.0199517204e-05,3.0199517204e-05,5,X38 Z44 Y45 Y51 Z52 X58,0.982933333333,0.00311023523522,0.982933333333,0.00311023523522
3.0199517204e-05,3.0199517204e-05,3.0199517204e-05,3.0199517204e-05,3.0199517204e-05,3.0199517204e-05,3.0199517204e-05,3.0199517204e-05,3.0199517204e-05,3.0199517204e-05,3.0199517204e-05,3.0199517204e-05,3.0199517204e-05,3.0199517204e-05,3.0199517204e-05,3.0199517204e-05,3.0199517204e-05,3.0199517204e-05,5,X39 Z45 Y46 Y52 Z53 X59,0.983333333333,0.00322347709744,0.983333333333,0.00322347709744
3.0199517204e-05,3.0199517204e-05,3.0199517204e-05,3.0199517204e-05,3.0199517204e-05,3.0199517204e-05,3.0199517204e-05,3.0199517204e-05,3.0199517204e-05,3.0199517204e-05,3.0199517204e-05,3.0199517204e-05,3.0199517204e-05,3.0199517204e-05,3.0199517204e-05,3.0199517204e-05,3.0199517204e-05,3.0199517204e-05,5,X4 Z6 Y7 Y9 Z10 X13,0.983088888889,0.00327293947736,0.983088888889,0.00327293947736
3.0199517204e-05,3.0199517204e-05,3.0199517204e-05,3.0199517204e-05,3.0199517204e-05,3.0199517204e-05,3.0199517204e-05,3.0199517204e-05,3.0199517204e-05,3.0199517204e-05,3.0199517204e-05,3.0199517204e-05,3.0199517204e-05,3.0199517204e-05,3.0199517204e-05,3.0199517204e-05,3.0199517204e-05,3.0199517204e-05,5,X40 Z46 Y47 Y53 Z54 X60,0.983666666667,0.00391773646432,0.983666666667,0.00391773646432
3.0199517204e-05,3.0199517204e-05,3.0199517204e-05,3.0199517204e-05,3.0199517204e-05,3.0199517204e-05,3.0199517204e-05,3.0199517204e-05,3.0199517204e-05,3.0199517204e-05,3.0199517204e-05,3.0199517204e-05,3.0199517204e-05,3.0199517204e-05,3.0199517204e-05,3.0199517204e-05,3.0199517204e-05,3.0199517204e-05,5,X41 Z47 Y48 Y54 Z55 X61,0.983222222222,0.00308789917715,0.983222222222,0.00308789917715
3.0199517204e-05,3.0199517204e-05,3.0199517204e-05,3.0199517204e-05,3.0199517204e-05,3.0199517204e-05,3.0199517204e-05,3.0199517204e-05,3.0199517204e-05,3.0199517204e-05,3.0199517204e-05,3.0199517204e-05,3.0199517204e-05,3.0199517204e-05,3.0199517204e-05,3.0199517204e-05,3.0199517204e-05,3.0199517204e-05,5,X42 X49,0.994222222222,0.00187202296653,0.994222222222,0.00187202296653
3.0199517204e-05,3.0199517204e-05,3.0199517204e-05,3.0199517204e-05,3.0199517204e-05,3.0199517204e-05,3.0199517204e-05,3.0199517204e-05,3.0199517204e-05,3.0199517204e-05,3.0199517204e-05,3.0199517204e-05,3.0199517204e-05,3.0199517204e-05,3.0199517204e-05,3.0199517204e-05,3.0199517204e-05,3.0199517204e-05,5,X43 X50,0.994577777778,0.001883449459,0.994577777778,0.001883449459
3.0199517204e-05,3.0199517204e-05,3.0199517204e-05,3.0199517204e-05,3.0199517204e-05,3.0199517204e-05,3.0199517204e-05,3.0199517204e-05,3.0199517204e-05,3.0199517204e-05,3.0199517204e-05,3.0199517204e-05,3.0199517204e-05,3.0199517204e-05,3.0199517204e-05,3.0199517204e-05,3.0199517204e-05,3.0199517204e-05,5,X44 X51,0.994022222222,0.00182350202698,0.994022222222,0.00182350202698
3.0199517204e-05,3.0199517204e-05,3.0199517204e-05,3.0199517204e-05,3.0199517204e-05,3.0199517204e-05,3.0199517204e-05,3.0199517204e-05,3.0199517204e-05,3.0199517204e-05,3.0199517204e-05,3.0199517204e-05,3.0199517204e-05,3.0199517204e-05,3.0199517204e-05,3.0199517204e-05,3.0199517204e-05,3.0199517204e-05,5,X45 X52,0.994044444444,0.00216508931679,0.994044444444,0.00216508931679
3.0199517204e-05,3.0199517204e-05,3.0199517204e-05,3.0199517204e-05,3.0199517204e-05,3.0199517204e-05,3.0199517204e-05,3.0199517204e-05,3.0199517204e-05,3.0199517204e-05,3.0199517204e-05,3.0199517204e-05,3.0199517204e-05,3.0199517204e-05,3.0199517204e-05,3.0199517204e-05,3.0199517204e-05,3.0199517204e-05,5,X46 X53,0.9944,0.00183286305358,0.9944,0.00183286305358
3.0199517204e-05,3.0199517204e-05,3.0199517204e-05,3.0199517204e-05,3.0199517204e-05,3.0199517204e-05,3.0199517204e-05,3.0199517204e-05,3.0199517204e-05,3.0199517204e-05,3.0199517204e-05,3.0199517204e-05,3.0199517204e-05,3.0199517204e-05,3.0199517204e-05,3.0199517204e-05,3.0199517204e-05,3.0199517204e-05,5,X47 X54,0.993555555556,0.0015296140132,0.993555555556,0.0015296140132
3.0199517204e-05,3.0199517204e-05,3.0199517204e-05,3.0199517204e-05,3.0199517204e-05,3.0199517204e-05,3.0199517204e-05,3.0199517204e-05,3.0199517204e-05,3.0199517204e-05,3.0199517204e-05,3.0199517204e-05,3.0199517204e-05,3.0199517204e-05,3.0199517204e-05,3.0199517204e-05,3.0199517204e-05,3.0199517204e-05,5,X48 X55,0.994355555556,0.00220576279945,0.994355555556,0.00220576279945
3.0199517204e-05,3.0199517204e-05,3.0199517204e-05,3.0199517204e-05,3.0199517204e-05,3.0199517204e-05,3.0199517204e-05,3.0199517204e-05,3.0199517204e-05,3.0199517204e-05,3.0199517204e-05,3.0199517204e-05,3.0199517204e-05,3.0199517204e-05,3.0199517204e-05,3.0199517204e-05,3.0199517204e-05,3.0199517204e-05,5,X49 Y56 Z62,0.988755555556,0.00273886926543,0.988755555556,0.00273886926543
3.0199517204e-05,3.0199517204e-05,3.0199517204e-05,3.0199517204e-05,3.0199517204e-05,3.0199517204e-05,3.0199517204e-05,3.0199517204e-05,3.0199517204e-05,3.0199517204e-05,3.0199517204e-05,3.0199517204e-05,3.0199517204e-05,3.0199517204e-05,3.0199517204e-05,3.0199517204e-05,3.0199517204e-05,3.0199517204e-05,5,X5 Z7 Y8 Y10 Z11 X14,0.981311111111,0.00334243966848,0.981311111111,0.00334243966848
3.0199517204e-05,3.0199517204e-05,3.0199517204e-05,3.0199517204e-05,3.0199517204e-05,3.0199517204e-05,3.0199517204e-05,3.0199517204e-05,3.0199517204e-05,3.0199517204e-05,3.0199517204e-05,3.0199517204e-05,3.0199517204e-05,3.0199517204e-05,3.0199517204e-05,3.0199517204e-05,3.0199517204e-05,3.0199517204e-05,5,X50 Z56 Y57 Y62 Z63 X68,0.982088888889,0.00323644634279,0.982088888889,0.00323644634279
3.0199517204e-05,3.0199517204e-05,3.0199517204e-05,3.0199517204e-05,3.0199517204e-05,3.0199517204e-05,3.0199517204e-05,3.0199517204e-05,3.0199517204e-05,3.0199517204e-05,3.0199517204e-05,3.0199517204e-05,3.0199517204e-05,3.0199517204e-05,3.0199517204e-05,3.0199517204e-05,3.0199517204e-05,3.0199517204e-05,5,X51 Z57 Y58 Y63 Z64 X69,0.983088888889,0.00279837573761,0.983088888889,0.00279837573761
3.0199517204e-05,3.0199517204e-05,3.0199517204e-05,3.0199517204e-05,3.0199517204e-05,3.0199517204e-05,3.0199517204e-05,3.0199517204e-05,3.0199517204e-05,3.0199517204e-05,3.0199517204e-05,3.0199517204e-05,3.0199517204e-05,3.0199517204e-05,3.0199517204e-05,3.0199517204e-05,3.0199517204e-05,3.0199517204e-05,5,X52 Z58 Y59 Y64 Z65 X70,0.983444444444,0.00276864398713,0.983444444444,0.00276864398713
3.0199517204e-05,3.0199517204e-05,3.0199517204e-05,3.0199517204e-05,3.0199517204e-05,3.0199517204e-05,3.0199517204e-05,3.0199517204e-05,3.0199517204e-05,3.0199517204e-05,3.0199517204e-05,3.0199517204e-05,3.0199517204e-05,3.0199517204e-05,3.0199517204e-05,3.0199517204e-05,3.0199517204e-05,3.0199517204e-05,5,X53 Z59 Y60 Y65 Z66 X71,0.981955555556,0.00341254540714,0.981955555556,0.00341254540714
3.0199517204e-05,3.0199517204e-05,3.0199517204e-05,3.0199517204e-05,3.0199517204e-05,3.0199517204e-05,3.0199517204e-05,3.0199517204e-05,3.0199517204e-05,3.0199517204e-05,3.0199517204e-05,3.0199517204e-05,3.0199517204e-05,3.0199517204e-05,3.0199517204e-05,3.0199517204e-05,3.0199517204e-05,3.0199517204e-05,5,X54 Z60 Y61 Y66 Z67 X72,0.982977777778,0.00260699520717,0.982977777778,0.00260699520717
3.0199517204e-05,3.0199517204e-05,3.0199517204e-05,3.0199517204e-05,3.0199517204e-05,3.0199517204e-05,3.0199517204e-05,3.0199517204e-05,3.0199517204e-05,3.0199517204e-05,3.0199517204e-05,3.0199517204e-05,3.0199517204e-05,3.0199517204e-05,3.0199517204e-05,3.0199517204e-05,3.0199517204e-05,3.0199517204e-05,5,X56 X62,0.994533333333,0.00169199150383,0.994533333333,0.00169199150383
3.0199517204e-05,3.0199517204e-05,3.0199517204e-05,3.0199517204e-05,3.0199517204e-05,3.0199517204e-05,3.0199517204e-05,3.0199517204e-05,3.0199517204e-05,3.0199517204e-05,3.0199517204e-05,3.0199517204e-05,3.0199517204e-05,3.0199517204e-05,3.0199517204e-05,3.0199517204e-05,3.0199517204e-05,3.0199517204e-05,5,X57 X63,0.993955555556,0.00213658755629,0.993955555556,0.00213658755629
3.0199517204e-05,3.0199517204e-05,3.0199517204e-05,3.0199517204e-05,3.0199517204e-05,3.0199517204e-05,3.0199517204e-05,3.0199517204e-05,3.0199517204e-05,3.0199517204e-05,3.0199517204e-05,3.0199517204e-05,3.0199517204e-05,3.0199517204e-05,3.0199517204e-05,3.0199517204e-05,3.0199517204e-05,3.0199517204e-05,5,X58 X64,0.993488888889,0.00247397694841,0.993488888889,0.00247397694841
3.0199517204e-05,3.0199517204e-05,3.0199517204e-05,3.0199517204e-05,3.0199517204e-05,3.0199517204e-05,3.0199517204e-05,3.0199517204e-05,3.0199517204e-05,3.0199517204e-05,3.0199517204e-05,3.0199517204e-05,3.0199517204e-05,3.0199517204e-05,3.0199517204e-05,3.0199517204e-05,3.0199517204e-05,3.0199517204e-05,5,X59 X65,0.993444444444,0.00177753829805,0.993444444444,0.00177753829805
3.0199517204e-05,3.0199517204e-05,3.0199517204e-05,3.0199517204e-05,3.0199517204e-05,3.0199517204e-05,3.0199517204e-05,3.0199517204e-05,3.0199517204e-05,3.0199517204e-05,3.0199517204e-05,3.0199517204e-05,3.0199517204e-05,3.0199517204e-05,3.0199517204e-05,3.0199517204e-05,3.0199517204e-05,3.0199517204e-05,5,X6 X9,0.993777777778,0.00190448821241,0.993777777778,0.00190448821241
3.0199517204e-05,3.0199517204e-05,3.0199517204e-05,3.0199517204e-05,3.0199517204e-05,3.0199517204e-05,3.0199517204e-05,3.0199517204e-05,3.0199517204e-05,3.0199517204e-05,3.0199517204e-05,3.0199517204e-05,3.0199517204e-05,3.0199517204e-05,3.0199517204e-05,3.0199517204e-05,3.0199517204e-05,3.0199517204e-05,5,X60 X66,0.993711111111,0.00199373219654,0.993711111111,0.00199373219654
3.0199517204e-05,3.0199517204e-05,3.0199517204e-05,3.0199517204e-05,3.0199517204e-05,3.0199517204e-05,3.0199517204e-05,3.0199517204e-05,3.0199517204e-05,3.0199517204e-05,3.0199517204e-05,3.0199517204e-05,3.0199517204e-05,3.0199517204e-05,3.0199517204e-05,3.0199517204e-05,3.0199517204e-05,3.0199517204e-05,5,X61 X67,0.9932,0.00279791931449,0.9932,0.00279791931449
3.0199517204e-05,3.0199517204e-05,3.0199517204e-05,3.0199517204e-05,3.0199517204e-05,3.0199517204e-05,3.0199517204e-05,3.0199517204e-05,3.0199517204e-05,3.0199517204e-05,3.0199517204e-05,3.0199517204e-05,3.0199517204e-05,3.0199517204e-05,3.0199517204e-05,3.0199517204e-05,3.0199517204e-05,3.0199517204e-05,5,X63 Z68 Y69 Y73 Z74 X78,0.982133333333,0.0027313982497,0.982133333333,0.0027313982497
3.0199517204e-05,3.0199517204e-05,3.0199517204e-05,3.0199517204e-05,3.0199517204e-05,3.0199517204e-05,3.0199517204e-05,3.0199517204e-05,3.0199517204e-05,3.0199517204e-05,3.0199517204e-05,3.0199517204e-05,3.0199517204e-05,3.0199517204e-05,3.0199517204e-05,3.0199517204e-05,3.0199517204e-05,3.0199517204e-05,5,X64 Z69 Y70 Y74 Z75 X79,0.982511111111,0.00360367344863,0.982511111111,0.00360367344863
3.0199517204e-05,3.0199517204e-05,3.0199517204e-05,3.0199517204e-05,3.0199517204e-05,3.0199517204e-05,3.0199517204e-05,3.0199517204e-05,3.0199517204e-05,3.0199517204e-05,3.0199517204e-05,3.0199517204e-05,3.0199517204e-05,3.0199517204e-05,3.0199517204e-05,3.0199517204e-05,3.0199517204e-05,3.0199517204e-05,5,X65 Z70 Y71 Y75 Z76 X80,0.982511111111,0.00325509719159,0.982511111111,0.00325509719159
3.0199517204e-05,3.0199517204e-05,3.0199517204e-05,3.0199517204e-05,3.0199517204e-05,3.0199517204e-05,3.0199517204e-05,3.0199517204e-05,3.0199517204e-05,3.0199517204e-05,3.0199517204e-05,3.0199517204e-05,3.0199517204e-05,3.0199517204e-05,3.0199517204e-05,3.0199517204e-05,3.0199517204e-05,3.0199517204e-05,5,X66 Z71 Y72 Y76 Z77 X81,0.9816,0.00444153161253,0.9816,0.00444153161253
3.0199517204e-05,3.0199517204e-05,3.0199517204e-05,3.0199517204e-05,3.0199517204e-05,3.0199517204e-05,3.0199517204e-05,3.0199517204e-05,3.0199517204e-05,3.0199517204e-05,3.0199517204e-05,3.0199517204e-05,3.0199517204e-05,3.0199517204e-05,3.0199517204e-05,3.0199517204e-05,3.0199517204e-05,3.0199517204e-05,5,X67 Z72 Y77,0.988222222222,0.00306923097852,0.988222222222,0.00306923097852
3.0199517204e-05,3.0199517204e-05,3.0199517204e-05,3.0199517204e-05,3.0199517204e-05,3.0199517204e-05,3.0199517204e-05,3.0199517204e-05,3.0199517204e-05,3.0199517204e-05,3.0199517204e-05,3.0199517204e-05,3.0199517204e-05,3.0199517204e-05,3.0199517204e-05,3.0199517204e-05,3.0199517204e-05,3.0199517204e-05,5,X68 X73,0.993644444444,0.00160204211953,0.993644444444,0.00160204211953
3.0199517204e-05,3.0199517204e-05,3.0199517204e-05,3.0199517204e-05,3.0199517204e-05,3.0199517204e-05,3.0199517204e-05,3.0199517204e-05,3.0199517204e-05,3.0199517204e-05,3.0199517204e-05,3.0199517204e-05,3.0199517204e-05,3.0199517204e-05,3.0199517204e-05,3.0199517204e-05,3.0199517204e-05,3.0199517204e-05,5,X69 X74,0.994377777778,0.00205430737707,0.994377777778,0.00205430737707
3.0199517204e-05,3.0199517204e-05,3.0199517204e-05,3.0199517204e-05,3.0199517204e-05,3.0199517204e-05,3.0199517204e-05,3.0199517204e-05,3.0199517204e-05,3.0199517204e-05,3.0199517204e-05,3.0199517204e-05,3.0199517204e-05,3.0199517204e-05,3.0199517204e-05,3.0199517204e-05,3.0199517204e-05,3.0199517204e-05,5,X7 X10,0.993866666667,0.00236448823167,0.993866666667,0.00236448823167
3.0199517204e-05,3.0199517204e-05,3.0199517204e-05,3.0199517204e-05,3.0199517204e-05,3.0199517204e-05,3.0199517204e-05,3.0199517204e-05,3.0199517204e-05,3.0199517204e-05,3.0199517204e-05,3.0199517204e-05,3.0199517204e-05,3.0199517204e-05,3.0199517204e-05,3.0199517204e-05,3.0199517204e-05,3.0199517204e-05,5,X70 X75,0.993311111111,0.00271498372995,0.993311111111,0.00271498372995
3.0199517204e-05,3.0199517204e-05,3.0199517204e-05,3.0199517204e-05,3.0199517204e-05,3.0199517204e-05,3.0199517204e-05,3.0199517204e-05,3.0199517204e-05,3.0199517204e-05,3.0199517204e-05,3.0199517204e-05,3.0199517204e-05,3.0199517204e-05,3.0199517204e-05,3.0199517204e-05,3.0199517204e-05,3.0199517204e-05,5,X71 X76,0.994333333333,0.00189978825196,0.994333333333,0.00189978825196
3.0199517204e-05,3.0199517204e-05,3.0199517204e-05,3.0199517204e-05,3.0199517204e-05,3.0199517204e-05,3.0199517204e-05,3.0199517204e-05,3.0199517204e-05,3.0199517204e-05,3.0199517204e-05,3.0199517204e-05,3.0199517204e-05,3.0199517204e-05,3.0199517204e-05,3.0199517204e-05,3.0199517204e-05,3.0199517204e-05,5,X72 X77,0.994866666667,0.00165304780627,0.994866666667,0.00165304780627
3.0199517204e-05,3.0199517204e-05,3.0199517204e-05,3.0199517204e-05,3.0199517204e-05,3.0199517204e-05,3.0199517204e-05,3.0199517204e-05,3.0199517204e-05,3.0199517204e-05,3.0199517204e-05,3.0199517204e-05,3.0199517204e-05,3.0199517204e-05,3.0199517204e-05,3.0199517204e-05,3.0199517204e-05,3.0199517204e-05,5,X73 Y78 Z82,0.988911111111,0.00295293001233,0.988911111111,0.00295293001233
3.0199517204e-05,3.0199517204e-05,3.0199517204e-05,3.0199517204e-05,3.0199517204e-05,3.0199517204e-05,3.0199517204e-05,3.0199517204e-05,3.0199517204e-05,3.0199517204e-05,3.0199517204e-05,3.0199517204e-05,3.0199517204e-05,3.0199517204e-05,3.0199517204e-05,3.0199517204e-05,3.0199517204e-05,3.0199517204e-05,5,X74 Z78 Y79 Y82 Z83 X86,0.981488888889,0.00394476551497,0.981488888889,0.00394476551497
3.0199517204e-05,3.0199517204e-05,3.0199517204e-05,3.0199517204e-05,3.0199517204e-05,3.0199517204e-05,3.0199517204e-05,3.0199517204e-05,3.0199517204e-05,3.0199517204e-05,3.0199517204e-05,3.0199517204e-05,3.0199517204e-05,3.0199517204e-05,3.0199517204e-05,3.0199517204e-05,3.0199517204e-05,3.0199517204e-05,5,X75 Z79 Y80 Y83 Z84 X87,0.982622222222,0.00292922038368,0.982622222222,0.00292922038368
3.0199517204e-05,3.0199517204e-05,3.0199517204e-05,3.0199517204e-05,3.0199517204e-05,3.0199517204e-05,3.0199517204e-05,3.0199517204e-05,3.0199517204e-05,3.0199517204e-05,3.0199517204e-05,3.0199517204e-05,3.0199517204e-05,3.0199517204e-05,3.0199517204e-05,3.0199517204e-05,3.0199517204e-05,3.0199517204e-05,5,X76 Z80 Y81 Y84 Z85 X88,0.982288888889,0.0033064818883,0.982288888889,0.0033064818883
3.0199517204e-05,3.0199517204e-05,3.0199517204e-05,3.0199517204e-05,3.0199517204e-05,3.0199517204e-05,3.0199517204e-05,3.0199517204e-05,3.0199517204e-05,3.0199517204e-05,3.0199517204e-05,3.0199517204e-05,3.0199517204e-05,3.0199517204e-05,3.0199517204e-05,3.0199517204e-05,3.0199517204e-05,3.0199517204e-05,5,X78 X82,0.994333333333,0.00216379119537,0.994333333333,0.00216379119537
3.0199517204e-05,3.0199517204e-05,3.0199517204e-05,3.0199517204e-05,3.0199517204e-05,3.0199517204e-05,3.0199517204e-05,3.0199517204e-05,3.0199517204e-05,3.0199517204e-05,3.0199517204e-05,3.0199517204e-05,3.0199517204e-05,3.0199517204e-05,3.0199517204e-05,3.0199517204e-05,3.0199517204e-05,3.0199517204e-05,5,X79 X83,0.993955555556,0.00160395424528,0.993955555556,0.00160395424528
3.0199517204e-05,3.0199517204e-05,3.0199517204e-05,3.0199517204e-05,3.0199517204e-05,3.0199517204e-05,3.0199517204e-05,3.0199517204e-05,3.0199517204e-05,3.0199517204e-05,3.0199517204e-05,3.0199517204e-05,3.0199517204e-05,3.0199517204e-05,3.0199517204e-05,3.0199517204e-05,3.0199517204e-05,3.0199517204e-05,5,X8 X11,0.9942,0.00205778588746,0.9942,0.00205778588746
3.0199517204e-05,3.0199517204e-05,3.0199517204e-05,3.0199517204e-05,3.0199517204e-05,3.0199517204e-05,3.0199517204e-05,3.0199517204e-05,3.0199517204e-05,3.0199517204e-05,3.0199517204e-05,3.0199517204e-05,3.0199517204e-05,3.0199517204e-05,3.0199517204e-05,3.0199517204e-05,3.0199517204e-05,3.0199517204e-05,5,X80 X84,0.993066666667,0.00219089023002,0.993066666667,0.00219089023002
3.0199517204e-05,3.0199517204e-05,3.0199517204e-05,3.0199517204e-05,3.0199517204e-05,3.0199517204e-05,3.0199517204e-05,3.0199517204e-05,3.0199517204e-05,3.0199517204e-05,3.0199517204e-05,3.0199517204e-05,3.0199517204e-05,3.0199517204e-05,3.0199517204e-05,3.0199517204e-05,3.0199517204e-05,3.0199517204e-05,5,X81 X85,0.993644444444,0.00157308134874,0.993644444444,0.00157308134874
3.0199517204e-05,3.0199517204e-05,3.0199517204e-05,3.0199517204e-05,3.0199517204e-05,3.0199517204e-05,3.0199517204e-05,3.0199517204e-05,3.0199517204e-05,3.0199517204e-05,3.0199517204e-05,3.0199517204e-05,3.0199517204e-05,3.0199517204e-05,3.0199517204e-05,3.0199517204e-05,3.0199517204e-05,3.0199517204e-05,5,X83 Z86 Y87 Y89 Z90 X92,0.981955555556,0.00416124551548,0.981955555556,0.00416124551548
3.0199517204e-05,3.0199517204e-05,3.0199517204e-05,3.0199517204e-05,3.0199517204e-05,3.0199517204e-05,3.0199517204e-05,3.0199517204e-05,3.0199517204e-05,3.0199517204e-05,3.0199517204e-05,3.0199517204e-05,3.0199517204e-05,3.0199517204e-05,3.0199517204e-05,3.0199517204e-05,3.0199517204e-05,3.0199517204e-05,5,X84 Z87 Y88 Y90 Z91 X93,0.983755555556,0.00332865572182,0.983755555556,0.00332865572182
3.0199517204e-05,3.0199517204e-05,3.0199517204e-05,3.0199517204e-05,3.0199517204e-05,3.0199517204e-05,3.0199517204e-05,3.0199517204e-05,3.0199517204e-05,3.0199517204e-05,3.0199517204e-05,3.0199517204e-05,3.0199517204e-05,3.0199517204e-05,3.0199517204e-05,3.0199517204e-05,3.0199517204e-05,3.0199517204e-05,5,X85 Z88 Y91,0.988511111111,0.00333876951355,0.988511111111,0.00333876951355
3.0199517204e-05,3.0199517204e-05,3.0199517204e-05,3.0199517204e-05,3.0199517204e-05,3.0199517204e-05,3.0199517204e-05,3.0199517204e-05,3.0199517204e-05,3.0199517204e-05,3.0199517204e-05,3.0199517204e-05,3.0199517204e-05,3.0199517204e-05,3.0199517204e-05,3.0199517204e-05,3.0199517204e-05,3.0199517204e-05,5,X86 X89,0.993977777778,0.00163752297128,0.993977777778,0.00163752297128
3.0199517204e-05,3.0199517204e-05,3.0199517204e-05,3.0199517204e-05,3.0199517204e-05,3.0199517204e-05,3.0199517204e-05,3.0199517204e-05,3.0199517204e-05,3.0199517204e-05,3.0199517204e-05,3.0199517204e-05,3.0199517204e-05,3.0199517204e-05,3.0199517204e-05,3.0199517204e-05,3.0199517204e-05,3.0199517204e-05,5,X87 X90,0.994355555556,0.00195531172287,0.994355555556,0.00195531172287
3.0199517204e-05,3.0199517204e-05,3.0199517204e-05,3.0199517204e-05,3.0199517204e-05,3.0199517204e-05,3.0199517204e-05,3.0199517204e-05,3.0199517204e-05,3.0199517204e-05,3.0199517204e-05,3.0199517204e-05,3.0199517204e-05,3.0199517204e-05,3.0199517204e-05,3.0199517204e-05,3.0199517204e-05,3.0199517204e-05,5,X88 X91,0.994622222222,0.00244437478131,0.994622222222,0.00244437478131
3.0199517204e-05,3.0199517204e-05,3.0199517204e-05,3.0199517204e-05,3.0199517204e-05,3.0199517204e-05,3.0199517204e-05,3.0199517204e-05,3.0199517204e-05,3.0199517204e-05,3.0199517204e-05,3.0199517204e-05,3.0199517204e-05,3.0199517204e-05,3.0199517204e-05,3.0199517204e-05,3.0199517204e-05,3.0199517204e-05,5,X89 Y92 Z94,0.989111111111,0.00253305100262,0.989111111111,0.00253305100262
3.0199517204e-05,3.0199517204e-05,3.0199517204e-05,3.0199517204e-05,3.0199517204e-05,3.0199517204e-05,3.0199517204e-05,3.0199517204e-05,3.0199517204e-05,3.0199517204e-05,3.0199517204e-05,3.0199517204e-05,3.0199517204e-05,3.0199517204e-05,3.0199517204e-05,3.0199517204e-05,3.0199517204e-05,3.0199517204e-05,5,X9 Z12 Y13 Y16 Z17 X21,0.982244444444,0.00351235731316,0.982244444444,0.00351235731316
3.0199517204e-05,3.0199517204e-05,3.0199517204e-05,3.0199517204e-05,3.0199517204e-05,3.0199517204e-05,3.0199517204e-05,3.0199517204e-05,3.0199517204e-05,3.0199517204e-05,3.0199517204e-05,3.0199517204e-05,3.0199517204e-05,3.0199517204e-05,3.0199517204e-05,3.0199517204e-05,3.0199517204e-05,3.0199517204e-05,5,X90 Z92 Y93 Y94 Z95 X96,0.982177777778,0.00362170271055,0.982177777778,0.00362170271055
3.0199517204e-05,3.0199517204e-05,3.0199517204e-05,3.0199517204e-05,3.0199517204e-05,3.0199517204e-05,3.0199517204e-05,3.0199517204e-05,3.0199517204e-05,3.0199517204e-05,3.0199517204e-05,3.0199517204e-05,3.0199517204e-05,3.0199517204e-05,3.0199517204e-05,3.0199517204e-05,3.0199517204e-05,3.0199517204e-05,5,X92 X94,0.993933333333,0.00192064803879,0.993933333333,0.00192064803879
3.0199517204e-05,3.0199517204e-05,3.0199517204e-05,3.0199517204e-05,3.0199517204e-05,3.0199517204e-05,3.0199517204e-05,3.0199517204e-05,3.0199517204e-05,3.0199517204e-05,3.0199517204e-05,3.0199517204e-05,3.0199517204e-05,3.0199517204e-05,3.0199517204e-05,3.0199517204e-05,3.0199517204e-05,3.0199517204e-05,5,X93 X95,0.994022222222,0.00205281478251,0.994022222222,0.00205281478251
3.0199517204e-05,3.0199517204e-05,3.0199517204e-05,3.0199517204e-05,3.0199517204e-05,3.0199517204e-05,3.0199517204e-05,3.0199517204e-05,3.0199517204e-05,3.0199517204e-05,3.0199517204e-05,3.0199517204e-05,3.0199517204e-05,3.0199517204e-05,3.0199517204e-05,3.0199517204e-05,3.0199517204e-05,3.0199517204e-05,5,X95 Z96 Y97,0.988333333333,0.00314526951254,0.988333333333,0.00314526951254
3.0199517204e-05,3.0199517204e-05,3.0199517204e-05,3.0199517204e-05,3.0199517204e-05,3.0199517204e-05,3.0199517204e-05,3.0199517204e-05,3.0199517204e-05,3.0199517204e-05,3.0199517204e-05,3.0199517204e-05,3.0199517204e-05,3.0199517204e-05,3.0199517204e-05,3.0199517204e-05,3.0199517204e-05,3.0199517204e-05,5,X96 X97,0.994911111111,0.0019296701986,0.994911111111,0.0019296701986
3.0199517204e-05,3.0199517204e-05,3.0199517204e-05,3.0199517204e-05,3.0199517204e-05,3.0199517204e-05,3.0199517204e-05,3.0199517204e-05,3.0199517204e-05,3.0199517204e-05,3.0199517204e-05,3.0199517204e-05,3.0199517204e-05,3.0199517204e-05,3.0199517204e-05,3.0199517204e-05,3.0199517204e-05,3.0199517204e-05,5,Y0 Z1 X2,0.988644444444,0.00227923044977,0.988644444444,0.00227923044977
3.0199517204e-05,3.0199517204e-05,3.0199517204e-05,3.0199517204e-05,3.0199517204e-05,3.0199517204e-05,3.0199517204e-05,3.0199517204e-05,3.0199517204e-05,3.0199517204e-05,3.0199517204e-05,3.0199517204e-05,3.0199517204e-05,3.0199517204e-05,3.0199517204e-05,3.0199517204e-05,3.0199517204e-05,3.0199517204e-05,5,Y20 Z25 X30,0.987955555556,0.00237440588791,0.987955555556,0.00237440588791
3.0199517204e-05,3.0199517204e-05,3.0199517204e-05,3.0199517204e-05,3.0199517204e-05,3.0199517204e-05,3.0199517204e-05,3.0199517204e-05,3.0199517204e-05,3.0199517204e-05,3.0199517204e-05,3.0199517204e-05,3.0199517204e-05,3.0199517204e-05,3.0199517204e-05,3.0199517204e-05,3.0199517204e-05,3.0199517204e-05,5,Y6 Z9 X12,0.989022222222,0.00279426524566,0.989022222222,0.00279426524566
3.0199517204e-05,3.0199517204e-05,3.0199517204e-05,3.0199517204e-05,3.0199517204e-05,3.0199517204e-05,3.0199517204e-05,3.0199517204e-05,3.0199517204e-05,3.0199517204e-05,3.0199517204e-05,3.0199517204e-05,3.0199517204e-05,3.0199517204e-05,3.0199517204e-05,3.0199517204e-05,3.0199517204e-05,3.0199517204e-05,5,Z15 Y19 X24,0.989822222222,0.00269487001419,0.989822222222,0.00269487001419
3.0199517204e-05,3.0199517204e-05,3.0199517204e-05,3.0199517204e-05,3.0199517204e-05,3.0199517204e-05,3.0199517204e-05,3.0199517204e-05,3.0199517204e-05,3.0199517204e-05,3.0199517204e-05,3.0199517204e-05,3.0199517204e-05,3.0199517204e-05,3.0199517204e-05,3.0199517204e-05,3.0199517204e-05,3.0199517204e-05,5,Z3 Y5 X8,0.988333333333,0.00239891418605,0.988333333333,0.00239891418605
3.0199517204e-05,3.0199517204e-05,3.0199517204e-05,3.0199517204e-05,3.0199517204e-05,3.0199517204e-05,3.0199517204e-05,3.0199517204e-05,3.0199517204e-05,3.0199517204e-05,3.0199517204e-05,3.0199517204e-05,3.0199517204e-05,3.0199517204e-05,3.0199517204e-05,3.0199517204e-05,3.0199517204e-05,3.0199517204e-05,5,Z35 Y41 X48,0.989644444444,0.0029018864697,0.989644444444,0.0029018864697
3.0199517204e-05,3.0199517204e-05,3.0199517204e-05,3.0199517204e-05,3.0199517204e-05,3.0199517204e-05,3.0199517204e-05,3.0199517204e-05,3.0199517204e-05,3.0199517204e-05,3.0199517204e-05,3.0199517204e-05,3.0199517204e-05,3.0199517204e-05,3.0199517204e-05,3.0199517204e-05,3.0199517204e-05,3.0199517204e-05,10,Logical X,0.9932,0.00213993232249,0.993555555556,0.00226472759069
3.0199517204e-05,3.0199517204e-05,3.0199517204e-05,3.0199517204e-05,3.0199517204e-05,3.0199517204e-05,3.0199517204e-05,3.0199517204e-05,3.0199517204e-05,3.0199517204e-05,3.0199517204e-05,3.0199517204e-05,3.0199517204e-05,3.0199517204e-05,3.0199517204e-05,3.0199517204e-05,3.0199517204e-05,3.0199517204e-05,10,Logical Y,0.0133777777778,0.0104076796481,0.000844444444444,0.0175825874622
3.0199517204e-05,3.0199517204e-05,3.0199517204e-05,3.0199517204e-05,3.0199517204e-05,3.0199517204e-05,3.0199517204e-05,3.0199517204e-05,3.0199517204e-05,3.0199517204e-05,3.0199517204e-05,3.0199517204e-05,3.0199517204e-05,3.0199517204e-05,3.0199517204e-05,3.0199517204e-05,3.0199517204e-05,3.0199517204e-05,10,Logical Z,0.0184222222222,0.0135900384222,0.00108888888889,0.0180450550073
3.0199517204e-05,3.0199517204e-05,3.0199517204e-05,3.0199517204e-05,3.0199517204e-05,3.0199517204e-05,3.0199517204e-05,3.0199517204e-05,3.0199517204e-05,3.0199517204e-05,3.0199517204e-05,3.0199517204e-05,3.0199517204e-05,3.0199517204e-05,3.0199517204e-05,3.0199517204e-05,3.0199517204e-05,3.0199517204e-05,10,X0 X1,0.994733333333,0.00199885024423,0.994733333333,0.00199885024423
3.0199517204e-05,3.0199517204e-05,3.0199517204e-05,3.0199517204e-05,3.0199517204e-05,3.0199517204e-05,3.0199517204e-05,3.0199517204e-05,3.0199517204e-05,3.0199517204e-05,3.0199517204e-05,3.0199517204e-05,3.0199517204e-05,3.0199517204e-05,3.0199517204e-05,3.0199517204e-05,3.0199517204e-05,3.0199517204e-05,10,X1 Z2 Y3 Y4 Z5 X7,0.983711111111,0.0029331417562,0.983711111111,0.0029331417562
3.0199517204e-05,3.0199517204e-05,3.0199517204e-05,3.0199517204e-05,3.0199517204e-05,3.0199517204e-05,3.0199517204e-05,3.0199517204e-05,3.0199517204e-05,3.0199517204e-05,3.0199517204e-05,3.0199517204e-05,3.0199517204e-05,3.0199517204e-05,3.0199517204e-05,3.0199517204e-05,3.0199517204e-05,3.0199517204e-05,10,X10 Z13 Y14 Y17 Z18 X22,0.982266666667,0.00353461265064,0.982266666667,0.00353461265064
3.0199517204e-05,3.0199517204e-05,3.0199517204e-05,3.0199517204e-05,3.0199517204e-05,3.0199517204e-05,3.0199517204e-05,3.0199517204e-05,3.0199517204e-05,3.0199517204e-05,3.0199517204e-05,3.0199517204e-05,3.0199517204e-05,3.0199517204e-05,3.0199517204e-05,3.0199517204e-05,3.0199517204e-05,3.0199517204e-05,10,X11 Z14 Y15 Y18 Z19 X23,0.9826,0.00314331986443,0.9826,0.00314331986443
3.0199517204e-05,3.0199517204e-05,3.0199517204e-05,3.0199517204e-05,3.0199517204e-05,3.0199517204e-05,3.0199517204e-05,3.0199517204e-05,3.0199517204e-05,3.0199517204e-05,3.0199517204e-05,3.0199517204e-05,3.0199517204e-05,3.0199517204e-05,3.0199517204e-05,3.0199517204e-05,3.0199517204e-05,3.0199517204e-05,10,X12 X16,0.994222222222,0.00183063193522,0.994222222222,0.00183063193522
3.0199517204e-05,3.0199517204e-05,3.0199517204e-05,3.0199517204e-05,3.0199517204e-05,3.0199517204e-05,3.0199517204e-05,3.0199517204e-05,3.0199517204e-05,3.0199517204e-05,3.0199517204e-05,3.0199517204e-05,3.0199517204e-05,3.0199517204e-05,3.0199517204e-05,3.0199517204e-05,3.0199517204e-05,3.0199517204e-05,10,X13 X17,0.994177777778,0.0018188736638,0.994177777778,0.0018188736638
3.0199517204e-05,3.0199517204e-05,3.0199517204e-05,3.0199517204e-05,3.0199517204e-05,3.0199517204e-05,3.0199517204e-05,3.0199517204e-05,3.0199517204e-05,3.0199517204e-05,3.0199517204e-05,3.0199517204e-05,3.0199517204e-05,3.0199517204e-05,3.0199517204e-05,3.0199517204e-05,3.0199517204e-05,3.0199517204e-05,10,X14 X18,0.993355555556,0.00278189732842,0.993355555556,0.00278189732842
3.0199517204e-05,3.0199517204e-05,3.0199517204e-05,3.0199517204e-05,3.0199517204e-05,3.0199517204e-05,3.0199517204e-05,3.0199517204e-05,3.0199517204e-05,3.0199517204e-05,3.0199517204e-05,3.0199517204e-05,3.0199517204e-05,3.0199517204e-05,3.0199517204e-05,3.0199517204e-05,3.0199517204e-05,3.0199517204e-05,10,X15 X19,0.994377777778,0.00183355972131,0.994377777778,0.00183355972131
3.0199517204e-05,3.0199517204e-05,3.0199517204e-05,3.0199517204e-05,3.0199517204e-05,3.0199517204e-05,3.0199517204e-05,3.0199517204e-05,3.0199517204e-05,3.0199517204e-05,3.0199517204e-05,3.0199517204e-05,3.0199517204e-05,3.0199517204e-05,3.0199517204e-05,3.0199517204e-05,3.0199517204e-05,3.0199517204e-05,10,X16 Z20 Y21 Y25 Z26 X31,0.983022222222,0.00341164709306,0.983022222222,0.00341164709306
3.0199517204e-05,3.0199517204e-05,3.0199517204e-05,3.0199517204e-05,3.0199517204e-05,3.0199517204e-05,3.0199517204e-05,3.0199517204e-05,3.0199517204e-05,3.0199517204e-05,3.0199517204e-05,3.0199517204e-05,3.0199517204e-05,3.0199517204e-05,3.0199517204e-05,3.0199517204e-05,3.0199517204e-05,3.0199517204e-05,10,X17 Z21 Y22 Y26 Z27 X32,0.983266666667,0.00405838614283,0.983266666667,0.00405838614283
3.0199517204e-05,3.0199517204e-05,3.0199517204e-05,3.0199517204e-05,3.0199517204e-05,3.0199517204e-05,3.0199517204e-05,3.0199517204e-05,3.0199517204e-05,3.0199517204e-05,3.0199517204e-05,3.0199517204e-05,3.0199517204e-05,3.0199517204e-05,3.0199517204e-05,3.0199517204e-05,3.0199517204e-05,3.0199517204e-05,10,X18 Z22 Y23 Y27 Z28 X33,0.983444444444,0.0030529595381,0.983444444444,0.0030529595381
3.0199517204e-05,3.0199517204e-05,3.0199517204e-05,3.0199517204e-05,3.0199517204e-05,3.0199517204e-05,3.0199517204e-05,3.0199517204e-05,3.0199517204e-05,3.0199517204e-05,3.0199517204e-05,3.0199517204e-05,3.0199517204e-05,3.0199517204e-05,3.0199517204e-05,3.0199517204e-05,3.0199517204e-05,3.0199517204e-05,10,X19 Z23 Y24 Y28 Z29 X34,0.982355555556,0.00318393156001,0.982355555556,0.00318393156001
3.0199517204e-05,3.0199517204e-05,3.0199517204e-05,3.0199517204e-05,3.0199517204e-05,3.0199517204e-05,3.0199517204e-05,3.0199517204e-05,3.0199517204e-05,3.0199517204e-05,3.0199517204e-05,3.0199517204e-05,3.0199517204e-05,3.0199517204e-05,3.0199517204e-05,3.0199517204e-05,3.0199517204e-05,3.0199517204e-05,10,X2 X4,0.994244444444,0.00226574243046,0.994244444444,0.00226574243046
3.0199517204e-05,3.0199517204e-05,3.0199517204e-05,3.0199517204e-05,3.0199517204e-05,3.0199517204e-05,3.0199517204e-05,3.0199517204e-05,3.0199517204e-05,3.0199517204e-05,3.0199517204e-05,3.0199517204e-05,3.0199517204e-05,3.0199517204e-05,3.0199517204e-05,3.0199517204e-05,3.0199517204e-05,3.0199517204e-05,10,X20 X25,0.994777777778,0.00193442960067,0.994777777778,0.00193442960067
3.0199517204e-05,3.0199517204e-05,3.0199517204e-05,3.0199517204e-05,3.0199517204e-05,3.0199517204e-05,3.0199517204e-05,3.0199517204e-05,3.0199517204e-05,3.0199517204e-05,3.0199517204e-05,3.0199517204e-05,3.0199517204e-05,3.0199517204e-05,3.0199517204e-05,3.0199517204e-05,3.0199517204e-05,3.0199517204e-05,10,X21 X26,0.994288888889,0.00219147308412,0.994288888889,0.00219147308412
3.0199517204e-05,3.0199517204e-05,3.0199517204e-05,3.0199517204e-05,3.0199517204e-05,3.0199517204e-05,3.0199517204e-05,3.0199517204e-05,3.0199517204e-05,3.0199517204e-05,3.0199517204e-05,3.0199517204e-05,3.0199517204e-05,3.0199517204e-05,3.0199517204e-05,3.0199517204e-05,3.0199517204e-05,3.0199517204e-05,10,X22 X27,0.993555555556,0.00186381829754,0.993555555556,0.00186381829754
3.0199517204e-05,3.0199517204e-05,3.0199517204e-05,3.0199517204e-05,3.0199517204e-05,3.0199517204e-05,3.0199517204e-05,3.0199517204e-05,3.0199517204e-05,3.0199517204e-05,3.0199517204e-05,3.0199517204e-05,3.0199517204e-05,3.0199517204e-05,3.0199517204e-05,3.0199517204e-05,3.0199517204e-05,3.0199517204e-05,10,X23 X28,0.993711111111,0.00142966205404,0.993711111111,0.00142966205404
3.0199517204e-05,3.0199517204e-05,3.0199517204e-05,3.0199517204e-05,3.0199517204e-05,3.0199517204e-05,3.0199517204e-05,3.0199517204e-05,3.0199517204e-05,3.0199517204e-05,3.0199517204e-05,3.0199517204e-05,3.0199517204e-05,3.0199517204e-05,3.0199517204e-05,3.0199517204e-05,3.0199517204e-05,3.0199517204e-05,10,X24 X29,0.993777777778,0.00233798114,0.993777777778,0.00233798114
3.0199517204e-05,3.0199517204e-05,3.0199517204e-05,3.0199517204e-05,3.0199517204e-05,3.0199517204e-05,3.0199517204e-05,3.0199517204e-05,3.0199517204e-05,3.0199517204e-05,3.0199517204e-05,3.0199517204e-05,3.0199517204e-05,3.0199517204e-05,3.0199517204e-05,3.0199517204e-05,3.0199517204e-05,3.0199517204e-05,10,X25 Z30 Y31 Y36 Z37 X43,0.982466666667,0.00340002253768,0.982466666667,0.00340002253768
3.0199517204e-05,3.0199517204e-05,3.0199517204e-05,3.0199517204e-05,3.0199517204e-05,3.0199517204e-05,3.0199517204e-05,3.0199517204e-05,3.0199517204e-05,3.0199517204e-05,3.0199517204e-05,3.0199517204e-05,3.0199517204e-05,3.0199517204e-05,3.0199517204e-05,3.0199517204e-05,3.0199517204e-05,3.0199517204e-05,10,X26 Z31 Y32 Y37 Z38 X44,0.981422222222,0.00303104414483,0.981422222222,0.00303104414483
3.0199517204e-05,3.0199517204e-05,3.0199517204e-05,3.0199517204e-05,3.0199517204e-05,3.0199517204e-05,3.0199517204e-05,3.0199517204e-05,3.0199517204e-05,3.0199517204e-05,3.0199517204e-05,3.0199517204e-05,3.0199517204e-05,3.0199517204e-05,3.0199517204e-05,3.0199517204e-05,3.0199517204e-05,3.0199517204e-05,10,X27 Z32 Y33 Y38 Z39 X45,0.982555555556,0.00262661493229,0.982555555556,0.00262661493229
3.0199517204e-05,3.0199517204e-05,3.0199517204e-05,3.0199517204e-05,3.0199517204e-05,3.0199517204e-05,3.0199517204e-05,3.0199517204e-05,3.0199517204e-05,3.0199517204e-05,3.0199517204e-05,3.0199517204e-05,3.0199517204e-05,3.0199517204e-05,3.0199517204e-05,3.0199517204e-05,3.0199517204e-05,3.0199517204e-05,10,X28 Z33 Y34 Y39 Z40 X46,0.983022222222,0.00326942568607,0.983022222222,0.00326942568607
3.0199517204e-05,3.0199517204e-05,3.0199517204e-05,3.0199517204e-05,3.0199517204e-05,3.0199517204e-05,3.0199517204e-05,3.0199517204e-05,3.0199517204e-05,3.0199517204e-05,3.0199517204e-05,3.0199517204e-05,3.0199517204e-05,3.0199517204e-05,3.0199517204e-05,3.0199517204e-05,3.0199517204e-05,3.0199517204e-05,10,X29 Z34 Y35 Y40 Z41 X47,0.9808,0.00454319414364,0.9808,0.00454319414364
3.0199517204e-05,3.0199517204e-05,3.0199517204e-05,3.0199517204e-05,3.0199517204e-05,3.0199517204e-05,3.0199517204e-05,3.0199517204e-05,3.0199517204e-05,3.0199517204e-05,3.0199517204e-05,3.0199517204e-05,3.0199517204e-05,3.0199517204e-05,3.0199517204e-05,3.0199517204e-05,3.0199517204e-05,3.0199517204e-05,10,X3 X5,0.993911111111,0.00244312050528,0.993911111111,0.00244312050528
3.0199517204e-05,3.0199517204e-05,3.0199517204e-05,3.0199517204e-05,3.0199517204e-05,3.0199517204e-05,3.0199517204e-05,3.0199517204e-05,3.0199517204e-05,3.0199517204e-05,3.0199517204e-05,3.0199517204e-05,3.0199517204e-05,3.0199517204e-05,3.0199517204e-05,3.0199517204e-05,3.0199517204e-05,3.0199517204e-05,10,X30 X36,0.992755555556,0.0020321804407,0.992755555556,0.0020321804407
3.0199517204e-05,3.0199517204e-05,3.0199517204e-05,3.0199517204e-05,3.0199517204e-05,3.0199517204e-05,3.0199517204e-05,3.0199517204e-05,3.0199517204e-05,3.0199517204e-05,3.0199517204e-05,3.0199517204e-05,3.0199517204e-05,3.0199517204e-05,3.0199517204e-05,3.0199517204e-05,3.0199517204e-05,3.0199517204e-05,10,X31 X37,0.993266666667,0.00205927487889,0.993266666667,0.00205927487889
3.0199517204e-05,3.0199517204e-05,3.0199517204e-05,3.0199517204e-05,3.0199517204e-05,3.0199517204e-05,3.0199517204e-05,3.0199517204e-05,3.0199517204e-05,3.0199517204e-05,3.0199517204e-05,3.0199517204e-05,3.0199517204e-05,3.0199517204e-05,3.0199517204e-05,3.0199517204e-05,3.0199517204e-05,3.0199517204e-05,10,X32 X38,0.993355555556,0.00233896419642,0.993355555556,0.00233896419642
3.0199517204e-05,3.0199517204e-05,3.0199517204e-05,3.0199517204e-05,3.0199517204e-05,3.0199517204e-05,3.0199517204e-05,3.0199517204e-05,3.0199517204e-05,3.0199517204e-05,3.0199517204e-05,3.0199517204e-05,3.0199517204e-05,3.0199517204e-05,3.0199517204e-05,3.0199517204e-05,3.0199517204e-05,3.0199517204e-05,10,X33 X39,0.993444444444,0.00210879082008,0.993444444444,0.00210879082008
3.0199517204e-05,3.0199517204e-05,3.0199517204e-05,3.0199517204e-05,3.0199517204e-05,3.0199517204e-05,3.0199517204e-05,3.0199517204e-05,3.0199517204e-05,3.0199517204e-05,3.0199517204e-05,3.0199517204e-05,3.0199517204e-05,3.0199517204e-05,3.0199517204e-05,3.0199517204e-05,3.0199517204e-05,3.0199517204e-05,10,X34 X40,0.993911111111,0.00191572107276,0.993911111111,0.00191572107276
3.0199517204e-05,3.0199517204e-05,3.0199517204e-05,3.0199517204e-05,3.0199517204e-05,3.0199517204e-05,3.0199517204e-05,3.0199517204e-05,3.0199517204e-05,3.0199517204e-05,3.0199517204e-05,3.0199517204e-05,3.0199517204e-05,3.0199517204e-05,3.0199517204e-05,3.0199517204e-05,3.0199517204e-05,3.0199517204e-05,10,X35 X41,0.993622222222,0.00221927006973,0.993622222222,0.00221927006973
3.0199517204e-05,3.0199517204e-05,3.0199517204e-05,3.0199517204e-05,3.0199517204e-05,3.0199517204e-05,3.0199517204e-05,3.0199517204e-05,3.0199517204e-05,3.0199517204e-05,3.0199517204e-05,3.0199517204e-05,3.0199517204e-05,3.0199517204e-05,3.0199517204e-05,3.0199517204e-05,3.0199517204e-05,3.0199517204e-05,10,X36 Z42 Y43 Y49 Z50 X56,0.982666666667,0.00309244537394,0.982666666667,0.00309244537394
3.0199517204e-05,3.0199517204e-05,3.0199517204e-05,3.0199517204e-05,3.0199517204e-05,3.0199517204e-05,3.0199517204e-05,3.0199517204e-05,3.0199517204e-05,3.0199517204e-05,3.0199517204e-05,3.0199517204e-05,3.0199517204e-05,3.0199517204e-05,3.0199517204e-05,3.0199517204e-05,3.0199517204e-05,3.0199517204e-05,10,X37 Z43 Y44 Y50 Z51 X57,0.982822222222,0.00360792373331,0.982822222222,0.00360792373331
3.0199517204e-05,3.0199517204e-05,3.0199517204e-05,3.0199517204e-05,3.0199517204e-05,3.0199517204e-05,3.0199517204e-05,3.0199517204e-05,3.0199517204e-05,3.0199517204e-05,3.0199517204e-05,3.0199517204e-05,3.0199517204e-05,3.0199517204e-05,3.0199517204e-05,3.0199517204e-05,3.0199517204e-05,3.0199517204e-05,10,X38 Z44 Y45 Y51 Z52 X58,0.982666666667,0.00383969986056,0.982666666667,0.00383969986056
3.0199517204e-05,3.0199517204e-05,3.0199517204e-05,3.0199517204e-05,3.0199517204e-05,3.0199517204e-05,3.0199517204e-05,3.0199517204e-05,3.0199517204e-05,3.0199517204e-05,3.0199517204e-05,3.0199517204e-05,3.0199517204e-05,3.0199517204e-05,3.0199517204e-05,3.0199517204e-05,3.0199517204e-05,3.0199517204e-05,10,X39 Z45 Y46 Y52 Z53 X59,0.982111111111,0.0035539987013,0.982111111111,0.0035539987013
3.0199517204e-05,3.0199517204e-05,3.0199517204e-05,3.0199517204e-05,3.0199517204e-05,3.0199517204e-05,3.0199517204e-05,3.0199517204e-05,3.0199517204e-05,3.0199517204e-05,3.0199517204e-05,3.0199517204e-05,3.0199517204e-05,3.0199517204e-05,3.0199517204e-05,3.0199517204e-05,3.0199517204e-05,3.0199517204e-05,10,X4 Z6 Y7 Y9 Z10 X13,0.983266666667,0.00291041201281,0.983266666667,0.00291041201281
3.0199517204e-05,3.0199517204e-05,3.0199517204e-05,3.0199517204e-05,3.0199517204e-05,3.0199517204e-05,3.0199517204e-05,3.0199517204e-05,3.0199517204e-05,3.0199517204e-05,3.0199517204e-05,3.0199517204e-05,3.0199517204e-05,3.0199517204e-05,3.0199517204e-05,3.0199517204e-05,3.0199517204e-05,3.0199517204e-05,10,X40 Z46 Y47 Y53 Z54 X60,0.982911111111,0.00382563778604,0.982911111111,0.00382563778604
3.0199517204e-05,3.0199517204e-05,3.0199517204e-05,3.0199517204e-05,3.0199517204e-05,3.0199517204e-05,3.0199517204e-05,3.0199517204e-05,3.0199517204e-05,3.0199517204e-05,3.0199517204e-05,3.0199517204e-05,3.0199517204e-05,3.0199517204e-05,3.0199517204e-05,3.0199517204e-05,3.0199517204e-05,3.0199517204e-05,10,X41 Z47 Y48 Y54 Z55 X61,0.982133333333,0.00388098814292,0.982133333333,0.00388098814292
3.0199517204e-05,3.0199517204e-05,3.0199517204e-05,3.0199517204e-05,3.0199517204e-05,3.0199517204e-05,3.0199517204e-05,3.0199517204e-05,3.0199517204e-05,3.0199517204e-05,3.0199517204e-05,3.0199517204e-05,3.0199517204e-05,3.0199517204e-05,3.0199517204e-05,3.0199517204e-05,3.0199517204e-05,3.0199517204e-05,10,X42 X49,0.993555555556,0.00193640923237,0.993555555556,0.00193640923237
3.0199517204e-05,3.0199517204e-05,3.0199517204e-05,3.0199517204e-05,3.0199517204e-05,3.0199517204e-05,3.0199517204e-05,3.0199517204e-05,3.0199517204e-05,3.0199517204e-05,3.0199517204e-05,3.0199517204e-05,3.0199517204e-05,3.0199517204e-05,3.0199517204e-05,3.0199517204e-05,3.0199517204e-05,3.0199517204e-05,10,X43 X50,0.993444444444,0.00128752735591,0.993444444444,0.00128752735591
3.0199517204e-05,3.0199517204e-05,3.0199517204e-05,3.0199517204e-05,3.0199517204e-05,3.0199517204e-05,3.0199517204e-05,3.0199517204e-05,3.0199517204e-05,3.0199517204e-05,3.0199517204e-05,3.0199517204e-05,3.0199517204e-05,3.0199517204e-05,3.0199517204e-05,3.0199517204e-05,3.0199517204e-05,3.0199517204e-05,10,X44 X51,0.994333333333,0.00158295518775,0.994333333333,0.00158295518775
3.0199517204e-05,3.0199517204e-05,3.0199517204e-05,3.0199517204e-05,3.0199517204e-05,3.0199517204e-05,3.0199517204e-05,3.0199517204e-05,3.0199517204e-05,3.0199517204e-05,3.0199517204e-05,3.0199517204e-05,3.0199517204e-05,3.0199517204e-05,3.0199517204e-05,3.0199517204e-05,3.0199517204e-05,3.0199517204e-05,10,X45 X52,0.993577777778,0.0019296701986,0.993577777778,0.0019296701986
3.0199517204e-05,3.0199517204e-05,3.0199517204e-05,3.0199517204e-05,3.0199517204e-05,3.0199517204e-05,3.0199517204e-05,3.0199517204e-05,3.0199517204e-05,3.0199517204e-05,3.0199517204e-05,3.0199517204e-05,3.0199517204e-05,3.0199517204e-05,3.0199517204e-05,3.0199517204e-05,3.0199517204e-05,3.0199517204e-05,10,X46 X53,0.994311111111,0.00206212577394,0.994311111111,0.00206212577394
3.0199517204e-05,3.0199517204e-05,3.0199517204e-05,3.0199517204e-05,3.0199517204e-05,3.0199517204e-05,3.0199517204e-05,3.0199517204e-05,3.0199517204e-05,3.0199517204e-05,3.0199517204e-05,3.0199517204e-05,3.0199517204e-05,3.0199517204e-05,3.0199517204e-05,3.0199517204e-05,3.0199517204e-05,3.0199517204e-05,10,X47 X54,0.994244444444,0.002104425793,0.994244444444,0.002104425793
3.0199517204e-05,3.0199517204e-05,3.0199517204e-05,3.0199517204e-05,3.0199517204e-05,3.0199517204e-05,3.0199517204e-05,3.0199517204e-05,3.0199517204e-05,3.0199517204e-05,3.0199517204e-05,3.0199517204e-05,3.0199517204e-05,3.0199517204e-05,3.0199517204e-05,3.0199517204e-05,3.0199517204e-05,3.0199517204e-05,10,X48 X55,0.994022222222,0.00222478779105,0.994022222222,0.00222478779105
3.0199517204e-05,3.0199517204e-05,3.0199517204e-05,3.0199517204e-05,3.0199517204e-05,3.0199517204e-05,3.0199517204e-05,3.0199517204e-05,3.0199517204e-05,3.0199517204e-05,3.0199517204e-05,3.0199517204e-05,3.0199517204e-05,3.0199517204e-05,3.0199517204e-05,3.0199517204e-05,3.0199517204e-05,3.0199517204e-05,10,X49 Y56 Z62,0.988844444444,0.00260228801969,0.988844444444,0.00260228801969
3.0199517204e-05,3.0199517204e-05,3.0199517204e-05,3.0199517204e-05,3.0199517204e-05,3.0199517204e-05,3.0199517204e-05,3.0199517204e-05,3.0199517204e-05,3.0199517204e-05,3.0199517204e-05,3.0199517204e-05,3.0199517204e-05,3.0199517204e-05,3.0199517204e-05,3.0199517204e-05,3.0199517204e-05,3.0199517204e-05,10,X5 Z7 Y8 Y10 Z11 X14,0.982777777778,0.00298185230474,0.982777777778,0.00298185230474
3.0199517204e-05,3.0199517204e-05,3.0199517204e-05,3.0199517204e-05,3.0199517204e-05,3.0199517204e-05,3.0199517204e-05,3.0199517204e-05,3.0199517204e-05,3.0199517204e-05,3.0199517204e-05,3.0199517204e-05,3.0199517204e-05,3.0199517204e-05,3.0199517204e-05,3.0199517204e-05,3.0199517204e-05,3.0199517204e-05,10,X50 Z56 Y57 Y62 Z63 X68,0.983222222222,0.00282887862561,0.983222222222,0.00282887862561
3.0199517204e-05,3.0199517204e-05,3.0199517204e-05,3.0199517204e-05,3.0199517204e-05,3.0199517204e-05,3.0199517204e-05,3.0199517204e-05,3.0199517204e-05,3.0199517204e-05,3.0199517204e-05,3.0199517204e-05,3.0199517204e-05,3.0199517204e-05,3.0199517204e-05,3.0199517204e-05,3.0199517204e-05,3.0199517204e-05,10,X51 Z57 Y58 Y63 Z64 X69,0.983,0.00402958408433,0.983,0.00402958408433
3.0199517204e-05,3.0199517204e-05,3.0199517204e-05,3.0199517204e-05,3.0199517204e-05,3.0199517204e-05,3.0199517204e-05,3.0199517204e-05,3.0199517204e-05,3.0199517204e-05,3.0199517204e-05,3.0199517204e-05,3.0199517204e-05,3.0199517204e-05,3.0199517204e-05,3.0199517204e-05,3.0199517204e-05,3.0199517204e-05,10,X52 Z58 Y59 Y64 Z65 X70,0.981777777778,0.00345893626743,0.981777777778,0.00345893626743
3.0199517204e-05,3.0199517204e-05,3.0199517204e-05,3.0199517204e-05,3.0199517204e-05,3.0199517204e-05,3.0199517204e-05,3.0199517204e-05,3.0199517204e-05,3.0199517204e-05,3.0199517204e-05,3.0199517204e-05,3.0199517204e-05,3.0199517204e-05,3.0199517204e-05,3.0199517204e-05,3.0199517204e-05,3.0199517204e-05,10,X53 Z59 Y60 Y65 Z66 X71,0.982666666667,0.00308251775483,0.982666666667,0.00308251775483
3.0199517204e-05,3.0199517204e-05,3.0199517204e-05,3.0199517204e-05,3.0199517204e-05,3.0199517204e-05,3.0199517204e-05,3.0199517204e-05,3.0199517204e-05,3.0199517204e-05,3.0199517204e-05,3.0199517204e-05,3.0199517204e-05,3.0199517204e-05,3.0199517204e-05,3.0199517204e-05,3.0199517204e-05,3.0199517204e-05,10,X54 Z60 Y61 Y66 Z67 X72,0.981777777778,0.00318681831666,0.981777777778,0.00318681831666
3.0199517204e-05,3.0199517204e-05,3.0199517204e-05,3.0199517204e-05,3.0199517204e-05,3.0199517204e-05,3.0199517204e-05,3.0199517204e-05,3.0199517204e-05,3.0199517204e-05,3.0199517204e-05,3.0199517204e-05,3.0199517204e-05,3.0199517204e-05,3.0199517204e-05,3.0199517204e-05,3.0199517204e-05,3.0199517204e-05,10,X56 X62,0.993688888889,0.00176586043918,0.993688888889,0.00176586043918
3.0199517204e-05,3.0199517204e-05,3.0199517204e-05,3.0199517204e-05,3.0199517204e-05,3.0199517204e-05,3.0199517204e-05,3.0199517204e-05,3.0199517204e-05,3.0199517204e-05,3.0199517204e-05,3.0199517204e-05,3.0199517204e-05,3.0199517204e-05,3.0199517204e-05,3.0199517204e-05,3.0199517204e-05,3.0199517204e-05,10,X57 X63,0.994266666667,0.00178198735327,0.994266666667,0.00178198735327
3.0199517204e-05,3.0199517204e-05,3.0199517204e-05,3.0199517204e-05,3.0199517204e-05,3.0199517204e-05,3.0199517204e-05,3.0199517204e-05,3.0199517204e-05,3.0199517204e-05,3.0199517204e-05,3.0199517204e-05,3.0199517204e-05,3.0199517204e-05,3.0199517204e-05,3.0199517204e-05,3.0199517204e-05,3.0199517204e-05,10,X58 X64,0.993666666667,0.00197105491331,0.993666666667,0.00197105491331
3.0199517204e-05,3.0199517204e-05,3.0199517204e-05,3.0199517204e-05,3.0199517204e-05,3.0199517204e-05,3.0199517204e-05,3.0199517204e-05,3.0199517204e-05,3.0199517204e-05,3.0199517204e-05,3.0199517204e-05,3.0199517204e-05,3.0199517204e-05,3.0199517204e-05,3.0199517204e-05,3.0199517204e-05,3.0199517204e-05,10,X59 X65,0.994,0.0020266424681,0.994,0.0020266424681
3.0199517204e-05,3.0199517204e-05,3.0199517204e-05,3.0199517204e-05,3.0199517204e-05,3.0199517204e-05,3.0199517204e-05,3.0199517204e-05,3.0199517204e-05,3.0199517204e-05,3.0199517204e-05,3.0199517204e-05,3.0199517204e-05,3.0199517204e-05,3.0199517204e-05,3.0199517204e-05,3.0199517204e-05,3.0199517204e-05,10,X6 X9,0.9946,0.00188846062307,0.9946,0.00188846062307
3.0199517204e-05,3.0199517204e-05,3.0199517204e-05,3.0199517204e-05,3.0199517204e-05,3.0199517204e-05,3.0199517204e-05,3.0199517204e-05,3.0199517204e-05,3.0199517204e-05,3.0199517204e-05,3.0199517204e-05,3.0199517204e-05,3.0199517204e-05,3.0199517204e-05,3.0199517204e-05,3.0199517204e-05,3.0199517204e-05,10,X60 X66,0.9942,0.00244573285446,0.9942,0.00244573285446
3.0199517204e-05,3.0199517204e-05,3.0199517204e-05,3.0199517204e-05,3.0199517204e-05,3.0199517204e-05,3.0199517204e-05,3.0199517204e-05,3.0199517204e-05,3.0199517204e-05,3.0199517204e-05,3.0199517204e-05,3.0199517204e-05,3.0199517204e-05,3.0199517204e-05,3.0199517204e-05,3.0199517204e-05,3.0199517204e-05,10,X61 X67,0.994,0.00197299779689,0.994,0.00197299779689
3.0199517204e-05,3.0199517204e-05,3.0199517204e-05,3.0199517204e-05,3.0199517204e-05,3.0199517204e-05,3.0199517204e-05,3.0199517204e-05,3.0199517204e-05,3.0199517204e-05,3.0199517204e-05,3.0199517204e-05,3.0199517204e-05,3.0199517204e-05,3.0199517204e-05,3.0199517204e-05,3.0199517204e-05,3.0199517204e-05,10,X63 Z68 Y69 Y73 Z74 X78,0.981755555556,0.00380555485639,0.981755555556,0.00380555485639
3.0199517204e-05,3.0199517204e-05,3.0199517204e-05,3.0199517204e-05,3.0199517204e-05,3.0199517204e-05,3.0199517204e-05,3.0199517204e-05,3.0199517204e-05,3.0199517204e-05,3.0199517204e-05,3.0199517204e-05,3.0199517204e-05,3.0199517204e-05,3.0199517204e-05,3.0199517204e-05,3.0199517204e-05,3.0199517204e-05,10,X64 Z69 Y70 Y74 Z75 X79,0.982533333333,0.00270319804925,0.982533333333,0.00270319804925
3.0199517204e-05,3.0199517204e-05,3.0199517204e-05,3.0199517204e-05,3.0199517204e-05,3.0199517204e-05,3.0199517204e-05,3.0199517204e-05,3.0199517204e-05,3.0199517204e-05,3.0199517204e-05,3.0199517204e-05,3.0199517204e-05,3.0199517204e-05,3.0199517204e-05,3.0199517204e-05,3.0199517204e-05,3.0199517204e-05,10,X65 Z70 Y71 Y75 Z76 X80,0.982777777778,0.00347991867317,0.982777777778,0.00347991867317
3.0199517204e-05,3.0199517204e-05,3.0199517204e-05,3.0199517204e-05,3.0199517204e-05,3.0199517204e-05,3.0199517204e-05,3.0199517204e-05,3.0199517204e-05,3.0199517204e-05,3.0199517204e-05,3.0199517204e-05,3.0199517204e-05,3.0199517204e-05,3.0199517204e-05,3.0199517204e-05,3.0199517204e-05,3.0199517204e-05,10,X66 Z71 Y72 Y76 Z77 X81,0.982111111111,0.00285046656574,0.982111111111,0.00285046656574
3.0199517204e-05,3.0199517204e-05,3.0199517204e-05,3.0199517204e-05,3.0199517204e-05,3.0199517204e-05,3.0199517204e-05,3.0199517204e-05,3.0199517204e-05,3.0199517204e-05,3.0199517204e-05,3.0199517204e-05,3.0199517204e-05,3.0199517204e-05,3.0199517204e-05,3.0199517204e-05,3.0199517204e-05,3.0199517204e-05,10,X67 Z72 Y77,0.988666666667,0.00244479273033,0.988666666667,0.00244479273033
3.0199517204e-05,3.0199517204e-05,3.0199517204e-05,3.0199517204e-05,3.0199517204e-05,3.0199517204e-05,3.0199517204e-05,3.0199517204e-05,3.0199517204e-05,3.0199517204e-05,3.0199517204e-05,3.0199517204e-05,3.0199517204e-05,3.0199517204e-05,3.0199517204e-05,3.0199517204e-05,3.0199517204e-05,3.0199517204e-05,10,X68 X73,0.993733333333,0.00248582186506,0.993733333333,0.00248582186506
3.0199517204e-05,3.0199517204e-05,3.0199517204e-05,3.0199517204e-05,3.0199517204e-05,3.0199517204e-05,3.0199517204e-05,3.0199517204e-05,3.0199517204e-05,3.0199517204e-05,3.0199517204e-05,3.0199517204e-05,3.0199517204e-05,3.0199517204e-05,3.0199517204e-05,3.0199517204e-05,3.0199517204e-05,3.0199517204e-05,10,X69 X74,0.993333333333,0.00176817328947,0.993333333333,0.00176817328947
3.0199517204e-05,3.0199517204e-05,3.0199517204e-05,3.0199517204e-05,3.0199517204e-05,3.0199517204e-05,3.0199517204e-05,3.0199517204e-05,3.0199517204e-05,3.0199517204e-05,3.0199517204e-05,3.0199517204e-05,3.0199517204e-05,3.0199517204e-05,3.0199517204e-05,3.0199517204e-05,3.0199517204e-05,3.0199517204e-05,10,X7 X10,0.993688888889,0.00169500807158,0.993688888889,0.00169500807158
3.0199517204e-05,3.0199517204e-05,3.0199517204e-05,3.0199517204e-05,3.0199517204e-05,3.0199517204e-05,3.0199517204e-05,3.0199517204e-05,3.0199517204e-05,3.0199517204e-05,3.0199517204e-05,3.0199517204e-05,3.0199517204e-05,3.0199517204e-05,3.0199517204e-05,3.0199517204e-05,3.0199517204e-05,3.0199517204e-05,10,X70 X75,0.993844444444,0.00261843352506,0.993844444444,0.00261843352506
3.0199517204e-05,3.0199517204e-05,3.0199517204e-05,3.0199517204e-05,3.0199517204e-05,3.0199517204e-05,3.0199517204e-05,3.0199517204e-05,3.0199517204e-05,3.0199517204e-05,3.0199517204e-05,3.0199517204e-05,3.0199517204e-05,3.0199517204e-05,3.0199517204e-05,3.0199517204e-05,3.0199517204e-05,3.0199517204e-05,10,X71 X76,0.994222222222,0.00208135921795,0.994222222222,0.00208135921795
3.0199517204e-05,3.0199517204e-05,3.0199517204e-05,3.0199517204e-05,3.0199517204e-05,3.0199517204e-05,3.0199517204e-05,3.0199517204e-05,3.0199517204e-05,3.0199517204e-05,3.0199517204e-05,3.0199517204e-05,3.0199517204e-05,3.0199517204e-05,3.0199517204e-05,3.0199517204e-05,3.0199517204e-05,3.0199517204e-05,10,X72 X77,0.993777777778,0.00220298184084,0.993777777778,0.00220298184084
3.0199517204e-05,3.0199517204e-05,3.0199517204e-05,3.0199517204e-05,3.0199517204e-05,3.0199517204e-05,3.0199517204e-05,3.0199517204e-05,3.0199517204e-05,3.0199517204e-05,3.0199517204e-05,3.0199517204e-05,3.0199517204e-05,3.0199517204e-05,3.0199517204e-05,3.0199517204e-05,3.0199517204e-05,3.0199517204e-05,10,X73 Y78 Z82,0.988777777778,0.00267288546902,0.988777777778,0.00267288546902
3.0199517204e-05,3.0199517204e-05,3.0199517204e-05,3.0199517204e-05,3.0199517204e-05,3.0199517204e-05,3.0199517204e-05,3.0199517204e-05,3.0199517204e-05,3.0199517204e-05,3.0199517204e-05,3.0199517204e-05,3.0199517204e-05,3.0199517204e-05,3.0199517204e-05,3.0199517204e-05,3.0199517204e-05,3.0199517204e-05,10,X74 Z78 Y79 Y82 Z83 X86,0.982755555556,0.00394495976344,0.982755555556,0.00394495976344
3.0199517204e-05,3.0199517204e-05,3.0199517204e-05,3.0199517204e-05,3.0199517204e-05,3.0199517204e-05,3.0199517204e-05,3.0199517204e-05,3.0199517204e-05,3.0199517204e-05,3.0199517204e-05,3.0199517204e-05,3.0199517204e-05,3.0199517204e-05,3.0199517204e-05,3.0199517204e-05,3.0199517204e-05,3.0199517204e-05,10,X75 Z79 Y80 Y83 Z84 X87,0.982466666667,0.00358006399909,0.982466666667,0.00358006399909
3.0199517204e-05,3.0199517204e-05,3.0199517204e-05,3.0199517204e-05,3.0199517204e-05,3.0199517204e-05,3.0199517204e-05,3.0199517204e-05,3.0199517204e-05,3.0199517204e-05,3.0199517204e-05,3.0199517204e-05,3.0199517204e-05,3.0199517204e-05,3.0199517204e-05,3.0199517204e-05,3.0199517204e-05,3.0199517204e-05,10,X76 Z80 Y81 Y84 Z85 X88,0.981377777778,0.00315103015854,0.981377777778,0.00315103015854
3.0199517204e-05,3.0199517204e-05,3.0199517204e-05,3.0199517204e-05,3.0199517204e-05,3.0199517204e-05,3.0199517204e-05,3.0199517204e-05,3.0199517204e-05,3.0199517204e-05,3.0199517204e-05,3.0199517204e-05,3.0199517204e-05,3.0199517204e-05,3.0199517204e-05,3.0199517204e-05,3.0199517204e-05,3.0199517204e-05,10,X78 X82,0.994866666667,0.0021877401346,0.994866666667,0.0021877401346
3.0199517204e-05,3.0199517204e-05,3.0199517204e-05,3.0199517204e-05,3.0199517204e-05,3.0199517204e-05,3.0199517204e-05,3.0199517204e-05,3.0199517204e-05,3.0199517204e-05,3.0199517204e-05,3.0199517204e-05,3.0199517204e-05,3.0199517204e-05,3.0199517204e-05,3.0199517204e-05,3.0199517204e-05,3.0199517204e-05,10,X79 X83,0.9938,0.00203532030296,0.9938,0.00203532030296
3.0199517204e-05,3.0199517204e-05,3.0199517204e-05,3.0199517204e-05,3.0199517204e-05,3.0199517204e-05,3.0199517204e-05,3.0199517204e-05,3.0199517204e-05,3.0199517204e-05,3.0199517204e-05,3.0199517204e-05,3.0199517204e-05,3.0199517204e-05,3.0199517204e-05,3.0199517204e-05,3.0199517204e-05,3.0199517204e-05,10,X8 X11,0.993533333333,0.00201260396319,0.993533333333,0.00201260396319
3.0199517204e-05,3.0199517204e-05,3.0199517204e-05,3.0199517204e-05,3.0199517204e-05,3.0199517204e-05,3.0199517204e-05,3.0199517204e-05,3.0199517204e-05,3.0199517204e-05,3.0199517204e-05,3.0199517204e-05,3.0199517204e-05,3.0199517204e-05,3.0199517204e-05,3.0199517204e-05,3.0199517204e-05,3.0199517204e-05,10,X80 X84,0.993888888889,0.00161490503222,0.993888888889,0.00161490503222
3.0199517204e-05,3.0199517204e-05,3.0199517204e-05,3.0199517204e-05,3.0199517204e-05,3.0199517204e-05,3.0199517204e-05,3.0199517204e-05,3.0199517204e-05,3.0199517204e-05,3.0199517204e-05,3.0199517204e-05,3.0199517204e-05,3.0199517204e-05,3.0199517204e-05,3.0199517204e-05,3.0199517204e-05,3.0199517204e-05,10,X81 X85,0.9934,0.00161743375568,0.9934,0.00161743375568
3.0199517204e-05,3.0199517204e-05,3.0199517204e-05,3.0199517204e-05,3.0199517204e-05,3.0199517204e-05,3.0199517204e-05,3.0199517204e-05,3.0199517204e-05,3.0199517204e-05,3.0199517204e-05,3.0199517204e-05,3.0199517204e-05,3.0199517204e-05,3.0199517204e-05,3.0199517204e-05,3.0199517204e-05,3.0199517204e-05,10,X83 Z86 Y87 Y89 Z90 X92,0.983622222222,0.00370433455675,0.983622222222,0.00370433455675
3.0199517204e-05,3.0199517204e-05,3.0199517204e-05,3.0199517204e-05,3.0199517204e-05,3.0199517204e-05,3.0199517204e-05,3.0199517204e-05,3.0199517204e-05,3.0199517204e-05,3.0199517204e-05,3.0199517204e-05,3.0199517204e-05,3.0199517204e-05,3.0199517204e-05,3.0199517204e-05,3.0199517204e-05,3.0199517204e-05,10,X84 Z87 Y88 Y90 Z91 X93,0.982977777778,0.00300565665087,0.982977777778,0.00300565665087
3.0199517204e-05,3.0199517204e-05,3.0199517204e-05,3.0199517204e-05,3.0199517204e-05,3.0199517204e-05,3.0199517204e-05,3.0199517204e-05,3.0199517204e-05,3.0199517204e-05,3.0199517204e-05,3.0199517204e-05,3.0199517204e-05,3.0199517204e-05,3.0199517204e-05,3.0199517204e-05,3.0199517204e-05,3.0199517204e-05,10,X85 Z88 Y91,0.989066666667,0.00249197947139,0.989066666667,0.00249197947139
3.0199517204e-05,3.0199517204e-05,3.0199517204e-05,3.0199517204e-05,3.0199517204e-05,3.0199517204e-05,3.0199517204e-05,3.0199517204e-05,3.0199517204e-05,3.0199517204e-05,3.0199517204e-05,3.0199517204e-05,3.0199517204e-05,3.0199517204e-05,3.0199517204e-05,3.0199517204e-05,3.0199517204e-05,3.0199517204e-05,10,X86 X89,0.993622222222,0.00205430737707,0.993622222222,0.00205430737707
3.0199517204e-05,3.0199517204e-05,3.0199517204e-05,3.0199517204e-05,3.0199517204e-05,3.0199517204e-05,3.0199517204e-05,3.0199517204e-05,3.0199517204e-05,3.0199517204e-05,3.0199517204e-05,3.0199517204e-05,3.0199517204e-05,3.0199517204e-05,3.0199517204e-05,3.0199517204e-05,3.0199517204e-05,3.0199517204e-05,10,X87 X90,0.993822222222,0.00226878422611,0.993822222222,0.00226878422611
3.0199517204e-05,3.0199517204e-05,3.0199517204e-05,3.0199517204e-05,3.0199517204e-05,3.0199517204e-05,3.0199517204e-05,3.0199517204e-05,3.0199517204e-05,3.0199517204e-05,3.0199517204e-05,3.0199517204e-05,3.0199517204e-05,3.0199517204e-05,3.0199517204e-05,3.0199517204e-05,3.0199517204e-05,3.0199517204e-05,10,X88 X91,0.994511111111,0.00164871558817,0.994511111111,0.00164871558817
3.0199517204e-05,3.0199517204e-05,3.0199517204e-05,3.0199517204e-05,3.0199517204e-05,3.0199517204e-05,3.0199517204e-05,3.0199517204e-05,3.0199517204e-05,3.0199517204e-05,3.0199517204e-05,3.0199517204e-05,3.0199517204e-05,3.0199517204e-05,3.0199517204e-05,3.0199517204e-05,3.0199517204e-05,3.0199517204e-05,10,X89 Y92 Z94,0.989488888889,0.00235333517849,0.989488888889,0.00235333517849
3.0199517204e-05,3.0199517204e-05,3.0199517204e-05,3.0199517204e-05,3.0199517204e-05,3.0199517204e-05,3.0199517204e-05,3.0199517204e-05,3.0199517204e-05,3.0199517204e-05,3.0199517204e-05,3.0199517204e-05,3.0199517204e-05,3.0199517204e-05,3.0199517204e-05,3.0199517204e-05,3.0199517204e-05,3.0199517204e-05,10,X9 Z12 Y13 Y16 Z17 X21,0.983311111111,0.00258781899521,0.983311111111,0.00258781899521
3.0199517204e-05,3.0199517204e-05,3.0199517204e-05,3.0199517204e-05,3.0199517204e-05,3.0199517204e-05,3.0199517204e-05,3.0199517204e-05,3.0199517204e-05,3.0199517204e-05,3.0199517204e-05,3.0199517204e-05,3.0199517204e-05,3.0199517204e-05,3.0199517204e-05,3.0199517204e-05,3.0199517204e-05,3.0199517204e-05,10,X90 Z92 Y93 Y94 Z95 X96,0.982466666667,0.00380018148387,0.982466666667,0.00380018148387
3.0199517204e-05,3.0199517204e-05,3.0199517204e-05,3.0199517204e-05,3.0199517204e-05,3.0199517204e-05,3.0199517204e-05,3.0199517204e-05,3.0199517204e-05,3.0199517204e-05,3.0199517204e-05,3.0199517204e-05,3.0199517204e-05,3.0199517204e-05,3.0199517204e-05,3.0199517204e-05,3.0199517204e-05,3.0199517204e-05,10,X92 X94,0.9942,0.00220865590791,0.9942,0.00220865590791
3.0199517204e-05,3.0199517204e-05,3.0199517204e-05,3.0199517204e-05,3.0199517204e-05,3.0199517204e-05,3.0199517204e-05,3.0199517204e-05,3.0199517204e-05,3.0199517204e-05,3.0199517204e-05,3.0199517204e-05,3.0199517204e-05,3.0199517204e-05,3.0199517204e-05,3.0199517204e-05,3.0199517204e-05,3.0199517204e-05,10,X93 X95,0.994222222222,0.00139328805221,0.994222222222,0.00139328805221
3.0199517204e-05,3.0199517204e-05,3.0199517204e-05,3.0199517204e-05,3.0199517204e-05,3.0199517204e-05,3.0199517204e-05,3.0199517204e-05,3.0199517204e-05,3.0199517204e-05,3.0199517204e-05,3.0199517204e-05,3.0199517204e-05,3.0199517204e-05,3.0199517204e-05,3.0199517204e-05,3.0199517204e-05,3.0199517204e-05,10,X95 Z96 Y97,0.989155555556,0.00270622007149,0.989155555556,0.00270622007149
3.0199517204e-05,3.0199517204e-05,3.0199517204e-05,3.0199517204e-05,3.0199517204e-05,3.0199517204e-05,3.0199517204e-05,3.0199517204e-05,3.0199517204e-05,3.0199517204e-05,3.0199517204e-05,3.0199517204e-05,3.0199517204e-05,3.0199517204e-05,3.0199517204e-05,3.0199517204e-05,3.0199517204e-05,3.0199517204e-05,10,X96 X97,0.994044444444,0.00143233949328,0.994044444444,0.00143233949328
3.0199517204e-05,3.0199517204e-05,3.0199517204e-05,3.0199517204e-05,3.0199517204e-05,3.0199517204e-05,3.0199517204e-05,3.0199517204e-05,3.0199517204e-05,3.0199517204e-05,3.0199517204e-05,3.0199517204e-05,3.0199517204e-05,3.0199517204e-05,3.0199517204e-05,3.0199517204e-05,3.0199517204e-05,3.0199517204e-05,10,Y0 Z1 X2,0.988266666667,0.0024043383522,0.988266666667,0.0024043383522
3.0199517204e-05,3.0199517204e-05,3.0199517204e-05,3.0199517204e-05,3.0199517204e-05,3.0199517204e-05,3.0199517204e-05,3.0199517204e-05,3.0199517204e-05,3.0199517204e-05,3.0199517204e-05,3.0199517204e-05,3.0199517204e-05,3.0199517204e-05,3.0199517204e-05,3.0199517204e-05,3.0199517204e-05,3.0199517204e-05,10,Y20 Z25 X30,0.987711111111,0.0028429294337,0.987711111111,0.0028429294337
3.0199517204e-05,3.0199517204e-05,3.0199517204e-05,3.0199517204e-05,3.0199517204e-05,3.0199517204e-05,3.0199517204e-05,3.0199517204e-05,3.0199517204e-05,3.0199517204e-05,3.0199517204e-05,3.0199517204e-05,3.0199517204e-05,3.0199517204e-05,3.0199517204e-05,3.0199517204e-05,3.0199517204e-05,3.0199517204e-05,10,Y6 Z9 X12,0.989111111111,0.00240263797126,0.989111111111,0.00240263797126
3.0199517204e-05,3.0199517204e-05,3.0199517204e-05,3.0199517204e-05,3.0199517204e-05,3.0199517204e-05,3.0199517204e-05,3.0199517204e-05,3.0199517204e-05,3.0199517204e-05,3.0199517204e-05,3.0199517204e-05,3.0199517204e-05,3.0199517204e-05,3.0199517204e-05,3.0199517204e-05,3.0199517204e-05,3.0199517204e-05,10,Z15 Y19 X24,0.989133333333,0.00248921043353,0.989133333333,0.00248921043353
3.0199517204e-05,3.0199517204e-05,3.0199517204e-05,3.0199517204e-05,3.0199517204e-05,3.0199517204e-05,3.0199517204e-05,3.0199517204e-05,3.0199517204e-05,3.0199517204e-05,3.0199517204e-05,3.0199517204e-05,3.0199517204e-05,3.0199517204e-05,3.0199517204e-05,3.0199517204e-05,3.0199517204e-05,3.0199517204e-05,10,Z3 Y5 X8,0.988733333333,0.00208883182444,0.988733333333,0.00208883182444
3.0199517204e-05,3.0199517204e-05,3.0199517204e-05,3.0199517204e-05,3.0199517204e-05,3.0199517204e-05,3.0199517204e-05,3.0199517204e-05,3.0199517204e-05,3.0199517204e-05,3.0199517204e-05,3.0199517204e-05,3.0199517204e-05,3.0199517204e-05,3.0199517204e-05,3.0199517204e-05,3.0199517204e-05,3.0199517204e-05,10,Z35 Y41 X48,0.989755555556,0.00246653204562,0.989755555556,0.00246653204562
