g1_z,IZ,ZI,ZZ,round,operator,mean,std,mean_signed,std_signed
1e-05,1e-05,1e-05,1e-05,1,Logical X,0.999933333333,0.000203419051086,0.999911111111,0.000230497269095
1e-05,1e-05,1e-05,1e-05,1,Logical Y,0.0128888888889,0.00758771609277,-0.00191111111111,0.0226698668014
1e-05,1e-05,1e-05,1e-05,1,Logical Z,0.0102666666667,0.00763456547803,0.0038,0.0208421544543
1e-05,1e-05,1e-05,1e-05,1,X0 X1,0.999955555556,0.000169138754468,0.999955555556,0.000169138754468
1e-05,1e-05,1e-05,1e-05,1,X1 Z2 Y3 Y4 Z5 X7,0.999911111111,0.000289448323637,0.999911111111,0.000289448323637
1e-05,1e-05,1e-05,1e-05,1,X10 Z12 Y13 Y14 Z15 X16,0.999844444444,0.000336004621996,0.999844444444,0.000336004621996
1e-05,1e-05,1e-05,1e-05,1,X12 X14,0.999911111111,0.000289448323637,0.999911111111,0.000289448323637
1e-05,1e-05,1e-05,1e-05,1,X13 X15,0.999866666667,0.000271225401448,0.999866666667,0.000271225401448
1e-05,1e-05,1e-05,1e-05,1,X15 Z16 Y17,0.999955555556,0.000169138754468,0.999955555556,0.000169138754468
1e-05,1e-05,1e-05,1e-05,1,X16 X17,0.999888888889,0.000307422024918,0.999888888889,0.000307422024918
1e-05,1e-05,1e-05,1e-05,1,X2 X4,0.999977777778,0.00012171612389,0.999977777778,0.00012171612389
1e-05,1e-05,1e-05,1e-05,1,X3 X5,0.999888888889,0.00025269934786,0.999888888889,0.00025269934786
1e-05,1e-05,1e-05,1e-05,1,X4 Z6 Y7 Y9 Z10 X12,0.999866666667,0.000271225401448,0.999866666667,0.000271225401448
1e-05,1e-05,1e-05,1e-05,1,X5 Z7 Y8 Y10 Z11 X13,0.999866666667,0.000367240929613,0.999866666667,0.000367240929613
1e-05,1e-05,1e-05,1e-05,1,X6 X9,0.999911111111,0.000289448323637,0.999911111111,0.000289448323637
1e-05,1e-05,1e-05,1e-05,1,X7 X10,0.999933333333,0.000203419051086,0.999933333333,0.000203419051086
1e-05,1e-05,1e-05,1e-05,1,X8 X11,0.999866666667,0.000271225401448,0.999866666667,0.000271225401448
1e-05,1e-05,1e-05,1e-05,1,X9 Y12 Z14,0.999955555556,0.000169138754468,0.999955555556,0.000169138754468
1e-05,1e-05,1e-05,1e-05,1,Y0 Z1 X2,0.999933333333,0.000203419051086,0.999933333333,0.000203419051086
1e-05,1e-05,1e-05,1e-05,1,Z3 Y5 X8,0.999911111111,0.000230497269095,0.999911111111,0.000230497269095
1e-05,1e-05,1e-05,1e-05,5,Logical X,0.999955555556,0.000169138754468,0.999955555556,0.000169138754468
1e-05,1e-05,1e-05,1e-05,5,Logical Y,0.0146,0.00839695255795,0.000866666666667,0.0178457846746
1e-05,1e-05,1e-05,1e-05,5,Logical Z,0.0169333333333,0.0152582871146,-0.001,0.017552766644
1e-05,1e-05,1e-05,1e-05,5,X0 X1,0.999977777778,0.00012171612389,0.999977777778,0.00012171612389
1e-05,1e-05,1e-05,1e-05,5,X1 Z2 Y3 Y4 Z5 X7,0.999866666667,0.000322822798741,0.999866666667,0.000322822798741
1e-05,1e-05,1e-05,1e-05,5,X10 Z12 Y13 Y14 Z15 X16,0.999933333333,0.000203419051086,0.999933333333,0.000203419051086
1e-05,1e-05,1e-05,1e-05,5,X12 X14,0.999866666667,0.000271225401448,0.999866666667,0.000271225401448
1e-05,1e-05,1e-05,1e-05,5,X13 X15,0.999911111111,0.000230497269095,0.999911111111,0.000230497269095
1e-05,1e-05,1e-05,1e-05,5,X15 Z16 Y17,0.999977777778,0.00012171612389,0.999977777778,0.00012171612389
1e-05,1e-05,1e-05,1e-05,5,X16 X17,0.999888888889,0.000307422024918,0.999888888889,0.000307422024918
1e-05,1e-05,1e-05,1e-05,5,X2 X4,0.999911111111,0.000230497269095,0.999911111111,0.000230497269095
1e-05,1e-05,1e-05,1e-05,5,X3 X5,0.999844444444,0.000286788711435,0.999844444444,0.000286788711435
1e-05,1e-05,1e-05,1e-05,5,X4 Z6 Y7 Y9 Z10 X12,0.999822222222,0.000299850963406,0.999822222222,0.000299850963406
1e-05,1e-05,1e-05,1e-05,5,X5 Z7 Y8 Y10 Z11 X13,0.999844444444,0.000286788711435,0.999844444444,0.000286788711435
1e-05,1e-05,1e-05,1e-05,5,X6 X9,0.999733333333,0.000414303644177,0.999733333333,0.000414303644177
1e-05,1e-05,1e-05,1e-05,5,X7 X10,0.999888888889,0.00025269934786,0.999888888889,0.00025269934786
1e-05,1e-05,1e-05,1e-05,5,X8 X11,0.999888888889,0.00025269934786,0.999888888889,0.00025269934786
1e-05,1e-05,1e-05,1e-05,5,X9 Y12 Z14,0.999822222222,0.000347220306508,0.999822222222,0.000347220306508
1e-05,1e-05,1e-05,1e-05,5,Y0 Z1 X2,0.999955555556,0.000169138754468,0.999955555556,0.000169138754468
1e-05,1e-05,1e-05,1e-05,5,Z3 Y5 X8,0.999977777778,0.00012171612389,0.999977777778,0.00012171612389
1e-05,1e-05,1e-05,1e-05,10,Logical X,0.999933333333,0.000203419051086,0.999977777778,0.00012171612389
1e-05,1e-05,1e-05,1e-05,10,Logical Y,0.0131555555556,0.010400314368,-0.00251111111111,0.016522765749
1e-05,1e-05,1e-05,1e-05,10,Logical Z,0.0167333333333,0.0109114864431,-4.44444444444e-05,0.0185958701247
1e-05,1e-05,1e-05,1e-05,10,X0 X1,0.999866666667,0.000271225401448,0.999866666667,0.000271225401448
1e-05,1e-05,1e-05,1e-05,10,X1 Z2 Y3 Y4 Z5 X7,0.999911111111,0.000230497269095,0.999911111111,0.000230497269095
1e-05,1e-05,1e-05,1e-05,10,X10 Z12 Y13 Y14 Z15 X16,0.9998,0.000356655387081,0.9998,0.000356655387081
1e-05,1e-05,1e-05,1e-05,10,X12 X14,0.999911111111,0.000230497269095,0.999911111111,0.000230497269095
1e-05,1e-05,1e-05,1e-05,10,X13 X15,0.999866666667,0.000271225401448,0.999866666667,0.000271225401448
1e-05,1e-05,1e-05,1e-05,10,X15 Z16 Y17,0.999911111111,0.000230497269095,0.999911111111,0.000230497269095
1e-05,1e-05,1e-05,1e-05,10,X16 X17,0.999911111111,0.000230497269095,0.999911111111,0.000230497269095
1e-05,1e-05,1e-05,1e-05,10,X2 X4,0.999933333333,0.000203419051086,0.999933333333,0.000203419051086
1e-05,1e-05,1e-05,1e-05,10,X3 X5,0.999911111111,0.000230497269095,0.999911111111,0.000230497269095
1e-05,1e-05,1e-05,1e-05,10,X4 Z6 Y7 Y9 Z10 X12,0.999844444444,0.000286788711435,0.999844444444,0.000286788711435
1e-05,1e-05,1e-05,1e-05,10,X5 Z7 Y8 Y10 Z11 X13,0.999755555556,0.000370702277845,0.999755555556,0.000370702277845
1e-05,1e-05,1e-05,1e-05,10,X6 X9,0.999955555556,0.000169138754468,0.999955555556,0.000169138754468
1e-05,1e-05,1e-05,1e-05,10,X7 X10,0.9998,0.000397308955512,0.9998,0.000397308955512
1e-05,1e-05,1e-05,1e-05,10,X8 X11,0.999888888889,0.00025269934786,0.999888888889,0.00025269934786
1e-05,1e-05,1e-05,1e-05,10,X9 Y12 Z14,0.999911111111,0.000289448323637,0.999911111111,0.000289448323637
1e-05,1e-05,1e-05,1e-05,10,Y0 Z1 X2,0.999933333333,0.000203419051086,0.999933333333,0.000203419051086
1e-05,1e-05,1e-05,1e-05,10,Z3 Y5 X8,0.999977777778,0.00012171612389,0.999977777778,0.00012171612389
1.44543977075e-05,1.44543977075e-05,1.44543977075e-05,1.44543977075e-05,1,Logical X,0.999911111111,0.000230497269095,0.999911111111,0.000230497269095
1.44543977075e-05,1.44543977075e-05,1.44543977075e-05,1.44543977075e-05,1,Logical Y,0.0151777777778,0.0122335927604,-0.00155555555556,0.0201757286248
1.44543977075e-05,1.44543977075e-05,1.44543977075e-05,1.44543977075e-05,1,Logical Z,0.0172444444444,0.00954879917962,0.00128888888889,0.0204133029522
1.44543977075e-05,1.44543977075e-05,1.44543977075e-05,1.44543977075e-05,1,X0 X1,0.999888888889,0.00025269934786,0.999888888889,0.00025269934786
1.44543977075e-05,1.44543977075e-05,1.44543977075e-05,1.44543977075e-05,1,X1 Z2 Y3 Y4 Z5 X7,0.999822222222,0.000347220306508,0.999822222222,0.000347220306508
1.44543977075e-05,1.44543977075e-05,1.44543977075e-05,1.44543977075e-05,1,X10 Z12 Y13 Y14 Z15 X16,0.999844444444,0.000336004621996,0.999844444444,0.000336004621996
1.44543977075e-05,1.44543977075e-05,1.44543977075e-05,1.44543977075e-05,1,X12 X14,0.999777777778,0.000364448182394,0.999777777778,0.000364448182394
1.44543977075e-05,1.44543977075e-05,1.44543977075e-05,1.44543977075e-05,1,X13 X15,0.999777777778,0.000440596368168,0.999777777778,0.000440596368168
1.44543977075e-05,1.44543977075e-05,1.44543977075e-05,1.44543977075e-05,1,X15 Z16 Y17,0.999911111111,0.000230497269095,0.999911111111,0.000230497269095
1.44543977075e-05,1.44543977075e-05,1.44543977075e-05,1.44543977075e-05,1,X16 X17,0.9998,0.000397308955512,0.9998,0.000397308955512
1.44543977075e-05,1.44543977075e-05,1.44543977075e-05,1.44543977075e-05,1,X2 X4,0.9998,0.000356655387081,0.9998,0.000356655387081
1.44543977075e-05,1.44543977075e-05,1.44543977075e-05,1.44543977075e-05,1,X3 X5,0.999822222222,0.000299850963406,0.999822222222,0.000299850963406
1.44543977075e-05,1.44543977075e-05,1.44543977075e-05,1.44543977075e-05,1,X4 Z6 Y7 Y9 Z10 X12,0.999733333333,0.000375494565317,0.999733333333,0.000375494565317
1.44543977075e-05,1.44543977075e-05,1.44543977075e-05,1.44543977075e-05,1,X5 Z7 Y8 Y10 Z11 X13,0.999822222222,0.000299850963406,0.999822222222,0.000299850963406
1.44543977075e-05,1.44543977075e-05,1.44543977075e-05,1.44543977075e-05,1,X6 X9,0.9998,0.000356655387081,0.9998,0.000356655387081
1.44543977075e-05,1.44543977075e-05,1.44543977075e-05,1.44543977075e-05,1,X7 X10,0.999888888889,0.00025269934786,0.999888888889,0.00025269934786
1.44543977075e-05,1.44543977075e-05,1.44543977075e-05,1.44543977075e-05,1,X8 X11,0.999911111111,0.000230497269095,0.999911111111,0.000230497269095
1.44543977075e-05,1.44543977075e-05,1.44543977075e-05,1.44543977075e-05,1,X9 Y12 Z14,0.999866666667,0.000322822798741,0.999866666667,0.000322822798741
1.44543977075e-05,1.44543977075e-05,1.44543977075e-05,1.44543977075e-05,1,Y0 Z1 X2,0.999777777778,0.000364448182394,0.999777777778,0.000364448182394
1.44543977075e-05,1.44543977075e-05,1.44543977075e-05,1.44543977075e-05,1,Z3 Y5 X8,0.999844444444,0.000336004621996,0.999844444444,0.000336004621996
1.44543977075e-05,1.44543977075e-05,1.44543977075e-05,1.44543977075e-05,5,Logical X,0.999955555556,0.000169138754468,0.999822222222,0.000299850963406
1.44543977075e-05,1.44543977075e-05,1.44543977075e-05,1.44543977075e-05,5,Logical Y,0.0165777777778,0.0134634266426,-0.00417777777778,0.0160018517447
1.44543977075e-05,1.44543977075e-05,1.44543977075e-05,1.44543977075e-05,5,Logical Z,0.0130888888889,0.0112573291012,2.22222222222e-05,0.0150986369518
1.44543977075e-05,1.44543977075e-05,1.44543977075e-05,1.44543977075e-05,5,X0 X1,0.999911111111,0.000230497269095,0.999911111111,0.000230497269095
1.44543977075e-05,1.44543977075e-05,1.44543977075e-05,1.44543977075e-05,5,X1 Z2 Y3 Y4 Z5 X7,0.999777777778,0.000364448182394,0.999777777778,0.000364448182394
1.44543977075e-05,1.44543977075e-05,1.44543977075e-05,1.44543977075e-05,5,X10 Z12 Y13 Y14 Z15 X16,0.999844444444,0.000336004621996,0.999844444444,0.000336004621996
1.44543977075e-05,1.44543977075e-05,1.44543977075e-05,1.44543977075e-05,5,X12 X14,0.9998,0.000356655387081,0.9998,0.000356655387081
1.44543977075e-05,1.44543977075e-05,1.44543977075e-05,1.44543977075e-05,5,X13 X15,0.999844444444,0.000378880518104,0.999844444444,0.000378880518104
1.44543977075e-05,1.44543977075e-05,1.44543977075e-05,1.44543977075e-05,5,X15 Z16 Y17,0.999911111111,0.000230497269095,0.999911111111,0.000230497269095
1.44543977075e-05,1.44543977075e-05,1.44543977075e-05,1.44543977075e-05,5,X16 X17,0.999888888889,0.00025269934786,0.999888888889,0.00025269934786
1.44543977075e-05,1.44543977075e-05,1.44543977075e-05,1.44543977075e-05,5,X2 X4,0.999911111111,0.000230497269095,0.999911111111,0.000230497269095
1.44543977075e-05,1.44543977075e-05,1.44543977075e-05,1.44543977075e-05,5,X3 X5,0.999755555556,0.000326755011902,0.999755555556,0.000326755011902
1.44543977075e-05,1.44543977075e-05,1.44543977075e-05,1.44543977075e-05,5,X4 Z6 Y7 Y9 Z10 X12,0.999755555556,0.000326755011902,0.999755555556,0.000326755011902
1.44543977075e-05,1.44543977075e-05,1.44543977075e-05,1.44543977075e-05,5,X5 Z7 Y8 Y10 Z11 X13,0.9998,0.000356655387081,0.9998,0.000356655387081
1.44543977075e-05,1.44543977075e-05,1.44543977075e-05,1.44543977075e-05,5,X6 X9,0.999888888889,0.00025269934786,0.999888888889,0.00025269934786
1.44543977075e-05,1.44543977075e-05,1.44543977075e-05,1.44543977075e-05,5,X7 X10,0.999911111111,0.000230497269095,0.999911111111,0.000230497269095
1.44543977075e-05,1.44543977075e-05,1.44543977075e-05,1.44543977075e-05,5,X8 X11,0.999844444444,0.000378880518104,0.999844444444,0.000378880518104
1.44543977075e-05,1.44543977075e-05,1.44543977075e-05,1.44543977075e-05,5,X9 Y12 Z14,0.999911111111,0.000289448323637,0.999911111111,0.000289448323637
1.44543977075e-05,1.44543977075e-05,1.44543977075e-05,1.44543977075e-05,5,Y0 Z1 X2,0.999911111111,0.000230497269095,0.999911111111,0.000230497269095
1.44543977075e-05,1.44543977075e-05,1.44543977075e-05,1.44543977075e-05,5,Z3 Y5 X8,0.999955555556,0.000169138754468,0.999955555556,0.000169138754468
1.44543977075e-05,1.44543977075e-05,1.44543977075e-05,1.44543977075e-05,10,Logical X,0.999933333333,0.000203419051086,0.999933333333,0.000203419051086
1.44543977075e-05,1.44543977075e-05,1.44543977075e-05,1.44543977075e-05,10,Logical Y,0.0122666666667,0.00985815103163,-0.00337777777778,0.0192048312355
1.44543977075e-05,1.44543977075e-05,1.44543977075e-05,1.44543977075e-05,10,Logical Z,0.0157111111111,0.0117622466816,-0.00368888888889,0.0201623550693
1.44543977075e-05,1.44543977075e-05,1.44543977075e-05,1.44543977075e-05,10,X0 X1,0.999911111111,0.000289448323637,0.999911111111,0.000289448323637
1.44543977075e-05,1.44543977075e-05,1.44543977075e-05,1.44543977075e-05,10,X1 Z2 Y3 Y4 Z5 X7,0.999777777778,0.000364448182394,0.999777777778,0.000364448182394
1.44543977075e-05,1.44543977075e-05,1.44543977075e-05,1.44543977075e-05,10,X10 Z12 Y13 Y14 Z15 X16,0.9998,0.000356655387081,0.9998,0.000356655387081
1.44543977075e-05,1.44543977075e-05,1.44543977075e-05,1.44543977075e-05,10,X12 X14,0.999777777778,0.000440596368168,0.999777777778,0.000440596368168
1.44543977075e-05,1.44543977075e-05,1.44543977075e-05,1.44543977075e-05,10,X13 X15,0.999888888889,0.000307422024918,0.999888888889,0.000307422024918
1.44543977075e-05,1.44543977075e-05,1.44543977075e-05,1.44543977075e-05,10,X15 Z16 Y17,0.999977777778,0.00012171612389,0.999977777778,0.00012171612389
1.44543977075e-05,1.44543977075e-05,1.44543977075e-05,1.44543977075e-05,10,X16 X17,0.999888888889,0.000307422024918,0.999888888889,0.000307422024918
1.44543977075e-05,1.44543977075e-05,1.44543977075e-05,1.44543977075e-05,10,X2 X4,0.999844444444,0.000336004621996,0.999844444444,0.000336004621996
1.44543977075e-05,1.44543977075e-05,1.44543977075e-05,1.44543977075e-05,10,X3 X5,0.999866666667,0.000271225401448,0.999866666667,0.000271225401448
1.44543977075e-05,1.44543977075e-05,1.44543977075e-05,1.44543977075e-05,10,X4 Z6 Y7 Y9 Z10 X12,0.999888888889,0.00025269934786,0.999888888889,0.00025269934786
1.44543977075e-05,1.44543977075e-05,1.44543977075e-05,1.44543977075e-05,10,X5 Z7 Y8 Y10 Z11 X13,0.9998,0.000356655387081,0.9998,0.000356655387081
1.44543977075e-05,1.44543977075e-05,1.44543977075e-05,1.44543977075e-05,10,X6 X9,0.999844444444,0.000336004621996,0.999844444444,0.000336004621996
1.44543977075e-05,1.44543977075e-05,1.44543977075e-05,1.44543977075e-05,10,X7 X10,0.9998,0.000434172485455,0.9998,0.000434172485455
1.44543977075e-05,1.44543977075e-05,1.44543977075e-05,1.44543977075e-05,10,X8 X11,0.9998,0.000356655387081,0.9998,0.000356655387081
1.44543977075e-05,1.44543977075e-05,1.44543977075e-05,1.44543977075e-05,10,X9 Y12 Z14,0.999911111111,0.000230497269095,0.999911111111,0.000230497269095
1.44543977075e-05,1.44543977075e-05,1.44543977075e-05,1.44543977075e-05,10,Y0 Z1 X2,0.999933333333,0.000203419051086,0.999933333333,0.000203419051086
1.44543977075e-05,1.44543977075e-05,1.44543977075e-05,1.44543977075e-05,10,Z3 Y5 X8,0.999822222222,0.000347220306508,0.999822222222,0.000347220306508
2.08929613085e-05,2.08929613085e-05,2.08929613085e-05,2.08929613085e-05,1,Logical X,0.999888888889,0.000307422024918,0.9998,0.000356655387081
2.08929613085e-05,2.08929613085e-05,2.08929613085e-05,2.08929613085e-05,1,Logical Y,0.0146888888889,0.0103863797244,0.000733333333333,0.0143191322325
2.08929613085e-05,2.08929613085e-05,2.08929613085e-05,2.08929613085e-05,1,Logical Z,0.0127111111111,0.00975395914639,-0.00433333333333,0.0180580163369
2.08929613085e-05,2.08929613085e-05,2.08929613085e-05,2.08929613085e-05,1,X0 X1,0.999844444444,0.000286788711435,0.999844444444,0.000286788711435
2.08929613085e-05,2.08929613085e-05,2.08929613085e-05,2.08929613085e-05,1,X1 Z2 Y3 Y4 Z5 X7,0.999511111111,0.000460994538189,0.999511111111,0.000460994538189
2.08929613085e-05,2.08929613085e-05,2.08929613085e-05,2.08929613085e-05,1,X10 Z12 Y13 Y14 Z15 X16,0.999733333333,0.000332181919415,0.999733333333,0.000332181919415
2.08929613085e-05,2.08929613085e-05,2.08929613085e-05,2.08929613085e-05,1,X12 X14,0.999844444444,0.000286788711435,0.999844444444,0.000286788711435
2.08929613085e-05,2.08929613085e-05,2.08929613085e-05,2.08929613085e-05,1,X13 X15,0.999911111111,0.000230497269095,0.999911111111,0.000230497269095
2.08929613085e-05,2.08929613085e-05,2.08929613085e-05,2.08929613085e-05,1,X15 Z16 Y17,0.999866666667,0.000322822798741,0.999866666667,0.000322822798741
2.08929613085e-05,2.08929613085e-05,2.08929613085e-05,2.08929613085e-05,1,X16 X17,0.999755555556,0.00044578342364,0.999755555556,0.00044578342364
2.08929613085e-05,2.08929613085e-05,2.08929613085e-05,2.08929613085e-05,1,X2 X4,0.999866666667,0.000271225401448,0.999866666667,0.000271225401448
2.08929613085e-05,2.08929613085e-05,2.08929613085e-05,2.08929613085e-05,1,X3 X5,0.999644444444,0.000454296924974,0.999644444444,0.000454296924974
2.08929613085e-05,2.08929613085e-05,2.08929613085e-05,2.08929613085e-05,1,X4 Z6 Y7 Y9 Z10 X12,0.999555555556,0.000474106001479,0.999555555556,0.000474106001479
2.08929613085e-05,2.08929613085e-05,2.08929613085e-05,2.08929613085e-05,1,X5 Z7 Y8 Y10 Z11 X13,0.9996,0.000513421398626,0.9996,0.000513421398626
2.08929613085e-05,2.08929613085e-05,2.08929613085e-05,2.08929613085e-05,1,X6 X9,0.999933333333,0.000203419051086,0.999933333333,0.000203419051086
2.08929613085e-05,2.08929613085e-05,2.08929613085e-05,2.08929613085e-05,1,X7 X10,0.999755555556,0.000326755011902,0.999755555556,0.000326755011902
2.08929613085e-05,2.08929613085e-05,2.08929613085e-05,2.08929613085e-05,1,X8 X11,0.9998,0.000434172485455,0.9998,0.000434172485455
2.08929613085e-05,2.08929613085e-05,2.08929613085e-05,2.08929613085e-05,1,X9 Y12 Z14,0.999733333333,0.000449776445109,0.999733333333,0.000449776445109
2.08929613085e-05,2.08929613085e-05,2.08929613085e-05,2.08929613085e-05,1,Y0 Z1 X2,0.999955555556,0.00024343224778,0.999955555556,0.00024343224778
2.08929613085e-05,2.08929613085e-05,2.08929613085e-05,2.08929613085e-05,1,Z3 Y5 X8,0.999866666667,0.000271225401448,0.999866666667,0.000271225401448
2.08929613085e-05,2.08929613085e-05,2.08929613085e-05,2.08929613085e-05,5,Logical X,0.999844444444,0.000336004621996,0.999911111111,0.000230497269095
2.08929613085e-05,2.08929613085e-05,2.08929613085e-05,2.08929613085e-05,5,Logical Y,0.0171555555556,0.0119333183501,-0.00448888888889,0.0215320723686
2.08929613085e-05,2.08929613085e-05,2.08929613085e-05,2.08929613085e-05,5,Logical Z,0.0125111111111,0.0131080780958,-0.00351111111111,0.0182271183031
2.08929613085e-05,2.08929613085e-05,2.08929613085e-05,2.08929613085e-05,5,X0 X1,0.999822222222,0.000347220306508,0.999822222222,0.000347220306508
2.08929613085e-05,2.08929613085e-05,2.08929613085e-05,2.08929613085e-05,5,X1 Z2 Y3 Y4 Z5 X7,0.999666666667,0.000454858826147,0.999666666667,0.000454858826147
2.08929613085e-05,2.08929613085e-05,2.08929613085e-05,2.08929613085e-05,5,X10 Z12 Y13 Y14 Z15 X16,0.999755555556,0.000409965266572,0.999755555556,0.000409965266572
2.08929613085e-05,2.08929613085e-05,2.08929613085e-05,2.08929613085e-05,5,X12 X14,0.999733333333,0.000449776445109,0.999733333333,0.000449776445109
2.08929613085e-05,2.08929613085e-05,2.08929613085e-05,2.08929613085e-05,5,X13 X15,0.999866666667,0.000271225401448,0.999866666667,0.000271225401448
2.08929613085e-05,2.08929613085e-05,2.08929613085e-05,2.08929613085e-05,5,X15 Z16 Y17,0.999977777778,0.00012171612389,0.999977777778,0.00012171612389
2.08929613085e-05,2.08929613085e-05,2.08929613085e-05,2.08929613085e-05,5,X16 X17,0.999822222222,0.000347220306508,0.999822222222,0.000347220306508
2.08929613085e-05,2.08929613085e-05,2.08929613085e-05,2.08929613085e-05,5,X2 X4,0.999666666667,0.000454858826147,0.999666666667,0.000454858826147
2.08929613085e-05,2.08929613085e-05,2.08929613085e-05,2.08929613085e-05,5,X3 X5,0.999733333333,0.0004826491392,0.999733333333,0.0004826491392
2.08929613085e-05,2.08929613085e-05,2.08929613085e-05,2.08929613085e-05,5,X4 Z6 Y7 Y9 Z10 X12,0.999644444444,0.000419206816553,0.999644444444,0.000419206816553
2.08929613085e-05,2.08929613085e-05,2.08929613085e-05,2.08929613085e-05,5,X5 Z7 Y8 Y10 Z11 X13,0.999711111111,0.000515902908485,0.999711111111,0.000515902908485
2.08929613085e-05,2.08929613085e-05,2.08929613085e-05,2.08929613085e-05,5,X6 X9,0.999733333333,0.000414303644177,0.999733333333,0.000414303644177
2.08929613085e-05,2.08929613085e-05,2.08929613085e-05,2.08929613085e-05,5,X7 X10,0.999577777778,0.000509926997505,0.999577777778,0.000509926997505
2.08929613085e-05,2.08929613085e-05,2.08929613085e-05,2.08929613085e-05,5,X8 X11,0.9998,0.000356655387081,0.9998,0.000356655387081
2.08929613085e-05,2.08929613085e-05,2.08929613085e-05,2.08929613085e-05,5,X9 Y12 Z14,0.999911111111,0.000230497269095,0.999911111111,0.000230497269095
2.08929613085e-05,2.08929613085e-05,2.08929613085e-05,2.08929613085e-05,5,Y0 Z1 X2,0.999888888889,0.00025269934786,0.999888888889,0.00025269934786
2.08929613085e-05,2.08929613085e-05,2.08929613085e-05,2.08929613085e-05,5,Z3 Y5 X8,0.999888888889,0.00025269934786,0.999888888889,0.00025269934786
2.08929613085e-05,2.08929613085e-05,2.08929613085e-05,2.08929613085e-05,10,Logical X,0.999888888889,0.00025269934786,0.999844444444,0.000286788711435
2.08929613085e-05,2.08929613085e-05,2.08929613085e-05,2.08929613085e-05,10,Logical Y,0.0141555555556,0.00926027784947,-0.00342222222222,0.0195196989278
2.08929613085e-05,2.08929613085e-05,2.08929613085e-05,2.08929613085e-05,10,Logical Z,0.0129555555556,0.00758640310904,0.000777777777778,0.0163955730249
2.08929613085e-05,2.08929613085e-05,2.08929613085e-05,2.08929613085e-05,10,X0 X1,0.999822222222,0.000347220306508,0.999822222222,0.000347220306508
2.08929613085e-05,2.08929613085e-05,2.08929613085e-05,2.08929613085e-05,10,X1 Z2 Y3 Y4 Z5 X7,0.999688888889,0.000419206816553,0.999688888889,0.000419206816553
2.08929613085e-05,2.08929613085e-05,2.08929613085e-05,2.08929613085e-05,10,X10 Z12 Y13 Y14 Z15 X16,0.999711111111,0.000378880518104,0.999711111111,0.000378880518104
2.08929613085e-05,2.08929613085e-05,2.08929613085e-05,2.08929613085e-05,10,X12 X14,0.999822222222,0.000347220306508,0.999822222222,0.000347220306508
2.08929613085e-05,2.08929613085e-05,2.08929613085e-05,2.08929613085e-05,10,X13 X15,0.999822222222,0.000299850963406,0.999822222222,0.000299850963406
2.08929613085e-05,2.08929613085e-05,2.08929613085e-05,2.08929613085e-05,10,X15 Z16 Y17,0.999955555556,0.000169138754468,0.999955555556,0.000169138754468
2.08929613085e-05,2.08929613085e-05,2.08929613085e-05,2.08929613085e-05,10,X16 X17,0.999777777778,0.000364448182394,0.999777777778,0.000364448182394
2.08929613085e-05,2.08929613085e-05,2.08929613085e-05,2.08929613085e-05,10,X2 X4,0.999977777778,0.00012171612389,0.999977777778,0.00012171612389
2.08929613085e-05,2.08929613085e-05,2.08929613085e-05,2.08929613085e-05,10,X3 X5,0.999644444444,0.00048686449556,0.999644444444,0.00048686449556
2.08929613085e-05,2.08929613085e-05,2.08929613085e-05,2.08929613085e-05,10,X4 Z6 Y7 Y9 Z10 X12,0.999622222222,0.00045260703595,0.999622222222,0.00045260703595
2.08929613085e-05,2.08929613085e-05,2.08929613085e-05,2.08929613085e-05,10,X5 Z7 Y8 Y10 Z11 X13,0.999644444444,0.000454296924974,0.999644444444,0.000454296924974
2.08929613085e-05,2.08929613085e-05,2.08929613085e-05,2.08929613085e-05,10,X6 X9,0.999666666667,0.000517879555222,0.999666666667,0.000517879555222
2.08929613085e-05,2.08929613085e-05,2.08929613085e-05,2.08929613085e-05,10,X7 X10,0.999688888889,0.000419206816553,0.999688888889,0.000419206816553
2.08929613085e-05,2.08929613085e-05,2.08929613085e-05,2.08929613085e-05,10,X8 X11,1,0,1,0
2.08929613085e-05,2.08929613085e-05,2.08929613085e-05,2.08929613085e-05,10,X9 Y12 Z14,0.999733333333,0.000375494565317,0.999733333333,0.000375494565317
2.08929613085e-05,2.08929613085e-05,2.08929613085e-05,2.08929613085e-05,10,Y0 Z1 X2,0.999844444444,0.000378880518104,0.999844444444,0.000378880518104
2.08929613085e-05,2.08929613085e-05,2.08929613085e-05,2.08929613085e-05,10,Z3 Y5 X8,0.999933333333,0.000203419051086,0.999933333333,0.000203419051086
3.0199517204e-05,3.0199517204e-05,3.0199517204e-05,3.0199517204e-05,1,Logical X,0.999755555556,0.00044578342364,0.999733333333,0.00057000369697
3.0199517204e-05,3.0199517204e-05,3.0199517204e-05,3.0199517204e-05,1,Logical Y,0.0147333333333,0.0105341626329,-0.00244444444444,0.0198394578264
3.0199517204e-05,3.0199517204e-05,3.0199517204e-05,3.0199517204e-05,1,Logical Z,0.0133777777778,0.0104927390816,-0.00417777777778,0.0165415379469
3.0199517204e-05,3.0199517204e-05,3.0199517204e-05,3.0199517204e-05,1,X0 X1,0.9996,0.0004826491392,0.9996,0.0004826491392
3.0199517204e-05,3.0199517204e-05,3.0199517204e-05,3.0199517204e-05,1,X1 Z2 Y3 Y4 Z5 X7,0.999422222222,0.000573577422869,0.999422222222,0.000573577422869
3.0199517204e-05,3.0199517204e-05,3.0199517204e-05,3.0199517204e-05,1,X10 Z12 Y13 Y14 Z15 X16,0.999666666667,0.000454858826147,0.999666666667,0.000454858826147
3.0199517204e-05,3.0199517204e-05,3.0199517204e-05,3.0199517204e-05,1,X12 X14,0.999666666667,0.000454858826147,0.999666666667,0.000454858826147
3.0199517204e-05,3.0199517204e-05,3.0199517204e-05,3.0199517204e-05,1,X13 X15,0.999822222222,0.000347220306508,0.999822222222,0.000347220306508
3.0199517204e-05,3.0199517204e-05,3.0199517204e-05,3.0199517204e-05,1,X15 Z16 Y17,0.999777777778,0.000440596368168,0.999777777778,0.000440596368168
3.0199517204e-05,3.0199517204e-05,3.0199517204e-05,3.0199517204e-05,1,X16 X17,0.999688888889,0.00048686449556,0.999688888889,0.00048686449556
3.0199517204e-05,3.0199517204e-05,3.0199517204e-05,3.0199517204e-05,1,X2 X4,0.999733333333,0.000332181919415,0.999733333333,0.000332181919415
3.0199517204e-05,3.0199517204e-05,3.0199517204e-05,3.0199517204e-05,1,X3 X5,0.999644444444,0.000454296924974,0.999644444444,0.000454296924974
3.0199517204e-05,3.0199517204e-05,3.0199517204e-05,3.0199517204e-05,1,X4 Z6 Y7 Y9 Z10 X12,0.999377777778,0.000551787991196,0.999377777778,0.000551787991196
3.0199517204e-05,3.0199517204e-05,3.0199517204e-05,3.0199517204e-05,1,X5 Z7 Y8 Y10 Z11 X13,0.999488888889,0.000572239891108,0.999488888889,0.000572239891108
3.0199517204e-05,3.0199517204e-05,3.0199517204e-05,3.0199517204e-05,1,X6 X9,0.999755555556,0.000478930268189,0.999755555556,0.000478930268189
3.0199517204e-05,3.0199517204e-05,3.0199517204e-05,3.0199517204e-05,1,X7 X10,0.999733333333,0.000375494565317,0.999733333333,0.000375494565317
3.0199517204e-05,3.0199517204e-05,3.0199517204e-05,3.0199517204e-05,1,X8 X11,0.9998,0.000310727733133,0.9998,0.000310727733133
3.0199517204e-05,3.0199517204e-05,3.0199517204e-05,3.0199517204e-05,1,X9 Y12 Z14,0.999866666667,0.000367240929613,0.999866666667,0.000367240929613
3.0199517204e-05,3.0199517204e-05,3.0199517204e-05,3.0199517204e-05,1,Y0 Z1 X2,0.999777777778,0.000474106001479,0.999777777778,0.000474106001479
3.0199517204e-05,3.0199517204e-05,3.0199517204e-05,3.0199517204e-05,1,Z3 Y5 X8,0.9998,0.000356655387081,0.9998,0.000356655387081
3.0199517204e-05,3.0199517204e-05,3.0199517204e-05,3.0199517204e-05,5,Logical X,0.9998,0.000356655387081,0.9998,0.000468142166572
3.0199517204e-05,3.0199517204e-05,3.0199517204e-05,3.0199517204e-05,5,Logical Y,0.0131555555556,0.0108827725413,-0.00337777777778,0.0140398265845
3.0199517204e-05,3.0199517204e-05,3.0199517204e-05,3.0199517204e-05,5,Logical Z,0.0139111111111,0.00893181207382,-0.000133333333333,0.0163743561776
3.0199517204e-05,3.0199517204e-05,3.0199517204e-05,3.0199517204e-05,5,X0 X1,0.999777777778,0.000440596368168,0.999777777778,0.000440596368168
3.0199517204e-05,3.0199517204e-05,3.0199517204e-05,3.0199517204e-05,5,X1 Z2 Y3 Y4 Z5 X7,0.999688888889,0.000380897642482,0.999688888889,0.000380897642482
3.0199517204e-05,3.0199517204e-05,3.0199517204e-05,3.0199517204e-05,5,X10 Z12 Y13 Y14 Z15 X16,0.999533333333,0.00052958452594,0.999533333333,0.00052958452594
3.0199517204e-05,3.0199517204e-05,3.0199517204e-05,3.0199517204e-05,5,X12 X14,0.999711111111,0.000417374877053,0.999711111111,0.000417374877053
3.0199517204e-05,3.0199517204e-05,3.0199517204e-05,3.0199517204e-05,5,X13 X15,0.999733333333,0.000375494565317,0.999733333333,0.000375494565317
3.0199517204e-05,3.0199517204e-05,3.0199517204e-05,3.0199517204e-05,5,X15 Z16 Y17,0.999777777778,0.000364448182394,0.999777777778,0.000364448182394
3.0199517204e-05,3.0199517204e-05,3.0199517204e-05,3.0199517204e-05,5,X16 X17,0.999733333333,0.0004826491392,0.999733333333,0.0004826491392
3.0199517204e-05,3.0199517204e-05,3.0199517204e-05,3.0199517204e-05,5,X2 X4,0.999866666667,0.000271225401448,0.999866666667,0.000271225401448
3.0199517204e-05,3.0199517204e-05,3.0199517204e-05,3.0199517204e-05,5,X3 X5,0.999688888889,0.000546204832484,0.999688888889,0.000546204832484
3.0199517204e-05,3.0199517204e-05,3.0199517204e-05,3.0199517204e-05,5,X4 Z6 Y7 Y9 Z10 X12,0.999666666667,0.000454858826147,0.999666666667,0.000454858826147
3.0199517204e-05,3.0199517204e-05,3.0199517204e-05,3.0199517204e-05,5,X5 Z7 Y8 Y10 Z11 X13,0.999444444444,0.000679944404609,0.999444444444,0.000679944404609
3.0199517204e-05,3.0199517204e-05,3.0199517204e-05,3.0199517204e-05,5,X6 X9,0.9996,0.000513421398626,0.9996,0.000513421398626
3.0199517204e-05,3.0199517204e-05,3.0199517204e-05,3.0199517204e-05,5,X7 X10,0.999488888889,0.000572239891108,0.999488888889,0.000572239891108
3.0199517204e-05,3.0199517204e-05,3.0199517204e-05,3.0199517204e-05,5,X8 X11,0.999666666667,0.000487388851658,0.999666666667,0.000487388851658
3.0199517204e-05,3.0199517204e-05,3.0199517204e-05,3.0199517204e-05,5,X9 Y12 Z14,0.999822222222,0.000388861520657,0.999822222222,0.000388861520657
3.0199517204e-05,3.0199517204e-05,3.0199517204e-05,3.0199517204e-05,5,Y0 Z1 X2,0.999755555556,0.000478930268189,0.999755555556,0.000478930268189
3.0199517204e-05,3.0199517204e-05,3.0199517204e-05,3.0199517204e-05,5,Z3 Y5 X8,0.9998,0.000356655387081,0.9998,0.000356655387081
3.0199517204e-05,3.0199517204e-05,3.0199517204e-05,3.0199517204e-05,10,Logical X,0.999866666667,0.000271225401448,0.9998,0.000310727733133
3.0199517204e-05,3.0199517204e-05,3.0199517204e-05,3.0199517204e-05,10,Logical Y,0.0134888888889,0.0103630397371,0.00242222222222,0.016751950383
3.0199517204e-05,3.0199517204e-05,3.0199517204e-05,3.0199517204e-05,10,Logical Z,0.0163777777778,0.0101100205719,-0.00173333333333,0.0184931177009
3.0199517204e-05,3.0199517204e-05,3.0199517204e-05,3.0199517204e-05,10,X0 X1,0.999622222222,0.000485288027863,0.999622222222,0.000485288027863
3.0199517204e-05,3.0199517204e-05,3.0199517204e-05,3.0199517204e-05,10,X1 Z2 Y3 Y4 Z5 X7,0.999666666667,0.000419815686615,0.999666666667,0.000419815686615
3.0199517204e-05,3.0199517204e-05,3.0199517204e-05,3.0199517204e-05,10,X10 Z12 Y13 Y14 Z15 X16,0.999711111111,0.00045260703595,0.999711111111,0.00045260703595
3.0199517204e-05,3.0199517204e-05,3.0199517204e-05,3.0199517204e-05,10,X12 X14,0.999822222222,0.000347220306508,0.999822222222,0.000347220306508
3.0199517204e-05,3.0199517204e-05,3.0199517204e-05,3.0199517204e-05,10,X13 X15,0.999888888889,0.00025269934786,0.999888888889,0.00025269934786
3.0199517204e-05,3.0199517204e-05,3.0199517204e-05,3.0199517204e-05,10,X15 Z16 Y17,0.999888888889,0.00025269934786,0.999888888889,0.00025269934786
3.0199517204e-05,3.0199517204e-05,3.0199517204e-05,3.0199517204e-05,10,X16 X17,0.999577777778,0.00044578342364,0.999577777778,0.00044578342364
3.0199517204e-05,3.0199517204e-05,3.0199517204e-05,3.0199517204e-05,10,X2 X4,0.999755555556,0.000370702277845,0.999755555556,0.000370702277845
3.0199517204e-05,3.0199517204e-05,3.0199517204e-05,3.0199517204e-05,10,X3 X5,0.9996,0.000513421398626,0.9996,0.000513421398626
3.0199517204e-05,3.0199517204e-05,3.0199517204e-05,3.0199517204e-05,10,X4 Z6 Y7 Y9 Z10 X12,0.999422222222,0.000624734937408,0.999422222222,0.000624734937408
3.0199517204e-05,3.0199517204e-05,3.0199517204e-05,3.0199517204e-05,10,X5 Z7 Y8 Y10 Z11 X13,0.999577777778,0.000593278657776,0.999577777778,0.000593278657776
3.0199517204e-05,3.0199517204e-05,3.0199517204e-05,3.0199517204e-05,10,X6 X9,0.999688888889,0.000419206816553,0.999688888889,0.000419206816553
3.0199517204e-05,3.0199517204e-05,3.0199517204e-05,3.0199517204e-05,10,X7 X10,0.999444444444,0.000657018304435,0.999444444444,0.000657018304435
3.0199517204e-05,3.0199517204e-05,3.0199517204e-05,3.0199517204e-05,10,X8 X11,0.999688888889,0.000454296924974,0.999688888889,0.000454296924974
3.0199517204e-05,3.0199517204e-05,3.0199517204e-05,3.0199517204e-05,10,X9 Y12 Z14,0.999777777778,0.000404318956575,0.999777777778,0.000404318956575
3.0199517204e-05,3.0199517204e-05,3.0199517204e-05,3.0199517204e-05,10,Y0 Z1 X2,0.999822222222,0.000299850963406,0.999822222222,0.000299850963406
3.0199517204e-05,3.0199517204e-05,3.0199517204e-05,3.0199517204e-05,10,Z3 Y5 X8,0.9998,0.000356655387081,0.9998,0.000356655387081
4.3651583224e-05,4.3651583224e-05,4.3651583224e-05,4.3651583224e-05,1,Logical X,0.999822222222,0.000299850963406,0.999733333333,0.000375494565317
4.3651583224e-05,4.3651583224e-05,4.3651583224e-05,4.3651583224e-05,1,Logical Y,0.0122,0.00831588978934,-0.00393333333333,0.0179947629674
4.3651583224e-05,4.3651583224e-05,4.3651583224e-05,4.3651583224e-05,1,Logical Z,0.0121333333333,0.00970112763521,0.00484444444444,0.0248945259079
4.3651583224e-05,4.3651583224e-05,4.3651583224e-05,4.3651583224e-05,1,X0 X1,0.9998,0.000397308955512,0.9998,0.000397308955512
4.3651583224e-05,4.3651583224e-05,4.3651583224e-05,4.3651583224e-05,1,X1 Z2 Y3 Y4 Z5 X7,0.9992,0.00066436383883,0.9992,0.00066436383883
4.3651583224e-05,4.3651583224e-05,4.3651583224e-05,4.3651583224e-05,1,X10 Z12 Y13 Y14 Z15 X16,0.999311111111,0.000642870319555,0.999311111111,0.000642870319555
4.3651583224e-05,4.3651583224e-05,4.3651583224e-05,4.3651583224e-05,1,X12 X14,0.999533333333,0.000584604526246,0.999533333333,0.000584604526246
4.3651583224e-05,4.3651583224e-05,4.3651583224e-05,4.3651583224e-05,1,X13 X15,0.999511111111,0.000698840491962,0.999511111111,0.000698840491962
4.3651583224e-05,4.3651583224e-05,4.3651583224e-05,4.3651583224e-05,1,X15 Z16 Y17,0.999622222222,0.000485288027863,0.999622222222,0.000485288027863
4.3651583224e-05,4.3651583224e-05,4.3651583224e-05,4.3651583224e-05,1,X16 X17,0.999577777778,0.000566858205177,0.999577777778,0.000566858205177
4.3651583224e-05,4.3651583224e-05,4.3651583224e-05,4.3651583224e-05,1,X2 X4,0.9996,0.0004826491392,0.9996,0.0004826491392
4.3651583224e-05,4.3651583224e-05,4.3651583224e-05,4.3651583224e-05,1,X3 X5,0.999466666667,0.000507416263405,0.999466666667,0.000507416263405
4.3651583224e-05,4.3651583224e-05,4.3651583224e-05,4.3651583224e-05,1,X4 Z6 Y7 Y9 Z10 X12,0.999155555556,0.000925307584082,0.999155555556,0.000925307584082
4.3651583224e-05,4.3651583224e-05,4.3651583224e-05,4.3651583224e-05,1,X5 Z7 Y8 Y10 Z11 X13,0.999333333333,0.000678063503621,0.999333333333,0.000678063503621
4.3651583224e-05,4.3651583224e-05,4.3651583224e-05,4.3651583224e-05,1,X6 X9,0.9996,0.000621455466266,0.9996,0.000621455466266
4.3651583224e-05,4.3651583224e-05,4.3651583224e-05,4.3651583224e-05,1,X7 X10,0.9992,0.00073029674334,0.9992,0.00073029674334
4.3651583224e-05,4.3651583224e-05,4.3651583224e-05,4.3651583224e-05,1,X8 X11,0.999488888889,0.000598422788647,0.999488888889,0.000598422788647
4.3651583224e-05,4.3651583224e-05,4.3651583224e-05,4.3651583224e-05,1,X9 Y12 Z14,0.9996,0.000449776445109,0.9996,0.000449776445109
4.3651583224e-05,4.3651583224e-05,4.3651583224e-05,4.3651583224e-05,1,Y0 Z1 X2,0.999755555556,0.000509926997505,0.999755555556,0.000509926997505
4.3651583224e-05,4.3651583224e-05,4.3651583224e-05,4.3651583224e-05,1,Z3 Y5 X8,0.9998,0.000310727733133,0.9998,0.000310727733133
4.3651583224e-05,4.3651583224e-05,4.3651583224e-05,4.3651583224e-05,5,Logical X,0.999822222222,0.000347220306508,0.999755555556,0.000370702277845
4.3651583224e-05,4.3651583224e-05,4.3651583224e-05,4.3651583224e-05,5,Logical Y,0.0148222222222,0.0119765842211,0.00257777777778,0.0148996472825
4.3651583224e-05,4.3651583224e-05,4.3651583224e-05,4.3651583224e-05,5,Logical Z,0.0142666666667,0.0101129256087,-0.000733333333333,0.017318605591
4.3651583224e-05,4.3651583224e-05,4.3651583224e-05,4.3651583224e-05,5,X0 X1,0.999622222222,0.000623507157111,0.999622222222,0.000623507157111
4.3651583224e-05,4.3651583224e-05,4.3651583224e-05,4.3651583224e-05,5,X1 Z2 Y3 Y4 Z5 X7,0.999,0.000797505690055,0.999,0.000797505690055
4.3651583224e-05,4.3651583224e-05,4.3651583224e-05,4.3651583224e-05,5,X10 Z12 Y13 Y14 Z15 X16,0.999355555556,0.000732043449359,0.999355555556,0.000732043449359
4.3651583224e-05,4.3651583224e-05,4.3651583224e-05,4.3651583224e-05,5,X12 X14,0.999377777778,0.000578896647274,0.999377777778,0.000578896647274
4.3651583224e-05,4.3651583224e-05,4.3651583224e-05,4.3651583224e-05,5,X13 X15,0.999577777778,0.00044578342364,0.999577777778,0.00044578342364
4.3651583224e-05,4.3651583224e-05,4.3651583224e-05,4.3651583224e-05,5,X15 Z16 Y17,0.999777777778,0.000364448182394,0.999777777778,0.000364448182394
4.3651583224e-05,4.3651583224e-05,4.3651583224e-05,4.3651583224e-05,5,X16 X17,0.999644444444,0.000517386101508,0.999644444444,0.000517386101508
4.3651583224e-05,4.3651583224e-05,4.3651583224e-05,4.3651583224e-05,5,X2 X4,0.999577777778,0.000539144585228,0.999577777778,0.000539144585228
4.3651583224e-05,4.3651583224e-05,4.3651583224e-05,4.3651583224e-05,5,X3 X5,0.999444444444,0.000555938565291,0.999444444444,0.000555938565291
4.3651583224e-05,4.3651583224e-05,4.3651583224e-05,4.3651583224e-05,5,X4 Z6 Y7 Y9 Z10 X12,0.999155555556,0.000781654269604,0.999155555556,0.000781654269604
4.3651583224e-05,4.3651583224e-05,4.3651583224e-05,4.3651583224e-05,5,X5 Z7 Y8 Y10 Z11 X13,0.999311111111,0.00068890124819,0.999311111111,0.00068890124819
4.3651583224e-05,4.3651583224e-05,4.3651583224e-05,4.3651583224e-05,5,X6 X9,0.999733333333,0.000449776445109,0.999733333333,0.000449776445109
4.3651583224e-05,4.3651583224e-05,4.3651583224e-05,4.3651583224e-05,5,X7 X10,0.9994,0.000563241847975,0.9994,0.000563241847975
4.3651583224e-05,4.3651583224e-05,4.3651583224e-05,4.3651583224e-05,5,X8 X11,0.999622222222,0.000417374877053,0.999622222222,0.000417374877053
4.3651583224e-05,4.3651583224e-05,4.3651583224e-05,4.3651583224e-05,5,X9 Y12 Z14,0.999733333333,0.000414303644177,0.999733333333,0.000414303644177
4.3651583224e-05,4.3651583224e-05,4.3651583224e-05,4.3651583224e-05,5,Y0 Z1 X2,0.999777777778,0.000404318956575,0.999777777778,0.000404318956575
4.3651583224e-05,4.3651583224e-05,4.3651583224e-05,4.3651583224e-05,5,Z3 Y5 X8,0.999777777778,0.000364448182394,0.999777777778,0.000364448182394
4.3651583224e-05,4.3651583224e-05,4.3651583224e-05,4.3651583224e-05,10,Logical X,0.999866666667,0.000322822798741,0.999822222222,0.000299850963406
4.3651583224e-05,4.3651583224e-05,4.3651583224e-05,4.3651583224e-05,10,Logical Y,0.0190888888889,0.011369763401,0.00226666666667,0.0188127290404
4.3651583224e-05,4.3651583224e-05,4.3651583224e-05,4.3651583224e-05,10,Logical Z,0.0137111111111,0.0111440355105,-0.00182222222222,0.0182035602036
4.3651583224e-05,4.3651583224e-05,4.3651583224e-05,4.3651583224e-05,10,X0 X1,0.999666666667,0.000546672273591,0.999666666667,0.000546672273591
4.3651583224e-05,4.3651583224e-05,4.3651583224e-05,4.3651583224e-05,10,X1 Z2 Y3 Y4 Z5 X7,0.999355555556,0.000593278657776,0.999355555556,0.000593278657776
4.3651583224e-05,4.3651583224e-05,4.3651583224e-05,4.3651583224e-05,10,X10 Z12 Y13 Y14 Z15 X16,0.999533333333,0.00052958452594,0.999533333333,0.00052958452594
4.3651583224e-05,4.3651583224e-05,4.3651583224e-05,4.3651583224e-05,10,X12 X14,0.999533333333,0.00052958452594,0.999533333333,0.00052958452594
4.3651583224e-05,4.3651583224e-05,4.3651583224e-05,4.3651583224e-05,10,X13 X15,0.999444444444,0.000764807006599,0.999444444444,0.000764807006599
4.3651583224e-05,4.3651583224e-05,4.3651583224e-05,4.3651583224e-05,10,X15 Z16 Y17,0.999844444444,0.000336004621996,0.999844444444,0.000336004621996
4.3651583224e-05,4.3651583224e-05,4.3651583224e-05,4.3651583224e-05,10,X16 X17,0.999555555556,0.000534863704724,0.999555555556,0.000534863704724
4.3651583224e-05,4.3651583224e-05,4.3651583224e-05,4.3651583224e-05,10,X2 X4,0.999488888889,0.000544800102771,0.999488888889,0.000544800102771
4.3651583224e-05,4.3651583224e-05,4.3651583224e-05,4.3651583224e-05,10,X3 X5,0.999466666667,0.000591122057917,0.999466666667,0.000591122057917
4.3651583224e-05,4.3651583224e-05,4.3651583224e-05,4.3651583224e-05,10,X4 Z6 Y7 Y9 Z10 X12,0.999244444444,0.000624734937408,0.999244444444,0.000624734937408
4.3651583224e-05,4.3651583224e-05,4.3651583224e-05,4.3651583224e-05,10,X5 Z7 Y8 Y10 Z11 X13,0.999333333333,0.000892712084549,0.999333333333,0.000892712084549
4.3651583224e-05,4.3651583224e-05,4.3651583224e-05,4.3651583224e-05,10,X6 X9,0.9996,0.000596284794,0.9996,0.000596284794
4.3651583224e-05,4.3651583224e-05,4.3651583224e-05,4.3651583224e-05,10,X7 X10,0.999422222222,0.000624734937408,0.999422222222,0.000624734937408
4.3651583224e-05,4.3651583224e-05,4.3651583224e-05,4.3651583224e-05,10,X8 X11,0.999555555556,0.000404318956575,0.999555555556,0.000404318956575
4.3651583224e-05,4.3651583224e-05,4.3651583224e-05,4.3651583224e-05,10,X9 Y12 Z14,0.999711111111,0.000336004621996,0.999711111111,0.000336004621996
4.3651583224e-05,4.3651583224e-05,4.3651583224e-05,4.3651583224e-05,10,Y0 Z1 X2,0.999822222222,0.000299850963406,0.999822222222,0.000299850963406
4.3651583224e-05,4.3651583224e-05,4.3651583224e-05,4.3651583224e-05,10,Z3 Y5 X8,0.999688888889,0.000380897642482,0.999688888889,0.000380897642482
6.3095734448e-05,6.3095734448e-05,6.3095734448e-05,6.3095734448e-05,1,Logical X,0.9996,0.000513421398626,0.999644444444,0.000546204832484
6.3095734448e-05,6.3095734448e-05,6.3095734448e-05,6.3095734448e-05,1,Logical Y,0.0146888888889,0.0108256589381,-0.00382222222222,0.0204208092599
6.3095734448e-05,6.3095734448e-05,6.3095734448e-05,6.3095734448e-05,1,Logical Z,0.0130888888889,0.00993539797001,0.00151111111111,0.016366429835
6.3095734448e-05,6.3095734448e-05,6.3095734448e-05,6.3095734448e-05,1,X0 X1,0.999355555556,0.00068890124819,0.999355555556,0.00068890124819
6.3095734448e-05,6.3095734448e-05,6.3095734448e-05,6.3095734448e-05,1,X1 Z2 Y3 Y4 Z5 X7,0.999111111111,0.000685556145482,0.999111111111,0.000685556145482
6.3095734448e-05,6.3095734448e-05,6.3095734448e-05,6.3095734448e-05,1,X10 Z12 Y13 Y14 Z15 X16,0.999066666667,0.000794617911025,0.999066666667,0.000794617911025
6.3095734448e-05,6.3095734448e-05,6.3095734448e-05,6.3095734448e-05,1,X12 X14,0.999266666667,0.000589824313085,0.999266666667,0.000589824313085
6.3095734448e-05,6.3095734448e-05,6.3095734448e-05,6.3095734448e-05,1,X13 X15,0.999555555556,0.000505398695719,0.999555555556,0.000505398695719
6.3095734448e-05,6.3095734448e-05,6.3095734448e-05,6.3095734448e-05,1,X15 Z16 Y17,0.999555555556,0.000639284401981,0.999555555556,0.000639284401981
6.3095734448e-05,6.3095734448e-05,6.3095734448e-05,6.3095734448e-05,1,X16 X17,0.999555555556,0.000534863704724,0.999555555556,0.000534863704724
6.3095734448e-05,6.3095734448e-05,6.3095734448e-05,6.3095734448e-05,1,X2 X4,0.999311111111,0.00068890124819,0.999311111111,0.00068890124819
6.3095734448e-05,6.3095734448e-05,6.3095734448e-05,6.3095734448e-05,1,X3 X5,0.999333333333,0.000742781352708,0.999333333333,0.000742781352708
6.3095734448e-05,6.3095734448e-05,6.3095734448e-05,6.3095734448e-05,1,X4 Z6 Y7 Y9 Z10 X12,0.998933333333,0.000832298207684,0.998933333333,0.000832298207684
6.3095734448e-05,6.3095734448e-05,6.3095734448e-05,6.3095734448e-05,1,X5 Z7 Y8 Y10 Z11 X13,0.998488888889,0.00074140455569,0.998488888889,0.00074140455569
6.3095734448e-05,6.3095734448e-05,6.3095734448e-05,6.3095734448e-05,1,X6 X9,0.999311111111,0.000593278657776,0.999311111111,0.000593278657776
6.3095734448e-05,6.3095734448e-05,6.3095734448e-05,6.3095734448e-05,1,X7 X10,0.998977777778,0.000797185342306,0.998977777778,0.000797185342306
6.3095734448e-05,6.3095734448e-05,6.3095734448e-05,6.3095734448e-05,1,X8 X11,0.999222222222,0.000702122307262,0.999222222222,0.000702122307262
6.3095734448e-05,6.3095734448e-05,6.3095734448e-05,6.3095734448e-05,1,X9 Y12 Z14,0.9994,0.000589824313085,0.9994,0.000589824313085
6.3095734448e-05,6.3095734448e-05,6.3095734448e-05,6.3095734448e-05,1,Y0 Z1 X2,0.999733333333,0.000375494565317,0.999733333333,0.000375494565317
6.3095734448e-05,6.3095734448e-05,6.3095734448e-05,6.3095734448e-05,1,Z3 Y5 X8,0.999622222222,0.000515902908485,0.999622222222,0.000515902908485
6.3095734448e-05,6.3095734448e-05,6.3095734448e-05,6.3095734448e-05,5,Logical X,0.9996,0.000414303644177,0.999666666667,0.000419815686615
6.3095734448e-05,6.3095734448e-05,6.3095734448e-05,6.3095734448e-05,5,Logical Y,0.0092,0.00666068697342,-0.000755555555556,0.0163465659119
6.3095734448e-05,6.3095734448e-05,6.3095734448e-05,6.3095734448e-05,5,Logical Z,0.0130888888889,0.0093291999605,-0.000888888888889,0.0170788869085
6.3095734448e-05,6.3095734448e-05,6.3095734448e-05,6.3095734448e-05,5,X0 X1,0.999666666667,0.000419815686615,0.999666666667,0.000419815686615
6.3095734448e-05,6.3095734448e-05,6.3095734448e-05,6.3095734448e-05,5,X1 Z2 Y3 Y4 Z5 X7,0.998844444444,0.000761795284964,0.998844444444,0.000761795284964
6.3095734448e-05,6.3095734448e-05,6.3095734448e-05,6.3095734448e-05,5,X10 Z12 Y13 Y14 Z15 X16,0.999222222222,0.000744498768533,0.999222222222,0.000744498768533
6.3095734448e-05,6.3095734448e-05,6.3095734448e-05,6.3095734448e-05,5,X12 X14,0.999377777778,0.000578896647274,0.999377777778,0.000578896647274
6.3095734448e-05,6.3095734448e-05,6.3095734448e-05,6.3095734448e-05,5,X13 X15,0.999333333333,0.000763135295296,0.999333333333,0.000763135295296
6.3095734448e-05,6.3095734448e-05,6.3095734448e-05,6.3095734448e-05,5,X15 Z16 Y17,0.999466666667,0.000640880620201,0.999466666667,0.000640880620201
6.3095734448e-05,6.3095734448e-05,6.3095734448e-05,6.3095734448e-05,5,X16 X17,0.999533333333,0.000610257153259,0.999533333333,0.000610257153259
6.3095734448e-05,6.3095734448e-05,6.3095734448e-05,6.3095734448e-05,5,X2 X4,0.9994,0.000505903841968,0.9994,0.000505903841968
6.3095734448e-05,6.3095734448e-05,6.3095734448e-05,6.3095734448e-05,5,X3 X5,0.999355555556,0.000509926997505,0.999355555556,0.000509926997505
6.3095734448e-05,6.3095734448e-05,6.3095734448e-05,6.3095734448e-05,5,X4 Z6 Y7 Y9 Z10 X12,0.998822222222,0.000985462659818,0.998822222222,0.000985462659818
6.3095734448e-05,6.3095734448e-05,6.3095734448e-05,6.3095734448e-05,5,X5 Z7 Y8 Y10 Z11 X13,0.998755555556,0.000777723041314,0.998755555556,0.000777723041314
6.3095734448e-05,6.3095734448e-05,6.3095734448e-05,6.3095734448e-05,5,X6 X9,0.999244444444,0.000624734937408,0.999244444444,0.000624734937408
6.3095734448e-05,6.3095734448e-05,6.3095734448e-05,6.3095734448e-05,5,X7 X10,0.999111111111,0.000749627408515,0.999111111111,0.000749627408515
6.3095734448e-05,6.3095734448e-05,6.3095734448e-05,6.3095734448e-05,5,X8 X11,0.999422222222,0.000599701926812,0.999422222222,0.000599701926812
6.3095734448e-05,6.3095734448e-05,6.3095734448e-05,6.3095734448e-05,5,X9 Y12 Z14,0.999666666667,0.000517879555222,0.999666666667,0.000517879555222
6.3095734448e-05,6.3095734448e-05,6.3095734448e-05,6.3095734448e-05,5,Y0 Z1 X2,0.999777777778,0.000364448182394,0.999777777778,0.000364448182394
6.3095734448e-05,6.3095734448e-05,6.3095734448e-05,6.3095734448e-05,5,Z3 Y5 X8,0.999533333333,0.000681445387461,0.999533333333,0.000681445387461
6.3095734448e-05,6.3095734448e-05,6.3095734448e-05,6.3095734448e-05,10,Logical X,0.999577777778,0.000593278657776,0.9996,0.000414303644177
6.3095734448e-05,6.3095734448e-05,6.3095734448e-05,6.3095734448e-05,10,Logical Y,0.0147111111111,0.0113000638568,0.0036,0.0211011793537
6.3095734448e-05,6.3095734448e-05,6.3095734448e-05,6.3095734448e-05,10,Logical Z,0.0157333333333,0.0114919262013,0.00315555555556,0.0181782855038
6.3095734448e-05,6.3095734448e-05,6.3095734448e-05,6.3095734448e-05,10,X0 X1,0.999622222222,0.00045260703595,0.999622222222,0.00045260703595
6.3095734448e-05,6.3095734448e-05,6.3095734448e-05,6.3095734448e-05,10,X1 Z2 Y3 Y4 Z5 X7,0.998977777778,0.000888122274784,0.998977777778,0.000888122274784
6.3095734448e-05,6.3095734448e-05,6.3095734448e-05,6.3095734448e-05,10,X10 Z12 Y13 Y14 Z15 X16,0.999244444444,0.000648802807495,0.999244444444,0.000648802807495
6.3095734448e-05,6.3095734448e-05,6.3095734448e-05,6.3095734448e-05,10,X12 X14,0.999311111111,0.00071079974026,0.999311111111,0.00071079974026
6.3095734448e-05,6.3095734448e-05,6.3095734448e-05,6.3095734448e-05,10,X13 X15,0.999177777778,0.000815244284821,0.999177777778,0.000815244284821
6.3095734448e-05,6.3095734448e-05,6.3095734448e-05,6.3095734448e-05,10,X15 Z16 Y17,0.999622222222,0.00045260703595,0.999622222222,0.00045260703595
6.3095734448e-05,6.3095734448e-05,6.3095734448e-05,6.3095734448e-05,10,X16 X17,0.999511111111,0.000604791426213,0.999511111111,0.000604791426213
6.3095734448e-05,6.3095734448e-05,6.3095734448e-05,6.3095734448e-05,10,X2 X4,0.999288888889,0.000676555017873,0.999288888889,0.000676555017873
6.3095734448e-05,6.3095734448e-05,6.3095734448e-05,6.3095734448e-05,10,X3 X5,0.9992,0.00073029674334,0.9992,0.00073029674334
6.3095734448e-05,6.3095734448e-05,6.3095734448e-05,6.3095734448e-05,10,X4 Z6 Y7 Y9 Z10 X12,0.999266666667,0.000589824313085,0.999266666667,0.000589824313085
6.3095734448e-05,6.3095734448e-05,6.3095734448e-05,6.3095734448e-05,10,X5 Z7 Y8 Y10 Z11 X13,0.998955555556,0.000869814501444,0.998955555556,0.000869814501444
6.3095734448e-05,6.3095734448e-05,6.3095734448e-05,6.3095734448e-05,10,X6 X9,0.999311111111,0.000752687818917,0.999311111111,0.000752687818917
6.3095734448e-05,6.3095734448e-05,6.3095734448e-05,6.3095734448e-05,10,X7 X10,0.999288888889,0.000460994538189,0.999288888889,0.000460994538189
6.3095734448e-05,6.3095734448e-05,6.3095734448e-05,6.3095734448e-05,10,X8 X11,0.999444444444,0.000555938565291,0.999444444444,0.000555938565291
6.3095734448e-05,6.3095734448e-05,6.3095734448e-05,6.3095734448e-05,10,X9 Y12 Z14,0.9996,0.0004826491392,0.9996,0.0004826491392
6.3095734448e-05,6.3095734448e-05,6.3095734448e-05,6.3095734448e-05,10,Y0 Z1 X2,0.999644444444,0.000419206816553,0.999644444444,0.000419206816553
6.3095734448e-05,6.3095734448e-05,6.3095734448e-05,6.3095734448e-05,10,Z3 Y5 X8,0.999688888889,0.000380897642482,0.999688888889,0.000380897642482
9.12010839356e-05,9.12010839356e-05,9.12010839356e-05,9.12010839356e-05,1,Logical X,0.9994,0.000535341048598,0.999466666667,0.000536770533249
9.12010839356e-05,9.12010839356e-05,9.12010839356e-05,9.12010839356e-05,1,Logical Y,0.0151111111111,0.00918825392646,-0.00437777777778,0.0208968884984
9.12010839356e-05,9.12010839356e-05,9.12010839356e-05,9.12010839356e-05,1,Logical Z,0.0129333333333,0.0104732463395,0.00344444444444,0.0179817560446
9.12010839356e-05,9.12010839356e-05,9.12010839356e-05,9.12010839356e-05,1,X0 X1,0.999133333333,0.00072503137731,0.999133333333,0.00072503137731
9.12010839356e-05,9.12010839356e-05,9.12010839356e-05,9.12010839356e-05,1,X1 Z2 Y3 Y4 Z5 X7,0.998711111111,0.000925307584082,0.998711111111,0.000925307584082
9.12010839356e-05,9.12010839356e-05,9.12010839356e-05,9.12010839356e-05,1,X10 Z12 Y13 Y14 Z15 X16,0.998866666667,0.000912241145776,0.998866666667,0.000912241145776
9.12010839356e-05,9.12010839356e-05,9.12010839356e-05,9.12010839356e-05,1,X12 X14,0.998888888889,0.000769800358919,0.998888888889,0.000769800358919
9.12010839356e-05,9.12010839356e-05,9.12010839356e-05,9.12010839356e-05,1,X13 X15,0.998844444444,0.00097372899112,0.998844444444,0.00097372899112
9.12010839356e-05,9.12010839356e-05,9.12010839356e-05,9.12010839356e-05,1,X15 Z16 Y17,0.999311111111,0.000666283414743,0.999311111111,0.000666283414743
9.12010839356e-05,9.12010839356e-05,9.12010839356e-05,9.12010839356e-05,1,X16 X17,0.9992,0.000687044868506,0.9992,0.000687044868506
9.12010839356e-05,9.12010839356e-05,9.12010839356e-05,9.12010839356e-05,1,X2 X4,0.999066666667,0.000713310774163,0.999066666667,0.000713310774163
9.12010839356e-05,9.12010839356e-05,9.12010839356e-05,9.12010839356e-05,1,X3 X5,0.998933333333,0.000668961567315,0.998933333333,0.000668961567315
9.12010839356e-05,9.12010839356e-05,9.12010839356e-05,9.12010839356e-05,1,X4 Z6 Y7 Y9 Z10 X12,0.998711111111,0.00139987228025,0.998711111111,0.00139987228025
9.12010839356e-05,9.12010839356e-05,9.12010839356e-05,9.12010839356e-05,1,X5 Z7 Y8 Y10 Z11 X13,0.998533333333,0.000828607288354,0.998533333333,0.000828607288354
9.12010839356e-05,9.12010839356e-05,9.12010839356e-05,9.12010839356e-05,1,X6 X9,0.999244444444,0.000672009243992,0.999244444444,0.000672009243992
9.12010839356e-05,9.12010839356e-05,9.12010839356e-05,9.12010839356e-05,1,X7 X10,0.998644444444,0.000966620424313,0.998644444444,0.000966620424313
9.12010839356e-05,9.12010839356e-05,9.12010839356e-05,9.12010839356e-05,1,X8 X11,0.999288888889,0.000801021059765,0.999288888889,0.000801021059765
9.12010839356e-05,9.12010839356e-05,9.12010839356e-05,9.12010839356e-05,1,X9 Y12 Z14,0.999311111111,0.000866283440176,0.999311111111,0.000866283440176
9.12010839356e-05,9.12010839356e-05,9.12010839356e-05,9.12010839356e-05,1,Y0 Z1 X2,0.999288888889,0.000761795284964,0.999288888889,0.000761795284964
9.12010839356e-05,9.12010839356e-05,9.12010839356e-05,9.12010839356e-05,1,Z3 Y5 X8,0.999422222222,0.00071616974664,0.999422222222,0.00071616974664
9.12010839356e-05,9.12010839356e-05,9.12010839356e-05,9.12010839356e-05,5,Logical X,0.999333333333,0.000678063503621,0.999466666667,0.00073029674334
9.12010839356e-05,9.12010839356e-05,9.12010839356e-05,9.12010839356e-05,5,Logical Y,0.0139555555556,0.0102099543243,0.000355555555556,0.0160723778025
9.12010839356e-05,9.12010839356e-05,9.12010839356e-05,9.12010839356e-05,5,Logical Z,0.0154222222222,0.012311080681,0.00191111111111,0.021478481316
9.12010839356e-05,9.12010839356e-05,9.12010839356e-05,9.12010839356e-05,5,X0 X1,0.999088888889,0.000642870319555,0.999088888889,0.000642870319555
9.12010839356e-05,9.12010839356e-05,9.12010839356e-05,9.12010839356e-05,5,X1 Z2 Y3 Y4 Z5 X7,0.998666666667,0.00100573070594,0.998666666667,0.00100573070594
9.12010839356e-05,9.12010839356e-05,9.12010839356e-05,9.12010839356e-05,5,X10 Z12 Y13 Y14 Z15 X16,0.998755555556,0.00104655367035,0.998755555556,0.00104655367035
9.12010839356e-05,9.12010839356e-05,9.12010839356e-05,9.12010839356e-05,5,X12 X14,0.998933333333,0.000952512306213,0.998933333333,0.000952512306213
9.12010839356e-05,9.12010839356e-05,9.12010839356e-05,9.12010839356e-05,5,X13 X15,0.999111111111,0.000845693772342,0.999111111111,0.000845693772342
9.12010839356e-05,9.12010839356e-05,9.12010839356e-05,9.12010839356e-05,5,X15 Z16 Y17,0.999444444444,0.000702122307262,0.999444444444,0.000702122307262
9.12010839356e-05,9.12010839356e-05,9.12010839356e-05,9.12010839356e-05,5,X16 X17,0.999244444444,0.000599701926812,0.999244444444,0.000599701926812
9.12010839356e-05,9.12010839356e-05,9.12010839356e-05,9.12010839356e-05,5,X2 X4,0.999044444444,0.000833831268861,0.999044444444,0.000833831268861
9.12010839356e-05,9.12010839356e-05,9.12010839356e-05,9.12010839356e-05,5,X3 X5,0.998977777778,0.00103180581697,0.998977777778,0.00103180581697
9.12010839356e-05,9.12010839356e-05,9.12010839356e-05,9.12010839356e-05,5,X4 Z6 Y7 Y9 Z10 X12,0.998644444444,0.00102808579831,0.998644444444,0.00102808579831
9.12010839356e-05,9.12010839356e-05,9.12010839356e-05,9.12010839356e-05,5,X5 Z7 Y8 Y10 Z11 X13,0.998488888889,0.00114715484574,0.998488888889,0.00114715484574
9.12010839356e-05,9.12010839356e-05,9.12010839356e-05,9.12010839356e-05,5,X6 X9,0.999022222222,0.000921989076378,0.999022222222,0.000921989076378
9.12010839356e-05,9.12010839356e-05,9.12010839356e-05,9.12010839356e-05,5,X7 X10,0.998577777778,0.000954655193749,0.998577777778,0.000954655193749
9.12010839356e-05,9.12010839356e-05,9.12010839356e-05,9.12010839356e-05,5,X8 X11,0.999155555556,0.00074140455569,0.999155555556,0.00074140455569
9.12010839356e-05,9.12010839356e-05,9.12010839356e-05,9.12010839356e-05,5,X9 Y12 Z14,0.999177777778,0.000715098971439,0.999177777778,0.000715098971439
9.12010839356e-05,9.12010839356e-05,9.12010839356e-05,9.12010839356e-05,5,Y0 Z1 X2,0.999288888889,0.000720436932841,0.999288888889,0.000720436932841
9.12010839356e-05,9.12010839356e-05,9.12010839356e-05,9.12010839356e-05,5,Z3 Y5 X8,0.999311111111,0.000772780883396,0.999311111111,0.000772780883396
9.12010839356e-05,9.12010839356e-05,9.12010839356e-05,9.12010839356e-05,10,Logical X,0.9994,0.000589824313085,0.999311111111,0.000772780883396
9.12010839356e-05,9.12010839356e-05,9.12010839356e-05,9.12010839356e-05,10,Logical Y,0.0140666666667,0.0116110002011,0.00211111111111,0.0186683770426
9.12010839356e-05,9.12010839356e-05,9.12010839356e-05,9.12010839356e-05,10,Logical Z,0.00955555555556,0.00912968856436,0.00413333333333,0.0154834233446
9.12010839356e-05,9.12010839356e-05,9.12010839356e-05,9.12010839356e-05,10,X0 X1,0.999288888889,0.000838413633106,0.999288888889,0.000838413633106
9.12010839356e-05,9.12010839356e-05,9.12010839356e-05,9.12010839356e-05,10,X1 Z2 Y3 Y4 Z5 X7,0.9984,0.0010735410665,0.9984,0.0010735410665
9.12010839356e-05,9.12010839356e-05,9.12010839356e-05,9.12010839356e-05,10,X10 Z12 Y13 Y14 Z15 X16,0.998888888889,0.000948212002958,0.998888888889,0.000948212002958
9.12010839356e-05,9.12010839356e-05,9.12010839356e-05,9.12010839356e-05,10,X12 X14,0.999,0.000758098043579,0.999,0.000758098043579
9.12010839356e-05,9.12010839356e-05,9.12010839356e-05,9.12010839356e-05,10,X13 X15,0.999066666667,0.000794617911025,0.999066666667,0.000794617911025
9.12010839356e-05,9.12010839356e-05,9.12010839356e-05,9.12010839356e-05,10,X15 Z16 Y17,0.999444444444,0.00060858061945,0.999444444444,0.00060858061945
9.12010839356e-05,9.12010839356e-05,9.12010839356e-05,9.12010839356e-05,10,X16 X17,0.999133333333,0.000681445387461,0.999133333333,0.000681445387461
9.12010839356e-05,9.12010839356e-05,9.12010839356e-05,9.12010839356e-05,10,X2 X4,0.999,0.000758098043579,0.999,0.000758098043579
9.12010839356e-05,9.12010839356e-05,9.12010839356e-05,9.12010839356e-05,10,X3 X5,0.998911111111,0.000830147165706,0.998911111111,0.000830147165706
9.12010839356e-05,9.12010839356e-05,9.12010839356e-05,9.12010839356e-05,10,X4 Z6 Y7 Y9 Z10 X12,0.998044444444,0.00110634995237,0.998044444444,0.00110634995237
9.12010839356e-05,9.12010839356e-05,9.12010839356e-05,9.12010839356e-05,10,X5 Z7 Y8 Y10 Z11 X13,0.998133333333,0.001192569588,0.998133333333,0.001192569588
9.12010839356e-05,9.12010839356e-05,9.12010839356e-05,9.12010839356e-05,10,X6 X9,0.998933333333,0.000952512306213,0.998933333333,0.000952512306213
9.12010839356e-05,9.12010839356e-05,9.12010839356e-05,9.12010839356e-05,10,X7 X10,0.9986,0.000995776521729,0.9986,0.000995776521729
9.12010839356e-05,9.12010839356e-05,9.12010839356e-05,9.12010839356e-05,10,X8 X11,0.999111111111,0.000707558174007,0.999111111111,0.000707558174007
9.12010839356e-05,9.12010839356e-05,9.12010839356e-05,9.12010839356e-05,10,X9 Y12 Z14,0.999422222222,0.000599701926812,0.999422222222,0.000599701926812
9.12010839356e-05,9.12010839356e-05,9.12010839356e-05,9.12010839356e-05,10,Y0 Z1 X2,0.999444444444,0.000527651729251,0.999444444444,0.000527651729251
9.12010839356e-05,9.12010839356e-05,9.12010839356e-05,9.12010839356e-05,10,Z3 Y5 X8,0.999444444444,0.000702122307262,0.999444444444,0.000702122307262
0.000131825673856,0.000131825673856,0.000131825673856,0.000131825673856,1,Logical X,0.999155555556,0.000838413633106,0.999288888889,0.000720436932841
0.000131825673856,0.000131825673856,0.000131825673856,0.000131825673856,1,Logical Y,0.0189333333333,0.0116941875728,0.00524444444444,0.0187891982773
0.000131825673856,0.000131825673856,0.000131825673856,0.000131825673856,1,Logical Z,0.0113333333333,0.00941670481123,0.00495555555556,0.0208557779481
0.000131825673856,0.000131825673856,0.000131825673856,0.000131825673856,1,X0 X1,0.999,0.000922266074755,0.999,0.000922266074755
0.000131825673856,0.000131825673856,0.000131825673856,0.000131825673856,1,X1 Z2 Y3 Y4 Z5 X7,0.997955555556,0.00103477220302,0.997955555556,0.00103477220302
0.000131825673856,0.000131825673856,0.000131825673856,0.000131825673856,1,X10 Z12 Y13 Y14 Z15 X16,0.998133333333,0.001192569588,0.998133333333,0.001192569588
0.000131825673856,0.000131825673856,0.000131825673856,0.000131825673856,1,X12 X14,0.998777777778,0.00102210560721,0.998777777778,0.00102210560721
0.000131825673856,0.000131825673856,0.000131825673856,0.000131825673856,1,X13 X15,0.998866666667,0.000634874108859,0.998866666667,0.000634874108859
0.000131825673856,0.000131825673856,0.000131825673856,0.000131825673856,1,X15 Z16 Y17,0.999222222222,0.000679944404609,0.999222222222,0.000679944404609
0.000131825673856,0.000131825673856,0.000131825673856,0.000131825673856,1,X16 X17,0.998688888889,0.00112761686563,0.998688888889,0.00112761686563
0.000131825673856,0.000131825673856,0.000131825673856,0.000131825673856,1,X2 X4,0.998866666667,0.000745869853983,0.998866666667,0.000745869853983
0.000131825673856,0.000131825673856,0.000131825673856,0.000131825673856,1,X3 X5,0.998577777778,0.00101684408979,0.998577777778,0.00101684408979
0.000131825673856,0.000131825673856,0.000131825673856,0.000131825673856,1,X4 Z6 Y7 Y9 Z10 X12,0.997911111111,0.00118397128128,0.997911111111,0.00118397128128
0.000131825673856,0.000131825673856,0.000131825673856,0.000131825673856,1,X5 Z7 Y8 Y10 Z11 X13,0.997466666667,0.00121800037119,0.997466666667,0.00121800037119
0.000131825673856,0.000131825673856,0.000131825673856,0.000131825673856,1,X6 X9,0.998755555556,0.000970576055726,0.998755555556,0.000970576055726
0.000131825673856,0.000131825673856,0.000131825673856,0.000131825673856,1,X7 X10,0.998111111111,0.00121400932708,0.998111111111,0.00121400932708
0.000131825673856,0.000131825673856,0.000131825673856,0.000131825673856,1,X8 X11,0.999066666667,0.000813676204345,0.999066666667,0.000813676204345
0.000131825673856,0.000131825673856,0.000131825673856,0.000131825673856,1,X9 Y12 Z14,0.999066666667,0.000691491807284,0.999066666667,0.000691491807284
0.000131825673856,0.000131825673856,0.000131825673856,0.000131825673856,1,Y0 Z1 X2,0.999177777778,0.000887259042173,0.999177777778,0.000887259042173
0.000131825673856,0.000131825673856,0.000131825673856,0.000131825673856,1,Z3 Y5 X8,0.999244444444,0.000834749754106,0.999244444444,0.000834749754106
0.000131825673856,0.000131825673856,0.000131825673856,0.000131825673856,5,Logical X,0.999444444444,0.000582854209365,0.9992,0.000790751134253
0.000131825673856,0.000131825673856,0.000131825673856,0.000131825673856,5,Logical Y,0.0148,0.010085306637,0.00515555555556,0.0220712419005
0.000131825673856,0.000131825673856,0.000131825673856,0.000131825673856,5,Logical Z,0.0144666666667,0.0130758471151,0.00233333333333,0.0225899648829
0.000131825673856,0.000131825673856,0.000131825673856,0.000131825673856,5,X0 X1,0.998844444444,0.000989342958303,0.998844444444,0.000989342958303
0.000131825673856,0.000131825673856,0.000131825673856,0.000131825673856,5,X1 Z2 Y3 Y4 Z5 X7,0.997955555556,0.00119940385362,0.997955555556,0.00119940385362
0.000131825673856,0.000131825673856,0.000131825673856,0.000131825673856,5,X10 Z12 Y13 Y14 Z15 X16,0.997844444444,0.00101609022035,0.997844444444,0.00101609022035
0.000131825673856,0.000131825673856,0.000131825673856,0.000131825673856,5,X12 X14,0.998466666667,0.000961320930301,0.998466666667,0.000961320930301
0.000131825673856,0.000131825673856,0.000131825673856,0.000131825673856,5,X13 X15,0.9986,0.00106996616124,0.9986,0.00106996616124
0.000131825673856,0.000131825673856,0.000131825673856,0.000131825673856,5,X15 Z16 Y17,0.999244444444,0.000648802807495,0.999244444444,0.000648802807495
0.000131825673856,0.000131825673856,0.000131825673856,0.000131825673856,5,X16 X17,0.998888888889,0.000728896364787,0.998888888889,0.000728896364787
0.000131825673856,0.000131825673856,0.000131825673856,0.000131825673856,5,X2 X4,0.998533333333,0.000981046434823,0.998533333333,0.000981046434823
0.000131825673856,0.000131825673856,0.000131825673856,0.000131825673856,5,X3 X5,0.998666666667,0.000990375136944,0.998666666667,0.000990375136944
0.000131825673856,0.000131825673856,0.000131825673856,0.000131825673856,5,X4 Z6 Y7 Y9 Z10 X12,0.998022222222,0.00130408533831,0.998022222222,0.00130408533831
0.000131825673856,0.000131825673856,0.000131825673856,0.000131825673856,5,X5 Z7 Y8 Y10 Z11 X13,0.997688888889,0.00118397128128,0.997688888889,0.00118397128128
0.000131825673856,0.000131825673856,0.000131825673856,0.000131825673856,5,X6 X9,0.999022222222,0.000888122274784,0.999022222222,0.000888122274784
0.000131825673856,0.000131825673856,0.000131825673856,0.000131825673856,5,X7 X10,0.997955555556,0.00143233949328,0.997955555556,0.00143233949328
0.000131825673856,0.000131825673856,0.000131825673856,0.000131825673856,5,X8 X11,0.9988,0.00084690104458,0.9988,0.00084690104458
0.000131825673856,0.000131825673856,0.000131825673856,0.000131825673856,5,X9 Y12 Z14,0.999066666667,0.000794617911025,0.999066666667,0.000794617911025
0.000131825673856,0.000131825673856,0.000131825673856,0.000131825673856,5,Y0 Z1 X2,0.999288888889,0.000629622117001,0.999288888889,0.000629622117001
0.000131825673856,0.000131825673856,0.000131825673856,0.000131825673856,5,Z3 Y5 X8,0.999044444444,0.000693336280571,0.999044444444,0.000693336280571
0.000131825673856,0.000131825673856,0.000131825673856,0.000131825673856,10,Logical X,0.9992,0.000709000699814,0.999333333333,0.000525225731439
0.000131825673856,0.000131825673856,0.000131825673856,0.000131825673856,10,Logical Y,0.0165111111111,0.0113794643745,-0.00288888888889,0.016893022281
0.000131825673856,0.000131825673856,0.000131825673856,0.000131825673856,10,Logical Z,0.0146444444444,0.0100183484286,0.000911111111111,0.0175900383976
0.000131825673856,0.000131825673856,0.000131825673856,0.000131825673856,10,X0 X1,0.998555555556,0.00108041900958,0.998555555556,0.00108041900958
0.000131825673856,0.000131825673856,0.000131825673856,0.000131825673856,10,X1 Z2 Y3 Y4 Z5 X7,0.997777777778,0.00122968809967,0.997777777778,0.00122968809967
0.000131825673856,0.000131825673856,0.000131825673856,0.000131825673856,10,X10 Z12 Y13 Y14 Z15 X16,0.998133333333,0.001192569588,0.998133333333,0.001192569588
0.000131825673856,0.000131825673856,0.000131825673856,0.000131825673856,10,X12 X14,0.998577777778,0.000777723041314,0.998577777778,0.000777723041314
0.000131825673856,0.000131825673856,0.000131825673856,0.000131825673856,10,X13 X15,0.9986,0.0009645041209,0.9986,0.0009645041209
0.000131825673856,0.000131825673856,0.000131825673856,0.000131825673856,10,X15 Z16 Y17,0.9994,0.000589824313085,0.9994,0.000589824313085
0.000131825673856,0.000131825673856,0.000131825673856,0.000131825673856,10,X16 X17,0.998777777778,0.000927788675459,0.998777777778,0.000927788675459
0.000131825673856,0.000131825673856,0.000131825673856,0.000131825673856,10,X2 X4,0.998577777778,0.00100165890499,0.998577777778,0.00100165890499
0.000131825673856,0.000131825673856,0.000131825673856,0.000131825673856,10,X3 X5,0.998822222222,0.000887259042173,0.998822222222,0.000887259042173
0.000131825673856,0.000131825673856,0.000131825673856,0.000131825673856,10,X4 Z6 Y7 Y9 Z10 X12,0.9978,0.00112307732681,0.9978,0.00112307732681
0.000131825673856,0.000131825673856,0.000131825673856,0.000131825673856,10,X5 Z7 Y8 Y10 Z11 X13,0.997355555556,0.00124393804694,0.997355555556,0.00124393804694
0.000131825673856,0.000131825673856,0.000131825673856,0.000131825673856,10,X6 X9,0.998888888889,0.000898416373162,0.998888888889,0.000898416373162
0.000131825673856,0.000131825673856,0.000131825673856,0.000131825673856,10,X7 X10,0.998466666667,0.000977133190528,0.998466666667,0.000977133190528
0.000131825673856,0.000131825673856,0.000131825673856,0.000131825673856,10,X8 X11,0.998511111111,0.00113033183794,0.998511111111,0.00113033183794
0.000131825673856,0.000131825673856,0.000131825673856,0.000131825673856,10,X9 Y12 Z14,0.999066666667,0.000775091145302,0.999066666667,0.000775091145302
0.000131825673856,0.000131825673856,0.000131825673856,0.000131825673856,10,Y0 Z1 X2,0.999044444444,0.000887259042173,0.999044444444,0.000887259042173
0.000131825673856,0.000131825673856,0.000131825673856,0.000131825673856,10,Z3 Y5 X8,0.999177777778,0.000623507157111,0.999177777778,0.000623507157111
0.000190546071796,0.000190546071796,0.000190546071796,0.000190546071796,1,Logical X,0.998955555556,0.000937647391564,0.998755555556,0.000816183687036
0.000190546071796,0.000190546071796,0.000190546071796,0.000190546071796,1,Logical Y,0.0154222222222,0.0110112910819,0.00624444444444,0.0174245903074
0.000190546071796,0.000190546071796,0.000190546071796,0.000190546071796,1,Logical Z,0.0146666666667,0.010421022078,-0.00193333333333,0.0136405413315
0.000190546071796,0.000190546071796,0.000190546071796,0.000190546071796,1,X0 X1,0.998555555556,0.000841151069267,0.998555555556,0.000841151069267
0.000190546071796,0.000190546071796,0.000190546071796,0.000190546071796,1,X1 Z2 Y3 Y4 Z5 X7,0.996777777778,0.00116241700015,0.996777777778,0.00116241700015
0.000190546071796,0.000190546071796,0.000190546071796,0.000190546071796,1,X10 Z12 Y13 Y14 Z15 X16,0.997311111111,0.00132738135123,0.997311111111,0.00132738135123
0.000190546071796,0.000190546071796,0.000190546071796,0.000190546071796,1,X12 X14,0.997755555556,0.00131578490286,0.997755555556,0.00131578490286
0.000190546071796,0.000190546071796,0.000190546071796,0.000190546071796,1,X13 X15,0.998377777778,0.00113033183794,0.998377777778,0.00113033183794
0.000190546071796,0.000190546071796,0.000190546071796,0.000190546071796,1,X15 Z16 Y17,0.998555555556,0.00106613971658,0.998555555556,0.00106613971658
0.000190546071796,0.000190546071796,0.000190546071796,0.000190546071796,1,X16 X17,0.998555555556,0.000822729469712,0.998555555556,0.000822729469712
0.000190546071796,0.000190546071796,0.000190546071796,0.000190546071796,1,X2 X4,0.997822222222,0.00106398129407,0.997822222222,0.00106398129407
0.000190546071796,0.000190546071796,0.000190546071796,0.000190546071796,1,X3 X5,0.997577777778,0.00115447931019,0.997577777778,0.00115447931019
0.000190546071796,0.000190546071796,0.000190546071796,0.000190546071796,1,X4 Z6 Y7 Y9 Z10 X12,0.996955555556,0.00154308079494,0.996955555556,0.00154308079494
0.000190546071796,0.000190546071796,0.000190546071796,0.000190546071796,1,X5 Z7 Y8 Y10 Z11 X13,0.996622222222,0.00137780249638,0.996622222222,0.00137780249638
0.000190546071796,0.000190546071796,0.000190546071796,0.000190546071796,1,X6 X9,0.998155555556,0.00100089359819,0.998155555556,0.00100089359819
0.000190546071796,0.000190546071796,0.000190546071796,0.000190546071796,1,X7 X10,0.9972,0.00137185725831,0.9972,0.00137185725831
0.000190546071796,0.000190546071796,0.000190546071796,0.000190546071796,1,X8 X11,0.997955555556,0.000957860536379,0.997955555556,0.000957860536379
0.000190546071796,0.000190546071796,0.000190546071796,0.000190546071796,1,X9 Y12 Z14,0.998733333333,0.00101105005921,0.998733333333,0.00101105005921
0.000190546071796,0.000190546071796,0.000190546071796,0.000190546071796,1,Y0 Z1 X2,0.999022222222,0.000797185342306,0.999022222222,0.000797185342306
0.000190546071796,0.000190546071796,0.000190546071796,0.000190546071796,1,Z3 Y5 X8,0.998933333333,0.000850512579278,0.998933333333,0.000850512579278
0.000190546071796,0.000190546071796,0.000190546071796,0.000190546071796,5,Logical X,0.998711111111,0.000801021059765,0.998933333333,0.000952512306213
0.000190546071796,0.000190546071796,0.000190546071796,0.000190546071796,5,Logical Y,0.0141777777778,0.0104576259855,0.00884444444444,0.0203704641818
0.000190546071796,0.000190546071796,0.000190546071796,0.000190546071796,5,Logical Z,0.0156444444444,0.0104323889012,0.000822222222222,0.0160370101964
0.000190546071796,0.000190546071796,0.000190546071796,0.000190546071796,5,X0 X1,0.998444444444,0.00113911080914,0.998444444444,0.00113911080914
0.000190546071796,0.000190546071796,0.000190546071796,0.000190546071796,5,X1 Z2 Y3 Y4 Z5 X7,0.996844444444,0.00137780249638,0.996844444444,0.00137780249638
0.000190546071796,0.000190546071796,0.000190546071796,0.000190546071796,5,X10 Z12 Y13 Y14 Z15 X16,0.9974,0.00119192686654,0.9974,0.00119192686654
0.000190546071796,0.000190546071796,0.000190546071796,0.000190546071796,5,X12 X14,0.997733333333,0.0012817612404,0.997733333333,0.0012817612404
0.000190546071796,0.000190546071796,0.000190546071796,0.000190546071796,5,X13 X15,0.998244444444,0.00090097152048,0.998244444444,0.00090097152048
0.000190546071796,0.000190546071796,0.000190546071796,0.000190546071796,5,X15 Z16 Y17,0.998977777778,0.000888122274784,0.998977777778,0.000888122274784
0.000190546071796,0.000190546071796,0.000190546071796,0.000190546071796,5,X16 X17,0.998822222222,0.0011438100388,0.998822222222,0.0011438100388
0.000190546071796,0.000190546071796,0.000190546071796,0.000190546071796,5,X2 X4,0.998133333333,0.0011127956579,0.998133333333,0.0011127956579
0.000190546071796,0.000190546071796,0.000190546071796,0.000190546071796,5,X3 X5,0.997933333333,0.00115270795616,0.997933333333,0.00115270795616
0.000190546071796,0.000190546071796,0.000190546071796,0.000190546071796,5,X4 Z6 Y7 Y9 Z10 X12,0.996933333333,0.00116920905249,0.996933333333,0.00116920905249
0.000190546071796,0.000190546071796,0.000190546071796,0.000190546071796,5,X5 Z7 Y8 Y10 Z11 X13,0.996533333333,0.00181437427864,0.996533333333,0.00181437427864
0.000190546071796,0.000190546071796,0.000190546071796,0.000190546071796,5,X6 X9,0.997844444444,0.00101609022035,0.997844444444,0.00101609022035
0.000190546071796,0.000190546071796,0.000190546071796,0.000190546071796,5,X7 X10,0.997222222222,0.00132275497172,0.997222222222,0.00132275497172
0.000190546071796,0.000190546071796,0.000190546071796,0.000190546071796,5,X8 X11,0.998022222222,0.00116767881656,0.998022222222,0.00116767881656
0.000190546071796,0.000190546071796,0.000190546071796,0.000190546071796,5,X9 Y12 Z14,0.998711111111,0.000801021059765,0.998711111111,0.000801021059765
0.000190546071796,0.000190546071796,0.000190546071796,0.000190546071796,5,Y0 Z1 X2,0.998533333333,0.000828607288354,0.998533333333,0.000828607288354
0.000190546071796,0.000190546071796,0.000190546071796,0.000190546071796,5,Z3 Y5 X8,0.9988,0.000828607288354,0.9988,0.000828607288354
0.000190546071796,0.000190546071796,0.000190546071796,0.000190546071796,10,Logical X,0.999022222222,0.00071616974664,0.998666666667,0.00105045146288
0.000190546071796,0.000190546071796,0.000190546071796,0.000190546071796,10,Logical Y,0.0194888888889,0.0164017411779,0.0032,0.0186143766793
0.000190546071796,0.000190546071796,0.000190546071796,0.000190546071796,10,Logical Z,0.0154888888889,0.0075499528472,0.00131111111111,0.0225184357564
0.000190546071796,0.000190546071796,0.000190546071796,0.000190546071796,10,X0 X1,0.998488888889,0.00118655731555,0.998488888889,0.00118655731555
0.000190546071796,0.000190546071796,0.000190546071796,0.000190546071796,10,X1 Z2 Y3 Y4 Z5 X7,0.996955555556,0.00113033183794,0.996955555556,0.00113033183794
0.000190546071796,0.000190546071796,0.000190546071796,0.000190546071796,10,X10 Z12 Y13 Y14 Z15 X16,0.997444444444,0.00123900013246,0.997444444444,0.00123900013246
0.000190546071796,0.000190546071796,0.000190546071796,0.000190546071796,10,X12 X14,0.9974,0.00141529683604,0.9974,0.00141529683604
0.000190546071796,0.000190546071796,0.000190546071796,0.000190546071796,10,X13 X15,0.998066666667,0.00125457018941,0.998066666667,0.00125457018941
0.000190546071796,0.000190546071796,0.000190546071796,0.000190546071796,10,X15 Z16 Y17,0.998933333333,0.000775091145302,0.998933333333,0.000775091145302
0.000190546071796,0.000190546071796,0.000190546071796,0.000190546071796,10,X16 X17,0.998622222222,0.000874208271621,0.998622222222,0.000874208271621
0.000190546071796,0.000190546071796,0.000190546071796,0.000190546071796,10,X2 X4,0.997822222222,0.00135537339395,0.997822222222,0.00135537339395
0.000190546071796,0.000190546071796,0.000190546071796,0.000190546071796,10,X3 X5,0.997711111111,0.00127075364049,0.997711111111,0.00127075364049
0.000190546071796,0.000190546071796,0.000190546071796,0.000190546071796,10,X4 Z6 Y7 Y9 Z10 X12,0.997133333333,0.00139126998958,0.997133333333,0.00139126998958
0.000190546071796,0.000190546071796,0.000190546071796,0.000190546071796,10,X5 Z7 Y8 Y10 Z11 X13,0.9964,0.00170282613858,0.9964,0.00170282613858
0.000190546071796,0.000190546071796,0.000190546071796,0.000190546071796,10,X6 X9,0.997955555556,0.0011735701607,0.997955555556,0.0011735701607
0.000190546071796,0.000190546071796,0.000190546071796,0.000190546071796,10,X7 X10,0.997155555556,0.00154556176679,0.997155555556,0.00154556176679
0.000190546071796,0.000190546071796,0.000190546071796,0.000190546071796,10,X8 X11,0.998333333333,0.000778051402334,0.998333333333,0.000778051402334
0.000190546071796,0.000190546071796,0.000190546071796,0.000190546071796,10,X9 Y12 Z14,0.998355555556,0.000954655193749,0.998355555556,0.000954655193749
0.000190546071796,0.000190546071796,0.000190546071796,0.000190546071796,10,Y0 Z1 X2,0.998422222222,0.00112761686563,0.998422222222,0.00112761686563
0.000190546071796,0.000190546071796,0.000190546071796,0.000190546071796,10,Z3 Y5 X8,0.999,0.000938736413292,0.999,0.000938736413292
0.000275422870334,0.000275422870334,0.000275422870334,0.000275422870334,1,Logical X,0.998755555556,0.000888122274784,0.998577777778,0.000986239940859
0.000275422870334,0.000275422870334,0.000275422870334,0.000275422870334,1,Logical Y,0.0153777777778,0.0123150636144,0.0038,0.0234202977101
0.000275422870334,0.000275422870334,0.000275422870334,0.000275422870334,1,Logical Z,0.0116,0.00792222732719,-0.00246666666667,0.0163956353411
0.000275422870334,0.000275422870334,0.000275422870334,0.000275422870334,1,X0 X1,0.997577777778,0.00131578490286,0.997577777778,0.00131578490286
0.000275422870334,0.000275422870334,0.000275422870334,0.000275422870334,1,X1 Z2 Y3 Y4 Z5 X7,0.994977777778,0.00171299592664,0.994977777778,0.00171299592664
0.000275422870334,0.000275422870334,0.000275422870334,0.000275422870334,1,X10 Z12 Y13 Y14 Z15 X16,0.995888888889,0.001605386845,0.995888888889,0.001605386845
0.000275422870334,0.000275422870334,0.000275422870334,0.000275422870334,1,X12 X14,0.997066666667,0.00152224879021,0.997066666667,0.00152224879021
0.000275422870334,0.000275422870334,0.000275422870334,0.000275422870334,1,X13 X15,0.997377777778,0.00123714333328,0.997377777778,0.00123714333328
0.000275422870334,0.000275422870334,0.000275422870334,0.000275422870334,1,X15 Z16 Y17,0.998311111111,0.00106109656767,0.998311111111,0.00106109656767
0.000275422870334,0.000275422870334,0.000275422870334,0.000275422870334,1,X16 X17,0.997377777778,0.00130936307915,0.997377777778,0.00130936307915
0.000275422870334,0.000275422870334,0.000275422870334,0.000275422870334,1,X2 X4,0.997488888889,0.00119620515332,0.997488888889,0.00119620515332
0.000275422870334,0.000275422870334,0.000275422870334,0.000275422870334,1,X3 X5,0.9972,0.00104166091952,0.9972,0.00104166091952
0.000275422870334,0.000275422870334,0.000275422870334,0.000275422870334,1,X4 Z6 Y7 Y9 Z10 X12,0.995533333333,0.0019663841605,0.995533333333,0.0019663841605
0.000275422870334,0.000275422870334,0.000275422870334,0.000275422870334,1,X5 Z7 Y8 Y10 Z11 X13,0.995777777778,0.00157891599978,0.995777777778,0.00157891599978
0.000275422870334,0.000275422870334,0.000275422870334,0.000275422870334,1,X6 X9,0.997355555556,0.00145936881684,0.997355555556,0.00145936881684
0.000275422870334,0.000275422870334,0.000275422870334,0.000275422870334,1,X7 X10,0.996088888889,0.00130702004761,0.996088888889,0.00130702004761
0.000275422870334,0.000275422870334,0.000275422870334,0.000275422870334,1,X8 X11,0.997133333333,0.00128832065688,0.997133333333,0.00128832065688
0.000275422870334,0.000275422870334,0.000275422870334,0.000275422870334,1,X9 Y12 Z14,0.997755555556,0.00111394275197,0.997755555556,0.00111394275197
0.000275422870334,0.000275422870334,0.000275422870334,0.000275422870334,1,Y0 Z1 X2,0.998288888889,0.000969786220205,0.998288888889,0.000969786220205
0.000275422870334,0.000275422870334,0.000275422870334,0.000275422870334,1,Z3 Y5 X8,0.998666666667,0.000958926602971,0.998666666667,0.000958926602971
0.000275422870334,0.000275422870334,0.000275422870334,0.000275422870334,5,Logical X,0.998311111111,0.00113100956269,0.998266666667,0.000902953858455
0.000275422870334,0.000275422870334,0.000275422870334,0.000275422870334,5,Logical Y,0.0126666666667,0.00819868226025,0.00466666666667,0.0213921602713
0.000275422870334,0.000275422870334,0.000275422870334,0.000275422870334,5,Logical Z,0.0167777777778,0.0111487103298,0.00188888888889,0.0201838927727
0.000275422870334,0.000275422870334,0.000275422870334,0.000275422870334,5,X0 X1,0.997933333333,0.00119192686654,0.997933333333,0.00119192686654
0.000275422870334,0.000275422870334,0.000275422870334,0.000275422870334,5,X1 Z2 Y3 Y4 Z5 X7,0.995088888889,0.00176368938746,0.995088888889,0.00176368938746
0.000275422870334,0.000275422870334,0.000275422870334,0.000275422870334,5,X10 Z12 Y13 Y14 Z15 X16,0.996155555556,0.001703575985,0.996155555556,0.001703575985
0.000275422870334,0.000275422870334,0.000275422870334,0.000275422870334,5,X12 X14,0.996533333333,0.00169199150383,0.996533333333,0.00169199150383
0.000275422870334,0.000275422870334,0.000275422870334,0.000275422870334,5,X13 X15,0.996933333333,0.00145006275462,0.996933333333,0.00145006275462
0.000275422870334,0.000275422870334,0.000275422870334,0.000275422870334,5,X15 Z16 Y17,0.998666666667,0.00083963137323,0.998666666667,0.00083963137323
0.000275422870334,0.000275422870334,0.000275422870334,0.000275422870334,5,X16 X17,0.997955555556,0.000908593849948,0.997955555556,0.000908593849948
0.000275422870334,0.000275422870334,0.000275422870334,0.000275422870334,5,X2 X4,0.997622222222,0.00108889670808,0.997622222222,0.00108889670808
0.000275422870334,0.000275422870334,0.000275422870334,0.000275422870334,5,X3 X5,0.996755555556,0.00101684408979,0.996755555556,0.00101684408979
0.000275422870334,0.000275422870334,0.000275422870334,0.000275422870334,5,X4 Z6 Y7 Y9 Z10 X12,0.995333333333,0.00196521473776,0.995333333333,0.00196521473776
0.000275422870334,0.000275422870334,0.000275422870334,0.000275422870334,5,X5 Z7 Y8 Y10 Z11 X13,0.9948,0.00222421366707,0.9948,0.00222421366707
0.000275422870334,0.000275422870334,0.000275422870334,0.000275422870334,5,X6 X9,0.997177777778,0.00131811235439,0.997177777778,0.00131811235439
0.000275422870334,0.000275422870334,0.000275422870334,0.000275422870334,5,X7 X10,0.996177777778,0.00123714333328,0.996177777778,0.00123714333328
0.000275422870334,0.000275422870334,0.000275422870334,0.000275422870334,5,X8 X11,0.997644444444,0.00107544282364,0.997644444444,0.00107544282364
0.000275422870334,0.000275422870334,0.000275422870334,0.000275422870334,5,X9 Y12 Z14,0.9978,0.00118935250745,0.9978,0.00118935250745
0.000275422870334,0.000275422870334,0.000275422870334,0.000275422870334,5,Y0 Z1 X2,0.998311111111,0.00111737696858,0.998311111111,0.00111737696858
0.000275422870334,0.000275422870334,0.000275422870334,0.000275422870334,5,Z3 Y5 X8,0.998488888889,0.000989342958303,0.998488888889,0.000989342958303
0.000275422870334,0.000275422870334,0.000275422870334,0.000275422870334,10,Logical X,0.998911111111,0.00068890124819,0.9984,0.00101483252681
0.000275422870334,0.000275422870334,0.000275422870334,0.000275422870334,10,Logical Y,0.0166222222222,0.0111099462991,-0.000688888888889,0.0187898100152
0.000275422870334,0.000275422870334,0.000275422870334,0.000275422870334,10,Logical Z,0.0111555555556,0.0097696587678,0.00128888888889,0.016597034618
0.000275422870334,0.000275422870334,0.000275422870334,0.000275422870334,10,X0 X1,0.997755555556,0.00121904847427,0.997755555556,0.00121904847427
0.000275422870334,0.000275422870334,0.000275422870334,0.000275422870334,10,X1 Z2 Y3 Y4 Z5 X7,0.995088888889,0.00181507804279,0.995088888889,0.00181507804279
0.000275422870334,0.000275422870334,0.000275422870334,0.000275422870334,10,X10 Z12 Y13 Y14 Z15 X16,0.996688888889,0.00138390677308,0.996688888889,0.00138390677308
0.000275422870334,0.000275422870334,0.000275422870334,0.000275422870334,10,X12 X14,0.996955555556,0.00135254360439,0.996955555556,0.00135254360439
0.000275422870334,0.000275422870334,0.000275422870334,0.000275422870334,10,X13 X15,0.997555555556,0.00143661301693,0.997555555556,0.00143661301693
0.000275422870334,0.000275422870334,0.000275422870334,0.000275422870334,10,X15 Z16 Y17,0.998466666667,0.00105263762854,0.998466666667,0.00105263762854
0.000275422870334,0.000275422870334,0.000275422870334,0.000275422870334,10,X16 X17,0.997688888889,0.00129524131491,0.997688888889,0.00129524131491
0.000275422870334,0.000275422870334,0.000275422870334,0.000275422870334,10,X2 X4,0.997088888889,0.00153111617147,0.997088888889,0.00153111617147
0.000275422870334,0.000275422870334,0.000275422870334,0.000275422870334,10,X3 X5,0.997044444444,0.00139713262283,0.997044444444,0.00139713262283
0.000275422870334,0.000275422870334,0.000275422870334,0.000275422870334,10,X4 Z6 Y7 Y9 Z10 X12,0.995933333333,0.00178842596519,0.995933333333,0.00178842596519
0.000275422870334,0.000275422870334,0.000275422870334,0.000275422870334,10,X5 Z7 Y8 Y10 Z11 X13,0.9954,0.00174505321637,0.9954,0.00174505321637
0.000275422870334,0.000275422870334,0.000275422870334,0.000275422870334,10,X6 X9,0.997244444444,0.000888122274784,0.997244444444,0.000888122274784
0.000275422870334,0.000275422870334,0.000275422870334,0.000275422870334,10,X7 X10,0.996066666667,0.00148916907068,0.996066666667,0.00148916907068
0.000275422870334,0.000275422870334,0.000275422870334,0.000275422870334,10,X8 X11,0.997311111111,0.00125619791658,0.997311111111,0.00125619791658
0.000275422870334,0.000275422870334,0.000275422870334,0.000275422870334,10,X9 Y12 Z14,0.997888888889,0.00112216721537,0.997888888889,0.00112216721537
0.000275422870334,0.000275422870334,0.000275422870334,0.000275422870334,10,Y0 Z1 X2,0.998177777778,0.00136663395905,0.998177777778,0.00136663395905
0.000275422870334,0.000275422870334,0.000275422870334,0.000275422870334,10,Z3 Y5 X8,0.998533333333,0.000864807909484,0.998533333333,0.000864807909484
0.000398107170553,0.000398107170553,0.000398107170553,0.000398107170553,1,Logical X,0.997377777778,0.00130936307915,0.997644444444,0.000986239940859
0.000398107170553,0.000398107170553,0.000398107170553,0.000398107170553,1,Logical Y,0.0127333333333,0.00988415660156,0.000266666666667,0.0240991565964
0.000398107170553,0.000398107170553,0.000398107170553,0.000398107170553,1,Logical Z,0.0148666666667,0.012923767051,-0.00184444444444,0.0225369400183
0.000398107170553,0.000398107170553,0.000398107170553,0.000398107170553,1,X0 X1,0.996288888889,0.00128275724742,0.996288888889,0.00128275724742
0.000398107170553,0.000398107170553,0.000398107170553,0.000398107170553,1,X1 Z2 Y3 Y4 Z5 X7,0.992977777778,0.00234060170627,0.992977777778,0.00234060170627
0.000398107170553,0.000398107170553,0.000398107170553,0.000398107170553,1,X10 Z12 Y13 Y14 Z15 X16,0.994022222222,0.00228594461529,0.994022222222,0.00228594461529
0.000398107170553,0.000398107170553,0.000398107170553,0.000398107170553,1,X12 X14,0.995266666667,0.00207410600231,0.995266666667,0.00207410600231
0.000398107170553,0.000398107170553,0.000398107170553,0.000398107170553,1,X13 X15,0.996422222222,0.0014698328764,0.996422222222,0.0014698328764
0.000398107170553,0.000398107170553,0.000398107170553,0.000398107170553,1,X15 Z16 Y17,0.997466666667,0.00142662154833,0.997466666667,0.00142662154833
0.000398107170553,0.000398107170553,0.000398107170553,0.000398107170553,1,X16 X17,0.996511111111,0.00108889670808,0.996511111111,0.00108889670808
0.000398107170553,0.000398107170553,0.000398107170553,0.000398107170553,1,X2 X4,0.996044444444,0.00176759536062,0.996044444444,0.00176759536062
0.000398107170553,0.000398107170553,0.000398107170553,0.000398107170553,1,X3 X5,0.995688888889,0.00196313404397,0.995688888889,0.00196313404397
0.000398107170553,0.000398107170553,0.000398107170553,0.000398107170553,1,X4 Z6 Y7 Y9 Z10 X12,0.993822222222,0.00204870454037,0.993822222222,0.00204870454037
0.000398107170553,0.000398107170553,0.000398107170553,0.000398107170553,1,X5 Z7 Y8 Y10 Z11 X13,0.993311111111,0.00194548959322,0.993311111111,0.00194548959322
0.000398107170553,0.000398107170553,0.000398107170553,0.000398107170553,1,X6 X9,0.9958,0.00159645200486,0.9958,0.00159645200486
0.000398107170553,0.000398107170553,0.000398107170553,0.000398107170553,1,X7 X10,0.9946,0.00164561416408,0.9946,0.00164561416408
0.000398107170553,0.000398107170553,0.000398107170553,0.000398107170553,1,X8 X11,0.995688888889,0.00137557604327,0.995688888889,0.00137557604327
0.000398107170553,0.000398107170553,0.000398107170553,0.000398107170553,1,X9 Y12 Z14,0.997488888889,0.00120894917587,0.997488888889,0.00120894917587
0.000398107170553,0.000398107170553,0.000398107170553,0.000398107170553,1,Y0 Z1 X2,0.997822222222,0.00121211424589,0.997822222222,0.00121211424589
0.000398107170553,0.000398107170553,0.000398107170553,0.000398107170553,1,Z3 Y5 X8,0.997555555556,0.00106972740945,0.997555555556,0.00106972740945
0.000398107170553,0.000398107170553,0.000398107170553,0.000398107170553,5,Logical X,0.997777777778,0.00113911080914,0.997444444444,0.00128752735591
0.000398107170553,0.000398107170553,0.000398107170553,0.000398107170553,5,Logical Y,0.0173111111111,0.0128134069314,-4.44444444444e-05,0.0187411758717
0.000398107170553,0.000398107170553,0.000398107170553,0.000398107170553,5,Logical Z,0.0137555555556,0.00885556012249,0.001,0.0205008176643
0.000398107170553,0.000398107170553,0.000398107170553,0.000398107170553,5,X0 X1,0.996533333333,0.00149993614168,0.996533333333,0.00149993614168
0.000398107170553,0.000398107170553,0.000398107170553,0.000398107170553,5,X1 Z2 Y3 Y4 Z5 X7,0.993422222222,0.00219182272218,0.993422222222,0.00219182272218
0.000398107170553,0.000398107170553,0.000398107170553,0.000398107170553,5,X10 Z12 Y13 Y14 Z15 X16,0.994488888889,0.00214374852226,0.994488888889,0.00214374852226
0.000398107170553,0.000398107170553,0.000398107170553,0.000398107170553,5,X12 X14,0.9958,0.00184577803425,0.9958,0.00184577803425
0.000398107170553,0.000398107170553,0.000398107170553,0.000398107170553,5,X13 X15,0.996066666667,0.00180548334663,0.996066666667,0.00180548334663
0.000398107170553,0.000398107170553,0.000398107170553,0.000398107170553,5,X15 Z16 Y17,0.997755555556,0.00120641114121,0.997755555556,0.00120641114121
0.000398107170553,0.000398107170553,0.000398107170553,0.000398107170553,5,X16 X17,0.996333333333,0.0015437427773,0.996333333333,0.0015437427773
0.000398107170553,0.000398107170553,0.000398107170553,0.000398107170553,5,X2 X4,0.995755555556,0.00151096460863,0.995755555556,0.00151096460863
0.000398107170553,0.000398107170553,0.000398107170553,0.000398107170553,5,X3 X5,0.995244444444,0.00184231516295,0.995244444444,0.00184231516295
0.000398107170553,0.000398107170553,0.000398107170553,0.000398107170553,5,X4 Z6 Y7 Y9 Z10 X12,0.993577777778,0.00208980985649,0.993577777778,0.00208980985649
0.000398107170553,0.000398107170553,0.000398107170553,0.000398107170553,5,X5 Z7 Y8 Y10 Z11 X13,0.992955555556,0.00227384484307,0.992955555556,0.00227384484307
0.000398107170553,0.000398107170553,0.000398107170553,0.000398107170553,5,X6 X9,0.996111111111,0.00163377505951,0.996111111111,0.00163377505951
0.000398107170553,0.000398107170553,0.000398107170553,0.000398107170553,5,X7 X10,0.993844444444,0.00178270390296,0.993844444444,0.00178270390296
0.000398107170553,0.000398107170553,0.000398107170553,0.000398107170553,5,X8 X11,0.9958,0.00136906154059,0.9958,0.00136906154059
0.000398107170553,0.000398107170553,0.000398107170553,0.000398107170553,5,X9 Y12 Z14,0.996888888889,0.0013023213384,0.996888888889,0.0013023213384
0.000398107170553,0.000398107170553,0.000398107170553,0.000398107170553,5,Y0 Z1 X2,0.997311111111,0.00133887736279,0.997311111111,0.00133887736279
0.000398107170553,0.000398107170553,0.000398107170553,0.000398107170553,5,Z3 Y5 X8,0.997311111111,0.0014698328764,0.997311111111,0.0014698328764
0.000398107170553,0.000398107170553,0.000398107170553,0.000398107170553,10,Logical X,0.997511111111,0.00114715484574,0.997466666667,0.00139402116883
0.000398107170553,0.000398107170553,0.000398107170553,0.000398107170553,10,Logical Y,0.0134222222222,0.0116746879924,-0.000711111111111,0.0184751533122
0.000398107170553,0.000398107170553,0.000398107170553,0.000398107170553,10,Logical Z,0.0144444444444,0.0118836419116,-0.00168888888889,0.0214105880874
0.000398107170553,0.000398107170553,0.000398107170553,0.000398107170553,10,X0 X1,0.996555555556,0.00122656837854,0.996555555556,0.00122656837854
0.000398107170553,0.000398107170553,0.000398107170553,0.000398107170553,10,X1 Z2 Y3 Y4 Z5 X7,0.993333333333,0.0023618941681,0.993333333333,0.0023618941681
0.000398107170553,0.000398107170553,0.000398107170553,0.000398107170553,10,X10 Z12 Y13 Y14 Z15 X16,0.994088888889,0.00198641619445,0.994088888889,0.00198641619445
0.000398107170553,0.000398107170553,0.000398107170553,0.000398107170553,10,X12 X14,0.995155555556,0.00194115211145,0.995155555556,0.00194115211145
0.000398107170553,0.000398107170553,0.000398107170553,0.000398107170553,10,X13 X15,0.996066666667,0.00158875357782,0.996066666667,0.00158875357782
0.000398107170553,0.000398107170553,0.000398107170553,0.000398107170553,10,X15 Z16 Y17,0.9976,0.00141800139963,0.9976,0.00141800139963
0.000398107170553,0.000398107170553,0.000398107170553,0.000398107170553,10,X16 X17,0.996977777778,0.00141944172646,0.996977777778,0.00141944172646
0.000398107170553,0.000398107170553,0.000398107170553,0.000398107170553,10,X2 X4,0.996,0.00174197668142,0.996,0.00174197668142
0.000398107170553,0.000398107170553,0.000398107170553,0.000398107170553,10,X3 X5,0.995222222222,0.00169816970061,0.995222222222,0.00169816970061
0.000398107170553,0.000398107170553,0.000398107170553,0.000398107170553,10,X4 Z6 Y7 Y9 Z10 X12,0.994266666667,0.00188236421002,0.994266666667,0.00188236421002
0.000398107170553,0.000398107170553,0.000398107170553,0.000398107170553,10,X5 Z7 Y8 Y10 Z11 X13,0.993311111111,0.00235203235397,0.993311111111,0.00235203235397
0.000398107170553,0.000398107170553,0.000398107170553,0.000398107170553,10,X6 X9,0.996111111111,0.00169816970061,0.996111111111,0.00169816970061
0.000398107170553,0.000398107170553,0.000398107170553,0.000398107170553,10,X7 X10,0.994933333333,0.00148143039503,0.994933333333,0.00148143039503
0.000398107170553,0.000398107170553,0.000398107170553,0.000398107170553,10,X8 X11,0.995733333333,0.00184120566862,0.995733333333,0.00184120566862
0.000398107170553,0.000398107170553,0.000398107170553,0.000398107170553,10,X9 Y12 Z14,0.996977777778,0.00143019794288,0.996977777778,0.00143019794288
0.000398107170553,0.000398107170553,0.000398107170553,0.000398107170553,10,Y0 Z1 X2,0.997711111111,0.00104582121698,0.997711111111,0.00104582121698
0.000398107170553,0.000398107170553,0.000398107170553,0.000398107170553,10,Z3 Y5 X8,0.997755555556,0.00124393804694,0.997755555556,0.00124393804694
0.000575439937337,0.000575439937337,0.000575439937337,0.000575439937337,1,Logical X,0.996488888889,0.00150537563783,0.9968,0.00182280151525
0.000575439937337,0.000575439937337,0.000575439937337,0.000575439937337,1,Logical Y,0.0122666666667,0.00811148374728,0.00564444444444,0.0184567285872
0.000575439937337,0.000575439937337,0.000575439937337,0.000575439937337,1,Logical Z,0.0145111111111,0.0121972088175,0.00648888888889,0.0178215361846
0.000575439937337,0.000575439937337,0.000575439937337,0.000575439937337,1,X0 X1,0.995422222222,0.00171299592664,0.995422222222,0.00171299592664
0.000575439937337,0.000575439937337,0.000575439937337,0.000575439937337,1,X1 Z2 Y3 Y4 Z5 X7,0.989577777778,0.00293209656965,0.989577777778,0.00293209656965
0.000575439937337,0.000575439937337,0.000575439937337,0.000575439937337,1,X10 Z12 Y13 Y14 Z15 X16,0.992111111111,0.0021160458558,0.992111111111,0.0021160458558
0.000575439937337,0.000575439937337,0.000575439937337,0.000575439937337,1,X12 X14,0.993711111111,0.00193125796919,0.993711111111,0.00193125796919
0.000575439937337,0.000575439937337,0.000575439937337,0.000575439937337,1,X13 X15,0.993333333333,0.00220066169081,0.993333333333,0.00220066169081
0.000575439937337,0.000575439937337,0.000575439937337,0.000575439937337,1,X15 Z16 Y17,0.9968,0.00152023390013,0.9968,0.00152023390013
0.000575439937337,0.000575439937337,0.000575439937337,0.000575439937337,1,X16 X17,0.995288888889,0.00195687868857,0.995288888889,0.00195687868857
0.000575439937337,0.000575439937337,0.000575439937337,0.000575439937337,1,X2 X4,0.994422222222,0.00179811168157,0.994422222222,0.00179811168157
0.000575439937337,0.000575439937337,0.000575439937337,0.000575439937337,1,X3 X5,0.993733333333,0.00213419522819,0.993733333333,0.00213419522819
0.000575439937337,0.000575439937337,0.000575439937337,0.000575439937337,1,X4 Z6 Y7 Y9 Z10 X12,0.990977777778,0.00240518809188,0.990977777778,0.00240518809188
0.000575439937337,0.000575439937337,0.000575439937337,0.000575439937337,1,X5 Z7 Y8 Y10 Z11 X13,0.9906,0.00219613034808,0.9906,0.00219613034808
0.000575439937337,0.000575439937337,0.000575439937337,0.000575439937337,1,X6 X9,0.994488888889,0.00173256688035,0.994488888889,0.00173256688035
0.000575439937337,0.000575439937337,0.000575439937337,0.000575439937337,1,X7 X10,0.992133333333,0.00266896452721,0.992133333333,0.00266896452721
0.000575439937337,0.000575439937337,0.000575439937337,0.000575439937337,1,X8 X11,0.995333333333,0.00172429118093,0.995333333333,0.00172429118093
0.000575439937337,0.000575439937337,0.000575439937337,0.000575439937337,1,X9 Y12 Z14,0.995377777778,0.00168775925117,0.995377777778,0.00168775925117
0.000575439937337,0.000575439937337,0.000575439937337,0.000575439937337,1,Y0 Z1 X2,0.996311111111,0.00155347425076,0.996311111111,0.00155347425076
0.000575439937337,0.000575439937337,0.000575439937337,0.000575439937337,1,Z3 Y5 X8,0.996044444444,0.00139987228025,0.996044444444,0.00139987228025
0.000575439937337,0.000575439937337,0.000575439937337,0.000575439937337,5,Logical X,0.9968,0.00161790745133,0.996577777778,0.00111737696858
0.000575439937337,0.000575439937337,0.000575439937337,0.000575439937337,5,Logical Y,0.0149333333333,0.0105896645919,0.00366666666667,0.0194536486152
0.000575439937337,0.000575439937337,0.000575439937337,0.000575439937337,5,Logical Z,0.0158444444444,0.0123532716542,0.000822222222222,0.0193667434927
0.000575439937337,0.000575439937337,0.000575439937337,0.000575439937337,5,X0 X1,0.995266666667,0.00198345648222,0.995266666667,0.00198345648222
0.000575439937337,0.000575439937337,0.000575439937337,0.000575439937337,5,X1 Z2 Y3 Y4 Z5 X7,0.990933333333,0.00252254204936,0.990933333333,0.00252254204936
0.000575439937337,0.000575439937337,0.000575439937337,0.000575439937337,5,X10 Z12 Y13 Y14 Z15 X16,0.991488888889,0.00258900317114,0.991488888889,0.00258900317114
0.000575439937337,0.000575439937337,0.000575439937337,0.000575439937337,5,X12 X14,0.993266666667,0.00173624865356,0.993266666667,0.00173624865356
0.000575439937337,0.000575439937337,0.000575439937337,0.000575439937337,5,X13 X15,0.994333333333,0.00200955571613,0.994333333333,0.00200955571613
0.000575439937337,0.000575439937337,0.000575439937337,0.000575439937337,5,X15 Z16 Y17,0.996266666667,0.00158150226851,0.996266666667,0.00158150226851
0.000575439937337,0.000575439937337,0.000575439937337,0.000575439937337,5,X16 X17,0.994622222222,0.00166029433141,0.994622222222,0.00166029433141
0.000575439937337,0.000575439937337,0.000575439937337,0.000575439937337,5,X2 X4,0.993866666667,0.00184785264212,0.993866666667,0.00184785264212
0.000575439937337,0.000575439937337,0.000575439937337,0.000575439937337,5,X3 X5,0.993155555556,0.00221408471759,0.993155555556,0.00221408471759
0.000575439937337,0.000575439937337,0.000575439937337,0.000575439937337,5,X4 Z6 Y7 Y9 Z10 X12,0.990822222222,0.00219147308412,0.990822222222,0.00219147308412
0.000575439937337,0.000575439937337,0.000575439937337,0.000575439937337,5,X5 Z7 Y8 Y10 Z11 X13,0.989333333333,0.00238770798577,0.989333333333,0.00238770798577
0.000575439937337,0.000575439937337,0.000575439937337,0.000575439937337,5,X6 X9,0.994222222222,0.00199103995494,0.994222222222,0.00199103995494
0.000575439937337,0.000575439937337,0.000575439937337,0.000575439937337,5,X7 X10,0.991488888889,0.00254120575558,0.991488888889,0.00254120575558
0.000575439937337,0.000575439937337,0.000575439937337,0.000575439937337,5,X8 X11,0.994066666667,0.00165490099946,0.994066666667,0.00165490099946
0.000575439937337,0.000575439937337,0.000575439937337,0.000575439937337,5,X9 Y12 Z14,0.9958,0.00136906154059,0.9958,0.00136906154059
0.000575439937337,0.000575439937337,0.000575439937337,0.000575439937337,5,Y0 Z1 X2,0.996488888889,0.00166949950821,0.996488888889,0.00166949950821
0.000575439937337,0.000575439937337,0.000575439937337,0.000575439937337,5,Z3 Y5 X8,0.996755555556,0.00155347425076,0.996755555556,0.00155347425076
0.000575439937337,0.000575439937337,0.000575439937337,0.000575439937337,10,Logical X,0.996866666667,0.00163440030831,0.9966,0.00108419505957
0.000575439937337,0.000575439937337,0.000575439937337,0.000575439937337,10,Logical Y,0.0158444444444,0.00865283305026,-0.00364444444444,0.0167219619129
0.000575439937337,0.000575439937337,0.000575439937337,0.000575439937337,10,Logical Z,0.0172444444444,0.0132465374159,-0.000733333333333,0.0151956335733
0.000575439937337,0.000575439937337,0.000575439937337,0.000575439937337,10,X0 X1,0.994644444444,0.00191372004049,0.994644444444,0.00191372004049
0.000575439937337,0.000575439937337,0.000575439937337,0.000575439937337,10,X1 Z2 Y3 Y4 Z5 X7,0.990355555556,0.00262457197143,0.990355555556,0.00262457197143
0.000575439937337,0.000575439937337,0.000575439937337,0.000575439937337,10,X10 Z12 Y13 Y14 Z15 X16,0.992288888889,0.00230729865326,0.992288888889,0.00230729865326
0.000575439937337,0.000575439937337,0.000575439937337,0.000575439937337,10,X12 X14,0.993422222222,0.0021207483197,0.993422222222,0.0021207483197
0.000575439937337,0.000575439937337,0.000575439937337,0.000575439937337,10,X13 X15,0.994022222222,0.00201514064678,0.994022222222,0.00201514064678
0.000575439937337,0.000575439937337,0.000575439937337,0.000575439937337,10,X15 Z16 Y17,0.996533333333,0.00152023390013,0.996533333333,0.00152023390013
0.000575439937337,0.000575439937337,0.000575439937337,0.000575439937337,10,X16 X17,0.994666666667,0.00131014315851,0.994666666667,0.00131014315851
0.000575439937337,0.000575439937337,0.000575439937337,0.000575439937337,10,X2 X4,0.994644444444,0.00196898039105,0.994644444444,0.00196898039105
0.000575439937337,0.000575439937337,0.000575439937337,0.000575439937337,10,X3 X5,0.992888888889,0.00252092139899,0.992888888889,0.00252092139899
0.000575439937337,0.000575439937337,0.000575439937337,0.000575439937337,10,X4 Z6 Y7 Y9 Z10 X12,0.990622222222,0.00218622180317,0.990622222222,0.00218622180317
0.000575439937337,0.000575439937337,0.000575439937337,0.000575439937337,10,X5 Z7 Y8 Y10 Z11 X13,0.990111111111,0.00227653923901,0.990111111111,0.00227653923901
0.000575439937337,0.000575439937337,0.000575439937337,0.000575439937337,10,X6 X9,0.994244444444,0.00203029419255,0.994244444444,0.00203029419255
0.000575439937337,0.000575439937337,0.000575439937337,0.000575439937337,10,X7 X10,0.991733333333,0.00211254236621,0.991733333333,0.00211254236621
0.000575439937337,0.000575439937337,0.000575439937337,0.000575439937337,10,X8 X11,0.994288888889,0.00214196052518,0.994288888889,0.00214196052518
0.000575439937337,0.000575439937337,0.000575439937337,0.000575439937337,10,X9 Y12 Z14,0.9958,0.00125212463116,0.9958,0.00125212463116
0.000575439937337,0.000575439937337,0.000575439937337,0.000575439937337,10,Y0 Z1 X2,0.996355555556,0.00163986106629,0.996355555556,0.00163986106629
0.000575439937337,0.000575439937337,0.000575439937337,0.000575439937337,10,Z3 Y5 X8,0.996222222222,0.00155938226627,0.996222222222,0.00155938226627
0.000831763771103,0.000831763771103,0.000831763771103,0.000831763771103,1,Logical X,0.9952,0.00184785264212,0.994755555556,0.00212796258813
0.000831763771103,0.000831763771103,0.000831763771103,0.000831763771103,1,Logical Y,0.0125333333333,0.0103285491335,-0.00344444444444,0.0181826268252
0.000831763771103,0.000831763771103,0.000831763771103,0.000831763771103,1,Logical Z,0.0137777777778,0.009286142328,0.00288888888889,0.0221692087961
0.000831763771103,0.000831763771103,0.000831763771103,0.000831763771103,1,X0 X1,0.993444444444,0.00146565621759,0.993444444444,0.00146565621759
0.000831763771103,0.000831763771103,0.000831763771103,0.000831763771103,1,X1 Z2 Y3 Y4 Z5 X7,0.986577777778,0.00298519120643,0.986577777778,0.00298519120643
0.000831763771103,0.000831763771103,0.000831763771103,0.000831763771103,1,X10 Z12 Y13 Y14 Z15 X16,0.988866666667,0.00246446002572,0.988866666667,0.00246446002572
0.000831763771103,0.000831763771103,0.000831763771103,0.000831763771103,1,X12 X14,0.990777777778,0.00293523101277,0.990777777778,0.00293523101277
0.000831763771103,0.000831763771103,0.000831763771103,0.000831763771103,1,X13 X15,0.992066666667,0.00287864378455,0.992066666667,0.00287864378455
0.000831763771103,0.000831763771103,0.000831763771103,0.000831763771103,1,X15 Z16 Y17,0.994888888889,0.00220298184084,0.994888888889,0.00220298184084
0.000831763771103,0.000831763771103,0.000831763771103,0.000831763771103,1,X16 X17,0.992822222222,0.00186669403373,0.992822222222,0.00186669403373
0.000831763771103,0.000831763771103,0.000831763771103,0.000831763771103,1,X2 X4,0.991155555556,0.00228225426862,0.991155555556,0.00228225426862
0.000831763771103,0.000831763771103,0.000831763771103,0.000831763771103,1,X3 X5,0.990022222222,0.00282019717978,0.990022222222,0.00282019717978
0.000831763771103,0.000831763771103,0.000831763771103,0.000831763771103,1,X4 Z6 Y7 Y9 Z10 X12,0.987466666667,0.00172784276282,0.987466666667,0.00172784276282
0.000831763771103,0.000831763771103,0.000831763771103,0.000831763771103,1,X5 Z7 Y8 Y10 Z11 X13,0.985,0.00287544765797,0.985,0.00287544765797
0.000831763771103,0.000831763771103,0.000831763771103,0.000831763771103,1,X6 X9,0.990977777778,0.00235366077194,0.990977777778,0.00235366077194
0.000831763771103,0.000831763771103,0.000831763771103,0.000831763771103,1,X7 X10,0.988288888889,0.00207656755789,0.988288888889,0.00207656755789
0.000831763771103,0.000831763771103,0.000831763771103,0.000831763771103,1,X8 X11,0.991111111111,0.00208135921795,0.991111111111,0.00208135921795
0.000831763771103,0.000831763771103,0.000831763771103,0.000831763771103,1,X9 Y12 Z14,0.994311111111,0.00150333813322,0.994311111111,0.00150333813322
0.000831763771103,0.000831763771103,0.000831763771103,0.000831763771103,1,Y0 Z1 X2,0.995111111111,0.00153960071784,0.995111111111,0.00153960071784
0.000831763771103,0.000831763771103,0.000831763771103,0.000831763771103,1,Z3 Y5 X8,0.995688888889,0.00167682726621,0.995688888889,0.00167682726621
0.000831763771103,0.000831763771103,0.000831763771103,0.000831763771103,5,Logical X,0.995155555556,0.00205617159662,0.994888888889,0.00192051504373
0.000831763771103,0.000831763771103,0.000831763771103,0.000831763771103,5,Logical Y,0.0147777777778,0.0117640706763,-0.00582222222222,0.0161040042457
0.000831763771103,0.000831763771103,0.000831763771103,0.000831763771103,5,Logical Z,0.0167333333333,0.0137278975963,-0.00308888888889,0.0174017071725
0.000831763771103,0.000831763771103,0.000831763771103,0.000831763771103,5,X0 X1,0.992222222222,0.00244061001943,0.992222222222,0.00244061001943
0.000831763771103,0.000831763771103,0.000831763771103,0.000831763771103,5,X1 Z2 Y3 Y4 Z5 X7,0.986711111111,0.00286574876154,0.986711111111,0.00286574876154
0.000831763771103,0.000831763771103,0.000831763771103,0.000831763771103,5,X10 Z12 Y13 Y14 Z15 X16,0.989066666667,0.00279353385833,0.989066666667,0.00279353385833
0.000831763771103,0.000831763771103,0.000831763771103,0.000831763771103,5,X12 X14,0.990577777778,0.00228762007759,0.990577777778,0.00228762007759
0.000831763771103,0.000831763771103,0.000831763771103,0.000831763771103,5,X13 X15,0.991711111111,0.00181676596446,0.991711111111,0.00181676596446
0.000831763771103,0.000831763771103,0.000831763771103,0.000831763771103,5,X15 Z16 Y17,0.996066666667,0.00197571462409,0.996066666667,0.00197571462409
0.000831763771103,0.000831763771103,0.000831763771103,0.000831763771103,5,X16 X17,0.993555555556,0.00170941349834,0.993555555556,0.00170941349834
0.000831763771103,0.000831763771103,0.000831763771103,0.000831763771103,5,X2 X4,0.991555555556,0.00278107084496,0.991555555556,0.00278107084496
0.000831763771103,0.000831763771103,0.000831763771103,0.000831763771103,5,X3 X5,0.9906,0.00230508350428,0.9906,0.00230508350428
0.000831763771103,0.000831763771103,0.000831763771103,0.000831763771103,5,X4 Z6 Y7 Y9 Z10 X12,0.988555555556,0.00300744075125,0.988555555556,0.00300744075125
0.000831763771103,0.000831763771103,0.000831763771103,0.000831763771103,5,X5 Z7 Y8 Y10 Z11 X13,0.984977777778,0.0039059178339,0.984977777778,0.0039059178339
0.000831763771103,0.000831763771103,0.000831763771103,0.000831763771103,5,X6 X9,0.991577777778,0.00313420547086,0.991577777778,0.00313420547086
0.000831763771103,0.000831763771103,0.000831763771103,0.000831763771103,5,X7 X10,0.988244444444,0.00287935355311,0.988244444444,0.00287935355311
0.000831763771103,0.000831763771103,0.000831763771103,0.000831763771103,5,X8 X11,0.991933333333,0.00273111768905,0.991933333333,0.00273111768905
0.000831763771103,0.000831763771103,0.000831763771103,0.000831763771103,5,X9 Y12 Z14,0.993711111111,0.00188304256393,0.993711111111,0.00188304256393
0.000831763771103,0.000831763771103,0.000831763771103,0.000831763771103,5,Y0 Z1 X2,0.995111111111,0.00210333312081,0.995111111111,0.00210333312081
0.000831763771103,0.000831763771103,0.000831763771103,0.000831763771103,5,Z3 Y5 X8,0.994777777778,0.00185351138923,0.994777777778,0.00185351138923
0.000831763771103,0.000831763771103,0.000831763771103,0.000831763771103,10,Logical X,0.995088888889,0.00186505129886,0.994622222222,0.00188507616101
0.000831763771103,0.000831763771103,0.000831763771103,0.000831763771103,10,Logical Y,0.0157333333333,0.0113239988605,-0.00524444444444,0.0177265161327
0.000831763771103,0.000831763771103,0.000831763771103,0.000831763771103,10,Logical Z,0.0126666666667,0.0126029857194,-0.00157777777778,0.0196134939345
0.000831763771103,0.000831763771103,0.000831763771103,0.000831763771103,10,X0 X1,0.993288888889,0.00201095340293,0.993288888889,0.00201095340293
0.000831763771103,0.000831763771103,0.000831763771103,0.000831763771103,10,X1 Z2 Y3 Y4 Z5 X7,0.9872,0.00272578154984,0.9872,0.00272578154984
0.000831763771103,0.000831763771103,0.000831763771103,0.000831763771103,10,X10 Z12 Y13 Y14 Z15 X16,0.988933333333,0.0024043383522,0.988933333333,0.0024043383522
0.000831763771103,0.000831763771103,0.000831763771103,0.000831763771103,10,X12 X14,0.990733333333,0.00232494386699,0.990733333333,0.00232494386699
0.000831763771103,0.000831763771103,0.000831763771103,0.000831763771103,10,X13 X15,0.991977777778,0.002104425793,0.991977777778,0.002104425793
0.000831763771103,0.000831763771103,0.000831763771103,0.000831763771103,10,X15 Z16 Y17,0.994555555556,0.00182013711187,0.994555555556,0.00182013711187
0.000831763771103,0.000831763771103,0.000831763771103,0.000831763771103,10,X16 X17,0.993133333333,0.00202777646565,0.993133333333,0.00202777646565
0.000831763771103,0.000831763771103,0.000831763771103,0.000831763771103,10,X2 X4,0.991977777778,0.00217603339318,0.991977777778,0.00217603339318
0.000831763771103,0.000831763771103,0.000831763771103,0.000831763771103,10,X3 X5,0.990933333333,0.00203117465967,0.990933333333,0.00203117465967
0.000831763771103,0.000831763771103,0.000831763771103,0.000831763771103,10,X4 Z6 Y7 Y9 Z10 X12,0.987955555556,0.00277334512229,0.987955555556,0.00277334512229
0.000831763771103,0.000831763771103,0.000831763771103,0.000831763771103,10,X5 Z7 Y8 Y10 Z11 X13,0.9866,0.00374411415486,0.9866,0.00374411415486
0.000831763771103,0.000831763771103,0.000831763771103,0.000831763771103,10,X6 X9,0.991088888889,0.00237795322875,0.991088888889,0.00237795322875
0.000831763771103,0.000831763771103,0.000831763771103,0.000831763771103,10,X7 X10,0.988422222222,0.00233896419642,0.988422222222,0.00233896419642
0.000831763771103,0.000831763771103,0.000831763771103,0.000831763771103,10,X8 X11,0.991888888889,0.00285046656574,0.991888888889,0.00285046656574
0.000831763771103,0.000831763771103,0.000831763771103,0.000831763771103,10,X9 Y12 Z14,0.993933333333,0.00149942517722,0.993933333333,0.00149942517722
0.000831763771103,0.000831763771103,0.000831763771103,0.000831763771103,10,Y0 Z1 X2,0.995444444444,0.00166167835879,0.995444444444,0.00166167835879
0.000831763771103,0.000831763771103,0.000831763771103,0.000831763771103,10,Z3 Y5 X8,0.994511111111,0.00162058911131,0.994511111111,0.00162058911131
0.00120226443462,0.00120226443462,0.00120226443462,0.00120226443462,1,Logical X,0.992777777778,0.00238824280669,0.993688888889,0.00194745798224
0.00120226443462,0.00120226443462,0.00120226443462,0.00120226443462,1,Logical Y,0.0136,0.00784446506678,0.000933333333333,0.0180960400825
0.00120226443462,0.00120226443462,0.00120226443462,0.00120226443462,1,Logical Z,0.0121777777778,0.00854814327864,0.00671111111111,0.0127528025117
0.00120226443462,0.00120226443462,0.00120226443462,0.00120226443462,1,X0 X1,0.989266666667,0.00327231507912,0.989266666667,0.00327231507912
0.00120226443462,0.00120226443462,0.00120226443462,0.00120226443462,1,X1 Z2 Y3 Y4 Z5 X7,0.980266666667,0.00465054687181,0.980266666667,0.00465054687181
0.00120226443462,0.00120226443462,0.00120226443462,0.00120226443462,1,X10 Z12 Y13 Y14 Z15 X16,0.983911111111,0.00370040210441,0.983911111111,0.00370040210441
0.00120226443462,0.00120226443462,0.00120226443462,0.00120226443462,1,X12 X14,0.987133333333,0.00359288355789,0.987133333333,0.00359288355789
0.00120226443462,0.00120226443462,0.00120226443462,0.00120226443462,1,X13 X15,0.988044444444,0.00247552515166,0.988044444444,0.00247552515166
0.00120226443462,0.00120226443462,0.00120226443462,0.00120226443462,1,X15 Z16 Y17,0.9928,0.00182280151525,0.9928,0.00182280151525
0.00120226443462,0.00120226443462,0.00120226443462,0.00120226443462,1,X16 X17,0.989888888889,0.0025913698996,0.989888888889,0.0025913698996
0.00120226443462,0.00120226443462,0.00120226443462,0.00120226443462,1,X2 X4,0.987733333333,0.00301515965406,0.987733333333,0.00301515965406
0.00120226443462,0.00120226443462,0.00120226443462,0.00120226443462,1,X3 X5,0.986577777778,0.00262457197143,0.986577777778,0.00262457197143
0.00120226443462,0.00120226443462,0.00120226443462,0.00120226443462,1,X4 Z6 Y7 Y9 Z10 X12,0.981444444444,0.00287722372216,0.981444444444,0.00287722372216
0.00120226443462,0.00120226443462,0.00120226443462,0.00120226443462,1,X5 Z7 Y8 Y10 Z11 X13,0.978088888889,0.00421176361467,0.978088888889,0.00421176361467
0.00120226443462,0.00120226443462,0.00120226443462,0.00120226443462,1,X6 X9,0.988111111111,0.00300234050888,0.988111111111,0.00300234050888
0.00120226443462,0.00120226443462,0.00120226443462,0.00120226443462,1,X7 X10,0.983577777778,0.00330555475064,0.983577777778,0.00330555475064
0.00120226443462,0.00120226443462,0.00120226443462,0.00120226443462,1,X8 X11,0.988488888889,0.00301176916648,0.988488888889,0.00301176916648
0.00120226443462,0.00120226443462,0.00120226443462,0.00120226443462,1,X9 Y12 Z14,0.991688888889,0.00214231824398,0.991688888889,0.00214231824398
0.00120226443462,0.00120226443462,0.00120226443462,0.00120226443462,1,Y0 Z1 X2,0.992488888889,0.00186052629915,0.992488888889,0.00186052629915
0.00120226443462,0.00120226443462,0.00120226443462,0.00120226443462,1,Z3 Y5 X8,0.993133333333,0.00290408616868,0.993133333333,0.00290408616868
0.00120226443462,0.00120226443462,0.00120226443462,0.00120226443462,5,Logical X,0.993111111111,0.00197558533609,0.992222222222,0.00187202296653
0.00120226443462,0.00120226443462,0.00120226443462,0.00120226443462,5,Logical Y,0.0136,0.0111672756739,-0.00237777777778,0.0191326751726
0.00120226443462,0.00120226443462,0.00120226443462,0.00120226443462,5,Logical Z,0.0190888888889,0.0104628272237,0.00357777777778,0.0186572088793
0.00120226443462,0.00120226443462,0.00120226443462,0.00120226443462,5,X0 X1,0.988933333333,0.00265860851456,0.988933333333,0.00265860851456
0.00120226443462,0.00120226443462,0.00120226443462,0.00120226443462,5,X1 Z2 Y3 Y4 Z5 X7,0.980111111111,0.00379587730922,0.980111111111,0.00379587730922
0.00120226443462,0.00120226443462,0.00120226443462,0.00120226443462,5,X10 Z12 Y13 Y14 Z15 X16,0.9838,0.00303819870005,0.9838,0.00303819870005
0.00120226443462,0.00120226443462,0.00120226443462,0.00120226443462,5,X12 X14,0.986511111111,0.00294877509908,0.986511111111,0.00294877509908
0.00120226443462,0.00120226443462,0.00120226443462,0.00120226443462,5,X13 X15,0.988822222222,0.00254722948185,0.988822222222,0.00254722948185
0.00120226443462,0.00120226443462,0.00120226443462,0.00120226443462,5,X15 Z16 Y17,0.993155555556,0.00198023438632,0.993155555556,0.00198023438632
0.00120226443462,0.00120226443462,0.00120226443462,0.00120226443462,5,X16 X17,0.989488888889,0.0027273741225,0.989488888889,0.0027273741225
0.00120226443462,0.00120226443462,0.00120226443462,0.00120226443462,5,X2 X4,0.988688888889,0.00268090070833,0.988688888889,0.00268090070833
0.00120226443462,0.00120226443462,0.00120226443462,0.00120226443462,5,X3 X5,0.985822222222,0.00277334512229,0.985822222222,0.00277334512229
0.00120226443462,0.00120226443462,0.00120226443462,0.00120226443462,5,X4 Z6 Y7 Y9 Z10 X12,0.981822222222,0.00355335180748,0.981822222222,0.00355335180748
0.00120226443462,0.00120226443462,0.00120226443462,0.00120226443462,5,X5 Z7 Y8 Y10 Z11 X13,0.978444444444,0.0042103078521,0.978444444444,0.0042103078521
0.00120226443462,0.00120226443462,0.00120226443462,0.00120226443462,5,X6 X9,0.988422222222,0.00302471724822,0.988422222222,0.00302471724822
0.00120226443462,0.00120226443462,0.00120226443462,0.00120226443462,5,X7 X10,0.983244444444,0.00274445918063,0.983244444444,0.00274445918063
0.00120226443462,0.00120226443462,0.00120226443462,0.00120226443462,5,X8 X11,0.987488888889,0.00307596458202,0.987488888889,0.00307596458202
0.00120226443462,0.00120226443462,0.00120226443462,0.00120226443462,5,X9 Y12 Z14,0.9906,0.00279764542488,0.9906,0.00279764542488
0.00120226443462,0.00120226443462,0.00120226443462,0.00120226443462,5,Y0 Z1 X2,0.993,0.00205480466766,0.993,0.00205480466766
0.00120226443462,0.00120226443462,0.00120226443462,0.00120226443462,5,Z3 Y5 X8,0.993177777778,0.0020985916338,0.993177777778,0.0020985916338
0.00120226443462,0.00120226443462,0.00120226443462,0.00120226443462,10,Logical X,0.992422222222,0.00212616131591,0.992311111111,0.00270508720879
0.00120226443462,0.00120226443462,0.00120226443462,0.00120226443462,10,Logical Y,0.0117111111111,0.00954229678021,0.00713333333333,0.0198686491335
0.00120226443462,0.00120226443462,0.00120226443462,0.00120226443462,10,Logical Z,0.0152666666667,0.0137490926207,-0.0004,0.0228937910906
0.00120226443462,0.00120226443462,0.00120226443462,0.00120226443462,10,X0 X1,0.989755555556,0.00269799603982,0.989755555556,0.00269799603982
0.00120226443462,0.00120226443462,0.00120226443462,0.00120226443462,10,X1 Z2 Y3 Y4 Z5 X7,0.979933333333,0.00293662302471,0.979933333333,0.00293662302471
0.00120226443462,0.00120226443462,0.00120226443462,0.00120226443462,10,X10 Z12 Y13 Y14 Z15 X16,0.982888888889,0.00307422024918,0.982888888889,0.00307422024918
0.00120226443462,0.00120226443462,0.00120226443462,0.00120226443462,10,X12 X14,0.986555555556,0.00284508493747,0.986555555556,0.00284508493747
0.00120226443462,0.00120226443462,0.00120226443462,0.00120226443462,10,X13 X15,0.987866666667,0.00335578644761,0.987866666667,0.00335578644761
0.00120226443462,0.00120226443462,0.00120226443462,0.00120226443462,10,X15 Z16 Y17,0.992466666667,0.0020726276657,0.992466666667,0.0020726276657
0.00120226443462,0.00120226443462,0.00120226443462,0.00120226443462,10,X16 X17,0.989622222222,0.00243022685243,0.989622222222,0.00243022685243
0.00120226443462,0.00120226443462,0.00120226443462,0.00120226443462,10,X2 X4,0.988088888889,0.00219182272218,0.988088888889,0.00219182272218
0.00120226443462,0.00120226443462,0.00120226443462,0.00120226443462,10,X3 X5,0.985933333333,0.00385304775619,0.985933333333,0.00385304775619
0.00120226443462,0.00120226443462,0.00120226443462,0.00120226443462,10,X4 Z6 Y7 Y9 Z10 X12,0.981,0.00376615295042,0.981,0.00376615295042
0.00120226443462,0.00120226443462,0.00120226443462,0.00120226443462,10,X5 Z7 Y8 Y10 Z11 X13,0.978111111111,0.00393075439839,0.978111111111,0.00393075439839
0.00120226443462,0.00120226443462,0.00120226443462,0.00120226443462,10,X6 X9,0.987955555556,0.00284427681498,0.987955555556,0.00284427681498
0.00120226443462,0.00120226443462,0.00120226443462,0.00120226443462,10,X7 X10,0.983155555556,0.00310694850151,0.983155555556,0.00310694850151
0.00120226443462,0.00120226443462,0.00120226443462,0.00120226443462,10,X8 X11,0.989066666667,0.00204620946632,0.989066666667,0.00204620946632
0.00120226443462,0.00120226443462,0.00120226443462,0.00120226443462,10,X9 Y12 Z14,0.991422222222,0.00232087533581,0.991422222222,0.00232087533581
0.00120226443462,0.00120226443462,0.00120226443462,0.00120226443462,10,Y0 Z1 X2,0.992533333333,0.0021824798718,0.992533333333,0.0021824798718
0.00120226443462,0.00120226443462,0.00120226443462,0.00120226443462,10,Z3 Y5 X8,0.992133333333,0.00218949074714,0.992133333333,0.00218949074714
0.00173780082875,0.00173780082875,0.00173780082875,0.00173780082875,1,Logical X,0.989533333333,0.0031520837844,0.989444444444,0.00225625284128
0.00173780082875,0.00173780082875,0.00173780082875,0.00173780082875,1,Logical Y,0.0136222222222,0.0114960374094,-0.000333333333333,0.0149325430825
0.00173780082875,0.00173780082875,0.00173780082875,0.00173780082875,1,Logical Z,0.0149555555556,0.00997880256537,0.00173333333333,0.0167694303154
0.00173780082875,0.00173780082875,0.00173780082875,0.00173780082875,1,X0 X1,0.984422222222,0.00334702170271,0.984422222222,0.00334702170271
0.00173780082875,0.00173780082875,0.00173780082875,0.00173780082875,1,X1 Z2 Y3 Y4 Z5 X7,0.970355555556,0.0050308879904,0.970355555556,0.0050308879904
0.00173780082875,0.00173780082875,0.00173780082875,0.00173780082875,1,X10 Z12 Y13 Y14 Z15 X16,0.9756,0.00455734008595,0.9756,0.00455734008595
0.00173780082875,0.00173780082875,0.00173780082875,0.00173780082875,1,X12 X14,0.979711111111,0.00265908884999,0.979711111111,0.00265908884999
0.00173780082875,0.00173780082875,0.00173780082875,0.00173780082875,1,X13 X15,0.981911111111,0.00342956866845,0.981911111111,0.00342956866845
0.00173780082875,0.00173780082875,0.00173780082875,0.00173780082875,1,X15 Z16 Y17,0.989555555556,0.00335091150559,0.989555555556,0.00335091150559
0.00173780082875,0.00173780082875,0.00173780082875,0.00173780082875,1,X16 X17,0.9852,0.00205964695855,0.9852,0.00205964695855
0.00173780082875,0.00173780082875,0.00173780082875,0.00173780082875,1,X2 X4,0.982777777778,0.00455896517576,0.982777777778,0.00455896517576
0.00173780082875,0.00173780082875,0.00173780082875,0.00173780082875,1,X3 X5,0.980444444444,0.00288387422119,0.980444444444,0.00288387422119
0.00173780082875,0.00173780082875,0.00173780082875,0.00173780082875,1,X4 Z6 Y7 Y9 Z10 X12,0.974488888889,0.00389884876744,0.974488888889,0.00389884876744
0.00173780082875,0.00173780082875,0.00173780082875,0.00173780082875,1,X5 Z7 Y8 Y10 Z11 X13,0.9688,0.00501766992679,0.9688,0.00501766992679
0.00173780082875,0.00173780082875,0.00173780082875,0.00173780082875,1,X6 X9,0.982288888889,0.00240486947469,0.982288888889,0.00240486947469
0.00173780082875,0.00173780082875,0.00173780082875,0.00173780082875,1,X7 X10,0.975266666667,0.00444756595363,0.975266666667,0.00444756595363
0.00173780082875,0.00173780082875,0.00173780082875,0.00173780082875,1,X8 X11,0.982977777778,0.00313542768516,0.982977777778,0.00313542768516
0.00173780082875,0.00173780082875,0.00173780082875,0.00173780082875,1,X9 Y12 Z14,0.9866,0.00295223793287,0.9866,0.00295223793287
0.00173780082875,0.00173780082875,0.00173780082875,0.00173780082875,1,Y0 Z1 X2,0.989688888889,0.00249279933635,0.989688888889,0.00249279933635
0.00173780082875,0.00173780082875,0.00173780082875,0.00173780082875,1,Z3 Y5 X8,0.989088888889,0.00250353517611,0.989088888889,0.00250353517611
0.00173780082875,0.00173780082875,0.00173780082875,0.00173780082875,5,Logical X,0.989933333333,0.00289986127294,0.99,0.0023618941681
0.00173780082875,0.00173780082875,0.00173780082875,0.00173780082875,5,Logical Y,0.0144888888889,0.0105408286054,0.00393333333333,0.0189424213254
0.00173780082875,0.00173780082875,0.00173780082875,0.00173780082875,5,Logical Z,0.0146222222222,0.0106608221536,0.00546666666667,0.019026418415
0.00173780082875,0.00173780082875,0.00173780082875,0.00173780082875,5,X0 X1,0.985666666667,0.00287011287108,0.985666666667,0.00287011287108
0.00173780082875,0.00173780082875,0.00173780082875,0.00173780082875,5,X1 Z2 Y3 Y4 Z5 X7,0.972688888889,0.00487540809439,0.972688888889,0.00487540809439
0.00173780082875,0.00173780082875,0.00173780082875,0.00173780082875,5,X10 Z12 Y13 Y14 Z15 X16,0.9774,0.00408473468799,0.9774,0.00408473468799
0.00173780082875,0.00173780082875,0.00173780082875,0.00173780082875,5,X12 X14,0.980933333333,0.00462742118463,0.980933333333,0.00462742118463
0.00173780082875,0.00173780082875,0.00173780082875,0.00173780082875,5,X13 X15,0.982888888889,0.00333716255152,0.982888888889,0.00333716255152
0.00173780082875,0.00173780082875,0.00173780082875,0.00173780082875,5,X15 Z16 Y17,0.988866666667,0.00251371715719,0.988866666667,0.00251371715719
0.00173780082875,0.00173780082875,0.00173780082875,0.00173780082875,5,X16 X17,0.984977777778,0.00239880770725,0.984977777778,0.00239880770725
0.00173780082875,0.00173780082875,0.00173780082875,0.00173780082875,5,X2 X4,0.982733333333,0.00280311813243,0.982733333333,0.00280311813243
0.00173780082875,0.00173780082875,0.00173780082875,0.00173780082875,5,X3 X5,0.9804,0.00341553808106,0.9804,0.00341553808106
0.00173780082875,0.00173780082875,0.00173780082875,0.00173780082875,5,X4 Z6 Y7 Y9 Z10 X12,0.973955555556,0.00501318822648,0.973955555556,0.00501318822648
0.00173780082875,0.00173780082875,0.00173780082875,0.00173780082875,5,X5 Z7 Y8 Y10 Z11 X13,0.969488888889,0.0037125997886,0.969488888889,0.0037125997886
0.00173780082875,0.00173780082875,0.00173780082875,0.00173780082875,5,X6 X9,0.983133333333,0.00286155652524,0.983133333333,0.00286155652524
0.00173780082875,0.00173780082875,0.00173780082875,0.00173780082875,5,X7 X10,0.975688888889,0.00489501531847,0.975688888889,0.00489501531847
0.00173780082875,0.00173780082875,0.00173780082875,0.00173780082875,5,X8 X11,0.983533333333,0.00329471886719,0.983533333333,0.00329471886719
0.00173780082875,0.00173780082875,0.00173780082875,0.00173780082875,5,X9 Y12 Z14,0.987755555556,0.00319714112396,0.987755555556,0.00319714112396
0.00173780082875,0.00173780082875,0.00173780082875,0.00173780082875,5,Y0 Z1 X2,0.989222222222,0.00269572292614,0.989222222222,0.00269572292614
0.00173780082875,0.00173780082875,0.00173780082875,0.00173780082875,5,Z3 Y5 X8,0.989777777778,0.00244061001943,0.989777777778,0.00244061001943
0.00173780082875,0.00173780082875,0.00173780082875,0.00173780082875,10,Logical X,0.990377777778,0.00260670125699,0.988955555556,0.00188304256393
0.00173780082875,0.00173780082875,0.00173780082875,0.00173780082875,10,Logical Y,0.0124444444444,0.00969786220205,0.000977777777778,0.0213079830225
0.00173780082875,0.00173780082875,0.00173780082875,0.00173780082875,10,Logical Z,0.0162666666667,0.0120491967269,-0.00528888888889,0.0180692014452
0.00173780082875,0.00173780082875,0.00173780082875,0.00173780082875,10,X0 X1,0.985266666667,0.0033828505969,0.985266666667,0.0033828505969
0.00173780082875,0.00173780082875,0.00173780082875,0.00173780082875,10,X1 Z2 Y3 Y4 Z5 X7,0.972644444444,0.003982657167,0.972644444444,0.003982657167
0.00173780082875,0.00173780082875,0.00173780082875,0.00173780082875,10,X10 Z12 Y13 Y14 Z15 X16,0.975133333333,0.00349778254879,0.975133333333,0.00349778254879
0.00173780082875,0.00173780082875,0.00173780082875,0.00173780082875,10,X12 X14,0.981088888889,0.00283104482741,0.981088888889,0.00283104482741
0.00173780082875,0.00173780082875,0.00173780082875,0.00173780082875,10,X13 X15,0.981933333333,0.00289986127294,0.981933333333,0.00289986127294
0.00173780082875,0.00173780082875,0.00173780082875,0.00173780082875,10,X15 Z16 Y17,0.990355555556,0.00257148127822,0.990355555556,0.00257148127822
0.00173780082875,0.00173780082875,0.00173780082875,0.00173780082875,10,X16 X17,0.985,0.0034117219616,0.985,0.0034117219616
0.00173780082875,0.00173780082875,0.00173780082875,0.00173780082875,10,X2 X4,0.982866666667,0.00385622847926,0.982866666667,0.00385622847926
0.00173780082875,0.00173780082875,0.00173780082875,0.00173780082875,10,X3 X5,0.9798,0.0039659470032,0.9798,0.0039659470032
0.00173780082875,0.00173780082875,0.00173780082875,0.00173780082875,10,X4 Z6 Y7 Y9 Z10 X12,0.973422222222,0.00412722326788,0.973422222222,0.00412722326788
0.00173780082875,0.00173780082875,0.00173780082875,0.00173780082875,10,X5 Z7 Y8 Y10 Z11 X13,0.968866666667,0.00543903867999,0.968866666667,0.00543903867999
0.00173780082875,0.00173780082875,0.00173780082875,0.00173780082875,10,X6 X9,0.982711111111,0.00349683308649,0.982711111111,0.00349683308649
0.00173780082875,0.00173780082875,0.00173780082875,0.00173780082875,10,X7 X10,0.975466666667,0.00402444636967,0.975466666667,0.00402444636967
0.00173780082875,0.00173780082875,0.00173780082875,0.00173780082875,10,X8 X11,0.982622222222,0.00373010259772,0.982622222222,0.00373010259772
0.00173780082875,0.00173780082875,0.00173780082875,0.00173780082875,10,X9 Y12 Z14,0.9872,0.00266321615843,0.9872,0.00266321615843
0.00173780082875,0.00173780082875,0.00173780082875,0.00173780082875,10,Y0 Z1 X2,0.988777777778,0.00248263445127,0.988777777778,0.00248263445127
0.00173780082875,0.00173780082875,0.00173780082875,0.00173780082875,10,Z3 Y5 X8,0.989644444444,0.00238599575321,0.989644444444,0.00238599575321
0.00251188643151,0.00251188643151,0.00251188643151,0.00251188643151,1,Logical X,0.984333333333,0.00348725100046,0.984266666667,0.00311023523522
0.00251188643151,0.00251188643151,0.00251188643151,0.00251188643151,1,Logical Y,0.0162444444444,0.00949851100787,-0.00106666666667,0.0191318073804
0.00251188643151,0.00251188643151,0.00251188643151,0.00251188643151,1,Logical Z,0.01,0.00926245666377,0.00137777777778,0.0204425619656
0.00251188643151,0.00251188643151,0.00251188643151,0.00251188643151,1,X0 X1,0.979111111111,0.00278107084496,0.979111111111,0.00278107084496
0.00251188643151,0.00251188643151,0.00251188643151,0.00251188643151,1,X1 Z2 Y3 Y4 Z5 X7,0.957955555556,0.00746882836798,0.957955555556,0.00746882836798
0.00251188643151,0.00251188643151,0.00251188643151,0.00251188643151,1,X10 Z12 Y13 Y14 Z15 X16,0.966288888889,0.00406718795729,0.966288888889,0.00406718795729
0.00251188643151,0.00251188643151,0.00251188643151,0.00251188643151,1,X12 X14,0.971177777778,0.00480320242256,0.971177777778,0.00480320242256
0.00251188643151,0.00251188643151,0.00251188643151,0.00251188643151,1,X13 X15,0.974888888889,0.00390434803633,0.974888888889,0.00390434803633
0.00251188643151,0.00251188643151,0.00251188643151,0.00251188643151,1,X15 Z16 Y17,0.985844444444,0.00321721105909,0.985844444444,0.00321721105909
0.00251188643151,0.00251188643151,0.00251188643151,0.00251188643151,1,X16 X17,0.978933333333,0.00311515883373,0.978933333333,0.00311515883373
0.00251188643151,0.00251188643151,0.00251188643151,0.00251188643151,1,X2 X4,0.975,0.00382269889213,0.975,0.00382269889213
0.00251188643151,0.00251188643151,0.00251188643151,0.00251188643151,1,X3 X5,0.971266666667,0.00328633534503,0.971266666667,0.00328633534503
0.00251188643151,0.00251188643151,0.00251188643151,0.00251188643151,1,X4 Z6 Y7 Y9 Z10 X12,0.960755555556,0.00452064937299,0.960755555556,0.00452064937299
0.00251188643151,0.00251188643151,0.00251188643151,0.00251188643151,1,X5 Z7 Y8 Y10 Z11 X13,0.955888888889,0.00459245869701,0.955888888889,0.00459245869701
0.00251188643151,0.00251188643151,0.00251188643151,0.00251188643151,1,X6 X9,0.975533333333,0.00409896725616,0.975533333333,0.00409896725616
0.00251188643151,0.00251188643151,0.00251188643151,0.00251188643151,1,X7 X10,0.965533333333,0.00392320925789,0.965533333333,0.00392320925789
0.00251188643151,0.00251188643151,0.00251188643151,0.00251188643151,1,X8 X11,0.974933333333,0.00378583769459,0.974933333333,0.00378583769459
0.00251188643151,0.00251188643151,0.00251188643151,0.00251188643151,1,X9 Y12 Z14,0.981666666667,0.00390990489933,0.981666666667,0.00390990489933
0.00251188643151,0.00251188643151,0.00251188643151,0.00251188643151,1,Y0 Z1 X2,0.984755555556,0.00326473474814,0.984755555556,0.00326473474814
0.00251188643151,0.00251188643151,0.00251188643151,0.00251188643151,1,Z3 Y5 X8,0.986666666667,0.00269524911949,0.986666666667,0.00269524911949
0.00251188643151,0.00251188643151,0.00251188643151,0.00251188643151,5,Logical X,0.985,0.00313550914917,0.984977777778,0.00232746936938
0.00251188643151,0.00251188643151,0.00251188643151,0.00251188643151,5,Logical Y,0.0164222222222,0.0127053050534,0.000444444444444,0.0176898207267
0.00251188643151,0.00251188643151,0.00251188643151,0.00251188643151,5,Logical Z,0.0131333333333,0.0121524795256,-0.000622222222222,0.0160190818525
0.00251188643151,0.00251188643151,0.00251188643151,0.00251188643151,5,X0 X1,0.977955555556,0.00374240823702,0.977955555556,0.00374240823702
0.00251188643151,0.00251188643151,0.00251188643151,0.00251188643151,5,X1 Z2 Y3 Y4 Z5 X7,0.959022222222,0.00460795026225,0.959022222222,0.00460795026225
0.00251188643151,0.00251188643151,0.00251188643151,0.00251188643151,5,X10 Z12 Y13 Y14 Z15 X16,0.965333333333,0.0038794082576,0.965333333333,0.0038794082576
0.00251188643151,0.00251188643151,0.00251188643151,0.00251188643151,5,X12 X14,0.971533333333,0.00423866529994,0.971533333333,0.00423866529994
0.00251188643151,0.00251188643151,0.00251188643151,0.00251188643151,5,X13 X15,0.976822222222,0.00379829900761,0.976822222222,0.00379829900761
0.00251188643151,0.00251188643151,0.00251188643151,0.00251188643151,5,X15 Z16 Y17,0.984644444444,0.00360282279001,0.984644444444,0.00360282279001
0.00251188643151,0.00251188643151,0.00251188643151,0.00251188643151,5,X16 X17,0.977355555556,0.00327293947736,0.977355555556,0.00327293947736
0.00251188643151,0.00251188643151,0.00251188643151,0.00251188643151,5,X2 X4,0.976711111111,0.00401885721098,0.976711111111,0.00401885721098
0.00251188643151,0.00251188643151,0.00251188643151,0.00251188643151,5,X3 X5,0.971244444444,0.00441430392957,0.971244444444,0.00441430392957
0.00251188643151,0.00251188643151,0.00251188643151,0.00251188643151,5,X4 Z6 Y7 Y9 Z10 X12,0.963288888889,0.00484845698355,0.963288888889,0.00484845698355
0.00251188643151,0.00251188643151,0.00251188643151,0.00251188643151,5,X5 Z7 Y8 Y10 Z11 X13,0.9562,0.00659768913452,0.9562,0.00659768913452
0.00251188643151,0.00251188643151,0.00251188643151,0.00251188643151,5,X6 X9,0.974155555556,0.00434060692239,0.974155555556,0.00434060692239
0.00251188643151,0.00251188643151,0.00251188643151,0.00251188643151,5,X7 X10,0.964822222222,0.0045373995737,0.964822222222,0.0045373995737
0.00251188643151,0.00251188643151,0.00251188643151,0.00251188643151,5,X8 X11,0.973622222222,0.0030408878182,0.973622222222,0.0030408878182
0.00251188643151,0.00251188643151,0.00251188643151,0.00251188643151,5,X9 Y12 Z14,0.982177777778,0.00402647686747,0.982177777778,0.00402647686747
0.00251188643151,0.00251188643151,0.00251188643151,0.00251188643151,5,Y0 Z1 X2,0.985555555556,0.00220992767575,0.985555555556,0.00220992767575
0.00251188643151,0.00251188643151,0.00251188643151,0.00251188643151,5,Z3 Y5 X8,0.985777777778,0.00318200560062,0.985777777778,0.00318200560062
0.00251188643151,0.00251188643151,0.00251188643151,0.00251188643151,10,Logical X,0.984777777778,0.00280165978902,0.984533333333,0.0036907256656
0.00251188643151,0.00251188643151,0.00251188643151,0.00251188643151,10,Logical Y,0.0141333333333,0.0113979227791,-0.00215555555556,0.0137394287704
0.00251188643151,0.00251188643151,0.00251188643151,0.00251188643151,10,Logical Z,0.012,0.00946054521203,-0.0002,0.0190165485505
0.00251188643151,0.00251188643151,0.00251188643151,0.00251188643151,10,X0 X1,0.978888888889,0.00378070655009,0.978888888889,0.00378070655009
0.00251188643151,0.00251188643151,0.00251188643151,0.00251188643151,10,X1 Z2 Y3 Y4 Z5 X7,0.959977777778,0.00764235692784,0.959977777778,0.00764235692784
0.00251188643151,0.00251188643151,0.00251188643151,0.00251188643151,10,X10 Z12 Y13 Y14 Z15 X16,0.965155555556,0.00409067094267,0.965155555556,0.00409067094267
0.00251188643151,0.00251188643151,0.00251188643151,0.00251188643151,10,X12 X14,0.970288888889,0.00352194361759,0.970288888889,0.00352194361759
0.00251188643151,0.00251188643151,0.00251188643151,0.00251188643151,10,X13 X15,0.975666666667,0.00512450352702,0.975666666667,0.00512450352702
0.00251188643151,0.00251188643151,0.00251188643151,0.00251188643151,10,X15 Z16 Y17,0.985088888889,0.00294253172893,0.985088888889,0.00294253172893
0.00251188643151,0.00251188643151,0.00251188643151,0.00251188643151,10,X16 X17,0.978044444444,0.00318007847482,0.978044444444,0.00318007847482
0.00251188643151,0.00251188643151,0.00251188643151,0.00251188643151,10,X2 X4,0.975155555556,0.00427389234902,0.975155555556,0.00427389234902
0.00251188643151,0.00251188643151,0.00251188643151,0.00251188643151,10,X3 X5,0.970933333333,0.00427269688807,0.970933333333,0.00427269688807
0.00251188643151,0.00251188643151,0.00251188643151,0.00251188643151,10,X4 Z6 Y7 Y9 Z10 X12,0.962244444444,0.00594091813623,0.962244444444,0.00594091813623
0.00251188643151,0.00251188643151,0.00251188643151,0.00251188643151,10,X5 Z7 Y8 Y10 Z11 X13,0.954088888889,0.00606411044626,0.954088888889,0.00606411044626
0.00251188643151,0.00251188643151,0.00251188643151,0.00251188643151,10,X6 X9,0.974111111111,0.00463894337729,0.974111111111,0.00463894337729
0.00251188643151,0.00251188643151,0.00251188643151,0.00251188643151,10,X7 X10,0.964088888889,0.00557150201814,0.964088888889,0.00557150201814
0.00251188643151,0.00251188643151,0.00251188643151,0.00251188643151,10,X8 X11,0.9756,0.00390539463815,0.9756,0.00390539463815
0.00251188643151,0.00251188643151,0.00251188643151,0.00251188643151,10,X9 Y12 Z14,0.9814,0.00415541008207,0.9814,0.00415541008207
0.00251188643151,0.00251188643151,0.00251188643151,0.00251188643151,10,Y0 Z1 X2,0.984933333333,0.00381808561687,0.984933333333,0.00381808561687
0.00251188643151,0.00251188643151,0.00251188643151,0.00251188643151,10,Z3 Y5 X8,0.984777777778,0.00362233739798,0.984777777778,0.00362233739798
0.0036307805477,0.0036307805477,0.0036307805477,0.0036307805477,1,Logical X,0.978422222222,0.00302471724822,0.978444444444,0.00397437513663
0.0036307805477,0.0036307805477,0.0036307805477,0.0036307805477,1,Logical Y,0.0150666666667,0.0104365993199,-0.00337777777778,0.0231072351598
0.0036307805477,0.0036307805477,0.0036307805477,0.0036307805477,1,Logical Z,0.0102222222222,0.00748604491402,0.000755555555556,0.0187932761542
0.0036307805477,0.0036307805477,0.0036307805477,0.0036307805477,1,X0 X1,0.968555555556,0.00422030607861,0.968555555556,0.00422030607861
0.0036307805477,0.0036307805477,0.0036307805477,0.0036307805477,1,X1 Z2 Y3 Y4 Z5 X7,0.942933333333,0.00515090290787,0.942933333333,0.00515090290787
0.0036307805477,0.0036307805477,0.0036307805477,0.0036307805477,1,X10 Z12 Y13 Y14 Z15 X16,0.95,0.00483917601675,0.95,0.00483917601675
0.0036307805477,0.0036307805477,0.0036307805477,0.0036307805477,1,X12 X14,0.959711111111,0.00495708273291,0.959711111111,0.00495708273291
0.0036307805477,0.0036307805477,0.0036307805477,0.0036307805477,1,X13 X15,0.963355555556,0.00544560938354,0.963355555556,0.00544560938354
0.0036307805477,0.0036307805477,0.0036307805477,0.0036307805477,1,X15 Z16 Y17,0.9782,0.00397366811827,0.9782,0.00397366811827
0.0036307805477,0.0036307805477,0.0036307805477,0.0036307805477,1,X16 X17,0.968422222222,0.00403996636431,0.968422222222,0.00403996636431
0.0036307805477,0.0036307805477,0.0036307805477,0.0036307805477,1,X2 X4,0.964577777778,0.00591312154329,0.964577777778,0.00591312154329
0.0036307805477,0.0036307805477,0.0036307805477,0.0036307805477,1,X3 X5,0.957977777778,0.00543715987765,0.957977777778,0.00543715987765
0.0036307805477,0.0036307805477,0.0036307805477,0.0036307805477,1,X4 Z6 Y7 Y9 Z10 X12,0.946644444444,0.00688934617194,0.946644444444,0.00688934617194
0.0036307805477,0.0036307805477,0.0036307805477,0.0036307805477,1,X5 Z7 Y8 Y10 Z11 X13,0.935222222222,0.00774514225873,0.935222222222,0.00774514225873
0.0036307805477,0.0036307805477,0.0036307805477,0.0036307805477,1,X6 X9,0.964288888889,0.00478081521554,0.964288888889,0.00478081521554
0.0036307805477,0.0036307805477,0.0036307805477,0.0036307805477,1,X7 X10,0.950555555556,0.00631748369649,0.950555555556,0.00631748369649
0.0036307805477,0.0036307805477,0.0036307805477,0.0036307805477,1,X8 X11,0.965577777778,0.00447892753082,0.965577777778,0.00447892753082
0.0036307805477,0.0036307805477,0.0036307805477,0.0036307805477,1,X9 Y12 Z14,0.9748,0.00378097678393,0.9748,0.00378097678393
0.0036307805477,0.0036307805477,0.0036307805477,0.0036307805477,1,Y0 Z1 X2,0.978977777778,0.00305622075657,0.978977777778,0.00305622075657
0.0036307805477,0.0036307805477,0.0036307805477,0.0036307805477,1,Z3 Y5 X8,0.9778,0.00369383871392,0.9778,0.00369383871392
0.0036307805477,0.0036307805477,0.0036307805477,0.0036307805477,5,Logical X,0.978155555556,0.00403313225806,0.977333333333,0.00376717014233
0.0036307805477,0.0036307805477,0.0036307805477,0.0036307805477,5,Logical Y,0.0149333333333,0.0115451470955,0.00413333333333,0.0180152340813
0.0036307805477,0.0036307805477,0.0036307805477,0.0036307805477,5,Logical Z,0.0105555555556,0.00821377841258,-0.00251111111111,0.0188875951777
0.0036307805477,0.0036307805477,0.0036307805477,0.0036307805477,5,X0 X1,0.969955555556,0.00360898552236,0.969955555556,0.00360898552236
0.0036307805477,0.0036307805477,0.0036307805477,0.0036307805477,5,X1 Z2 Y3 Y4 Z5 X7,0.9422,0.00500467214661,0.9422,0.00500467214661
0.0036307805477,0.0036307805477,0.0036307805477,0.0036307805477,5,X10 Z12 Y13 Y14 Z15 X16,0.951,0.00528353185022,0.951,0.00528353185022
0.0036307805477,0.0036307805477,0.0036307805477,0.0036307805477,5,X12 X14,0.958266666667,0.0062308096188,0.958266666667,0.0062308096188
0.0036307805477,0.0036307805477,0.0036307805477,0.0036307805477,5,X13 X15,0.964777777778,0.00465543256451,0.964777777778,0.00465543256451
0.0036307805477,0.0036307805477,0.0036307805477,0.0036307805477,5,X15 Z16 Y17,0.978711111111,0.00377096523446,0.978711111111,0.00377096523446
0.0036307805477,0.0036307805477,0.0036307805477,0.0036307805477,5,X16 X17,0.968244444444,0.00437857316228,0.968244444444,0.00437857316228
0.0036307805477,0.0036307805477,0.0036307805477,0.0036307805477,5,X2 X4,0.964311111111,0.0045308084021,0.964311111111,0.0045308084021
0.0036307805477,0.0036307805477,0.0036307805477,0.0036307805477,5,X3 X5,0.960577777778,0.00488247576585,0.960577777778,0.00488247576585
0.0036307805477,0.0036307805477,0.0036307805477,0.0036307805477,5,X4 Z6 Y7 Y9 Z10 X12,0.945111111111,0.0058311709183,0.945111111111,0.0058311709183
0.0036307805477,0.0036307805477,0.0036307805477,0.0036307805477,5,X5 Z7 Y8 Y10 Z11 X13,0.936955555556,0.00733580592241,0.936955555556,0.00733580592241
0.0036307805477,0.0036307805477,0.0036307805477,0.0036307805477,5,X6 X9,0.9642,0.00509270381859,0.9642,0.00509270381859
0.0036307805477,0.0036307805477,0.0036307805477,0.0036307805477,5,X7 X10,0.949555555556,0.00550675887967,0.949555555556,0.00550675887967
0.0036307805477,0.0036307805477,0.0036307805477,0.0036307805477,5,X8 X11,0.964133333333,0.00514733126553,0.964133333333,0.00514733126553
0.0036307805477,0.0036307805477,0.0036307805477,0.0036307805477,5,X9 Y12 Z14,0.975533333333,0.00487121500574,0.975533333333,0.00487121500574
0.0036307805477,0.0036307805477,0.0036307805477,0.0036307805477,5,Y0 Z1 X2,0.977622222222,0.00406718795729,0.977622222222,0.00406718795729
0.0036307805477,0.0036307805477,0.0036307805477,0.0036307805477,5,Z3 Y5 X8,0.978777777778,0.00423480681509,0.978777777778,0.00423480681509
0.0036307805477,0.0036307805477,0.0036307805477,0.0036307805477,10,Logical X,0.979111111111,0.0028571793466,0.977355555556,0.0039245111791
0.0036307805477,0.0036307805477,0.0036307805477,0.0036307805477,10,Logical Y,0.0164222222222,0.0102287751776,0.000933333333333,0.0179915689067
0.0036307805477,0.0036307805477,0.0036307805477,0.0036307805477,10,Logical Z,0.0143111111111,0.0128447652719,-0.00102222222222,0.0184733282589
0.0036307805477,0.0036307805477,0.0036307805477,0.0036307805477,10,X0 X1,0.970377777778,0.00467055120208,0.970377777778,0.00467055120208
0.0036307805477,0.0036307805477,0.0036307805477,0.0036307805477,10,X1 Z2 Y3 Y4 Z5 X7,0.940511111111,0.00708932246239,0.940511111111,0.00708932246239
0.0036307805477,0.0036307805477,0.0036307805477,0.0036307805477,10,X10 Z12 Y13 Y14 Z15 X16,0.949844444444,0.00607912913034,0.949844444444,0.00607912913034
0.0036307805477,0.0036307805477,0.0036307805477,0.0036307805477,10,X12 X14,0.959977777778,0.00393620909225,0.959977777778,0.00393620909225
0.0036307805477,0.0036307805477,0.0036307805477,0.0036307805477,10,X13 X15,0.964088888889,0.0053296922437,0.964088888889,0.0053296922437
0.0036307805477,0.0036307805477,0.0036307805477,0.0036307805477,10,X15 Z16 Y17,0.977777777778,0.00320121305233,0.977777777778,0.00320121305233
0.0036307805477,0.0036307805477,0.0036307805477,0.0036307805477,10,X16 X17,0.968133333333,0.00384926723384,0.968133333333,0.00384926723384
0.0036307805477,0.0036307805477,0.0036307805477,0.0036307805477,10,X2 X4,0.963555555556,0.00468578459459,0.963555555556,0.00468578459459
0.0036307805477,0.0036307805477,0.0036307805477,0.0036307805477,10,X3 X5,0.960088888889,0.00432309429885,0.960088888889,0.00432309429885
0.0036307805477,0.0036307805477,0.0036307805477,0.0036307805477,10,X4 Z6 Y7 Y9 Z10 X12,0.943177777778,0.00618410602312,0.943177777778,0.00618410602312
0.0036307805477,0.0036307805477,0.0036307805477,0.0036307805477,10,X5 Z7 Y8 Y10 Z11 X13,0.936377777778,0.00562338667087,0.936377777778,0.00562338667087
0.0036307805477,0.0036307805477,0.0036307805477,0.0036307805477,10,X6 X9,0.965422222222,0.00525731261079,0.965422222222,0.00525731261079
0.0036307805477,0.0036307805477,0.0036307805477,0.0036307805477,10,X7 X10,0.949755555556,0.0062428094013,0.949755555556,0.0062428094013
0.0036307805477,0.0036307805477,0.0036307805477,0.0036307805477,10,X8 X11,0.965622222222,0.00571529730145,0.965622222222,0.00571529730145
0.0036307805477,0.0036307805477,0.0036307805477,0.0036307805477,10,X9 Y12 Z14,0.972888888889,0.00463976922842,0.972888888889,0.00463976922842
0.0036307805477,0.0036307805477,0.0036307805477,0.0036307805477,10,Y0 Z1 X2,0.978644444444,0.00365351175558,0.978644444444,0.00365351175558
0.0036307805477,0.0036307805477,0.0036307805477,0.0036307805477,10,Z3 Y5 X8,0.978377777778,0.00421158167187,0.978377777778,0.00421158167187
0.0052480746025,0.0052480746025,0.0052480746025,0.0052480746025,1,Logical X,0.9684,0.00350413002086,0.968355555556,0.0045846097143
0.0052480746025,0.0052480746025,0.0052480746025,0.0052480746025,1,Logical Y,0.0153333333333,0.0117051909106,0.00573333333333,0.0182822485769
0.0052480746025,0.0052480746025,0.0052480746025,0.0052480746025,1,Logical Z,0.0139555555556,0.00968457846401,0.00617777777778,0.0201130394283
0.0052480746025,0.0052480746025,0.0052480746025,0.0052480746025,1,X0 X1,0.954444444444,0.00476685019608,0.954444444444,0.00476685019608
0.0052480746025,0.0052480746025,0.0052480746025,0.0052480746025,1,X1 Z2 Y3 Y4 Z5 X7,0.916511111111,0.00750720386256,0.916511111111,0.00750720386256
0.0052480746025,0.0052480746025,0.0052480746025,0.0052480746025,1,X10 Z12 Y13 Y14 Z15 X16,0.9266,0.00639048622377,0.9266,0.00639048622377
0.0052480746025,0.0052480746025,0.0052480746025,0.0052480746025,1,X12 X14,0.942311111111,0.00583747526734,0.942311111111,0.00583747526734
0.0052480746025,0.0052480746025,0.0052480746025,0.0052480746025,1,X13 X15,0.947044444444,0.00596460398003,0.947044444444,0.00596460398003
0.0052480746025,0.0052480746025,0.0052480746025,0.0052480746025,1,X15 Z16 Y17,0.968822222222,0.00408598514252,0.968822222222,0.00408598514252
0.0052480746025,0.0052480746025,0.0052480746025,0.0052480746025,1,X16 X17,0.955711111111,0.00514817479343,0.955711111111,0.00514817479343
0.0052480746025,0.0052480746025,0.0052480746025,0.0052480746025,1,X2 X4,0.9474,0.00625964390061,0.9474,0.00625964390061
0.0052480746025,0.0052480746025,0.0052480746025,0.0052480746025,1,X3 X5,0.942911111111,0.00427586412887,0.942911111111,0.00427586412887
0.0052480746025,0.0052480746025,0.0052480746025,0.0052480746025,1,X4 Z6 Y7 Y9 Z10 X12,0.919911111111,0.00668442080374,0.919911111111,0.00668442080374
0.0052480746025,0.0052480746025,0.0052480746025,0.0052480746025,1,X5 Z7 Y8 Y10 Z11 X13,0.910266666667,0.00678650904227,0.910266666667,0.00678650904227
0.0052480746025,0.0052480746025,0.0052480746025,0.0052480746025,1,X6 X9,0.949333333333,0.0058092276971,0.949333333333,0.0058092276971
0.0052480746025,0.0052480746025,0.0052480746025,0.0052480746025,1,X7 X10,0.928444444444,0.00658416382559,0.928444444444,0.00658416382559
0.0052480746025,0.0052480746025,0.0052480746025,0.0052480746025,1,X8 X11,0.948511111111,0.00599535793181,0.948511111111,0.00599535793181
0.0052480746025,0.0052480746025,0.0052480746025,0.0052480746025,1,X9 Y12 Z14,0.962177777778,0.0048768224481,0.962177777778,0.0048768224481
0.0052480746025,0.0052480746025,0.0052480746025,0.0052480746025,1,Y0 Z1 X2,0.968511111111,0.00359515780494,0.968511111111,0.00359515780494
0.0052480746025,0.0052480746025,0.0052480746025,0.0052480746025,1,Z3 Y5 X8,0.968444444444,0.00570362077198,0.968444444444,0.00570362077198
0.0052480746025,0.0052480746025,0.0052480746025,0.0052480746025,5,Logical X,0.968333333333,0.00438999210151,0.967066666667,0.00447247863428
0.0052480746025,0.0052480746025,0.0052480746025,0.0052480746025,5,Logical Y,0.0133111111111,0.0113346629826,0.00355555555556,0.0203760307937
0.0052480746025,0.0052480746025,0.0052480746025,0.0052480746025,5,Logical Z,0.0151111111111,0.0111696542009,0.00186666666667,0.0211822234442
0.0052480746025,0.0052480746025,0.0052480746025,0.0052480746025,5,X0 X1,0.956866666667,0.00537384042557,0.956866666667,0.00537384042557
0.0052480746025,0.0052480746025,0.0052480746025,0.0052480746025,5,X1 Z2 Y3 Y4 Z5 X7,0.916177777778,0.00673967684193,0.916177777778,0.00673967684193
0.0052480746025,0.0052480746025,0.0052480746025,0.0052480746025,5,X10 Z12 Y13 Y14 Z15 X16,0.929622222222,0.00736083314736,0.929622222222,0.00736083314736
0.0052480746025,0.0052480746025,0.0052480746025,0.0052480746025,5,X12 X14,0.942511111111,0.00548542711193,0.942511111111,0.00548542711193
0.0052480746025,0.0052480746025,0.0052480746025,0.0052480746025,5,X13 X15,0.947977777778,0.00541739311368,0.947977777778,0.00541739311368
0.0052480746025,0.0052480746025,0.0052480746025,0.0052480746025,5,X15 Z16 Y17,0.9684,0.00397540330251,0.9684,0.00397540330251
0.0052480746025,0.0052480746025,0.0052480746025,0.0052480746025,5,X16 X17,0.955044444444,0.00670033643196,0.955044444444,0.00670033643196
0.0052480746025,0.0052480746025,0.0052480746025,0.0052480746025,5,X2 X4,0.947755555556,0.00660774730096,0.947755555556,0.00660774730096
0.0052480746025,0.0052480746025,0.0052480746025,0.0052480746025,5,X3 X5,0.944088888889,0.00835740584388,0.944088888889,0.00835740584388
0.0052480746025,0.0052480746025,0.0052480746025,0.0052480746025,5,X4 Z6 Y7 Y9 Z10 X12,0.9222,0.00644968739033,0.9222,0.00644968739033
0.0052480746025,0.0052480746025,0.0052480746025,0.0052480746025,5,X5 Z7 Y8 Y10 Z11 X13,0.910133333333,0.00634004484072,0.910133333333,0.00634004484072
0.0052480746025,0.0052480746025,0.0052480746025,0.0052480746025,5,X6 X9,0.947155555556,0.00678726175232,0.947155555556,0.00678726175232
0.0052480746025,0.0052480746025,0.0052480746025,0.0052480746025,5,X7 X10,0.9294,0.00887089174246,0.9294,0.00887089174246
0.0052480746025,0.0052480746025,0.0052480746025,0.0052480746025,5,X8 X11,0.949533333333,0.0051376455988,0.949533333333,0.0051376455988
0.0052480746025,0.0052480746025,0.0052480746025,0.0052480746025,5,X9 Y12 Z14,0.961511111111,0.00546933866107,0.961511111111,0.00546933866107
0.0052480746025,0.0052480746025,0.0052480746025,0.0052480746025,5,Y0 Z1 X2,0.967688888889,0.00516318632007,0.967688888889,0.00516318632007
0.0052480746025,0.0052480746025,0.0052480746025,0.0052480746025,5,Z3 Y5 X8,0.9688,0.00362367692858,0.9688,0.00362367692858
0.0052480746025,0.0052480746025,0.0052480746025,0.0052480746025,10,Logical X,0.968666666667,0.00428129675632,0.969577777778,0.00401332391389
0.0052480746025,0.0052480746025,0.0052480746025,0.0052480746025,10,Logical Y,0.0125555555556,0.00809916193258,0.0038,0.0204202213654
0.0052480746025,0.0052480746025,0.0052480746025,0.0052480746025,10,Logical Z,0.0178,0.0144393566047,-0.00155555555556,0.0189569654468
0.0052480746025,0.0052480746025,0.0052480746025,0.0052480746025,10,X0 X1,0.954755555556,0.00608933074438,0.954755555556,0.00608933074438
0.0052480746025,0.0052480746025,0.0052480746025,0.0052480746025,10,X1 Z2 Y3 Y4 Z5 X7,0.915555555556,0.00747170054724,0.915555555556,0.00747170054724
0.0052480746025,0.0052480746025,0.0052480746025,0.0052480746025,10,X10 Z12 Y13 Y14 Z15 X16,0.930311111111,0.00514236653582,0.930311111111,0.00514236653582
0.0052480746025,0.0052480746025,0.0052480746025,0.0052480746025,10,X12 X14,0.942577777778,0.0051750457331,0.942577777778,0.0051750457331
0.0052480746025,0.0052480746025,0.0052480746025,0.0052480746025,10,X13 X15,0.947377777778,0.00471707855992,0.947377777778,0.00471707855992
0.0052480746025,0.0052480746025,0.0052480746025,0.0052480746025,10,X15 Z16 Y17,0.968555555556,0.00500140465582,0.968555555556,0.00500140465582
0.0052480746025,0.0052480746025,0.0052480746025,0.0052480746025,10,X16 X17,0.955311111111,0.0040777250563,0.955311111111,0.0040777250563
0.0052480746025,0.0052480746025,0.0052480746025,0.0052480746025,10,X2 X4,0.951577777778,0.00501792444868,0.951577777778,0.00501792444868
0.0052480746025,0.0052480746025,0.0052480746025,0.0052480746025,10,X3 X5,0.942511111111,0.00710443891963,0.942511111111,0.00710443891963
0.0052480746025,0.0052480746025,0.0052480746025,0.0052480746025,10,X4 Z6 Y7 Y9 Z10 X12,0.921333333333,0.00751804980011,0.921333333333,0.00751804980011
0.0052480746025,0.0052480746025,0.0052480746025,0.0052480746025,10,X5 Z7 Y8 Y10 Z11 X13,0.906955555556,0.00730020381458,0.906955555556,0.00730020381458
0.0052480746025,0.0052480746025,0.0052480746025,0.0052480746025,10,X6 X9,0.947244444444,0.00623359660968,0.947244444444,0.00623359660968
0.0052480746025,0.0052480746025,0.0052480746025,0.0052480746025,10,X7 X10,0.929288888889,0.00634133392625,0.929288888889,0.00634133392625
0.0052480746025,0.0052480746025,0.0052480746025,0.0052480746025,10,X8 X11,0.948088888889,0.00594156302135,0.948088888889,0.00594156302135
0.0052480746025,0.0052480746025,0.0052480746025,0.0052480746025,10,X9 Y12 Z14,0.962466666667,0.00451527844807,0.962466666667,0.00451527844807
0.0052480746025,0.0052480746025,0.0052480746025,0.0052480746025,10,Y0 Z1 X2,0.969111111111,0.00490002215441,0.969111111111,0.00490002215441
0.0052480746025,0.0052480746025,0.0052480746025,0.0052480746025,10,Z3 Y5 X8,0.967933333333,0.00542267129602,0.967933333333,0.00542267129602
0.00758577575029,0.00758577575029,0.00758577575029,0.00758577575029,1,Logical X,0.9548,0.00578119557031,0.954822222222,0.005245493109
0.00758577575029,0.00758577575029,0.00758577575029,0.00758577575029,1,Logical Y,0.0167333333333,0.0120055542701,0.00151111111111,0.0156972636738
0.00758577575029,0.00758577575029,0.00758577575029,0.00758577575029,1,Logical Z,0.0147111111111,0.0100037285514,-0.00451111111111,0.0171678067545
0.00758577575029,0.00758577575029,0.00758577575029,0.00758577575029,1,X0 X1,0.935088888889,0.0051446012571,0.935088888889,0.0051446012571
0.00758577575029,0.00758577575029,0.00758577575029,0.00758577575029,1,X1 Z2 Y3 Y4 Z5 X7,0.8804,0.00856545677757,0.8804,0.00856545677757
0.00758577575029,0.00758577575029,0.00758577575029,0.00758577575029,1,X10 Z12 Y13 Y14 Z15 X16,0.897933333333,0.0071809667542,0.897933333333,0.0071809667542
0.00758577575029,0.00758577575029,0.00758577575029,0.00758577575029,1,X12 X14,0.915422222222,0.00690767430038,0.915422222222,0.00690767430038
0.00758577575029,0.00758577575029,0.00758577575029,0.00758577575029,1,X13 X15,0.927377777778,0.0056783067287,0.927377777778,0.0056783067287
0.00758577575029,0.00758577575029,0.00758577575029,0.00758577575029,1,X15 Z16 Y17,0.955088888889,0.00563373346422,0.955088888889,0.00563373346422
0.00758577575029,0.00758577575029,0.00758577575029,0.00758577575029,1,X16 X17,0.936755555556,0.00595701932032,0.936755555556,0.00595701932032
0.00758577575029,0.00758577575029,0.00758577575029,0.00758577575029,1,X2 X4,0.926955555556,0.006793468428,0.926955555556,0.006793468428
0.00758577575029,0.00758577575029,0.00758577575029,0.00758577575029,1,X3 X5,0.915066666667,0.00756397997773,0.915066666667,0.00756397997773
0.00758577575029,0.00758577575029,0.00758577575029,0.00758577575029,1,X4 Z6 Y7 Y9 Z10 X12,0.887977777778,0.00745352565568,0.887977777778,0.00745352565568
0.00758577575029,0.00758577575029,0.00758577575029,0.00758577575029,1,X5 Z7 Y8 Y10 Z11 X13,0.873333333333,0.00833034429152,0.873333333333,0.00833034429152
0.00758577575029,0.00758577575029,0.00758577575029,0.00758577575029,1,X6 X9,0.927333333333,0.0062881022483,0.927333333333,0.0062881022483
0.00758577575029,0.00758577575029,0.00758577575029,0.00758577575029,1,X7 X10,0.899,0.00786621857286,0.899,0.00786621857286
0.00758577575029,0.00758577575029,0.00758577575029,0.00758577575029,1,X8 X11,0.9242,0.00790198578272,0.9242,0.00790198578272
0.00758577575029,0.00758577575029,0.00758577575029,0.00758577575029,1,X9 Y12 Z14,0.946311111111,0.00495414477453,0.946311111111,0.00495414477453
0.00758577575029,0.00758577575029,0.00758577575029,0.00758577575029,1,Y0 Z1 X2,0.954866666667,0.00573528435128,0.954866666667,0.00573528435128
0.00758577575029,0.00758577575029,0.00758577575029,0.00758577575029,1,Z3 Y5 X8,0.955,0.0064960937275,0.955,0.0064960937275
0.00758577575029,0.00758577575029,0.00758577575029,0.00758577575029,5,Logical X,0.955622222222,0.0043967362794,0.955533333333,0.00442961126271
0.00758577575029,0.00758577575029,0.00758577575029,0.00758577575029,5,Logical Y,0.0141777777778,0.00697435550701,-0.00184444444444,0.0219058825063
0.00758577575029,0.00758577575029,0.00758577575029,0.00758577575029,5,Logical Z,0.0144444444444,0.00875784632693,-0.000466666666667,0.0185151072209
0.00758577575029,0.00758577575029,0.00758577575029,0.00758577575029,5,X0 X1,0.937222222222,0.00718253166892,0.937222222222,0.00718253166892
0.00758577575029,0.00758577575029,0.00758577575029,0.00758577575029,5,X1 Z2 Y3 Y4 Z5 X7,0.880955555556,0.00903409180908,0.880955555556,0.00903409180908
0.00758577575029,0.00758577575029,0.00758577575029,0.00758577575029,5,X10 Z12 Y13 Y14 Z15 X16,0.898022222222,0.00736249860415,0.898022222222,0.00736249860415
0.00758577575029,0.00758577575029,0.00758577575029,0.00758577575029,5,X12 X14,0.916266666667,0.00711719088758,0.916266666667,0.00711719088758
0.00758577575029,0.00758577575029,0.00758577575029,0.00758577575029,5,X13 X15,0.9266,0.00552070293709,0.9266,0.00552070293709
0.00758577575029,0.00758577575029,0.00758577575029,0.00758577575029,5,X15 Z16 Y17,0.9542,0.00536242068058,0.9542,0.00536242068058
0.00758577575029,0.00758577575029,0.00758577575029,0.00758577575029,5,X16 X17,0.937,0.00725189894539,0.937,0.00725189894539
0.00758577575029,0.00758577575029,0.00758577575029,0.00758577575029,5,X2 X4,0.925577777778,0.00549324442885,0.925577777778,0.00549324442885
0.00758577575029,0.00758577575029,0.00758577575029,0.00758577575029,5,X3 X5,0.917444444444,0.00550884578334,0.917444444444,0.00550884578334
0.00758577575029,0.00758577575029,0.00758577575029,0.00758577575029,5,X4 Z6 Y7 Y9 Z10 X12,0.889244444444,0.00922886249423,0.889244444444,0.00922886249423
0.00758577575029,0.00758577575029,0.00758577575029,0.00758577575029,5,X5 Z7 Y8 Y10 Z11 X13,0.872577777778,0.00999729209824,0.872577777778,0.00999729209824
0.00758577575029,0.00758577575029,0.00758577575029,0.00758577575029,5,X6 X9,0.9254,0.0066605719267,0.9254,0.0066605719267
0.00758577575029,0.00758577575029,0.00758577575029,0.00758577575029,5,X7 X10,0.9014,0.00807123457633,0.9014,0.00807123457633
0.00758577575029,0.00758577575029,0.00758577575029,0.00758577575029,5,X8 X11,0.928933333333,0.00653338024848,0.928933333333,0.00653338024848
0.00758577575029,0.00758577575029,0.00758577575029,0.00758577575029,5,X9 Y12 Z14,0.946111111111,0.0064352557031,0.946111111111,0.0064352557031
0.00758577575029,0.00758577575029,0.00758577575029,0.00758577575029,5,Y0 Z1 X2,0.954844444444,0.00643251637558,0.954844444444,0.00643251637558
0.00758577575029,0.00758577575029,0.00758577575029,0.00758577575029,5,Z3 Y5 X8,0.9538,0.00555336355224,0.9538,0.00555336355224
0.00758577575029,0.00758577575029,0.00758577575029,0.00758577575029,10,Logical X,0.955111111111,0.0063760407209,0.954644444444,0.00400567923776
0.00758577575029,0.00758577575029,0.00758577575029,0.00758577575029,10,Logical Y,0.0144444444444,0.0105994047882,-0.00228888888889,0.0161028146164
0.00758577575029,0.00758577575029,0.00758577575029,0.00758577575029,10,Logical Z,0.0130666666667,0.0112778900774,0.00151111111111,0.0183126808091
0.00758577575029,0.00758577575029,0.00758577575029,0.00758577575029,10,X0 X1,0.934444444444,0.00666283414743,0.934444444444,0.00666283414743
0.00758577575029,0.00758577575029,0.00758577575029,0.00758577575029,10,X1 Z2 Y3 Y4 Z5 X7,0.880244444444,0.00967595009377,0.880244444444,0.00967595009377
0.00758577575029,0.00758577575029,0.00758577575029,0.00758577575029,10,X10 Z12 Y13 Y14 Z15 X16,0.898977777778,0.00837572360153,0.898977777778,0.00837572360153
0.00758577575029,0.00758577575029,0.00758577575029,0.00758577575029,10,X12 X14,0.914822222222,0.00657566239155,0.914822222222,0.00657566239155
0.00758577575029,0.00758577575029,0.00758577575029,0.00758577575029,10,X13 X15,0.926755555556,0.00673011948641,0.926755555556,0.00673011948641
0.00758577575029,0.00758577575029,0.00758577575029,0.00758577575029,10,X15 Z16 Y17,0.956755555556,0.00602862477938,0.956755555556,0.00602862477938
0.00758577575029,0.00758577575029,0.00758577575029,0.00758577575029,10,X16 X17,0.934177777778,0.00484529501479,0.934177777778,0.00484529501479
0.00758577575029,0.00758577575029,0.00758577575029,0.00758577575029,10,X2 X4,0.926777777778,0.00748348543651,0.926777777778,0.00748348543651
0.00758577575029,0.00758577575029,0.00758577575029,0.00758577575029,10,X3 X5,0.918466666667,0.00782793895943,0.918466666667,0.00782793895943
0.00758577575029,0.00758577575029,0.00758577575029,0.00758577575029,10,X4 Z6 Y7 Y9 Z10 X12,0.891044444444,0.00934922019545,0.891044444444,0.00934922019545
0.00758577575029,0.00758577575029,0.00758577575029,0.00758577575029,10,X5 Z7 Y8 Y10 Z11 X13,0.869644444444,0.00803390007699,0.869644444444,0.00803390007699
0.00758577575029,0.00758577575029,0.00758577575029,0.00758577575029,10,X6 X9,0.927777777778,0.00729106593037,0.927777777778,0.00729106593037
0.00758577575029,0.00758577575029,0.00758577575029,0.00758577575029,10,X7 X10,0.8968,0.00921501357003,0.8968,0.00921501357003
0.00758577575029,0.00758577575029,0.00758577575029,0.00758577575029,10,X8 X11,0.927222222222,0.00711607824606,0.927222222222,0.00711607824606
0.00758577575029,0.00758577575029,0.00758577575029,0.00758577575029,10,X9 Y12 Z14,0.944733333333,0.0062938271772,0.944733333333,0.0062938271772
0.00758577575029,0.00758577575029,0.00758577575029,0.00758577575029,10,Y0 Z1 X2,0.953688888889,0.00550508878714,0.953688888889,0.00550508878714
0.00758577575029,0.00758577575029,0.00758577575029,0.00758577575029,10,Z3 Y5 X8,0.956622222222,0.00551954613419,0.956622222222,0.00551954613419
0.0109647819614,0.0109647819614,0.0109647819614,0.0109647819614,1,Logical X,0.936377777778,0.0048254857682,0.934777777778,0.00507743360924
0.0109647819614,0.0109647819614,0.0109647819614,0.0109647819614,1,Logical Y,0.0146,0.013283066165,0.00168888888889,0.0176780343677
0.0109647819614,0.0109647819614,0.0109647819614,0.0109647819614,1,Logical Z,0.0140666666667,0.0100319031325,-0.00284444444444,0.0227294150622
0.0109647819614,0.0109647819614,0.0109647819614,0.0109647819614,1,X0 X1,0.905422222222,0.00850824857077,0.905422222222,0.00850824857077
0.0109647819614,0.0109647819614,0.0109647819614,0.0109647819614,1,X1 Z2 Y3 Y4 Z5 X7,0.831644444444,0.0105172484978,0.831644444444,0.0105172484978
0.0109647819614,0.0109647819614,0.0109647819614,0.0109647819614,1,X10 Z12 Y13 Y14 Z15 X16,0.856422222222,0.00706072908945,0.856422222222,0.00706072908945
0.0109647819614,0.0109647819614,0.0109647819614,0.0109647819614,1,X12 X14,0.88,0.00656707216205,0.88,0.00656707216205
0.0109647819614,0.0109647819614,0.0109647819614,0.0109647819614,1,X13 X15,0.893177777778,0.00677313451906,0.893177777778,0.00677313451906
0.0109647819614,0.0109647819614,0.0109647819614,0.0109647819614,1,X15 Z16 Y17,0.937755555556,0.00619599013411,0.937755555556,0.00619599013411
0.0109647819614,0.0109647819614,0.0109647819614,0.0109647819614,1,X16 X17,0.907533333333,0.00684620318748,0.907533333333,0.00684620318748
0.0109647819614,0.0109647819614,0.0109647819614,0.0109647819614,1,X2 X4,0.893022222222,0.00856927297592,0.893022222222,0.00856927297592
0.0109647819614,0.0109647819614,0.0109647819614,0.0109647819614,1,X3 X5,0.883955555556,0.00856605317063,0.883955555556,0.00856605317063
0.0109647819614,0.0109647819614,0.0109647819614,0.0109647819614,1,X4 Z6 Y7 Y9 Z10 X12,0.843177777778,0.012723626719,0.843177777778,0.012723626719
0.0109647819614,0.0109647819614,0.0109647819614,0.0109647819614,1,X5 Z7 Y8 Y10 Z11 X13,0.819866666667,0.00900302205541,0.819866666667,0.00900302205541
0.0109647819614,0.0109647819614,0.0109647819614,0.0109647819614,1,X6 X9,0.894622222222,0.00788991952687,0.894622222222,0.00788991952687
0.0109647819614,0.0109647819614,0.0109647819614,0.0109647819614,1,X7 X10,0.855,0.00857466642002,0.855,0.00857466642002
0.0109647819614,0.0109647819614,0.0109647819614,0.0109647819614,1,X8 X11,0.893844444444,0.00660821115443,0.893844444444,0.00660821115443
0.0109647819614,0.0109647819614,0.0109647819614,0.0109647819614,1,X9 Y12 Z14,0.9216,0.00698679652419,0.9216,0.00698679652419
0.0109647819614,0.0109647819614,0.0109647819614,0.0109647819614,1,Y0 Z1 X2,0.935866666667,0.00546223537809,0.935866666667,0.00546223537809
0.0109647819614,0.0109647819614,0.0109647819614,0.0109647819614,1,Z3 Y5 X8,0.936711111111,0.00744828059221,0.936711111111,0.00744828059221
0.0109647819614,0.0109647819614,0.0109647819614,0.0109647819614,5,Logical X,0.933755555556,0.00763232354578,0.936511111111,0.00679797881464
0.0109647819614,0.0109647819614,0.0109647819614,0.0109647819614,5,Logical Y,0.0142,0.011799279152,0.00231111111111,0.0178608785729
0.0109647819614,0.0109647819614,0.0109647819614,0.0109647819614,5,Logical Z,0.0122444444444,0.00965692467223,-0.00386666666667,0.0208798056391
0.0109647819614,0.0109647819614,0.0109647819614,0.0109647819614,5,X0 X1,0.907844444444,0.00684291917124,0.907844444444,0.00684291917124
0.0109647819614,0.0109647819614,0.0109647819614,0.0109647819614,5,X1 Z2 Y3 Y4 Z5 X7,0.833666666667,0.0112835281567,0.833666666667,0.0112835281567
0.0109647819614,0.0109647819614,0.0109647819614,0.0109647819614,5,X10 Z12 Y13 Y14 Z15 X16,0.859822222222,0.00754639968118,0.859822222222,0.00754639968118
0.0109647819614,0.0109647819614,0.0109647819614,0.0109647819614,5,X12 X14,0.8816,0.00856903451332,0.8816,0.00856903451332
0.0109647819614,0.0109647819614,0.0109647819614,0.0109647819614,5,X13 X15,0.897133333333,0.00855569985448,0.897133333333,0.00855569985448
0.0109647819614,0.0109647819614,0.0109647819614,0.0109647819614,5,X15 Z16 Y17,0.935311111111,0.00593575653303,0.935311111111,0.00593575653303
0.0109647819614,0.0109647819614,0.0109647819614,0.0109647819614,5,X16 X17,0.907355555556,0.00787932613439,0.907355555556,0.00787932613439
0.0109647819614,0.0109647819614,0.0109647819614,0.0109647819614,5,X2 X4,0.894777777778,0.00717399162329,0.894777777778,0.00717399162329
0.0109647819614,0.0109647819614,0.0109647819614,0.0109647819614,5,X3 X5,0.8826,0.00737677831018,0.8826,0.00737677831018
0.0109647819614,0.0109647819614,0.0109647819614,0.0109647819614,5,X4 Z6 Y7 Y9 Z10 X12,0.842111111111,0.0116304308645,0.842111111111,0.0116304308645
0.0109647819614,0.0109647819614,0.0109647819614,0.0109647819614,5,X5 Z7 Y8 Y10 Z11 X13,0.822022222222,0.0103153099523,0.822022222222,0.0103153099523
0.0109647819614,0.0109647819614,0.0109647819614,0.0109647819614,5,X6 X9,0.894222222222,0.00864512501138,0.894222222222,0.00864512501138
0.0109647819614,0.0109647819614,0.0109647819614,0.0109647819614,5,X7 X10,0.856933333333,0.0107019531286,0.856933333333,0.0107019531286
0.0109647819614,0.0109647819614,0.0109647819614,0.0109647819614,5,X8 X11,0.892933333333,0.0074434779495,0.892933333333,0.0074434779495
0.0109647819614,0.0109647819614,0.0109647819614,0.0109647819614,5,X9 Y12 Z14,0.921177777778,0.00608164963841,0.921177777778,0.00608164963841
0.0109647819614,0.0109647819614,0.0109647819614,0.0109647819614,5,Y0 Z1 X2,0.934644444444,0.00627708435461,0.934644444444,0.00627708435461
0.0109647819614,0.0109647819614,0.0109647819614,0.0109647819614,5,Z3 Y5 X8,0.934466666667,0.00656742220987,0.934466666667,0.00656742220987
0.0109647819614,0.0109647819614,0.0109647819614,0.0109647819614,10,Logical X,0.9372,0.00533735480569,0.936266666667,0.00595924858335
0.0109647819614,0.0109647819614,0.0109647819614,0.0109647819614,10,Logical Y,0.0131777777778,0.0101885418827,0.00533333333333,0.0153548075515
0.0109647819614,0.0109647819614,0.0109647819614,0.0109647819614,10,Logical Z,0.0137777777778,0.0132703493223,-0.000888888888889,0.0221131422468
0.0109647819614,0.0109647819614,0.0109647819614,0.0109647819614,10,X0 X1,0.909533333333,0.00797534515041,0.909533333333,0.00797534515041
0.0109647819614,0.0109647819614,0.0109647819614,0.0109647819614,10,X1 Z2 Y3 Y4 Z5 X7,0.830977777778,0.0110972480567,0.830977777778,0.0110972480567
0.0109647819614,0.0109647819614,0.0109647819614,0.0109647819614,10,X10 Z12 Y13 Y14 Z15 X16,0.861244444444,0.00953595066287,0.861244444444,0.00953595066287
0.0109647819614,0.0109647819614,0.0109647819614,0.0109647819614,10,X12 X14,0.881177777778,0.00919383990558,0.881177777778,0.00919383990558
0.0109647819614,0.0109647819614,0.0109647819614,0.0109647819614,10,X13 X15,0.895066666667,0.00798197202417,0.895066666667,0.00798197202417
0.0109647819614,0.0109647819614,0.0109647819614,0.0109647819614,10,X15 Z16 Y17,0.937355555556,0.00584469064062,0.937355555556,0.00584469064062
0.0109647819614,0.0109647819614,0.0109647819614,0.0109647819614,10,X16 X17,0.909844444444,0.00823911488259,0.909844444444,0.00823911488259
0.0109647819614,0.0109647819614,0.0109647819614,0.0109647819614,10,X2 X4,0.896022222222,0.00850058971735,0.896022222222,0.00850058971735
0.0109647819614,0.0109647819614,0.0109647819614,0.0109647819614,10,X3 X5,0.881511111111,0.0091992558975,0.881511111111,0.0091992558975
0.0109647819614,0.0109647819614,0.0109647819614,0.0109647819614,10,X4 Z6 Y7 Y9 Z10 X12,0.842844444444,0.00966081207304,0.842844444444,0.00966081207304
0.0109647819614,0.0109647819614,0.0109647819614,0.0109647819614,10,X5 Z7 Y8 Y10 Z11 X13,0.820822222222,0.00877244612314,0.820822222222,0.00877244612314
0.0109647819614,0.0109647819614,0.0109647819614,0.0109647819614,10,X6 X9,0.895422222222,0.00760264792213,0.895422222222,0.00760264792213
0.0109647819614,0.0109647819614,0.0109647819614,0.0109647819614,10,X7 X10,0.857866666667,0.00949192033912,0.857866666667,0.00949192033912
0.0109647819614,0.0109647819614,0.0109647819614,0.0109647819614,10,X8 X11,0.898155555556,0.00818124822247,0.898155555556,0.00818124822247
0.0109647819614,0.0109647819614,0.0109647819614,0.0109647819614,10,X9 Y12 Z14,0.9232,0.00608093560053,0.9232,0.00608093560053
0.0109647819614,0.0109647819614,0.0109647819614,0.0109647819614,10,Y0 Z1 X2,0.934133333333,0.00837328354916,0.934133333333,0.00837328354916
0.0109647819614,0.0109647819614,0.0109647819614,0.0109647819614,10,Z3 Y5 X8,0.936022222222,0.00563917151963,0.936022222222,0.00563917151963
0.0158489319246,0.0158489319246,0.0158489319246,0.0158489319246,1,Logical X,0.908777777778,0.00753857682095,0.9082,0.00764770268263
0.0158489319246,0.0158489319246,0.0158489319246,0.0158489319246,1,Logical Y,0.0149777777778,0.0108274283936,0.00297777777778,0.0185313100139
0.0158489319246,0.0158489319246,0.0158489319246,0.0158489319246,1,Logical Z,0.0107555555556,0.00713897796507,-0.000755555555556,0.0161617621031
0.0158489319246,0.0158489319246,0.0158489319246,0.0158489319246,1,X0 X1,0.869733333333,0.00799348393635,0.869733333333,0.00799348393635
0.0158489319246,0.0158489319246,0.0158489319246,0.0158489319246,1,X1 Z2 Y3 Y4 Z5 X7,0.762888888889,0.0137010594252,0.762888888889,0.0137010594252
0.0158489319246,0.0158489319246,0.0158489319246,0.0158489319246,1,X10 Z12 Y13 Y14 Z15 X16,0.800022222222,0.0131917579439,0.800022222222,0.0131917579439
0.0158489319246,0.0158489319246,0.0158489319246,0.0158489319246,1,X12 X14,0.831911111111,0.00902738843841,0.831911111111,0.00902738843841
0.0158489319246,0.0158489319246,0.0158489319246,0.0158489319246,1,X13 X15,0.849377777778,0.0116762631577,0.849377777778,0.0116762631577
0.0158489319246,0.0158489319246,0.0158489319246,0.0158489319246,1,X15 Z16 Y17,0.906444444444,0.00781262036944,0.906444444444,0.00781262036944
0.0158489319246,0.0158489319246,0.0158489319246,0.0158489319246,1,X16 X17,0.874288888889,0.00796290890712,0.874288888889,0.00796290890712
0.0158489319246,0.0158489319246,0.0158489319246,0.0158489319246,1,X2 X4,0.848955555556,0.00910674598732,0.848955555556,0.00910674598732
0.0158489319246,0.0158489319246,0.0158489319246,0.0158489319246,1,X3 X5,0.833333333333,0.00901425010641,0.833333333333,0.00901425010641
0.0158489319246,0.0158489319246,0.0158489319246,0.0158489319246,1,X4 Z6 Y7 Y9 Z10 X12,0.777488888889,0.0107848102822,0.777488888889,0.0107848102822
0.0158489319246,0.0158489319246,0.0158489319246,0.0158489319246,1,X5 Z7 Y8 Y10 Z11 X13,0.748666666667,0.0131760842211,0.748666666667,0.0131760842211
0.0158489319246,0.0158489319246,0.0158489319246,0.0158489319246,1,X6 X9,0.851288888889,0.0115787271362,0.851288888889,0.0115787271362
0.0158489319246,0.0158489319246,0.0158489319246,0.0158489319246,1,X7 X10,0.797044444444,0.0119560925117,0.797044444444,0.0119560925117
0.0158489319246,0.0158489319246,0.0158489319246,0.0158489319246,1,X8 X11,0.853266666667,0.0102255783263,0.853266666667,0.0102255783263
0.0158489319246,0.0158489319246,0.0158489319246,0.0158489319246,1,X9 Y12 Z14,0.890066666667,0.00937159644476,0.890066666667,0.00937159644476
0.0158489319246,0.0158489319246,0.0158489319246,0.0158489319246,1,Y0 Z1 X2,0.904088888889,0.00910851285258,0.904088888889,0.00910851285258
0.0158489319246,0.0158489319246,0.0158489319246,0.0158489319246,1,Z3 Y5 X8,0.910444444444,0.00891222989126,0.910444444444,0.00891222989126
0.0158489319246,0.0158489319246,0.0158489319246,0.0158489319246,5,Logical X,0.909422222222,0.00808144999192,0.909711111111,0.00603357993611
0.0158489319246,0.0158489319246,0.0158489319246,0.0158489319246,5,Logical Y,0.0175333333333,0.0105178556444,-0.00288888888889,0.0191275880143
0.0158489319246,0.0158489319246,0.0158489319246,0.0158489319246,5,Logical Z,0.0142666666667,0.0105388898483,-0.000822222222222,0.0174309218642
0.0158489319246,0.0158489319246,0.0158489319246,0.0158489319246,5,X0 X1,0.868622222222,0.00873436570775,0.868622222222,0.00873436570775
0.0158489319246,0.0158489319246,0.0158489319246,0.0158489319246,5,X1 Z2 Y3 Y4 Z5 X7,0.767466666667,0.0132796620924,0.767466666667,0.0132796620924
0.0158489319246,0.0158489319246,0.0158489319246,0.0158489319246,5,X10 Z12 Y13 Y14 Z15 X16,0.8018,0.0116844199898,0.8018,0.0116844199898
0.0158489319246,0.0158489319246,0.0158489319246,0.0158489319246,5,X12 X14,0.836866666667,0.0111556730924,0.836866666667,0.0111556730924
0.0158489319246,0.0158489319246,0.0158489319246,0.0158489319246,5,X13 X15,0.850044444444,0.00970828667379,0.850044444444,0.00970828667379
0.0158489319246,0.0158489319246,0.0158489319246,0.0158489319246,5,X15 Z16 Y17,0.905733333333,0.00756195356786,0.905733333333,0.00756195356786
0.0158489319246,0.0158489319246,0.0158489319246,0.0158489319246,5,X16 X17,0.870444444444,0.00906229328826,0.870444444444,0.00906229328826
0.0158489319246,0.0158489319246,0.0158489319246,0.0158489319246,5,X2 X4,0.853044444444,0.00873041687432,0.853044444444,0.00873041687432
0.0158489319246,0.0158489319246,0.0158489319246,0.0158489319246,5,X3 X5,0.829422222222,0.0123929696216,0.829422222222,0.0123929696216
0.0158489319246,0.0158489319246,0.0158489319246,0.0158489319246,5,X4 Z6 Y7 Y9 Z10 X12,0.785377777778,0.00862311485682,0.785377777778,0.00862311485682
0.0158489319246,0.0158489319246,0.0158489319246,0.0158489319246,5,X5 Z7 Y8 Y10 Z11 X13,0.748155555556,0.0113254649269,0.748155555556,0.0113254649269
0.0158489319246,0.0158489319246,0.0158489319246,0.0158489319246,5,X6 X9,0.851644444444,0.00935913237838,0.851644444444,0.00935913237838
0.0158489319246,0.0158489319246,0.0158489319246,0.0158489319246,5,X7 X10,0.797422222222,0.00957604503799,0.797422222222,0.00957604503799
0.0158489319246,0.0158489319246,0.0158489319246,0.0158489319246,5,X8 X11,0.852977777778,0.0115916912155,0.852977777778,0.0115916912155
0.0158489319246,0.0158489319246,0.0158489319246,0.0158489319246,5,X9 Y12 Z14,0.8898,0.00774725263378,0.8898,0.00774725263378
0.0158489319246,0.0158489319246,0.0158489319246,0.0158489319246,5,Y0 Z1 X2,0.9086,0.00603527307359,0.9086,0.00603527307359
0.0158489319246,0.0158489319246,0.0158489319246,0.0158489319246,5,Z3 Y5 X8,0.909422222222,0.00836473776058,0.909422222222,0.00836473776058
0.0158489319246,0.0158489319246,0.0158489319246,0.0158489319246,10,Logical X,0.905488888889,0.00718807725762,0.911355555556,0.00657985625234
0.0158489319246,0.0158489319246,0.0158489319246,0.0158489319246,10,Logical Y,0.0128222222222,0.011990651957,0.00244444444444,0.0175226909997
0.0158489319246,0.0158489319246,0.0158489319246,0.0158489319246,10,Logical Z,0.0143555555556,0.0106792071876,0.0036,0.0165578979546
0.0158489319246,0.0158489319246,0.0158489319246,0.0158489319246,10,X0 X1,0.869666666667,0.00994660072087,0.869666666667,0.00994660072087
0.0158489319246,0.0158489319246,0.0158489319246,0.0158489319246,10,X1 Z2 Y3 Y4 Z5 X7,0.768266666667,0.0102274516026,0.768266666667,0.0102274516026
0.0158489319246,0.0158489319246,0.0158489319246,0.0158489319246,10,X10 Z12 Y13 Y14 Z15 X16,0.798155555556,0.00891111206658,0.798155555556,0.00891111206658
0.0158489319246,0.0158489319246,0.0158489319246,0.0158489319246,10,X12 X14,0.833844444444,0.00907809174225,0.833844444444,0.00907809174225
0.0158489319246,0.0158489319246,0.0158489319246,0.0158489319246,10,X13 X15,0.849911111111,0.0100202604463,0.849911111111,0.0100202604463
0.0158489319246,0.0158489319246,0.0158489319246,0.0158489319246,10,X15 Z16 Y17,0.906977777778,0.00624587731205,0.906977777778,0.00624587731205
0.0158489319246,0.0158489319246,0.0158489319246,0.0158489319246,10,X16 X17,0.870533333333,0.00883982628425,0.870533333333,0.00883982628425
0.0158489319246,0.0158489319246,0.0158489319246,0.0158489319246,10,X2 X4,0.850288888889,0.0101448261102,0.850288888889,0.0101448261102
0.0158489319246,0.0158489319246,0.0158489319246,0.0158489319246,10,X3 X5,0.833511111111,0.0081083341701,0.833511111111,0.0081083341701
0.0158489319246,0.0158489319246,0.0158489319246,0.0158489319246,10,X4 Z6 Y7 Y9 Z10 X12,0.779155555556,0.0132143348767,0.779155555556,0.0132143348767
0.0158489319246,0.0158489319246,0.0158489319246,0.0158489319246,10,X5 Z7 Y8 Y10 Z11 X13,0.746533333333,0.0150955069309,0.746533333333,0.0150955069309
0.0158489319246,0.0158489319246,0.0158489319246,0.0158489319246,10,X6 X9,0.850222222222,0.00849310440756,0.850222222222,0.00849310440756
0.0158489319246,0.0158489319246,0.0158489319246,0.0158489319246,10,X7 X10,0.802177777778,0.0104150397197,0.802177777778,0.0104150397197
0.0158489319246,0.0158489319246,0.0158489319246,0.0158489319246,10,X8 X11,0.853822222222,0.00724171257519,0.853822222222,0.00724171257519
0.0158489319246,0.0158489319246,0.0158489319246,0.0158489319246,10,X9 Y12 Z14,0.889222222222,0.0102416523651,0.889222222222,0.0102416523651
0.0158489319246,0.0158489319246,0.0158489319246,0.0158489319246,10,Y0 Z1 X2,0.906355555556,0.00917723876591,0.906355555556,0.00917723876591
0.0158489319246,0.0158489319246,0.0158489319246,0.0158489319246,10,Z3 Y5 X8,0.907222222222,0.00663228683094,0.907222222222,0.00663228683094
0.0229086765277,0.0229086765277,0.0229086765277,0.0229086765277,1,Logical X,0.869111111111,0.00966144660219,0.868111111111,0.00967214800335
0.0229086765277,0.0229086765277,0.0229086765277,0.0229086765277,1,Logical Y,0.0170888888889,0.0108482861734,-0.00242222222222,0.0187547048163
0.0229086765277,0.0229086765277,0.0229086765277,0.0229086765277,1,Logical Z,0.0147111111111,0.012349859488,-0.0026,0.0161585534803
0.0229086765277,0.0229086765277,0.0229086765277,0.0229086765277,1,X0 X1,0.82,0.00914422540391,0.82,0.00914422540391
0.0229086765277,0.0229086765277,0.0229086765277,0.0229086765277,1,X1 Z2 Y3 Y4 Z5 X7,0.681177777778,0.015764243291,0.681177777778,0.015764243291
0.0229086765277,0.0229086765277,0.0229086765277,0.0229086765277,1,X10 Z12 Y13 Y14 Z15 X16,0.721533333333,0.0127265974842,0.721533333333,0.0127265974842
0.0229086765277,0.0229086765277,0.0229086765277,0.0229086765277,1,X12 X14,0.763355555556,0.011384581,0.763355555556,0.011384581
0.0229086765277,0.0229086765277,0.0229086765277,0.0229086765277,1,X13 X15,0.793666666667,0.00948764067988,0.793666666667,0.00948764067988
0.0229086765277,0.0229086765277,0.0229086765277,0.0229086765277,1,X15 Z16 Y17,0.869222222222,0.00937279561142,0.869222222222,0.00937279561142
0.0229086765277,0.0229086765277,0.0229086765277,0.0229086765277,1,X16 X17,0.818,0.00849430731166,0.818,0.00849430731166
0.0229086765277,0.0229086765277,0.0229086765277,0.0229086765277,1,X2 X4,0.792622222222,0.0104135681215,0.792622222222,0.0104135681215
0.0229086765277,0.0229086765277,0.0229086765277,0.0229086765277,1,X3 X5,0.771444444444,0.0131843205766,0.771444444444,0.0131843205766
0.0229086765277,0.0229086765277,0.0229086765277,0.0229086765277,1,X4 Z6 Y7 Y9 Z10 X12,0.695822222222,0.0101497346599,0.695822222222,0.0101497346599
0.0229086765277,0.0229086765277,0.0229086765277,0.0229086765277,1,X5 Z7 Y8 Y10 Z11 X13,0.657577777778,0.0101006176866,0.657577777778,0.0101006176866
0.0229086765277,0.0229086765277,0.0229086765277,0.0229086765277,1,X6 X9,0.790355555556,0.012030272586,0.790355555556,0.012030272586
0.0229086765277,0.0229086765277,0.0229086765277,0.0229086765277,1,X7 X10,0.719311111111,0.0136900370221,0.719311111111,0.0136900370221
0.0229086765277,0.0229086765277,0.0229086765277,0.0229086765277,1,X8 X11,0.790377777778,0.0117531224622,0.790377777778,0.0117531224622
0.0229086765277,0.0229086765277,0.0229086765277,0.0229086765277,1,X9 Y12 Z14,0.843533333333,0.010727056064,0.843533333333,0.010727056064
0.0229086765277,0.0229086765277,0.0229086765277,0.0229086765277,1,Y0 Z1 X2,0.870577777778,0.00859427472855,0.870577777778,0.00859427472855
0.0229086765277,0.0229086765277,0.0229086765277,0.0229086765277,1,Z3 Y5 X8,0.868733333333,0.00981101109455,0.868733333333,0.00981101109455
0.0229086765277,0.0229086765277,0.0229086765277,0.0229086765277,5,Logical X,0.866644444444,0.00625997033603,0.870155555556,0.00772651965652
0.0229086765277,0.0229086765277,0.0229086765277,0.0229086765277,5,Logical Y,0.0134666666667,0.0102884080885,0.000444444444444,0.0175489099406
0.0229086765277,0.0229086765277,0.0229086765277,0.0229086765277,5,Logical Z,0.0124666666667,0.0132816815627,-0.00284444444444,0.0169135130028
0.0229086765277,0.0229086765277,0.0229086765277,0.0229086765277,5,X0 X1,0.819377777778,0.0105422824393,0.819377777778,0.0105422824393
0.0229086765277,0.0229086765277,0.0229086765277,0.0229086765277,5,X1 Z2 Y3 Y4 Z5 X7,0.677333333333,0.0140573537838,0.677333333333,0.0140573537838
0.0229086765277,0.0229086765277,0.0229086765277,0.0229086765277,5,X10 Z12 Y13 Y14 Z15 X16,0.720711111111,0.00913237403022,0.720711111111,0.00913237403022
0.0229086765277,0.0229086765277,0.0229086765277,0.0229086765277,5,X12 X14,0.771022222222,0.00930658454881,0.771022222222,0.00930658454881
0.0229086765277,0.0229086765277,0.0229086765277,0.0229086765277,5,X13 X15,0.792933333333,0.0101522509442,0.792933333333,0.0101522509442
0.0229086765277,0.0229086765277,0.0229086765277,0.0229086765277,5,X15 Z16 Y17,0.868977777778,0.00991880188867,0.868977777778,0.00991880188867
0.0229086765277,0.0229086765277,0.0229086765277,0.0229086765277,5,X16 X17,0.815911111111,0.010579722285,0.815911111111,0.010579722285
0.0229086765277,0.0229086765277,0.0229086765277,0.0229086765277,5,X2 X4,0.791155555556,0.0110712541846,0.791155555556,0.0110712541846
0.0229086765277,0.0229086765277,0.0229086765277,0.0229086765277,5,X3 X5,0.767666666667,0.011174341161,0.767666666667,0.011174341161
0.0229086765277,0.0229086765277,0.0229086765277,0.0229086765277,5,X4 Z6 Y7 Y9 Z10 X12,0.697777777778,0.0121980255086,0.697777777778,0.0121980255086
0.0229086765277,0.0229086765277,0.0229086765277,0.0229086765277,5,X5 Z7 Y8 Y10 Z11 X13,0.658311111111,0.0138892536351,0.658311111111,0.0138892536351
0.0229086765277,0.0229086765277,0.0229086765277,0.0229086765277,5,X6 X9,0.792955555556,0.00826511541495,0.792955555556,0.00826511541495
0.0229086765277,0.0229086765277,0.0229086765277,0.0229086765277,5,X7 X10,0.724333333333,0.0167503645526,0.724333333333,0.0167503645526
0.0229086765277,0.0229086765277,0.0229086765277,0.0229086765277,5,X8 X11,0.793888888889,0.0128630670128,0.793888888889,0.0128630670128
0.0229086765277,0.0229086765277,0.0229086765277,0.0229086765277,5,X9 Y12 Z14,0.845111111111,0.0109912306854,0.845111111111,0.0109912306854
0.0229086765277,0.0229086765277,0.0229086765277,0.0229086765277,5,Y0 Z1 X2,0.873377777778,0.00759901855597,0.873377777778,0.00759901855597
0.0229086765277,0.0229086765277,0.0229086765277,0.0229086765277,5,Z3 Y5 X8,0.871222222222,0.00993632344618,0.871222222222,0.00993632344618
0.0229086765277,0.0229086765277,0.0229086765277,0.0229086765277,10,Logical X,0.870066666667,0.00854171642823,0.8704,0.008353492857
0.0229086765277,0.0229086765277,0.0229086765277,0.0229086765277,10,Logical Y,0.0150444444444,0.012548979392,0.0004,0.0243924490546
0.0229086765277,0.0229086765277,0.0229086765277,0.0229086765277,10,Logical Z,0.0160888888889,0.0121140598892,0.00391111111111,0.0149673804538
0.0229086765277,0.0229086765277,0.0229086765277,0.0229086765277,10,X0 X1,0.819111111111,0.00958340413101,0.819111111111,0.00958340413101
0.0229086765277,0.0229086765277,0.0229086765277,0.0229086765277,10,X1 Z2 Y3 Y4 Z5 X7,0.676777777778,0.0127048225475,0.676777777778,0.0127048225475
0.0229086765277,0.0229086765277,0.0229086765277,0.0229086765277,10,X10 Z12 Y13 Y14 Z15 X16,0.721,0.014084310991,0.721,0.014084310991
0.0229086765277,0.0229086765277,0.0229086765277,0.0229086765277,10,X12 X14,0.768111111111,0.0107540719663,0.768111111111,0.0107540719663
0.0229086765277,0.0229086765277,0.0229086765277,0.0229086765277,10,X13 X15,0.793311111111,0.0100488970567,0.793311111111,0.0100488970567
0.0229086765277,0.0229086765277,0.0229086765277,0.0229086765277,10,X15 Z16 Y17,0.866088888889,0.00818508752102,0.866088888889,0.00818508752102
0.0229086765277,0.0229086765277,0.0229086765277,0.0229086765277,10,X16 X17,0.819333333333,0.0121648951631,0.819333333333,0.0121648951631
0.0229086765277,0.0229086765277,0.0229086765277,0.0229086765277,10,X2 X4,0.793644444444,0.0116930517186,0.793644444444,0.0116930517186
0.0229086765277,0.0229086765277,0.0229086765277,0.0229086765277,10,X3 X5,0.768133333333,0.0109424128266,0.768133333333,0.0109424128266
0.0229086765277,0.0229086765277,0.0229086765277,0.0229086765277,10,X4 Z6 Y7 Y9 Z10 X12,0.703888888889,0.0132330520058,0.703888888889,0.0132330520058
0.0229086765277,0.0229086765277,0.0229086765277,0.0229086765277,10,X5 Z7 Y8 Y10 Z11 X13,0.654133333333,0.0130079845801,0.654133333333,0.0130079845801
0.0229086765277,0.0229086765277,0.0229086765277,0.0229086765277,10,X6 X9,0.790866666667,0.0103785071162,0.790866666667,0.0103785071162
0.0229086765277,0.0229086765277,0.0229086765277,0.0229086765277,10,X7 X10,0.724977777778,0.0107934041634,0.724977777778,0.0107934041634
0.0229086765277,0.0229086765277,0.0229086765277,0.0229086765277,10,X8 X11,0.7914,0.0131590331429,0.7914,0.0131590331429
0.0229086765277,0.0229086765277,0.0229086765277,0.0229086765277,10,X9 Y12 Z14,0.841977777778,0.0119571179312,0.841977777778,0.0119571179312
0.0229086765277,0.0229086765277,0.0229086765277,0.0229086765277,10,Y0 Z1 X2,0.868533333333,0.00965837932511,0.868533333333,0.00965837932511
0.0229086765277,0.0229086765277,0.0229086765277,0.0229086765277,10,Z3 Y5 X8,0.868755555556,0.00922221760606,0.868755555556,0.00922221760606
0.0331131121483,0.0331131121483,0.0331131121483,0.0331131121483,1,Logical X,0.814711111111,0.0107395974201,0.811844444444,0.00984116513884
0.0331131121483,0.0331131121483,0.0331131121483,0.0331131121483,1,Logical Y,0.0144444444444,0.00997672898941,-0.0028,0.0197333954643
0.0331131121483,0.0331131121483,0.0331131121483,0.0331131121483,1,Logical Z,0.0140888888889,0.0106806421856,-0.00324444444444,0.0179644035709
0.0331131121483,0.0331131121483,0.0331131121483,0.0331131121483,1,X0 X1,0.746377777778,0.0155419918972,0.746377777778,0.0155419918972
0.0331131121483,0.0331131121483,0.0331131121483,0.0331131121483,1,X1 Z2 Y3 Y4 Z5 X7,0.567488888889,0.016517199519,0.567488888889,0.016517199519
0.0331131121483,0.0331131121483,0.0331131121483,0.0331131121483,1,X10 Z12 Y13 Y14 Z15 X16,0.624933333333,0.0139792950343,0.624933333333,0.0139792950343
0.0331131121483,0.0331131121483,0.0331131121483,0.0331131121483,1,X12 X14,0.6812,0.0116808124422,0.6812,0.0116808124422
0.0331131121483,0.0331131121483,0.0331131121483,0.0331131121483,1,X13 X15,0.711022222222,0.0113808784089,0.711022222222,0.0113808784089
0.0331131121483,0.0331131121483,0.0331131121483,0.0331131121483,1,X15 Z16 Y17,0.817911111111,0.0110307592696,0.817911111111,0.0110307592696
0.0331131121483,0.0331131121483,0.0331131121483,0.0331131121483,1,X16 X17,0.746155555556,0.0142723195733,0.746155555556,0.0142723195733
0.0331131121483,0.0331131121483,0.0331131121483,0.0331131121483,1,X2 X4,0.711866666667,0.0139263525382,0.711866666667,0.0139263525382
0.0331131121483,0.0331131121483,0.0331131121483,0.0331131121483,1,X3 X5,0.682444444444,0.0152046910823,0.682444444444,0.0152046910823
0.0331131121483,0.0331131121483,0.0331131121483,0.0331131121483,1,X4 Z6 Y7 Y9 Z10 X12,0.599466666667,0.0138568488675,0.599466666667,0.0138568488675
0.0331131121483,0.0331131121483,0.0331131121483,0.0331131121483,1,X5 Z7 Y8 Y10 Z11 X13,0.544311111111,0.0135224896632,0.544311111111,0.0135224896632
0.0331131121483,0.0331131121483,0.0331131121483,0.0331131121483,1,X6 X9,0.7116,0.0150193744609,0.7116,0.0150193744609
0.0331131121483,0.0331131121483,0.0331131121483,0.0331131121483,1,X7 X10,0.623822222222,0.0153995903148,0.623822222222,0.0153995903148
0.0331131121483,0.0331131121483,0.0331131121483,0.0331131121483,1,X8 X11,0.715177777778,0.0176015354027,0.715177777778,0.0176015354027
0.0331131121483,0.0331131121483,0.0331131121483,0.0331131121483,1,X9 Y12 Z14,0.779022222222,0.0129788904157,0.779022222222,0.0129788904157
0.0331131121483,0.0331131121483,0.0331131121483,0.0331131121483,1,Y0 Z1 X2,0.815488888889,0.00836098095646,0.815488888889,0.00836098095646
0.0331131121483,0.0331131121483,0.0331131121483,0.0331131121483,1,Z3 Y5 X8,0.8152,0.0107402633443,0.8152,0.0107402633443
0.0331131121483,0.0331131121483,0.0331131121483,0.0331131121483,5,Logical X,0.813111111111,0.0100395132506,0.815177777778,0.0118556882361
0.0331131121483,0.0331131121483,0.0331131121483,0.0331131121483,5,Logical Y,0.0151777777778,0.0100918135076,0.00104444444444,0.0197087477579
0.0331131121483,0.0331131121483,0.0331131121483,0.0331131121483,5,Logical Z,0.0146888888889,0.0128181902995,-0.00206666666667,0.0225625397337
0.0331131121483,0.0331131121483,0.0331131121483,0.0331131121483,5,X0 X1,0.747133333333,0.0129368048428,0.747133333333,0.0129368048428
0.0331131121483,0.0331131121483,0.0331131121483,0.0331131121483,5,X1 Z2 Y3 Y4 Z5 X7,0.569688888889,0.0167640678805,0.569688888889,0.0167640678805
0.0331131121483,0.0331131121483,0.0331131121483,0.0331131121483,5,X10 Z12 Y13 Y14 Z15 X16,0.620244444444,0.0119121732814,0.620244444444,0.0119121732814
0.0331131121483,0.0331131121483,0.0331131121483,0.0331131121483,5,X12 X14,0.685511111111,0.0125395109908,0.685511111111,0.0125395109908
0.0331131121483,0.0331131121483,0.0331131121483,0.0331131121483,5,X13 X15,0.706422222222,0.0112722944977,0.706422222222,0.0112722944977
0.0331131121483,0.0331131121483,0.0331131121483,0.0331131121483,5,X15 Z16 Y17,0.819955555556,0.00830811509914,0.819955555556,0.00830811509914
0.0331131121483,0.0331131121483,0.0331131121483,0.0331131121483,5,X16 X17,0.744377777778,0.0124656565247,0.744377777778,0.0124656565247
0.0331131121483,0.0331131121483,0.0331131121483,0.0331131121483,5,X2 X4,0.715777777778,0.0112325926061,0.715777777778,0.0112325926061
0.0331131121483,0.0331131121483,0.0331131121483,0.0331131121483,5,X3 X5,0.681955555556,0.0113136181912,0.681955555556,0.0113136181912
0.0331131121483,0.0331131121483,0.0331131121483,0.0331131121483,5,X4 Z6 Y7 Y9 Z10 X12,0.598066666667,0.0144034372228,0.598066666667,0.0144034372228
0.0331131121483,0.0331131121483,0.0331131121483,0.0331131121483,5,X5 Z7 Y8 Y10 Z11 X13,0.540422222222,0.0132947526114,0.540422222222,0.0132947526114
0.0331131121483,0.0331131121483,0.0331131121483,0.0331131121483,5,X6 X9,0.712177777778,0.0114870352818,0.712177777778,0.0114870352818
0.0331131121483,0.0331131121483,0.0331131121483,0.0331131121483,5,X7 X10,0.622333333333,0.0118531887816,0.622333333333,0.0118531887816
0.0331131121483,0.0331131121483,0.0331131121483,0.0331131121483,5,X8 X11,0.713266666667,0.0106369557481,0.713266666667,0.0106369557481
0.0331131121483,0.0331131121483,0.0331131121483,0.0331131121483,5,X9 Y12 Z14,0.777555555556,0.0113046741539,0.777555555556,0.0113046741539
0.0331131121483,0.0331131121483,0.0331131121483,0.0331131121483,5,Y0 Z1 X2,0.813977777778,0.010959323375,0.813977777778,0.010959323375
0.0331131121483,0.0331131121483,0.0331131121483,0.0331131121483,5,Z3 Y5 X8,0.811377777778,0.00913405204544,0.811377777778,0.00913405204544
0.0331131121483,0.0331131121483,0.0331131121483,0.0331131121483,10,Logical X,0.815333333333,0.011688157546,0.815533333333,0.0111391752861
0.0331131121483,0.0331131121483,0.0331131121483,0.0331131121483,10,Logical Y,0.0180888888889,0.0126184603967,-0.000844444444444,0.0188626276765
0.0331131121483,0.0331131121483,0.0331131121483,0.0331131121483,10,Logical Z,0.0156666666667,0.0109959936975,-0.00637777777778,0.0211099535879
0.0331131121483,0.0331131121483,0.0331131121483,0.0331131121483,10,X0 X1,0.746444444444,0.0132437604287,0.746444444444,0.0132437604287
0.0331131121483,0.0331131121483,0.0331131121483,0.0331131121483,10,X1 Z2 Y3 Y4 Z5 X7,0.568133333333,0.0119928458879,0.568133333333,0.0119928458879
0.0331131121483,0.0331131121483,0.0331131121483,0.0331131121483,10,X10 Z12 Y13 Y14 Z15 X16,0.622288888889,0.0120289348899,0.622288888889,0.0120289348899
0.0331131121483,0.0331131121483,0.0331131121483,0.0331131121483,10,X12 X14,0.679888888889,0.0152778439567,0.679888888889,0.0152778439567
0.0331131121483,0.0331131121483,0.0331131121483,0.0331131121483,10,X13 X15,0.712711111111,0.0147166685108,0.712711111111,0.0147166685108
0.0331131121483,0.0331131121483,0.0331131121483,0.0331131121483,10,X15 Z16 Y17,0.816066666667,0.00915318758203,0.816066666667,0.00915318758203
0.0331131121483,0.0331131121483,0.0331131121483,0.0331131121483,10,X16 X17,0.738733333333,0.0152751018207,0.738733333333,0.0152751018207
0.0331131121483,0.0331131121483,0.0331131121483,0.0331131121483,10,X2 X4,0.710266666667,0.0128720196119,0.710266666667,0.0128720196119
0.0331131121483,0.0331131121483,0.0331131121483,0.0331131121483,10,X3 X5,0.680933333333,0.0142227490324,0.680933333333,0.0142227490324
0.0331131121483,0.0331131121483,0.0331131121483,0.0331131121483,10,X4 Z6 Y7 Y9 Z10 X12,0.594311111111,0.0157477562309,0.594311111111,0.0157477562309
0.0331131121483,0.0331131121483,0.0331131121483,0.0331131121483,10,X5 Z7 Y8 Y10 Z11 X13,0.542355555556,0.0156687289749,0.542355555556,0.0156687289749
0.0331131121483,0.0331131121483,0.0331131121483,0.0331131121483,10,X6 X9,0.710888888889,0.00995058031128,0.710888888889,0.00995058031128
0.0331131121483,0.0331131121483,0.0331131121483,0.0331131121483,10,X7 X10,0.617466666667,0.0155535411942,0.617466666667,0.0155535411942
0.0331131121483,0.0331131121483,0.0331131121483,0.0331131121483,10,X8 X11,0.714577777778,0.015556825345,0.714577777778,0.015556825345
0.0331131121483,0.0331131121483,0.0331131121483,0.0331131121483,10,X9 Y12 Z14,0.780088888889,0.0139124061434,0.780088888889,0.0139124061434
0.0331131121483,0.0331131121483,0.0331131121483,0.0331131121483,10,Y0 Z1 X2,0.815533333333,0.0103474504976,0.815533333333,0.0103474504976
0.0331131121483,0.0331131121483,0.0331131121483,0.0331131121483,10,Z3 Y5 X8,0.811822222222,0.0101240328362,0.811822222222,0.0101240328362
0.0478630092323,0.0478630092323,0.0478630092323,0.0478630092323,1,Logical X,0.739955555556,0.0132848928499,0.7398,0.0137243246873
0.0478630092323,0.0478630092323,0.0478630092323,0.0478630092323,1,Logical Y,0.0158888888889,0.00985734777901,-0.000933333333333,0.0132174272512
0.0478630092323,0.0478630092323,0.0478630092323,0.0478630092323,1,Logical Z,0.0123777777778,0.0111302746619,-0.00204444444444,0.0213433405647
0.0478630092323,0.0478630092323,0.0478630092323,0.0478630092323,1,X0 X1,0.653844444444,0.0157856167457,0.653844444444,0.0157856167457
0.0478630092323,0.0478630092323,0.0478630092323,0.0478630092323,1,X1 Z2 Y3 Y4 Z5 X7,0.433555555556,0.0172973395809,0.433555555556,0.0172973395809
0.0478630092323,0.0478630092323,0.0478630092323,0.0478630092323,1,X10 Z12 Y13 Y14 Z15 X16,0.4952,0.0163986729675,0.4952,0.0163986729675
0.0478630092323,0.0478630092323,0.0478630092323,0.0478630092323,1,X12 X14,0.571533333333,0.0164916326166,0.571533333333,0.0164916326166
0.0478630092323,0.0478630092323,0.0478630092323,0.0478630092323,1,X13 X15,0.608911111111,0.0145822895083,0.608911111111,0.0145822895083
0.0478630092323,0.0478630092323,0.0478630092323,0.0478630092323,1,X15 Z16 Y17,0.744444444444,0.0102614605898,0.744444444444,0.0102614605898
0.0478630092323,0.0478630092323,0.0478630092323,0.0478630092323,1,X16 X17,0.651422222222,0.0156657943835,0.651422222222,0.0156657943835
0.0478630092323,0.0478630092323,0.0478630092323,0.0478630092323,1,X2 X4,0.605977777778,0.0135165382829,0.605977777778,0.0135165382829
0.0478630092323,0.0478630092323,0.0478630092323,0.0478630092323,1,X3 X5,0.569533333333,0.018320392507,0.569533333333,0.018320392507
0.0478630092323,0.0478630092323,0.0478630092323,0.0478630092323,1,X4 Z6 Y7 Y9 Z10 X12,0.466088888889,0.0129434174851,0.466088888889,0.0129434174851
0.0478630092323,0.0478630092323,0.0478630092323,0.0478630092323,1,X5 Z7 Y8 Y10 Z11 X13,0.404466666667,0.0143114240465,0.404466666667,0.0143114240465
0.0478630092323,0.0478630092323,0.0478630092323,0.0478630092323,1,X6 X9,0.615111111111,0.0144172452434,0.615111111111,0.0144172452434
0.0478630092323,0.0478630092323,0.0478630092323,0.0478630092323,1,X7 X10,0.503177777778,0.0148676751715,0.503177777778,0.0148676751715
0.0478630092323,0.0478630092323,0.0478630092323,0.0478630092323,1,X8 X11,0.610377777778,0.0143301876616,0.610377777778,0.0143301876616
0.0478630092323,0.0478630092323,0.0478630092323,0.0478630092323,1,X9 Y12 Z14,0.694644444444,0.0159284639636,0.694644444444,0.0159284639636
0.0478630092323,0.0478630092323,0.0478630092323,0.0478630092323,1,Y0 Z1 X2,0.744111111111,0.0143049259617,0.744111111111,0.0143049259617
0.0478630092323,0.0478630092323,0.0478630092323,0.0478630092323,1,Z3 Y5 X8,0.741777777778,0.0135027550285,0.741777777778,0.0135027550285
0.0478630092323,0.0478630092323,0.0478630092323,0.0478630092323,5,Logical X,0.739777777778,0.0123639983283,0.741822222222,0.0134157605415
0.0478630092323,0.0478630092323,0.0478630092323,0.0478630092323,5,Logical Y,0.0139111111111,0.00887846131665,0.00444444444444,0.0195421409929
0.0478630092323,0.0478630092323,0.0478630092323,0.0478630092323,5,Logical Z,0.0127333333333,0.00828117007299,-0.00564444444444,0.0154133179546
0.0478630092323,0.0478630092323,0.0478630092323,0.0478630092323,5,X0 X1,0.649355555556,0.0130844393949,0.649355555556,0.0130844393949
0.0478630092323,0.0478630092323,0.0478630092323,0.0478630092323,5,X1 Z2 Y3 Y4 Z5 X7,0.4382,0.0139985220895,0.4382,0.0139985220895
0.0478630092323,0.0478630092323,0.0478630092323,0.0478630092323,5,X10 Z12 Y13 Y14 Z15 X16,0.502111111111,0.0139896878642,0.502111111111,0.0139896878642
0.0478630092323,0.0478630092323,0.0478630092323,0.0478630092323,5,X12 X14,0.575644444444,0.0104544013842,0.575644444444,0.0104544013842
0.0478630092323,0.0478630092323,0.0478630092323,0.0478630092323,5,X13 X15,0.605333333333,0.0123387686066,0.605333333333,0.0123387686066
0.0478630092323,0.0478630092323,0.0478630092323,0.0478630092323,5,X15 Z16 Y17,0.741333333333,0.0117600531706,0.741333333333,0.0117600531706
0.0478630092323,0.0478630092323,0.0478630092323,0.0478630092323,5,X16 X17,0.647666666667,0.0125624874907,0.647666666667,0.0125624874907
0.0478630092323,0.0478630092323,0.0478630092323,0.0478630092323,5,X2 X4,0.610266666667,0.0178178093351,0.610266666667,0.0178178093351
0.0478630092323,0.0478630092323,0.0478630092323,0.0478630092323,5,X3 X5,0.569,0.0167668254831,0.569,0.0167668254831
0.0478630092323,0.0478630092323,0.0478630092323,0.0478630092323,5,X4 Z6 Y7 Y9 Z10 X12,0.4654,0.0147545434265,0.4654,0.0147545434265
0.0478630092323,0.0478630092323,0.0478630092323,0.0478630092323,5,X5 Z7 Y8 Y10 Z11 X13,0.4076,0.0141525352101,0.4076,0.0141525352101
0.0478630092323,0.0478630092323,0.0478630092323,0.0478630092323,5,X6 X9,0.6128,0.0154159692293,0.6128,0.0154159692293
0.0478630092323,0.0478630092323,0.0478630092323,0.0478630092323,5,X7 X10,0.5046,0.0182123279371,0.5046,0.0182123279371
0.0478630092323,0.0478630092323,0.0478630092323,0.0478630092323,5,X8 X11,0.605266666667,0.0172183186776,0.605266666667,0.0172183186776
0.0478630092323,0.0478630092323,0.0478630092323,0.0478630092323,5,X9 Y12 Z14,0.697977777778,0.0126205856691,0.697977777778,0.0126205856691
0.0478630092323,0.0478630092323,0.0478630092323,0.0478630092323,5,Y0 Z1 X2,0.739844444444,0.0134770226862,0.739844444444,0.0134770226862
0.0478630092323,0.0478630092323,0.0478630092323,0.0478630092323,5,Z3 Y5 X8,0.741911111111,0.010531810356,0.741911111111,0.010531810356
0.0478630092323,0.0478630092323,0.0478630092323,0.0478630092323,10,Logical X,0.740511111111,0.0135529989424,0.746822222222,0.0100553004773
0.0478630092323,0.0478630092323,0.0478630092323,0.0478630092323,10,Logical Y,0.0144666666667,0.00888435708233,-0.00957777777778,0.017711596161
0.0478630092323,0.0478630092323,0.0478630092323,0.0478630092323,10,Logical Z,0.0128666666667,0.0103548533792,0.00104444444444,0.0144558340006
0.0478630092323,0.0478630092323,0.0478630092323,0.0478630092323,10,X0 X1,0.648622222222,0.017296099118,0.648622222222,0.017296099118
0.0478630092323,0.0478630092323,0.0478630092323,0.0478630092323,10,X1 Z2 Y3 Y4 Z5 X7,0.441244444444,0.0163587494799,0.441244444444,0.0163587494799
0.0478630092323,0.0478630092323,0.0478630092323,0.0478630092323,10,X10 Z12 Y13 Y14 Z15 X16,0.500622222222,0.0142263403999,0.500622222222,0.0142263403999
0.0478630092323,0.0478630092323,0.0478630092323,0.0478630092323,10,X12 X14,0.571844444444,0.0167932510923,0.571844444444,0.0167932510923
0.0478630092323,0.0478630092323,0.0478630092323,0.0478630092323,10,X13 X15,0.610933333333,0.0119393101324,0.610933333333,0.0119393101324
0.0478630092323,0.0478630092323,0.0478630092323,0.0478630092323,10,X15 Z16 Y17,0.741,0.0114373187652,0.741,0.0114373187652
0.0478630092323,0.0478630092323,0.0478630092323,0.0478630092323,10,X16 X17,0.654422222222,0.0136608996336,0.654422222222,0.0136608996336
0.0478630092323,0.0478630092323,0.0478630092323,0.0478630092323,10,X2 X4,0.610688888889,0.0165244352523,0.610688888889,0.0165244352523
0.0478630092323,0.0478630092323,0.0478630092323,0.0478630092323,10,X3 X5,0.564311111111,0.0149632841411,0.564311111111,0.0149632841411
0.0478630092323,0.0478630092323,0.0478630092323,0.0478630092323,10,X4 Z6 Y7 Y9 Z10 X12,0.466377777778,0.0175841127644,0.466377777778,0.0175841127644
0.0478630092323,0.0478630092323,0.0478630092323,0.0478630092323,10,X5 Z7 Y8 Y10 Z11 X13,0.406066666667,0.0172689786763,0.406066666667,0.0172689786763
0.0478630092323,0.0478630092323,0.0478630092323,0.0478630092323,10,X6 X9,0.605244444444,0.0141223263725,0.605244444444,0.0141223263725
0.0478630092323,0.0478630092323,0.0478630092323,0.0478630092323,10,X7 X10,0.4946,0.0169790043889,0.4946,0.0169790043889
0.0478630092323,0.0478630092323,0.0478630092323,0.0478630092323,10,X8 X11,0.609022222222,0.0134315159015,0.609022222222,0.0134315159015
0.0478630092323,0.0478630092323,0.0478630092323,0.0478630092323,10,X9 Y12 Z14,0.6972,0.0102988300492,0.6972,0.0102988300492
0.0478630092323,0.0478630092323,0.0478630092323,0.0478630092323,10,Y0 Z1 X2,0.742177777778,0.0119820214406,0.742177777778,0.0119820214406
0.0478630092323,0.0478630092323,0.0478630092323,0.0478630092323,10,Z3 Y5 X8,0.7408,0.0124172664362,0.7408,0.0124172664362
0.0691830970919,0.0691830970919,0.0691830970919,0.0691830970919,1,Logical X,0.644311111111,0.0128686060516,0.642955555556,0.0119676234156
0.0691830970919,0.0691830970919,0.0691830970919,0.0691830970919,1,Logical Y,0.0123111111111,0.00973004720678,0.00111111111111,0.0160433639695
0.0691830970919,0.0691830970919,0.0691830970919,0.0691830970919,1,Logical Z,0.0156444444444,0.011906060575,-0.000755555555556,0.0202207990742
0.0691830970919,0.0691830970919,0.0691830970919,0.0691830970919,1,X0 X1,0.529244444444,0.0166907718402,0.529244444444,0.0166907718402
0.0691830970919,0.0691830970919,0.0691830970919,0.0691830970919,1,X1 Z2 Y3 Y4 Z5 X7,0.297266666667,0.0217314504508,0.297266666667,0.0217314504508
0.0691830970919,0.0691830970919,0.0691830970919,0.0691830970919,1,X10 Z12 Y13 Y14 Z15 X16,0.3632,0.0145632719156,0.3632,0.0145632719156
0.0691830970919,0.0691830970919,0.0691830970919,0.0691830970919,1,X12 X14,0.438711111111,0.0161486707122,0.438711111111,0.0161486707122
0.0691830970919,0.0691830970919,0.0691830970919,0.0691830970919,1,X13 X15,0.477888888889,0.0143188468182,0.477888888889,0.0143188468182
0.0691830970919,0.0691830970919,0.0691830970919,0.0691830970919,1,X15 Z16 Y17,0.649111111111,0.0138390677308,0.649111111111,0.0138390677308
0.0691830970919,0.0691830970919,0.0691830970919,0.0691830970919,1,X16 X17,0.534444444444,0.0166047893505,0.534444444444,0.0166047893505
0.0691830970919,0.0691830970919,0.0691830970919,0.0691830970919,1,X2 X4,0.480666666667,0.013392970078,0.480666666667,0.013392970078
0.0691830970919,0.0691830970919,0.0691830970919,0.0691830970919,1,X3 X5,0.439288888889,0.0163101485304,0.439288888889,0.0163101485304
0.0691830970919,0.0691830970919,0.0691830970919,0.0691830970919,1,X4 Z6 Y7 Y9 Z10 X12,0.328933333333,0.0152321499075,0.328933333333,0.0152321499075
0.0691830970919,0.0691830970919,0.0691830970919,0.0691830970919,1,X5 Z7 Y8 Y10 Z11 X13,0.269288888889,0.0150502945665,0.269288888889,0.0150502945665
0.0691830970919,0.0691830970919,0.0691830970919,0.0691830970919,1,X6 X9,0.4828,0.0132530918824,0.4828,0.0132530918824
0.0691830970919,0.0691830970919,0.0691830970919,0.0691830970919,1,X7 X10,0.3622,0.014417050357,0.3622,0.014417050357
0.0691830970919,0.0691830970919,0.0691830970919,0.0691830970919,1,X8 X11,0.483888888889,0.012784189629,0.483888888889,0.012784189629
0.0691830970919,0.0691830970919,0.0691830970919,0.0691830970919,1,X9 Y12 Z14,0.586933333333,0.0120262802905,0.586933333333,0.0120262802905
0.0691830970919,0.0691830970919,0.0691830970919,0.0691830970919,1,Y0 Z1 X2,0.642488888889,0.0133344060871,0.642488888889,0.0133344060871
0.0691830970919,0.0691830970919,0.0691830970919,0.0691830970919,1,Z3 Y5 X8,0.647266666667,0.0127713160406,0.647266666667,0.0127713160406
0.0691830970919,0.0691830970919,0.0691830970919,0.0691830970919,5,Logical X,0.645977777778,0.0154656790542,0.641622222222,0.0135371585482
0.0691830970919,0.0691830970919,0.0691830970919,0.0691830970919,5,Logical Y,0.0190666666667,0.0174510590968,0.00293333333333,0.019414889416
0.0691830970919,0.0691830970919,0.0691830970919,0.0691830970919,5,Logical Z,0.0108444444444,0.00871855964296,-0.000955555555556,0.0201759944863
0.0691830970919,0.0691830970919,0.0691830970919,0.0691830970919,5,X0 X1,0.532066666667,0.0129914206881,0.532066666667,0.0129914206881
0.0691830970919,0.0691830970919,0.0691830970919,0.0691830970919,5,X1 Z2 Y3 Y4 Z5 X7,0.300488888889,0.0152525943609,0.300488888889,0.0152525943609
0.0691830970919,0.0691830970919,0.0691830970919,0.0691830970919,5,X10 Z12 Y13 Y14 Z15 X16,0.355822222222,0.0191576907185,0.355822222222,0.0191576907185
0.0691830970919,0.0691830970919,0.0691830970919,0.0691830970919,5,X12 X14,0.437222222222,0.0206967399534,0.437222222222,0.0206967399534
0.0691830970919,0.0691830970919,0.0691830970919,0.0691830970919,5,X13 X15,0.481711111111,0.0156147914289,0.481711111111,0.0156147914289
0.0691830970919,0.0691830970919,0.0691830970919,0.0691830970919,5,X15 Z16 Y17,0.640022222222,0.0160062088847,0.640022222222,0.0160062088847
0.0691830970919,0.0691830970919,0.0691830970919,0.0691830970919,5,X16 X17,0.530044444444,0.0123560627256,0.530044444444,0.0123560627256
0.0691830970919,0.0691830970919,0.0691830970919,0.0691830970919,5,X2 X4,0.480422222222,0.0178004979338,0.480422222222,0.0178004979338
0.0691830970919,0.0691830970919,0.0691830970919,0.0691830970919,5,X3 X5,0.437244444444,0.0174555666523,0.437244444444,0.0174555666523
0.0691830970919,0.0691830970919,0.0691830970919,0.0691830970919,5,X4 Z6 Y7 Y9 Z10 X12,0.329511111111,0.0173677230321,0.329511111111,0.0173677230321
0.0691830970919,0.0691830970919,0.0691830970919,0.0691830970919,5,X5 Z7 Y8 Y10 Z11 X13,0.276822222222,0.0223998380764,0.276822222222,0.0223998380764
0.0691830970919,0.0691830970919,0.0691830970919,0.0691830970919,5,X6 X9,0.482777777778,0.0174935857612,0.482777777778,0.0174935857612
0.0691830970919,0.0691830970919,0.0691830970919,0.0691830970919,5,X7 X10,0.361422222222,0.0189613305491,0.361422222222,0.0189613305491
0.0691830970919,0.0691830970919,0.0691830970919,0.0691830970919,5,X8 X11,0.481511111111,0.0140431009591,0.481511111111,0.0140431009591
0.0691830970919,0.0691830970919,0.0691830970919,0.0691830970919,5,X9 Y12 Z14,0.582644444444,0.0159822538879,0.582644444444,0.0159822538879
0.0691830970919,0.0691830970919,0.0691830970919,0.0691830970919,5,Y0 Z1 X2,0.645066666667,0.0134939748155,0.645066666667,0.0134939748155
0.0691830970919,0.0691830970919,0.0691830970919,0.0691830970919,5,Z3 Y5 X8,0.637355555556,0.0129525906323,0.637355555556,0.0129525906323
0.0691830970919,0.0691830970919,0.0691830970919,0.0691830970919,10,Logical X,0.645666666667,0.0124878484998,0.647822222222,0.0157547616918
0.0691830970919,0.0691830970919,0.0691830970919,0.0691830970919,10,Logical Y,0.0107555555556,0.00901719656944,0.00495555555556,0.0193635778757
0.0691830970919,0.0691830970919,0.0691830970919,0.0691830970919,10,Logical Z,0.0167777777778,0.0122002240207,0.00124444444444,0.0160427908
0.0691830970919,0.0691830970919,0.0691830970919,0.0691830970919,10,X0 X1,0.535933333333,0.019906563349,0.535933333333,0.019906563349
0.0691830970919,0.0691830970919,0.0691830970919,0.0691830970919,10,X1 Z2 Y3 Y4 Z5 X7,0.296733333333,0.0215565548609,0.296733333333,0.0215565548609
0.0691830970919,0.0691830970919,0.0691830970919,0.0691830970919,10,X10 Z12 Y13 Y14 Z15 X16,0.358844444444,0.0184676860446,0.358844444444,0.0184676860446
0.0691830970919,0.0691830970919,0.0691830970919,0.0691830970919,10,X12 X14,0.437955555556,0.0188374236904,0.437955555556,0.0188374236904
0.0691830970919,0.0691830970919,0.0691830970919,0.0691830970919,10,X13 X15,0.478977777778,0.0117701269157,0.478977777778,0.0117701269157
0.0691830970919,0.0691830970919,0.0691830970919,0.0691830970919,10,X15 Z16 Y17,0.643955555556,0.0163007494206,0.643955555556,0.0163007494206
0.0691830970919,0.0691830970919,0.0691830970919,0.0691830970919,10,X16 X17,0.5332,0.0146273244542,0.5332,0.0146273244542
0.0691830970919,0.0691830970919,0.0691830970919,0.0691830970919,10,X2 X4,0.483955555556,0.016170483809,0.483955555556,0.016170483809
0.0691830970919,0.0691830970919,0.0691830970919,0.0691830970919,10,X3 X5,0.445888888889,0.014778137869,0.445888888889,0.014778137869
0.0691830970919,0.0691830970919,0.0691830970919,0.0691830970919,10,X4 Z6 Y7 Y9 Z10 X12,0.3302,0.0181649740854,0.3302,0.0181649740854
0.0691830970919,0.0691830970919,0.0691830970919,0.0691830970919,10,X5 Z7 Y8 Y10 Z11 X13,0.270822222222,0.0198721456098,0.270822222222,0.0198721456098
0.0691830970919,0.0691830970919,0.0691830970919,0.0691830970919,10,X6 X9,0.481066666667,0.0153404281437,0.481066666667,0.0153404281437
0.0691830970919,0.0691830970919,0.0691830970919,0.0691830970919,10,X7 X10,0.361866666667,0.0198549529611,0.361866666667,0.0198549529611
0.0691830970919,0.0691830970919,0.0691830970919,0.0691830970919,10,X8 X11,0.486044444444,0.0160811479864,0.486044444444,0.0160811479864
0.0691830970919,0.0691830970919,0.0691830970919,0.0691830970919,10,X9 Y12 Z14,0.577244444444,0.0160093204015,0.577244444444,0.0160093204015
0.0691830970919,0.0691830970919,0.0691830970919,0.0691830970919,10,Y0 Z1 X2,0.641711111111,0.0143440840018,0.641711111111,0.0143440840018
0.0691830970919,0.0691830970919,0.0691830970919,0.0691830970919,10,Z3 Y5 X8,0.647044444444,0.0145593601532,0.647044444444,0.0145593601532
0.1,0.1,0.1,0.1,1,Logical X,0.522288888889,0.0141558737341,0.5196,0.0148593404968
0.1,0.1,0.1,0.1,1,Logical Y,0.0132,0.00995068298932,0.00155555555556,0.0170177579853
0.1,0.1,0.1,0.1,1,Logical Z,0.0135777777778,0.00924172336906,0.00266666666667,0.020173196435
0.1,0.1,0.1,0.1,1,X0 X1,0.387933333333,0.0183940270165,0.387933333333,0.0183940270165
0.1,0.1,0.1,0.1,1,X1 Z2 Y3 Y4 Z5 X7,0.170266666667,0.0188395931007,0.170266666667,0.0188395931007
0.1,0.1,0.1,0.1,1,X10 Z12 Y13 Y14 Z15 X16,0.223577777778,0.0214825837565,0.223577777778,0.0214825837565
0.1,0.1,0.1,0.1,1,X12 X14,0.289888888889,0.0200130863955,0.289888888889,0.0200130863955
0.1,0.1,0.1,0.1,1,X13 X15,0.338044444444,0.0146989543594,0.338044444444,0.0146989543594
0.1,0.1,0.1,0.1,1,X15 Z16 Y17,0.518733333333,0.0130913091583,0.518733333333,0.0130913091583
0.1,0.1,0.1,0.1,1,X16 X17,0.393066666667,0.0190901069643,0.393066666667,0.0190901069643
0.1,0.1,0.1,0.1,1,X2 X4,0.333155555556,0.0193503162296,0.333155555556,0.0193503162296
0.1,0.1,0.1,0.1,1,X3 X5,0.289133333333,0.0154920817743,0.289133333333,0.0154920817743
0.1,0.1,0.1,0.1,1,X4 Z6 Y7 Y9 Z10 X12,0.192311111111,0.0147351934472,0.192311111111,0.0147351934472
0.1,0.1,0.1,0.1,1,X5 Z7 Y8 Y10 Z11 X13,0.142155555556,0.0210058800987,0.142155555556,0.0210058800987
0.1,0.1,0.1,0.1,1,X6 X9,0.342311111111,0.0188193536425,0.342311111111,0.0188193536425
0.1,0.1,0.1,0.1,1,X7 X10,0.22,0.021202905895,0.22,0.021202905895
0.1,0.1,0.1,0.1,1,X8 X11,0.338644444444,0.0169275973028,0.338644444444,0.0169275973028
0.1,0.1,0.1,0.1,1,X9 Y12 Z14,0.450866666667,0.0154633666713,0.450866666667,0.0154633666713
0.1,0.1,0.1,0.1,1,Y0 Z1 X2,0.526333333333,0.0137194104182,0.526333333333,0.0137194104182
0.1,0.1,0.1,0.1,1,Z3 Y5 X8,0.526044444444,0.0162734613031,0.526044444444,0.0162734613031
0.1,0.1,0.1,0.1,5,Logical X,0.521022222222,0.0124139747397,0.520022222222,0.0163538302855
0.1,0.1,0.1,0.1,5,Logical Y,0.0137777777778,0.00858463982171,-0.0062,0.0156906395211
0.1,0.1,0.1,0.1,5,Logical Z,0.0141777777778,0.0111745926009,-0.00255555555556,0.0202596806875
0.1,0.1,0.1,0.1,5,X0 X1,0.389022222222,0.015804100863,0.389022222222,0.015804100863
0.1,0.1,0.1,0.1,5,X1 Z2 Y3 Y4 Z5 X7,0.170666666667,0.0187101300241,0.170666666667,0.0187101300241
0.1,0.1,0.1,0.1,5,X10 Z12 Y13 Y14 Z15 X16,0.226555555556,0.0199632484809,0.226555555556,0.0199632484809
0.1,0.1,0.1,0.1,5,X12 X14,0.294955555556,0.0161550754354,0.294955555556,0.0161550754354
0.1,0.1,0.1,0.1,5,X13 X15,0.337111111111,0.0145052067104,0.337111111111,0.0145052067104
0.1,0.1,0.1,0.1,5,X15 Z16 Y17,0.518177777778,0.0130109689454,0.518177777778,0.0130109689454
0.1,0.1,0.1,0.1,5,X16 X17,0.3884,0.0154340520177,0.3884,0.0154340520177
0.1,0.1,0.1,0.1,5,X2 X4,0.342044444444,0.0186542925598,0.342044444444,0.0186542925598
0.1,0.1,0.1,0.1,5,X3 X5,0.296044444444,0.0167184788519,0.296044444444,0.0167184788519
0.1,0.1,0.1,0.1,5,X4 Z6 Y7 Y9 Z10 X12,0.1874,0.0169952438693,0.1874,0.0169952438693
0.1,0.1,0.1,0.1,5,X5 Z7 Y8 Y10 Z11 X13,0.143644444444,0.0184301380144,0.143644444444,0.0184301380144
0.1,0.1,0.1,0.1,5,X6 X9,0.337644444444,0.0224968168601,0.337644444444,0.0224968168601
0.1,0.1,0.1,0.1,5,X7 X10,0.218911111111,0.0210829293648,0.218911111111,0.0210829293648
0.1,0.1,0.1,0.1,5,X8 X11,0.3394,0.0168448862142,0.3394,0.0168448862142
0.1,0.1,0.1,0.1,5,X9 Y12 Z14,0.454511111111,0.016302394656,0.454511111111,0.016302394656
0.1,0.1,0.1,0.1,5,Y0 Z1 X2,0.520533333333,0.0178081732495,0.520533333333,0.0178081732495
0.1,0.1,0.1,0.1,5,Z3 Y5 X8,0.520422222222,0.0121869012444,0.520422222222,0.0121869012444
0.1,0.1,0.1,0.1,10,Logical X,0.516066666667,0.0163640105998,0.521177777778,0.0151959697554
0.1,0.1,0.1,0.1,10,Logical Y,0.0138888888889,0.0112499751667,-0.00122222222222,0.015673960966
0.1,0.1,0.1,0.1,10,Logical Z,0.0134,0.00882064801574,0.00335555555556,0.0165753667882
0.1,0.1,0.1,0.1,10,X0 X1,0.395155555556,0.0152415376517,0.395155555556,0.0152415376517
0.1,0.1,0.1,0.1,10,X1 Z2 Y3 Y4 Z5 X7,0.167288888889,0.0224730972981,0.167288888889,0.0224730972981
0.1,0.1,0.1,0.1,10,X10 Z12 Y13 Y14 Z15 X16,0.214533333333,0.0163368750558,0.214533333333,0.0163368750558
0.1,0.1,0.1,0.1,10,X12 X14,0.295333333333,0.0141886577118,0.295333333333,0.0141886577118
0.1,0.1,0.1,0.1,10,X13 X15,0.341422222222,0.0162845702617,0.341422222222,0.0162845702617
0.1,0.1,0.1,0.1,10,X15 Z16 Y17,0.518044444444,0.0128950176999,0.518044444444,0.0128950176999
0.1,0.1,0.1,0.1,10,X16 X17,0.389488888889,0.0209905531266,0.389488888889,0.0209905531266
0.1,0.1,0.1,0.1,10,X2 X4,0.3406,0.0136775678419,0.3406,0.0136775678419
0.1,0.1,0.1,0.1,10,X3 X5,0.294022222222,0.0170151911692,0.294022222222,0.0170151911692
0.1,0.1,0.1,0.1,10,X4 Z6 Y7 Y9 Z10 X12,0.187955555556,0.0199485417194,0.187955555556,0.0199485417194
0.1,0.1,0.1,0.1,10,X5 Z7 Y8 Y10 Z11 X13,0.142244444444,0.0183916383911,0.142244444444,0.0183916383911
0.1,0.1,0.1,0.1,10,X6 X9,0.340088888889,0.0167256275093,0.340088888889,0.0167256275093
0.1,0.1,0.1,0.1,10,X7 X10,0.218377777778,0.019332685945,0.218377777778,0.019332685945
0.1,0.1,0.1,0.1,10,X8 X11,0.3412,0.0162154082157,0.3412,0.0162154082157
0.1,0.1,0.1,0.1,10,X9 Y12 Z14,0.451622222222,0.0152834604548,0.451622222222,0.0152834604548
0.1,0.1,0.1,0.1,10,Y0 Z1 X2,0.5218,0.0148495907293,0.5218,0.0148495907293
0.1,0.1,0.1,0.1,10,Z3 Y5 X8,0.515866666667,0.0141728789625,0.515866666667,0.0141728789625
0.2,0.2,0.2,0.2,1,Logical X,0.235222222222,0.0186650929824,0.232133333333,0.0167189066353
0.2,0.2,0.2,0.2,1,Logical Y,0.0111111111111,0.00882930219592,0.00313333333333,0.0202491379127
0.2,0.2,0.2,0.2,1,Logical Z,0.0161333333333,0.0114180739967,0.000688888888889,0.0180688197668
0.2,0.2,0.2,0.2,1,X0 X1,0.125733333333,0.0160464841997,0.125733333333,0.0160464841997
0.2,0.2,0.2,0.2,1,X1 Z2 Y3 Y4 Z5 X7,0.0214444444444,0.0142512574785,0.0214444444444,0.0142512574785
0.2,0.2,0.2,0.2,1,X10 Z12 Y13 Y14 Z15 X16,0.0372,0.0138767425815,0.0372,0.0138767425815
0.2,0.2,0.2,0.2,1,X12 X14,0.0696222222222,0.020188903544,0.0696222222222,0.020188903544
0.2,0.2,0.2,0.2,1,X13 X15,0.0938,0.0187830118077,0.0938,0.0187830118077
0.2,0.2,0.2,0.2,1,X15 Z16 Y17,0.236133333333,0.0199042920726,0.236133333333,0.0199042920726
0.2,0.2,0.2,0.2,1,X16 X17,0.134044444444,0.0208390536208,0.134044444444,0.0208390536208
0.2,0.2,0.2,0.2,1,X2 X4,0.0924666666667,0.0156446654025,0.0924666666667,0.0156446654025
0.2,0.2,0.2,0.2,1,X3 X5,0.0732666666667,0.0144108834989,0.0732666666667,0.0144108834989
0.2,0.2,0.2,0.2,1,X4 Z6 Y7 Y9 Z10 X12,0.0288888888889,0.0188523875402,0.0288888888889,0.0188523875402
0.2,0.2,0.2,0.2,1,X5 Z7 Y8 Y10 Z11 X13,0.0197111111111,0.015197986692,0.0197111111111,0.015197986692
0.2,0.2,0.2,0.2,1,X6 X9,0.0849111111111,0.0165624172568,0.0849111111111,0.0165624172568
0.2,0.2,0.2,0.2,1,X7 X10,0.04,0.0167139559004,0.04,0.0167139559004
0.2,0.2,0.2,0.2,1,X8 X11,0.0876888888889,0.0202601723815,0.0876888888889,0.0202601723815
0.2,0.2,0.2,0.2,1,X9 Y12 Z14,0.171444444444,0.0163271940921,0.171444444444,0.0163271940921
0.2,0.2,0.2,0.2,1,Y0 Z1 X2,0.229666666667,0.0162864680685,0.229666666667,0.0162864680685
0.2,0.2,0.2,0.2,1,Z3 Y5 X8,0.233177777778,0.0226299116018,0.233177777778,0.0226299116018
0.2,0.2,0.2,0.2,5,Logical X,0.237777777778,0.0188214708513,0.236222222222,0.0184580571103
0.2,0.2,0.2,0.2,5,Logical Y,0.0114888888889,0.00936232497786,0.00142222222222,0.0201897005975
0.2,0.2,0.2,0.2,5,Logical Z,0.0148444444444,0.00886152877383,-0.0016,0.0161341122639
0.2,0.2,0.2,0.2,5,X0 X1,0.127466666667,0.0160214415718,0.127466666667,0.0160214415718
0.2,0.2,0.2,0.2,5,X1 Z2 Y3 Y4 Z5 X7,0.0244,0.0157047470677,0.0244,0.0157047470677
0.2,0.2,0.2,0.2,5,X10 Z12 Y13 Y14 Z15 X16,0.0441333333333,0.0193673106111,0.0441333333333,0.0193673106111
0.2,0.2,0.2,0.2,5,X12 X14,0.0695555555556,0.013900944959,0.0695555555556,0.013900944959
0.2,0.2,0.2,0.2,5,X13 X15,0.0952,0.0186596045754,0.0952,0.0186596045754
0.2,0.2,0.2,0.2,5,X15 Z16 Y17,0.235911111111,0.0171972851224,0.235911111111,0.0171972851224
0.2,0.2,0.2,0.2,5,X16 X17,0.128466666667,0.0193052908,0.128466666667,0.0193052908
0.2,0.2,0.2,0.2,5,X2 X4,0.0968222222222,0.0198914166077,0.0968222222222,0.0198914166077
0.2,0.2,0.2,0.2,5,X3 X5,0.0643555555556,0.0215411809716,0.0643555555556,0.0215411809716
0.2,0.2,0.2,0.2,5,X4 Z6 Y7 Y9 Z10 X12,0.0324666666667,0.0166488640552,0.0324666666667,0.0166488640552
0.2,0.2,0.2,0.2,5,X5 Z7 Y8 Y10 Z11 X13,0.0234,0.0138202472379,0.0234,0.0138202472379
0.2,0.2,0.2,0.2,5,X6 X9,0.0911777777778,0.0154955767594,0.0911777777778,0.0154955767594
0.2,0.2,0.2,0.2,5,X7 X10,0.0381777777778,0.0191144432629,0.0381777777778,0.0191144432629
0.2,0.2,0.2,0.2,5,X8 X11,0.0935777777778,0.0161378005911,0.0935777777778,0.0161378005911
0.2,0.2,0.2,0.2,5,X9 Y12 Z14,0.171822222222,0.0164523539019,0.171822222222,0.0164523539019
0.2,0.2,0.2,0.2,5,Y0 Z1 X2,0.239044444444,0.0200594391332,0.239044444444,0.0200594391332
0.2,0.2,0.2,0.2,5,Z3 Y5 X8,0.232333333333,0.0173446028793,0.232333333333,0.0173446028793
0.2,0.2,0.2,0.2,10,Logical X,0.237977777778,0.0144916235108,0.235911111111,0.0184998567528
0.2,0.2,0.2,0.2,10,Logical Y,0.0110444444444,0.0122636219776,-0.00417777777778,0.0227455916883
0.2,0.2,0.2,0.2,10,Logical Z,0.0140222222222,0.00921681510692,0.00368888888889,0.0156413180436
0.2,0.2,0.2,0.2,10,X0 X1,0.129044444444,0.0187229720054,0.129044444444,0.0187229720054
0.2,0.2,0.2,0.2,10,X1 Z2 Y3 Y4 Z5 X7,0.0257111111111,0.0138903018438,0.0257111111111,0.0138903018438
0.2,0.2,0.2,0.2,10,X10 Z12 Y13 Y14 Z15 X16,0.0398444444444,0.0171794079116,0.0398444444444,0.0171794079116
0.2,0.2,0.2,0.2,10,X12 X14,0.0654,0.0169726848392,0.0654,0.0169726848392
0.2,0.2,0.2,0.2,10,X13 X15,0.087,0.0157497187228,0.087,0.0157497187228
0.2,0.2,0.2,0.2,10,X15 Z16 Y17,0.234355555556,0.0162704473968,0.234355555556,0.0162704473968
0.2,0.2,0.2,0.2,10,X16 X17,0.125644444444,0.0146004076292,0.125644444444,0.0146004076292
0.2,0.2,0.2,0.2,10,X2 X4,0.0884666666667,0.0197161077349,0.0884666666667,0.0197161077349
0.2,0.2,0.2,0.2,10,X3 X5,0.0707777777778,0.0207536791427,0.0707777777778,0.0207536791427
0.2,0.2,0.2,0.2,10,X4 Z6 Y7 Y9 Z10 X12,0.0320444444444,0.0210461513183,0.0320444444444,0.0210461513183
0.2,0.2,0.2,0.2,10,X5 Z7 Y8 Y10 Z11 X13,0.0186444444444,0.012833723933,0.0186444444444,0.012833723933
0.2,0.2,0.2,0.2,10,X6 X9,0.0934222222222,0.0171267381495,0.0934222222222,0.0171267381495
0.2,0.2,0.2,0.2,10,X7 X10,0.0381111111111,0.0190269688281,0.0381111111111,0.0190269688281
0.2,0.2,0.2,0.2,10,X8 X11,0.0897333333333,0.0159948267499,0.0897333333333,0.0159948267499
0.2,0.2,0.2,0.2,10,X9 Y12 Z14,0.176244444444,0.018230102959,0.176244444444,0.018230102959
0.2,0.2,0.2,0.2,10,Y0 Z1 X2,0.234288888889,0.0165644528536,0.234288888889,0.0165644528536
0.2,0.2,0.2,0.2,10,Z3 Y5 X8,0.234888888889,0.0211908556389,0.234888888889,0.0211908556389
0.5,0.5,0.5,0.5,1,Logical X,0.0132222222222,0.00881323166396,-0.00944444444444,0.0132908326466
0.5,0.5,0.5,0.5,1,Logical Y,0.0125777777778,0.00894038721908,0.00757777777778,0.0140065483682
0.5,0.5,0.5,0.5,1,Logical Z,0.0166222222222,0.0121155779312,-0.00648888888889,0.018281689714
0.5,0.5,0.5,0.5,1,X0 X1,0.0150666666667,0.0109342864737,0.0150666666667,0.0109342864737
0.5,0.5,0.5,0.5,1,X1 Z2 Y3 Y4 Z5 X7,0.0154222222222,0.0122361606346,0.0154222222222,0.0122361606346
0.5,0.5,0.5,0.5,1,X10 Z12 Y13 Y14 Z15 X16,0.0155777777778,0.0115582593359,0.0155777777778,0.0115582593359
0.5,0.5,0.5,0.5,1,X12 X14,0.0164444444444,0.00923151911026,0.0164444444444,0.00923151911026
0.5,0.5,0.5,0.5,1,X13 X15,0.0118222222222,0.0114067041299,0.0118222222222,0.0114067041299
0.5,0.5,0.5,0.5,1,X15 Z16 Y17,0.0134444444444,0.0105874694003,0.0134444444444,0.0105874694003
0.5,0.5,0.5,0.5,1,X16 X17,0.0123777777778,0.00998340896996,0.0123777777778,0.00998340896996
0.5,0.5,0.5,0.5,1,X2 X4,0.0157111111111,0.0117060855685,0.0157111111111,0.0117060855685
0.5,0.5,0.5,0.5,1,X3 X5,0.0145111111111,0.0128947205726,0.0145111111111,0.0128947205726
0.5,0.5,0.5,0.5,1,X4 Z6 Y7 Y9 Z10 X12,0.0142444444444,0.011220511231,0.0142444444444,0.011220511231
0.5,0.5,0.5,0.5,1,X5 Z7 Y8 Y10 Z11 X13,0.0175111111111,0.013545363922,0.0175111111111,0.013545363922
0.5,0.5,0.5,0.5,1,X6 X9,0.0166888888889,0.0116414944642,0.0166888888889,0.0116414944642
0.5,0.5,0.5,0.5,1,X7 X10,0.0150222222222,0.0126802508325,0.0150222222222,0.0126802508325
0.5,0.5,0.5,0.5,1,X8 X11,0.0125333333333,0.0106327045539,0.0125333333333,0.0106327045539
0.5,0.5,0.5,0.5,1,X9 Y12 Z14,0.0136,0.00952126074269,0.0136,0.00952126074269
0.5,0.5,0.5,0.5,1,Y0 Z1 X2,0.0132444444444,0.0109554770617,0.0132444444444,0.0109554770617
0.5,0.5,0.5,0.5,1,Z3 Y5 X8,0.0134,0.0120208630899,0.0134,0.0120208630899
0.5,0.5,0.5,0.5,5,Logical X,0.0117333333333,0.00865268545119,-0.000822222222222,0.0195925416518
0.5,0.5,0.5,0.5,5,Logical Y,0.0159333333333,0.0125485722959,0.00448888888889,0.0187738575336
0.5,0.5,0.5,0.5,5,Logical Z,0.0133333333333,0.00975249255889,-0.00142222222222,0.0161854514241
0.5,0.5,0.5,0.5,5,X0 X1,0.0158666666667,0.013400291642,0.0158666666667,0.013400291642
0.5,0.5,0.5,0.5,5,X1 Z2 Y3 Y4 Z5 X7,0.0216666666667,0.0126730171619,0.0216666666667,0.0126730171619
0.5,0.5,0.5,0.5,5,X10 Z12 Y13 Y14 Z15 X16,0.0124666666667,0.0109462637304,0.0124666666667,0.0109462637304
0.5,0.5,0.5,0.5,5,X12 X14,0.0144666666667,0.00882551160967,0.0144666666667,0.00882551160967
0.5,0.5,0.5,0.5,5,X13 X15,0.0144222222222,0.00936036043013,0.0144222222222,0.00936036043013
0.5,0.5,0.5,0.5,5,X15 Z16 Y17,0.013,0.010962492655,0.013,0.010962492655
0.5,0.5,0.5,0.5,5,X16 X17,0.0194444444444,0.0116198843095,0.0194444444444,0.0116198843095
0.5,0.5,0.5,0.5,5,X2 X4,0.0155777777778,0.0106457889552,0.0155777777778,0.0106457889552
0.5,0.5,0.5,0.5,5,X3 X5,0.0164222222222,0.0111410095821,0.0164222222222,0.0111410095821
0.5,0.5,0.5,0.5,5,X4 Z6 Y7 Y9 Z10 X12,0.0133111111111,0.01137784812,0.0133111111111,0.01137784812
0.5,0.5,0.5,0.5,5,X5 Z7 Y8 Y10 Z11 X13,0.0138444444444,0.00971578221299,0.0138444444444,0.00971578221299
0.5,0.5,0.5,0.5,5,X6 X9,0.0178666666667,0.0141890897594,0.0178666666667,0.0141890897594
0.5,0.5,0.5,0.5,5,X7 X10,0.0151777777778,0.0145425082642,0.0151777777778,0.0145425082642
0.5,0.5,0.5,0.5,5,X8 X11,0.015,0.00885602161097,0.015,0.00885602161097
0.5,0.5,0.5,0.5,5,X9 Y12 Z14,0.015,0.0116615752437,0.015,0.0116615752437
0.5,0.5,0.5,0.5,5,Y0 Z1 X2,0.014,0.00991303178819,0.014,0.00991303178819
0.5,0.5,0.5,0.5,5,Z3 Y5 X8,0.0139777777778,0.00908281748333,0.0139777777778,0.00908281748333
0.5,0.5,0.5,0.5,10,Logical X,0.0120444444444,0.00963380595163,-0.000311111111111,0.015589301109
0.5,0.5,0.5,0.5,10,Logical Y,0.0158666666667,0.0116716245623,0.00333333333333,0.0176200860653
0.5,0.5,0.5,0.5,10,Logical Z,0.0120666666667,0.00847687862744,-0.00104444444444,0.0193912595022
0.5,0.5,0.5,0.5,10,X0 X1,0.0142222222222,0.0116294425313,0.0142222222222,0.0116294425313
0.5,0.5,0.5,0.5,10,X1 Z2 Y3 Y4 Z5 X7,0.0151333333333,0.0109853960877,0.0151333333333,0.0109853960877
0.5,0.5,0.5,0.5,10,X10 Z12 Y13 Y14 Z15 X16,0.0146,0.0126870374611,0.0146,0.0126870374611
0.5,0.5,0.5,0.5,10,X12 X14,0.0123555555556,0.010064517291,0.0123555555556,0.010064517291
0.5,0.5,0.5,0.5,10,X13 X15,0.0146888888889,0.00896050650822,0.0146888888889,0.00896050650822
0.5,0.5,0.5,0.5,10,X15 Z16 Y17,0.0104888888889,0.00794412158066,0.0104888888889,0.00794412158066
0.5,0.5,0.5,0.5,10,X16 X17,0.0138222222222,0.0105364659002,0.0138222222222,0.0105364659002
0.5,0.5,0.5,0.5,10,X2 X4,0.0142888888889,0.00892657719017,0.0142888888889,0.00892657719017
0.5,0.5,0.5,0.5,10,X3 X5,0.0153333333333,0.0105307431706,0.0153333333333,0.0105307431706
0.5,0.5,0.5,0.5,10,X4 Z6 Y7 Y9 Z10 X12,0.0152,0.0115355854555,0.0152,0.0115355854555
0.5,0.5,0.5,0.5,10,X5 Z7 Y8 Y10 Z11 X13,0.0111555555556,0.00887708027892,0.0111555555556,0.00887708027892
0.5,0.5,0.5,0.5,10,X6 X9,0.0156222222222,0.0114479442627,0.0156222222222,0.0114479442627
0.5,0.5,0.5,0.5,10,X7 X10,0.0170666666667,0.0123171375487,0.0170666666667,0.0123171375487
0.5,0.5,0.5,0.5,10,X8 X11,0.0135555555556,0.0104933233045,0.0135555555556,0.0104933233045
0.5,0.5,0.5,0.5,10,X9 Y12 Z14,0.0131333333333,0.00798494752476,0.0131333333333,0.00798494752476
0.5,0.5,0.5,0.5,10,Y0 Z1 X2,0.0147333333333,0.0116294644952,0.0147333333333,0.0116294644952
0.5,0.5,0.5,0.5,10,Z3 Y5 X8,0.0119777777778,0.0108143275665,0.0119777777778,0.0108143275665
1,1,1,1,1,Logical X,0.0326222222222,0.0167358869081,0.0396222222222,0.0171436869592
1,1,1,1,1,Logical Y,0.0135777777778,0.0118631834399,-0.000155555555556,0.0163914596334
1,1,1,1,1,Logical Z,0.0141111111111,0.0116330660093,0.00377777777778,0.0227566391026
1,1,1,1,1,X0 X1,0.0167111111111,0.0124080474854,0.0167111111111,0.0124080474854
1,1,1,1,1,X1 Z2 Y3 Y4 Z5 X7,0.0113333333333,0.00654837583326,0.0113333333333,0.00654837583326
1,1,1,1,1,X10 Z12 Y13 Y14 Z15 X16,0.0152444444444,0.00890603709891,0.0152444444444,0.00890603709891
1,1,1,1,1,X12 X14,0.0131111111111,0.00921822837399,0.0131111111111,0.00921822837399
1,1,1,1,1,X13 X15,0.0188444444444,0.0129021467023,0.0188444444444,0.0129021467023
1,1,1,1,1,X15 Z16 Y17,0.0401333333333,0.0163040083923,0.0401333333333,0.0163040083923
1,1,1,1,1,X16 X17,0.0158666666667,0.0112067303259,0.0158666666667,0.0112067303259
1,1,1,1,1,X2 X4,0.0101777777778,0.007852926503,0.0101777777778,0.007852926503
1,1,1,1,1,X3 X5,0.0150666666667,0.0122259694708,0.0150666666667,0.0122259694708
1,1,1,1,1,X4 Z6 Y7 Y9 Z10 X12,0.0150888888889,0.011820474909,0.0150888888889,0.011820474909
1,1,1,1,1,X5 Z7 Y8 Y10 Z11 X13,0.0135777777778,0.00973437773224,0.0135777777778,0.00973437773224
1,1,1,1,1,X6 X9,0.0148444444444,0.00923749370287,0.0148444444444,0.00923749370287
1,1,1,1,1,X7 X10,0.0157555555556,0.010876504021,0.0157555555556,0.010876504021
1,1,1,1,1,X8 X11,0.0183777777778,0.0136296761341,0.0183777777778,0.0136296761341
1,1,1,1,1,X9 Y12 Z14,0.0222,0.0126177518931,0.0222,0.0126177518931
1,1,1,1,1,Y0 Z1 X2,0.0405333333333,0.0192044056248,0.0405333333333,0.0192044056248
1,1,1,1,1,Z3 Y5 X8,0.0407777777778,0.0174057579176,0.0407777777778,0.0174057579176
1,1,1,1,5,Logical X,0.0349333333333,0.0168887275653,0.0388222222222,0.0166888893991
1,1,1,1,5,Logical Y,0.0130888888889,0.0116822337303,0.000822222222222,0.0168742778096
1,1,1,1,5,Logical Z,0.0166222222222,0.00870800632762,0.00277777777778,0.0217291465774
1,1,1,1,5,X0 X1,0.0161777777778,0.0112633856793,0.0161777777778,0.0112633856793
1,1,1,1,5,X1 Z2 Y3 Y4 Z5 X7,0.0144888888889,0.00983376517007,0.0144888888889,0.00983376517007
1,1,1,1,5,X10 Z12 Y13 Y14 Z15 X16,0.0136,0.0133970889501,0.0136,0.0133970889501
1,1,1,1,5,X12 X14,0.0149555555556,0.011614079622,0.0149555555556,0.011614079622
1,1,1,1,5,X13 X15,0.0152222222222,0.00979026544959,0.0152222222222,0.00979026544959
1,1,1,1,5,X15 Z16 Y17,0.0380666666667,0.0168494346575,0.0380666666667,0.0168494346575
1,1,1,1,5,X16 X17,0.0149333333333,0.00996176598848,0.0149333333333,0.00996176598848
1,1,1,1,5,X2 X4,0.0162888888889,0.0118298062846,0.0162888888889,0.0118298062846
1,1,1,1,5,X3 X5,0.0148222222222,0.0121443215791,0.0148222222222,0.0121443215791
1,1,1,1,5,X4 Z6 Y7 Y9 Z10 X12,0.0164222222222,0.0118256599156,0.0164222222222,0.0118256599156
1,1,1,1,5,X5 Z7 Y8 Y10 Z11 X13,0.0175333333333,0.0118265238623,0.0175333333333,0.0118265238623
1,1,1,1,5,X6 X9,0.0132444444444,0.00885426205718,0.0132444444444,0.00885426205718
1,1,1,1,5,X7 X10,0.0128444444444,0.0101602988663,0.0128444444444,0.0101602988663
1,1,1,1,5,X8 X11,0.0173555555556,0.0159015007686,0.0173555555556,0.0159015007686
1,1,1,1,5,X9 Y12 Z14,0.0169777777778,0.0148625718121,0.0169777777778,0.0148625718121
1,1,1,1,5,Y0 Z1 X2,0.0390888888889,0.0153822142738,0.0390888888889,0.0153822142738
1,1,1,1,5,Z3 Y5 X8,0.0452222222222,0.0183479217471,0.0452222222222,0.0183479217471
1,1,1,1,10,Logical X,0.0382444444444,0.0167006397045,0.0331555555556,0.0204927299198
1,1,1,1,10,Logical Y,0.0185333333333,0.0110967877027,0.00268888888889,0.0168295337315
1,1,1,1,10,Logical Z,0.0116888888889,0.0091955900364,0.000711111111111,0.01547702124
1,1,1,1,10,X0 X1,0.0119111111111,0.00960002128563,0.0119111111111,0.00960002128563
1,1,1,1,10,X1 Z2 Y3 Y4 Z5 X7,0.0173333333333,0.0113245401994,0.0173333333333,0.0113245401994
1,1,1,1,10,X10 Z12 Y13 Y14 Z15 X16,0.0157777777778,0.0127640939556,0.0157777777778,0.0127640939556
1,1,1,1,10,X12 X14,0.0130222222222,0.00956002746647,0.0130222222222,0.00956002746647
1,1,1,1,10,X13 X15,0.0146,0.00976246624201,0.0146,0.00976246624201
1,1,1,1,10,X15 Z16 Y17,0.0413777777778,0.0174610092912,0.0413777777778,0.0174610092912
1,1,1,1,10,X16 X17,0.0171111111111,0.0117878219298,0.0171111111111,0.0117878219298
1,1,1,1,10,X2 X4,0.0196,0.0125635244097,0.0196,0.0125635244097
1,1,1,1,10,X3 X5,0.0153777777778,0.012183694063,0.0153777777778,0.012183694063
1,1,1,1,10,X4 Z6 Y7 Y9 Z10 X12,0.0112222222222,0.00880627316171,0.0112222222222,0.00880627316171
1,1,1,1,10,X5 Z7 Y8 Y10 Z11 X13,0.0146222222222,0.0114603207959,0.0146222222222,0.0114603207959
1,1,1,1,10,X6 X9,0.0125555555556,0.0104417131833,0.0125555555556,0.0104417131833
1,1,1,1,10,X7 X10,0.0128,0.0099260097974,0.0128,0.0099260097974
1,1,1,1,10,X8 X11,0.0130888888889,0.00853477597959,0.0130888888889,0.00853477597959
1,1,1,1,10,X9 Y12 Z14,0.0148222222222,0.0119944857488,0.0148222222222,0.0119944857488
1,1,1,1,10,Y0 Z1 X2,0.0335777777778,0.0176535265237,0.0335777777778,0.0176535265237
1,1,1,1,10,Z3 Y5 X8,0.0387333333333,0.0205580013042,0.0387333333333,0.0205580013042
