g1_z,IZ,ZI,ZZ,ZX,ZY,XZ,YZ,round,operator,mean,std,mean_signed,std_signed
0.0478630092323,0.0478630092323,0.0478630092323,0.0478630092323,0.0478630092323,0.0478630092323,0.0478630092323,0.0478630092323,1,Logical X,0.0149777777778,0.0124176778369,0.00866666666667,0.0192789564271
0.0478630092323,0.0478630092323,0.0478630092323,0.0478630092323,0.0478630092323,0.0478630092323,0.0478630092323,0.0478630092323,1,Logical Y,0.0127555555556,0.00947468226838,-0.0048,0.0152410013649
0.0478630092323,0.0478630092323,0.0478630092323,0.0478630092323,0.0478630092323,0.0478630092323,0.0478630092323,0.0478630092323,1,Logical Z,0.0102,0.00761154597857,-0.00468888888889,0.0156870577334
0.0478630092323,0.0478630092323,0.0478630092323,0.0478630092323,0.0478630092323,0.0478630092323,0.0478630092323,0.0478630092323,1,X0 X1,0.547044444444,0.0110376344477,0.547044444444,0.0110376344477
0.0478630092323,0.0478630092323,0.0478630092323,0.0478630092323,0.0478630092323,0.0478630092323,0.0478630092323,0.0478630092323,1,X1 Z2 Y3 Y4 Z5 X7,0.24,0.0212865867143,0.24,0.0212865867143
0.0478630092323,0.0478630092323,0.0478630092323,0.0478630092323,0.0478630092323,0.0478630092323,0.0478630092323,0.0478630092323,1,X10 Z13 Y14 Y17 Z18 X22,0.142488888889,0.0206551197504,0.142488888889,0.0206551197504
0.0478630092323,0.0478630092323,0.0478630092323,0.0478630092323,0.0478630092323,0.0478630092323,0.0478630092323,0.0478630092323,1,X100 Z107 Y108 Y114 Z115 X121,0.0820222222222,0.0196408233344,0.0820222222222,0.0196408233344
0.0478630092323,0.0478630092323,0.0478630092323,0.0478630092323,0.0478630092323,0.0478630092323,0.0478630092323,0.0478630092323,1,X101 Z108 Y109 Y115 Z116 X122,0.0808666666667,0.0176922607926,0.0808666666667,0.0176922607926
0.0478630092323,0.0478630092323,0.0478630092323,0.0478630092323,0.0478630092323,0.0478630092323,0.0478630092323,0.0478630092323,1,X102 Z109 Y110 Y116 Z117 X123,0.0854,0.0177840171044,0.0854,0.0177840171044
0.0478630092323,0.0478630092323,0.0478630092323,0.0478630092323,0.0478630092323,0.0478630092323,0.0478630092323,0.0478630092323,1,X103 Z110 Y111 Y117 Z118 X124,0.0257555555556,0.0181888630262,0.0257555555556,0.0181888630262
0.0478630092323,0.0478630092323,0.0478630092323,0.0478630092323,0.0478630092323,0.0478630092323,0.0478630092323,0.0478630092323,1,X104 Z111 Y112 Y118 Z119 X125,0.0161111111111,0.0111555815054,0.0161111111111,0.0111555815054
0.0478630092323,0.0478630092323,0.0478630092323,0.0478630092323,0.0478630092323,0.0478630092323,0.0478630092323,0.0478630092323,1,X105 Z112 Y119,0.137066666667,0.0161360119368,0.137066666667,0.0161360119368
0.0478630092323,0.0478630092323,0.0478630092323,0.0478630092323,0.0478630092323,0.0478630092323,0.0478630092323,0.0478630092323,1,X106 X113,0.117,0.0177429496008,0.117,0.0177429496008
0.0478630092323,0.0478630092323,0.0478630092323,0.0478630092323,0.0478630092323,0.0478630092323,0.0478630092323,0.0478630092323,1,X107 X114,0.145022222222,0.0135100170963,0.145022222222,0.0135100170963
0.0478630092323,0.0478630092323,0.0478630092323,0.0478630092323,0.0478630092323,0.0478630092323,0.0478630092323,0.0478630092323,1,X108 X115,0.190955555556,0.0175107483869,0.190955555556,0.0175107483869
0.0478630092323,0.0478630092323,0.0478630092323,0.0478630092323,0.0478630092323,0.0478630092323,0.0478630092323,0.0478630092323,1,X109 X116,0.259533333333,0.0156240800495,0.259533333333,0.0156240800495
0.0478630092323,0.0478630092323,0.0478630092323,0.0478630092323,0.0478630092323,0.0478630092323,0.0478630092323,0.0478630092323,1,X11 Z14 Y15 Y18 Z19 X23,0.135177777778,0.0185378836168,0.135177777778,0.0185378836168
0.0478630092323,0.0478630092323,0.0478630092323,0.0478630092323,0.0478630092323,0.0478630092323,0.0478630092323,0.0478630092323,1,X110 X117,0.362333333333,0.0156305526532,0.362333333333,0.0156305526532
0.0478630092323,0.0478630092323,0.0478630092323,0.0478630092323,0.0478630092323,0.0478630092323,0.0478630092323,0.0478630092323,1,X111 X118,0.424177777778,0.0170020808583,0.424177777778,0.0170020808583
0.0478630092323,0.0478630092323,0.0478630092323,0.0478630092323,0.0478630092323,0.0478630092323,0.0478630092323,0.0478630092323,1,X112 X119,0.0288888888889,0.0165733787678,0.0288888888889,0.0165733787678
0.0478630092323,0.0478630092323,0.0478630092323,0.0478630092323,0.0478630092323,0.0478630092323,0.0478630092323,0.0478630092323,1,X113 Y120 Z126,0.571222222222,0.0153049045136,0.571222222222,0.0153049045136
0.0478630092323,0.0478630092323,0.0478630092323,0.0478630092323,0.0478630092323,0.0478630092323,0.0478630092323,0.0478630092323,1,X114 Z120 Y121 Y126 Z127 X132,0.0590666666667,0.0188200594052,0.0590666666667,0.0188200594052
0.0478630092323,0.0478630092323,0.0478630092323,0.0478630092323,0.0478630092323,0.0478630092323,0.0478630092323,0.0478630092323,1,X115 Z121 Y122 Y127 Z128 X133,0.0518444444444,0.0160809097294,0.0518444444444,0.0160809097294
0.0478630092323,0.0478630092323,0.0478630092323,0.0478630092323,0.0478630092323,0.0478630092323,0.0478630092323,0.0478630092323,1,X116 Z122 Y123 Y128 Z129 X134,0.0535777777778,0.0165058757292,0.0535777777778,0.0165058757292
0.0478630092323,0.0478630092323,0.0478630092323,0.0478630092323,0.0478630092323,0.0478630092323,0.0478630092323,0.0478630092323,1,X117 Z123 Y124 Y129 Z130 X135,0.0552888888889,0.0177724513093,0.0552888888889,0.0177724513093
0.0478630092323,0.0478630092323,0.0478630092323,0.0478630092323,0.0478630092323,0.0478630092323,0.0478630092323,0.0478630092323,1,X118 Z124 Y125 Y130 Z131 X136,0.0443555555556,0.0139410178813,0.0443555555556,0.0139410178813
0.0478630092323,0.0478630092323,0.0478630092323,0.0478630092323,0.0478630092323,0.0478630092323,0.0478630092323,0.0478630092323,1,X12 X16,0.189066666667,0.0195462708715,0.189066666667,0.0195462708715
0.0478630092323,0.0478630092323,0.0478630092323,0.0478630092323,0.0478630092323,0.0478630092323,0.0478630092323,0.0478630092323,1,X120 X126,0.428177777778,0.0175991408127,0.428177777778,0.0175991408127
0.0478630092323,0.0478630092323,0.0478630092323,0.0478630092323,0.0478630092323,0.0478630092323,0.0478630092323,0.0478630092323,1,X121 X127,0.287666666667,0.0187459318703,0.287666666667,0.0187459318703
0.0478630092323,0.0478630092323,0.0478630092323,0.0478630092323,0.0478630092323,0.0478630092323,0.0478630092323,0.0478630092323,1,X122 X128,0.2128,0.0160730134839,0.2128,0.0160730134839
0.0478630092323,0.0478630092323,0.0478630092323,0.0478630092323,0.0478630092323,0.0478630092323,0.0478630092323,0.0478630092323,1,X123 X129,0.159333333333,0.0174074454498,0.159333333333,0.0174074454498
0.0478630092323,0.0478630092323,0.0478630092323,0.0478630092323,0.0478630092323,0.0478630092323,0.0478630092323,0.0478630092323,1,X124 X130,0.118755555556,0.0204349136539,0.118755555556,0.0204349136539
0.0478630092323,0.0478630092323,0.0478630092323,0.0478630092323,0.0478630092323,0.0478630092323,0.0478630092323,0.0478630092323,1,X125 X131,0.0995555555556,0.016061503757,0.0995555555556,0.016061503757
0.0478630092323,0.0478630092323,0.0478630092323,0.0478630092323,0.0478630092323,0.0478630092323,0.0478630092323,0.0478630092323,1,X127 Z132 Y133 Y137 Z138 X142,0.112111111111,0.0168282587852,0.112111111111,0.0168282587852
0.0478630092323,0.0478630092323,0.0478630092323,0.0478630092323,0.0478630092323,0.0478630092323,0.0478630092323,0.0478630092323,1,X128 Z133 Y134 Y138 Z139 X143,0.0947111111111,0.0200145030429,0.0947111111111,0.0200145030429
0.0478630092323,0.0478630092323,0.0478630092323,0.0478630092323,0.0478630092323,0.0478630092323,0.0478630092323,0.0478630092323,1,X129 Z134 Y135 Y139 Z140 X144,0.0934444444444,0.017859462721,0.0934444444444,0.017859462721
0.0478630092323,0.0478630092323,0.0478630092323,0.0478630092323,0.0478630092323,0.0478630092323,0.0478630092323,0.0478630092323,1,X13 X17,0.212888888889,0.0177848644879,0.212888888889,0.0177848644879
0.0478630092323,0.0478630092323,0.0478630092323,0.0478630092323,0.0478630092323,0.0478630092323,0.0478630092323,0.0478630092323,1,X130 Z135 Y136 Y140 Z141 X145,0.101844444444,0.01938888834,0.101844444444,0.01938888834
0.0478630092323,0.0478630092323,0.0478630092323,0.0478630092323,0.0478630092323,0.0478630092323,0.0478630092323,0.0478630092323,1,X131 Z136 Y141,0.625711111111,0.0178144401657,0.625711111111,0.0178144401657
0.0478630092323,0.0478630092323,0.0478630092323,0.0478630092323,0.0478630092323,0.0478630092323,0.0478630092323,0.0478630092323,1,X132 X137,0.137666666667,0.0185098089353,0.137666666667,0.0185098089353
0.0478630092323,0.0478630092323,0.0478630092323,0.0478630092323,0.0478630092323,0.0478630092323,0.0478630092323,0.0478630092323,1,X133 X138,0.153422222222,0.0151606804742,0.153422222222,0.0151606804742
0.0478630092323,0.0478630092323,0.0478630092323,0.0478630092323,0.0478630092323,0.0478630092323,0.0478630092323,0.0478630092323,1,X134 X139,0.212444444444,0.0157327618573,0.212444444444,0.0157327618573
0.0478630092323,0.0478630092323,0.0478630092323,0.0478630092323,0.0478630092323,0.0478630092323,0.0478630092323,0.0478630092323,1,X135 X140,0.288755555556,0.0176007082175,0.288755555556,0.0176007082175
0.0478630092323,0.0478630092323,0.0478630092323,0.0478630092323,0.0478630092323,0.0478630092323,0.0478630092323,0.0478630092323,1,X136 X141,0.425222222222,0.0141346381238,0.425222222222,0.0141346381238
0.0478630092323,0.0478630092323,0.0478630092323,0.0478630092323,0.0478630092323,0.0478630092323,0.0478630092323,0.0478630092323,1,X137 Y142 Z146,0.566711111111,0.0135611947318,0.566711111111,0.0135611947318
0.0478630092323,0.0478630092323,0.0478630092323,0.0478630092323,0.0478630092323,0.0478630092323,0.0478630092323,0.0478630092323,1,X138 Z142 Y143 Y146 Z147 X150,0.111911111111,0.0191727243467,0.111911111111,0.0191727243467
0.0478630092323,0.0478630092323,0.0478630092323,0.0478630092323,0.0478630092323,0.0478630092323,0.0478630092323,0.0478630092323,1,X139 Z143 Y144 Y147 Z148 X151,0.0934222222222,0.0128888360416,0.0934222222222,0.0128888360416
0.0478630092323,0.0478630092323,0.0478630092323,0.0478630092323,0.0478630092323,0.0478630092323,0.0478630092323,0.0478630092323,1,X14 X18,0.284288888889,0.0146830455393,0.284288888889,0.0146830455393
0.0478630092323,0.0478630092323,0.0478630092323,0.0478630092323,0.0478630092323,0.0478630092323,0.0478630092323,0.0478630092323,1,X140 Z144 Y145 Y148 Z149 X152,0.0987777777778,0.0181150713767,0.0987777777778,0.0181150713767
0.0478630092323,0.0478630092323,0.0478630092323,0.0478630092323,0.0478630092323,0.0478630092323,0.0478630092323,0.0478630092323,1,X142 X146,0.4346,0.015842471652,0.4346,0.015842471652
0.0478630092323,0.0478630092323,0.0478630092323,0.0478630092323,0.0478630092323,0.0478630092323,0.0478630092323,0.0478630092323,1,X143 X147,0.288844444444,0.0200122057263,0.288844444444,0.0200122057263
0.0478630092323,0.0478630092323,0.0478630092323,0.0478630092323,0.0478630092323,0.0478630092323,0.0478630092323,0.0478630092323,1,X144 X148,0.209022222222,0.0145573073732,0.209022222222,0.0145573073732
0.0478630092323,0.0478630092323,0.0478630092323,0.0478630092323,0.0478630092323,0.0478630092323,0.0478630092323,0.0478630092323,1,X145 X149,0.182466666667,0.0171306898985,0.182466666667,0.0171306898985
0.0478630092323,0.0478630092323,0.0478630092323,0.0478630092323,0.0478630092323,0.0478630092323,0.0478630092323,0.0478630092323,1,X147 Z150 Y151 Y153 Z154 X156,0.207577777778,0.0149875895872,0.207577777778,0.0149875895872
0.0478630092323,0.0478630092323,0.0478630092323,0.0478630092323,0.0478630092323,0.0478630092323,0.0478630092323,0.0478630092323,1,X148 Z151 Y152 Y154 Z155 X157,0.181511111111,0.0183494669519,0.181511111111,0.0183494669519
0.0478630092323,0.0478630092323,0.0478630092323,0.0478630092323,0.0478630092323,0.0478630092323,0.0478630092323,0.0478630092323,1,X149 Z152 Y155,0.627622222222,0.0146506530482,0.627622222222,0.0146506530482
0.0478630092323,0.0478630092323,0.0478630092323,0.0478630092323,0.0478630092323,0.0478630092323,0.0478630092323,0.0478630092323,1,X15 X19,0.430644444444,0.0122446120244,0.430644444444,0.0122446120244
0.0478630092323,0.0478630092323,0.0478630092323,0.0478630092323,0.0478630092323,0.0478630092323,0.0478630092323,0.0478630092323,1,X150 X153,0.243622222222,0.0155094170709,0.243622222222,0.0155094170709
0.0478630092323,0.0478630092323,0.0478630092323,0.0478630092323,0.0478630092323,0.0478630092323,0.0478630092323,0.0478630092323,1,X151 X154,0.285066666667,0.0174361231587,0.285066666667,0.0174361231587
0.0478630092323,0.0478630092323,0.0478630092323,0.0478630092323,0.0478630092323,0.0478630092323,0.0478630092323,0.0478630092323,1,X152 X155,0.4292,0.0169546611998,0.4292,0.0169546611998
0.0478630092323,0.0478630092323,0.0478630092323,0.0478630092323,0.0478630092323,0.0478630092323,0.0478630092323,0.0478630092323,1,X153 Y156 Z158,0.563955555556,0.0127215186608,0.563955555556,0.0127215186608
0.0478630092323,0.0478630092323,0.0478630092323,0.0478630092323,0.0478630092323,0.0478630092323,0.0478630092323,0.0478630092323,1,X154 Z156 Y157 Y158 Z159 X160,0.204955555556,0.0175474689169,0.204955555556,0.0175474689169
0.0478630092323,0.0478630092323,0.0478630092323,0.0478630092323,0.0478630092323,0.0478630092323,0.0478630092323,0.0478630092323,1,X156 X158,0.426866666667,0.0164264528274,0.426866666667,0.0164264528274
0.0478630092323,0.0478630092323,0.0478630092323,0.0478630092323,0.0478630092323,0.0478630092323,0.0478630092323,0.0478630092323,1,X157 X159,0.325377777778,0.0164411718811,0.325377777778,0.0164411718811
0.0478630092323,0.0478630092323,0.0478630092323,0.0478630092323,0.0478630092323,0.0478630092323,0.0478630092323,0.0478630092323,1,X159 Z160 Y161,0.622177777778,0.0146634618581,0.622177777778,0.0146634618581
0.0478630092323,0.0478630092323,0.0478630092323,0.0478630092323,0.0478630092323,0.0478630092323,0.0478630092323,0.0478630092323,1,X16 Z20 Y21 Y25 Z26 X31,0.0743555555556,0.0196441393156,0.0743555555556,0.0196441393156
0.0478630092323,0.0478630092323,0.0478630092323,0.0478630092323,0.0478630092323,0.0478630092323,0.0478630092323,0.0478630092323,1,X160 X161,0.493311111111,0.0169185412207,0.493311111111,0.0169185412207
0.0478630092323,0.0478630092323,0.0478630092323,0.0478630092323,0.0478630092323,0.0478630092323,0.0478630092323,0.0478630092323,1,X17 Z21 Y22 Y26 Z27 X32,0.0836222222222,0.0197669822877,0.0836222222222,0.0197669822877
0.0478630092323,0.0478630092323,0.0478630092323,0.0478630092323,0.0478630092323,0.0478630092323,0.0478630092323,0.0478630092323,1,X18 Z22 Y23 Y27 Z28 X33,0.0745777777778,0.0150724770948,0.0745777777778,0.0150724770948
0.0478630092323,0.0478630092323,0.0478630092323,0.0478630092323,0.0478630092323,0.0478630092323,0.0478630092323,0.0478630092323,1,X19 Z23 Y24 Y28 Z29 X34,0.0784888888889,0.0151719981366,0.0784888888889,0.0151719981366
0.0478630092323,0.0478630092323,0.0478630092323,0.0478630092323,0.0478630092323,0.0478630092323,0.0478630092323,0.0478630092323,1,X2 X4,0.328933333333,0.0145813611146,0.328933333333,0.0145813611146
0.0478630092323,0.0478630092323,0.0478630092323,0.0478630092323,0.0478630092323,0.0478630092323,0.0478630092323,0.0478630092323,1,X20 X25,0.477822222222,0.0156022724873,0.477822222222,0.0156022724873
0.0478630092323,0.0478630092323,0.0478630092323,0.0478630092323,0.0478630092323,0.0478630092323,0.0478630092323,0.0478630092323,1,X21 X26,0.321555555556,0.0132205961845,0.321555555556,0.0132205961845
0.0478630092323,0.0478630092323,0.0478630092323,0.0478630092323,0.0478630092323,0.0478630092323,0.0478630092323,0.0478630092323,1,X22 X27,0.235622222222,0.0140940283361,0.235622222222,0.0140940283361
0.0478630092323,0.0478630092323,0.0478630092323,0.0478630092323,0.0478630092323,0.0478630092323,0.0478630092323,0.0478630092323,1,X23 X28,0.1732,0.0146482643173,0.1732,0.0146482643173
0.0478630092323,0.0478630092323,0.0478630092323,0.0478630092323,0.0478630092323,0.0478630092323,0.0478630092323,0.0478630092323,1,X24 X29,0.1634,0.0178365073983,0.1634,0.0178365073983
0.0478630092323,0.0478630092323,0.0478630092323,0.0478630092323,0.0478630092323,0.0478630092323,0.0478630092323,0.0478630092323,1,X25 Z30 Y31 Y36 Z37 X43,0.0758,0.0172856550276,0.0758,0.0172856550276
0.0478630092323,0.0478630092323,0.0478630092323,0.0478630092323,0.0478630092323,0.0478630092323,0.0478630092323,0.0478630092323,1,X26 Z31 Y32 Y37 Z38 X44,0.0773777777778,0.0123981624313,0.0773777777778,0.0123981624313
0.0478630092323,0.0478630092323,0.0478630092323,0.0478630092323,0.0478630092323,0.0478630092323,0.0478630092323,0.0478630092323,1,X27 Z32 Y33 Y38 Z39 X45,0.0799333333333,0.0153900500274,0.0799333333333,0.0153900500274
0.0478630092323,0.0478630092323,0.0478630092323,0.0478630092323,0.0478630092323,0.0478630092323,0.0478630092323,0.0478630092323,1,X28 Z33 Y34 Y39 Z40 X46,0.0764666666667,0.0181759387917,0.0764666666667,0.0181759387917
0.0478630092323,0.0478630092323,0.0478630092323,0.0478630092323,0.0478630092323,0.0478630092323,0.0478630092323,0.0478630092323,1,X29 Z34 Y35 Y40 Z41 X47,0.0695333333333,0.0196007271739,0.0695333333333,0.0196007271739
0.0478630092323,0.0478630092323,0.0478630092323,0.0478630092323,0.0478630092323,0.0478630092323,0.0478630092323,0.0478630092323,1,X3 X5,0.431733333333,0.0158204484778,0.431733333333,0.0158204484778
0.0478630092323,0.0478630092323,0.0478630092323,0.0478630092323,0.0478630092323,0.0478630092323,0.0478630092323,0.0478630092323,1,X30 X36,0.0960888888889,0.0186598783497,0.0960888888889,0.0186598783497
0.0478630092323,0.0478630092323,0.0478630092323,0.0478630092323,0.0478630092323,0.0478630092323,0.0478630092323,0.0478630092323,1,X31 X37,0.116933333333,0.0146243904808,0.116933333333,0.0146243904808
0.0478630092323,0.0478630092323,0.0478630092323,0.0478630092323,0.0478630092323,0.0478630092323,0.0478630092323,0.0478630092323,1,X32 X38,0.156088888889,0.0178299617252,0.156088888889,0.0178299617252
0.0478630092323,0.0478630092323,0.0478630092323,0.0478630092323,0.0478630092323,0.0478630092323,0.0478630092323,0.0478630092323,1,X33 X39,0.212711111111,0.0131340665334,0.212711111111,0.0131340665334
0.0478630092323,0.0478630092323,0.0478630092323,0.0478630092323,0.0478630092323,0.0478630092323,0.0478630092323,0.0478630092323,1,X34 X40,0.284222222222,0.015431801104,0.284222222222,0.015431801104
0.0478630092323,0.0478630092323,0.0478630092323,0.0478630092323,0.0478630092323,0.0478630092323,0.0478630092323,0.0478630092323,1,X35 X41,0.431755555556,0.0180849280685,0.431755555556,0.0180849280685
0.0478630092323,0.0478630092323,0.0478630092323,0.0478630092323,0.0478630092323,0.0478630092323,0.0478630092323,0.0478630092323,1,X36 Z42 Y43 Y49 Z50 X57,0.0286444444444,0.0169040413979,0.0286444444444,0.0169040413979
0.0478630092323,0.0478630092323,0.0478630092323,0.0478630092323,0.0478630092323,0.0478630092323,0.0478630092323,0.0478630092323,1,X37 Z43 Y44 Y50 Z51 X58,0.0307111111111,0.0116328683941,0.0307111111111,0.0116328683941
0.0478630092323,0.0478630092323,0.0478630092323,0.0478630092323,0.0478630092323,0.0478630092323,0.0478630092323,0.0478630092323,1,X38 Z44 Y45 Y51 Z52 X59,0.0247111111111,0.0173765450171,0.0247111111111,0.0173765450171
0.0478630092323,0.0478630092323,0.0478630092323,0.0478630092323,0.0478630092323,0.0478630092323,0.0478630092323,0.0478630092323,1,X39 Z45 Y46 Y52 Z53 X60,0.0397333333333,0.0158881145486,0.0397333333333,0.0158881145486
0.0478630092323,0.0478630092323,0.0478630092323,0.0478630092323,0.0478630092323,0.0478630092323,0.0478630092323,0.0478630092323,1,X4 Z6 Y7 Y9 Z10 X13,0.127333333333,0.0176843329584,0.127333333333,0.0176843329584
0.0478630092323,0.0478630092323,0.0478630092323,0.0478630092323,0.0478630092323,0.0478630092323,0.0478630092323,0.0478630092323,1,X40 Z46 Y47 Y53 Z54 X61,0.0510444444444,0.0160694692394,0.0510444444444,0.0160694692394
0.0478630092323,0.0478630092323,0.0478630092323,0.0478630092323,0.0478630092323,0.0478630092323,0.0478630092323,0.0478630092323,1,X41 Z47 Y48 Y54 Z55 X62,0.0418,0.0185275191409,0.0418,0.0185275191409
0.0478630092323,0.0478630092323,0.0478630092323,0.0478630092323,0.0478630092323,0.0478630092323,0.0478630092323,0.0478630092323,1,X42 X49,0.475288888889,0.0174091474905,0.475288888889,0.0174091474905
0.0478630092323,0.0478630092323,0.0478630092323,0.0478630092323,0.0478630092323,0.0478630092323,0.0478630092323,0.0478630092323,1,X43 X50,0.311955555556,0.0185909246045,0.311955555556,0.0185909246045
0.0478630092323,0.0478630092323,0.0478630092323,0.0478630092323,0.0478630092323,0.0478630092323,0.0478630092323,0.0478630092323,1,X44 X51,0.238088888889,0.0138693778664,0.238088888889,0.0138693778664
0.0478630092323,0.0478630092323,0.0478630092323,0.0478630092323,0.0478630092323,0.0478630092323,0.0478630092323,0.0478630092323,1,X45 X52,0.169133333333,0.0169263901052,0.169133333333,0.0169263901052
0.0478630092323,0.0478630092323,0.0478630092323,0.0478630092323,0.0478630092323,0.0478630092323,0.0478630092323,0.0478630092323,1,X46 X53,0.126777777778,0.0165712980259,0.126777777778,0.0165712980259
0.0478630092323,0.0478630092323,0.0478630092323,0.0478630092323,0.0478630092323,0.0478630092323,0.0478630092323,0.0478630092323,1,X47 X54,0.0927555555556,0.0205649952437,0.0927555555556,0.0205649952437
0.0478630092323,0.0478630092323,0.0478630092323,0.0478630092323,0.0478630092323,0.0478630092323,0.0478630092323,0.0478630092323,1,X48 X55,0.0880666666667,0.021775834615,0.0880666666667,0.021775834615
0.0478630092323,0.0478630092323,0.0478630092323,0.0478630092323,0.0478630092323,0.0478630092323,0.0478630092323,0.0478630092323,1,X49 Z56 Y57 Y64 Z65 X73,0.0238222222222,0.014958367085,0.0238222222222,0.014958367085
0.0478630092323,0.0478630092323,0.0478630092323,0.0478630092323,0.0478630092323,0.0478630092323,0.0478630092323,0.0478630092323,1,X5 Z7 Y8 Y10 Z11 X14,0.141444444444,0.0151286522036,0.141444444444,0.0151286522036
0.0478630092323,0.0478630092323,0.0478630092323,0.0478630092323,0.0478630092323,0.0478630092323,0.0478630092323,0.0478630092323,1,X50 Z57 Y58 Y65 Z66 X74,0.0244444444444,0.0133153134937,0.0244444444444,0.0133153134937
0.0478630092323,0.0478630092323,0.0478630092323,0.0478630092323,0.0478630092323,0.0478630092323,0.0478630092323,0.0478630092323,1,X51 Z58 Y59 Y66 Z67 X75,0.0232444444444,0.0125722230264,0.0232444444444,0.0125722230264
0.0478630092323,0.0478630092323,0.0478630092323,0.0478630092323,0.0478630092323,0.0478630092323,0.0478630092323,0.0478630092323,1,X52 Z59 Y60 Y67 Z68 X76,0.0315333333333,0.016343206024,0.0315333333333,0.016343206024
0.0478630092323,0.0478630092323,0.0478630092323,0.0478630092323,0.0478630092323,0.0478630092323,0.0478630092323,0.0478630092323,1,X53 Z60 Y61 Y68 Z69 X77,0.0449111111111,0.0191661285948,0.0449111111111,0.0191661285948
0.0478630092323,0.0478630092323,0.0478630092323,0.0478630092323,0.0478630092323,0.0478630092323,0.0478630092323,0.0478630092323,1,X54 Z61 Y62 Y69 Z70 X78,0.0338888888889,0.0187625479512,0.0338888888889,0.0187625479512
0.0478630092323,0.0478630092323,0.0478630092323,0.0478630092323,0.0478630092323,0.0478630092323,0.0478630092323,0.0478630092323,1,X55 Z62 Y63 Y70 Z71 X79,0.0422222222222,0.0153900334305,0.0422222222222,0.0153900334305
0.0478630092323,0.0478630092323,0.0478630092323,0.0478630092323,0.0478630092323,0.0478630092323,0.0478630092323,0.0478630092323,1,X56 X64,0.0465777777778,0.0182857131454,0.0465777777778,0.0182857131454
0.0478630092323,0.0478630092323,0.0478630092323,0.0478630092323,0.0478630092323,0.0478630092323,0.0478630092323,0.0478630092323,1,X57 X65,0.0459555555556,0.0204012871154,0.0459555555556,0.0204012871154
0.0478630092323,0.0478630092323,0.0478630092323,0.0478630092323,0.0478630092323,0.0478630092323,0.0478630092323,0.0478630092323,1,X58 X66,0.0576888888889,0.0161854514241,0.0576888888889,0.0161854514241
0.0478630092323,0.0478630092323,0.0478630092323,0.0478630092323,0.0478630092323,0.0478630092323,0.0478630092323,0.0478630092323,1,X59 X67,0.0612,0.0157338008892,0.0612,0.0157338008892
0.0478630092323,0.0478630092323,0.0478630092323,0.0478630092323,0.0478630092323,0.0478630092323,0.0478630092323,0.0478630092323,1,X6 X9,0.476133333333,0.0153621917338,0.476133333333,0.0153621917338
0.0478630092323,0.0478630092323,0.0478630092323,0.0478630092323,0.0478630092323,0.0478630092323,0.0478630092323,0.0478630092323,1,X60 X68,0.157266666667,0.0161983396339,0.157266666667,0.0161983396339
0.0478630092323,0.0478630092323,0.0478630092323,0.0478630092323,0.0478630092323,0.0478630092323,0.0478630092323,0.0478630092323,1,X61 X69,0.211977777778,0.0171667354833,0.211977777778,0.0171667354833
0.0478630092323,0.0478630092323,0.0478630092323,0.0478630092323,0.0478630092323,0.0478630092323,0.0478630092323,0.0478630092323,1,X62 X70,0.291044444444,0.0186475134359,0.291044444444,0.0186475134359
0.0478630092323,0.0478630092323,0.0478630092323,0.0478630092323,0.0478630092323,0.0478630092323,0.0478630092323,0.0478630092323,1,X63 X71,0.427088888889,0.0200638699188,0.427088888889,0.0200638699188
0.0478630092323,0.0478630092323,0.0478630092323,0.0478630092323,0.0478630092323,0.0478630092323,0.0478630092323,0.0478630092323,1,X64 Z72 Y73 Y81 Z82 X90,0.128266666667,0.0180145535035,0.128266666667,0.0180145535035
0.0478630092323,0.0478630092323,0.0478630092323,0.0478630092323,0.0478630092323,0.0478630092323,0.0478630092323,0.0478630092323,1,X65 Z73 Y74 Y82 Z83 X91,0.105777777778,0.0171942548842,0.105777777778,0.0171942548842
0.0478630092323,0.0478630092323,0.0478630092323,0.0478630092323,0.0478630092323,0.0478630092323,0.0478630092323,0.0478630092323,1,X66 Z74 Y75 Y83 Z84 X92,0.102355555556,0.0151627021049,0.102355555556,0.0151627021049
0.0478630092323,0.0478630092323,0.0478630092323,0.0478630092323,0.0478630092323,0.0478630092323,0.0478630092323,0.0478630092323,1,X67 Z75 Y76 Y84 Z85 X93,0.0588888888889,0.0193822870777,0.0588888888889,0.0193822870777
0.0478630092323,0.0478630092323,0.0478630092323,0.0478630092323,0.0478630092323,0.0478630092323,0.0478630092323,0.0478630092323,1,X68 Z76 Y77 Y85 Z86 X94,0.0601111111111,0.0196685822822,0.0601111111111,0.0196685822822
0.0478630092323,0.0478630092323,0.0478630092323,0.0478630092323,0.0478630092323,0.0478630092323,0.0478630092323,0.0478630092323,1,X69 Z77 Y78 Y86 Z87 X95,0.221666666667,0.0153565541314,0.221666666667,0.0153565541314
0.0478630092323,0.0478630092323,0.0478630092323,0.0478630092323,0.0478630092323,0.0478630092323,0.0478630092323,0.0478630092323,1,X7 X10,0.318311111111,0.0177377518766,0.318311111111,0.0177377518766
0.0478630092323,0.0478630092323,0.0478630092323,0.0478630092323,0.0478630092323,0.0478630092323,0.0478630092323,0.0478630092323,1,X70 Z78 Y79 Y87 Z88 X96,0.120688888889,0.0215402916293,0.120688888889,0.0215402916293
0.0478630092323,0.0478630092323,0.0478630092323,0.0478630092323,0.0478630092323,0.0478630092323,0.0478630092323,0.0478630092323,1,X71 Z79 Y80 Y88 Z89 X97,0.0897111111111,0.016396133862,0.0897111111111,0.016396133862
0.0478630092323,0.0478630092323,0.0478630092323,0.0478630092323,0.0478630092323,0.0478630092323,0.0478630092323,0.0478630092323,1,X72 X81,0.166133333333,0.0133510227484,0.166133333333,0.0133510227484
0.0478630092323,0.0478630092323,0.0478630092323,0.0478630092323,0.0478630092323,0.0478630092323,0.0478630092323,0.0478630092323,1,X73 X82,0.177044444444,0.0144537135011,0.177044444444,0.0144537135011
0.0478630092323,0.0478630092323,0.0478630092323,0.0478630092323,0.0478630092323,0.0478630092323,0.0478630092323,0.0478630092323,1,X74 X83,0.247288888889,0.0155717922924,0.247288888889,0.0155717922924
0.0478630092323,0.0478630092323,0.0478630092323,0.0478630092323,0.0478630092323,0.0478630092323,0.0478630092323,0.0478630092323,1,X75 X84,0.3318,0.0217016693392,0.3318,0.0217016693392
0.0478630092323,0.0478630092323,0.0478630092323,0.0478630092323,0.0478630092323,0.0478630092323,0.0478630092323,0.0478630092323,1,X76 X85,0.1678,0.0201558297092,0.1678,0.0201558297092
0.0478630092323,0.0478630092323,0.0478630092323,0.0478630092323,0.0478630092323,0.0478630092323,0.0478630092323,0.0478630092323,1,X77 X86,0.3566,0.0165521120644,0.3566,0.0165521120644
0.0478630092323,0.0478630092323,0.0478630092323,0.0478630092323,0.0478630092323,0.0478630092323,0.0478630092323,0.0478630092323,1,X78 X87,0.241088888889,0.0191940949838,0.241088888889,0.0191940949838
0.0478630092323,0.0478630092323,0.0478630092323,0.0478630092323,0.0478630092323,0.0478630092323,0.0478630092323,0.0478630092323,1,X79 X88,0.137244444444,0.0201646352797,0.137244444444,0.0201646352797
0.0478630092323,0.0478630092323,0.0478630092323,0.0478630092323,0.0478630092323,0.0478630092323,0.0478630092323,0.0478630092323,1,X8 X11,0.302177777778,0.0170309012217,0.302177777778,0.0170309012217
0.0478630092323,0.0478630092323,0.0478630092323,0.0478630092323,0.0478630092323,0.0478630092323,0.0478630092323,0.0478630092323,1,X80 X89,0.122311111111,0.0151960201821,0.122311111111,0.0151960201821
0.0478630092323,0.0478630092323,0.0478630092323,0.0478630092323,0.0478630092323,0.0478630092323,0.0478630092323,0.0478630092323,1,X81 Y90 Z98,0.527422222222,0.0164921746992,0.527422222222,0.0164921746992
0.0478630092323,0.0478630092323,0.0478630092323,0.0478630092323,0.0478630092323,0.0478630092323,0.0478630092323,0.0478630092323,1,X82 Z90 Y91 Y98 Z99 X106,0.0528888888889,0.0177123316424,0.0528888888889,0.0177123316424
0.0478630092323,0.0478630092323,0.0478630092323,0.0478630092323,0.0478630092323,0.0478630092323,0.0478630092323,0.0478630092323,1,X83 Z91 Y92 Y99 Z100 X107,0.0428222222222,0.0203401596481,0.0428222222222,0.0203401596481
0.0478630092323,0.0478630092323,0.0478630092323,0.0478630092323,0.0478630092323,0.0478630092323,0.0478630092323,0.0478630092323,1,X84 Z92 Y93 Y100 Z101 X108,0.0516,0.0146139071957,0.0516,0.0146139071957
0.0478630092323,0.0478630092323,0.0478630092323,0.0478630092323,0.0478630092323,0.0478630092323,0.0478630092323,0.0478630092323,1,X85 Z93 Y94 Y101 Z102 X109,0.0500222222222,0.0170915796376,0.0500222222222,0.0170915796376
0.0478630092323,0.0478630092323,0.0478630092323,0.0478630092323,0.0478630092323,0.0478630092323,0.0478630092323,0.0478630092323,1,X86 Z94 Y95 Y102 Z103 X110,0.220111111111,0.016792703518,0.220111111111,0.016792703518
0.0478630092323,0.0478630092323,0.0478630092323,0.0478630092323,0.0478630092323,0.0478630092323,0.0478630092323,0.0478630092323,1,X87 Z95 Y96 Y103 Z104 X111,0.0561111111111,0.0136132494997,0.0561111111111,0.0136132494997
0.0478630092323,0.0478630092323,0.0478630092323,0.0478630092323,0.0478630092323,0.0478630092323,0.0478630092323,0.0478630092323,1,X88 Z96 Y97 Y104 Z105 X112,0.0135777777778,0.0117254457989,0.0135777777778,0.0117254457989
0.0478630092323,0.0478630092323,0.0478630092323,0.0478630092323,0.0478630092323,0.0478630092323,0.0478630092323,0.0478630092323,1,X9 Z12 Y13 Y16 Z17 X21,0.145444444444,0.0163337633848,0.145444444444,0.0163337633848
0.0478630092323,0.0478630092323,0.0478630092323,0.0478630092323,0.0478630092323,0.0478630092323,0.0478630092323,0.0478630092323,1,X90 X98,0.428733333333,0.0139361983525,0.428733333333,0.0139361983525
0.0478630092323,0.0478630092323,0.0478630092323,0.0478630092323,0.0478630092323,0.0478630092323,0.0478630092323,0.0478630092323,1,X91 X99,0.291066666667,0.0185303727066,0.291066666667,0.0185303727066
0.0478630092323,0.0478630092323,0.0478630092323,0.0478630092323,0.0478630092323,0.0478630092323,0.0478630092323,0.0478630092323,1,X92 X100,0.217066666667,0.0212999739176,0.217066666667,0.0212999739176
0.0478630092323,0.0478630092323,0.0478630092323,0.0478630092323,0.0478630092323,0.0478630092323,0.0478630092323,0.0478630092323,1,X93 X101,0.173155555556,0.0175284625316,0.173155555556,0.0175284625316
0.0478630092323,0.0478630092323,0.0478630092323,0.0478630092323,0.0478630092323,0.0478630092323,0.0478630092323,0.0478630092323,1,X94 X102,0.172377777778,0.0224988264204,0.172377777778,0.0224988264204
0.0478630092323,0.0478630092323,0.0478630092323,0.0478630092323,0.0478630092323,0.0478630092323,0.0478630092323,0.0478630092323,1,X95 X103,0.1444,0.0177367726334,0.1444,0.0177367726334
0.0478630092323,0.0478630092323,0.0478630092323,0.0478630092323,0.0478630092323,0.0478630092323,0.0478630092323,0.0478630092323,1,X96 X104,0.0843111111111,0.0168479641285,0.0843111111111,0.0168479641285
0.0478630092323,0.0478630092323,0.0478630092323,0.0478630092323,0.0478630092323,0.0478630092323,0.0478630092323,0.0478630092323,1,X97 X105,0.443444444444,0.0175504381697,0.443444444444,0.0175504381697
0.0478630092323,0.0478630092323,0.0478630092323,0.0478630092323,0.0478630092323,0.0478630092323,0.0478630092323,0.0478630092323,1,X99 Z106 Y107 Y113 Z114 X120,0.104133333333,0.0194832868745,0.104133333333,0.0194832868745
0.0478630092323,0.0478630092323,0.0478630092323,0.0478630092323,0.0478630092323,0.0478630092323,0.0478630092323,0.0478630092323,1,Y0 Z1 X2,0.458511111111,0.0141233572831,0.458511111111,0.0141233572831
0.0478630092323,0.0478630092323,0.0478630092323,0.0478630092323,0.0478630092323,0.0478630092323,0.0478630092323,0.0478630092323,1,Y20 Z25 X30,0.136,0.0167377793242,0.136,0.0167377793242
0.0478630092323,0.0478630092323,0.0478630092323,0.0478630092323,0.0478630092323,0.0478630092323,0.0478630092323,0.0478630092323,1,Y42 Z49 X56,0.0618,0.017612386794,0.0618,0.017612386794
0.0478630092323,0.0478630092323,0.0478630092323,0.0478630092323,0.0478630092323,0.0478630092323,0.0478630092323,0.0478630092323,1,Y6 Z9 X12,0.244911111111,0.0187947032021,0.244911111111,0.0187947032021
0.0478630092323,0.0478630092323,0.0478630092323,0.0478630092323,0.0478630092323,0.0478630092323,0.0478630092323,0.0478630092323,1,Z15 Y19 X24,0.560733333333,0.0119863907503,0.560733333333,0.0119863907503
0.0478630092323,0.0478630092323,0.0478630092323,0.0478630092323,0.0478630092323,0.0478630092323,0.0478630092323,0.0478630092323,1,Z3 Y5 X8,0.568311111111,0.0146234822269,0.568311111111,0.0146234822269
0.0478630092323,0.0478630092323,0.0478630092323,0.0478630092323,0.0478630092323,0.0478630092323,0.0478630092323,0.0478630092323,1,Z35 Y41 X48,0.568777777778,0.0164105221206,0.568777777778,0.0164105221206
0.0478630092323,0.0478630092323,0.0478630092323,0.0478630092323,0.0478630092323,0.0478630092323,0.0478630092323,0.0478630092323,1,Z63 Y71 X80,0.564844444444,0.0139511279796,0.564844444444,0.0139511279796
0.0478630092323,0.0478630092323,0.0478630092323,0.0478630092323,0.0478630092323,0.0478630092323,0.0478630092323,0.0478630092323,5,Logical X,0.0142222222222,0.00785565824988,0.00588888888889,0.0233960296159
0.0478630092323,0.0478630092323,0.0478630092323,0.0478630092323,0.0478630092323,0.0478630092323,0.0478630092323,0.0478630092323,5,Logical Y,0.0121111111111,0.00818387037746,-0.00213333333333,0.0156801360538
0.0478630092323,0.0478630092323,0.0478630092323,0.0478630092323,0.0478630092323,0.0478630092323,0.0478630092323,0.0478630092323,5,Logical Z,0.0128444444444,0.00820042674029,-0.000822222222222,0.0207615052964
0.0478630092323,0.0478630092323,0.0478630092323,0.0478630092323,0.0478630092323,0.0478630092323,0.0478630092323,0.0478630092323,5,X0 X1,0.551111111111,0.0177486351174,0.551111111111,0.0177486351174
0.0478630092323,0.0478630092323,0.0478630092323,0.0478630092323,0.0478630092323,0.0478630092323,0.0478630092323,0.0478630092323,5,X1 Z2 Y3 Y4 Z5 X7,0.230355555556,0.0203175807331,0.230355555556,0.0203175807331
0.0478630092323,0.0478630092323,0.0478630092323,0.0478630092323,0.0478630092323,0.0478630092323,0.0478630092323,0.0478630092323,5,X10 Z13 Y14 Y17 Z18 X22,0.141155555556,0.0155639167458,0.141155555556,0.0155639167458
0.0478630092323,0.0478630092323,0.0478630092323,0.0478630092323,0.0478630092323,0.0478630092323,0.0478630092323,0.0478630092323,5,X100 Z107 Y108 Y114 Z115 X121,0.0853777777778,0.0175424462427,0.0853777777778,0.0175424462427
0.0478630092323,0.0478630092323,0.0478630092323,0.0478630092323,0.0478630092323,0.0478630092323,0.0478630092323,0.0478630092323,5,X101 Z108 Y109 Y115 Z116 X122,0.0844,0.0220578132741,0.0844,0.0220578132741
0.0478630092323,0.0478630092323,0.0478630092323,0.0478630092323,0.0478630092323,0.0478630092323,0.0478630092323,0.0478630092323,5,X102 Z109 Y110 Y116 Z117 X123,0.0848222222222,0.0140994642254,0.0848222222222,0.0140994642254
0.0478630092323,0.0478630092323,0.0478630092323,0.0478630092323,0.0478630092323,0.0478630092323,0.0478630092323,0.0478630092323,5,X103 Z110 Y111 Y117 Z118 X124,0.0253111111111,0.0132033704432,0.0253111111111,0.0132033704432
0.0478630092323,0.0478630092323,0.0478630092323,0.0478630092323,0.0478630092323,0.0478630092323,0.0478630092323,0.0478630092323,5,X104 Z111 Y112 Y118 Z119 X125,0.015,0.0109862331127,0.015,0.0109862331127
0.0478630092323,0.0478630092323,0.0478630092323,0.0478630092323,0.0478630092323,0.0478630092323,0.0478630092323,0.0478630092323,5,X105 Z112 Y119,0.136133333333,0.0163659304093,0.136133333333,0.0163659304093
0.0478630092323,0.0478630092323,0.0478630092323,0.0478630092323,0.0478630092323,0.0478630092323,0.0478630092323,0.0478630092323,5,X106 X113,0.119977777778,0.0142635116646,0.119977777778,0.0142635116646
0.0478630092323,0.0478630092323,0.0478630092323,0.0478630092323,0.0478630092323,0.0478630092323,0.0478630092323,0.0478630092323,5,X107 X114,0.141333333333,0.0162065215576,0.141333333333,0.0162065215576
0.0478630092323,0.0478630092323,0.0478630092323,0.0478630092323,0.0478630092323,0.0478630092323,0.0478630092323,0.0478630092323,5,X108 X115,0.187666666667,0.0184426209688,0.187666666667,0.0184426209688
0.0478630092323,0.0478630092323,0.0478630092323,0.0478630092323,0.0478630092323,0.0478630092323,0.0478630092323,0.0478630092323,5,X109 X116,0.266755555556,0.0175954829917,0.266755555556,0.0175954829917
0.0478630092323,0.0478630092323,0.0478630092323,0.0478630092323,0.0478630092323,0.0478630092323,0.0478630092323,0.0478630092323,5,X11 Z14 Y15 Y18 Z19 X23,0.126244444444,0.0190417837258,0.126244444444,0.0190417837258
0.0478630092323,0.0478630092323,0.0478630092323,0.0478630092323,0.0478630092323,0.0478630092323,0.0478630092323,0.0478630092323,5,X110 X117,0.346244444444,0.0182343058711,0.346244444444,0.0182343058711
0.0478630092323,0.0478630092323,0.0478630092323,0.0478630092323,0.0478630092323,0.0478630092323,0.0478630092323,0.0478630092323,5,X111 X118,0.429555555556,0.0152228234912,0.429555555556,0.0152228234912
0.0478630092323,0.0478630092323,0.0478630092323,0.0478630092323,0.0478630092323,0.0478630092323,0.0478630092323,0.0478630092323,5,X112 X119,0.0241555555556,0.0157797904927,0.0241555555556,0.0157797904927
0.0478630092323,0.0478630092323,0.0478630092323,0.0478630092323,0.0478630092323,0.0478630092323,0.0478630092323,0.0478630092323,5,X113 Y120 Z126,0.565555555556,0.0123701944757,0.565555555556,0.0123701944757
0.0478630092323,0.0478630092323,0.0478630092323,0.0478630092323,0.0478630092323,0.0478630092323,0.0478630092323,0.0478630092323,5,X114 Z120 Y121 Y126 Z127 X132,0.0618444444444,0.0191294708211,0.0618444444444,0.0191294708211
0.0478630092323,0.0478630092323,0.0478630092323,0.0478630092323,0.0478630092323,0.0478630092323,0.0478630092323,0.0478630092323,5,X115 Z121 Y122 Y127 Z128 X133,0.0538666666667,0.0200156260795,0.0538666666667,0.0200156260795
0.0478630092323,0.0478630092323,0.0478630092323,0.0478630092323,0.0478630092323,0.0478630092323,0.0478630092323,0.0478630092323,5,X116 Z122 Y123 Y128 Z129 X134,0.0491777777778,0.016165507325,0.0491777777778,0.016165507325
0.0478630092323,0.0478630092323,0.0478630092323,0.0478630092323,0.0478630092323,0.0478630092323,0.0478630092323,0.0478630092323,5,X117 Z123 Y124 Y129 Z130 X135,0.0557111111111,0.0201668772352,0.0557111111111,0.0201668772352
0.0478630092323,0.0478630092323,0.0478630092323,0.0478630092323,0.0478630092323,0.0478630092323,0.0478630092323,0.0478630092323,5,X118 Z124 Y125 Y130 Z131 X136,0.0500444444444,0.0187722248018,0.0500444444444,0.0187722248018
0.0478630092323,0.0478630092323,0.0478630092323,0.0478630092323,0.0478630092323,0.0478630092323,0.0478630092323,0.0478630092323,5,X12 X16,0.184977777778,0.0178866017909,0.184977777778,0.0178866017909
0.0478630092323,0.0478630092323,0.0478630092323,0.0478630092323,0.0478630092323,0.0478630092323,0.0478630092323,0.0478630092323,5,X120 X126,0.427577777778,0.0163875322511,0.427577777778,0.0163875322511
0.0478630092323,0.0478630092323,0.0478630092323,0.0478630092323,0.0478630092323,0.0478630092323,0.0478630092323,0.0478630092323,5,X121 X127,0.290533333333,0.0192562076372,0.290533333333,0.0192562076372
0.0478630092323,0.0478630092323,0.0478630092323,0.0478630092323,0.0478630092323,0.0478630092323,0.0478630092323,0.0478630092323,5,X122 X128,0.2096,0.0208836220637,0.2096,0.0208836220637
0.0478630092323,0.0478630092323,0.0478630092323,0.0478630092323,0.0478630092323,0.0478630092323,0.0478630092323,0.0478630092323,5,X123 X129,0.156955555556,0.0201676371636,0.156955555556,0.0201676371636
0.0478630092323,0.0478630092323,0.0478630092323,0.0478630092323,0.0478630092323,0.0478630092323,0.0478630092323,0.0478630092323,5,X124 X130,0.116422222222,0.0156400932211,0.116422222222,0.0156400932211
0.0478630092323,0.0478630092323,0.0478630092323,0.0478630092323,0.0478630092323,0.0478630092323,0.0478630092323,0.0478630092323,5,X125 X131,0.101933333333,0.0160051237007,0.101933333333,0.0160051237007
0.0478630092323,0.0478630092323,0.0478630092323,0.0478630092323,0.0478630092323,0.0478630092323,0.0478630092323,0.0478630092323,5,X127 Z132 Y133 Y137 Z138 X142,0.114355555556,0.02045590217,0.114355555556,0.02045590217
0.0478630092323,0.0478630092323,0.0478630092323,0.0478630092323,0.0478630092323,0.0478630092323,0.0478630092323,0.0478630092323,5,X128 Z133 Y134 Y138 Z139 X143,0.0962444444444,0.0199328246068,0.0962444444444,0.0199328246068
0.0478630092323,0.0478630092323,0.0478630092323,0.0478630092323,0.0478630092323,0.0478630092323,0.0478630092323,0.0478630092323,5,X129 Z134 Y135 Y139 Z140 X144,0.0987555555556,0.017215989479,0.0987555555556,0.017215989479
0.0478630092323,0.0478630092323,0.0478630092323,0.0478630092323,0.0478630092323,0.0478630092323,0.0478630092323,0.0478630092323,5,X13 X17,0.209066666667,0.0192746632572,0.209066666667,0.0192746632572
0.0478630092323,0.0478630092323,0.0478630092323,0.0478630092323,0.0478630092323,0.0478630092323,0.0478630092323,0.0478630092323,5,X130 Z135 Y136 Y140 Z141 X145,0.101844444444,0.0132406934954,0.101844444444,0.0132406934954
0.0478630092323,0.0478630092323,0.0478630092323,0.0478630092323,0.0478630092323,0.0478630092323,0.0478630092323,0.0478630092323,5,X131 Z136 Y141,0.624977777778,0.0142293564482,0.624977777778,0.0142293564482
0.0478630092323,0.0478630092323,0.0478630092323,0.0478630092323,0.0478630092323,0.0478630092323,0.0478630092323,0.0478630092323,5,X132 X137,0.135711111111,0.0165709280889,0.135711111111,0.0165709280889
0.0478630092323,0.0478630092323,0.0478630092323,0.0478630092323,0.0478630092323,0.0478630092323,0.0478630092323,0.0478630092323,5,X133 X138,0.156311111111,0.0159949545046,0.156311111111,0.0159949545046
0.0478630092323,0.0478630092323,0.0478630092323,0.0478630092323,0.0478630092323,0.0478630092323,0.0478630092323,0.0478630092323,5,X134 X139,0.210755555556,0.0171589221083,0.210755555556,0.0171589221083
0.0478630092323,0.0478630092323,0.0478630092323,0.0478630092323,0.0478630092323,0.0478630092323,0.0478630092323,0.0478630092323,5,X135 X140,0.288466666667,0.0193884667697,0.288466666667,0.0193884667697
0.0478630092323,0.0478630092323,0.0478630092323,0.0478630092323,0.0478630092323,0.0478630092323,0.0478630092323,0.0478630092323,5,X136 X141,0.430555555556,0.0102745205567,0.430555555556,0.0102745205567
0.0478630092323,0.0478630092323,0.0478630092323,0.0478630092323,0.0478630092323,0.0478630092323,0.0478630092323,0.0478630092323,5,X137 Y142 Z146,0.561444444444,0.0150626617944,0.561444444444,0.0150626617944
0.0478630092323,0.0478630092323,0.0478630092323,0.0478630092323,0.0478630092323,0.0478630092323,0.0478630092323,0.0478630092323,5,X138 Z142 Y143 Y146 Z147 X150,0.113066666667,0.0160808303097,0.113066666667,0.0160808303097
0.0478630092323,0.0478630092323,0.0478630092323,0.0478630092323,0.0478630092323,0.0478630092323,0.0478630092323,0.0478630092323,5,X139 Z143 Y144 Y147 Z148 X151,0.0926,0.0189286622051,0.0926,0.0189286622051
0.0478630092323,0.0478630092323,0.0478630092323,0.0478630092323,0.0478630092323,0.0478630092323,0.0478630092323,0.0478630092323,5,X14 X18,0.2878,0.0179656121073,0.2878,0.0179656121073
0.0478630092323,0.0478630092323,0.0478630092323,0.0478630092323,0.0478630092323,0.0478630092323,0.0478630092323,0.0478630092323,5,X140 Z144 Y145 Y148 Z149 X152,0.0992,0.0178837454827,0.0992,0.0178837454827
0.0478630092323,0.0478630092323,0.0478630092323,0.0478630092323,0.0478630092323,0.0478630092323,0.0478630092323,0.0478630092323,5,X142 X146,0.429822222222,0.0143539635904,0.429822222222,0.0143539635904
0.0478630092323,0.0478630092323,0.0478630092323,0.0478630092323,0.0478630092323,0.0478630092323,0.0478630092323,0.0478630092323,5,X143 X147,0.282577777778,0.0178531543803,0.282577777778,0.0178531543803
0.0478630092323,0.0478630092323,0.0478630092323,0.0478630092323,0.0478630092323,0.0478630092323,0.0478630092323,0.0478630092323,5,X144 X148,0.215022222222,0.018195813028,0.215022222222,0.018195813028
0.0478630092323,0.0478630092323,0.0478630092323,0.0478630092323,0.0478630092323,0.0478630092323,0.0478630092323,0.0478630092323,5,X145 X149,0.178355555556,0.018172214345,0.178355555556,0.018172214345
0.0478630092323,0.0478630092323,0.0478630092323,0.0478630092323,0.0478630092323,0.0478630092323,0.0478630092323,0.0478630092323,5,X147 Z150 Y151 Y153 Z154 X156,0.205133333333,0.0166414982379,0.205133333333,0.0166414982379
0.0478630092323,0.0478630092323,0.0478630092323,0.0478630092323,0.0478630092323,0.0478630092323,0.0478630092323,0.0478630092323,5,X148 Z151 Y152 Y154 Z155 X157,0.184444444444,0.0171764191321,0.184444444444,0.0171764191321
0.0478630092323,0.0478630092323,0.0478630092323,0.0478630092323,0.0478630092323,0.0478630092323,0.0478630092323,0.0478630092323,5,X149 Z152 Y155,0.621777777778,0.0110662696693,0.621777777778,0.0110662696693
0.0478630092323,0.0478630092323,0.0478630092323,0.0478630092323,0.0478630092323,0.0478630092323,0.0478630092323,0.0478630092323,5,X15 X19,0.432466666667,0.0172581481672,0.432466666667,0.0172581481672
0.0478630092323,0.0478630092323,0.0478630092323,0.0478630092323,0.0478630092323,0.0478630092323,0.0478630092323,0.0478630092323,5,X150 X153,0.247466666667,0.0163453158018,0.247466666667,0.0163453158018
0.0478630092323,0.0478630092323,0.0478630092323,0.0478630092323,0.0478630092323,0.0478630092323,0.0478630092323,0.0478630092323,5,X151 X154,0.287622222222,0.0186261327837,0.287622222222,0.0186261327837
0.0478630092323,0.0478630092323,0.0478630092323,0.0478630092323,0.0478630092323,0.0478630092323,0.0478630092323,0.0478630092323,5,X152 X155,0.436622222222,0.0170812198487,0.436622222222,0.0170812198487
0.0478630092323,0.0478630092323,0.0478630092323,0.0478630092323,0.0478630092323,0.0478630092323,0.0478630092323,0.0478630092323,5,X153 Y156 Z158,0.571244444444,0.0169106131705,0.571244444444,0.0169106131705
0.0478630092323,0.0478630092323,0.0478630092323,0.0478630092323,0.0478630092323,0.0478630092323,0.0478630092323,0.0478630092323,5,X154 Z156 Y157 Y158 Z159 X160,0.204133333333,0.01949193762,0.204133333333,0.01949193762
0.0478630092323,0.0478630092323,0.0478630092323,0.0478630092323,0.0478630092323,0.0478630092323,0.0478630092323,0.0478630092323,5,X156 X158,0.432911111111,0.0175726043605,0.432911111111,0.0175726043605
0.0478630092323,0.0478630092323,0.0478630092323,0.0478630092323,0.0478630092323,0.0478630092323,0.0478630092323,0.0478630092323,5,X157 X159,0.3298,0.0184321474957,0.3298,0.0184321474957
0.0478630092323,0.0478630092323,0.0478630092323,0.0478630092323,0.0478630092323,0.0478630092323,0.0478630092323,0.0478630092323,5,X159 Z160 Y161,0.625288888889,0.0142940475604,0.625288888889,0.0142940475604
0.0478630092323,0.0478630092323,0.0478630092323,0.0478630092323,0.0478630092323,0.0478630092323,0.0478630092323,0.0478630092323,5,X16 Z20 Y21 Y25 Z26 X31,0.0703111111111,0.0171088320122,0.0703111111111,0.0171088320122
0.0478630092323,0.0478630092323,0.0478630092323,0.0478630092323,0.0478630092323,0.0478630092323,0.0478630092323,0.0478630092323,5,X160 X161,0.494377777778,0.0173348216278,0.494377777778,0.0173348216278
0.0478630092323,0.0478630092323,0.0478630092323,0.0478630092323,0.0478630092323,0.0478630092323,0.0478630092323,0.0478630092323,5,X17 Z21 Y22 Y26 Z27 X32,0.0787777777778,0.0172011612665,0.0787777777778,0.0172011612665
0.0478630092323,0.0478630092323,0.0478630092323,0.0478630092323,0.0478630092323,0.0478630092323,0.0478630092323,0.0478630092323,5,X18 Z22 Y23 Y27 Z28 X33,0.0750222222222,0.0182513177676,0.0750222222222,0.0182513177676
0.0478630092323,0.0478630092323,0.0478630092323,0.0478630092323,0.0478630092323,0.0478630092323,0.0478630092323,0.0478630092323,5,X19 Z23 Y24 Y28 Z29 X34,0.0725111111111,0.0148274192868,0.0725111111111,0.0148274192868
0.0478630092323,0.0478630092323,0.0478630092323,0.0478630092323,0.0478630092323,0.0478630092323,0.0478630092323,0.0478630092323,5,X2 X4,0.331844444444,0.0139376645452,0.331844444444,0.0139376645452
0.0478630092323,0.0478630092323,0.0478630092323,0.0478630092323,0.0478630092323,0.0478630092323,0.0478630092323,0.0478630092323,5,X20 X25,0.474466666667,0.0132122664473,0.474466666667,0.0132122664473
0.0478630092323,0.0478630092323,0.0478630092323,0.0478630092323,0.0478630092323,0.0478630092323,0.0478630092323,0.0478630092323,5,X21 X26,0.319244444444,0.0141082116067,0.319244444444,0.0141082116067
0.0478630092323,0.0478630092323,0.0478630092323,0.0478630092323,0.0478630092323,0.0478630092323,0.0478630092323,0.0478630092323,5,X22 X27,0.232866666667,0.020698270237,0.232866666667,0.020698270237
0.0478630092323,0.0478630092323,0.0478630092323,0.0478630092323,0.0478630092323,0.0478630092323,0.0478630092323,0.0478630092323,5,X23 X28,0.167844444444,0.0183475876317,0.167844444444,0.0183475876317
0.0478630092323,0.0478630092323,0.0478630092323,0.0478630092323,0.0478630092323,0.0478630092323,0.0478630092323,0.0478630092323,5,X24 X29,0.159355555556,0.0201218383363,0.159355555556,0.0201218383363
0.0478630092323,0.0478630092323,0.0478630092323,0.0478630092323,0.0478630092323,0.0478630092323,0.0478630092323,0.0478630092323,5,X25 Z30 Y31 Y36 Z37 X43,0.0797555555556,0.0164733462494,0.0797555555556,0.0164733462494
0.0478630092323,0.0478630092323,0.0478630092323,0.0478630092323,0.0478630092323,0.0478630092323,0.0478630092323,0.0478630092323,5,X26 Z31 Y32 Y37 Z38 X44,0.0837333333333,0.0179275681884,0.0837333333333,0.0179275681884
0.0478630092323,0.0478630092323,0.0478630092323,0.0478630092323,0.0478630092323,0.0478630092323,0.0478630092323,0.0478630092323,5,X27 Z32 Y33 Y38 Z39 X45,0.0764444444444,0.0155652952541,0.0764444444444,0.0155652952541
0.0478630092323,0.0478630092323,0.0478630092323,0.0478630092323,0.0478630092323,0.0478630092323,0.0478630092323,0.0478630092323,5,X28 Z33 Y34 Y39 Z40 X46,0.0755333333333,0.016348831493,0.0755333333333,0.016348831493
0.0478630092323,0.0478630092323,0.0478630092323,0.0478630092323,0.0478630092323,0.0478630092323,0.0478630092323,0.0478630092323,5,X29 Z34 Y35 Y40 Z41 X47,0.069,0.0211593117822,0.069,0.0211593117822
0.0478630092323,0.0478630092323,0.0478630092323,0.0478630092323,0.0478630092323,0.0478630092323,0.0478630092323,0.0478630092323,5,X3 X5,0.432422222222,0.0173222628957,0.432422222222,0.0173222628957
0.0478630092323,0.0478630092323,0.0478630092323,0.0478630092323,0.0478630092323,0.0478630092323,0.0478630092323,0.0478630092323,5,X30 X36,0.0968222222222,0.012765714779,0.0968222222222,0.012765714779
0.0478630092323,0.0478630092323,0.0478630092323,0.0478630092323,0.0478630092323,0.0478630092323,0.0478630092323,0.0478630092323,5,X31 X37,0.120111111111,0.0203004885156,0.120111111111,0.0203004885156
0.0478630092323,0.0478630092323,0.0478630092323,0.0478630092323,0.0478630092323,0.0478630092323,0.0478630092323,0.0478630092323,5,X32 X38,0.1578,0.01813288539,0.1578,0.01813288539
0.0478630092323,0.0478630092323,0.0478630092323,0.0478630092323,0.0478630092323,0.0478630092323,0.0478630092323,0.0478630092323,5,X33 X39,0.221311111111,0.0168659200537,0.221311111111,0.0168659200537
0.0478630092323,0.0478630092323,0.0478630092323,0.0478630092323,0.0478630092323,0.0478630092323,0.0478630092323,0.0478630092323,5,X34 X40,0.286377777778,0.0155764665142,0.286377777778,0.0155764665142
0.0478630092323,0.0478630092323,0.0478630092323,0.0478630092323,0.0478630092323,0.0478630092323,0.0478630092323,0.0478630092323,5,X35 X41,0.430577777778,0.0128352165608,0.430577777778,0.0128352165608
0.0478630092323,0.0478630092323,0.0478630092323,0.0478630092323,0.0478630092323,0.0478630092323,0.0478630092323,0.0478630092323,5,X36 Z42 Y43 Y49 Z50 X57,0.03,0.0127384535652,0.03,0.0127384535652
0.0478630092323,0.0478630092323,0.0478630092323,0.0478630092323,0.0478630092323,0.0478630092323,0.0478630092323,0.0478630092323,5,X37 Z43 Y44 Y50 Z51 X58,0.0223111111111,0.0153705030076,0.0223111111111,0.0153705030076
0.0478630092323,0.0478630092323,0.0478630092323,0.0478630092323,0.0478630092323,0.0478630092323,0.0478630092323,0.0478630092323,5,X38 Z44 Y45 Y51 Z52 X59,0.0300222222222,0.0146776169502,0.0300222222222,0.0146776169502
0.0478630092323,0.0478630092323,0.0478630092323,0.0478630092323,0.0478630092323,0.0478630092323,0.0478630092323,0.0478630092323,5,X39 Z45 Y46 Y52 Z53 X60,0.0405777777778,0.0179558704119,0.0405777777778,0.0179558704119
0.0478630092323,0.0478630092323,0.0478630092323,0.0478630092323,0.0478630092323,0.0478630092323,0.0478630092323,0.0478630092323,5,X4 Z6 Y7 Y9 Z10 X13,0.130155555556,0.0168688275689,0.130155555556,0.0168688275689
0.0478630092323,0.0478630092323,0.0478630092323,0.0478630092323,0.0478630092323,0.0478630092323,0.0478630092323,0.0478630092323,5,X40 Z46 Y47 Y53 Z54 X61,0.0452444444444,0.0208124140182,0.0452444444444,0.0208124140182
0.0478630092323,0.0478630092323,0.0478630092323,0.0478630092323,0.0478630092323,0.0478630092323,0.0478630092323,0.0478630092323,5,X41 Z47 Y48 Y54 Z55 X62,0.0374444444444,0.013251569222,0.0374444444444,0.013251569222
0.0478630092323,0.0478630092323,0.0478630092323,0.0478630092323,0.0478630092323,0.0478630092323,0.0478630092323,0.0478630092323,5,X42 X49,0.483066666667,0.0193864510099,0.483066666667,0.0193864510099
0.0478630092323,0.0478630092323,0.0478630092323,0.0478630092323,0.0478630092323,0.0478630092323,0.0478630092323,0.0478630092323,5,X43 X50,0.320422222222,0.0173902543134,0.320422222222,0.0173902543134
0.0478630092323,0.0478630092323,0.0478630092323,0.0478630092323,0.0478630092323,0.0478630092323,0.0478630092323,0.0478630092323,5,X44 X51,0.239888888889,0.0194688735431,0.239888888889,0.0194688735431
0.0478630092323,0.0478630092323,0.0478630092323,0.0478630092323,0.0478630092323,0.0478630092323,0.0478630092323,0.0478630092323,5,X45 X52,0.172355555556,0.0137026253416,0.172355555556,0.0137026253416
0.0478630092323,0.0478630092323,0.0478630092323,0.0478630092323,0.0478630092323,0.0478630092323,0.0478630092323,0.0478630092323,5,X46 X53,0.123666666667,0.0193786626744,0.123666666667,0.0193786626744
0.0478630092323,0.0478630092323,0.0478630092323,0.0478630092323,0.0478630092323,0.0478630092323,0.0478630092323,0.0478630092323,5,X47 X54,0.0935111111111,0.0183202112566,0.0935111111111,0.0183202112566
0.0478630092323,0.0478630092323,0.0478630092323,0.0478630092323,0.0478630092323,0.0478630092323,0.0478630092323,0.0478630092323,5,X48 X55,0.0839111111111,0.0203198435247,0.0839111111111,0.0203198435247
0.0478630092323,0.0478630092323,0.0478630092323,0.0478630092323,0.0478630092323,0.0478630092323,0.0478630092323,0.0478630092323,5,X49 Z56 Y57 Y64 Z65 X73,0.0206444444444,0.0138048615273,0.0206444444444,0.0138048615273
0.0478630092323,0.0478630092323,0.0478630092323,0.0478630092323,0.0478630092323,0.0478630092323,0.0478630092323,0.0478630092323,5,X5 Z7 Y8 Y10 Z11 X14,0.146555555556,0.0170651968955,0.146555555556,0.0170651968955
0.0478630092323,0.0478630092323,0.0478630092323,0.0478630092323,0.0478630092323,0.0478630092323,0.0478630092323,0.0478630092323,5,X50 Z57 Y58 Y65 Z66 X74,0.0212,0.016338751154,0.0212,0.016338751154
0.0478630092323,0.0478630092323,0.0478630092323,0.0478630092323,0.0478630092323,0.0478630092323,0.0478630092323,0.0478630092323,5,X51 Z58 Y59 Y66 Z67 X75,0.0268666666667,0.0175347711486,0.0268666666667,0.0175347711486
0.0478630092323,0.0478630092323,0.0478630092323,0.0478630092323,0.0478630092323,0.0478630092323,0.0478630092323,0.0478630092323,5,X52 Z59 Y60 Y67 Z68 X76,0.0322222222222,0.0160252036486,0.0322222222222,0.0160252036486
0.0478630092323,0.0478630092323,0.0478630092323,0.0478630092323,0.0478630092323,0.0478630092323,0.0478630092323,0.0478630092323,5,X53 Z60 Y61 Y68 Z69 X77,0.0432666666667,0.0156183897895,0.0432666666667,0.0156183897895
0.0478630092323,0.0478630092323,0.0478630092323,0.0478630092323,0.0478630092323,0.0478630092323,0.0478630092323,0.0478630092323,5,X54 Z61 Y62 Y69 Z70 X78,0.0404444444444,0.0177088702871,0.0404444444444,0.0177088702871
0.0478630092323,0.0478630092323,0.0478630092323,0.0478630092323,0.0478630092323,0.0478630092323,0.0478630092323,0.0478630092323,5,X55 Z62 Y63 Y70 Z71 X79,0.0404222222222,0.0184041335798,0.0404222222222,0.0184041335798
0.0478630092323,0.0478630092323,0.0478630092323,0.0478630092323,0.0478630092323,0.0478630092323,0.0478630092323,0.0478630092323,5,X56 X64,0.0506,0.0201863730069,0.0506,0.0201863730069
0.0478630092323,0.0478630092323,0.0478630092323,0.0478630092323,0.0478630092323,0.0478630092323,0.0478630092323,0.0478630092323,5,X57 X65,0.0446888888889,0.0176847518218,0.0446888888889,0.0176847518218
0.0478630092323,0.0478630092323,0.0478630092323,0.0478630092323,0.0478630092323,0.0478630092323,0.0478630092323,0.0478630092323,5,X58 X66,0.0567333333333,0.0198765153402,0.0567333333333,0.0198765153402
0.0478630092323,0.0478630092323,0.0478630092323,0.0478630092323,0.0478630092323,0.0478630092323,0.0478630092323,0.0478630092323,5,X59 X67,0.0636,0.017062068346,0.0636,0.017062068346
0.0478630092323,0.0478630092323,0.0478630092323,0.0478630092323,0.0478630092323,0.0478630092323,0.0478630092323,0.0478630092323,5,X6 X9,0.477111111111,0.0194863806125,0.477111111111,0.0194863806125
0.0478630092323,0.0478630092323,0.0478630092323,0.0478630092323,0.0478630092323,0.0478630092323,0.0478630092323,0.0478630092323,5,X60 X68,0.1558,0.0151722169963,0.1558,0.0151722169963
0.0478630092323,0.0478630092323,0.0478630092323,0.0478630092323,0.0478630092323,0.0478630092323,0.0478630092323,0.0478630092323,5,X61 X69,0.213822222222,0.0192979726832,0.213822222222,0.0192979726832
0.0478630092323,0.0478630092323,0.0478630092323,0.0478630092323,0.0478630092323,0.0478630092323,0.0478630092323,0.0478630092323,5,X62 X70,0.283466666667,0.0183164185293,0.283466666667,0.0183164185293
0.0478630092323,0.0478630092323,0.0478630092323,0.0478630092323,0.0478630092323,0.0478630092323,0.0478630092323,0.0478630092323,5,X63 X71,0.428044444444,0.0150818287389,0.428044444444,0.0150818287389
0.0478630092323,0.0478630092323,0.0478630092323,0.0478630092323,0.0478630092323,0.0478630092323,0.0478630092323,0.0478630092323,5,X64 Z72 Y73 Y81 Z82 X90,0.129622222222,0.01842427462,0.129622222222,0.01842427462
0.0478630092323,0.0478630092323,0.0478630092323,0.0478630092323,0.0478630092323,0.0478630092323,0.0478630092323,0.0478630092323,5,X65 Z73 Y74 Y82 Z83 X91,0.106711111111,0.0155757285724,0.106711111111,0.0155757285724
0.0478630092323,0.0478630092323,0.0478630092323,0.0478630092323,0.0478630092323,0.0478630092323,0.0478630092323,0.0478630092323,5,X66 Z74 Y75 Y83 Z84 X92,0.105422222222,0.0213238005521,0.105422222222,0.0213238005521
0.0478630092323,0.0478630092323,0.0478630092323,0.0478630092323,0.0478630092323,0.0478630092323,0.0478630092323,0.0478630092323,5,X67 Z75 Y76 Y84 Z85 X93,0.0540222222222,0.0168468270335,0.0540222222222,0.0168468270335
0.0478630092323,0.0478630092323,0.0478630092323,0.0478630092323,0.0478630092323,0.0478630092323,0.0478630092323,0.0478630092323,5,X68 Z76 Y77 Y85 Z86 X94,0.0621111111111,0.0212866467116,0.0621111111111,0.0212866467116
0.0478630092323,0.0478630092323,0.0478630092323,0.0478630092323,0.0478630092323,0.0478630092323,0.0478630092323,0.0478630092323,5,X69 Z77 Y78 Y86 Z87 X95,0.219155555556,0.0181030962685,0.219155555556,0.0181030962685
0.0478630092323,0.0478630092323,0.0478630092323,0.0478630092323,0.0478630092323,0.0478630092323,0.0478630092323,0.0478630092323,5,X7 X10,0.317711111111,0.0148851885377,0.317711111111,0.0148851885377
0.0478630092323,0.0478630092323,0.0478630092323,0.0478630092323,0.0478630092323,0.0478630092323,0.0478630092323,0.0478630092323,5,X70 Z78 Y79 Y87 Z88 X96,0.121755555556,0.018768591464,0.121755555556,0.018768591464
0.0478630092323,0.0478630092323,0.0478630092323,0.0478630092323,0.0478630092323,0.0478630092323,0.0478630092323,0.0478630092323,5,X71 Z79 Y80 Y88 Z89 X97,0.0876888888889,0.0179831622681,0.0876888888889,0.0179831622681
0.0478630092323,0.0478630092323,0.0478630092323,0.0478630092323,0.0478630092323,0.0478630092323,0.0478630092323,0.0478630092323,5,X72 X81,0.164866666667,0.0163197456971,0.164866666667,0.0163197456971
0.0478630092323,0.0478630092323,0.0478630092323,0.0478630092323,0.0478630092323,0.0478630092323,0.0478630092323,0.0478630092323,5,X73 X82,0.1734,0.0202629079999,0.1734,0.0202629079999
0.0478630092323,0.0478630092323,0.0478630092323,0.0478630092323,0.0478630092323,0.0478630092323,0.0478630092323,0.0478630092323,5,X74 X83,0.245888888889,0.0174769324341,0.245888888889,0.0174769324341
0.0478630092323,0.0478630092323,0.0478630092323,0.0478630092323,0.0478630092323,0.0478630092323,0.0478630092323,0.0478630092323,5,X75 X84,0.326222222222,0.0193538007659,0.326222222222,0.0193538007659
0.0478630092323,0.0478630092323,0.0478630092323,0.0478630092323,0.0478630092323,0.0478630092323,0.0478630092323,0.0478630092323,5,X76 X85,0.158577777778,0.0179703743713,0.158577777778,0.0179703743713
0.0478630092323,0.0478630092323,0.0478630092323,0.0478630092323,0.0478630092323,0.0478630092323,0.0478630092323,0.0478630092323,5,X77 X86,0.365288888889,0.013454544827,0.365288888889,0.013454544827
0.0478630092323,0.0478630092323,0.0478630092323,0.0478630092323,0.0478630092323,0.0478630092323,0.0478630092323,0.0478630092323,5,X78 X87,0.236844444444,0.0136972557403,0.236844444444,0.0136972557403
0.0478630092323,0.0478630092323,0.0478630092323,0.0478630092323,0.0478630092323,0.0478630092323,0.0478630092323,0.0478630092323,5,X79 X88,0.131666666667,0.0163165524869,0.131666666667,0.0163165524869
0.0478630092323,0.0478630092323,0.0478630092323,0.0478630092323,0.0478630092323,0.0478630092323,0.0478630092323,0.0478630092323,5,X8 X11,0.300044444444,0.0123895065392,0.300044444444,0.0123895065392
0.0478630092323,0.0478630092323,0.0478630092323,0.0478630092323,0.0478630092323,0.0478630092323,0.0478630092323,0.0478630092323,5,X80 X89,0.120133333333,0.018823153591,0.120133333333,0.018823153591
0.0478630092323,0.0478630092323,0.0478630092323,0.0478630092323,0.0478630092323,0.0478630092323,0.0478630092323,0.0478630092323,5,X81 Y90 Z98,0.529244444444,0.0139002834485,0.529244444444,0.0139002834485
0.0478630092323,0.0478630092323,0.0478630092323,0.0478630092323,0.0478630092323,0.0478630092323,0.0478630092323,0.0478630092323,5,X82 Z90 Y91 Y98 Z99 X106,0.0512,0.0139801720565,0.0512,0.0139801720565
0.0478630092323,0.0478630092323,0.0478630092323,0.0478630092323,0.0478630092323,0.0478630092323,0.0478630092323,0.0478630092323,5,X83 Z91 Y92 Y99 Z100 X107,0.0400444444444,0.0187199021949,0.0400444444444,0.0187199021949
0.0478630092323,0.0478630092323,0.0478630092323,0.0478630092323,0.0478630092323,0.0478630092323,0.0478630092323,0.0478630092323,5,X84 Z92 Y93 Y100 Z101 X108,0.0494444444444,0.0160736650312,0.0494444444444,0.0160736650312
0.0478630092323,0.0478630092323,0.0478630092323,0.0478630092323,0.0478630092323,0.0478630092323,0.0478630092323,0.0478630092323,5,X85 Z93 Y94 Y101 Z102 X109,0.0427333333333,0.0187513269007,0.0427333333333,0.0187513269007
0.0478630092323,0.0478630092323,0.0478630092323,0.0478630092323,0.0478630092323,0.0478630092323,0.0478630092323,0.0478630092323,5,X86 Z94 Y95 Y102 Z103 X110,0.220088888889,0.0160121920343,0.220088888889,0.0160121920343
0.0478630092323,0.0478630092323,0.0478630092323,0.0478630092323,0.0478630092323,0.0478630092323,0.0478630092323,0.0478630092323,5,X87 Z95 Y96 Y103 Z104 X111,0.0495777777778,0.0136552891619,0.0495777777778,0.0136552891619
0.0478630092323,0.0478630092323,0.0478630092323,0.0478630092323,0.0478630092323,0.0478630092323,0.0478630092323,0.0478630092323,5,X88 Z96 Y97 Y104 Z105 X112,0.0146888888889,0.0107060813933,0.0146888888889,0.0107060813933
0.0478630092323,0.0478630092323,0.0478630092323,0.0478630092323,0.0478630092323,0.0478630092323,0.0478630092323,0.0478630092323,5,X9 Z12 Y13 Y16 Z17 X21,0.144133333333,0.0222837156838,0.144133333333,0.0222837156838
0.0478630092323,0.0478630092323,0.0478630092323,0.0478630092323,0.0478630092323,0.0478630092323,0.0478630092323,0.0478630092323,5,X90 X98,0.431822222222,0.0217304513521,0.431822222222,0.0217304513521
0.0478630092323,0.0478630092323,0.0478630092323,0.0478630092323,0.0478630092323,0.0478630092323,0.0478630092323,0.0478630092323,5,X91 X99,0.2914,0.0132449368625,0.2914,0.0132449368625
0.0478630092323,0.0478630092323,0.0478630092323,0.0478630092323,0.0478630092323,0.0478630092323,0.0478630092323,0.0478630092323,5,X92 X100,0.206711111111,0.0145890667438,0.206711111111,0.0145890667438
0.0478630092323,0.0478630092323,0.0478630092323,0.0478630092323,0.0478630092323,0.0478630092323,0.0478630092323,0.0478630092323,5,X93 X101,0.170577777778,0.0157048771821,0.170577777778,0.0157048771821
0.0478630092323,0.0478630092323,0.0478630092323,0.0478630092323,0.0478630092323,0.0478630092323,0.0478630092323,0.0478630092323,5,X94 X102,0.1776,0.0175944958304,0.1776,0.0175944958304
0.0478630092323,0.0478630092323,0.0478630092323,0.0478630092323,0.0478630092323,0.0478630092323,0.0478630092323,0.0478630092323,5,X95 X103,0.142333333333,0.020770410725,0.142333333333,0.020770410725
0.0478630092323,0.0478630092323,0.0478630092323,0.0478630092323,0.0478630092323,0.0478630092323,0.0478630092323,0.0478630092323,5,X96 X104,0.0772666666667,0.0144798446257,0.0772666666667,0.0144798446257
0.0478630092323,0.0478630092323,0.0478630092323,0.0478630092323,0.0478630092323,0.0478630092323,0.0478630092323,0.0478630092323,5,X97 X105,0.448822222222,0.0152643960901,0.448822222222,0.0152643960901
0.0478630092323,0.0478630092323,0.0478630092323,0.0478630092323,0.0478630092323,0.0478630092323,0.0478630092323,0.0478630092323,5,X99 Z106 Y107 Y113 Z114 X120,0.0974888888889,0.017243519152,0.0974888888889,0.017243519152
0.0478630092323,0.0478630092323,0.0478630092323,0.0478630092323,0.0478630092323,0.0478630092323,0.0478630092323,0.0478630092323,5,Y0 Z1 X2,0.461577777778,0.0146274117659,0.461577777778,0.0146274117659
0.0478630092323,0.0478630092323,0.0478630092323,0.0478630092323,0.0478630092323,0.0478630092323,0.0478630092323,0.0478630092323,5,Y20 Z25 X30,0.137355555556,0.0153832105656,0.137355555556,0.0153832105656
0.0478630092323,0.0478630092323,0.0478630092323,0.0478630092323,0.0478630092323,0.0478630092323,0.0478630092323,0.0478630092323,5,Y42 Z49 X56,0.0521777777778,0.0167294755212,0.0521777777778,0.0167294755212
0.0478630092323,0.0478630092323,0.0478630092323,0.0478630092323,0.0478630092323,0.0478630092323,0.0478630092323,0.0478630092323,5,Y6 Z9 X12,0.257666666667,0.0163156131885,0.257666666667,0.0163156131885
0.0478630092323,0.0478630092323,0.0478630092323,0.0478630092323,0.0478630092323,0.0478630092323,0.0478630092323,0.0478630092323,5,Z15 Y19 X24,0.565888888889,0.0129544836343,0.565888888889,0.0129544836343
0.0478630092323,0.0478630092323,0.0478630092323,0.0478630092323,0.0478630092323,0.0478630092323,0.0478630092323,0.0478630092323,5,Z3 Y5 X8,0.568022222222,0.0105474419311,0.568022222222,0.0105474419311
0.0478630092323,0.0478630092323,0.0478630092323,0.0478630092323,0.0478630092323,0.0478630092323,0.0478630092323,0.0478630092323,5,Z35 Y41 X48,0.561333333333,0.0178353473994,0.561333333333,0.0178353473994
0.0478630092323,0.0478630092323,0.0478630092323,0.0478630092323,0.0478630092323,0.0478630092323,0.0478630092323,0.0478630092323,5,Z63 Y71 X80,0.563311111111,0.0188841869289,0.563311111111,0.0188841869289
0.0478630092323,0.0478630092323,0.0478630092323,0.0478630092323,0.0478630092323,0.0478630092323,0.0478630092323,0.0478630092323,10,Logical X,0.0192888888889,0.0145037274462,0.00466666666667,0.0182549001452
0.0478630092323,0.0478630092323,0.0478630092323,0.0478630092323,0.0478630092323,0.0478630092323,0.0478630092323,0.0478630092323,10,Logical Y,0.0133333333333,0.011211652395,-0.00137777777778,0.0154472860475
0.0478630092323,0.0478630092323,0.0478630092323,0.0478630092323,0.0478630092323,0.0478630092323,0.0478630092323,0.0478630092323,10,Logical Z,0.0139111111111,0.0119279231727,0.00277777777778,0.0168473728487
0.0478630092323,0.0478630092323,0.0478630092323,0.0478630092323,0.0478630092323,0.0478630092323,0.0478630092323,0.0478630092323,10,X0 X1,0.544333333333,0.0146486304984,0.544333333333,0.0146486304984
0.0478630092323,0.0478630092323,0.0478630092323,0.0478630092323,0.0478630092323,0.0478630092323,0.0478630092323,0.0478630092323,10,X1 Z2 Y3 Y4 Z5 X7,0.238933333333,0.0176371255944,0.238933333333,0.0176371255944
0.0478630092323,0.0478630092323,0.0478630092323,0.0478630092323,0.0478630092323,0.0478630092323,0.0478630092323,0.0478630092323,10,X10 Z13 Y14 Y17 Z18 X22,0.135511111111,0.0173888882768,0.135511111111,0.0173888882768
0.0478630092323,0.0478630092323,0.0478630092323,0.0478630092323,0.0478630092323,0.0478630092323,0.0478630092323,0.0478630092323,10,X100 Z107 Y108 Y114 Z115 X121,0.0861555555556,0.0230692333522,0.0861555555556,0.0230692333522
0.0478630092323,0.0478630092323,0.0478630092323,0.0478630092323,0.0478630092323,0.0478630092323,0.0478630092323,0.0478630092323,10,X101 Z108 Y109 Y115 Z116 X122,0.0891555555556,0.0173791907393,0.0891555555556,0.0173791907393
0.0478630092323,0.0478630092323,0.0478630092323,0.0478630092323,0.0478630092323,0.0478630092323,0.0478630092323,0.0478630092323,10,X102 Z109 Y110 Y116 Z117 X123,0.0822,0.0149626866684,0.0822,0.0149626866684
0.0478630092323,0.0478630092323,0.0478630092323,0.0478630092323,0.0478630092323,0.0478630092323,0.0478630092323,0.0478630092323,10,X103 Z110 Y111 Y117 Z118 X124,0.0227333333333,0.0179470058549,0.0227333333333,0.0179470058549
0.0478630092323,0.0478630092323,0.0478630092323,0.0478630092323,0.0478630092323,0.0478630092323,0.0478630092323,0.0478630092323,10,X104 Z111 Y112 Y118 Z119 X125,0.0151555555556,0.0108855886781,0.0151555555556,0.0108855886781
0.0478630092323,0.0478630092323,0.0478630092323,0.0478630092323,0.0478630092323,0.0478630092323,0.0478630092323,0.0478630092323,10,X105 Z112 Y119,0.14,0.0152083864745,0.14,0.0152083864745
0.0478630092323,0.0478630092323,0.0478630092323,0.0478630092323,0.0478630092323,0.0478630092323,0.0478630092323,0.0478630092323,10,X106 X113,0.117311111111,0.0158300198186,0.117311111111,0.0158300198186
0.0478630092323,0.0478630092323,0.0478630092323,0.0478630092323,0.0478630092323,0.0478630092323,0.0478630092323,0.0478630092323,10,X107 X114,0.139866666667,0.0168812848379,0.139866666667,0.0168812848379
0.0478630092323,0.0478630092323,0.0478630092323,0.0478630092323,0.0478630092323,0.0478630092323,0.0478630092323,0.0478630092323,10,X108 X115,0.197311111111,0.0181264044684,0.197311111111,0.0181264044684
0.0478630092323,0.0478630092323,0.0478630092323,0.0478630092323,0.0478630092323,0.0478630092323,0.0478630092323,0.0478630092323,10,X109 X116,0.257911111111,0.015449071773,0.257911111111,0.015449071773
0.0478630092323,0.0478630092323,0.0478630092323,0.0478630092323,0.0478630092323,0.0478630092323,0.0478630092323,0.0478630092323,10,X11 Z14 Y15 Y18 Z19 X23,0.127688888889,0.0184882552205,0.127688888889,0.0184882552205
0.0478630092323,0.0478630092323,0.0478630092323,0.0478630092323,0.0478630092323,0.0478630092323,0.0478630092323,0.0478630092323,10,X110 X117,0.350688888889,0.0166445677246,0.350688888889,0.0166445677246
0.0478630092323,0.0478630092323,0.0478630092323,0.0478630092323,0.0478630092323,0.0478630092323,0.0478630092323,0.0478630092323,10,X111 X118,0.430422222222,0.0152471172662,0.430422222222,0.0152471172662
0.0478630092323,0.0478630092323,0.0478630092323,0.0478630092323,0.0478630092323,0.0478630092323,0.0478630092323,0.0478630092323,10,X112 X119,0.0255555555556,0.0163283673739,0.0255555555556,0.0163283673739
0.0478630092323,0.0478630092323,0.0478630092323,0.0478630092323,0.0478630092323,0.0478630092323,0.0478630092323,0.0478630092323,10,X113 Y120 Z126,0.568644444444,0.0143897402077,0.568644444444,0.0143897402077
0.0478630092323,0.0478630092323,0.0478630092323,0.0478630092323,0.0478630092323,0.0478630092323,0.0478630092323,0.0478630092323,10,X114 Z120 Y121 Y126 Z127 X132,0.0647111111111,0.0158042948073,0.0647111111111,0.0158042948073
0.0478630092323,0.0478630092323,0.0478630092323,0.0478630092323,0.0478630092323,0.0478630092323,0.0478630092323,0.0478630092323,10,X115 Z121 Y122 Y127 Z128 X133,0.0531777777778,0.018493186761,0.0531777777778,0.018493186761
0.0478630092323,0.0478630092323,0.0478630092323,0.0478630092323,0.0478630092323,0.0478630092323,0.0478630092323,0.0478630092323,10,X116 Z122 Y123 Y128 Z129 X134,0.0495555555556,0.0207346551919,0.0495555555556,0.0207346551919
0.0478630092323,0.0478630092323,0.0478630092323,0.0478630092323,0.0478630092323,0.0478630092323,0.0478630092323,0.0478630092323,10,X117 Z123 Y124 Y129 Z130 X135,0.0561111111111,0.0168446435961,0.0561111111111,0.0168446435961
0.0478630092323,0.0478630092323,0.0478630092323,0.0478630092323,0.0478630092323,0.0478630092323,0.0478630092323,0.0478630092323,10,X118 Z124 Y125 Y130 Z131 X136,0.0490888888889,0.0203866708263,0.0490888888889,0.0203866708263
0.0478630092323,0.0478630092323,0.0478630092323,0.0478630092323,0.0478630092323,0.0478630092323,0.0478630092323,0.0478630092323,10,X12 X16,0.189488888889,0.0161958164347,0.189488888889,0.0161958164347
0.0478630092323,0.0478630092323,0.0478630092323,0.0478630092323,0.0478630092323,0.0478630092323,0.0478630092323,0.0478630092323,10,X120 X126,0.428822222222,0.0180010074927,0.428822222222,0.0180010074927
0.0478630092323,0.0478630092323,0.0478630092323,0.0478630092323,0.0478630092323,0.0478630092323,0.0478630092323,0.0478630092323,10,X121 X127,0.290555555556,0.0177173061559,0.290555555556,0.0177173061559
0.0478630092323,0.0478630092323,0.0478630092323,0.0478630092323,0.0478630092323,0.0478630092323,0.0478630092323,0.0478630092323,10,X122 X128,0.213288888889,0.0151072115771,0.213288888889,0.0151072115771
0.0478630092323,0.0478630092323,0.0478630092323,0.0478630092323,0.0478630092323,0.0478630092323,0.0478630092323,0.0478630092323,10,X123 X129,0.151933333333,0.0198286529781,0.151933333333,0.0198286529781
0.0478630092323,0.0478630092323,0.0478630092323,0.0478630092323,0.0478630092323,0.0478630092323,0.0478630092323,0.0478630092323,10,X124 X130,0.118044444444,0.0208801970993,0.118044444444,0.0208801970993
0.0478630092323,0.0478630092323,0.0478630092323,0.0478630092323,0.0478630092323,0.0478630092323,0.0478630092323,0.0478630092323,10,X125 X131,0.0949111111111,0.0194455588077,0.0949111111111,0.0194455588077
0.0478630092323,0.0478630092323,0.0478630092323,0.0478630092323,0.0478630092323,0.0478630092323,0.0478630092323,0.0478630092323,10,X127 Z132 Y133 Y137 Z138 X142,0.112555555556,0.0174778093206,0.112555555556,0.0174778093206
0.0478630092323,0.0478630092323,0.0478630092323,0.0478630092323,0.0478630092323,0.0478630092323,0.0478630092323,0.0478630092323,10,X128 Z133 Y134 Y138 Z139 X143,0.0951333333333,0.0131226457476,0.0951333333333,0.0131226457476
0.0478630092323,0.0478630092323,0.0478630092323,0.0478630092323,0.0478630092323,0.0478630092323,0.0478630092323,0.0478630092323,10,X129 Z134 Y135 Y139 Z140 X144,0.0938222222222,0.01515481622,0.0938222222222,0.01515481622
0.0478630092323,0.0478630092323,0.0478630092323,0.0478630092323,0.0478630092323,0.0478630092323,0.0478630092323,0.0478630092323,10,X13 X17,0.210533333333,0.0195100131478,0.210533333333,0.0195100131478
0.0478630092323,0.0478630092323,0.0478630092323,0.0478630092323,0.0478630092323,0.0478630092323,0.0478630092323,0.0478630092323,10,X130 Z135 Y136 Y140 Z141 X145,0.101066666667,0.0175700895267,0.101066666667,0.0175700895267
0.0478630092323,0.0478630092323,0.0478630092323,0.0478630092323,0.0478630092323,0.0478630092323,0.0478630092323,0.0478630092323,10,X131 Z136 Y141,0.626066666667,0.0133371833522,0.626066666667,0.0133371833522
0.0478630092323,0.0478630092323,0.0478630092323,0.0478630092323,0.0478630092323,0.0478630092323,0.0478630092323,0.0478630092323,10,X132 X137,0.134022222222,0.0213494790435,0.134022222222,0.0213494790435
0.0478630092323,0.0478630092323,0.0478630092323,0.0478630092323,0.0478630092323,0.0478630092323,0.0478630092323,0.0478630092323,10,X133 X138,0.1548,0.0193451410633,0.1548,0.0193451410633
0.0478630092323,0.0478630092323,0.0478630092323,0.0478630092323,0.0478630092323,0.0478630092323,0.0478630092323,0.0478630092323,10,X134 X139,0.2082,0.0205085908548,0.2082,0.0205085908548
0.0478630092323,0.0478630092323,0.0478630092323,0.0478630092323,0.0478630092323,0.0478630092323,0.0478630092323,0.0478630092323,10,X135 X140,0.288266666667,0.0133041058969,0.288266666667,0.0133041058969
0.0478630092323,0.0478630092323,0.0478630092323,0.0478630092323,0.0478630092323,0.0478630092323,0.0478630092323,0.0478630092323,10,X136 X141,0.431,0.0159402620437,0.431,0.0159402620437
0.0478630092323,0.0478630092323,0.0478630092323,0.0478630092323,0.0478630092323,0.0478630092323,0.0478630092323,0.0478630092323,10,X137 Y142 Z146,0.5674,0.0175768482348,0.5674,0.0175768482348
0.0478630092323,0.0478630092323,0.0478630092323,0.0478630092323,0.0478630092323,0.0478630092323,0.0478630092323,0.0478630092323,10,X138 Z142 Y143 Y146 Z147 X150,0.110088888889,0.0165866893348,0.110088888889,0.0165866893348
0.0478630092323,0.0478630092323,0.0478630092323,0.0478630092323,0.0478630092323,0.0478630092323,0.0478630092323,0.0478630092323,10,X139 Z143 Y144 Y147 Z148 X151,0.0972,0.0182443189079,0.0972,0.0182443189079
0.0478630092323,0.0478630092323,0.0478630092323,0.0478630092323,0.0478630092323,0.0478630092323,0.0478630092323,0.0478630092323,10,X14 X18,0.291644444444,0.019012182691,0.291644444444,0.019012182691
0.0478630092323,0.0478630092323,0.0478630092323,0.0478630092323,0.0478630092323,0.0478630092323,0.0478630092323,0.0478630092323,10,X140 Z144 Y145 Y148 Z149 X152,0.0946666666667,0.0158208359632,0.0946666666667,0.0158208359632
0.0478630092323,0.0478630092323,0.0478630092323,0.0478630092323,0.0478630092323,0.0478630092323,0.0478630092323,0.0478630092323,10,X142 X146,0.427622222222,0.013655513625,0.427622222222,0.013655513625
0.0478630092323,0.0478630092323,0.0478630092323,0.0478630092323,0.0478630092323,0.0478630092323,0.0478630092323,0.0478630092323,10,X143 X147,0.289177777778,0.0158369888904,0.289177777778,0.0158369888904
0.0478630092323,0.0478630092323,0.0478630092323,0.0478630092323,0.0478630092323,0.0478630092323,0.0478630092323,0.0478630092323,10,X144 X148,0.213288888889,0.0179534804006,0.213288888889,0.0179534804006
0.0478630092323,0.0478630092323,0.0478630092323,0.0478630092323,0.0478630092323,0.0478630092323,0.0478630092323,0.0478630092323,10,X145 X149,0.178955555556,0.015327518471,0.178955555556,0.015327518471
0.0478630092323,0.0478630092323,0.0478630092323,0.0478630092323,0.0478630092323,0.0478630092323,0.0478630092323,0.0478630092323,10,X147 Z150 Y151 Y153 Z154 X156,0.206444444444,0.0225115267764,0.206444444444,0.0225115267764
0.0478630092323,0.0478630092323,0.0478630092323,0.0478630092323,0.0478630092323,0.0478630092323,0.0478630092323,0.0478630092323,10,X148 Z151 Y152 Y154 Z155 X157,0.187955555556,0.0212425751434,0.187955555556,0.0212425751434
0.0478630092323,0.0478630092323,0.0478630092323,0.0478630092323,0.0478630092323,0.0478630092323,0.0478630092323,0.0478630092323,10,X149 Z152 Y155,0.629955555556,0.0123535818044,0.629955555556,0.0123535818044
0.0478630092323,0.0478630092323,0.0478630092323,0.0478630092323,0.0478630092323,0.0478630092323,0.0478630092323,0.0478630092323,10,X15 X19,0.424866666667,0.0197805198495,0.424866666667,0.0197805198495
0.0478630092323,0.0478630092323,0.0478630092323,0.0478630092323,0.0478630092323,0.0478630092323,0.0478630092323,0.0478630092323,10,X150 X153,0.241333333333,0.0214765308956,0.241333333333,0.0214765308956
0.0478630092323,0.0478630092323,0.0478630092323,0.0478630092323,0.0478630092323,0.0478630092323,0.0478630092323,0.0478630092323,10,X151 X154,0.290711111111,0.0160620762588,0.290711111111,0.0160620762588
0.0478630092323,0.0478630092323,0.0478630092323,0.0478630092323,0.0478630092323,0.0478630092323,0.0478630092323,0.0478630092323,10,X152 X155,0.430511111111,0.0166585574142,0.430511111111,0.0166585574142
0.0478630092323,0.0478630092323,0.0478630092323,0.0478630092323,0.0478630092323,0.0478630092323,0.0478630092323,0.0478630092323,10,X153 Y156 Z158,0.561111111111,0.0165918627827,0.561111111111,0.0165918627827
0.0478630092323,0.0478630092323,0.0478630092323,0.0478630092323,0.0478630092323,0.0478630092323,0.0478630092323,0.0478630092323,10,X154 Z156 Y157 Y158 Z159 X160,0.201466666667,0.0166315952839,0.201466666667,0.0166315952839
0.0478630092323,0.0478630092323,0.0478630092323,0.0478630092323,0.0478630092323,0.0478630092323,0.0478630092323,0.0478630092323,10,X156 X158,0.429466666667,0.0153861160482,0.429466666667,0.0153861160482
0.0478630092323,0.0478630092323,0.0478630092323,0.0478630092323,0.0478630092323,0.0478630092323,0.0478630092323,0.0478630092323,10,X157 X159,0.3306,0.0159619758905,0.3306,0.0159619758905
0.0478630092323,0.0478630092323,0.0478630092323,0.0478630092323,0.0478630092323,0.0478630092323,0.0478630092323,0.0478630092323,10,X159 Z160 Y161,0.628777777778,0.0143081396691,0.628777777778,0.0143081396691
0.0478630092323,0.0478630092323,0.0478630092323,0.0478630092323,0.0478630092323,0.0478630092323,0.0478630092323,0.0478630092323,10,X16 Z20 Y21 Y25 Z26 X31,0.0712222222222,0.0136233778488,0.0712222222222,0.0136233778488
0.0478630092323,0.0478630092323,0.0478630092323,0.0478630092323,0.0478630092323,0.0478630092323,0.0478630092323,0.0478630092323,10,X160 X161,0.495333333333,0.0133608910617,0.495333333333,0.0133608910617
0.0478630092323,0.0478630092323,0.0478630092323,0.0478630092323,0.0478630092323,0.0478630092323,0.0478630092323,0.0478630092323,10,X17 Z21 Y22 Y26 Z27 X32,0.0772222222222,0.0206188422055,0.0772222222222,0.0206188422055
0.0478630092323,0.0478630092323,0.0478630092323,0.0478630092323,0.0478630092323,0.0478630092323,0.0478630092323,0.0478630092323,10,X18 Z22 Y23 Y27 Z28 X33,0.0805333333333,0.0219797189695,0.0805333333333,0.0219797189695
0.0478630092323,0.0478630092323,0.0478630092323,0.0478630092323,0.0478630092323,0.0478630092323,0.0478630092323,0.0478630092323,10,X19 Z23 Y24 Y28 Z29 X34,0.0740444444444,0.0171778466738,0.0740444444444,0.0171778466738
0.0478630092323,0.0478630092323,0.0478630092323,0.0478630092323,0.0478630092323,0.0478630092323,0.0478630092323,0.0478630092323,10,X2 X4,0.330666666667,0.0139093948239,0.330666666667,0.0139093948239
0.0478630092323,0.0478630092323,0.0478630092323,0.0478630092323,0.0478630092323,0.0478630092323,0.0478630092323,0.0478630092323,10,X20 X25,0.472422222222,0.0150396495978,0.472422222222,0.0150396495978
0.0478630092323,0.0478630092323,0.0478630092323,0.0478630092323,0.0478630092323,0.0478630092323,0.0478630092323,0.0478630092323,10,X21 X26,0.313711111111,0.0176996511283,0.313711111111,0.0176996511283
0.0478630092323,0.0478630092323,0.0478630092323,0.0478630092323,0.0478630092323,0.0478630092323,0.0478630092323,0.0478630092323,10,X22 X27,0.235333333333,0.0196755288819,0.235333333333,0.0196755288819
0.0478630092323,0.0478630092323,0.0478630092323,0.0478630092323,0.0478630092323,0.0478630092323,0.0478630092323,0.0478630092323,10,X23 X28,0.169866666667,0.0191460608875,0.169866666667,0.0191460608875
0.0478630092323,0.0478630092323,0.0478630092323,0.0478630092323,0.0478630092323,0.0478630092323,0.0478630092323,0.0478630092323,10,X24 X29,0.166488888889,0.0170264012557,0.166488888889,0.0170264012557
0.0478630092323,0.0478630092323,0.0478630092323,0.0478630092323,0.0478630092323,0.0478630092323,0.0478630092323,0.0478630092323,10,X25 Z30 Y31 Y36 Z37 X43,0.0799555555556,0.0159385153246,0.0799555555556,0.0159385153246
0.0478630092323,0.0478630092323,0.0478630092323,0.0478630092323,0.0478630092323,0.0478630092323,0.0478630092323,0.0478630092323,10,X26 Z31 Y32 Y37 Z38 X44,0.0746888888889,0.022128488137,0.0746888888889,0.022128488137
0.0478630092323,0.0478630092323,0.0478630092323,0.0478630092323,0.0478630092323,0.0478630092323,0.0478630092323,0.0478630092323,10,X27 Z32 Y33 Y38 Z39 X45,0.0802444444444,0.0198055554212,0.0802444444444,0.0198055554212
0.0478630092323,0.0478630092323,0.0478630092323,0.0478630092323,0.0478630092323,0.0478630092323,0.0478630092323,0.0478630092323,10,X28 Z33 Y34 Y39 Z40 X46,0.0787111111111,0.0190131499833,0.0787111111111,0.0190131499833
0.0478630092323,0.0478630092323,0.0478630092323,0.0478630092323,0.0478630092323,0.0478630092323,0.0478630092323,0.0478630092323,10,X29 Z34 Y35 Y40 Z41 X47,0.0725333333333,0.0209245314243,0.0725333333333,0.0209245314243
0.0478630092323,0.0478630092323,0.0478630092323,0.0478630092323,0.0478630092323,0.0478630092323,0.0478630092323,0.0478630092323,10,X3 X5,0.428755555556,0.0191054611625,0.428755555556,0.0191054611625
0.0478630092323,0.0478630092323,0.0478630092323,0.0478630092323,0.0478630092323,0.0478630092323,0.0478630092323,0.0478630092323,10,X30 X36,0.0965333333333,0.0194903650428,0.0965333333333,0.0194903650428
0.0478630092323,0.0478630092323,0.0478630092323,0.0478630092323,0.0478630092323,0.0478630092323,0.0478630092323,0.0478630092323,10,X31 X37,0.114755555556,0.0193905086656,0.114755555556,0.0193905086656
0.0478630092323,0.0478630092323,0.0478630092323,0.0478630092323,0.0478630092323,0.0478630092323,0.0478630092323,0.0478630092323,10,X32 X38,0.1564,0.0188192450612,0.1564,0.0188192450612
0.0478630092323,0.0478630092323,0.0478630092323,0.0478630092323,0.0478630092323,0.0478630092323,0.0478630092323,0.0478630092323,10,X33 X39,0.210622222222,0.0150227753871,0.210622222222,0.0150227753871
0.0478630092323,0.0478630092323,0.0478630092323,0.0478630092323,0.0478630092323,0.0478630092323,0.0478630092323,0.0478630092323,10,X34 X40,0.288311111111,0.0137784698874,0.288311111111,0.0137784698874
0.0478630092323,0.0478630092323,0.0478630092323,0.0478630092323,0.0478630092323,0.0478630092323,0.0478630092323,0.0478630092323,10,X35 X41,0.4298,0.0206404357078,0.4298,0.0206404357078
0.0478630092323,0.0478630092323,0.0478630092323,0.0478630092323,0.0478630092323,0.0478630092323,0.0478630092323,0.0478630092323,10,X36 Z42 Y43 Y49 Z50 X57,0.0275555555556,0.0154784074872,0.0275555555556,0.0154784074872
0.0478630092323,0.0478630092323,0.0478630092323,0.0478630092323,0.0478630092323,0.0478630092323,0.0478630092323,0.0478630092323,10,X37 Z43 Y44 Y50 Z51 X58,0.0266666666667,0.0170767929728,0.0266666666667,0.0170767929728
0.0478630092323,0.0478630092323,0.0478630092323,0.0478630092323,0.0478630092323,0.0478630092323,0.0478630092323,0.0478630092323,10,X38 Z44 Y45 Y51 Z52 X59,0.0235777777778,0.0159265395349,0.0235777777778,0.0159265395349
0.0478630092323,0.0478630092323,0.0478630092323,0.0478630092323,0.0478630092323,0.0478630092323,0.0478630092323,0.0478630092323,10,X39 Z45 Y46 Y52 Z53 X60,0.0391111111111,0.0181178207255,0.0391111111111,0.0181178207255
0.0478630092323,0.0478630092323,0.0478630092323,0.0478630092323,0.0478630092323,0.0478630092323,0.0478630092323,0.0478630092323,10,X4 Z6 Y7 Y9 Z10 X13,0.130666666667,0.0201876256624,0.130666666667,0.0201876256624
0.0478630092323,0.0478630092323,0.0478630092323,0.0478630092323,0.0478630092323,0.0478630092323,0.0478630092323,0.0478630092323,10,X40 Z46 Y47 Y53 Z54 X61,0.0430444444444,0.0187728370929,0.0430444444444,0.0187728370929
0.0478630092323,0.0478630092323,0.0478630092323,0.0478630092323,0.0478630092323,0.0478630092323,0.0478630092323,0.0478630092323,10,X41 Z47 Y48 Y54 Z55 X62,0.0447777777778,0.0173174846495,0.0447777777778,0.0173174846495
0.0478630092323,0.0478630092323,0.0478630092323,0.0478630092323,0.0478630092323,0.0478630092323,0.0478630092323,0.0478630092323,10,X42 X49,0.478311111111,0.0156305363116,0.478311111111,0.0156305363116
0.0478630092323,0.0478630092323,0.0478630092323,0.0478630092323,0.0478630092323,0.0478630092323,0.0478630092323,0.0478630092323,10,X43 X50,0.316688888889,0.0189109494795,0.316688888889,0.0189109494795
0.0478630092323,0.0478630092323,0.0478630092323,0.0478630092323,0.0478630092323,0.0478630092323,0.0478630092323,0.0478630092323,10,X44 X51,0.233666666667,0.0164465930045,0.233666666667,0.0164465930045
0.0478630092323,0.0478630092323,0.0478630092323,0.0478630092323,0.0478630092323,0.0478630092323,0.0478630092323,0.0478630092323,10,X45 X52,0.174911111111,0.0199458910456,0.174911111111,0.0199458910456
0.0478630092323,0.0478630092323,0.0478630092323,0.0478630092323,0.0478630092323,0.0478630092323,0.0478630092323,0.0478630092323,10,X46 X53,0.124444444444,0.0193569679819,0.124444444444,0.0193569679819
0.0478630092323,0.0478630092323,0.0478630092323,0.0478630092323,0.0478630092323,0.0478630092323,0.0478630092323,0.0478630092323,10,X47 X54,0.0963111111111,0.0202941837795,0.0963111111111,0.0202941837795
0.0478630092323,0.0478630092323,0.0478630092323,0.0478630092323,0.0478630092323,0.0478630092323,0.0478630092323,0.0478630092323,10,X48 X55,0.0901111111111,0.0177008633106,0.0901111111111,0.0177008633106
0.0478630092323,0.0478630092323,0.0478630092323,0.0478630092323,0.0478630092323,0.0478630092323,0.0478630092323,0.0478630092323,10,X49 Z56 Y57 Y64 Z65 X73,0.0190666666667,0.0148851027381,0.0190666666667,0.0148851027381
0.0478630092323,0.0478630092323,0.0478630092323,0.0478630092323,0.0478630092323,0.0478630092323,0.0478630092323,0.0478630092323,10,X5 Z7 Y8 Y10 Z11 X14,0.142155555556,0.0187777347026,0.142155555556,0.0187777347026
0.0478630092323,0.0478630092323,0.0478630092323,0.0478630092323,0.0478630092323,0.0478630092323,0.0478630092323,0.0478630092323,10,X50 Z57 Y58 Y65 Z66 X74,0.0173111111111,0.012380287549,0.0173111111111,0.012380287549
0.0478630092323,0.0478630092323,0.0478630092323,0.0478630092323,0.0478630092323,0.0478630092323,0.0478630092323,0.0478630092323,10,X51 Z58 Y59 Y66 Z67 X75,0.0222,0.0158886450695,0.0222,0.0158886450695
0.0478630092323,0.0478630092323,0.0478630092323,0.0478630092323,0.0478630092323,0.0478630092323,0.0478630092323,0.0478630092323,10,X52 Z59 Y60 Y67 Z68 X76,0.0310666666667,0.016430604096,0.0310666666667,0.016430604096
0.0478630092323,0.0478630092323,0.0478630092323,0.0478630092323,0.0478630092323,0.0478630092323,0.0478630092323,0.0478630092323,10,X53 Z60 Y61 Y68 Z69 X77,0.0415333333333,0.0209733638775,0.0415333333333,0.0209733638775
0.0478630092323,0.0478630092323,0.0478630092323,0.0478630092323,0.0478630092323,0.0478630092323,0.0478630092323,0.0478630092323,10,X54 Z61 Y62 Y69 Z70 X78,0.0422888888889,0.018297401221,0.0422888888889,0.018297401221
0.0478630092323,0.0478630092323,0.0478630092323,0.0478630092323,0.0478630092323,0.0478630092323,0.0478630092323,0.0478630092323,10,X55 Z62 Y63 Y70 Z71 X79,0.0426444444444,0.0198210255124,0.0426444444444,0.0198210255124
0.0478630092323,0.0478630092323,0.0478630092323,0.0478630092323,0.0478630092323,0.0478630092323,0.0478630092323,0.0478630092323,10,X56 X64,0.0394444444444,0.0133000542543,0.0394444444444,0.0133000542543
0.0478630092323,0.0478630092323,0.0478630092323,0.0478630092323,0.0478630092323,0.0478630092323,0.0478630092323,0.0478630092323,10,X57 X65,0.0475777777778,0.0166629727707,0.0475777777778,0.0166629727707
0.0478630092323,0.0478630092323,0.0478630092323,0.0478630092323,0.0478630092323,0.0478630092323,0.0478630092323,0.0478630092323,10,X58 X66,0.0506444444444,0.0177141918414,0.0506444444444,0.0177141918414
0.0478630092323,0.0478630092323,0.0478630092323,0.0478630092323,0.0478630092323,0.0478630092323,0.0478630092323,0.0478630092323,10,X59 X67,0.0651333333333,0.0195827353785,0.0651333333333,0.0195827353785
0.0478630092323,0.0478630092323,0.0478630092323,0.0478630092323,0.0478630092323,0.0478630092323,0.0478630092323,0.0478630092323,10,X6 X9,0.474666666667,0.014194057361,0.474666666667,0.014194057361
0.0478630092323,0.0478630092323,0.0478630092323,0.0478630092323,0.0478630092323,0.0478630092323,0.0478630092323,0.0478630092323,10,X60 X68,0.153355555556,0.0205267666267,0.153355555556,0.0205267666267
0.0478630092323,0.0478630092323,0.0478630092323,0.0478630092323,0.0478630092323,0.0478630092323,0.0478630092323,0.0478630092323,10,X61 X69,0.212688888889,0.0145728276335,0.212688888889,0.0145728276335
0.0478630092323,0.0478630092323,0.0478630092323,0.0478630092323,0.0478630092323,0.0478630092323,0.0478630092323,0.0478630092323,10,X62 X70,0.287844444444,0.0193207912813,0.287844444444,0.0193207912813
0.0478630092323,0.0478630092323,0.0478630092323,0.0478630092323,0.0478630092323,0.0478630092323,0.0478630092323,0.0478630092323,10,X63 X71,0.436244444444,0.0142355481152,0.436244444444,0.0142355481152
0.0478630092323,0.0478630092323,0.0478630092323,0.0478630092323,0.0478630092323,0.0478630092323,0.0478630092323,0.0478630092323,10,X64 Z72 Y73 Y81 Z82 X90,0.126644444444,0.022094525827,0.126644444444,0.022094525827
0.0478630092323,0.0478630092323,0.0478630092323,0.0478630092323,0.0478630092323,0.0478630092323,0.0478630092323,0.0478630092323,10,X65 Z73 Y74 Y82 Z83 X91,0.107644444444,0.0159017417136,0.107644444444,0.0159017417136
0.0478630092323,0.0478630092323,0.0478630092323,0.0478630092323,0.0478630092323,0.0478630092323,0.0478630092323,0.0478630092323,10,X66 Z74 Y75 Y83 Z84 X92,0.115,0.0158176873694,0.115,0.0158176873694
0.0478630092323,0.0478630092323,0.0478630092323,0.0478630092323,0.0478630092323,0.0478630092323,0.0478630092323,0.0478630092323,10,X67 Z75 Y76 Y84 Z85 X93,0.0626888888889,0.0232062109095,0.0626888888889,0.0232062109095
0.0478630092323,0.0478630092323,0.0478630092323,0.0478630092323,0.0478630092323,0.0478630092323,0.0478630092323,0.0478630092323,10,X68 Z76 Y77 Y85 Z86 X94,0.0624444444444,0.0170914451351,0.0624444444444,0.0170914451351
0.0478630092323,0.0478630092323,0.0478630092323,0.0478630092323,0.0478630092323,0.0478630092323,0.0478630092323,0.0478630092323,10,X69 Z77 Y78 Y86 Z87 X95,0.213222222222,0.0161961949397,0.213222222222,0.0161961949397
0.0478630092323,0.0478630092323,0.0478630092323,0.0478630092323,0.0478630092323,0.0478630092323,0.0478630092323,0.0478630092323,10,X7 X10,0.312355555556,0.0176676281095,0.312355555556,0.0176676281095
0.0478630092323,0.0478630092323,0.0478630092323,0.0478630092323,0.0478630092323,0.0478630092323,0.0478630092323,0.0478630092323,10,X70 Z78 Y79 Y87 Z88 X96,0.117444444444,0.018440404857,0.117444444444,0.018440404857
0.0478630092323,0.0478630092323,0.0478630092323,0.0478630092323,0.0478630092323,0.0478630092323,0.0478630092323,0.0478630092323,10,X71 Z79 Y80 Y88 Z89 X97,0.0875555555556,0.0130877771451,0.0875555555556,0.0130877771451
0.0478630092323,0.0478630092323,0.0478630092323,0.0478630092323,0.0478630092323,0.0478630092323,0.0478630092323,0.0478630092323,10,X72 X81,0.158488888889,0.0192064271916,0.158488888889,0.0192064271916
0.0478630092323,0.0478630092323,0.0478630092323,0.0478630092323,0.0478630092323,0.0478630092323,0.0478630092323,0.0478630092323,10,X73 X82,0.175955555556,0.014988049731,0.175955555556,0.014988049731
0.0478630092323,0.0478630092323,0.0478630092323,0.0478630092323,0.0478630092323,0.0478630092323,0.0478630092323,0.0478630092323,10,X74 X83,0.245,0.0154013981552,0.245,0.0154013981552
0.0478630092323,0.0478630092323,0.0478630092323,0.0478630092323,0.0478630092323,0.0478630092323,0.0478630092323,0.0478630092323,10,X75 X84,0.329977777778,0.0165735174746,0.329977777778,0.0165735174746
0.0478630092323,0.0478630092323,0.0478630092323,0.0478630092323,0.0478630092323,0.0478630092323,0.0478630092323,0.0478630092323,10,X76 X85,0.161177777778,0.0177980870584,0.161177777778,0.0177980870584
0.0478630092323,0.0478630092323,0.0478630092323,0.0478630092323,0.0478630092323,0.0478630092323,0.0478630092323,0.0478630092323,10,X77 X86,0.363444444444,0.0215250603896,0.363444444444,0.0215250603896
0.0478630092323,0.0478630092323,0.0478630092323,0.0478630092323,0.0478630092323,0.0478630092323,0.0478630092323,0.0478630092323,10,X78 X87,0.242511111111,0.0180494708285,0.242511111111,0.0180494708285
0.0478630092323,0.0478630092323,0.0478630092323,0.0478630092323,0.0478630092323,0.0478630092323,0.0478630092323,0.0478630092323,10,X79 X88,0.127666666667,0.0218225164044,0.127666666667,0.0218225164044
0.0478630092323,0.0478630092323,0.0478630092323,0.0478630092323,0.0478630092323,0.0478630092323,0.0478630092323,0.0478630092323,10,X8 X11,0.298266666667,0.0223223338842,0.298266666667,0.0223223338842
0.0478630092323,0.0478630092323,0.0478630092323,0.0478630092323,0.0478630092323,0.0478630092323,0.0478630092323,0.0478630092323,10,X80 X89,0.120955555556,0.0157223840074,0.120955555556,0.0157223840074
0.0478630092323,0.0478630092323,0.0478630092323,0.0478630092323,0.0478630092323,0.0478630092323,0.0478630092323,0.0478630092323,10,X81 Y90 Z98,0.525333333333,0.0159817904041,0.525333333333,0.0159817904041
0.0478630092323,0.0478630092323,0.0478630092323,0.0478630092323,0.0478630092323,0.0478630092323,0.0478630092323,0.0478630092323,10,X82 Z90 Y91 Y98 Z99 X106,0.0550222222222,0.0166060814538,0.0550222222222,0.0166060814538
0.0478630092323,0.0478630092323,0.0478630092323,0.0478630092323,0.0478630092323,0.0478630092323,0.0478630092323,0.0478630092323,10,X83 Z91 Y92 Y99 Z100 X107,0.0391777777778,0.0182008238063,0.0391777777778,0.0182008238063
0.0478630092323,0.0478630092323,0.0478630092323,0.0478630092323,0.0478630092323,0.0478630092323,0.0478630092323,0.0478630092323,10,X84 Z92 Y93 Y100 Z101 X108,0.045,0.017648548506,0.045,0.017648548506
0.0478630092323,0.0478630092323,0.0478630092323,0.0478630092323,0.0478630092323,0.0478630092323,0.0478630092323,0.0478630092323,10,X85 Z93 Y94 Y101 Z102 X109,0.0481111111111,0.020268000057,0.0481111111111,0.020268000057
0.0478630092323,0.0478630092323,0.0478630092323,0.0478630092323,0.0478630092323,0.0478630092323,0.0478630092323,0.0478630092323,10,X86 Z94 Y95 Y102 Z103 X110,0.217444444444,0.0160383480421,0.217444444444,0.0160383480421
0.0478630092323,0.0478630092323,0.0478630092323,0.0478630092323,0.0478630092323,0.0478630092323,0.0478630092323,0.0478630092323,10,X87 Z95 Y96 Y103 Z104 X111,0.0478888888889,0.0169471419246,0.0478888888889,0.0169471419246
0.0478630092323,0.0478630092323,0.0478630092323,0.0478630092323,0.0478630092323,0.0478630092323,0.0478630092323,0.0478630092323,10,X88 Z96 Y97 Y104 Z105 X112,0.0169333333333,0.0100399203184,0.0169333333333,0.0100399203184
0.0478630092323,0.0478630092323,0.0478630092323,0.0478630092323,0.0478630092323,0.0478630092323,0.0478630092323,0.0478630092323,10,X9 Z12 Y13 Y16 Z17 X21,0.131755555556,0.0182704110042,0.131755555556,0.0182704110042
0.0478630092323,0.0478630092323,0.0478630092323,0.0478630092323,0.0478630092323,0.0478630092323,0.0478630092323,0.0478630092323,10,X90 X98,0.431266666667,0.0146408864334,0.431266666667,0.0146408864334
0.0478630092323,0.0478630092323,0.0478630092323,0.0478630092323,0.0478630092323,0.0478630092323,0.0478630092323,0.0478630092323,10,X91 X99,0.294444444444,0.0195633039334,0.294444444444,0.0195633039334
0.0478630092323,0.0478630092323,0.0478630092323,0.0478630092323,0.0478630092323,0.0478630092323,0.0478630092323,0.0478630092323,10,X92 X100,0.2098,0.0194697131926,0.2098,0.0194697131926
0.0478630092323,0.0478630092323,0.0478630092323,0.0478630092323,0.0478630092323,0.0478630092323,0.0478630092323,0.0478630092323,10,X93 X101,0.177377777778,0.0122938894996,0.177377777778,0.0122938894996
0.0478630092323,0.0478630092323,0.0478630092323,0.0478630092323,0.0478630092323,0.0478630092323,0.0478630092323,0.0478630092323,10,X94 X102,0.173866666667,0.020590069399,0.173866666667,0.020590069399
0.0478630092323,0.0478630092323,0.0478630092323,0.0478630092323,0.0478630092323,0.0478630092323,0.0478630092323,0.0478630092323,10,X95 X103,0.1378,0.0187544324263,0.1378,0.0187544324263
0.0478630092323,0.0478630092323,0.0478630092323,0.0478630092323,0.0478630092323,0.0478630092323,0.0478630092323,0.0478630092323,10,X96 X104,0.0768666666667,0.0169046458055,0.0768666666667,0.0169046458055
0.0478630092323,0.0478630092323,0.0478630092323,0.0478630092323,0.0478630092323,0.0478630092323,0.0478630092323,0.0478630092323,10,X97 X105,0.447133333333,0.0207714437044,0.447133333333,0.0207714437044
0.0478630092323,0.0478630092323,0.0478630092323,0.0478630092323,0.0478630092323,0.0478630092323,0.0478630092323,0.0478630092323,10,X99 Z106 Y107 Y113 Z114 X120,0.104177777778,0.0183001231772,0.104177777778,0.0183001231772
0.0478630092323,0.0478630092323,0.0478630092323,0.0478630092323,0.0478630092323,0.0478630092323,0.0478630092323,0.0478630092323,10,Y0 Z1 X2,0.467511111111,0.0161268281112,0.467511111111,0.0161268281112
0.0478630092323,0.0478630092323,0.0478630092323,0.0478630092323,0.0478630092323,0.0478630092323,0.0478630092323,0.0478630092323,10,Y20 Z25 X30,0.137911111111,0.0165255945305,0.137911111111,0.0165255945305
0.0478630092323,0.0478630092323,0.0478630092323,0.0478630092323,0.0478630092323,0.0478630092323,0.0478630092323,0.0478630092323,10,Y42 Z49 X56,0.0581777777778,0.0190984008344,0.0581777777778,0.0190984008344
0.0478630092323,0.0478630092323,0.0478630092323,0.0478630092323,0.0478630092323,0.0478630092323,0.0478630092323,0.0478630092323,10,Y6 Z9 X12,0.244377777778,0.018776918523,0.244377777778,0.018776918523
0.0478630092323,0.0478630092323,0.0478630092323,0.0478630092323,0.0478630092323,0.0478630092323,0.0478630092323,0.0478630092323,10,Z15 Y19 X24,0.566333333333,0.0154718877434,0.566333333333,0.0154718877434
0.0478630092323,0.0478630092323,0.0478630092323,0.0478630092323,0.0478630092323,0.0478630092323,0.0478630092323,0.0478630092323,10,Z3 Y5 X8,0.568177777778,0.0149696329481,0.568177777778,0.0149696329481
0.0478630092323,0.0478630092323,0.0478630092323,0.0478630092323,0.0478630092323,0.0478630092323,0.0478630092323,0.0478630092323,10,Z35 Y41 X48,0.567377777778,0.0192311475746,0.567377777778,0.0192311475746
0.0478630092323,0.0478630092323,0.0478630092323,0.0478630092323,0.0478630092323,0.0478630092323,0.0478630092323,0.0478630092323,10,Z63 Y71 X80,0.564688888889,0.016162473288,0.564688888889,0.016162473288
