g1_z,IZ,ZI,ZZ,ZX,ZY,XZ,YZ,round,operator,mean,std,mean_signed,std_signed
0.0109647819614,0.0109647819614,0.0109647819614,0.0109647819614,0.0109647819614,0.0109647819614,0.0109647819614,0.0109647819614,1,Logical X,0.350133333333,0.0167527889827,0.350244444444,0.0179889138558
0.0109647819614,0.0109647819614,0.0109647819614,0.0109647819614,0.0109647819614,0.0109647819614,0.0109647819614,0.0109647819614,1,Logical Y,0.0144222222222,0.0120465041855,0.00266666666667,0.0169325911685
0.0109647819614,0.0109647819614,0.0109647819614,0.0109647819614,0.0109647819614,0.0109647819614,0.0109647819614,0.0109647819614,1,Logical Z,0.0157777777778,0.00929768781595,-0.00322222222222,0.0148711794948
0.0109647819614,0.0109647819614,0.0109647819614,0.0109647819614,0.0109647819614,0.0109647819614,0.0109647819614,0.0109647819614,1,X0 X1,0.868555555556,0.00884101090479,0.868555555556,0.00884101090479
0.0109647819614,0.0109647819614,0.0109647819614,0.0109647819614,0.0109647819614,0.0109647819614,0.0109647819614,0.0109647819614,1,X1 Z2 Y3 Y4 Z5 X7,0.714866666667,0.0111981799287,0.714866666667,0.0111981799287
0.0109647819614,0.0109647819614,0.0109647819614,0.0109647819614,0.0109647819614,0.0109647819614,0.0109647819614,0.0109647819614,1,X10 Z13 Y14 Y17 Z18 X22,0.640933333333,0.0151393020788,0.640933333333,0.0151393020788
0.0109647819614,0.0109647819614,0.0109647819614,0.0109647819614,0.0109647819614,0.0109647819614,0.0109647819614,0.0109647819614,1,X100 Z107 Y108 Y114 Z115 X121,0.568844444444,0.016039160251,0.568844444444,0.016039160251
0.0109647819614,0.0109647819614,0.0109647819614,0.0109647819614,0.0109647819614,0.0109647819614,0.0109647819614,0.0109647819614,1,X101 Z108 Y109 Y115 Z116 X122,0.572511111111,0.0112603237717,0.572511111111,0.0112603237717
0.0109647819614,0.0109647819614,0.0109647819614,0.0109647819614,0.0109647819614,0.0109647819614,0.0109647819614,0.0109647819614,1,X102 Z109 Y110 Y116 Z117 X123,0.572555555556,0.0178757596807,0.572555555556,0.0178757596807
0.0109647819614,0.0109647819614,0.0109647819614,0.0109647819614,0.0109647819614,0.0109647819614,0.0109647819614,0.0109647819614,1,X103 Z110 Y111 Y117 Z118 X124,0.439155555556,0.0171912241118,0.439155555556,0.0171912241118
0.0109647819614,0.0109647819614,0.0109647819614,0.0109647819614,0.0109647819614,0.0109647819614,0.0109647819614,0.0109647819614,1,X104 Z111 Y112 Y118 Z119 X125,0.276755555556,0.0119804864757,0.276755555556,0.0119804864757
0.0109647819614,0.0109647819614,0.0109647819614,0.0109647819614,0.0109647819614,0.0109647819614,0.0109647819614,0.0109647819614,1,X105 Z112 Y119,0.644711111111,0.0105698672891,0.644711111111,0.0105698672891
0.0109647819614,0.0109647819614,0.0109647819614,0.0109647819614,0.0109647819614,0.0109647819614,0.0109647819614,0.0109647819614,1,X106 X113,0.621866666667,0.012259518157,0.621866666667,0.012259518157
0.0109647819614,0.0109647819614,0.0109647819614,0.0109647819614,0.0109647819614,0.0109647819614,0.0109647819614,0.0109647819614,1,X107 X114,0.644866666667,0.0131971783818,0.644866666667,0.0131971783818
0.0109647819614,0.0109647819614,0.0109647819614,0.0109647819614,0.0109647819614,0.0109647819614,0.0109647819614,0.0109647819614,1,X108 X115,0.693888888889,0.013200584375,0.693888888889,0.013200584375
0.0109647819614,0.0109647819614,0.0109647819614,0.0109647819614,0.0109647819614,0.0109647819614,0.0109647819614,0.0109647819614,1,X109 X116,0.742333333333,0.0112617754465,0.742333333333,0.0112617754465
0.0109647819614,0.0109647819614,0.0109647819614,0.0109647819614,0.0109647819614,0.0109647819614,0.0109647819614,0.0109647819614,1,X11 Z14 Y15 Y18 Z19 X23,0.629688888889,0.0135247561669,0.629688888889,0.0135247561669
0.0109647819614,0.0109647819614,0.0109647819614,0.0109647819614,0.0109647819614,0.0109647819614,0.0109647819614,0.0109647819614,1,X110 X117,0.790844444444,0.0116447193673,0.790844444444,0.0116447193673
0.0109647819614,0.0109647819614,0.0109647819614,0.0109647819614,0.0109647819614,0.0109647819614,0.0109647819614,0.0109647819614,1,X111 X118,0.825066666667,0.00806791098981,0.825066666667,0.00806791098981
0.0109647819614,0.0109647819614,0.0109647819614,0.0109647819614,0.0109647819614,0.0109647819614,0.0109647819614,0.0109647819614,1,X112 X119,0.454844444444,0.0180997096425,0.454844444444,0.0180997096425
0.0109647819614,0.0109647819614,0.0109647819614,0.0109647819614,0.0109647819614,0.0109647819614,0.0109647819614,0.0109647819614,1,X113 Y120 Z126,0.875666666667,0.0087094435029,0.875666666667,0.0087094435029
0.0109647819614,0.0109647819614,0.0109647819614,0.0109647819614,0.0109647819614,0.0109647819614,0.0109647819614,0.0109647819614,1,X114 Z120 Y121 Y126 Z127 X132,0.536488888889,0.0158903651218,0.536488888889,0.0158903651218
0.0109647819614,0.0109647819614,0.0109647819614,0.0109647819614,0.0109647819614,0.0109647819614,0.0109647819614,0.0109647819614,1,X115 Z121 Y122 Y127 Z128 X133,0.512911111111,0.0145896445019,0.512911111111,0.0145896445019
0.0109647819614,0.0109647819614,0.0109647819614,0.0109647819614,0.0109647819614,0.0109647819614,0.0109647819614,0.0109647819614,1,X116 Z122 Y123 Y128 Z129 X134,0.515933333333,0.0139735382103,0.515933333333,0.0139735382103
0.0109647819614,0.0109647819614,0.0109647819614,0.0109647819614,0.0109647819614,0.0109647819614,0.0109647819614,0.0109647819614,1,X117 Z123 Y124 Y129 Z130 X135,0.508288888889,0.0163371408495,0.508288888889,0.0163371408495
0.0109647819614,0.0109647819614,0.0109647819614,0.0109647819614,0.0109647819614,0.0109647819614,0.0109647819614,0.0109647819614,1,X118 Z124 Y125 Y130 Z131 X136,0.515422222222,0.0145183021852,0.515422222222,0.0145183021852
0.0109647819614,0.0109647819614,0.0109647819614,0.0109647819614,0.0109647819614,0.0109647819614,0.0109647819614,0.0109647819614,1,X12 X16,0.680422222222,0.0125706991711,0.680422222222,0.0125706991711
0.0109647819614,0.0109647819614,0.0109647819614,0.0109647819614,0.0109647819614,0.0109647819614,0.0109647819614,0.0109647819614,1,X120 X126,0.829466666667,0.0105748925522,0.829466666667,0.0105748925522
0.0109647819614,0.0109647819614,0.0109647819614,0.0109647819614,0.0109647819614,0.0109647819614,0.0109647819614,0.0109647819614,1,X121 X127,0.752822222222,0.0111824757995,0.752822222222,0.0111824757995
0.0109647819614,0.0109647819614,0.0109647819614,0.0109647819614,0.0109647819614,0.0109647819614,0.0109647819614,0.0109647819614,1,X122 X128,0.706644444444,0.0139044173728,0.706644444444,0.0139044173728
0.0109647819614,0.0109647819614,0.0109647819614,0.0109647819614,0.0109647819614,0.0109647819614,0.0109647819614,0.0109647819614,1,X123 X129,0.663511111111,0.0140474656045,0.663511111111,0.0140474656045
0.0109647819614,0.0109647819614,0.0109647819614,0.0109647819614,0.0109647819614,0.0109647819614,0.0109647819614,0.0109647819614,1,X124 X130,0.6136,0.0141622778868,0.6136,0.0141622778868
0.0109647819614,0.0109647819614,0.0109647819614,0.0109647819614,0.0109647819614,0.0109647819614,0.0109647819614,0.0109647819614,1,X125 X131,0.601466666667,0.0165577128374,0.601466666667,0.0165577128374
0.0109647819614,0.0109647819614,0.0109647819614,0.0109647819614,0.0109647819614,0.0109647819614,0.0109647819614,0.0109647819614,1,X127 Z132 Y133 Y137 Z138 X142,0.609088888889,0.0127918596401,0.609088888889,0.0127918596401
0.0109647819614,0.0109647819614,0.0109647819614,0.0109647819614,0.0109647819614,0.0109647819614,0.0109647819614,0.0109647819614,1,X128 Z133 Y134 Y138 Z139 X143,0.587688888889,0.0168106273022,0.587688888889,0.0168106273022
0.0109647819614,0.0109647819614,0.0109647819614,0.0109647819614,0.0109647819614,0.0109647819614,0.0109647819614,0.0109647819614,1,X129 Z134 Y135 Y139 Z140 X144,0.5916,0.0139320738583,0.5916,0.0139320738583
0.0109647819614,0.0109647819614,0.0109647819614,0.0109647819614,0.0109647819614,0.0109647819614,0.0109647819614,0.0109647819614,1,X13 X17,0.711111111111,0.0125546570051,0.711111111111,0.0125546570051
0.0109647819614,0.0109647819614,0.0109647819614,0.0109647819614,0.0109647819614,0.0109647819614,0.0109647819614,0.0109647819614,1,X130 Z135 Y136 Y140 Z141 X145,0.595666666667,0.0148388534221,0.595666666667,0.0148388534221
0.0109647819614,0.0109647819614,0.0109647819614,0.0109647819614,0.0109647819614,0.0109647819614,0.0109647819614,0.0109647819614,1,X131 Z136 Y141,0.892155555556,0.00934266091106,0.892155555556,0.00934266091106
0.0109647819614,0.0109647819614,0.0109647819614,0.0109647819614,0.0109647819614,0.0109647819614,0.0109647819614,0.0109647819614,1,X132 X137,0.6374,0.0120590501141,0.6374,0.0120590501141
0.0109647819614,0.0109647819614,0.0109647819614,0.0109647819614,0.0109647819614,0.0109647819614,0.0109647819614,0.0109647819614,1,X133 X138,0.665288888889,0.0110532439486,0.665288888889,0.0110532439486
0.0109647819614,0.0109647819614,0.0109647819614,0.0109647819614,0.0109647819614,0.0109647819614,0.0109647819614,0.0109647819614,1,X134 X139,0.706822222222,0.0151878993307,0.706822222222,0.0151878993307
0.0109647819614,0.0109647819614,0.0109647819614,0.0109647819614,0.0109647819614,0.0109647819614,0.0109647819614,0.0109647819614,1,X135 X140,0.756733333333,0.0131240471283,0.756733333333,0.0131240471283
0.0109647819614,0.0109647819614,0.0109647819614,0.0109647819614,0.0109647819614,0.0109647819614,0.0109647819614,0.0109647819614,1,X136 X141,0.827111111111,0.0086610650922,0.827111111111,0.0086610650922
0.0109647819614,0.0109647819614,0.0109647819614,0.0109647819614,0.0109647819614,0.0109647819614,0.0109647819614,0.0109647819614,1,X137 Y142 Z146,0.873622222222,0.00978807364582,0.873622222222,0.00978807364582
0.0109647819614,0.0109647819614,0.0109647819614,0.0109647819614,0.0109647819614,0.0109647819614,0.0109647819614,0.0109647819614,1,X138 Z142 Y143 Y146 Z147 X150,0.604022222222,0.016707979449,0.604022222222,0.016707979449
0.0109647819614,0.0109647819614,0.0109647819614,0.0109647819614,0.0109647819614,0.0109647819614,0.0109647819614,0.0109647819614,1,X139 Z143 Y144 Y147 Z148 X151,0.5906,0.0186464175886,0.5906,0.0186464175886
0.0109647819614,0.0109647819614,0.0109647819614,0.0109647819614,0.0109647819614,0.0109647819614,0.0109647819614,0.0109647819614,1,X14 X18,0.756777777778,0.0115311782364,0.756777777778,0.0115311782364
0.0109647819614,0.0109647819614,0.0109647819614,0.0109647819614,0.0109647819614,0.0109647819614,0.0109647819614,0.0109647819614,1,X140 Z144 Y145 Y148 Z149 X152,0.588533333333,0.0134471008427,0.588533333333,0.0134471008427
0.0109647819614,0.0109647819614,0.0109647819614,0.0109647819614,0.0109647819614,0.0109647819614,0.0109647819614,0.0109647819614,1,X142 X146,0.824422222222,0.0092334280809,0.824422222222,0.0092334280809
0.0109647819614,0.0109647819614,0.0109647819614,0.0109647819614,0.0109647819614,0.0109647819614,0.0109647819614,0.0109647819614,1,X143 X147,0.758933333333,0.0126231557585,0.758933333333,0.0126231557585
0.0109647819614,0.0109647819614,0.0109647819614,0.0109647819614,0.0109647819614,0.0109647819614,0.0109647819614,0.0109647819614,1,X144 X148,0.707333333333,0.0145006275462,0.707333333333,0.0145006275462
0.0109647819614,0.0109647819614,0.0109647819614,0.0109647819614,0.0109647819614,0.0109647819614,0.0109647819614,0.0109647819614,1,X145 X149,0.684355555556,0.0126512105741,0.684355555556,0.0126512105741
0.0109647819614,0.0109647819614,0.0109647819614,0.0109647819614,0.0109647819614,0.0109647819614,0.0109647819614,0.0109647819614,1,X147 Z150 Y151 Y153 Z154 X156,0.701177777778,0.0110459622599,0.701177777778,0.0110459622599
0.0109647819614,0.0109647819614,0.0109647819614,0.0109647819614,0.0109647819614,0.0109647819614,0.0109647819614,0.0109647819614,1,X148 Z151 Y152 Y154 Z155 X157,0.680244444444,0.0131812979475,0.680244444444,0.0131812979475
0.0109647819614,0.0109647819614,0.0109647819614,0.0109647819614,0.0109647819614,0.0109647819614,0.0109647819614,0.0109647819614,1,X149 Z152 Y155,0.894266666667,0.00671385597619,0.894266666667,0.00671385597619
0.0109647819614,0.0109647819614,0.0109647819614,0.0109647819614,0.0109647819614,0.0109647819614,0.0109647819614,0.0109647819614,1,X15 X19,0.827688888889,0.00946659111729,0.827688888889,0.00946659111729
0.0109647819614,0.0109647819614,0.0109647819614,0.0109647819614,0.0109647819614,0.0109647819614,0.0109647819614,0.0109647819614,1,X150 X153,0.7248,0.0123007024065,0.7248,0.0123007024065
0.0109647819614,0.0109647819614,0.0109647819614,0.0109647819614,0.0109647819614,0.0109647819614,0.0109647819614,0.0109647819614,1,X151 X154,0.7538,0.00957831202784,0.7538,0.00957831202784
0.0109647819614,0.0109647819614,0.0109647819614,0.0109647819614,0.0109647819614,0.0109647819614,0.0109647819614,0.0109647819614,1,X152 X155,0.822422222222,0.00976738388694,0.822422222222,0.00976738388694
0.0109647819614,0.0109647819614,0.0109647819614,0.0109647819614,0.0109647819614,0.0109647819614,0.0109647819614,0.0109647819614,1,X153 Y156 Z158,0.870111111111,0.00750393681266,0.870111111111,0.00750393681266
0.0109647819614,0.0109647819614,0.0109647819614,0.0109647819614,0.0109647819614,0.0109647819614,0.0109647819614,0.0109647819614,1,X154 Z156 Y157 Y158 Z159 X160,0.695822222222,0.0171626729722,0.695822222222,0.0171626729722
0.0109647819614,0.0109647819614,0.0109647819614,0.0109647819614,0.0109647819614,0.0109647819614,0.0109647819614,0.0109647819614,1,X156 X158,0.822933333333,0.00916866226971,0.822933333333,0.00916866226971
0.0109647819614,0.0109647819614,0.0109647819614,0.0109647819614,0.0109647819614,0.0109647819614,0.0109647819614,0.0109647819614,1,X157 X159,0.777355555556,0.00855629692762,0.777355555556,0.00855629692762
0.0109647819614,0.0109647819614,0.0109647819614,0.0109647819614,0.0109647819614,0.0109647819614,0.0109647819614,0.0109647819614,1,X159 Z160 Y161,0.895355555556,0.00707374040523,0.895355555556,0.00707374040523
0.0109647819614,0.0109647819614,0.0109647819614,0.0109647819614,0.0109647819614,0.0109647819614,0.0109647819614,0.0109647819614,1,X16 Z20 Y21 Y25 Z26 X31,0.549577777778,0.0165984658233,0.549577777778,0.0165984658233
0.0109647819614,0.0109647819614,0.0109647819614,0.0109647819614,0.0109647819614,0.0109647819614,0.0109647819614,0.0109647819614,1,X160 X161,0.852333333333,0.00851907933075,0.852333333333,0.00851907933075
0.0109647819614,0.0109647819614,0.0109647819614,0.0109647819614,0.0109647819614,0.0109647819614,0.0109647819614,0.0109647819614,1,X17 Z21 Y22 Y26 Z27 X32,0.558288888889,0.0129232136417,0.558288888889,0.0129232136417
0.0109647819614,0.0109647819614,0.0109647819614,0.0109647819614,0.0109647819614,0.0109647819614,0.0109647819614,0.0109647819614,1,X18 Z22 Y23 Y27 Z28 X33,0.558022222222,0.0157990089736,0.558022222222,0.0157990089736
0.0109647819614,0.0109647819614,0.0109647819614,0.0109647819614,0.0109647819614,0.0109647819614,0.0109647819614,0.0109647819614,1,X19 Z23 Y24 Y28 Z29 X34,0.560177777778,0.017952626748,0.560177777778,0.017952626748
0.0109647819614,0.0109647819614,0.0109647819614,0.0109647819614,0.0109647819614,0.0109647819614,0.0109647819614,0.0109647819614,1,X2 X4,0.775777777778,0.0136236590843,0.775777777778,0.0136236590843
0.0109647819614,0.0109647819614,0.0109647819614,0.0109647819614,0.0109647819614,0.0109647819614,0.0109647819614,0.0109647819614,1,X20 X25,0.845,0.0110293929832,0.845,0.0110293929832
0.0109647819614,0.0109647819614,0.0109647819614,0.0109647819614,0.0109647819614,0.0109647819614,0.0109647819614,0.0109647819614,1,X21 X26,0.771888888889,0.00980903224918,0.771888888889,0.00980903224918
0.0109647819614,0.0109647819614,0.0109647819614,0.0109647819614,0.0109647819614,0.0109647819614,0.0109647819614,0.0109647819614,1,X22 X27,0.718511111111,0.00946651017085,0.718511111111,0.00946651017085
0.0109647819614,0.0109647819614,0.0109647819614,0.0109647819614,0.0109647819614,0.0109647819614,0.0109647819614,0.0109647819614,1,X23 X28,0.6726,0.0145958058322,0.6726,0.0145958058322
0.0109647819614,0.0109647819614,0.0109647819614,0.0109647819614,0.0109647819614,0.0109647819614,0.0109647819614,0.0109647819614,1,X24 X29,0.661466666667,0.0154487410986,0.661466666667,0.0154487410986
0.0109647819614,0.0109647819614,0.0109647819614,0.0109647819614,0.0109647819614,0.0109647819614,0.0109647819614,0.0109647819614,1,X25 Z30 Y31 Y36 Z37 X43,0.558844444444,0.0152465644226,0.558844444444,0.0152465644226
0.0109647819614,0.0109647819614,0.0109647819614,0.0109647819614,0.0109647819614,0.0109647819614,0.0109647819614,0.0109647819614,1,X26 Z31 Y32 Y37 Z38 X44,0.559866666667,0.015081286773,0.559866666667,0.015081286773
0.0109647819614,0.0109647819614,0.0109647819614,0.0109647819614,0.0109647819614,0.0109647819614,0.0109647819614,0.0109647819614,1,X27 Z32 Y33 Y38 Z39 X45,0.561622222222,0.0165375998697,0.561622222222,0.0165375998697
0.0109647819614,0.0109647819614,0.0109647819614,0.0109647819614,0.0109647819614,0.0109647819614,0.0109647819614,0.0109647819614,1,X28 Z33 Y34 Y39 Z40 X46,0.559066666667,0.0129928951997,0.559066666667,0.0129928951997
0.0109647819614,0.0109647819614,0.0109647819614,0.0109647819614,0.0109647819614,0.0109647819614,0.0109647819614,0.0109647819614,1,X29 Z34 Y35 Y40 Z41 X47,0.550911111111,0.0220139164159,0.550911111111,0.0220139164159
0.0109647819614,0.0109647819614,0.0109647819614,0.0109647819614,0.0109647819614,0.0109647819614,0.0109647819614,0.0109647819614,1,X3 X5,0.823733333333,0.011059712536,0.823733333333,0.011059712536
0.0109647819614,0.0109647819614,0.0109647819614,0.0109647819614,0.0109647819614,0.0109647819614,0.0109647819614,0.0109647819614,1,X30 X36,0.590066666667,0.0147856718466,0.590066666667,0.0147856718466
0.0109647819614,0.0109647819614,0.0109647819614,0.0109647819614,0.0109647819614,0.0109647819614,0.0109647819614,0.0109647819614,1,X31 X37,0.6186,0.0122193866443,0.6186,0.0122193866443
0.0109647819614,0.0109647819614,0.0109647819614,0.0109647819614,0.0109647819614,0.0109647819614,0.0109647819614,0.0109647819614,1,X32 X38,0.6622,0.0131692780765,0.6622,0.0131692780765
0.0109647819614,0.0109647819614,0.0109647819614,0.0109647819614,0.0109647819614,0.0109647819614,0.0109647819614,0.0109647819614,1,X33 X39,0.707488888889,0.012458277752,0.707488888889,0.012458277752
0.0109647819614,0.0109647819614,0.0109647819614,0.0109647819614,0.0109647819614,0.0109647819614,0.0109647819614,0.0109647819614,1,X34 X40,0.757844444444,0.00908146752253,0.757844444444,0.00908146752253
0.0109647819614,0.0109647819614,0.0109647819614,0.0109647819614,0.0109647819614,0.0109647819614,0.0109647819614,0.0109647819614,1,X35 X41,0.827311111111,0.00946618637819,0.827311111111,0.00946618637819
0.0109647819614,0.0109647819614,0.0109647819614,0.0109647819614,0.0109647819614,0.0109647819614,0.0109647819614,0.0109647819614,1,X36 Z42 Y43 Y49 Z50 X57,0.439622222222,0.0121367474461,0.439622222222,0.0121367474461
0.0109647819614,0.0109647819614,0.0109647819614,0.0109647819614,0.0109647819614,0.0109647819614,0.0109647819614,0.0109647819614,1,X37 Z43 Y44 Y50 Z51 X58,0.435977777778,0.0168067522768,0.435977777778,0.0168067522768
0.0109647819614,0.0109647819614,0.0109647819614,0.0109647819614,0.0109647819614,0.0109647819614,0.0109647819614,0.0109647819614,1,X38 Z44 Y45 Y51 Z52 X59,0.428733333333,0.0192434294902,0.428733333333,0.0192434294902
0.0109647819614,0.0109647819614,0.0109647819614,0.0109647819614,0.0109647819614,0.0109647819614,0.0109647819614,0.0109647819614,1,X39 Z45 Y46 Y52 Z53 X60,0.495911111111,0.0173083226572,0.495911111111,0.0173083226572
0.0109647819614,0.0109647819614,0.0109647819614,0.0109647819614,0.0109647819614,0.0109647819614,0.0109647819614,0.0109647819614,1,X4 Z6 Y7 Y9 Z10 X13,0.629044444444,0.0141504595144,0.629044444444,0.0141504595144
0.0109647819614,0.0109647819614,0.0109647819614,0.0109647819614,0.0109647819614,0.0109647819614,0.0109647819614,0.0109647819614,1,X40 Z46 Y47 Y53 Z54 X61,0.487066666667,0.0185518637207,0.487066666667,0.0185518637207
0.0109647819614,0.0109647819614,0.0109647819614,0.0109647819614,0.0109647819614,0.0109647819614,0.0109647819614,0.0109647819614,1,X41 Z47 Y48 Y54 Z55 X62,0.486644444444,0.0155851224207,0.486644444444,0.0155851224207
0.0109647819614,0.0109647819614,0.0109647819614,0.0109647819614,0.0109647819614,0.0109647819614,0.0109647819614,0.0109647819614,1,X42 X49,0.843355555556,0.00984085367342,0.843355555556,0.00984085367342
0.0109647819614,0.0109647819614,0.0109647819614,0.0109647819614,0.0109647819614,0.0109647819614,0.0109647819614,0.0109647819614,1,X43 X50,0.770644444444,0.0137793040806,0.770644444444,0.0137793040806
0.0109647819614,0.0109647819614,0.0109647819614,0.0109647819614,0.0109647819614,0.0109647819614,0.0109647819614,0.0109647819614,1,X44 X51,0.724622222222,0.0142553971317,0.724622222222,0.0142553971317
0.0109647819614,0.0109647819614,0.0109647819614,0.0109647819614,0.0109647819614,0.0109647819614,0.0109647819614,0.0109647819614,1,X45 X52,0.678355555556,0.0129517031923,0.678355555556,0.0129517031923
0.0109647819614,0.0109647819614,0.0109647819614,0.0109647819614,0.0109647819614,0.0109647819614,0.0109647819614,0.0109647819614,1,X46 X53,0.637533333333,0.0122729494155,0.637533333333,0.0122729494155
0.0109647819614,0.0109647819614,0.0109647819614,0.0109647819614,0.0109647819614,0.0109647819614,0.0109647819614,0.0109647819614,1,X47 X54,0.591022222222,0.01392671936,0.591022222222,0.01392671936
0.0109647819614,0.0109647819614,0.0109647819614,0.0109647819614,0.0109647819614,0.0109647819614,0.0109647819614,0.0109647819614,1,X48 X55,0.585644444444,0.0162563122626,0.585644444444,0.0162563122626
0.0109647819614,0.0109647819614,0.0109647819614,0.0109647819614,0.0109647819614,0.0109647819614,0.0109647819614,0.0109647819614,1,X49 Z56 Y57 Y64 Z65 X73,0.393111111111,0.0147430958797,0.393111111111,0.0147430958797
0.0109647819614,0.0109647819614,0.0109647819614,0.0109647819614,0.0109647819614,0.0109647819614,0.0109647819614,0.0109647819614,1,X5 Z7 Y8 Y10 Z11 X14,0.637711111111,0.012506161955,0.637711111111,0.012506161955
0.0109647819614,0.0109647819614,0.0109647819614,0.0109647819614,0.0109647819614,0.0109647819614,0.0109647819614,0.0109647819614,1,X50 Z57 Y58 Y65 Z66 X74,0.411555555556,0.0139174725029,0.411555555556,0.0139174725029
0.0109647819614,0.0109647819614,0.0109647819614,0.0109647819614,0.0109647819614,0.0109647819614,0.0109647819614,0.0109647819614,1,X51 Z58 Y59 Y66 Z67 X75,0.428333333333,0.0173074519419,0.428333333333,0.0173074519419
0.0109647819614,0.0109647819614,0.0109647819614,0.0109647819614,0.0109647819614,0.0109647819614,0.0109647819614,0.0109647819614,1,X52 Z59 Y60 Y67 Z68 X76,0.454288888889,0.0128697373899,0.454288888889,0.0128697373899
0.0109647819614,0.0109647819614,0.0109647819614,0.0109647819614,0.0109647819614,0.0109647819614,0.0109647819614,0.0109647819614,1,X53 Z60 Y61 Y68 Z69 X77,0.489955555556,0.014129053064,0.489955555556,0.014129053064
0.0109647819614,0.0109647819614,0.0109647819614,0.0109647819614,0.0109647819614,0.0109647819614,0.0109647819614,0.0109647819614,1,X54 Z61 Y62 Y69 Z70 X78,0.493688888889,0.0162081605985,0.493688888889,0.0162081605985
0.0109647819614,0.0109647819614,0.0109647819614,0.0109647819614,0.0109647819614,0.0109647819614,0.0109647819614,0.0109647819614,1,X55 Z62 Y63 Y70 Z71 X79,0.484088888889,0.0190008939764,0.484088888889,0.0190008939764
0.0109647819614,0.0109647819614,0.0109647819614,0.0109647819614,0.0109647819614,0.0109647819614,0.0109647819614,0.0109647819614,1,X56 X64,0.496355555556,0.0180876819991,0.496355555556,0.0180876819991
0.0109647819614,0.0109647819614,0.0109647819614,0.0109647819614,0.0109647819614,0.0109647819614,0.0109647819614,0.0109647819614,1,X57 X65,0.507733333333,0.0172078570667,0.507733333333,0.0172078570667
0.0109647819614,0.0109647819614,0.0109647819614,0.0109647819614,0.0109647819614,0.0109647819614,0.0109647819614,0.0109647819614,1,X58 X66,0.527044444444,0.0170917589726,0.527044444444,0.0170917589726
0.0109647819614,0.0109647819614,0.0109647819614,0.0109647819614,0.0109647819614,0.0109647819614,0.0109647819614,0.0109647819614,1,X59 X67,0.5392,0.0143116917614,0.5392,0.0143116917614
0.0109647819614,0.0109647819614,0.0109647819614,0.0109647819614,0.0109647819614,0.0109647819614,0.0109647819614,0.0109647819614,1,X6 X9,0.841866666667,0.00996453481217,0.841866666667,0.00996453481217
0.0109647819614,0.0109647819614,0.0109647819614,0.0109647819614,0.0109647819614,0.0109647819614,0.0109647819614,0.0109647819614,1,X60 X68,0.663755555556,0.012867117297,0.663755555556,0.012867117297
0.0109647819614,0.0109647819614,0.0109647819614,0.0109647819614,0.0109647819614,0.0109647819614,0.0109647819614,0.0109647819614,1,X61 X69,0.707111111111,0.0120590289327,0.707111111111,0.0120590289327
0.0109647819614,0.0109647819614,0.0109647819614,0.0109647819614,0.0109647819614,0.0109647819614,0.0109647819614,0.0109647819614,1,X62 X70,0.751644444444,0.00953112800364,0.751644444444,0.00953112800364
0.0109647819614,0.0109647819614,0.0109647819614,0.0109647819614,0.0109647819614,0.0109647819614,0.0109647819614,0.0109647819614,1,X63 X71,0.827733333333,0.01349056716,0.827733333333,0.01349056716
0.0109647819614,0.0109647819614,0.0109647819614,0.0109647819614,0.0109647819614,0.0109647819614,0.0109647819614,0.0109647819614,1,X64 Z72 Y73 Y81 Z82 X90,0.630711111111,0.0134123330142,0.630711111111,0.0134123330142
0.0109647819614,0.0109647819614,0.0109647819614,0.0109647819614,0.0109647819614,0.0109647819614,0.0109647819614,0.0109647819614,1,X65 Z73 Y74 Y82 Z83 X91,0.6038,0.0128988401272,0.6038,0.0128988401272
0.0109647819614,0.0109647819614,0.0109647819614,0.0109647819614,0.0109647819614,0.0109647819614,0.0109647819614,0.0109647819614,1,X66 Z74 Y75 Y83 Z84 X92,0.605844444444,0.0179549741949,0.605844444444,0.0179549741949
0.0109647819614,0.0109647819614,0.0109647819614,0.0109647819614,0.0109647819614,0.0109647819614,0.0109647819614,0.0109647819614,1,X67 Z75 Y76 Y84 Z85 X93,0.5238,0.0171700086023,0.5238,0.0171700086023
0.0109647819614,0.0109647819614,0.0109647819614,0.0109647819614,0.0109647819614,0.0109647819614,0.0109647819614,0.0109647819614,1,X68 Z76 Y77 Y85 Z86 X94,0.525111111111,0.0116872833709,0.525111111111,0.0116872833709
0.0109647819614,0.0109647819614,0.0109647819614,0.0109647819614,0.0109647819614,0.0109647819614,0.0109647819614,0.0109647819614,1,X69 Z77 Y78 Y86 Z87 X95,0.7034,0.0119261456553,0.7034,0.0119261456553
0.0109647819614,0.0109647819614,0.0109647819614,0.0109647819614,0.0109647819614,0.0109647819614,0.0109647819614,0.0109647819614,1,X7 X10,0.773088888889,0.0132797582646,0.773088888889,0.0132797582646
0.0109647819614,0.0109647819614,0.0109647819614,0.0109647819614,0.0109647819614,0.0109647819614,0.0109647819614,0.0109647819614,1,X70 Z78 Y79 Y87 Z88 X96,0.618244444444,0.0153762351672,0.618244444444,0.0153762351672
0.0109647819614,0.0109647819614,0.0109647819614,0.0109647819614,0.0109647819614,0.0109647819614,0.0109647819614,0.0109647819614,1,X71 Z79 Y80 Y88 Z89 X97,0.577177777778,0.017165128451,0.577177777778,0.017165128451
0.0109647819614,0.0109647819614,0.0109647819614,0.0109647819614,0.0109647819614,0.0109647819614,0.0109647819614,0.0109647819614,1,X72 X81,0.666022222222,0.0152159256491,0.666022222222,0.0152159256491
0.0109647819614,0.0109647819614,0.0109647819614,0.0109647819614,0.0109647819614,0.0109647819614,0.0109647819614,0.0109647819614,1,X73 X82,0.684155555556,0.0127717160368,0.684155555556,0.0127717160368
0.0109647819614,0.0109647819614,0.0109647819614,0.0109647819614,0.0109647819614,0.0109647819614,0.0109647819614,0.0109647819614,1,X74 X83,0.730533333333,0.0145622195268,0.730533333333,0.0145622195268
0.0109647819614,0.0109647819614,0.0109647819614,0.0109647819614,0.0109647819614,0.0109647819614,0.0109647819614,0.0109647819614,1,X75 X84,0.779155555556,0.0109319501975,0.779155555556,0.0109319501975
0.0109647819614,0.0109647819614,0.0109647819614,0.0109647819614,0.0109647819614,0.0109647819614,0.0109647819614,0.0109647819614,1,X76 X85,0.669444444444,0.0139666634662,0.669444444444,0.0139666634662
0.0109647819614,0.0109647819614,0.0109647819614,0.0109647819614,0.0109647819614,0.0109647819614,0.0109647819614,0.0109647819614,1,X77 X86,0.793511111111,0.0101783834249,0.793511111111,0.0101783834249
0.0109647819614,0.0109647819614,0.0109647819614,0.0109647819614,0.0109647819614,0.0109647819614,0.0109647819614,0.0109647819614,1,X78 X87,0.7282,0.0101319267021,0.7282,0.0101319267021
0.0109647819614,0.0109647819614,0.0109647819614,0.0109647819614,0.0109647819614,0.0109647819614,0.0109647819614,0.0109647819614,1,X79 X88,0.633444444444,0.0143647966176,0.633444444444,0.0143647966176
0.0109647819614,0.0109647819614,0.0109647819614,0.0109647819614,0.0109647819614,0.0109647819614,0.0109647819614,0.0109647819614,1,X8 X11,0.7586,0.0108410317474,0.7586,0.0108410317474
0.0109647819614,0.0109647819614,0.0109647819614,0.0109647819614,0.0109647819614,0.0109647819614,0.0109647819614,0.0109647819614,1,X80 X89,0.624955555556,0.016396133862,0.624955555556,0.016396133862
0.0109647819614,0.0109647819614,0.0109647819614,0.0109647819614,0.0109647819614,0.0109647819614,0.0109647819614,0.0109647819614,1,X81 Y90 Z98,0.857444444444,0.00845285928787,0.857444444444,0.00845285928787
0.0109647819614,0.0109647819614,0.0109647819614,0.0109647819614,0.0109647819614,0.0109647819614,0.0109647819614,0.0109647819614,1,X82 Z90 Y91 Y98 Z99 X106,0.509466666667,0.0163218585074,0.509466666667,0.0163218585074
0.0109647819614,0.0109647819614,0.0109647819614,0.0109647819614,0.0109647819614,0.0109647819614,0.0109647819614,0.0109647819614,1,X83 Z91 Y92 Y99 Z100 X107,0.493111111111,0.018924600004,0.493111111111,0.018924600004
0.0109647819614,0.0109647819614,0.0109647819614,0.0109647819614,0.0109647819614,0.0109647819614,0.0109647819614,0.0109647819614,1,X84 Z92 Y93 Y100 Z101 X108,0.502177777778,0.0152093269764,0.502177777778,0.0152093269764
0.0109647819614,0.0109647819614,0.0109647819614,0.0109647819614,0.0109647819614,0.0109647819614,0.0109647819614,0.0109647819614,1,X85 Z93 Y94 Y101 Z102 X109,0.494688888889,0.0180042424403,0.494688888889,0.0180042424403
0.0109647819614,0.0109647819614,0.0109647819614,0.0109647819614,0.0109647819614,0.0109647819614,0.0109647819614,0.0109647819614,1,X86 Z94 Y95 Y102 Z103 X110,0.700777777778,0.0162273911883,0.700777777778,0.0162273911883
0.0109647819614,0.0109647819614,0.0109647819614,0.0109647819614,0.0109647819614,0.0109647819614,0.0109647819614,0.0109647819614,1,X87 Z95 Y96 Y103 Z104 X111,0.504644444444,0.0159217274456,0.504644444444,0.0159217274456
0.0109647819614,0.0109647819614,0.0109647819614,0.0109647819614,0.0109647819614,0.0109647819614,0.0109647819614,0.0109647819614,1,X88 Z96 Y97 Y104 Z105 X112,0.306466666667,0.0181092047042,0.306466666667,0.0181092047042
0.0109647819614,0.0109647819614,0.0109647819614,0.0109647819614,0.0109647819614,0.0109647819614,0.0109647819614,0.0109647819614,1,X9 Z12 Y13 Y16 Z17 X21,0.633777777778,0.0130420285348,0.633777777778,0.0130420285348
0.0109647819614,0.0109647819614,0.0109647819614,0.0109647819614,0.0109647819614,0.0109647819614,0.0109647819614,0.0109647819614,1,X90 X98,0.824288888889,0.00945841202897,0.824288888889,0.00945841202897
0.0109647819614,0.0109647819614,0.0109647819614,0.0109647819614,0.0109647819614,0.0109647819614,0.0109647819614,0.0109647819614,1,X91 X99,0.755644444444,0.0101675365497,0.755644444444,0.0101675365497
0.0109647819614,0.0109647819614,0.0109647819614,0.0109647819614,0.0109647819614,0.0109647819614,0.0109647819614,0.0109647819614,1,X92 X100,0.711644444444,0.0159661839327,0.711644444444,0.0159661839327
0.0109647819614,0.0109647819614,0.0109647819614,0.0109647819614,0.0109647819614,0.0109647819614,0.0109647819614,0.0109647819614,1,X93 X101,0.679044444444,0.0143002112176,0.679044444444,0.0143002112176
0.0109647819614,0.0109647819614,0.0109647819614,0.0109647819614,0.0109647819614,0.0109647819614,0.0109647819614,0.0109647819614,1,X94 X102,0.678733333333,0.0124394010032,0.678733333333,0.0124394010032
0.0109647819614,0.0109647819614,0.0109647819614,0.0109647819614,0.0109647819614,0.0109647819614,0.0109647819614,0.0109647819614,1,X95 X103,0.647466666667,0.0143726005827,0.647466666667,0.0143726005827
0.0109647819614,0.0109647819614,0.0109647819614,0.0109647819614,0.0109647819614,0.0109647819614,0.0109647819614,0.0109647819614,1,X96 X104,0.570066666667,0.0141056223675,0.570066666667,0.0141056223675
0.0109647819614,0.0109647819614,0.0109647819614,0.0109647819614,0.0109647819614,0.0109647819614,0.0109647819614,0.0109647819614,1,X97 X105,0.836177777778,0.00975710109158,0.836177777778,0.00975710109158
0.0109647819614,0.0109647819614,0.0109647819614,0.0109647819614,0.0109647819614,0.0109647819614,0.0109647819614,0.0109647819614,1,X99 Z106 Y107 Y113 Z114 X120,0.596333333333,0.014986839693,0.596333333333,0.014986839693
0.0109647819614,0.0109647819614,0.0109647819614,0.0109647819614,0.0109647819614,0.0109647819614,0.0109647819614,0.0109647819614,1,Y0 Z1 X2,0.839577777778,0.00896563611278,0.839577777778,0.00896563611278
0.0109647819614,0.0109647819614,0.0109647819614,0.0109647819614,0.0109647819614,0.0109647819614,0.0109647819614,0.0109647819614,1,Y20 Z25 X30,0.644444444444,0.0155169745968,0.644444444444,0.0155169745968
0.0109647819614,0.0109647819614,0.0109647819614,0.0109647819614,0.0109647819614,0.0109647819614,0.0109647819614,0.0109647819614,1,Y42 Z49 X56,0.5244,0.0132011842032,0.5244,0.0132011842032
0.0109647819614,0.0109647819614,0.0109647819614,0.0109647819614,0.0109647819614,0.0109647819614,0.0109647819614,0.0109647819614,1,Y6 Z9 X12,0.73,0.0129756624529,0.73,0.0129756624529
0.0109647819614,0.0109647819614,0.0109647819614,0.0109647819614,0.0109647819614,0.0109647819614,0.0109647819614,0.0109647819614,1,Z15 Y19 X24,0.873333333333,0.00877125224243,0.873333333333,0.00877125224243
0.0109647819614,0.0109647819614,0.0109647819614,0.0109647819614,0.0109647819614,0.0109647819614,0.0109647819614,0.0109647819614,1,Z3 Y5 X8,0.875911111111,0.00909335715326,0.875911111111,0.00909335715326
0.0109647819614,0.0109647819614,0.0109647819614,0.0109647819614,0.0109647819614,0.0109647819614,0.0109647819614,0.0109647819614,1,Z35 Y41 X48,0.875511111111,0.00859463136953,0.875511111111,0.00859463136953
0.0109647819614,0.0109647819614,0.0109647819614,0.0109647819614,0.0109647819614,0.0109647819614,0.0109647819614,0.0109647819614,1,Z63 Y71 X80,0.876155555556,0.0082186281883,0.876155555556,0.0082186281883
0.0109647819614,0.0109647819614,0.0109647819614,0.0109647819614,0.0109647819614,0.0109647819614,0.0109647819614,0.0109647819614,5,Logical X,0.344688888889,0.014264586091,0.349755555556,0.0162126513519
0.0109647819614,0.0109647819614,0.0109647819614,0.0109647819614,0.0109647819614,0.0109647819614,0.0109647819614,0.0109647819614,5,Logical Y,0.0154888888889,0.0111440355105,0.00266666666667,0.0189437562374
0.0109647819614,0.0109647819614,0.0109647819614,0.0109647819614,0.0109647819614,0.0109647819614,0.0109647819614,0.0109647819614,5,Logical Z,0.0110222222222,0.00923716188244,-0.00135555555556,0.0177288935185
0.0109647819614,0.0109647819614,0.0109647819614,0.0109647819614,0.0109647819614,0.0109647819614,0.0109647819614,0.0109647819614,5,X0 X1,0.872777777778,0.00746503129327,0.872777777778,0.00746503129327
0.0109647819614,0.0109647819614,0.0109647819614,0.0109647819614,0.0109647819614,0.0109647819614,0.0109647819614,0.0109647819614,5,X1 Z2 Y3 Y4 Z5 X7,0.713711111111,0.0139717101511,0.713711111111,0.0139717101511
0.0109647819614,0.0109647819614,0.0109647819614,0.0109647819614,0.0109647819614,0.0109647819614,0.0109647819614,0.0109647819614,5,X10 Z13 Y14 Y17 Z18 X22,0.641911111111,0.0118117200493,0.641911111111,0.0118117200493
0.0109647819614,0.0109647819614,0.0109647819614,0.0109647819614,0.0109647819614,0.0109647819614,0.0109647819614,0.0109647819614,5,X100 Z107 Y108 Y114 Z115 X121,0.579177777778,0.0151909262424,0.579177777778,0.0151909262424
0.0109647819614,0.0109647819614,0.0109647819614,0.0109647819614,0.0109647819614,0.0109647819614,0.0109647819614,0.0109647819614,5,X101 Z108 Y109 Y115 Z116 X122,0.573888888889,0.0141963066087,0.573888888889,0.0141963066087
0.0109647819614,0.0109647819614,0.0109647819614,0.0109647819614,0.0109647819614,0.0109647819614,0.0109647819614,0.0109647819614,5,X102 Z109 Y110 Y116 Z117 X123,0.573822222222,0.015998978256,0.573822222222,0.015998978256
0.0109647819614,0.0109647819614,0.0109647819614,0.0109647819614,0.0109647819614,0.0109647819614,0.0109647819614,0.0109647819614,5,X103 Z110 Y111 Y117 Z118 X124,0.436511111111,0.0144335532179,0.436511111111,0.0144335532179
0.0109647819614,0.0109647819614,0.0109647819614,0.0109647819614,0.0109647819614,0.0109647819614,0.0109647819614,0.0109647819614,5,X104 Z111 Y112 Y118 Z119 X125,0.279866666667,0.012933546627,0.279866666667,0.012933546627
0.0109647819614,0.0109647819614,0.0109647819614,0.0109647819614,0.0109647819614,0.0109647819614,0.0109647819614,0.0109647819614,5,X105 Z112 Y119,0.642622222222,0.0172197279123,0.642622222222,0.0172197279123
0.0109647819614,0.0109647819614,0.0109647819614,0.0109647819614,0.0109647819614,0.0109647819614,0.0109647819614,0.0109647819614,5,X106 X113,0.62,0.0136850171168,0.62,0.0136850171168
0.0109647819614,0.0109647819614,0.0109647819614,0.0109647819614,0.0109647819614,0.0109647819614,0.0109647819614,0.0109647819614,5,X107 X114,0.646222222222,0.00973414157144,0.646222222222,0.00973414157144
0.0109647819614,0.0109647819614,0.0109647819614,0.0109647819614,0.0109647819614,0.0109647819614,0.0109647819614,0.0109647819614,5,X108 X115,0.691577777778,0.014920975319,0.691577777778,0.014920975319
0.0109647819614,0.0109647819614,0.0109647819614,0.0109647819614,0.0109647819614,0.0109647819614,0.0109647819614,0.0109647819614,5,X109 X116,0.736844444444,0.00759094708518,0.736844444444,0.00759094708518
0.0109647819614,0.0109647819614,0.0109647819614,0.0109647819614,0.0109647819614,0.0109647819614,0.0109647819614,0.0109647819614,5,X11 Z14 Y15 Y18 Z19 X23,0.632577777778,0.0138195633815,0.632577777778,0.0138195633815
0.0109647819614,0.0109647819614,0.0109647819614,0.0109647819614,0.0109647819614,0.0109647819614,0.0109647819614,0.0109647819614,5,X110 X117,0.785844444444,0.00922379620045,0.785844444444,0.00922379620045
0.0109647819614,0.0109647819614,0.0109647819614,0.0109647819614,0.0109647819614,0.0109647819614,0.0109647819614,0.0109647819614,5,X111 X118,0.825888888889,0.007378301694,0.825888888889,0.007378301694
0.0109647819614,0.0109647819614,0.0109647819614,0.0109647819614,0.0109647819614,0.0109647819614,0.0109647819614,0.0109647819614,5,X112 X119,0.448688888889,0.0187236268332,0.448688888889,0.0187236268332
0.0109647819614,0.0109647819614,0.0109647819614,0.0109647819614,0.0109647819614,0.0109647819614,0.0109647819614,0.0109647819614,5,X113 Y120 Z126,0.872777777778,0.00733455231945,0.872777777778,0.00733455231945
0.0109647819614,0.0109647819614,0.0109647819614,0.0109647819614,0.0109647819614,0.0109647819614,0.0109647819614,0.0109647819614,5,X114 Z120 Y121 Y126 Z127 X132,0.530288888889,0.0129386211886,0.530288888889,0.0129386211886
0.0109647819614,0.0109647819614,0.0109647819614,0.0109647819614,0.0109647819614,0.0109647819614,0.0109647819614,0.0109647819614,5,X115 Z121 Y122 Y127 Z128 X133,0.514444444444,0.016165175505,0.514444444444,0.016165175505
0.0109647819614,0.0109647819614,0.0109647819614,0.0109647819614,0.0109647819614,0.0109647819614,0.0109647819614,0.0109647819614,5,X116 Z122 Y123 Y128 Z129 X134,0.509266666667,0.0182728154766,0.509266666667,0.0182728154766
0.0109647819614,0.0109647819614,0.0109647819614,0.0109647819614,0.0109647819614,0.0109647819614,0.0109647819614,0.0109647819614,5,X117 Z123 Y124 Y129 Z130 X135,0.506288888889,0.0167740753571,0.506288888889,0.0167740753571
0.0109647819614,0.0109647819614,0.0109647819614,0.0109647819614,0.0109647819614,0.0109647819614,0.0109647819614,0.0109647819614,5,X118 Z124 Y125 Y130 Z131 X136,0.511422222222,0.0168406853942,0.511422222222,0.0168406853942
0.0109647819614,0.0109647819614,0.0109647819614,0.0109647819614,0.0109647819614,0.0109647819614,0.0109647819614,0.0109647819614,5,X12 X16,0.681244444444,0.0134839008116,0.681244444444,0.0134839008116
0.0109647819614,0.0109647819614,0.0109647819614,0.0109647819614,0.0109647819614,0.0109647819614,0.0109647819614,0.0109647819614,5,X120 X126,0.824444444444,0.00837682139322,0.824444444444,0.00837682139322
0.0109647819614,0.0109647819614,0.0109647819614,0.0109647819614,0.0109647819614,0.0109647819614,0.0109647819614,0.0109647819614,5,X121 X127,0.755622222222,0.0141374569275,0.755622222222,0.0141374569275
0.0109647819614,0.0109647819614,0.0109647819614,0.0109647819614,0.0109647819614,0.0109647819614,0.0109647819614,0.0109647819614,5,X122 X128,0.704022222222,0.0147847735004,0.704022222222,0.0147847735004
0.0109647819614,0.0109647819614,0.0109647819614,0.0109647819614,0.0109647819614,0.0109647819614,0.0109647819614,0.0109647819614,5,X123 X129,0.662111111111,0.01449014286,0.662111111111,0.01449014286
0.0109647819614,0.0109647819614,0.0109647819614,0.0109647819614,0.0109647819614,0.0109647819614,0.0109647819614,0.0109647819614,5,X124 X130,0.612911111111,0.0139605172135,0.612911111111,0.0139605172135
0.0109647819614,0.0109647819614,0.0109647819614,0.0109647819614,0.0109647819614,0.0109647819614,0.0109647819614,0.0109647819614,5,X125 X131,0.600755555556,0.0142002464318,0.600755555556,0.0142002464318
0.0109647819614,0.0109647819614,0.0109647819614,0.0109647819614,0.0109647819614,0.0109647819614,0.0109647819614,0.0109647819614,5,X127 Z132 Y133 Y137 Z138 X142,0.610822222222,0.0113146341118,0.610822222222,0.0113146341118
0.0109647819614,0.0109647819614,0.0109647819614,0.0109647819614,0.0109647819614,0.0109647819614,0.0109647819614,0.0109647819614,5,X128 Z133 Y134 Y138 Z139 X143,0.5842,0.0139018452977,0.5842,0.0139018452977
0.0109647819614,0.0109647819614,0.0109647819614,0.0109647819614,0.0109647819614,0.0109647819614,0.0109647819614,0.0109647819614,5,X129 Z134 Y135 Y139 Z140 X144,0.583422222222,0.0124312464223,0.583422222222,0.0124312464223
0.0109647819614,0.0109647819614,0.0109647819614,0.0109647819614,0.0109647819614,0.0109647819614,0.0109647819614,0.0109647819614,5,X13 X17,0.704488888889,0.0121962664136,0.704488888889,0.0121962664136
0.0109647819614,0.0109647819614,0.0109647819614,0.0109647819614,0.0109647819614,0.0109647819614,0.0109647819614,0.0109647819614,5,X130 Z135 Y136 Y140 Z141 X145,0.594888888889,0.0169202169613,0.594888888889,0.0169202169613
0.0109647819614,0.0109647819614,0.0109647819614,0.0109647819614,0.0109647819614,0.0109647819614,0.0109647819614,0.0109647819614,5,X131 Z136 Y141,0.893688888889,0.0074807202172,0.893688888889,0.0074807202172
0.0109647819614,0.0109647819614,0.0109647819614,0.0109647819614,0.0109647819614,0.0109647819614,0.0109647819614,0.0109647819614,5,X132 X137,0.640555555556,0.0148886887389,0.640555555556,0.0148886887389
0.0109647819614,0.0109647819614,0.0109647819614,0.0109647819614,0.0109647819614,0.0109647819614,0.0109647819614,0.0109647819614,5,X133 X138,0.662266666667,0.0124125755044,0.662266666667,0.0124125755044
0.0109647819614,0.0109647819614,0.0109647819614,0.0109647819614,0.0109647819614,0.0109647819614,0.0109647819614,0.0109647819614,5,X134 X139,0.708533333333,0.0118579071377,0.708533333333,0.0118579071377
0.0109647819614,0.0109647819614,0.0109647819614,0.0109647819614,0.0109647819614,0.0109647819614,0.0109647819614,0.0109647819614,5,X135 X140,0.757911111111,0.0107777738279,0.757911111111,0.0107777738279
0.0109647819614,0.0109647819614,0.0109647819614,0.0109647819614,0.0109647819614,0.0109647819614,0.0109647819614,0.0109647819614,5,X136 X141,0.824933333333,0.00963327566303,0.824933333333,0.00963327566303
0.0109647819614,0.0109647819614,0.0109647819614,0.0109647819614,0.0109647819614,0.0109647819614,0.0109647819614,0.0109647819614,5,X137 Y142 Z146,0.874822222222,0.00962545051275,0.874822222222,0.00962545051275
0.0109647819614,0.0109647819614,0.0109647819614,0.0109647819614,0.0109647819614,0.0109647819614,0.0109647819614,0.0109647819614,5,X138 Z142 Y143 Y146 Z147 X150,0.611933333333,0.0132298860561,0.611933333333,0.0132298860561
0.0109647819614,0.0109647819614,0.0109647819614,0.0109647819614,0.0109647819614,0.0109647819614,0.0109647819614,0.0109647819614,5,X139 Z143 Y144 Y147 Z148 X151,0.586622222222,0.0150329735496,0.586622222222,0.0150329735496
0.0109647819614,0.0109647819614,0.0109647819614,0.0109647819614,0.0109647819614,0.0109647819614,0.0109647819614,0.0109647819614,5,X14 X18,0.752377777778,0.0118479295873,0.752377777778,0.0118479295873
0.0109647819614,0.0109647819614,0.0109647819614,0.0109647819614,0.0109647819614,0.0109647819614,0.0109647819614,0.0109647819614,5,X140 Z144 Y145 Y148 Z149 X152,0.5858,0.0165408121757,0.5858,0.0165408121757
0.0109647819614,0.0109647819614,0.0109647819614,0.0109647819614,0.0109647819614,0.0109647819614,0.0109647819614,0.0109647819614,5,X142 X146,0.826622222222,0.0106176074876,0.826622222222,0.0106176074876
0.0109647819614,0.0109647819614,0.0109647819614,0.0109647819614,0.0109647819614,0.0109647819614,0.0109647819614,0.0109647819614,5,X143 X147,0.754177777778,0.00866389581406,0.754177777778,0.00866389581406
0.0109647819614,0.0109647819614,0.0109647819614,0.0109647819614,0.0109647819614,0.0109647819614,0.0109647819614,0.0109647819614,5,X144 X148,0.706088888889,0.0124324791957,0.706088888889,0.0124324791957
0.0109647819614,0.0109647819614,0.0109647819614,0.0109647819614,0.0109647819614,0.0109647819614,0.0109647819614,0.0109647819614,5,X145 X149,0.682977777778,0.0103660709935,0.682977777778,0.0103660709935
0.0109647819614,0.0109647819614,0.0109647819614,0.0109647819614,0.0109647819614,0.0109647819614,0.0109647819614,0.0109647819614,5,X147 Z150 Y151 Y153 Z154 X156,0.697488888889,0.0139189590192,0.697488888889,0.0139189590192
0.0109647819614,0.0109647819614,0.0109647819614,0.0109647819614,0.0109647819614,0.0109647819614,0.0109647819614,0.0109647819614,5,X148 Z151 Y152 Y154 Z155 X157,0.675044444444,0.0132314305165,0.675044444444,0.0132314305165
0.0109647819614,0.0109647819614,0.0109647819614,0.0109647819614,0.0109647819614,0.0109647819614,0.0109647819614,0.0109647819614,5,X149 Z152 Y155,0.893644444444,0.00791474366643,0.893644444444,0.00791474366643
0.0109647819614,0.0109647819614,0.0109647819614,0.0109647819614,0.0109647819614,0.0109647819614,0.0109647819614,0.0109647819614,5,X15 X19,0.827644444444,0.00970007438978,0.827644444444,0.00970007438978
0.0109647819614,0.0109647819614,0.0109647819614,0.0109647819614,0.0109647819614,0.0109647819614,0.0109647819614,0.0109647819614,5,X150 X153,0.730311111111,0.0110529666389,0.730311111111,0.0110529666389
0.0109647819614,0.0109647819614,0.0109647819614,0.0109647819614,0.0109647819614,0.0109647819614,0.0109647819614,0.0109647819614,5,X151 X154,0.759088888889,0.0124518792788,0.759088888889,0.0124518792788
0.0109647819614,0.0109647819614,0.0109647819614,0.0109647819614,0.0109647819614,0.0109647819614,0.0109647819614,0.0109647819614,5,X152 X155,0.826911111111,0.0116401779204,0.826911111111,0.0116401779204
0.0109647819614,0.0109647819614,0.0109647819614,0.0109647819614,0.0109647819614,0.0109647819614,0.0109647819614,0.0109647819614,5,X153 Y156 Z158,0.877355555556,0.00762428733349,0.877355555556,0.00762428733349
0.0109647819614,0.0109647819614,0.0109647819614,0.0109647819614,0.0109647819614,0.0109647819614,0.0109647819614,0.0109647819614,5,X154 Z156 Y157 Y158 Z159 X160,0.691955555556,0.0105713171294,0.691955555556,0.0105713171294
0.0109647819614,0.0109647819614,0.0109647819614,0.0109647819614,0.0109647819614,0.0109647819614,0.0109647819614,0.0109647819614,5,X156 X158,0.824755555556,0.0095808450876,0.824755555556,0.0095808450876
0.0109647819614,0.0109647819614,0.0109647819614,0.0109647819614,0.0109647819614,0.0109647819614,0.0109647819614,0.0109647819614,5,X157 X159,0.779222222222,0.0143807910763,0.779222222222,0.0143807910763
0.0109647819614,0.0109647819614,0.0109647819614,0.0109647819614,0.0109647819614,0.0109647819614,0.0109647819614,0.0109647819614,5,X159 Z160 Y161,0.892488888889,0.0089098220946,0.892488888889,0.0089098220946
0.0109647819614,0.0109647819614,0.0109647819614,0.0109647819614,0.0109647819614,0.0109647819614,0.0109647819614,0.0109647819614,5,X16 Z20 Y21 Y25 Z26 X31,0.555244444444,0.0170756561574,0.555244444444,0.0170756561574
0.0109647819614,0.0109647819614,0.0109647819614,0.0109647819614,0.0109647819614,0.0109647819614,0.0109647819614,0.0109647819614,5,X160 X161,0.852666666667,0.0101679384921,0.852666666667,0.0101679384921
0.0109647819614,0.0109647819614,0.0109647819614,0.0109647819614,0.0109647819614,0.0109647819614,0.0109647819614,0.0109647819614,5,X17 Z21 Y22 Y26 Z27 X32,0.560311111111,0.018160403504,0.560311111111,0.018160403504
0.0109647819614,0.0109647819614,0.0109647819614,0.0109647819614,0.0109647819614,0.0109647819614,0.0109647819614,0.0109647819614,5,X18 Z22 Y23 Y27 Z28 X33,0.560933333333,0.012120215215,0.560933333333,0.012120215215
0.0109647819614,0.0109647819614,0.0109647819614,0.0109647819614,0.0109647819614,0.0109647819614,0.0109647819614,0.0109647819614,5,X19 Z23 Y24 Y28 Z29 X34,0.560288888889,0.0157632710818,0.560288888889,0.0157632710818
0.0109647819614,0.0109647819614,0.0109647819614,0.0109647819614,0.0109647819614,0.0109647819614,0.0109647819614,0.0109647819614,5,X2 X4,0.784444444444,0.0112039037167,0.784444444444,0.0112039037167
0.0109647819614,0.0109647819614,0.0109647819614,0.0109647819614,0.0109647819614,0.0109647819614,0.0109647819614,0.0109647819614,5,X20 X25,0.844511111111,0.00904426463903,0.844511111111,0.00904426463903
0.0109647819614,0.0109647819614,0.0109647819614,0.0109647819614,0.0109647819614,0.0109647819614,0.0109647819614,0.0109647819614,5,X21 X26,0.7724,0.00968879749684,0.7724,0.00968879749684
0.0109647819614,0.0109647819614,0.0109647819614,0.0109647819614,0.0109647819614,0.0109647819614,0.0109647819614,0.0109647819614,5,X22 X27,0.727511111111,0.0118054904213,0.727511111111,0.0118054904213
0.0109647819614,0.0109647819614,0.0109647819614,0.0109647819614,0.0109647819614,0.0109647819614,0.0109647819614,0.0109647819614,5,X23 X28,0.676511111111,0.0170944487714,0.676511111111,0.0170944487714
0.0109647819614,0.0109647819614,0.0109647819614,0.0109647819614,0.0109647819614,0.0109647819614,0.0109647819614,0.0109647819614,5,X24 X29,0.6678,0.0158915385085,0.6678,0.0158915385085
0.0109647819614,0.0109647819614,0.0109647819614,0.0109647819614,0.0109647819614,0.0109647819614,0.0109647819614,0.0109647819614,5,X25 Z30 Y31 Y36 Z37 X43,0.557933333333,0.0152921485877,0.557933333333,0.0152921485877
0.0109647819614,0.0109647819614,0.0109647819614,0.0109647819614,0.0109647819614,0.0109647819614,0.0109647819614,0.0109647819614,5,X26 Z31 Y32 Y37 Z38 X44,0.558977777778,0.0138483669406,0.558977777778,0.0138483669406
0.0109647819614,0.0109647819614,0.0109647819614,0.0109647819614,0.0109647819614,0.0109647819614,0.0109647819614,0.0109647819614,5,X27 Z32 Y33 Y38 Z39 X45,0.561022222222,0.0142002464318,0.561022222222,0.0142002464318
0.0109647819614,0.0109647819614,0.0109647819614,0.0109647819614,0.0109647819614,0.0109647819614,0.0109647819614,0.0109647819614,5,X28 Z33 Y34 Y39 Z40 X46,0.562955555556,0.0192731392169,0.562955555556,0.0192731392169
0.0109647819614,0.0109647819614,0.0109647819614,0.0109647819614,0.0109647819614,0.0109647819614,0.0109647819614,0.0109647819614,5,X29 Z34 Y35 Y40 Z41 X47,0.546711111111,0.0142586220023,0.546711111111,0.0142586220023
0.0109647819614,0.0109647819614,0.0109647819614,0.0109647819614,0.0109647819614,0.0109647819614,0.0109647819614,0.0109647819614,5,X3 X5,0.828022222222,0.0105894957471,0.828022222222,0.0105894957471
0.0109647819614,0.0109647819614,0.0109647819614,0.0109647819614,0.0109647819614,0.0109647819614,0.0109647819614,0.0109647819614,5,X30 X36,0.5978,0.0124822018885,0.5978,0.0124822018885
0.0109647819614,0.0109647819614,0.0109647819614,0.0109647819614,0.0109647819614,0.0109647819614,0.0109647819614,0.0109647819614,5,X31 X37,0.616711111111,0.013602944614,0.616711111111,0.013602944614
0.0109647819614,0.0109647819614,0.0109647819614,0.0109647819614,0.0109647819614,0.0109647819614,0.0109647819614,0.0109647819614,5,X32 X38,0.6646,0.014578996071,0.6646,0.014578996071
0.0109647819614,0.0109647819614,0.0109647819614,0.0109647819614,0.0109647819614,0.0109647819614,0.0109647819614,0.0109647819614,5,X33 X39,0.705222222222,0.00961493623083,0.705222222222,0.00961493623083
0.0109647819614,0.0109647819614,0.0109647819614,0.0109647819614,0.0109647819614,0.0109647819614,0.0109647819614,0.0109647819614,5,X34 X40,0.748311111111,0.0120633491767,0.748311111111,0.0120633491767
0.0109647819614,0.0109647819614,0.0109647819614,0.0109647819614,0.0109647819614,0.0109647819614,0.0109647819614,0.0109647819614,5,X35 X41,0.8224,0.00878975370047,0.8224,0.00878975370047
0.0109647819614,0.0109647819614,0.0109647819614,0.0109647819614,0.0109647819614,0.0109647819614,0.0109647819614,0.0109647819614,5,X36 Z42 Y43 Y49 Z50 X57,0.441911111111,0.0206727713144,0.441911111111,0.0206727713144
0.0109647819614,0.0109647819614,0.0109647819614,0.0109647819614,0.0109647819614,0.0109647819614,0.0109647819614,0.0109647819614,5,X37 Z43 Y44 Y50 Z51 X58,0.4342,0.0166838072779,0.4342,0.0166838072779
0.0109647819614,0.0109647819614,0.0109647819614,0.0109647819614,0.0109647819614,0.0109647819614,0.0109647819614,0.0109647819614,5,X38 Z44 Y45 Y51 Z52 X59,0.432688888889,0.0147266103487,0.432688888889,0.0147266103487
0.0109647819614,0.0109647819614,0.0109647819614,0.0109647819614,0.0109647819614,0.0109647819614,0.0109647819614,0.0109647819614,5,X39 Z45 Y46 Y52 Z53 X60,0.492377777778,0.0125770371957,0.492377777778,0.0125770371957
0.0109647819614,0.0109647819614,0.0109647819614,0.0109647819614,0.0109647819614,0.0109647819614,0.0109647819614,0.0109647819614,5,X4 Z6 Y7 Y9 Z10 X13,0.631333333333,0.0156856085051,0.631333333333,0.0156856085051
0.0109647819614,0.0109647819614,0.0109647819614,0.0109647819614,0.0109647819614,0.0109647819614,0.0109647819614,0.0109647819614,5,X40 Z46 Y47 Y53 Z54 X61,0.489644444444,0.0190282978087,0.489644444444,0.0190282978087
0.0109647819614,0.0109647819614,0.0109647819614,0.0109647819614,0.0109647819614,0.0109647819614,0.0109647819614,0.0109647819614,5,X41 Z47 Y48 Y54 Z55 X62,0.490311111111,0.0190998452048,0.490311111111,0.0190998452048
0.0109647819614,0.0109647819614,0.0109647819614,0.0109647819614,0.0109647819614,0.0109647819614,0.0109647819614,0.0109647819614,5,X42 X49,0.843155555556,0.00932993917485,0.843155555556,0.00932993917485
0.0109647819614,0.0109647819614,0.0109647819614,0.0109647819614,0.0109647819614,0.0109647819614,0.0109647819614,0.0109647819614,5,X43 X50,0.774088888889,0.012056995341,0.774088888889,0.012056995341
0.0109647819614,0.0109647819614,0.0109647819614,0.0109647819614,0.0109647819614,0.0109647819614,0.0109647819614,0.0109647819614,5,X44 X51,0.721533333333,0.0142846272164,0.721533333333,0.0142846272164
0.0109647819614,0.0109647819614,0.0109647819614,0.0109647819614,0.0109647819614,0.0109647819614,0.0109647819614,0.0109647819614,5,X45 X52,0.678555555556,0.0141898278102,0.678555555556,0.0141898278102
0.0109647819614,0.0109647819614,0.0109647819614,0.0109647819614,0.0109647819614,0.0109647819614,0.0109647819614,0.0109647819614,5,X46 X53,0.633466666667,0.0108000283808,0.633466666667,0.0108000283808
0.0109647819614,0.0109647819614,0.0109647819614,0.0109647819614,0.0109647819614,0.0109647819614,0.0109647819614,0.0109647819614,5,X47 X54,0.591955555556,0.0151132971148,0.591955555556,0.0151132971148
0.0109647819614,0.0109647819614,0.0109647819614,0.0109647819614,0.0109647819614,0.0109647819614,0.0109647819614,0.0109647819614,5,X48 X55,0.584311111111,0.0142648546849,0.584311111111,0.0142648546849
0.0109647819614,0.0109647819614,0.0109647819614,0.0109647819614,0.0109647819614,0.0109647819614,0.0109647819614,0.0109647819614,5,X49 Z56 Y57 Y64 Z65 X73,0.389577777778,0.0180798427869,0.389577777778,0.0180798427869
0.0109647819614,0.0109647819614,0.0109647819614,0.0109647819614,0.0109647819614,0.0109647819614,0.0109647819614,0.0109647819614,5,X5 Z7 Y8 Y10 Z11 X14,0.640244444444,0.0146431193768,0.640244444444,0.0146431193768
0.0109647819614,0.0109647819614,0.0109647819614,0.0109647819614,0.0109647819614,0.0109647819614,0.0109647819614,0.0109647819614,5,X50 Z57 Y58 Y65 Z66 X74,0.415622222222,0.0185411902087,0.415622222222,0.0185411902087
0.0109647819614,0.0109647819614,0.0109647819614,0.0109647819614,0.0109647819614,0.0109647819614,0.0109647819614,0.0109647819614,5,X51 Z58 Y59 Y66 Z67 X75,0.429533333333,0.0173582049675,0.429533333333,0.0173582049675
0.0109647819614,0.0109647819614,0.0109647819614,0.0109647819614,0.0109647819614,0.0109647819614,0.0109647819614,0.0109647819614,5,X52 Z59 Y60 Y67 Z68 X76,0.444,0.0184901340577,0.444,0.0184901340577
0.0109647819614,0.0109647819614,0.0109647819614,0.0109647819614,0.0109647819614,0.0109647819614,0.0109647819614,0.0109647819614,5,X53 Z60 Y61 Y68 Z69 X77,0.490111111111,0.0164757649334,0.490111111111,0.0164757649334
0.0109647819614,0.0109647819614,0.0109647819614,0.0109647819614,0.0109647819614,0.0109647819614,0.0109647819614,0.0109647819614,5,X54 Z61 Y62 Y69 Z70 X78,0.490466666667,0.0128905204411,0.490466666667,0.0128905204411
0.0109647819614,0.0109647819614,0.0109647819614,0.0109647819614,0.0109647819614,0.0109647819614,0.0109647819614,0.0109647819614,5,X55 Z62 Y63 Y70 Z71 X79,0.479244444444,0.0145888566442,0.479244444444,0.0145888566442
0.0109647819614,0.0109647819614,0.0109647819614,0.0109647819614,0.0109647819614,0.0109647819614,0.0109647819614,0.0109647819614,5,X56 X64,0.502288888889,0.017115951945,0.502288888889,0.017115951945
0.0109647819614,0.0109647819614,0.0109647819614,0.0109647819614,0.0109647819614,0.0109647819614,0.0109647819614,0.0109647819614,5,X57 X65,0.509111111111,0.0145800297298,0.509111111111,0.0145800297298
0.0109647819614,0.0109647819614,0.0109647819614,0.0109647819614,0.0109647819614,0.0109647819614,0.0109647819614,0.0109647819614,5,X58 X66,0.530688888889,0.0144035790926,0.530688888889,0.0144035790926
0.0109647819614,0.0109647819614,0.0109647819614,0.0109647819614,0.0109647819614,0.0109647819614,0.0109647819614,0.0109647819614,5,X59 X67,0.541977777778,0.0138646808186,0.541977777778,0.0138646808186
0.0109647819614,0.0109647819614,0.0109647819614,0.0109647819614,0.0109647819614,0.0109647819614,0.0109647819614,0.0109647819614,5,X6 X9,0.846577777778,0.00863696649836,0.846577777778,0.00863696649836
0.0109647819614,0.0109647819614,0.0109647819614,0.0109647819614,0.0109647819614,0.0109647819614,0.0109647819614,0.0109647819614,5,X60 X68,0.661511111111,0.0141160307592,0.661511111111,0.0141160307592
0.0109647819614,0.0109647819614,0.0109647819614,0.0109647819614,0.0109647819614,0.0109647819614,0.0109647819614,0.0109647819614,5,X61 X69,0.708311111111,0.0108061758039,0.708311111111,0.0108061758039
0.0109647819614,0.0109647819614,0.0109647819614,0.0109647819614,0.0109647819614,0.0109647819614,0.0109647819614,0.0109647819614,5,X62 X70,0.755355555556,0.0140502473583,0.755355555556,0.0140502473583
0.0109647819614,0.0109647819614,0.0109647819614,0.0109647819614,0.0109647819614,0.0109647819614,0.0109647819614,0.0109647819614,5,X63 X71,0.8248,0.0104992610577,0.8248,0.0104992610577
0.0109647819614,0.0109647819614,0.0109647819614,0.0109647819614,0.0109647819614,0.0109647819614,0.0109647819614,0.0109647819614,5,X64 Z72 Y73 Y81 Z82 X90,0.628688888889,0.0139977921996,0.628688888889,0.0139977921996
0.0109647819614,0.0109647819614,0.0109647819614,0.0109647819614,0.0109647819614,0.0109647819614,0.0109647819614,0.0109647819614,5,X65 Z73 Y74 Y82 Z83 X91,0.606955555556,0.0168760941654,0.606955555556,0.0168760941654
0.0109647819614,0.0109647819614,0.0109647819614,0.0109647819614,0.0109647819614,0.0109647819614,0.0109647819614,0.0109647819614,5,X66 Z74 Y75 Y83 Z84 X92,0.606377777778,0.0174993668924,0.606377777778,0.0174993668924
0.0109647819614,0.0109647819614,0.0109647819614,0.0109647819614,0.0109647819614,0.0109647819614,0.0109647819614,0.0109647819614,5,X67 Z75 Y76 Y84 Z85 X93,0.525511111111,0.0154760309873,0.525511111111,0.0154760309873
0.0109647819614,0.0109647819614,0.0109647819614,0.0109647819614,0.0109647819614,0.0109647819614,0.0109647819614,0.0109647819614,5,X68 Z76 Y77 Y85 Z86 X94,0.523466666667,0.013513041806,0.523466666667,0.013513041806
0.0109647819614,0.0109647819614,0.0109647819614,0.0109647819614,0.0109647819614,0.0109647819614,0.0109647819614,0.0109647819614,5,X69 Z77 Y78 Y86 Z87 X95,0.702777777778,0.0134170741948,0.702777777778,0.0134170741948
0.0109647819614,0.0109647819614,0.0109647819614,0.0109647819614,0.0109647819614,0.0109647819614,0.0109647819614,0.0109647819614,5,X7 X10,0.772622222222,0.0108588058915,0.772622222222,0.0108588058915
0.0109647819614,0.0109647819614,0.0109647819614,0.0109647819614,0.0109647819614,0.0109647819614,0.0109647819614,0.0109647819614,5,X70 Z78 Y79 Y87 Z88 X96,0.615866666667,0.0127437461186,0.615866666667,0.0127437461186
0.0109647819614,0.0109647819614,0.0109647819614,0.0109647819614,0.0109647819614,0.0109647819614,0.0109647819614,0.0109647819614,5,X71 Z79 Y80 Y88 Z89 X97,0.580977777778,0.0130401482413,0.580977777778,0.0130401482413
0.0109647819614,0.0109647819614,0.0109647819614,0.0109647819614,0.0109647819614,0.0109647819614,0.0109647819614,0.0109647819614,5,X72 X81,0.671111111111,0.0163855214412,0.671111111111,0.0163855214412
0.0109647819614,0.0109647819614,0.0109647819614,0.0109647819614,0.0109647819614,0.0109647819614,0.0109647819614,0.0109647819614,5,X73 X82,0.676177777778,0.0158614048392,0.676177777778,0.0158614048392
0.0109647819614,0.0109647819614,0.0109647819614,0.0109647819614,0.0109647819614,0.0109647819614,0.0109647819614,0.0109647819614,5,X74 X83,0.729644444444,0.0139882088642,0.729644444444,0.0139882088642
0.0109647819614,0.0109647819614,0.0109647819614,0.0109647819614,0.0109647819614,0.0109647819614,0.0109647819614,0.0109647819614,5,X75 X84,0.776244444444,0.0102736255463,0.776244444444,0.0102736255463
0.0109647819614,0.0109647819614,0.0109647819614,0.0109647819614,0.0109647819614,0.0109647819614,0.0109647819614,0.0109647819614,5,X76 X85,0.663688888889,0.0173100934685,0.663688888889,0.0173100934685
0.0109647819614,0.0109647819614,0.0109647819614,0.0109647819614,0.0109647819614,0.0109647819614,0.0109647819614,0.0109647819614,5,X77 X86,0.792288888889,0.011011221491,0.792288888889,0.011011221491
0.0109647819614,0.0109647819614,0.0109647819614,0.0109647819614,0.0109647819614,0.0109647819614,0.0109647819614,0.0109647819614,5,X78 X87,0.722888888889,0.0124184183238,0.722888888889,0.0124184183238
0.0109647819614,0.0109647819614,0.0109647819614,0.0109647819614,0.0109647819614,0.0109647819614,0.0109647819614,0.0109647819614,5,X79 X88,0.6364,0.0139331738428,0.6364,0.0139331738428
0.0109647819614,0.0109647819614,0.0109647819614,0.0109647819614,0.0109647819614,0.0109647819614,0.0109647819614,0.0109647819614,5,X8 X11,0.761266666667,0.0115594084352,0.761266666667,0.0115594084352
0.0109647819614,0.0109647819614,0.0109647819614,0.0109647819614,0.0109647819614,0.0109647819614,0.0109647819614,0.0109647819614,5,X80 X89,0.624711111111,0.0175520535816,0.624711111111,0.0175520535816
0.0109647819614,0.0109647819614,0.0109647819614,0.0109647819614,0.0109647819614,0.0109647819614,0.0109647819614,0.0109647819614,5,X81 Y90 Z98,0.8636,0.00808498916563,0.8636,0.00808498916563
0.0109647819614,0.0109647819614,0.0109647819614,0.0109647819614,0.0109647819614,0.0109647819614,0.0109647819614,0.0109647819614,5,X82 Z90 Y91 Y98 Z99 X106,0.512133333333,0.0165558615519,0.512133333333,0.0165558615519
0.0109647819614,0.0109647819614,0.0109647819614,0.0109647819614,0.0109647819614,0.0109647819614,0.0109647819614,0.0109647819614,5,X83 Z91 Y92 Y99 Z100 X107,0.492888888889,0.0163705495156,0.492888888889,0.0163705495156
0.0109647819614,0.0109647819614,0.0109647819614,0.0109647819614,0.0109647819614,0.0109647819614,0.0109647819614,0.0109647819614,5,X84 Z92 Y93 Y100 Z101 X108,0.504977777778,0.0178960243735,0.504977777778,0.0178960243735
0.0109647819614,0.0109647819614,0.0109647819614,0.0109647819614,0.0109647819614,0.0109647819614,0.0109647819614,0.0109647819614,5,X85 Z93 Y94 Y101 Z102 X109,0.492111111111,0.0137977546436,0.492111111111,0.0137977546436
0.0109647819614,0.0109647819614,0.0109647819614,0.0109647819614,0.0109647819614,0.0109647819614,0.0109647819614,0.0109647819614,5,X86 Z94 Y95 Y102 Z103 X110,0.705377777778,0.0139993796615,0.705377777778,0.0139993796615
0.0109647819614,0.0109647819614,0.0109647819614,0.0109647819614,0.0109647819614,0.0109647819614,0.0109647819614,0.0109647819614,5,X87 Z95 Y96 Y103 Z104 X111,0.501555555556,0.0128084422989,0.501555555556,0.0128084422989
0.0109647819614,0.0109647819614,0.0109647819614,0.0109647819614,0.0109647819614,0.0109647819614,0.0109647819614,0.0109647819614,5,X88 Z96 Y97 Y104 Z105 X112,0.311977777778,0.0184440612987,0.311977777778,0.0184440612987
0.0109647819614,0.0109647819614,0.0109647819614,0.0109647819614,0.0109647819614,0.0109647819614,0.0109647819614,0.0109647819614,5,X9 Z12 Y13 Y16 Z17 X21,0.635777777778,0.0131123448994,0.635777777778,0.0131123448994
0.0109647819614,0.0109647819614,0.0109647819614,0.0109647819614,0.0109647819614,0.0109647819614,0.0109647819614,0.0109647819614,5,X90 X98,0.828155555556,0.0120123605986,0.828155555556,0.0120123605986
0.0109647819614,0.0109647819614,0.0109647819614,0.0109647819614,0.0109647819614,0.0109647819614,0.0109647819614,0.0109647819614,5,X91 X99,0.758355555556,0.0127681756358,0.758355555556,0.0127681756358
0.0109647819614,0.0109647819614,0.0109647819614,0.0109647819614,0.0109647819614,0.0109647819614,0.0109647819614,0.0109647819614,5,X92 X100,0.703911111111,0.0128137059442,0.703911111111,0.0128137059442
0.0109647819614,0.0109647819614,0.0109647819614,0.0109647819614,0.0109647819614,0.0109647819614,0.0109647819614,0.0109647819614,5,X93 X101,0.674555555556,0.0112349800401,0.674555555556,0.0112349800401
0.0109647819614,0.0109647819614,0.0109647819614,0.0109647819614,0.0109647819614,0.0109647819614,0.0109647819614,0.0109647819614,5,X94 X102,0.677622222222,0.0130000687689,0.677622222222,0.0130000687689
0.0109647819614,0.0109647819614,0.0109647819614,0.0109647819614,0.0109647819614,0.0109647819614,0.0109647819614,0.0109647819614,5,X95 X103,0.648288888889,0.0155508640982,0.648288888889,0.0155508640982
0.0109647819614,0.0109647819614,0.0109647819614,0.0109647819614,0.0109647819614,0.0109647819614,0.0109647819614,0.0109647819614,5,X96 X104,0.563822222222,0.0132825854167,0.563822222222,0.0132825854167
0.0109647819614,0.0109647819614,0.0109647819614,0.0109647819614,0.0109647819614,0.0109647819614,0.0109647819614,0.0109647819614,5,X97 X105,0.834422222222,0.0101490551561,0.834422222222,0.0101490551561
0.0109647819614,0.0109647819614,0.0109647819614,0.0109647819614,0.0109647819614,0.0109647819614,0.0109647819614,0.0109647819614,5,X99 Z106 Y107 Y113 Z114 X120,0.594177777778,0.016868146165,0.594177777778,0.016868146165
0.0109647819614,0.0109647819614,0.0109647819614,0.0109647819614,0.0109647819614,0.0109647819614,0.0109647819614,0.0109647819614,5,Y0 Z1 X2,0.835355555556,0.00984241090194,0.835355555556,0.00984241090194
0.0109647819614,0.0109647819614,0.0109647819614,0.0109647819614,0.0109647819614,0.0109647819614,0.0109647819614,0.0109647819614,5,Y20 Z25 X30,0.642666666667,0.014170283514,0.642666666667,0.014170283514
0.0109647819614,0.0109647819614,0.0109647819614,0.0109647819614,0.0109647819614,0.0109647819614,0.0109647819614,0.0109647819614,5,Y42 Z49 X56,0.527311111111,0.0138126304944,0.527311111111,0.0138126304944
0.0109647819614,0.0109647819614,0.0109647819614,0.0109647819614,0.0109647819614,0.0109647819614,0.0109647819614,0.0109647819614,5,Y6 Z9 X12,0.733511111111,0.0127094659064,0.733511111111,0.0127094659064
0.0109647819614,0.0109647819614,0.0109647819614,0.0109647819614,0.0109647819614,0.0109647819614,0.0109647819614,0.0109647819614,5,Z15 Y19 X24,0.876333333333,0.00770679155131,0.876333333333,0.00770679155131
0.0109647819614,0.0109647819614,0.0109647819614,0.0109647819614,0.0109647819614,0.0109647819614,0.0109647819614,0.0109647819614,5,Z3 Y5 X8,0.875066666667,0.00896070604772,0.875066666667,0.00896070604772
0.0109647819614,0.0109647819614,0.0109647819614,0.0109647819614,0.0109647819614,0.0109647819614,0.0109647819614,0.0109647819614,5,Z35 Y41 X48,0.875555555556,0.00869638288895,0.875555555556,0.00869638288895
0.0109647819614,0.0109647819614,0.0109647819614,0.0109647819614,0.0109647819614,0.0109647819614,0.0109647819614,0.0109647819614,5,Z63 Y71 X80,0.876911111111,0.00965533752824,0.876911111111,0.00965533752824
0.0109647819614,0.0109647819614,0.0109647819614,0.0109647819614,0.0109647819614,0.0109647819614,0.0109647819614,0.0109647819614,10,Logical X,0.347577777778,0.0164565917649,0.346488888889,0.0145322295619
0.0109647819614,0.0109647819614,0.0109647819614,0.0109647819614,0.0109647819614,0.0109647819614,0.0109647819614,0.0109647819614,10,Logical Y,0.0137555555556,0.01075321687,0.0109777777778,0.0204236609335
0.0109647819614,0.0109647819614,0.0109647819614,0.0109647819614,0.0109647819614,0.0109647819614,0.0109647819614,0.0109647819614,10,Logical Z,0.0126222222222,0.010913710079,0.0004,0.0198967449541
0.0109647819614,0.0109647819614,0.0109647819614,0.0109647819614,0.0109647819614,0.0109647819614,0.0109647819614,0.0109647819614,10,X0 X1,0.8712,0.00948061139047,0.8712,0.00948061139047
0.0109647819614,0.0109647819614,0.0109647819614,0.0109647819614,0.0109647819614,0.0109647819614,0.0109647819614,0.0109647819614,10,X1 Z2 Y3 Y4 Z5 X7,0.718911111111,0.0110331903777,0.718911111111,0.0110331903777
0.0109647819614,0.0109647819614,0.0109647819614,0.0109647819614,0.0109647819614,0.0109647819614,0.0109647819614,0.0109647819614,10,X10 Z13 Y14 Y17 Z18 X22,0.640133333333,0.0148343600316,0.640133333333,0.0148343600316
0.0109647819614,0.0109647819614,0.0109647819614,0.0109647819614,0.0109647819614,0.0109647819614,0.0109647819614,0.0109647819614,10,X100 Z107 Y108 Y114 Z115 X121,0.574444444444,0.0179853779122,0.574444444444,0.0179853779122
0.0109647819614,0.0109647819614,0.0109647819614,0.0109647819614,0.0109647819614,0.0109647819614,0.0109647819614,0.0109647819614,10,X101 Z108 Y109 Y115 Z116 X122,0.575244444444,0.0126693685362,0.575244444444,0.0126693685362
0.0109647819614,0.0109647819614,0.0109647819614,0.0109647819614,0.0109647819614,0.0109647819614,0.0109647819614,0.0109647819614,10,X102 Z109 Y110 Y116 Z117 X123,0.574777777778,0.0142254246873,0.574777777778,0.0142254246873
0.0109647819614,0.0109647819614,0.0109647819614,0.0109647819614,0.0109647819614,0.0109647819614,0.0109647819614,0.0109647819614,10,X103 Z110 Y111 Y117 Z118 X124,0.443355555556,0.0186481709134,0.443355555556,0.0186481709134
0.0109647819614,0.0109647819614,0.0109647819614,0.0109647819614,0.0109647819614,0.0109647819614,0.0109647819614,0.0109647819614,10,X104 Z111 Y112 Y118 Z119 X125,0.279666666667,0.0199061014155,0.279666666667,0.0199061014155
0.0109647819614,0.0109647819614,0.0109647819614,0.0109647819614,0.0109647819614,0.0109647819614,0.0109647819614,0.0109647819614,10,X105 Z112 Y119,0.638533333333,0.0128658269037,0.638533333333,0.0128658269037
0.0109647819614,0.0109647819614,0.0109647819614,0.0109647819614,0.0109647819614,0.0109647819614,0.0109647819614,0.0109647819614,10,X106 X113,0.626955555556,0.013261511542,0.626955555556,0.013261511542
0.0109647819614,0.0109647819614,0.0109647819614,0.0109647819614,0.0109647819614,0.0109647819614,0.0109647819614,0.0109647819614,10,X107 X114,0.651822222222,0.0112851352857,0.651822222222,0.0112851352857
0.0109647819614,0.0109647819614,0.0109647819614,0.0109647819614,0.0109647819614,0.0109647819614,0.0109647819614,0.0109647819614,10,X108 X115,0.6882,0.0134034363982,0.6882,0.0134034363982
0.0109647819614,0.0109647819614,0.0109647819614,0.0109647819614,0.0109647819614,0.0109647819614,0.0109647819614,0.0109647819614,10,X109 X116,0.738311111111,0.0116286518042,0.738311111111,0.0116286518042
0.0109647819614,0.0109647819614,0.0109647819614,0.0109647819614,0.0109647819614,0.0109647819614,0.0109647819614,0.0109647819614,10,X11 Z14 Y15 Y18 Z19 X23,0.629022222222,0.0137171574564,0.629022222222,0.0137171574564
0.0109647819614,0.0109647819614,0.0109647819614,0.0109647819614,0.0109647819614,0.0109647819614,0.0109647819614,0.0109647819614,10,X110 X117,0.787711111111,0.0099665084112,0.787711111111,0.0099665084112
0.0109647819614,0.0109647819614,0.0109647819614,0.0109647819614,0.0109647819614,0.0109647819614,0.0109647819614,0.0109647819614,10,X111 X118,0.825266666667,0.00920827547181,0.825266666667,0.00920827547181
0.0109647819614,0.0109647819614,0.0109647819614,0.0109647819614,0.0109647819614,0.0109647819614,0.0109647819614,0.0109647819614,10,X112 X119,0.451422222222,0.0134634266426,0.451422222222,0.0134634266426
0.0109647819614,0.0109647819614,0.0109647819614,0.0109647819614,0.0109647819614,0.0109647819614,0.0109647819614,0.0109647819614,10,X113 Y120 Z126,0.873711111111,0.00842125268634,0.873711111111,0.00842125268634
0.0109647819614,0.0109647819614,0.0109647819614,0.0109647819614,0.0109647819614,0.0109647819614,0.0109647819614,0.0109647819614,10,X114 Z120 Y121 Y126 Z127 X132,0.531666666667,0.0152493954406,0.531666666667,0.0152493954406
0.0109647819614,0.0109647819614,0.0109647819614,0.0109647819614,0.0109647819614,0.0109647819614,0.0109647819614,0.0109647819614,10,X115 Z121 Y122 Y127 Z128 X133,0.506733333333,0.0133038179062,0.506733333333,0.0133038179062
0.0109647819614,0.0109647819614,0.0109647819614,0.0109647819614,0.0109647819614,0.0109647819614,0.0109647819614,0.0109647819614,10,X116 Z122 Y123 Y128 Z129 X134,0.507844444444,0.0128303798164,0.507844444444,0.0128303798164
0.0109647819614,0.0109647819614,0.0109647819614,0.0109647819614,0.0109647819614,0.0109647819614,0.0109647819614,0.0109647819614,10,X117 Z123 Y124 Y129 Z130 X135,0.514,0.0173457073427,0.514,0.0173457073427
0.0109647819614,0.0109647819614,0.0109647819614,0.0109647819614,0.0109647819614,0.0109647819614,0.0109647819614,0.0109647819614,10,X118 Z124 Y125 Y130 Z131 X136,0.511622222222,0.0178058351393,0.511622222222,0.0178058351393
0.0109647819614,0.0109647819614,0.0109647819614,0.0109647819614,0.0109647819614,0.0109647819614,0.0109647819614,0.0109647819614,10,X12 X16,0.680577777778,0.0138472602193,0.680577777778,0.0138472602193
0.0109647819614,0.0109647819614,0.0109647819614,0.0109647819614,0.0109647819614,0.0109647819614,0.0109647819614,0.0109647819614,10,X120 X126,0.827577777778,0.010432021633,0.827577777778,0.010432021633
0.0109647819614,0.0109647819614,0.0109647819614,0.0109647819614,0.0109647819614,0.0109647819614,0.0109647819614,0.0109647819614,10,X121 X127,0.757711111111,0.0122923311399,0.757711111111,0.0122923311399
0.0109647819614,0.0109647819614,0.0109647819614,0.0109647819614,0.0109647819614,0.0109647819614,0.0109647819614,0.0109647819614,10,X122 X128,0.707977777778,0.0141967384235,0.707977777778,0.0141967384235
0.0109647819614,0.0109647819614,0.0109647819614,0.0109647819614,0.0109647819614,0.0109647819614,0.0109647819614,0.0109647819614,10,X123 X129,0.658666666667,0.0130862157305,0.658666666667,0.0130862157305
0.0109647819614,0.0109647819614,0.0109647819614,0.0109647819614,0.0109647819614,0.0109647819614,0.0109647819614,0.0109647819614,10,X124 X130,0.620133333333,0.0159052751557,0.620133333333,0.0159052751557
0.0109647819614,0.0109647819614,0.0109647819614,0.0109647819614,0.0109647819614,0.0109647819614,0.0109647819614,0.0109647819614,10,X125 X131,0.600044444444,0.0169026360667,0.600044444444,0.0169026360667
0.0109647819614,0.0109647819614,0.0109647819614,0.0109647819614,0.0109647819614,0.0109647819614,0.0109647819614,0.0109647819614,10,X127 Z132 Y133 Y137 Z138 X142,0.609266666667,0.0139064746904,0.609266666667,0.0139064746904
0.0109647819614,0.0109647819614,0.0109647819614,0.0109647819614,0.0109647819614,0.0109647819614,0.0109647819614,0.0109647819614,10,X128 Z133 Y134 Y138 Z139 X143,0.585333333333,0.0130263511297,0.585333333333,0.0130263511297
0.0109647819614,0.0109647819614,0.0109647819614,0.0109647819614,0.0109647819614,0.0109647819614,0.0109647819614,0.0109647819614,10,X129 Z134 Y135 Y139 Z140 X144,0.581644444444,0.0135835525216,0.581644444444,0.0135835525216
0.0109647819614,0.0109647819614,0.0109647819614,0.0109647819614,0.0109647819614,0.0109647819614,0.0109647819614,0.0109647819614,10,X13 X17,0.703288888889,0.0117742928409,0.703288888889,0.0117742928409
0.0109647819614,0.0109647819614,0.0109647819614,0.0109647819614,0.0109647819614,0.0109647819614,0.0109647819614,0.0109647819614,10,X130 Z135 Y136 Y140 Z141 X145,0.598688888889,0.0138536226595,0.598688888889,0.0138536226595
0.0109647819614,0.0109647819614,0.0109647819614,0.0109647819614,0.0109647819614,0.0109647819614,0.0109647819614,0.0109647819614,10,X131 Z136 Y141,0.895666666667,0.00851188036098,0.895666666667,0.00851188036098
0.0109647819614,0.0109647819614,0.0109647819614,0.0109647819614,0.0109647819614,0.0109647819614,0.0109647819614,0.0109647819614,10,X132 X137,0.637555555556,0.013222914435,0.637555555556,0.013222914435
0.0109647819614,0.0109647819614,0.0109647819614,0.0109647819614,0.0109647819614,0.0109647819614,0.0109647819614,0.0109647819614,10,X133 X138,0.660355555556,0.0130189762277,0.660355555556,0.0130189762277
0.0109647819614,0.0109647819614,0.0109647819614,0.0109647819614,0.0109647819614,0.0109647819614,0.0109647819614,0.0109647819614,10,X134 X139,0.703955555556,0.0152224207834,0.703955555556,0.0152224207834
0.0109647819614,0.0109647819614,0.0109647819614,0.0109647819614,0.0109647819614,0.0109647819614,0.0109647819614,0.0109647819614,10,X135 X140,0.7516,0.0146160044543,0.7516,0.0146160044543
0.0109647819614,0.0109647819614,0.0109647819614,0.0109647819614,0.0109647819614,0.0109647819614,0.0109647819614,0.0109647819614,10,X136 X141,0.823622222222,0.0100872566067,0.823622222222,0.0100872566067
0.0109647819614,0.0109647819614,0.0109647819614,0.0109647819614,0.0109647819614,0.0109647819614,0.0109647819614,0.0109647819614,10,X137 Y142 Z146,0.874933333333,0.0076546132135,0.874933333333,0.0076546132135
0.0109647819614,0.0109647819614,0.0109647819614,0.0109647819614,0.0109647819614,0.0109647819614,0.0109647819614,0.0109647819614,10,X138 Z142 Y143 Y146 Z147 X150,0.609244444444,0.0107606966593,0.609244444444,0.0107606966593
0.0109647819614,0.0109647819614,0.0109647819614,0.0109647819614,0.0109647819614,0.0109647819614,0.0109647819614,0.0109647819614,10,X139 Z143 Y144 Y147 Z148 X151,0.581355555556,0.0126726946737,0.581355555556,0.0126726946737
0.0109647819614,0.0109647819614,0.0109647819614,0.0109647819614,0.0109647819614,0.0109647819614,0.0109647819614,0.0109647819614,10,X14 X18,0.754511111111,0.011394269358,0.754511111111,0.011394269358
0.0109647819614,0.0109647819614,0.0109647819614,0.0109647819614,0.0109647819614,0.0109647819614,0.0109647819614,0.0109647819614,10,X140 Z144 Y145 Y148 Z149 X152,0.587066666667,0.0162335445713,0.587066666667,0.0162335445713
0.0109647819614,0.0109647819614,0.0109647819614,0.0109647819614,0.0109647819614,0.0109647819614,0.0109647819614,0.0109647819614,10,X142 X146,0.828733333333,0.00942865933515,0.828733333333,0.00942865933515
0.0109647819614,0.0109647819614,0.0109647819614,0.0109647819614,0.0109647819614,0.0109647819614,0.0109647819614,0.0109647819614,10,X143 X147,0.751822222222,0.0117377908635,0.751822222222,0.0117377908635
0.0109647819614,0.0109647819614,0.0109647819614,0.0109647819614,0.0109647819614,0.0109647819614,0.0109647819614,0.0109647819614,10,X144 X148,0.704844444444,0.0136479359542,0.704844444444,0.0136479359542
0.0109647819614,0.0109647819614,0.0109647819614,0.0109647819614,0.0109647819614,0.0109647819614,0.0109647819614,0.0109647819614,10,X145 X149,0.683066666667,0.00995714957135,0.683066666667,0.00995714957135
0.0109647819614,0.0109647819614,0.0109647819614,0.0109647819614,0.0109647819614,0.0109647819614,0.0109647819614,0.0109647819614,10,X147 Z150 Y151 Y153 Z154 X156,0.698511111111,0.0139255638387,0.698511111111,0.0139255638387
0.0109647819614,0.0109647819614,0.0109647819614,0.0109647819614,0.0109647819614,0.0109647819614,0.0109647819614,0.0109647819614,10,X148 Z151 Y152 Y154 Z155 X157,0.680533333333,0.0133751069749,0.680533333333,0.0133751069749
0.0109647819614,0.0109647819614,0.0109647819614,0.0109647819614,0.0109647819614,0.0109647819614,0.0109647819614,0.0109647819614,10,X149 Z152 Y155,0.891911111111,0.00731708405236,0.891911111111,0.00731708405236
0.0109647819614,0.0109647819614,0.0109647819614,0.0109647819614,0.0109647819614,0.0109647819614,0.0109647819614,0.0109647819614,10,X15 X19,0.822244444444,0.010440832505,0.822244444444,0.010440832505
0.0109647819614,0.0109647819614,0.0109647819614,0.0109647819614,0.0109647819614,0.0109647819614,0.0109647819614,0.0109647819614,10,X150 X153,0.730911111111,0.0136709926804,0.730911111111,0.0136709926804
0.0109647819614,0.0109647819614,0.0109647819614,0.0109647819614,0.0109647819614,0.0109647819614,0.0109647819614,0.0109647819614,10,X151 X154,0.755088888889,0.0134665566552,0.755088888889,0.0134665566552
0.0109647819614,0.0109647819614,0.0109647819614,0.0109647819614,0.0109647819614,0.0109647819614,0.0109647819614,0.0109647819614,10,X152 X155,0.827355555556,0.0093078195336,0.827355555556,0.0093078195336
0.0109647819614,0.0109647819614,0.0109647819614,0.0109647819614,0.0109647819614,0.0109647819614,0.0109647819614,0.0109647819614,10,X153 Y156 Z158,0.876311111111,0.00937712768533,0.876311111111,0.00937712768533
0.0109647819614,0.0109647819614,0.0109647819614,0.0109647819614,0.0109647819614,0.0109647819614,0.0109647819614,0.0109647819614,10,X154 Z156 Y157 Y158 Z159 X160,0.694333333333,0.0152202224824,0.694333333333,0.0152202224824
0.0109647819614,0.0109647819614,0.0109647819614,0.0109647819614,0.0109647819614,0.0109647819614,0.0109647819614,0.0109647819614,10,X156 X158,0.825711111111,0.0102470380108,0.825711111111,0.0102470380108
0.0109647819614,0.0109647819614,0.0109647819614,0.0109647819614,0.0109647819614,0.0109647819614,0.0109647819614,0.0109647819614,10,X157 X159,0.780488888889,0.0138419467252,0.780488888889,0.0138419467252
0.0109647819614,0.0109647819614,0.0109647819614,0.0109647819614,0.0109647819614,0.0109647819614,0.0109647819614,0.0109647819614,10,X159 Z160 Y161,0.894044444444,0.0105611640676,0.894044444444,0.0105611640676
0.0109647819614,0.0109647819614,0.0109647819614,0.0109647819614,0.0109647819614,0.0109647819614,0.0109647819614,0.0109647819614,10,X16 Z20 Y21 Y25 Z26 X31,0.551044444444,0.0139563450005,0.551044444444,0.0139563450005
0.0109647819614,0.0109647819614,0.0109647819614,0.0109647819614,0.0109647819614,0.0109647819614,0.0109647819614,0.0109647819614,10,X160 X161,0.853711111111,0.00970631320143,0.853711111111,0.00970631320143
0.0109647819614,0.0109647819614,0.0109647819614,0.0109647819614,0.0109647819614,0.0109647819614,0.0109647819614,0.0109647819614,10,X17 Z21 Y22 Y26 Z27 X32,0.561422222222,0.014242275135,0.561422222222,0.014242275135
0.0109647819614,0.0109647819614,0.0109647819614,0.0109647819614,0.0109647819614,0.0109647819614,0.0109647819614,0.0109647819614,10,X18 Z22 Y23 Y27 Z28 X33,0.561244444444,0.0156393582815,0.561244444444,0.0156393582815
0.0109647819614,0.0109647819614,0.0109647819614,0.0109647819614,0.0109647819614,0.0109647819614,0.0109647819614,0.0109647819614,10,X19 Z23 Y24 Y28 Z29 X34,0.560377777778,0.0145667267242,0.560377777778,0.0145667267242
0.0109647819614,0.0109647819614,0.0109647819614,0.0109647819614,0.0109647819614,0.0109647819614,0.0109647819614,0.0109647819614,10,X2 X4,0.777955555556,0.0127371701908,0.777955555556,0.0127371701908
0.0109647819614,0.0109647819614,0.0109647819614,0.0109647819614,0.0109647819614,0.0109647819614,0.0109647819614,0.0109647819614,10,X20 X25,0.848955555556,0.00965724206973,0.848955555556,0.00965724206973
0.0109647819614,0.0109647819614,0.0109647819614,0.0109647819614,0.0109647819614,0.0109647819614,0.0109647819614,0.0109647819614,10,X21 X26,0.772088888889,0.0123706900334,0.772088888889,0.0123706900334
0.0109647819614,0.0109647819614,0.0109647819614,0.0109647819614,0.0109647819614,0.0109647819614,0.0109647819614,0.0109647819614,10,X22 X27,0.719288888889,0.0113568833528,0.719288888889,0.0113568833528
0.0109647819614,0.0109647819614,0.0109647819614,0.0109647819614,0.0109647819614,0.0109647819614,0.0109647819614,0.0109647819614,10,X23 X28,0.677044444444,0.0106633376031,0.677044444444,0.0106633376031
0.0109647819614,0.0109647819614,0.0109647819614,0.0109647819614,0.0109647819614,0.0109647819614,0.0109647819614,0.0109647819614,10,X24 X29,0.665066666667,0.0129159973872,0.665066666667,0.0129159973872
0.0109647819614,0.0109647819614,0.0109647819614,0.0109647819614,0.0109647819614,0.0109647819614,0.0109647819614,0.0109647819614,10,X25 Z30 Y31 Y36 Z37 X43,0.557822222222,0.0119781836595,0.557822222222,0.0119781836595
0.0109647819614,0.0109647819614,0.0109647819614,0.0109647819614,0.0109647819614,0.0109647819614,0.0109647819614,0.0109647819614,10,X26 Z31 Y32 Y37 Z38 X44,0.558288888889,0.00958236460205,0.558288888889,0.00958236460205
0.0109647819614,0.0109647819614,0.0109647819614,0.0109647819614,0.0109647819614,0.0109647819614,0.0109647819614,0.0109647819614,10,X27 Z32 Y33 Y38 Z39 X45,0.564488888889,0.0134636543044,0.564488888889,0.0134636543044
0.0109647819614,0.0109647819614,0.0109647819614,0.0109647819614,0.0109647819614,0.0109647819614,0.0109647819614,0.0109647819614,10,X28 Z33 Y34 Y39 Z40 X46,0.561688888889,0.0137929220933,0.561688888889,0.0137929220933
0.0109647819614,0.0109647819614,0.0109647819614,0.0109647819614,0.0109647819614,0.0109647819614,0.0109647819614,0.0109647819614,10,X29 Z34 Y35 Y40 Z41 X47,0.5506,0.0148869044254,0.5506,0.0148869044254
0.0109647819614,0.0109647819614,0.0109647819614,0.0109647819614,0.0109647819614,0.0109647819614,0.0109647819614,0.0109647819614,10,X3 X5,0.826066666667,0.0112216949157,0.826066666667,0.0112216949157
0.0109647819614,0.0109647819614,0.0109647819614,0.0109647819614,0.0109647819614,0.0109647819614,0.0109647819614,0.0109647819614,10,X30 X36,0.599644444444,0.0141483474072,0.599644444444,0.0141483474072
0.0109647819614,0.0109647819614,0.0109647819614,0.0109647819614,0.0109647819614,0.0109647819614,0.0109647819614,0.0109647819614,10,X31 X37,0.619466666667,0.0146775299372,0.619466666667,0.0146775299372
0.0109647819614,0.0109647819614,0.0109647819614,0.0109647819614,0.0109647819614,0.0109647819614,0.0109647819614,0.0109647819614,10,X32 X38,0.659222222222,0.014856744623,0.659222222222,0.014856744623
0.0109647819614,0.0109647819614,0.0109647819614,0.0109647819614,0.0109647819614,0.0109647819614,0.0109647819614,0.0109647819614,10,X33 X39,0.702755555556,0.00964302830502,0.702755555556,0.00964302830502
0.0109647819614,0.0109647819614,0.0109647819614,0.0109647819614,0.0109647819614,0.0109647819614,0.0109647819614,0.0109647819614,10,X34 X40,0.758133333333,0.0117174919184,0.758133333333,0.0117174919184
0.0109647819614,0.0109647819614,0.0109647819614,0.0109647819614,0.0109647819614,0.0109647819614,0.0109647819614,0.0109647819614,10,X35 X41,0.821777777778,0.0119209829281,0.821777777778,0.0119209829281
0.0109647819614,0.0109647819614,0.0109647819614,0.0109647819614,0.0109647819614,0.0109647819614,0.0109647819614,0.0109647819614,10,X36 Z42 Y43 Y49 Z50 X57,0.441222222222,0.0164980745035,0.441222222222,0.0164980745035
0.0109647819614,0.0109647819614,0.0109647819614,0.0109647819614,0.0109647819614,0.0109647819614,0.0109647819614,0.0109647819614,10,X37 Z43 Y44 Y50 Z51 X58,0.437977777778,0.0141653977345,0.437977777778,0.0141653977345
0.0109647819614,0.0109647819614,0.0109647819614,0.0109647819614,0.0109647819614,0.0109647819614,0.0109647819614,0.0109647819614,10,X38 Z44 Y45 Y51 Z52 X59,0.428355555556,0.0170585948345,0.428355555556,0.0170585948345
0.0109647819614,0.0109647819614,0.0109647819614,0.0109647819614,0.0109647819614,0.0109647819614,0.0109647819614,0.0109647819614,10,X39 Z45 Y46 Y52 Z53 X60,0.488377777778,0.0176180709503,0.488377777778,0.0176180709503
0.0109647819614,0.0109647819614,0.0109647819614,0.0109647819614,0.0109647819614,0.0109647819614,0.0109647819614,0.0109647819614,10,X4 Z6 Y7 Y9 Z10 X13,0.628244444444,0.0129525906323,0.628244444444,0.0129525906323
0.0109647819614,0.0109647819614,0.0109647819614,0.0109647819614,0.0109647819614,0.0109647819614,0.0109647819614,0.0109647819614,10,X40 Z46 Y47 Y53 Z54 X61,0.491622222222,0.0123619529181,0.491622222222,0.0123619529181
0.0109647819614,0.0109647819614,0.0109647819614,0.0109647819614,0.0109647819614,0.0109647819614,0.0109647819614,0.0109647819614,10,X41 Z47 Y48 Y54 Z55 X62,0.489977777778,0.0146734397457,0.489977777778,0.0146734397457
0.0109647819614,0.0109647819614,0.0109647819614,0.0109647819614,0.0109647819614,0.0109647819614,0.0109647819614,0.0109647819614,10,X42 X49,0.8412,0.00947737778371,0.8412,0.00947737778371
0.0109647819614,0.0109647819614,0.0109647819614,0.0109647819614,0.0109647819614,0.0109647819614,0.0109647819614,0.0109647819614,10,X43 X50,0.776044444444,0.0122451752429,0.776044444444,0.0122451752429
0.0109647819614,0.0109647819614,0.0109647819614,0.0109647819614,0.0109647819614,0.0109647819614,0.0109647819614,0.0109647819614,10,X44 X51,0.720088888889,0.0107450187455,0.720088888889,0.0107450187455
0.0109647819614,0.0109647819614,0.0109647819614,0.0109647819614,0.0109647819614,0.0109647819614,0.0109647819614,0.0109647819614,10,X45 X52,0.677288888889,0.0121849518818,0.677288888889,0.0121849518818
0.0109647819614,0.0109647819614,0.0109647819614,0.0109647819614,0.0109647819614,0.0109647819614,0.0109647819614,0.0109647819614,10,X46 X53,0.631666666667,0.0134657220563,0.631666666667,0.0134657220563
0.0109647819614,0.0109647819614,0.0109647819614,0.0109647819614,0.0109647819614,0.0109647819614,0.0109647819614,0.0109647819614,10,X47 X54,0.589644444444,0.012529485021,0.589644444444,0.012529485021
0.0109647819614,0.0109647819614,0.0109647819614,0.0109647819614,0.0109647819614,0.0109647819614,0.0109647819614,0.0109647819614,10,X48 X55,0.584022222222,0.0153303178777,0.584022222222,0.0153303178777
0.0109647819614,0.0109647819614,0.0109647819614,0.0109647819614,0.0109647819614,0.0109647819614,0.0109647819614,0.0109647819614,10,X49 Z56 Y57 Y64 Z65 X73,0.388822222222,0.017523871695,0.388822222222,0.017523871695
0.0109647819614,0.0109647819614,0.0109647819614,0.0109647819614,0.0109647819614,0.0109647819614,0.0109647819614,0.0109647819614,10,X5 Z7 Y8 Y10 Z11 X14,0.637711111111,0.0131652431453,0.637711111111,0.0131652431453
0.0109647819614,0.0109647819614,0.0109647819614,0.0109647819614,0.0109647819614,0.0109647819614,0.0109647819614,0.0109647819614,10,X50 Z57 Y58 Y65 Z66 X74,0.411733333333,0.0148076815522,0.411733333333,0.0148076815522
0.0109647819614,0.0109647819614,0.0109647819614,0.0109647819614,0.0109647819614,0.0109647819614,0.0109647819614,0.0109647819614,10,X51 Z58 Y59 Y66 Z67 X75,0.425866666667,0.0193855023445,0.425866666667,0.0193855023445
0.0109647819614,0.0109647819614,0.0109647819614,0.0109647819614,0.0109647819614,0.0109647819614,0.0109647819614,0.0109647819614,10,X52 Z59 Y60 Y67 Z68 X76,0.449911111111,0.0143995884715,0.449911111111,0.0143995884715
0.0109647819614,0.0109647819614,0.0109647819614,0.0109647819614,0.0109647819614,0.0109647819614,0.0109647819614,0.0109647819614,10,X53 Z60 Y61 Y68 Z69 X77,0.494555555556,0.0157665763486,0.494555555556,0.0157665763486
0.0109647819614,0.0109647819614,0.0109647819614,0.0109647819614,0.0109647819614,0.0109647819614,0.0109647819614,0.0109647819614,10,X54 Z61 Y62 Y69 Z70 X78,0.492644444444,0.0172415637283,0.492644444444,0.0172415637283
0.0109647819614,0.0109647819614,0.0109647819614,0.0109647819614,0.0109647819614,0.0109647819614,0.0109647819614,0.0109647819614,10,X55 Z62 Y63 Y70 Z71 X79,0.480866666667,0.0201793870778,0.480866666667,0.0201793870778
0.0109647819614,0.0109647819614,0.0109647819614,0.0109647819614,0.0109647819614,0.0109647819614,0.0109647819614,0.0109647819614,10,X56 X64,0.499088888889,0.0132520318209,0.499088888889,0.0132520318209
0.0109647819614,0.0109647819614,0.0109647819614,0.0109647819614,0.0109647819614,0.0109647819614,0.0109647819614,0.0109647819614,10,X57 X65,0.503244444444,0.0168852183953,0.503244444444,0.0168852183953
0.0109647819614,0.0109647819614,0.0109647819614,0.0109647819614,0.0109647819614,0.0109647819614,0.0109647819614,0.0109647819614,10,X58 X66,0.531022222222,0.0143953305896,0.531022222222,0.0143953305896
0.0109647819614,0.0109647819614,0.0109647819614,0.0109647819614,0.0109647819614,0.0109647819614,0.0109647819614,0.0109647819614,10,X59 X67,0.5414,0.0115142423884,0.5414,0.0115142423884
0.0109647819614,0.0109647819614,0.0109647819614,0.0109647819614,0.0109647819614,0.0109647819614,0.0109647819614,0.0109647819614,10,X6 X9,0.8468,0.0082199644824,0.8468,0.0082199644824
0.0109647819614,0.0109647819614,0.0109647819614,0.0109647819614,0.0109647819614,0.0109647819614,0.0109647819614,0.0109647819614,10,X60 X68,0.663066666667,0.0121568295927,0.663066666667,0.0121568295927
0.0109647819614,0.0109647819614,0.0109647819614,0.0109647819614,0.0109647819614,0.0109647819614,0.0109647819614,0.0109647819614,10,X61 X69,0.706066666667,0.0136887682236,0.706066666667,0.0136887682236
0.0109647819614,0.0109647819614,0.0109647819614,0.0109647819614,0.0109647819614,0.0109647819614,0.0109647819614,0.0109647819614,10,X62 X70,0.7552,0.00997222195541,0.7552,0.00997222195541
0.0109647819614,0.0109647819614,0.0109647819614,0.0109647819614,0.0109647819614,0.0109647819614,0.0109647819614,0.0109647819614,10,X63 X71,0.827444444444,0.00902628487509,0.827444444444,0.00902628487509
0.0109647819614,0.0109647819614,0.0109647819614,0.0109647819614,0.0109647819614,0.0109647819614,0.0109647819614,0.0109647819614,10,X64 Z72 Y73 Y81 Z82 X90,0.629066666667,0.0126776721699,0.629066666667,0.0126776721699
0.0109647819614,0.0109647819614,0.0109647819614,0.0109647819614,0.0109647819614,0.0109647819614,0.0109647819614,0.0109647819614,10,X65 Z73 Y74 Y82 Z83 X91,0.600666666667,0.0133769401858,0.600666666667,0.0133769401858
0.0109647819614,0.0109647819614,0.0109647819614,0.0109647819614,0.0109647819614,0.0109647819614,0.0109647819614,0.0109647819614,10,X66 Z74 Y75 Y83 Z84 X92,0.603577777778,0.014084020818,0.603577777778,0.014084020818
0.0109647819614,0.0109647819614,0.0109647819614,0.0109647819614,0.0109647819614,0.0109647819614,0.0109647819614,0.0109647819614,10,X67 Z75 Y76 Y84 Z85 X93,0.526422222222,0.0130092608727,0.526422222222,0.0130092608727
0.0109647819614,0.0109647819614,0.0109647819614,0.0109647819614,0.0109647819614,0.0109647819614,0.0109647819614,0.0109647819614,10,X68 Z76 Y77 Y85 Z86 X94,0.529666666667,0.0173216140754,0.529666666667,0.0173216140754
0.0109647819614,0.0109647819614,0.0109647819614,0.0109647819614,0.0109647819614,0.0109647819614,0.0109647819614,0.0109647819614,10,X69 Z77 Y78 Y86 Z87 X95,0.704911111111,0.0139890305502,0.704911111111,0.0139890305502
0.0109647819614,0.0109647819614,0.0109647819614,0.0109647819614,0.0109647819614,0.0109647819614,0.0109647819614,0.0109647819614,10,X7 X10,0.770644444444,0.0115476468663,0.770644444444,0.0115476468663
0.0109647819614,0.0109647819614,0.0109647819614,0.0109647819614,0.0109647819614,0.0109647819614,0.0109647819614,0.0109647819614,10,X70 Z78 Y79 Y87 Z88 X96,0.613555555556,0.0104684650821,0.613555555556,0.0104684650821
0.0109647819614,0.0109647819614,0.0109647819614,0.0109647819614,0.0109647819614,0.0109647819614,0.0109647819614,0.0109647819614,10,X71 Z79 Y80 Y88 Z89 X97,0.575822222222,0.0145016139499,0.575822222222,0.0145016139499
0.0109647819614,0.0109647819614,0.0109647819614,0.0109647819614,0.0109647819614,0.0109647819614,0.0109647819614,0.0109647819614,10,X72 X81,0.668422222222,0.0143214153428,0.668422222222,0.0143214153428
0.0109647819614,0.0109647819614,0.0109647819614,0.0109647819614,0.0109647819614,0.0109647819614,0.0109647819614,0.0109647819614,10,X73 X82,0.678422222222,0.0124862938906,0.678422222222,0.0124862938906
0.0109647819614,0.0109647819614,0.0109647819614,0.0109647819614,0.0109647819614,0.0109647819614,0.0109647819614,0.0109647819614,10,X74 X83,0.727844444444,0.0112276114672,0.727844444444,0.0112276114672
0.0109647819614,0.0109647819614,0.0109647819614,0.0109647819614,0.0109647819614,0.0109647819614,0.0109647819614,0.0109647819614,10,X75 X84,0.775844444444,0.0115120238103,0.775844444444,0.0115120238103
0.0109647819614,0.0109647819614,0.0109647819614,0.0109647819614,0.0109647819614,0.0109647819614,0.0109647819614,0.0109647819614,10,X76 X85,0.661022222222,0.0138040288786,0.661022222222,0.0138040288786
0.0109647819614,0.0109647819614,0.0109647819614,0.0109647819614,0.0109647819614,0.0109647819614,0.0109647819614,0.0109647819614,10,X77 X86,0.794155555556,0.0127932972553,0.794155555556,0.0127932972553
0.0109647819614,0.0109647819614,0.0109647819614,0.0109647819614,0.0109647819614,0.0109647819614,0.0109647819614,0.0109647819614,10,X78 X87,0.729,0.0114974593229,0.729,0.0114974593229
0.0109647819614,0.0109647819614,0.0109647819614,0.0109647819614,0.0109647819614,0.0109647819614,0.0109647819614,0.0109647819614,10,X79 X88,0.636133333333,0.0164182871596,0.636133333333,0.0164182871596
0.0109647819614,0.0109647819614,0.0109647819614,0.0109647819614,0.0109647819614,0.0109647819614,0.0109647819614,0.0109647819614,10,X8 X11,0.760155555556,0.0101734886979,0.760155555556,0.0101734886979
0.0109647819614,0.0109647819614,0.0109647819614,0.0109647819614,0.0109647819614,0.0109647819614,0.0109647819614,0.0109647819614,10,X80 X89,0.622066666667,0.0173053266222,0.622066666667,0.0173053266222
0.0109647819614,0.0109647819614,0.0109647819614,0.0109647819614,0.0109647819614,0.0109647819614,0.0109647819614,0.0109647819614,10,X81 Y90 Z98,0.858333333333,0.0126063293718,0.858333333333,0.0126063293718
0.0109647819614,0.0109647819614,0.0109647819614,0.0109647819614,0.0109647819614,0.0109647819614,0.0109647819614,0.0109647819614,10,X82 Z90 Y91 Y98 Z99 X106,0.512911111111,0.0196790207317,0.512911111111,0.0196790207317
0.0109647819614,0.0109647819614,0.0109647819614,0.0109647819614,0.0109647819614,0.0109647819614,0.0109647819614,0.0109647819614,10,X83 Z91 Y92 Y99 Z100 X107,0.495511111111,0.0170497881097,0.495511111111,0.0170497881097
0.0109647819614,0.0109647819614,0.0109647819614,0.0109647819614,0.0109647819614,0.0109647819614,0.0109647819614,0.0109647819614,10,X84 Z92 Y93 Y100 Z101 X108,0.5076,0.0158165731015,0.5076,0.0158165731015
0.0109647819614,0.0109647819614,0.0109647819614,0.0109647819614,0.0109647819614,0.0109647819614,0.0109647819614,0.0109647819614,10,X85 Z93 Y94 Y101 Z102 X109,0.495333333333,0.0140736976491,0.495333333333,0.0140736976491
0.0109647819614,0.0109647819614,0.0109647819614,0.0109647819614,0.0109647819614,0.0109647819614,0.0109647819614,0.0109647819614,10,X86 Z94 Y95 Y102 Z103 X110,0.702511111111,0.0113632914844,0.702511111111,0.0113632914844
0.0109647819614,0.0109647819614,0.0109647819614,0.0109647819614,0.0109647819614,0.0109647819614,0.0109647819614,0.0109647819614,10,X87 Z95 Y96 Y103 Z104 X111,0.500177777778,0.0184153303896,0.500177777778,0.0184153303896
0.0109647819614,0.0109647819614,0.0109647819614,0.0109647819614,0.0109647819614,0.0109647819614,0.0109647819614,0.0109647819614,10,X88 Z96 Y97 Y104 Z105 X112,0.313155555556,0.0138762271787,0.313155555556,0.0138762271787
0.0109647819614,0.0109647819614,0.0109647819614,0.0109647819614,0.0109647819614,0.0109647819614,0.0109647819614,0.0109647819614,10,X9 Z12 Y13 Y16 Z17 X21,0.639111111111,0.0116241700015,0.639111111111,0.0116241700015
0.0109647819614,0.0109647819614,0.0109647819614,0.0109647819614,0.0109647819614,0.0109647819614,0.0109647819614,0.0109647819614,10,X90 X98,0.826622222222,0.00905823362604,0.826622222222,0.00905823362604
0.0109647819614,0.0109647819614,0.0109647819614,0.0109647819614,0.0109647819614,0.0109647819614,0.0109647819614,0.0109647819614,10,X91 X99,0.7544,0.0119251818303,0.7544,0.0119251818303
0.0109647819614,0.0109647819614,0.0109647819614,0.0109647819614,0.0109647819614,0.0109647819614,0.0109647819614,0.0109647819614,10,X92 X100,0.705955555556,0.0126635608211,0.705955555556,0.0126635608211
0.0109647819614,0.0109647819614,0.0109647819614,0.0109647819614,0.0109647819614,0.0109647819614,0.0109647819614,0.0109647819614,10,X93 X101,0.676466666667,0.0160097192702,0.676466666667,0.0160097192702
0.0109647819614,0.0109647819614,0.0109647819614,0.0109647819614,0.0109647819614,0.0109647819614,0.0109647819614,0.0109647819614,10,X94 X102,0.673155555556,0.013313702023,0.673155555556,0.013313702023
0.0109647819614,0.0109647819614,0.0109647819614,0.0109647819614,0.0109647819614,0.0109647819614,0.0109647819614,0.0109647819614,10,X95 X103,0.648,0.0173527742435,0.648,0.0173527742435
0.0109647819614,0.0109647819614,0.0109647819614,0.0109647819614,0.0109647819614,0.0109647819614,0.0109647819614,0.0109647819614,10,X96 X104,0.568022222222,0.0162154869763,0.568022222222,0.0162154869763
0.0109647819614,0.0109647819614,0.0109647819614,0.0109647819614,0.0109647819614,0.0109647819614,0.0109647819614,0.0109647819614,10,X97 X105,0.832733333333,0.0108339610782,0.832733333333,0.0108339610782
0.0109647819614,0.0109647819614,0.0109647819614,0.0109647819614,0.0109647819614,0.0109647819614,0.0109647819614,0.0109647819614,10,X99 Z106 Y107 Y113 Z114 X120,0.5932,0.012448083759,0.5932,0.012448083759
0.0109647819614,0.0109647819614,0.0109647819614,0.0109647819614,0.0109647819614,0.0109647819614,0.0109647819614,0.0109647819614,10,Y0 Z1 X2,0.834866666667,0.0127133441224,0.834866666667,0.0127133441224
0.0109647819614,0.0109647819614,0.0109647819614,0.0109647819614,0.0109647819614,0.0109647819614,0.0109647819614,0.0109647819614,10,Y20 Z25 X30,0.641644444444,0.0150765437398,0.641644444444,0.0150765437398
0.0109647819614,0.0109647819614,0.0109647819614,0.0109647819614,0.0109647819614,0.0109647819614,0.0109647819614,0.0109647819614,10,Y42 Z49 X56,0.519133333333,0.0177993499386,0.519133333333,0.0177993499386
0.0109647819614,0.0109647819614,0.0109647819614,0.0109647819614,0.0109647819614,0.0109647819614,0.0109647819614,0.0109647819614,10,Y6 Z9 X12,0.732688888889,0.0132393044617,0.732688888889,0.0132393044617
0.0109647819614,0.0109647819614,0.0109647819614,0.0109647819614,0.0109647819614,0.0109647819614,0.0109647819614,0.0109647819614,10,Z15 Y19 X24,0.8714,0.00669041746259,0.8714,0.00669041746259
0.0109647819614,0.0109647819614,0.0109647819614,0.0109647819614,0.0109647819614,0.0109647819614,0.0109647819614,0.0109647819614,10,Z3 Y5 X8,0.872933333333,0.00889547648615,0.872933333333,0.00889547648615
0.0109647819614,0.0109647819614,0.0109647819614,0.0109647819614,0.0109647819614,0.0109647819614,0.0109647819614,0.0109647819614,10,Z35 Y41 X48,0.872755555556,0.00858178295711,0.872755555556,0.00858178295711
0.0109647819614,0.0109647819614,0.0109647819614,0.0109647819614,0.0109647819614,0.0109647819614,0.0109647819614,0.0109647819614,10,Z63 Y71 X80,0.874511111111,0.00866168439165,0.874511111111,0.00866168439165
