g1_z,IZ,ZI,ZZ,ZX,ZY,XZ,YZ,round,operator,mean,std,mean_signed,std_signed
0.0229086765277,0.0229086765277,0.0229086765277,0.0229086765277,0.0229086765277,0.0229086765277,0.0229086765277,0.0229086765277,1,Logical X,0.109044444444,0.0155666244144,0.110577777778,0.0147953946789
0.0229086765277,0.0229086765277,0.0229086765277,0.0229086765277,0.0229086765277,0.0229086765277,0.0229086765277,0.0229086765277,1,Logical Y,0.0117111111111,0.0088455167913,-0.00188888888889,0.0213247707912
0.0229086765277,0.0229086765277,0.0229086765277,0.0229086765277,0.0229086765277,0.0229086765277,0.0229086765277,0.0229086765277,1,Logical Z,0.0151555555556,0.011723419706,0.00331111111111,0.0174456865605
0.0229086765277,0.0229086765277,0.0229086765277,0.0229086765277,0.0229086765277,0.0229086765277,0.0229086765277,0.0229086765277,1,X0 X1,0.753333333333,0.0124500534705,0.753333333333,0.0124500534705
0.0229086765277,0.0229086765277,0.0229086765277,0.0229086765277,0.0229086765277,0.0229086765277,0.0229086765277,0.0229086765277,1,X1 Z2 Y3 Y4 Z5 X7,0.502355555556,0.0174722403438,0.502355555556,0.0174722403438
0.0229086765277,0.0229086765277,0.0229086765277,0.0229086765277,0.0229086765277,0.0229086765277,0.0229086765277,0.0229086765277,1,X10 Z13 Y14 Y17 Z18 X22,0.396266666667,0.0143749462768,0.396266666667,0.0143749462768
0.0229086765277,0.0229086765277,0.0229086765277,0.0229086765277,0.0229086765277,0.0229086765277,0.0229086765277,0.0229086765277,1,X100 Z107 Y108 Y114 Z115 X121,0.311711111111,0.0175806261648,0.311711111111,0.0175806261648
0.0229086765277,0.0229086765277,0.0229086765277,0.0229086765277,0.0229086765277,0.0229086765277,0.0229086765277,0.0229086765277,1,X101 Z108 Y109 Y115 Z116 X122,0.313044444444,0.0115982338903,0.313044444444,0.0115982338903
0.0229086765277,0.0229086765277,0.0229086765277,0.0229086765277,0.0229086765277,0.0229086765277,0.0229086765277,0.0229086765277,1,X102 Z109 Y110 Y116 Z117 X123,0.317311111111,0.0182502681098,0.317311111111,0.0182502681098
0.0229086765277,0.0229086765277,0.0229086765277,0.0229086765277,0.0229086765277,0.0229086765277,0.0229086765277,0.0229086765277,1,X103 Z110 Y111 Y117 Z118 X124,0.175844444444,0.0182201802426,0.175844444444,0.0182201802426
0.0229086765277,0.0229086765277,0.0229086765277,0.0229086765277,0.0229086765277,0.0229086765277,0.0229086765277,0.0229086765277,1,X104 Z111 Y112 Y118 Z119 X125,0.0672444444444,0.0216554229594,0.0672444444444,0.0216554229594
0.0229086765277,0.0229086765277,0.0229086765277,0.0229086765277,0.0229086765277,0.0229086765277,0.0229086765277,0.0229086765277,1,X105 Z112 Y119,0.400688888889,0.0153043036877,0.400688888889,0.0153043036877
0.0229086765277,0.0229086765277,0.0229086765277,0.0229086765277,0.0229086765277,0.0229086765277,0.0229086765277,0.0229086765277,1,X106 X113,0.3706,0.0157716949043,0.3706,0.0157716949043
0.0229086765277,0.0229086765277,0.0229086765277,0.0229086765277,0.0229086765277,0.0229086765277,0.0229086765277,0.0229086765277,1,X107 X114,0.4002,0.0159943955702,0.4002,0.0159943955702
0.0229086765277,0.0229086765277,0.0229086765277,0.0229086765277,0.0229086765277,0.0229086765277,0.0229086765277,0.0229086765277,1,X108 X115,0.459733333333,0.016606881277,0.459733333333,0.016606881277
0.0229086765277,0.0229086765277,0.0229086765277,0.0229086765277,0.0229086765277,0.0229086765277,0.0229086765277,0.0229086765277,1,X109 X116,0.524422222222,0.0127125404442,0.524422222222,0.0127125404442
0.0229086765277,0.0229086765277,0.0229086765277,0.0229086765277,0.0229086765277,0.0229086765277,0.0229086765277,0.0229086765277,1,X11 Z14 Y15 Y18 Z19 X23,0.3852,0.015243012343,0.3852,0.015243012343
0.0229086765277,0.0229086765277,0.0229086765277,0.0229086765277,0.0229086765277,0.0229086765277,0.0229086765277,0.0229086765277,1,X110 X117,0.612555555556,0.0144435307698,0.612555555556,0.0144435307698
0.0229086765277,0.0229086765277,0.0229086765277,0.0229086765277,0.0229086765277,0.0229086765277,0.0229086765277,0.0229086765277,1,X111 X118,0.673666666667,0.013162992358,0.673666666667,0.013162992358
0.0229086765277,0.0229086765277,0.0229086765277,0.0229086765277,0.0229086765277,0.0229086765277,0.0229086765277,0.0229086765277,1,X112 X119,0.187088888889,0.0183240171384,0.187088888889,0.0183240171384
0.0229086765277,0.0229086765277,0.0229086765277,0.0229086765277,0.0229086765277,0.0229086765277,0.0229086765277,0.0229086765277,1,X113 Y120 Z126,0.763155555556,0.010064821835,0.763155555556,0.010064821835
0.0229086765277,0.0229086765277,0.0229086765277,0.0229086765277,0.0229086765277,0.0229086765277,0.0229086765277,0.0229086765277,1,X114 Z120 Y121 Y126 Z127 X132,0.267933333333,0.0162634913049,0.267933333333,0.0162634913049
0.0229086765277,0.0229086765277,0.0229086765277,0.0229086765277,0.0229086765277,0.0229086765277,0.0229086765277,0.0229086765277,1,X115 Z121 Y122 Y127 Z128 X133,0.244044444444,0.0185066485585,0.244044444444,0.0185066485585
0.0229086765277,0.0229086765277,0.0229086765277,0.0229086765277,0.0229086765277,0.0229086765277,0.0229086765277,0.0229086765277,1,X116 Z122 Y123 Y128 Z129 X134,0.245911111111,0.0220189631497,0.245911111111,0.0220189631497
0.0229086765277,0.0229086765277,0.0229086765277,0.0229086765277,0.0229086765277,0.0229086765277,0.0229086765277,0.0229086765277,1,X117 Z123 Y124 Y129 Z130 X135,0.249066666667,0.0165736253569,0.249066666667,0.0165736253569
0.0229086765277,0.0229086765277,0.0229086765277,0.0229086765277,0.0229086765277,0.0229086765277,0.0229086765277,0.0229086765277,1,X118 Z124 Y125 Y130 Z131 X136,0.2474,0.0142966384067,0.2474,0.0142966384067
0.0229086765277,0.0229086765277,0.0229086765277,0.0229086765277,0.0229086765277,0.0229086765277,0.0229086765277,0.0229086765277,1,X12 X16,0.4454,0.0153491672369,0.4454,0.0153491672369
0.0229086765277,0.0229086765277,0.0229086765277,0.0229086765277,0.0229086765277,0.0229086765277,0.0229086765277,0.0229086765277,1,X120 X126,0.669311111111,0.0141220550677,0.669311111111,0.0141220550677
0.0229086765277,0.0229086765277,0.0229086765277,0.0229086765277,0.0229086765277,0.0229086765277,0.0229086765277,0.0229086765277,1,X121 X127,0.557577777778,0.0155565790577,0.557577777778,0.0155565790577
0.0229086765277,0.0229086765277,0.0229086765277,0.0229086765277,0.0229086765277,0.0229086765277,0.0229086765277,0.0229086765277,1,X122 X128,0.486444444444,0.0156232789601,0.486444444444,0.0156232789601
0.0229086765277,0.0229086765277,0.0229086765277,0.0229086765277,0.0229086765277,0.0229086765277,0.0229086765277,0.0229086765277,1,X123 X129,0.426866666667,0.0155641300944,0.426866666667,0.0155641300944
0.0229086765277,0.0229086765277,0.0229086765277,0.0229086765277,0.0229086765277,0.0229086765277,0.0229086765277,0.0229086765277,1,X124 X130,0.361911111111,0.0163915063823,0.361911111111,0.0163915063823
0.0229086765277,0.0229086765277,0.0229086765277,0.0229086765277,0.0229086765277,0.0229086765277,0.0229086765277,0.0229086765277,1,X125 X131,0.337555555556,0.0184978684354,0.337555555556,0.0184978684354
0.0229086765277,0.0229086765277,0.0229086765277,0.0229086765277,0.0229086765277,0.0229086765277,0.0229086765277,0.0229086765277,1,X127 Z132 Y133 Y137 Z138 X142,0.354622222222,0.0164504907596,0.354622222222,0.0164504907596
0.0229086765277,0.0229086765277,0.0229086765277,0.0229086765277,0.0229086765277,0.0229086765277,0.0229086765277,0.0229086765277,1,X128 Z133 Y134 Y138 Z139 X143,0.331177777778,0.0152231758518,0.331177777778,0.0152231758518
0.0229086765277,0.0229086765277,0.0229086765277,0.0229086765277,0.0229086765277,0.0229086765277,0.0229086765277,0.0229086765277,1,X129 Z134 Y135 Y139 Z140 X144,0.3314,0.019072236145,0.3314,0.019072236145
0.0229086765277,0.0229086765277,0.0229086765277,0.0229086765277,0.0229086765277,0.0229086765277,0.0229086765277,0.0229086765277,1,X13 X17,0.485955555556,0.0158149580811,0.485955555556,0.0158149580811
0.0229086765277,0.0229086765277,0.0229086765277,0.0229086765277,0.0229086765277,0.0229086765277,0.0229086765277,0.0229086765277,1,X130 Z135 Y136 Y140 Z141 X145,0.340955555556,0.0173215550905,0.340955555556,0.0173215550905
0.0229086765277,0.0229086765277,0.0229086765277,0.0229086765277,0.0229086765277,0.0229086765277,0.0229086765277,0.0229086765277,1,X131 Z136 Y141,0.798977777778,0.00889915116419,0.798977777778,0.00889915116419
0.0229086765277,0.0229086765277,0.0229086765277,0.0229086765277,0.0229086765277,0.0229086765277,0.0229086765277,0.0229086765277,1,X132 X137,0.3876,0.0183633818537,0.3876,0.0183633818537
0.0229086765277,0.0229086765277,0.0229086765277,0.0229086765277,0.0229086765277,0.0229086765277,0.0229086765277,0.0229086765277,1,X133 X138,0.419622222222,0.0178574030997,0.419622222222,0.0178574030997
0.0229086765277,0.0229086765277,0.0229086765277,0.0229086765277,0.0229086765277,0.0229086765277,0.0229086765277,0.0229086765277,1,X134 X139,0.485133333333,0.0176028123841,0.485133333333,0.0176028123841
0.0229086765277,0.0229086765277,0.0229086765277,0.0229086765277,0.0229086765277,0.0229086765277,0.0229086765277,0.0229086765277,1,X135 X140,0.558088888889,0.0160188905087,0.558088888889,0.0160188905087
0.0229086765277,0.0229086765277,0.0229086765277,0.0229086765277,0.0229086765277,0.0229086765277,0.0229086765277,0.0229086765277,1,X136 X141,0.673644444444,0.0127621727132,0.673644444444,0.0127621727132
0.0229086765277,0.0229086765277,0.0229086765277,0.0229086765277,0.0229086765277,0.0229086765277,0.0229086765277,0.0229086765277,1,X137 Y142 Z146,0.764133333333,0.0088571463884,0.764133333333,0.0088571463884
0.0229086765277,0.0229086765277,0.0229086765277,0.0229086765277,0.0229086765277,0.0229086765277,0.0229086765277,0.0229086765277,1,X138 Z142 Y143 Y146 Z147 X150,0.355755555556,0.015459732228,0.355755555556,0.015459732228
0.0229086765277,0.0229086765277,0.0229086765277,0.0229086765277,0.0229086765277,0.0229086765277,0.0229086765277,0.0229086765277,1,X139 Z143 Y144 Y147 Z148 X151,0.335177777778,0.0162166210873,0.335177777778,0.0162166210873
0.0229086765277,0.0229086765277,0.0229086765277,0.0229086765277,0.0229086765277,0.0229086765277,0.0229086765277,0.0229086765277,1,X14 X18,0.555822222222,0.0155688394293,0.555822222222,0.0155688394293
0.0229086765277,0.0229086765277,0.0229086765277,0.0229086765277,0.0229086765277,0.0229086765277,0.0229086765277,0.0229086765277,1,X140 Z144 Y145 Y148 Z149 X152,0.328911111111,0.015253146986,0.328911111111,0.015253146986
0.0229086765277,0.0229086765277,0.0229086765277,0.0229086765277,0.0229086765277,0.0229086765277,0.0229086765277,0.0229086765277,1,X142 X146,0.669822222222,0.0138009198798,0.669822222222,0.0138009198798
0.0229086765277,0.0229086765277,0.0229086765277,0.0229086765277,0.0229086765277,0.0229086765277,0.0229086765277,0.0229086765277,1,X143 X147,0.562911111111,0.0172300044214,0.562911111111,0.0172300044214
0.0229086765277,0.0229086765277,0.0229086765277,0.0229086765277,0.0229086765277,0.0229086765277,0.0229086765277,0.0229086765277,1,X144 X148,0.485777777778,0.0154506589113,0.485777777778,0.0154506589113
0.0229086765277,0.0229086765277,0.0229086765277,0.0229086765277,0.0229086765277,0.0229086765277,0.0229086765277,0.0229086765277,1,X145 X149,0.451044444444,0.0158572978554,0.451044444444,0.0158572978554
0.0229086765277,0.0229086765277,0.0229086765277,0.0229086765277,0.0229086765277,0.0229086765277,0.0229086765277,0.0229086765277,1,X147 Z150 Y151 Y153 Z154 X156,0.4792,0.0160405616129,0.4792,0.0160405616129
0.0229086765277,0.0229086765277,0.0229086765277,0.0229086765277,0.0229086765277,0.0229086765277,0.0229086765277,0.0229086765277,1,X148 Z151 Y152 Y154 Z155 X157,0.442911111111,0.0146473052282,0.442911111111,0.0146473052282
0.0229086765277,0.0229086765277,0.0229086765277,0.0229086765277,0.0229086765277,0.0229086765277,0.0229086765277,0.0229086765277,1,X149 Z152 Y155,0.798911111111,0.0134414961461,0.798911111111,0.0134414961461
0.0229086765277,0.0229086765277,0.0229086765277,0.0229086765277,0.0229086765277,0.0229086765277,0.0229086765277,0.0229086765277,1,X15 X19,0.673777777778,0.014143580468,0.673777777778,0.014143580468
0.0229086765277,0.0229086765277,0.0229086765277,0.0229086765277,0.0229086765277,0.0229086765277,0.0229086765277,0.0229086765277,1,X150 X153,0.514733333333,0.0142310975659,0.514733333333,0.0142310975659
0.0229086765277,0.0229086765277,0.0229086765277,0.0229086765277,0.0229086765277,0.0229086765277,0.0229086765277,0.0229086765277,1,X151 X154,0.559822222222,0.0156130737371,0.559822222222,0.0156130737371
0.0229086765277,0.0229086765277,0.0229086765277,0.0229086765277,0.0229086765277,0.0229086765277,0.0229086765277,0.0229086765277,1,X152 X155,0.673622222222,0.0155064523298,0.673622222222,0.0155064523298
0.0229086765277,0.0229086765277,0.0229086765277,0.0229086765277,0.0229086765277,0.0229086765277,0.0229086765277,0.0229086765277,1,X153 Y156 Z158,0.761622222222,0.0107178132003,0.761622222222,0.0107178132003
0.0229086765277,0.0229086765277,0.0229086765277,0.0229086765277,0.0229086765277,0.0229086765277,0.0229086765277,0.0229086765277,1,X154 Z156 Y157 Y158 Z159 X160,0.474577777778,0.0162600828332,0.474577777778,0.0162600828332
0.0229086765277,0.0229086765277,0.0229086765277,0.0229086765277,0.0229086765277,0.0229086765277,0.0229086765277,0.0229086765277,1,X156 X158,0.672088888889,0.0150439798001,0.672088888889,0.0150439798001
0.0229086765277,0.0229086765277,0.0229086765277,0.0229086765277,0.0229086765277,0.0229086765277,0.0229086765277,0.0229086765277,1,X157 X159,0.595755555556,0.0139352452445,0.595755555556,0.0139352452445
0.0229086765277,0.0229086765277,0.0229086765277,0.0229086765277,0.0229086765277,0.0229086765277,0.0229086765277,0.0229086765277,1,X159 Z160 Y161,0.8032,0.00971375767263,0.8032,0.00971375767263
0.0229086765277,0.0229086765277,0.0229086765277,0.0229086765277,0.0229086765277,0.0229086765277,0.0229086765277,0.0229086765277,1,X16 Z20 Y21 Y25 Z26 X31,0.286377777778,0.0136139249574,0.286377777778,0.0136139249574
0.0229086765277,0.0229086765277,0.0229086765277,0.0229086765277,0.0229086765277,0.0229086765277,0.0229086765277,0.0229086765277,1,X160 X161,0.715333333333,0.0135159902463,0.715333333333,0.0135159902463
0.0229086765277,0.0229086765277,0.0229086765277,0.0229086765277,0.0229086765277,0.0229086765277,0.0229086765277,0.0229086765277,1,X17 Z21 Y22 Y26 Z27 X32,0.304133333333,0.0179470485519,0.304133333333,0.0179470485519
0.0229086765277,0.0229086765277,0.0229086765277,0.0229086765277,0.0229086765277,0.0229086765277,0.0229086765277,0.0229086765277,1,X18 Z22 Y23 Y27 Z28 X33,0.2992,0.0170888146519,0.2992,0.0170888146519
0.0229086765277,0.0229086765277,0.0229086765277,0.0229086765277,0.0229086765277,0.0229086765277,0.0229086765277,0.0229086765277,1,X19 Z23 Y24 Y28 Z29 X34,0.294555555556,0.0170499229408,0.294555555556,0.0170499229408
0.0229086765277,0.0229086765277,0.0229086765277,0.0229086765277,0.0229086765277,0.0229086765277,0.0229086765277,0.0229086765277,1,X2 X4,0.597266666667,0.0143800095386,0.597266666667,0.0143800095386
0.0229086765277,0.0229086765277,0.0229086765277,0.0229086765277,0.0229086765277,0.0229086765277,0.0229086765277,0.0229086765277,1,X20 X25,0.709733333333,0.0137013577088,0.709733333333,0.0137013577088
0.0229086765277,0.0229086765277,0.0229086765277,0.0229086765277,0.0229086765277,0.0229086765277,0.0229086765277,0.0229086765277,1,X21 X26,0.585155555556,0.0146833064786,0.585155555556,0.0146833064786
0.0229086765277,0.0229086765277,0.0229086765277,0.0229086765277,0.0229086765277,0.0229086765277,0.0229086765277,0.0229086765277,1,X22 X27,0.505266666667,0.0178991213209,0.505266666667,0.0178991213209
0.0229086765277,0.0229086765277,0.0229086765277,0.0229086765277,0.0229086765277,0.0229086765277,0.0229086765277,0.0229086765277,1,X23 X28,0.437755555556,0.0126472729129,0.437755555556,0.0126472729129
0.0229086765277,0.0229086765277,0.0229086765277,0.0229086765277,0.0229086765277,0.0229086765277,0.0229086765277,0.0229086765277,1,X24 X29,0.431355555556,0.0171756607023,0.431355555556,0.0171756607023
0.0229086765277,0.0229086765277,0.0229086765277,0.0229086765277,0.0229086765277,0.0229086765277,0.0229086765277,0.0229086765277,1,X25 Z30 Y31 Y36 Z37 X43,0.296466666667,0.0202952535832,0.296466666667,0.0202952535832
0.0229086765277,0.0229086765277,0.0229086765277,0.0229086765277,0.0229086765277,0.0229086765277,0.0229086765277,0.0229086765277,1,X26 Z31 Y32 Y37 Z38 X44,0.3038,0.0168155647657,0.3038,0.0168155647657
0.0229086765277,0.0229086765277,0.0229086765277,0.0229086765277,0.0229086765277,0.0229086765277,0.0229086765277,0.0229086765277,1,X27 Z32 Y33 Y38 Z39 X45,0.302622222222,0.0165035078898,0.302622222222,0.0165035078898
0.0229086765277,0.0229086765277,0.0229086765277,0.0229086765277,0.0229086765277,0.0229086765277,0.0229086765277,0.0229086765277,1,X28 Z33 Y34 Y39 Z40 X46,0.298844444444,0.0191696865853,0.298844444444,0.0191696865853
0.0229086765277,0.0229086765277,0.0229086765277,0.0229086765277,0.0229086765277,0.0229086765277,0.0229086765277,0.0229086765277,1,X29 Z34 Y35 Y40 Z41 X47,0.289,0.0181224020466,0.289,0.0181224020466
0.0229086765277,0.0229086765277,0.0229086765277,0.0229086765277,0.0229086765277,0.0229086765277,0.0229086765277,0.0229086765277,1,X3 X5,0.673755555556,0.0123294288114,0.673755555556,0.0123294288114
0.0229086765277,0.0229086765277,0.0229086765277,0.0229086765277,0.0229086765277,0.0229086765277,0.0229086765277,0.0229086765277,1,X30 X36,0.3364,0.0153454225206,0.3364,0.0153454225206
0.0229086765277,0.0229086765277,0.0229086765277,0.0229086765277,0.0229086765277,0.0229086765277,0.0229086765277,0.0229086765277,1,X31 X37,0.363066666667,0.0172327763978,0.363066666667,0.0172327763978
0.0229086765277,0.0229086765277,0.0229086765277,0.0229086765277,0.0229086765277,0.0229086765277,0.0229086765277,0.0229086765277,1,X32 X38,0.415155555556,0.0145754039746,0.415155555556,0.0145754039746
0.0229086765277,0.0229086765277,0.0229086765277,0.0229086765277,0.0229086765277,0.0229086765277,0.0229086765277,0.0229086765277,1,X33 X39,0.483666666667,0.0133491285752,0.483666666667,0.0133491285752
0.0229086765277,0.0229086765277,0.0229086765277,0.0229086765277,0.0229086765277,0.0229086765277,0.0229086765277,0.0229086765277,1,X34 X40,0.559311111111,0.0118696410238,0.559311111111,0.0118696410238
0.0229086765277,0.0229086765277,0.0229086765277,0.0229086765277,0.0229086765277,0.0229086765277,0.0229086765277,0.0229086765277,1,X35 X41,0.670355555556,0.0126512105741,0.670355555556,0.0126512105741
0.0229086765277,0.0229086765277,0.0229086765277,0.0229086765277,0.0229086765277,0.0229086765277,0.0229086765277,0.0229086765277,1,X36 Z42 Y43 Y49 Z50 X57,0.180977777778,0.0215603818115,0.180977777778,0.0215603818115
0.0229086765277,0.0229086765277,0.0229086765277,0.0229086765277,0.0229086765277,0.0229086765277,0.0229086765277,0.0229086765277,1,X37 Z43 Y44 Y50 Z51 X58,0.179955555556,0.0178842025227,0.179955555556,0.0178842025227
0.0229086765277,0.0229086765277,0.0229086765277,0.0229086765277,0.0229086765277,0.0229086765277,0.0229086765277,0.0229086765277,1,X38 Z44 Y45 Y51 Z52 X59,0.174066666667,0.01909070906,0.174066666667,0.01909070906
0.0229086765277,0.0229086765277,0.0229086765277,0.0229086765277,0.0229086765277,0.0229086765277,0.0229086765277,0.0229086765277,1,X39 Z45 Y46 Y52 Z53 X60,0.2236,0.0176066862952,0.2236,0.0176066862952
0.0229086765277,0.0229086765277,0.0229086765277,0.0229086765277,0.0229086765277,0.0229086765277,0.0229086765277,0.0229086765277,1,X4 Z6 Y7 Y9 Z10 X13,0.387866666667,0.0128693999836,0.387866666667,0.0128693999836
0.0229086765277,0.0229086765277,0.0229086765277,0.0229086765277,0.0229086765277,0.0229086765277,0.0229086765277,0.0229086765277,1,X40 Z46 Y47 Y53 Z54 X61,0.228422222222,0.0202939949847,0.228422222222,0.0202939949847
0.0229086765277,0.0229086765277,0.0229086765277,0.0229086765277,0.0229086765277,0.0229086765277,0.0229086765277,0.0229086765277,1,X41 Z47 Y48 Y54 Z55 X62,0.226244444444,0.0164612474989,0.226244444444,0.0164612474989
0.0229086765277,0.0229086765277,0.0229086765277,0.0229086765277,0.0229086765277,0.0229086765277,0.0229086765277,0.0229086765277,1,X42 X49,0.702022222222,0.0113643703931,0.702022222222,0.0113643703931
0.0229086765277,0.0229086765277,0.0229086765277,0.0229086765277,0.0229086765277,0.0229086765277,0.0229086765277,0.0229086765277,1,X43 X50,0.590533333333,0.0169979940218,0.590533333333,0.0169979940218
0.0229086765277,0.0229086765277,0.0229086765277,0.0229086765277,0.0229086765277,0.0229086765277,0.0229086765277,0.0229086765277,1,X44 X51,0.504888888889,0.0159840277877,0.504888888889,0.0159840277877
0.0229086765277,0.0229086765277,0.0229086765277,0.0229086765277,0.0229086765277,0.0229086765277,0.0229086765277,0.0229086765277,1,X45 X52,0.443333333333,0.0151397069975,0.443333333333,0.0151397069975
0.0229086765277,0.0229086765277,0.0229086765277,0.0229086765277,0.0229086765277,0.0229086765277,0.0229086765277,0.0229086765277,1,X46 X53,0.383,0.021208506932,0.383,0.021208506932
0.0229086765277,0.0229086765277,0.0229086765277,0.0229086765277,0.0229086765277,0.0229086765277,0.0229086765277,0.0229086765277,1,X47 X54,0.327355555556,0.020075324312,0.327355555556,0.020075324312
0.0229086765277,0.0229086765277,0.0229086765277,0.0229086765277,0.0229086765277,0.0229086765277,0.0229086765277,0.0229086765277,1,X48 X55,0.320044444444,0.0204612957372,0.320044444444,0.0204612957372
0.0229086765277,0.0229086765277,0.0229086765277,0.0229086765277,0.0229086765277,0.0229086765277,0.0229086765277,0.0229086765277,1,X49 Z56 Y57 Y64 Z65 X73,0.143844444444,0.0208270994505,0.143844444444,0.0208270994505
0.0229086765277,0.0229086765277,0.0229086765277,0.0229086765277,0.0229086765277,0.0229086765277,0.0229086765277,0.0229086765277,1,X5 Z7 Y8 Y10 Z11 X14,0.397466666667,0.0162002790762,0.397466666667,0.0162002790762
0.0229086765277,0.0229086765277,0.0229086765277,0.0229086765277,0.0229086765277,0.0229086765277,0.0229086765277,0.0229086765277,1,X50 Z57 Y58 Y65 Z66 X74,0.157133333333,0.0185737836913,0.157133333333,0.0185737836913
0.0229086765277,0.0229086765277,0.0229086765277,0.0229086765277,0.0229086765277,0.0229086765277,0.0229086765277,0.0229086765277,1,X51 Z58 Y59 Y66 Z67 X75,0.171911111111,0.0224067130973,0.171911111111,0.0224067130973
0.0229086765277,0.0229086765277,0.0229086765277,0.0229086765277,0.0229086765277,0.0229086765277,0.0229086765277,0.0229086765277,1,X52 Z59 Y60 Y67 Z68 X76,0.188911111111,0.0184066315997,0.188911111111,0.0184066315997
0.0229086765277,0.0229086765277,0.0229086765277,0.0229086765277,0.0229086765277,0.0229086765277,0.0229086765277,0.0229086765277,1,X53 Z60 Y61 Y68 Z69 X77,0.225333333333,0.0183653847311,0.225333333333,0.0183653847311
0.0229086765277,0.0229086765277,0.0229086765277,0.0229086765277,0.0229086765277,0.0229086765277,0.0229086765277,0.0229086765277,1,X54 Z61 Y62 Y69 Z70 X78,0.226844444444,0.0177586487123,0.226844444444,0.0177586487123
0.0229086765277,0.0229086765277,0.0229086765277,0.0229086765277,0.0229086765277,0.0229086765277,0.0229086765277,0.0229086765277,1,X55 Z62 Y63 Y70 Z71 X79,0.219177777778,0.0182386758723,0.219177777778,0.0182386758723
0.0229086765277,0.0229086765277,0.0229086765277,0.0229086765277,0.0229086765277,0.0229086765277,0.0229086765277,0.0229086765277,1,X56 X64,0.237733333333,0.0169873516165,0.237733333333,0.0169873516165
0.0229086765277,0.0229086765277,0.0229086765277,0.0229086765277,0.0229086765277,0.0229086765277,0.0229086765277,0.0229086765277,1,X57 X65,0.241644444444,0.0188340063624,0.241644444444,0.0188340063624
0.0229086765277,0.0229086765277,0.0229086765277,0.0229086765277,0.0229086765277,0.0229086765277,0.0229086765277,0.0229086765277,1,X58 X66,0.262422222222,0.0184565209968,0.262422222222,0.0184565209968
0.0229086765277,0.0229086765277,0.0229086765277,0.0229086765277,0.0229086765277,0.0229086765277,0.0229086765277,0.0229086765277,1,X59 X67,0.273666666667,0.0184176743366,0.273666666667,0.0184176743366
0.0229086765277,0.0229086765277,0.0229086765277,0.0229086765277,0.0229086765277,0.0229086765277,0.0229086765277,0.0229086765277,1,X6 X9,0.706555555556,0.0139710519912,0.706555555556,0.0139710519912
0.0229086765277,0.0229086765277,0.0229086765277,0.0229086765277,0.0229086765277,0.0229086765277,0.0229086765277,0.0229086765277,1,X60 X68,0.421,0.0138947880192,0.421,0.0138947880192
0.0229086765277,0.0229086765277,0.0229086765277,0.0229086765277,0.0229086765277,0.0229086765277,0.0229086765277,0.0229086765277,1,X61 X69,0.484022222222,0.0181989712423,0.484022222222,0.0181989712423
0.0229086765277,0.0229086765277,0.0229086765277,0.0229086765277,0.0229086765277,0.0229086765277,0.0229086765277,0.0229086765277,1,X62 X70,0.556311111111,0.0137873653454,0.556311111111,0.0137873653454
0.0229086765277,0.0229086765277,0.0229086765277,0.0229086765277,0.0229086765277,0.0229086765277,0.0229086765277,0.0229086765277,1,X63 X71,0.6754,0.0148766061305,0.6754,0.0148766061305
0.0229086765277,0.0229086765277,0.0229086765277,0.0229086765277,0.0229086765277,0.0229086765277,0.0229086765277,0.0229086765277,1,X64 Z72 Y73 Y81 Z82 X90,0.378333333333,0.0188340199244,0.378333333333,0.0188340199244
0.0229086765277,0.0229086765277,0.0229086765277,0.0229086765277,0.0229086765277,0.0229086765277,0.0229086765277,0.0229086765277,1,X65 Z73 Y74 Y82 Z83 X91,0.346977777778,0.0184326325101,0.346977777778,0.0184326325101
0.0229086765277,0.0229086765277,0.0229086765277,0.0229086765277,0.0229086765277,0.0229086765277,0.0229086765277,0.0229086765277,1,X66 Z74 Y75 Y83 Z84 X92,0.347488888889,0.0185461489911,0.347488888889,0.0185461489911
0.0229086765277,0.0229086765277,0.0229086765277,0.0229086765277,0.0229086765277,0.0229086765277,0.0229086765277,0.0229086765277,1,X67 Z75 Y76 Y84 Z85 X93,0.264866666667,0.0188839164066,0.264866666667,0.0188839164066
0.0229086765277,0.0229086765277,0.0229086765277,0.0229086765277,0.0229086765277,0.0229086765277,0.0229086765277,0.0229086765277,1,X68 Z76 Y77 Y85 Z86 X94,0.258266666667,0.017121248925,0.258266666667,0.017121248925
0.0229086765277,0.0229086765277,0.0229086765277,0.0229086765277,0.0229086765277,0.0229086765277,0.0229086765277,0.0229086765277,1,X69 Z77 Y78 Y86 Z87 X95,0.484311111111,0.0194741076421,0.484311111111,0.0194741076421
0.0229086765277,0.0229086765277,0.0229086765277,0.0229086765277,0.0229086765277,0.0229086765277,0.0229086765277,0.0229086765277,1,X7 X10,0.584,0.01271798437,0.584,0.01271798437
0.0229086765277,0.0229086765277,0.0229086765277,0.0229086765277,0.0229086765277,0.0229086765277,0.0229086765277,0.0229086765277,1,X70 Z78 Y79 Y87 Z88 X96,0.362177777778,0.0201647872846,0.362177777778,0.0201647872846
0.0229086765277,0.0229086765277,0.0229086765277,0.0229086765277,0.0229086765277,0.0229086765277,0.0229086765277,0.0229086765277,1,X71 Z79 Y80 Y88 Z89 X97,0.323044444444,0.0172790337226,0.323044444444,0.0172790337226
0.0229086765277,0.0229086765277,0.0229086765277,0.0229086765277,0.0229086765277,0.0229086765277,0.0229086765277,0.0229086765277,1,X72 X81,0.428222222222,0.0156556168744,0.428222222222,0.0156556168744
0.0229086765277,0.0229086765277,0.0229086765277,0.0229086765277,0.0229086765277,0.0229086765277,0.0229086765277,0.0229086765277,1,X73 X82,0.444822222222,0.0180901813578,0.444822222222,0.0180901813578
0.0229086765277,0.0229086765277,0.0229086765277,0.0229086765277,0.0229086765277,0.0229086765277,0.0229086765277,0.0229086765277,1,X74 X83,0.512488888889,0.0151709879743,0.512488888889,0.0151709879743
0.0229086765277,0.0229086765277,0.0229086765277,0.0229086765277,0.0229086765277,0.0229086765277,0.0229086765277,0.0229086765277,1,X75 X84,0.591688888889,0.0140886447397,0.591688888889,0.0140886447397
0.0229086765277,0.0229086765277,0.0229086765277,0.0229086765277,0.0229086765277,0.0229086765277,0.0229086765277,0.0229086765277,1,X76 X85,0.426533333333,0.0143843252278,0.426533333333,0.0143843252278
0.0229086765277,0.0229086765277,0.0229086765277,0.0229086765277,0.0229086765277,0.0229086765277,0.0229086765277,0.0229086765277,1,X77 X86,0.616933333333,0.0123606097879,0.616933333333,0.0123606097879
0.0229086765277,0.0229086765277,0.0229086765277,0.0229086765277,0.0229086765277,0.0229086765277,0.0229086765277,0.0229086765277,1,X78 X87,0.514977777778,0.0127825711482,0.514977777778,0.0127825711482
0.0229086765277,0.0229086765277,0.0229086765277,0.0229086765277,0.0229086765277,0.0229086765277,0.0229086765277,0.0229086765277,1,X79 X88,0.385844444444,0.0167072456196,0.385844444444,0.0167072456196
0.0229086765277,0.0229086765277,0.0229086765277,0.0229086765277,0.0229086765277,0.0229086765277,0.0229086765277,0.0229086765277,1,X8 X11,0.5718,0.0156720704792,0.5718,0.0156720704792
0.0229086765277,0.0229086765277,0.0229086765277,0.0229086765277,0.0229086765277,0.0229086765277,0.0229086765277,0.0229086765277,1,X80 X89,0.369822222222,0.0142112505573,0.369822222222,0.0142112505573
0.0229086765277,0.0229086765277,0.0229086765277,0.0229086765277,0.0229086765277,0.0229086765277,0.0229086765277,0.0229086765277,1,X81 Y90 Z98,0.739355555556,0.00971862111742,0.739355555556,0.00971862111742
0.0229086765277,0.0229086765277,0.0229086765277,0.0229086765277,0.0229086765277,0.0229086765277,0.0229086765277,0.0229086765277,1,X82 Z90 Y91 Y98 Z99 X106,0.251844444444,0.0158814413326,0.251844444444,0.0158814413326
0.0229086765277,0.0229086765277,0.0229086765277,0.0229086765277,0.0229086765277,0.0229086765277,0.0229086765277,0.0229086765277,1,X83 Z91 Y92 Y99 Z100 X107,0.2276,0.0184333530793,0.2276,0.0184333530793
0.0229086765277,0.0229086765277,0.0229086765277,0.0229086765277,0.0229086765277,0.0229086765277,0.0229086765277,0.0229086765277,1,X84 Z92 Y93 Y100 Z101 X108,0.245377777778,0.0185380902961,0.245377777778,0.0185380902961
0.0229086765277,0.0229086765277,0.0229086765277,0.0229086765277,0.0229086765277,0.0229086765277,0.0229086765277,0.0229086765277,1,X85 Z93 Y94 Y101 Z102 X109,0.226088888889,0.0214920342248,0.226088888889,0.0214920342248
0.0229086765277,0.0229086765277,0.0229086765277,0.0229086765277,0.0229086765277,0.0229086765277,0.0229086765277,0.0229086765277,1,X86 Z94 Y95 Y102 Z103 X110,0.482222222222,0.0142224616838,0.482222222222,0.0142224616838
0.0229086765277,0.0229086765277,0.0229086765277,0.0229086765277,0.0229086765277,0.0229086765277,0.0229086765277,0.0229086765277,1,X87 Z95 Y96 Y103 Z104 X111,0.238266666667,0.0184267006005,0.238266666667,0.0184267006005
0.0229086765277,0.0229086765277,0.0229086765277,0.0229086765277,0.0229086765277,0.0229086765277,0.0229086765277,0.0229086765277,1,X88 Z96 Y97 Y104 Z105 X112,0.0834444444444,0.0191329955782,0.0834444444444,0.0191329955782
0.0229086765277,0.0229086765277,0.0229086765277,0.0229086765277,0.0229086765277,0.0229086765277,0.0229086765277,0.0229086765277,1,X9 Z12 Y13 Y16 Z17 X21,0.395711111111,0.0150316991576,0.395711111111,0.0150316991576
0.0229086765277,0.0229086765277,0.0229086765277,0.0229086765277,0.0229086765277,0.0229086765277,0.0229086765277,0.0229086765277,1,X90 X98,0.669755555556,0.0149291900382,0.669755555556,0.0149291900382
0.0229086765277,0.0229086765277,0.0229086765277,0.0229086765277,0.0229086765277,0.0229086765277,0.0229086765277,0.0229086765277,1,X91 X99,0.5556,0.0157651344302,0.5556,0.0157651344302
0.0229086765277,0.0229086765277,0.0229086765277,0.0229086765277,0.0229086765277,0.0229086765277,0.0229086765277,0.0229086765277,1,X92 X100,0.479777777778,0.0160070227244,0.479777777778,0.0160070227244
0.0229086765277,0.0229086765277,0.0229086765277,0.0229086765277,0.0229086765277,0.0229086765277,0.0229086765277,0.0229086765277,1,X93 X101,0.439644444444,0.0209020582926,0.439644444444,0.0209020582926
0.0229086765277,0.0229086765277,0.0229086765277,0.0229086765277,0.0229086765277,0.0229086765277,0.0229086765277,0.0229086765277,1,X94 X102,0.437311111111,0.017858947838,0.437311111111,0.017858947838
0.0229086765277,0.0229086765277,0.0229086765277,0.0229086765277,0.0229086765277,0.0229086765277,0.0229086765277,0.0229086765277,1,X95 X103,0.405177777778,0.0125122877025,0.405177777778,0.0125122877025
0.0229086765277,0.0229086765277,0.0229086765277,0.0229086765277,0.0229086765277,0.0229086765277,0.0229086765277,0.0229086765277,1,X96 X104,0.302444444444,0.0231618217597,0.302444444444,0.0231618217597
0.0229086765277,0.0229086765277,0.0229086765277,0.0229086765277,0.0229086765277,0.0229086765277,0.0229086765277,0.0229086765277,1,X97 X105,0.684666666667,0.0115509864235,0.684666666667,0.0115509864235
0.0229086765277,0.0229086765277,0.0229086765277,0.0229086765277,0.0229086765277,0.0229086765277,0.0229086765277,0.0229086765277,1,X99 Z106 Y107 Y113 Z114 X120,0.342688888889,0.0149661004765,0.342688888889,0.0149661004765
0.0229086765277,0.0229086765277,0.0229086765277,0.0229086765277,0.0229086765277,0.0229086765277,0.0229086765277,0.0229086765277,1,Y0 Z1 X2,0.692644444444,0.0090405359305,0.692644444444,0.0090405359305
0.0229086765277,0.0229086765277,0.0229086765277,0.0229086765277,0.0229086765277,0.0229086765277,0.0229086765277,0.0229086765277,1,Y20 Z25 X30,0.398888888889,0.0177469080645,0.398888888889,0.0177469080645
0.0229086765277,0.0229086765277,0.0229086765277,0.0229086765277,0.0229086765277,0.0229086765277,0.0229086765277,0.0229086765277,1,Y42 Z49 X56,0.258422222222,0.0144863347771,0.258422222222,0.0144863347771
0.0229086765277,0.0229086765277,0.0229086765277,0.0229086765277,0.0229086765277,0.0229086765277,0.0229086765277,0.0229086765277,1,Y6 Z9 X12,0.518177777778,0.0161410766383,0.518177777778,0.0161410766383
0.0229086765277,0.0229086765277,0.0229086765277,0.0229086765277,0.0229086765277,0.0229086765277,0.0229086765277,0.0229086765277,1,Z15 Y19 X24,0.767133333333,0.0124403865853,0.767133333333,0.0124403865853
0.0229086765277,0.0229086765277,0.0229086765277,0.0229086765277,0.0229086765277,0.0229086765277,0.0229086765277,0.0229086765277,1,Z3 Y5 X8,0.759622222222,0.0109847450241,0.759622222222,0.0109847450241
0.0229086765277,0.0229086765277,0.0229086765277,0.0229086765277,0.0229086765277,0.0229086765277,0.0229086765277,0.0229086765277,1,Z35 Y41 X48,0.764622222222,0.00906837937396,0.764622222222,0.00906837937396
0.0229086765277,0.0229086765277,0.0229086765277,0.0229086765277,0.0229086765277,0.0229086765277,0.0229086765277,0.0229086765277,1,Z63 Y71 X80,0.7634,0.0118203020363,0.7634,0.0118203020363
0.0229086765277,0.0229086765277,0.0229086765277,0.0229086765277,0.0229086765277,0.0229086765277,0.0229086765277,0.0229086765277,5,Logical X,0.110955555556,0.013447423754,0.105177777778,0.0224326549971
0.0229086765277,0.0229086765277,0.0229086765277,0.0229086765277,0.0229086765277,0.0229086765277,0.0229086765277,0.0229086765277,5,Logical Y,0.0162444444444,0.0132578129451,-0.00235555555556,0.0215354885462
0.0229086765277,0.0229086765277,0.0229086765277,0.0229086765277,0.0229086765277,0.0229086765277,0.0229086765277,0.0229086765277,5,Logical Z,0.0167333333333,0.0121224278387,-0.00573333333333,0.014475875029
0.0229086765277,0.0229086765277,0.0229086765277,0.0229086765277,0.0229086765277,0.0229086765277,0.0229086765277,0.0229086765277,5,X0 X1,0.750733333333,0.0107971189573,0.750733333333,0.0107971189573
0.0229086765277,0.0229086765277,0.0229086765277,0.0229086765277,0.0229086765277,0.0229086765277,0.0229086765277,0.0229086765277,5,X1 Z2 Y3 Y4 Z5 X7,0.505755555556,0.0131650103231,0.505755555556,0.0131650103231
0.0229086765277,0.0229086765277,0.0229086765277,0.0229086765277,0.0229086765277,0.0229086765277,0.0229086765277,0.0229086765277,5,X10 Z13 Y14 Y17 Z18 X22,0.389444444444,0.0177345979441,0.389444444444,0.0177345979441
0.0229086765277,0.0229086765277,0.0229086765277,0.0229086765277,0.0229086765277,0.0229086765277,0.0229086765277,0.0229086765277,5,X100 Z107 Y108 Y114 Z115 X121,0.311133333333,0.0132655171916,0.311133333333,0.0132655171916
0.0229086765277,0.0229086765277,0.0229086765277,0.0229086765277,0.0229086765277,0.0229086765277,0.0229086765277,0.0229086765277,5,X101 Z108 Y109 Y115 Z116 X122,0.313,0.0128125297869,0.313,0.0128125297869
0.0229086765277,0.0229086765277,0.0229086765277,0.0229086765277,0.0229086765277,0.0229086765277,0.0229086765277,0.0229086765277,5,X102 Z109 Y110 Y116 Z117 X123,0.311933333333,0.0118526715872,0.311933333333,0.0118526715872
0.0229086765277,0.0229086765277,0.0229086765277,0.0229086765277,0.0229086765277,0.0229086765277,0.0229086765277,0.0229086765277,5,X103 Z110 Y111 Y117 Z118 X124,0.180666666667,0.0181749691036,0.180666666667,0.0181749691036
0.0229086765277,0.0229086765277,0.0229086765277,0.0229086765277,0.0229086765277,0.0229086765277,0.0229086765277,0.0229086765277,5,X104 Z111 Y112 Y118 Z119 X125,0.0662666666667,0.0171105040446,0.0662666666667,0.0171105040446
0.0229086765277,0.0229086765277,0.0229086765277,0.0229086765277,0.0229086765277,0.0229086765277,0.0229086765277,0.0229086765277,5,X105 Z112 Y119,0.3966,0.0161992857323,0.3966,0.0161992857323
0.0229086765277,0.0229086765277,0.0229086765277,0.0229086765277,0.0229086765277,0.0229086765277,0.0229086765277,0.0229086765277,5,X106 X113,0.370111111111,0.0185241549532,0.370111111111,0.0185241549532
0.0229086765277,0.0229086765277,0.0229086765277,0.0229086765277,0.0229086765277,0.0229086765277,0.0229086765277,0.0229086765277,5,X107 X114,0.401,0.0184359718342,0.401,0.0184359718342
0.0229086765277,0.0229086765277,0.0229086765277,0.0229086765277,0.0229086765277,0.0229086765277,0.0229086765277,0.0229086765277,5,X108 X115,0.458955555556,0.0157962926281,0.458955555556,0.0157962926281
0.0229086765277,0.0229086765277,0.0229086765277,0.0229086765277,0.0229086765277,0.0229086765277,0.0229086765277,0.0229086765277,5,X109 X116,0.531311111111,0.0146085403388,0.531311111111,0.0146085403388
0.0229086765277,0.0229086765277,0.0229086765277,0.0229086765277,0.0229086765277,0.0229086765277,0.0229086765277,0.0229086765277,5,X11 Z14 Y15 Y18 Z19 X23,0.379155555556,0.0187640590119,0.379155555556,0.0187640590119
0.0229086765277,0.0229086765277,0.0229086765277,0.0229086765277,0.0229086765277,0.0229086765277,0.0229086765277,0.0229086765277,5,X110 X117,0.610688888889,0.0145349185399,0.610688888889,0.0145349185399
0.0229086765277,0.0229086765277,0.0229086765277,0.0229086765277,0.0229086765277,0.0229086765277,0.0229086765277,0.0229086765277,5,X111 X118,0.673311111111,0.013465418553,0.673311111111,0.013465418553
0.0229086765277,0.0229086765277,0.0229086765277,0.0229086765277,0.0229086765277,0.0229086765277,0.0229086765277,0.0229086765277,5,X112 X119,0.189066666667,0.0144292168481,0.189066666667,0.0144292168481
0.0229086765277,0.0229086765277,0.0229086765277,0.0229086765277,0.0229086765277,0.0229086765277,0.0229086765277,0.0229086765277,5,X113 Y120 Z126,0.761111111111,0.0111366755715,0.761111111111,0.0111366755715
0.0229086765277,0.0229086765277,0.0229086765277,0.0229086765277,0.0229086765277,0.0229086765277,0.0229086765277,0.0229086765277,5,X114 Z120 Y121 Y126 Z127 X132,0.275288888889,0.0215903578119,0.275288888889,0.0215903578119
0.0229086765277,0.0229086765277,0.0229086765277,0.0229086765277,0.0229086765277,0.0229086765277,0.0229086765277,0.0229086765277,5,X115 Z121 Y122 Y127 Z128 X133,0.249755555556,0.0163040867249,0.249755555556,0.0163040867249
0.0229086765277,0.0229086765277,0.0229086765277,0.0229086765277,0.0229086765277,0.0229086765277,0.0229086765277,0.0229086765277,5,X116 Z122 Y123 Y128 Z129 X134,0.253911111111,0.0192906650311,0.253911111111,0.0192906650311
0.0229086765277,0.0229086765277,0.0229086765277,0.0229086765277,0.0229086765277,0.0229086765277,0.0229086765277,0.0229086765277,5,X117 Z123 Y124 Y129 Z130 X135,0.253866666667,0.0156135318067,0.253866666667,0.0156135318067
0.0229086765277,0.0229086765277,0.0229086765277,0.0229086765277,0.0229086765277,0.0229086765277,0.0229086765277,0.0229086765277,5,X118 Z124 Y125 Y130 Z131 X136,0.252444444444,0.0185854830123,0.252444444444,0.0185854830123
0.0229086765277,0.0229086765277,0.0229086765277,0.0229086765277,0.0229086765277,0.0229086765277,0.0229086765277,0.0229086765277,5,X12 X16,0.446755555556,0.0160456564427,0.446755555556,0.0160456564427
0.0229086765277,0.0229086765277,0.0229086765277,0.0229086765277,0.0229086765277,0.0229086765277,0.0229086765277,0.0229086765277,5,X120 X126,0.673133333333,0.0159579428091,0.673133333333,0.0159579428091
0.0229086765277,0.0229086765277,0.0229086765277,0.0229086765277,0.0229086765277,0.0229086765277,0.0229086765277,0.0229086765277,5,X121 X127,0.5612,0.0147286048479,0.5612,0.0147286048479
0.0229086765277,0.0229086765277,0.0229086765277,0.0229086765277,0.0229086765277,0.0229086765277,0.0229086765277,0.0229086765277,5,X122 X128,0.481911111111,0.0165246671145,0.481911111111,0.0165246671145
0.0229086765277,0.0229086765277,0.0229086765277,0.0229086765277,0.0229086765277,0.0229086765277,0.0229086765277,0.0229086765277,5,X123 X129,0.419111111111,0.0184547356232,0.419111111111,0.0184547356232
0.0229086765277,0.0229086765277,0.0229086765277,0.0229086765277,0.0229086765277,0.0229086765277,0.0229086765277,0.0229086765277,5,X124 X130,0.359888888889,0.01868314817,0.359888888889,0.01868314817
0.0229086765277,0.0229086765277,0.0229086765277,0.0229086765277,0.0229086765277,0.0229086765277,0.0229086765277,0.0229086765277,5,X125 X131,0.344577777778,0.0155509133741,0.344577777778,0.0155509133741
0.0229086765277,0.0229086765277,0.0229086765277,0.0229086765277,0.0229086765277,0.0229086765277,0.0229086765277,0.0229086765277,5,X127 Z132 Y133 Y137 Z138 X142,0.358844444444,0.015828519131,0.358844444444,0.015828519131
0.0229086765277,0.0229086765277,0.0229086765277,0.0229086765277,0.0229086765277,0.0229086765277,0.0229086765277,0.0229086765277,5,X128 Z133 Y134 Y138 Z139 X143,0.325688888889,0.0145014025833,0.325688888889,0.0145014025833
0.0229086765277,0.0229086765277,0.0229086765277,0.0229086765277,0.0229086765277,0.0229086765277,0.0229086765277,0.0229086765277,5,X129 Z134 Y135 Y139 Z140 X144,0.333355555556,0.0151987933916,0.333355555556,0.0151987933916
0.0229086765277,0.0229086765277,0.0229086765277,0.0229086765277,0.0229086765277,0.0229086765277,0.0229086765277,0.0229086765277,5,X13 X17,0.486644444444,0.01404151844,0.486644444444,0.01404151844
0.0229086765277,0.0229086765277,0.0229086765277,0.0229086765277,0.0229086765277,0.0229086765277,0.0229086765277,0.0229086765277,5,X130 Z135 Y136 Y140 Z141 X145,0.340111111111,0.0194893296935,0.340111111111,0.0194893296935
0.0229086765277,0.0229086765277,0.0229086765277,0.0229086765277,0.0229086765277,0.0229086765277,0.0229086765277,0.0229086765277,5,X131 Z136 Y141,0.797711111111,0.0121000723006,0.797711111111,0.0121000723006
0.0229086765277,0.0229086765277,0.0229086765277,0.0229086765277,0.0229086765277,0.0229086765277,0.0229086765277,0.0229086765277,5,X132 X137,0.392844444444,0.0178017462946,0.392844444444,0.0178017462946
0.0229086765277,0.0229086765277,0.0229086765277,0.0229086765277,0.0229086765277,0.0229086765277,0.0229086765277,0.0229086765277,5,X133 X138,0.4218,0.0142298052103,0.4218,0.0142298052103
0.0229086765277,0.0229086765277,0.0229086765277,0.0229086765277,0.0229086765277,0.0229086765277,0.0229086765277,0.0229086765277,5,X134 X139,0.484555555556,0.0153319173093,0.484555555556,0.0153319173093
0.0229086765277,0.0229086765277,0.0229086765277,0.0229086765277,0.0229086765277,0.0229086765277,0.0229086765277,0.0229086765277,5,X135 X140,0.555088888889,0.0172228871457,0.555088888889,0.0172228871457
0.0229086765277,0.0229086765277,0.0229086765277,0.0229086765277,0.0229086765277,0.0229086765277,0.0229086765277,0.0229086765277,5,X136 X141,0.672555555556,0.0112404351279,0.672555555556,0.0112404351279
0.0229086765277,0.0229086765277,0.0229086765277,0.0229086765277,0.0229086765277,0.0229086765277,0.0229086765277,0.0229086765277,5,X137 Y142 Z146,0.762088888889,0.012555145282,0.762088888889,0.012555145282
0.0229086765277,0.0229086765277,0.0229086765277,0.0229086765277,0.0229086765277,0.0229086765277,0.0229086765277,0.0229086765277,5,X138 Z142 Y143 Y146 Z147 X150,0.353533333333,0.0165315442117,0.353533333333,0.0165315442117
0.0229086765277,0.0229086765277,0.0229086765277,0.0229086765277,0.0229086765277,0.0229086765277,0.0229086765277,0.0229086765277,5,X139 Z143 Y144 Y147 Z148 X151,0.325822222222,0.0183377702747,0.325822222222,0.0183377702747
0.0229086765277,0.0229086765277,0.0229086765277,0.0229086765277,0.0229086765277,0.0229086765277,0.0229086765277,0.0229086765277,5,X14 X18,0.554688888889,0.0174025878494,0.554688888889,0.0174025878494
0.0229086765277,0.0229086765277,0.0229086765277,0.0229086765277,0.0229086765277,0.0229086765277,0.0229086765277,0.0229086765277,5,X140 Z144 Y145 Y148 Z149 X152,0.331622222222,0.0166539568396,0.331622222222,0.0166539568396
0.0229086765277,0.0229086765277,0.0229086765277,0.0229086765277,0.0229086765277,0.0229086765277,0.0229086765277,0.0229086765277,5,X142 X146,0.671888888889,0.0165268464595,0.671888888889,0.0165268464595
0.0229086765277,0.0229086765277,0.0229086765277,0.0229086765277,0.0229086765277,0.0229086765277,0.0229086765277,0.0229086765277,5,X143 X147,0.556666666667,0.0132895833953,0.556666666667,0.0132895833953
0.0229086765277,0.0229086765277,0.0229086765277,0.0229086765277,0.0229086765277,0.0229086765277,0.0229086765277,0.0229086765277,5,X144 X148,0.4824,0.0123395138289,0.4824,0.0123395138289
0.0229086765277,0.0229086765277,0.0229086765277,0.0229086765277,0.0229086765277,0.0229086765277,0.0229086765277,0.0229086765277,5,X145 X149,0.4566,0.0148219057104,0.4566,0.0148219057104
0.0229086765277,0.0229086765277,0.0229086765277,0.0229086765277,0.0229086765277,0.0229086765277,0.0229086765277,0.0229086765277,5,X147 Z150 Y151 Y153 Z154 X156,0.472311111111,0.0166870985872,0.472311111111,0.0166870985872
0.0229086765277,0.0229086765277,0.0229086765277,0.0229086765277,0.0229086765277,0.0229086765277,0.0229086765277,0.0229086765277,5,X148 Z151 Y152 Y154 Z155 X157,0.455733333333,0.0176709819063,0.455733333333,0.0176709819063
0.0229086765277,0.0229086765277,0.0229086765277,0.0229086765277,0.0229086765277,0.0229086765277,0.0229086765277,0.0229086765277,5,X149 Z152 Y155,0.797044444444,0.0112139531767,0.797044444444,0.0112139531767
0.0229086765277,0.0229086765277,0.0229086765277,0.0229086765277,0.0229086765277,0.0229086765277,0.0229086765277,0.0229086765277,5,X15 X19,0.670955555556,0.0144621936337,0.670955555556,0.0144621936337
0.0229086765277,0.0229086765277,0.0229086765277,0.0229086765277,0.0229086765277,0.0229086765277,0.0229086765277,0.0229086765277,5,X150 X153,0.515044444444,0.0143697034776,0.515044444444,0.0143697034776
0.0229086765277,0.0229086765277,0.0229086765277,0.0229086765277,0.0229086765277,0.0229086765277,0.0229086765277,0.0229086765277,5,X151 X154,0.554222222222,0.0157181431964,0.554222222222,0.0157181431964
0.0229086765277,0.0229086765277,0.0229086765277,0.0229086765277,0.0229086765277,0.0229086765277,0.0229086765277,0.0229086765277,5,X152 X155,0.672755555556,0.0138958725737,0.672755555556,0.0138958725737
0.0229086765277,0.0229086765277,0.0229086765277,0.0229086765277,0.0229086765277,0.0229086765277,0.0229086765277,0.0229086765277,5,X153 Y156 Z158,0.759977777778,0.0100610905365,0.759977777778,0.0100610905365
0.0229086765277,0.0229086765277,0.0229086765277,0.0229086765277,0.0229086765277,0.0229086765277,0.0229086765277,0.0229086765277,5,X154 Z156 Y157 Y158 Z159 X160,0.473488888889,0.0153385132014,0.473488888889,0.0153385132014
0.0229086765277,0.0229086765277,0.0229086765277,0.0229086765277,0.0229086765277,0.0229086765277,0.0229086765277,0.0229086765277,5,X156 X158,0.670133333333,0.0147056951983,0.670133333333,0.0147056951983
0.0229086765277,0.0229086765277,0.0229086765277,0.0229086765277,0.0229086765277,0.0229086765277,0.0229086765277,0.0229086765277,5,X157 X159,0.594155555556,0.0139112494332,0.594155555556,0.0139112494332
0.0229086765277,0.0229086765277,0.0229086765277,0.0229086765277,0.0229086765277,0.0229086765277,0.0229086765277,0.0229086765277,5,X159 Z160 Y161,0.797111111111,0.0106800682095,0.797111111111,0.0106800682095
0.0229086765277,0.0229086765277,0.0229086765277,0.0229086765277,0.0229086765277,0.0229086765277,0.0229086765277,0.0229086765277,5,X16 Z20 Y21 Y25 Z26 X31,0.2942,0.0206181484614,0.2942,0.0206181484614
0.0229086765277,0.0229086765277,0.0229086765277,0.0229086765277,0.0229086765277,0.0229086765277,0.0229086765277,0.0229086765277,5,X160 X161,0.7188,0.0114489036434,0.7188,0.0114489036434
0.0229086765277,0.0229086765277,0.0229086765277,0.0229086765277,0.0229086765277,0.0229086765277,0.0229086765277,0.0229086765277,5,X17 Z21 Y22 Y26 Z27 X32,0.299355555556,0.0139638101853,0.299355555556,0.0139638101853
0.0229086765277,0.0229086765277,0.0229086765277,0.0229086765277,0.0229086765277,0.0229086765277,0.0229086765277,0.0229086765277,5,X18 Z22 Y23 Y27 Z28 X33,0.297488888889,0.0187785508467,0.297488888889,0.0187785508467
0.0229086765277,0.0229086765277,0.0229086765277,0.0229086765277,0.0229086765277,0.0229086765277,0.0229086765277,0.0229086765277,5,X19 Z23 Y24 Y28 Z29 X34,0.299488888889,0.017243519152,0.299488888889,0.017243519152
0.0229086765277,0.0229086765277,0.0229086765277,0.0229086765277,0.0229086765277,0.0229086765277,0.0229086765277,0.0229086765277,5,X2 X4,0.596222222222,0.0142019731329,0.596222222222,0.0142019731329
0.0229086765277,0.0229086765277,0.0229086765277,0.0229086765277,0.0229086765277,0.0229086765277,0.0229086765277,0.0229086765277,5,X20 X25,0.706311111111,0.0123347104958,0.706311111111,0.0123347104958
0.0229086765277,0.0229086765277,0.0229086765277,0.0229086765277,0.0229086765277,0.0229086765277,0.0229086765277,0.0229086765277,5,X21 X26,0.579533333333,0.0141909798128,0.579533333333,0.0141909798128
0.0229086765277,0.0229086765277,0.0229086765277,0.0229086765277,0.0229086765277,0.0229086765277,0.0229086765277,0.0229086765277,5,X22 X27,0.510022222222,0.0172859505624,0.510022222222,0.0172859505624
0.0229086765277,0.0229086765277,0.0229086765277,0.0229086765277,0.0229086765277,0.0229086765277,0.0229086765277,0.0229086765277,5,X23 X28,0.4446,0.0150180989149,0.4446,0.0150180989149
0.0229086765277,0.0229086765277,0.0229086765277,0.0229086765277,0.0229086765277,0.0229086765277,0.0229086765277,0.0229086765277,5,X24 X29,0.425377777778,0.0154224629261,0.425377777778,0.0154224629261
0.0229086765277,0.0229086765277,0.0229086765277,0.0229086765277,0.0229086765277,0.0229086765277,0.0229086765277,0.0229086765277,5,X25 Z30 Y31 Y36 Z37 X43,0.300088888889,0.0153575354557,0.300088888889,0.0153575354557
0.0229086765277,0.0229086765277,0.0229086765277,0.0229086765277,0.0229086765277,0.0229086765277,0.0229086765277,0.0229086765277,5,X26 Z31 Y32 Y37 Z38 X44,0.2978,0.0174330904798,0.2978,0.0174330904798
0.0229086765277,0.0229086765277,0.0229086765277,0.0229086765277,0.0229086765277,0.0229086765277,0.0229086765277,0.0229086765277,5,X27 Z32 Y33 Y38 Z39 X45,0.296155555556,0.0180392788409,0.296155555556,0.0180392788409
0.0229086765277,0.0229086765277,0.0229086765277,0.0229086765277,0.0229086765277,0.0229086765277,0.0229086765277,0.0229086765277,5,X28 Z33 Y34 Y39 Z40 X46,0.296155555556,0.0144154911708,0.296155555556,0.0144154911708
0.0229086765277,0.0229086765277,0.0229086765277,0.0229086765277,0.0229086765277,0.0229086765277,0.0229086765277,0.0229086765277,5,X29 Z34 Y35 Y40 Z41 X47,0.2942,0.0165741339354,0.2942,0.0165741339354
0.0229086765277,0.0229086765277,0.0229086765277,0.0229086765277,0.0229086765277,0.0229086765277,0.0229086765277,0.0229086765277,5,X3 X5,0.668977777778,0.0143708232868,0.668977777778,0.0143708232868
0.0229086765277,0.0229086765277,0.0229086765277,0.0229086765277,0.0229086765277,0.0229086765277,0.0229086765277,0.0229086765277,5,X30 X36,0.338977777778,0.0139805374661,0.338977777778,0.0139805374661
0.0229086765277,0.0229086765277,0.0229086765277,0.0229086765277,0.0229086765277,0.0229086765277,0.0229086765277,0.0229086765277,5,X31 X37,0.369933333333,0.0134436243061,0.369933333333,0.0134436243061
0.0229086765277,0.0229086765277,0.0229086765277,0.0229086765277,0.0229086765277,0.0229086765277,0.0229086765277,0.0229086765277,5,X32 X38,0.420288888889,0.0147007788605,0.420288888889,0.0147007788605
0.0229086765277,0.0229086765277,0.0229086765277,0.0229086765277,0.0229086765277,0.0229086765277,0.0229086765277,0.0229086765277,5,X33 X39,0.486044444444,0.0210948838622,0.486044444444,0.0210948838622
0.0229086765277,0.0229086765277,0.0229086765277,0.0229086765277,0.0229086765277,0.0229086765277,0.0229086765277,0.0229086765277,5,X34 X40,0.5528,0.0127737758184,0.5528,0.0127737758184
0.0229086765277,0.0229086765277,0.0229086765277,0.0229086765277,0.0229086765277,0.0229086765277,0.0229086765277,0.0229086765277,5,X35 X41,0.671844444444,0.011090271645,0.671844444444,0.011090271645
0.0229086765277,0.0229086765277,0.0229086765277,0.0229086765277,0.0229086765277,0.0229086765277,0.0229086765277,0.0229086765277,5,X36 Z42 Y43 Y49 Z50 X57,0.180488888889,0.0169352459173,0.180488888889,0.0169352459173
0.0229086765277,0.0229086765277,0.0229086765277,0.0229086765277,0.0229086765277,0.0229086765277,0.0229086765277,0.0229086765277,5,X37 Z43 Y44 Y50 Z51 X58,0.182511111111,0.0150886863133,0.182511111111,0.0150886863133
0.0229086765277,0.0229086765277,0.0229086765277,0.0229086765277,0.0229086765277,0.0229086765277,0.0229086765277,0.0229086765277,5,X38 Z44 Y45 Y51 Z52 X59,0.168111111111,0.0179791989928,0.168111111111,0.0179791989928
0.0229086765277,0.0229086765277,0.0229086765277,0.0229086765277,0.0229086765277,0.0229086765277,0.0229086765277,0.0229086765277,5,X39 Z45 Y46 Y52 Z53 X60,0.228177777778,0.0209629728913,0.228177777778,0.0209629728913
0.0229086765277,0.0229086765277,0.0229086765277,0.0229086765277,0.0229086765277,0.0229086765277,0.0229086765277,0.0229086765277,5,X4 Z6 Y7 Y9 Z10 X13,0.385,0.0181291661878,0.385,0.0181291661878
0.0229086765277,0.0229086765277,0.0229086765277,0.0229086765277,0.0229086765277,0.0229086765277,0.0229086765277,0.0229086765277,5,X40 Z46 Y47 Y53 Z54 X61,0.223111111111,0.0199211728819,0.223111111111,0.0199211728819
0.0229086765277,0.0229086765277,0.0229086765277,0.0229086765277,0.0229086765277,0.0229086765277,0.0229086765277,0.0229086765277,5,X41 Z47 Y48 Y54 Z55 X62,0.218644444444,0.0192936440278,0.218644444444,0.0192936440278
0.0229086765277,0.0229086765277,0.0229086765277,0.0229086765277,0.0229086765277,0.0229086765277,0.0229086765277,0.0229086765277,5,X42 X49,0.7014,0.0161044007693,0.7014,0.0161044007693
0.0229086765277,0.0229086765277,0.0229086765277,0.0229086765277,0.0229086765277,0.0229086765277,0.0229086765277,0.0229086765277,5,X43 X50,0.583933333333,0.0138379787242,0.583933333333,0.0138379787242
0.0229086765277,0.0229086765277,0.0229086765277,0.0229086765277,0.0229086765277,0.0229086765277,0.0229086765277,0.0229086765277,5,X44 X51,0.513622222222,0.0165774007949,0.513622222222,0.0165774007949
0.0229086765277,0.0229086765277,0.0229086765277,0.0229086765277,0.0229086765277,0.0229086765277,0.0229086765277,0.0229086765277,5,X45 X52,0.440222222222,0.0164107555922,0.440222222222,0.0164107555922
0.0229086765277,0.0229086765277,0.0229086765277,0.0229086765277,0.0229086765277,0.0229086765277,0.0229086765277,0.0229086765277,5,X46 X53,0.380866666667,0.0196327586123,0.380866666667,0.0196327586123
0.0229086765277,0.0229086765277,0.0229086765277,0.0229086765277,0.0229086765277,0.0229086765277,0.0229086765277,0.0229086765277,5,X47 X54,0.330755555556,0.0161646066547,0.330755555556,0.0161646066547
0.0229086765277,0.0229086765277,0.0229086765277,0.0229086765277,0.0229086765277,0.0229086765277,0.0229086765277,0.0229086765277,5,X48 X55,0.323377777778,0.0185413968511,0.323377777778,0.0185413968511
0.0229086765277,0.0229086765277,0.0229086765277,0.0229086765277,0.0229086765277,0.0229086765277,0.0229086765277,0.0229086765277,5,X49 Z56 Y57 Y64 Z65 X73,0.145111111111,0.0183731716234,0.145111111111,0.0183731716234
0.0229086765277,0.0229086765277,0.0229086765277,0.0229086765277,0.0229086765277,0.0229086765277,0.0229086765277,0.0229086765277,5,X5 Z7 Y8 Y10 Z11 X14,0.395777777778,0.016165175505,0.395777777778,0.016165175505
0.0229086765277,0.0229086765277,0.0229086765277,0.0229086765277,0.0229086765277,0.0229086765277,0.0229086765277,0.0229086765277,5,X50 Z57 Y58 Y65 Z66 X74,0.152,0.0151093079835,0.152,0.0151093079835
0.0229086765277,0.0229086765277,0.0229086765277,0.0229086765277,0.0229086765277,0.0229086765277,0.0229086765277,0.0229086765277,5,X51 Z58 Y59 Y66 Z67 X75,0.171844444444,0.0171231136687,0.171844444444,0.0171231136687
0.0229086765277,0.0229086765277,0.0229086765277,0.0229086765277,0.0229086765277,0.0229086765277,0.0229086765277,0.0229086765277,5,X52 Z59 Y60 Y67 Z68 X76,0.1852,0.0166546163333,0.1852,0.0166546163333
0.0229086765277,0.0229086765277,0.0229086765277,0.0229086765277,0.0229086765277,0.0229086765277,0.0229086765277,0.0229086765277,5,X53 Z60 Y61 Y68 Z69 X77,0.233711111111,0.0215688745043,0.233711111111,0.0215688745043
0.0229086765277,0.0229086765277,0.0229086765277,0.0229086765277,0.0229086765277,0.0229086765277,0.0229086765277,0.0229086765277,5,X54 Z61 Y62 Y69 Z70 X78,0.2252,0.0233509949578,0.2252,0.0233509949578
0.0229086765277,0.0229086765277,0.0229086765277,0.0229086765277,0.0229086765277,0.0229086765277,0.0229086765277,0.0229086765277,5,X55 Z62 Y63 Y70 Z71 X79,0.217666666667,0.0186113713026,0.217666666667,0.0186113713026
0.0229086765277,0.0229086765277,0.0229086765277,0.0229086765277,0.0229086765277,0.0229086765277,0.0229086765277,0.0229086765277,5,X56 X64,0.233177777778,0.0174106879874,0.233177777778,0.0174106879874
0.0229086765277,0.0229086765277,0.0229086765277,0.0229086765277,0.0229086765277,0.0229086765277,0.0229086765277,0.0229086765277,5,X57 X65,0.2414,0.020051542779,0.2414,0.020051542779
0.0229086765277,0.0229086765277,0.0229086765277,0.0229086765277,0.0229086765277,0.0229086765277,0.0229086765277,0.0229086765277,5,X58 X66,0.264377777778,0.0165579750861,0.264377777778,0.0165579750861
0.0229086765277,0.0229086765277,0.0229086765277,0.0229086765277,0.0229086765277,0.0229086765277,0.0229086765277,0.0229086765277,5,X59 X67,0.281133333333,0.0179434189475,0.281133333333,0.0179434189475
0.0229086765277,0.0229086765277,0.0229086765277,0.0229086765277,0.0229086765277,0.0229086765277,0.0229086765277,0.0229086765277,5,X6 X9,0.705244444444,0.01219978435,0.705244444444,0.01219978435
0.0229086765277,0.0229086765277,0.0229086765277,0.0229086765277,0.0229086765277,0.0229086765277,0.0229086765277,0.0229086765277,5,X60 X68,0.420577777778,0.019601965132,0.420577777778,0.019601965132
0.0229086765277,0.0229086765277,0.0229086765277,0.0229086765277,0.0229086765277,0.0229086765277,0.0229086765277,0.0229086765277,5,X61 X69,0.479755555556,0.0159284639636,0.479755555556,0.0159284639636
0.0229086765277,0.0229086765277,0.0229086765277,0.0229086765277,0.0229086765277,0.0229086765277,0.0229086765277,0.0229086765277,5,X62 X70,0.556733333333,0.0136079197134,0.556733333333,0.0136079197134
0.0229086765277,0.0229086765277,0.0229086765277,0.0229086765277,0.0229086765277,0.0229086765277,0.0229086765277,0.0229086765277,5,X63 X71,0.671466666667,0.0132311023337,0.671466666667,0.0132311023337
0.0229086765277,0.0229086765277,0.0229086765277,0.0229086765277,0.0229086765277,0.0229086765277,0.0229086765277,0.0229086765277,5,X64 Z72 Y73 Y81 Z82 X90,0.379288888889,0.016313906658,0.379288888889,0.016313906658
0.0229086765277,0.0229086765277,0.0229086765277,0.0229086765277,0.0229086765277,0.0229086765277,0.0229086765277,0.0229086765277,5,X65 Z73 Y74 Y82 Z83 X91,0.350844444444,0.017251738395,0.350844444444,0.017251738395
0.0229086765277,0.0229086765277,0.0229086765277,0.0229086765277,0.0229086765277,0.0229086765277,0.0229086765277,0.0229086765277,5,X66 Z74 Y75 Y83 Z84 X92,0.353066666667,0.016341752463,0.353066666667,0.016341752463
0.0229086765277,0.0229086765277,0.0229086765277,0.0229086765277,0.0229086765277,0.0229086765277,0.0229086765277,0.0229086765277,5,X67 Z75 Y76 Y84 Z85 X93,0.264222222222,0.017972591592,0.264222222222,0.017972591592
0.0229086765277,0.0229086765277,0.0229086765277,0.0229086765277,0.0229086765277,0.0229086765277,0.0229086765277,0.0229086765277,5,X68 Z76 Y77 Y85 Z86 X94,0.260311111111,0.0174459061788,0.260311111111,0.0174459061788
0.0229086765277,0.0229086765277,0.0229086765277,0.0229086765277,0.0229086765277,0.0229086765277,0.0229086765277,0.0229086765277,5,X69 Z77 Y78 Y86 Z87 X95,0.487133333333,0.0182869004473,0.487133333333,0.0182869004473
0.0229086765277,0.0229086765277,0.0229086765277,0.0229086765277,0.0229086765277,0.0229086765277,0.0229086765277,0.0229086765277,5,X7 X10,0.586377777778,0.0150764929135,0.586377777778,0.0150764929135
0.0229086765277,0.0229086765277,0.0229086765277,0.0229086765277,0.0229086765277,0.0229086765277,0.0229086765277,0.0229086765277,5,X70 Z78 Y79 Y87 Z88 X96,0.364555555556,0.0194397257548,0.364555555556,0.0194397257548
0.0229086765277,0.0229086765277,0.0229086765277,0.0229086765277,0.0229086765277,0.0229086765277,0.0229086765277,0.0229086765277,5,X71 Z79 Y80 Y88 Z89 X97,0.318777777778,0.0152728274808,0.318777777778,0.0152728274808
0.0229086765277,0.0229086765277,0.0229086765277,0.0229086765277,0.0229086765277,0.0229086765277,0.0229086765277,0.0229086765277,5,X72 X81,0.427177777778,0.0178496774032,0.427177777778,0.0178496774032
0.0229086765277,0.0229086765277,0.0229086765277,0.0229086765277,0.0229086765277,0.0229086765277,0.0229086765277,0.0229086765277,5,X73 X82,0.449222222222,0.018981001458,0.449222222222,0.018981001458
0.0229086765277,0.0229086765277,0.0229086765277,0.0229086765277,0.0229086765277,0.0229086765277,0.0229086765277,0.0229086765277,5,X74 X83,0.513666666667,0.0143836326736,0.513666666667,0.0143836326736
0.0229086765277,0.0229086765277,0.0229086765277,0.0229086765277,0.0229086765277,0.0229086765277,0.0229086765277,0.0229086765277,5,X75 X84,0.590644444444,0.0135979301257,0.590644444444,0.0135979301257
0.0229086765277,0.0229086765277,0.0229086765277,0.0229086765277,0.0229086765277,0.0229086765277,0.0229086765277,0.0229086765277,5,X76 X85,0.424,0.0130604254388,0.424,0.0130604254388
0.0229086765277,0.0229086765277,0.0229086765277,0.0229086765277,0.0229086765277,0.0229086765277,0.0229086765277,0.0229086765277,5,X77 X86,0.623555555556,0.0163611851048,0.623555555556,0.0163611851048
0.0229086765277,0.0229086765277,0.0229086765277,0.0229086765277,0.0229086765277,0.0229086765277,0.0229086765277,0.0229086765277,5,X78 X87,0.507644444444,0.0158089487567,0.507644444444,0.0158089487567
0.0229086765277,0.0229086765277,0.0229086765277,0.0229086765277,0.0229086765277,0.0229086765277,0.0229086765277,0.0229086765277,5,X79 X88,0.384244444444,0.012972689655,0.384244444444,0.012972689655
0.0229086765277,0.0229086765277,0.0229086765277,0.0229086765277,0.0229086765277,0.0229086765277,0.0229086765277,0.0229086765277,5,X8 X11,0.569044444444,0.010845742966,0.569044444444,0.010845742966
0.0229086765277,0.0229086765277,0.0229086765277,0.0229086765277,0.0229086765277,0.0229086765277,0.0229086765277,0.0229086765277,5,X80 X89,0.376488888889,0.0203252731968,0.376488888889,0.0203252731968
0.0229086765277,0.0229086765277,0.0229086765277,0.0229086765277,0.0229086765277,0.0229086765277,0.0229086765277,0.0229086765277,5,X81 Y90 Z98,0.7342,0.011796681136,0.7342,0.011796681136
0.0229086765277,0.0229086765277,0.0229086765277,0.0229086765277,0.0229086765277,0.0229086765277,0.0229086765277,0.0229086765277,5,X82 Z90 Y91 Y98 Z99 X106,0.2478,0.0165083515379,0.2478,0.0165083515379
0.0229086765277,0.0229086765277,0.0229086765277,0.0229086765277,0.0229086765277,0.0229086765277,0.0229086765277,0.0229086765277,5,X83 Z91 Y92 Y99 Z100 X107,0.2298,0.0213972820274,0.2298,0.0213972820274
0.0229086765277,0.0229086765277,0.0229086765277,0.0229086765277,0.0229086765277,0.0229086765277,0.0229086765277,0.0229086765277,5,X84 Z92 Y93 Y100 Z101 X108,0.243444444444,0.0205645108379,0.243444444444,0.0205645108379
0.0229086765277,0.0229086765277,0.0229086765277,0.0229086765277,0.0229086765277,0.0229086765277,0.0229086765277,0.0229086765277,5,X85 Z93 Y94 Y101 Z102 X109,0.226555555556,0.0173757953225,0.226555555556,0.0173757953225
0.0229086765277,0.0229086765277,0.0229086765277,0.0229086765277,0.0229086765277,0.0229086765277,0.0229086765277,0.0229086765277,5,X86 Z94 Y95 Y102 Z103 X110,0.485177777778,0.0158427941084,0.485177777778,0.0158427941084
0.0229086765277,0.0229086765277,0.0229086765277,0.0229086765277,0.0229086765277,0.0229086765277,0.0229086765277,0.0229086765277,5,X87 Z95 Y96 Y103 Z104 X111,0.240888888889,0.0185714594473,0.240888888889,0.0185714594473
0.0229086765277,0.0229086765277,0.0229086765277,0.0229086765277,0.0229086765277,0.0229086765277,0.0229086765277,0.0229086765277,5,X88 Z96 Y97 Y104 Z105 X112,0.0865333333333,0.0182005852291,0.0865333333333,0.0182005852291
0.0229086765277,0.0229086765277,0.0229086765277,0.0229086765277,0.0229086765277,0.0229086765277,0.0229086765277,0.0229086765277,5,X9 Z12 Y13 Y16 Z17 X21,0.397133333333,0.0139579554761,0.397133333333,0.0139579554761
0.0229086765277,0.0229086765277,0.0229086765277,0.0229086765277,0.0229086765277,0.0229086765277,0.0229086765277,0.0229086765277,5,X90 X98,0.672666666667,0.0129081636825,0.672666666667,0.0129081636825
0.0229086765277,0.0229086765277,0.0229086765277,0.0229086765277,0.0229086765277,0.0229086765277,0.0229086765277,0.0229086765277,5,X91 X99,0.557488888889,0.0146433286978,0.557488888889,0.0146433286978
0.0229086765277,0.0229086765277,0.0229086765277,0.0229086765277,0.0229086765277,0.0229086765277,0.0229086765277,0.0229086765277,5,X92 X100,0.4816,0.0165754746585,0.4816,0.0165754746585
0.0229086765277,0.0229086765277,0.0229086765277,0.0229086765277,0.0229086765277,0.0229086765277,0.0229086765277,0.0229086765277,5,X93 X101,0.440311111111,0.0194378730001,0.440311111111,0.0194378730001
0.0229086765277,0.0229086765277,0.0229086765277,0.0229086765277,0.0229086765277,0.0229086765277,0.0229086765277,0.0229086765277,5,X94 X102,0.439777777778,0.0145999877535,0.439777777778,0.0145999877535
0.0229086765277,0.0229086765277,0.0229086765277,0.0229086765277,0.0229086765277,0.0229086765277,0.0229086765277,0.0229086765277,5,X95 X103,0.397844444444,0.0164967739406,0.397844444444,0.0164967739406
0.0229086765277,0.0229086765277,0.0229086765277,0.0229086765277,0.0229086765277,0.0229086765277,0.0229086765277,0.0229086765277,5,X96 X104,0.301444444444,0.0154007347522,0.301444444444,0.0154007347522
0.0229086765277,0.0229086765277,0.0229086765277,0.0229086765277,0.0229086765277,0.0229086765277,0.0229086765277,0.0229086765277,5,X97 X105,0.6818,0.0146678682893,0.6818,0.0146678682893
0.0229086765277,0.0229086765277,0.0229086765277,0.0229086765277,0.0229086765277,0.0229086765277,0.0229086765277,0.0229086765277,5,X99 Z106 Y107 Y113 Z114 X120,0.343133333333,0.0180880350368,0.343133333333,0.0180880350368
0.0229086765277,0.0229086765277,0.0229086765277,0.0229086765277,0.0229086765277,0.0229086765277,0.0229086765277,0.0229086765277,5,Y0 Z1 X2,0.688511111111,0.0141059845275,0.688511111111,0.0141059845275
0.0229086765277,0.0229086765277,0.0229086765277,0.0229086765277,0.0229086765277,0.0229086765277,0.0229086765277,0.0229086765277,5,Y20 Z25 X30,0.393533333333,0.0164544186382,0.393533333333,0.0164544186382
0.0229086765277,0.0229086765277,0.0229086765277,0.0229086765277,0.0229086765277,0.0229086765277,0.0229086765277,0.0229086765277,5,Y42 Z49 X56,0.263022222222,0.0188494607651,0.263022222222,0.0188494607651
0.0229086765277,0.0229086765277,0.0229086765277,0.0229086765277,0.0229086765277,0.0229086765277,0.0229086765277,0.0229086765277,5,Y6 Z9 X12,0.526111111111,0.0144244187737,0.526111111111,0.0144244187737
0.0229086765277,0.0229086765277,0.0229086765277,0.0229086765277,0.0229086765277,0.0229086765277,0.0229086765277,0.0229086765277,5,Z15 Y19 X24,0.758333333333,0.0124890756861,0.758333333333,0.0124890756861
0.0229086765277,0.0229086765277,0.0229086765277,0.0229086765277,0.0229086765277,0.0229086765277,0.0229086765277,0.0229086765277,5,Z3 Y5 X8,0.766444444444,0.0123726720658,0.766444444444,0.0123726720658
0.0229086765277,0.0229086765277,0.0229086765277,0.0229086765277,0.0229086765277,0.0229086765277,0.0229086765277,0.0229086765277,5,Z35 Y41 X48,0.761911111111,0.0103941234994,0.761911111111,0.0103941234994
0.0229086765277,0.0229086765277,0.0229086765277,0.0229086765277,0.0229086765277,0.0229086765277,0.0229086765277,0.0229086765277,5,Z63 Y71 X80,0.760088888889,0.0125086738743,0.760088888889,0.0125086738743
0.0229086765277,0.0229086765277,0.0229086765277,0.0229086765277,0.0229086765277,0.0229086765277,0.0229086765277,0.0229086765277,10,Logical X,0.111644444444,0.0173984042368,0.112711111111,0.0186887663378
0.0229086765277,0.0229086765277,0.0229086765277,0.0229086765277,0.0229086765277,0.0229086765277,0.0229086765277,0.0229086765277,10,Logical Y,0.0116222222222,0.00995881685772,0.00508888888889,0.0181196392962
0.0229086765277,0.0229086765277,0.0229086765277,0.0229086765277,0.0229086765277,0.0229086765277,0.0229086765277,0.0229086765277,10,Logical Z,0.0153777777778,0.0139829489305,-0.000266666666667,0.0144260301132
0.0229086765277,0.0229086765277,0.0229086765277,0.0229086765277,0.0229086765277,0.0229086765277,0.0229086765277,0.0229086765277,10,X0 X1,0.7512,0.0112258595828,0.7512,0.0112258595828
0.0229086765277,0.0229086765277,0.0229086765277,0.0229086765277,0.0229086765277,0.0229086765277,0.0229086765277,0.0229086765277,10,X1 Z2 Y3 Y4 Z5 X7,0.504266666667,0.0168950785189,0.504266666667,0.0168950785189
0.0229086765277,0.0229086765277,0.0229086765277,0.0229086765277,0.0229086765277,0.0229086765277,0.0229086765277,0.0229086765277,10,X10 Z13 Y14 Y17 Z18 X22,0.397711111111,0.017263948957,0.397711111111,0.017263948957
0.0229086765277,0.0229086765277,0.0229086765277,0.0229086765277,0.0229086765277,0.0229086765277,0.0229086765277,0.0229086765277,10,X100 Z107 Y108 Y114 Z115 X121,0.314044444444,0.0186912263175,0.314044444444,0.0186912263175
0.0229086765277,0.0229086765277,0.0229086765277,0.0229086765277,0.0229086765277,0.0229086765277,0.0229086765277,0.0229086765277,10,X101 Z108 Y109 Y115 Z116 X122,0.315133333333,0.0206226078376,0.315133333333,0.0206226078376
0.0229086765277,0.0229086765277,0.0229086765277,0.0229086765277,0.0229086765277,0.0229086765277,0.0229086765277,0.0229086765277,10,X102 Z109 Y110 Y116 Z117 X123,0.312177777778,0.0153906309096,0.312177777778,0.0153906309096
0.0229086765277,0.0229086765277,0.0229086765277,0.0229086765277,0.0229086765277,0.0229086765277,0.0229086765277,0.0229086765277,10,X103 Z110 Y111 Y117 Z118 X124,0.178622222222,0.0176547852767,0.178622222222,0.0176547852767
0.0229086765277,0.0229086765277,0.0229086765277,0.0229086765277,0.0229086765277,0.0229086765277,0.0229086765277,0.0229086765277,10,X104 Z111 Y112 Y118 Z119 X125,0.0723777777778,0.0181147329665,0.0723777777778,0.0181147329665
0.0229086765277,0.0229086765277,0.0229086765277,0.0229086765277,0.0229086765277,0.0229086765277,0.0229086765277,0.0229086765277,10,X105 Z112 Y119,0.400066666667,0.0159658159733,0.400066666667,0.0159658159733
0.0229086765277,0.0229086765277,0.0229086765277,0.0229086765277,0.0229086765277,0.0229086765277,0.0229086765277,0.0229086765277,10,X106 X113,0.374444444444,0.0180024122124,0.374444444444,0.0180024122124
0.0229086765277,0.0229086765277,0.0229086765277,0.0229086765277,0.0229086765277,0.0229086765277,0.0229086765277,0.0229086765277,10,X107 X114,0.399288888889,0.016917137094,0.399288888889,0.016917137094
0.0229086765277,0.0229086765277,0.0229086765277,0.0229086765277,0.0229086765277,0.0229086765277,0.0229086765277,0.0229086765277,10,X108 X115,0.463177777778,0.0170315761141,0.463177777778,0.0170315761141
0.0229086765277,0.0229086765277,0.0229086765277,0.0229086765277,0.0229086765277,0.0229086765277,0.0229086765277,0.0229086765277,10,X109 X116,0.524533333333,0.0160615673693,0.524533333333,0.0160615673693
0.0229086765277,0.0229086765277,0.0229086765277,0.0229086765277,0.0229086765277,0.0229086765277,0.0229086765277,0.0229086765277,10,X11 Z14 Y15 Y18 Z19 X23,0.382533333333,0.0188646317086,0.382533333333,0.0188646317086
0.0229086765277,0.0229086765277,0.0229086765277,0.0229086765277,0.0229086765277,0.0229086765277,0.0229086765277,0.0229086765277,10,X110 X117,0.606311111111,0.0154242515255,0.606311111111,0.0154242515255
0.0229086765277,0.0229086765277,0.0229086765277,0.0229086765277,0.0229086765277,0.0229086765277,0.0229086765277,0.0229086765277,10,X111 X118,0.672311111111,0.0148191998619,0.672311111111,0.0148191998619
0.0229086765277,0.0229086765277,0.0229086765277,0.0229086765277,0.0229086765277,0.0229086765277,0.0229086765277,0.0229086765277,10,X112 X119,0.189311111111,0.0180033911947,0.189311111111,0.0180033911947
0.0229086765277,0.0229086765277,0.0229086765277,0.0229086765277,0.0229086765277,0.0229086765277,0.0229086765277,0.0229086765277,10,X113 Y120 Z126,0.761955555556,0.0109417592054,0.761955555556,0.0109417592054
0.0229086765277,0.0229086765277,0.0229086765277,0.0229086765277,0.0229086765277,0.0229086765277,0.0229086765277,0.0229086765277,10,X114 Z120 Y121 Y126 Z127 X132,0.268177777778,0.0210985161058,0.268177777778,0.0210985161058
0.0229086765277,0.0229086765277,0.0229086765277,0.0229086765277,0.0229086765277,0.0229086765277,0.0229086765277,0.0229086765277,10,X115 Z121 Y122 Y127 Z128 X133,0.246,0.0203998347225,0.246,0.0203998347225
0.0229086765277,0.0229086765277,0.0229086765277,0.0229086765277,0.0229086765277,0.0229086765277,0.0229086765277,0.0229086765277,10,X116 Z122 Y123 Y128 Z129 X134,0.244688888889,0.0182124401367,0.244688888889,0.0182124401367
0.0229086765277,0.0229086765277,0.0229086765277,0.0229086765277,0.0229086765277,0.0229086765277,0.0229086765277,0.0229086765277,10,X117 Z123 Y124 Y129 Z130 X135,0.249044444444,0.0180290810916,0.249044444444,0.0180290810916
0.0229086765277,0.0229086765277,0.0229086765277,0.0229086765277,0.0229086765277,0.0229086765277,0.0229086765277,0.0229086765277,10,X118 Z124 Y125 Y130 Z131 X136,0.248377777778,0.0137416594929,0.248377777778,0.0137416594929
0.0229086765277,0.0229086765277,0.0229086765277,0.0229086765277,0.0229086765277,0.0229086765277,0.0229086765277,0.0229086765277,10,X12 X16,0.451088888889,0.0174728981894,0.451088888889,0.0174728981894
0.0229086765277,0.0229086765277,0.0229086765277,0.0229086765277,0.0229086765277,0.0229086765277,0.0229086765277,0.0229086765277,10,X120 X126,0.672777777778,0.0134899801991,0.672777777778,0.0134899801991
0.0229086765277,0.0229086765277,0.0229086765277,0.0229086765277,0.0229086765277,0.0229086765277,0.0229086765277,0.0229086765277,10,X121 X127,0.553422222222,0.0146789220828,0.553422222222,0.0146789220828
0.0229086765277,0.0229086765277,0.0229086765277,0.0229086765277,0.0229086765277,0.0229086765277,0.0229086765277,0.0229086765277,10,X122 X128,0.487755555556,0.0132993628555,0.487755555556,0.0132993628555
0.0229086765277,0.0229086765277,0.0229086765277,0.0229086765277,0.0229086765277,0.0229086765277,0.0229086765277,0.0229086765277,10,X123 X129,0.416222222222,0.0169916214046,0.416222222222,0.0169916214046
0.0229086765277,0.0229086765277,0.0229086765277,0.0229086765277,0.0229086765277,0.0229086765277,0.0229086765277,0.0229086765277,10,X124 X130,0.363155555556,0.0194490656796,0.363155555556,0.0194490656796
0.0229086765277,0.0229086765277,0.0229086765277,0.0229086765277,0.0229086765277,0.0229086765277,0.0229086765277,0.0229086765277,10,X125 X131,0.338688888889,0.0211866243739,0.338688888889,0.0211866243739
0.0229086765277,0.0229086765277,0.0229086765277,0.0229086765277,0.0229086765277,0.0229086765277,0.0229086765277,0.0229086765277,10,X127 Z132 Y133 Y137 Z138 X142,0.354488888889,0.0173155818326,0.354488888889,0.0173155818326
0.0229086765277,0.0229086765277,0.0229086765277,0.0229086765277,0.0229086765277,0.0229086765277,0.0229086765277,0.0229086765277,10,X128 Z133 Y134 Y138 Z139 X143,0.324022222222,0.0168003679337,0.324022222222,0.0168003679337
0.0229086765277,0.0229086765277,0.0229086765277,0.0229086765277,0.0229086765277,0.0229086765277,0.0229086765277,0.0229086765277,10,X129 Z134 Y135 Y139 Z140 X144,0.325822222222,0.0161220758038,0.325822222222,0.0161220758038
0.0229086765277,0.0229086765277,0.0229086765277,0.0229086765277,0.0229086765277,0.0229086765277,0.0229086765277,0.0229086765277,10,X13 X17,0.482666666667,0.017123397092,0.482666666667,0.017123397092
0.0229086765277,0.0229086765277,0.0229086765277,0.0229086765277,0.0229086765277,0.0229086765277,0.0229086765277,0.0229086765277,10,X130 Z135 Y136 Y140 Z141 X145,0.338844444444,0.0171385459518,0.338844444444,0.0171385459518
0.0229086765277,0.0229086765277,0.0229086765277,0.0229086765277,0.0229086765277,0.0229086765277,0.0229086765277,0.0229086765277,10,X131 Z136 Y141,0.796577777778,0.0100187308613,0.796577777778,0.0100187308613
0.0229086765277,0.0229086765277,0.0229086765277,0.0229086765277,0.0229086765277,0.0229086765277,0.0229086765277,0.0229086765277,10,X132 X137,0.388244444444,0.0223702616864,0.388244444444,0.0223702616864
0.0229086765277,0.0229086765277,0.0229086765277,0.0229086765277,0.0229086765277,0.0229086765277,0.0229086765277,0.0229086765277,10,X133 X138,0.417088888889,0.0157212142428,0.417088888889,0.0157212142428
0.0229086765277,0.0229086765277,0.0229086765277,0.0229086765277,0.0229086765277,0.0229086765277,0.0229086765277,0.0229086765277,10,X134 X139,0.486955555556,0.0155597312403,0.486955555556,0.0155597312403
0.0229086765277,0.0229086765277,0.0229086765277,0.0229086765277,0.0229086765277,0.0229086765277,0.0229086765277,0.0229086765277,10,X135 X140,0.560577777778,0.0167777752404,0.560577777778,0.0167777752404
0.0229086765277,0.0229086765277,0.0229086765277,0.0229086765277,0.0229086765277,0.0229086765277,0.0229086765277,0.0229086765277,10,X136 X141,0.672111111111,0.012340114114,0.672111111111,0.012340114114
0.0229086765277,0.0229086765277,0.0229086765277,0.0229086765277,0.0229086765277,0.0229086765277,0.0229086765277,0.0229086765277,10,X137 Y142 Z146,0.7624,0.0111562912856,0.7624,0.0111562912856
0.0229086765277,0.0229086765277,0.0229086765277,0.0229086765277,0.0229086765277,0.0229086765277,0.0229086765277,0.0229086765277,10,X138 Z142 Y143 Y146 Z147 X150,0.346911111111,0.0159111357263,0.346911111111,0.0159111357263
0.0229086765277,0.0229086765277,0.0229086765277,0.0229086765277,0.0229086765277,0.0229086765277,0.0229086765277,0.0229086765277,10,X139 Z143 Y144 Y147 Z148 X151,0.326866666667,0.0208847595168,0.326866666667,0.0208847595168
0.0229086765277,0.0229086765277,0.0229086765277,0.0229086765277,0.0229086765277,0.0229086765277,0.0229086765277,0.0229086765277,10,X14 X18,0.554888888889,0.0193395418754,0.554888888889,0.0193395418754
0.0229086765277,0.0229086765277,0.0229086765277,0.0229086765277,0.0229086765277,0.0229086765277,0.0229086765277,0.0229086765277,10,X140 Z144 Y145 Y148 Z149 X152,0.326444444444,0.0133876289132,0.326444444444,0.0133876289132
0.0229086765277,0.0229086765277,0.0229086765277,0.0229086765277,0.0229086765277,0.0229086765277,0.0229086765277,0.0229086765277,10,X142 X146,0.668866666667,0.0121613041245,0.668866666667,0.0121613041245
0.0229086765277,0.0229086765277,0.0229086765277,0.0229086765277,0.0229086765277,0.0229086765277,0.0229086765277,0.0229086765277,10,X143 X147,0.560977777778,0.0156158219532,0.560977777778,0.0156158219532
0.0229086765277,0.0229086765277,0.0229086765277,0.0229086765277,0.0229086765277,0.0229086765277,0.0229086765277,0.0229086765277,10,X144 X148,0.479666666667,0.0165228275854,0.479666666667,0.0165228275854
0.0229086765277,0.0229086765277,0.0229086765277,0.0229086765277,0.0229086765277,0.0229086765277,0.0229086765277,0.0229086765277,10,X145 X149,0.442666666667,0.0162669304671,0.442666666667,0.0162669304671
0.0229086765277,0.0229086765277,0.0229086765277,0.0229086765277,0.0229086765277,0.0229086765277,0.0229086765277,0.0229086765277,10,X147 Z150 Y151 Y153 Z154 X156,0.479488888889,0.0136161762411,0.479488888889,0.0136161762411
0.0229086765277,0.0229086765277,0.0229086765277,0.0229086765277,0.0229086765277,0.0229086765277,0.0229086765277,0.0229086765277,10,X148 Z151 Y152 Y154 Z155 X157,0.449377777778,0.0163711112099,0.449377777778,0.0163711112099
0.0229086765277,0.0229086765277,0.0229086765277,0.0229086765277,0.0229086765277,0.0229086765277,0.0229086765277,0.0229086765277,10,X149 Z152 Y155,0.799177777778,0.0120886677352,0.799177777778,0.0120886677352
0.0229086765277,0.0229086765277,0.0229086765277,0.0229086765277,0.0229086765277,0.0229086765277,0.0229086765277,0.0229086765277,10,X15 X19,0.667733333333,0.0170449934223,0.667733333333,0.0170449934223
0.0229086765277,0.0229086765277,0.0229086765277,0.0229086765277,0.0229086765277,0.0229086765277,0.0229086765277,0.0229086765277,10,X150 X153,0.518733333333,0.0175846937971,0.518733333333,0.0175846937971
0.0229086765277,0.0229086765277,0.0229086765277,0.0229086765277,0.0229086765277,0.0229086765277,0.0229086765277,0.0229086765277,10,X151 X154,0.555822222222,0.0166385356463,0.555822222222,0.0166385356463
0.0229086765277,0.0229086765277,0.0229086765277,0.0229086765277,0.0229086765277,0.0229086765277,0.0229086765277,0.0229086765277,10,X152 X155,0.671511111111,0.0126199177649,0.671511111111,0.0126199177649
0.0229086765277,0.0229086765277,0.0229086765277,0.0229086765277,0.0229086765277,0.0229086765277,0.0229086765277,0.0229086765277,10,X153 Y156 Z158,0.762133333333,0.0112053627008,0.762133333333,0.0112053627008
0.0229086765277,0.0229086765277,0.0229086765277,0.0229086765277,0.0229086765277,0.0229086765277,0.0229086765277,0.0229086765277,10,X154 Z156 Y157 Y158 Z159 X160,0.469866666667,0.0140773996205,0.469866666667,0.0140773996205
0.0229086765277,0.0229086765277,0.0229086765277,0.0229086765277,0.0229086765277,0.0229086765277,0.0229086765277,0.0229086765277,10,X156 X158,0.675155555556,0.013631081604,0.675155555556,0.013631081604
0.0229086765277,0.0229086765277,0.0229086765277,0.0229086765277,0.0229086765277,0.0229086765277,0.0229086765277,0.0229086765277,10,X157 X159,0.594155555556,0.0143771672252,0.594155555556,0.0143771672252
0.0229086765277,0.0229086765277,0.0229086765277,0.0229086765277,0.0229086765277,0.0229086765277,0.0229086765277,0.0229086765277,10,X159 Z160 Y161,0.7978,0.0117511228778,0.7978,0.0117511228778
0.0229086765277,0.0229086765277,0.0229086765277,0.0229086765277,0.0229086765277,0.0229086765277,0.0229086765277,0.0229086765277,10,X16 Z20 Y21 Y25 Z26 X31,0.291088888889,0.0203783999036,0.291088888889,0.0203783999036
0.0229086765277,0.0229086765277,0.0229086765277,0.0229086765277,0.0229086765277,0.0229086765277,0.0229086765277,0.0229086765277,10,X160 X161,0.715044444444,0.012689855765,0.715044444444,0.012689855765
0.0229086765277,0.0229086765277,0.0229086765277,0.0229086765277,0.0229086765277,0.0229086765277,0.0229086765277,0.0229086765277,10,X17 Z21 Y22 Y26 Z27 X32,0.302133333333,0.0172432673296,0.302133333333,0.0172432673296
0.0229086765277,0.0229086765277,0.0229086765277,0.0229086765277,0.0229086765277,0.0229086765277,0.0229086765277,0.0229086765277,10,X18 Z22 Y23 Y27 Z28 X33,0.299111111111,0.0161481012806,0.299111111111,0.0161481012806
0.0229086765277,0.0229086765277,0.0229086765277,0.0229086765277,0.0229086765277,0.0229086765277,0.0229086765277,0.0229086765277,10,X19 Z23 Y24 Y28 Z29 X34,0.296622222222,0.0158149580811,0.296622222222,0.0158149580811
0.0229086765277,0.0229086765277,0.0229086765277,0.0229086765277,0.0229086765277,0.0229086765277,0.0229086765277,0.0229086765277,10,X2 X4,0.592955555556,0.0148522050515,0.592955555556,0.0148522050515
0.0229086765277,0.0229086765277,0.0229086765277,0.0229086765277,0.0229086765277,0.0229086765277,0.0229086765277,0.0229086765277,10,X20 X25,0.707533333333,0.0126819629359,0.707533333333,0.0126819629359
0.0229086765277,0.0229086765277,0.0229086765277,0.0229086765277,0.0229086765277,0.0229086765277,0.0229086765277,0.0229086765277,10,X21 X26,0.576311111111,0.0171168920921,0.576311111111,0.0171168920921
0.0229086765277,0.0229086765277,0.0229086765277,0.0229086765277,0.0229086765277,0.0229086765277,0.0229086765277,0.0229086765277,10,X22 X27,0.506111111111,0.0147895410215,0.506111111111,0.0147895410215
0.0229086765277,0.0229086765277,0.0229086765277,0.0229086765277,0.0229086765277,0.0229086765277,0.0229086765277,0.0229086765277,10,X23 X28,0.441844444444,0.0197615543259,0.441844444444,0.0197615543259
0.0229086765277,0.0229086765277,0.0229086765277,0.0229086765277,0.0229086765277,0.0229086765277,0.0229086765277,0.0229086765277,10,X24 X29,0.425733333333,0.0179745243304,0.425733333333,0.0179745243304
0.0229086765277,0.0229086765277,0.0229086765277,0.0229086765277,0.0229086765277,0.0229086765277,0.0229086765277,0.0229086765277,10,X25 Z30 Y31 Y36 Z37 X43,0.298244444444,0.0185567232982,0.298244444444,0.0185567232982
0.0229086765277,0.0229086765277,0.0229086765277,0.0229086765277,0.0229086765277,0.0229086765277,0.0229086765277,0.0229086765277,10,X26 Z31 Y32 Y37 Z38 X44,0.299288888889,0.0130861376549,0.299288888889,0.0130861376549
0.0229086765277,0.0229086765277,0.0229086765277,0.0229086765277,0.0229086765277,0.0229086765277,0.0229086765277,0.0229086765277,10,X27 Z32 Y33 Y38 Z39 X45,0.302777777778,0.0163609509258,0.302777777778,0.0163609509258
0.0229086765277,0.0229086765277,0.0229086765277,0.0229086765277,0.0229086765277,0.0229086765277,0.0229086765277,0.0229086765277,10,X28 Z33 Y34 Y39 Z40 X46,0.2948,0.0157921363622,0.2948,0.0157921363622
0.0229086765277,0.0229086765277,0.0229086765277,0.0229086765277,0.0229086765277,0.0229086765277,0.0229086765277,0.0229086765277,10,X29 Z34 Y35 Y40 Z41 X47,0.287888888889,0.0211740340755,0.287888888889,0.0211740340755
0.0229086765277,0.0229086765277,0.0229086765277,0.0229086765277,0.0229086765277,0.0229086765277,0.0229086765277,0.0229086765277,10,X3 X5,0.669733333333,0.012288486341,0.669733333333,0.012288486341
0.0229086765277,0.0229086765277,0.0229086765277,0.0229086765277,0.0229086765277,0.0229086765277,0.0229086765277,0.0229086765277,10,X30 X36,0.334866666667,0.0161848990684,0.334866666667,0.0161848990684
0.0229086765277,0.0229086765277,0.0229086765277,0.0229086765277,0.0229086765277,0.0229086765277,0.0229086765277,0.0229086765277,10,X31 X37,0.359911111111,0.0182109674616,0.359911111111,0.0182109674616
0.0229086765277,0.0229086765277,0.0229086765277,0.0229086765277,0.0229086765277,0.0229086765277,0.0229086765277,0.0229086765277,10,X32 X38,0.422133333333,0.0143779311521,0.422133333333,0.0143779311521
0.0229086765277,0.0229086765277,0.0229086765277,0.0229086765277,0.0229086765277,0.0229086765277,0.0229086765277,0.0229086765277,10,X33 X39,0.483155555556,0.0147426800678,0.483155555556,0.0147426800678
0.0229086765277,0.0229086765277,0.0229086765277,0.0229086765277,0.0229086765277,0.0229086765277,0.0229086765277,0.0229086765277,10,X34 X40,0.554933333333,0.0142797447845,0.554933333333,0.0142797447845
0.0229086765277,0.0229086765277,0.0229086765277,0.0229086765277,0.0229086765277,0.0229086765277,0.0229086765277,0.0229086765277,10,X35 X41,0.669533333333,0.0113030698031,0.669533333333,0.0113030698031
0.0229086765277,0.0229086765277,0.0229086765277,0.0229086765277,0.0229086765277,0.0229086765277,0.0229086765277,0.0229086765277,10,X36 Z42 Y43 Y49 Z50 X57,0.180933333333,0.0138791720799,0.180933333333,0.0138791720799
0.0229086765277,0.0229086765277,0.0229086765277,0.0229086765277,0.0229086765277,0.0229086765277,0.0229086765277,0.0229086765277,10,X37 Z43 Y44 Y50 Z51 X58,0.180688888889,0.0178460709335,0.180688888889,0.0178460709335
0.0229086765277,0.0229086765277,0.0229086765277,0.0229086765277,0.0229086765277,0.0229086765277,0.0229086765277,0.0229086765277,10,X38 Z44 Y45 Y51 Z52 X59,0.164533333333,0.0170807413228,0.164533333333,0.0170807413228
0.0229086765277,0.0229086765277,0.0229086765277,0.0229086765277,0.0229086765277,0.0229086765277,0.0229086765277,0.0229086765277,10,X39 Z45 Y46 Y52 Z53 X60,0.224933333333,0.0166142624415,0.224933333333,0.0166142624415
0.0229086765277,0.0229086765277,0.0229086765277,0.0229086765277,0.0229086765277,0.0229086765277,0.0229086765277,0.0229086765277,10,X4 Z6 Y7 Y9 Z10 X13,0.381866666667,0.0231307461536,0.381866666667,0.0231307461536
0.0229086765277,0.0229086765277,0.0229086765277,0.0229086765277,0.0229086765277,0.0229086765277,0.0229086765277,0.0229086765277,10,X40 Z46 Y47 Y53 Z54 X61,0.228288888889,0.0186047275608,0.228288888889,0.0186047275608
0.0229086765277,0.0229086765277,0.0229086765277,0.0229086765277,0.0229086765277,0.0229086765277,0.0229086765277,0.0229086765277,10,X41 Z47 Y48 Y54 Z55 X62,0.224977777778,0.0192962254529,0.224977777778,0.0192962254529
0.0229086765277,0.0229086765277,0.0229086765277,0.0229086765277,0.0229086765277,0.0229086765277,0.0229086765277,0.0229086765277,10,X42 X49,0.703088888889,0.0102017703119,0.703088888889,0.0102017703119
0.0229086765277,0.0229086765277,0.0229086765277,0.0229086765277,0.0229086765277,0.0229086765277,0.0229086765277,0.0229086765277,10,X43 X50,0.581866666667,0.0137324182264,0.581866666667,0.0137324182264
0.0229086765277,0.0229086765277,0.0229086765277,0.0229086765277,0.0229086765277,0.0229086765277,0.0229086765277,0.0229086765277,10,X44 X51,0.508555555556,0.0151286522036,0.508555555556,0.0151286522036
0.0229086765277,0.0229086765277,0.0229086765277,0.0229086765277,0.0229086765277,0.0229086765277,0.0229086765277,0.0229086765277,10,X45 X52,0.442177777778,0.0135317799158,0.442177777778,0.0135317799158
0.0229086765277,0.0229086765277,0.0229086765277,0.0229086765277,0.0229086765277,0.0229086765277,0.0229086765277,0.0229086765277,10,X46 X53,0.380888888889,0.0147534873683,0.380888888889,0.0147534873683
0.0229086765277,0.0229086765277,0.0229086765277,0.0229086765277,0.0229086765277,0.0229086765277,0.0229086765277,0.0229086765277,10,X47 X54,0.328777777778,0.0195160476915,0.328777777778,0.0195160476915
0.0229086765277,0.0229086765277,0.0229086765277,0.0229086765277,0.0229086765277,0.0229086765277,0.0229086765277,0.0229086765277,10,X48 X55,0.322044444444,0.0191648891396,0.322044444444,0.0191648891396
0.0229086765277,0.0229086765277,0.0229086765277,0.0229086765277,0.0229086765277,0.0229086765277,0.0229086765277,0.0229086765277,10,X49 Z56 Y57 Y64 Z65 X73,0.14,0.0150248835748,0.14,0.0150248835748
0.0229086765277,0.0229086765277,0.0229086765277,0.0229086765277,0.0229086765277,0.0229086765277,0.0229086765277,0.0229086765277,10,X5 Z7 Y8 Y10 Z11 X14,0.394511111111,0.0204168687925,0.394511111111,0.0204168687925
0.0229086765277,0.0229086765277,0.0229086765277,0.0229086765277,0.0229086765277,0.0229086765277,0.0229086765277,0.0229086765277,10,X50 Z57 Y58 Y65 Z66 X74,0.157644444444,0.016890663347,0.157644444444,0.016890663347
0.0229086765277,0.0229086765277,0.0229086765277,0.0229086765277,0.0229086765277,0.0229086765277,0.0229086765277,0.0229086765277,10,X51 Z58 Y59 Y66 Z67 X75,0.171488888889,0.0172586217741,0.171488888889,0.0172586217741
0.0229086765277,0.0229086765277,0.0229086765277,0.0229086765277,0.0229086765277,0.0229086765277,0.0229086765277,0.0229086765277,10,X52 Z59 Y60 Y67 Z68 X76,0.180222222222,0.0173230149069,0.180222222222,0.0173230149069
0.0229086765277,0.0229086765277,0.0229086765277,0.0229086765277,0.0229086765277,0.0229086765277,0.0229086765277,0.0229086765277,10,X53 Z60 Y61 Y68 Z69 X77,0.224422222222,0.0232833509546,0.224422222222,0.0232833509546
0.0229086765277,0.0229086765277,0.0229086765277,0.0229086765277,0.0229086765277,0.0229086765277,0.0229086765277,0.0229086765277,10,X54 Z61 Y62 Y69 Z70 X78,0.224844444444,0.0189655330315,0.224844444444,0.0189655330315
0.0229086765277,0.0229086765277,0.0229086765277,0.0229086765277,0.0229086765277,0.0229086765277,0.0229086765277,0.0229086765277,10,X55 Z62 Y63 Y70 Z71 X79,0.2242,0.0144361721081,0.2242,0.0144361721081
0.0229086765277,0.0229086765277,0.0229086765277,0.0229086765277,0.0229086765277,0.0229086765277,0.0229086765277,0.0229086765277,10,X56 X64,0.225844444444,0.0188331519335,0.225844444444,0.0188331519335
0.0229086765277,0.0229086765277,0.0229086765277,0.0229086765277,0.0229086765277,0.0229086765277,0.0229086765277,0.0229086765277,10,X57 X65,0.235888888889,0.0169661220547,0.235888888889,0.0169661220547
0.0229086765277,0.0229086765277,0.0229086765277,0.0229086765277,0.0229086765277,0.0229086765277,0.0229086765277,0.0229086765277,10,X58 X66,0.252733333333,0.0165363642012,0.252733333333,0.0165363642012
0.0229086765277,0.0229086765277,0.0229086765277,0.0229086765277,0.0229086765277,0.0229086765277,0.0229086765277,0.0229086765277,10,X59 X67,0.2758,0.0182306634033,0.2758,0.0182306634033
0.0229086765277,0.0229086765277,0.0229086765277,0.0229086765277,0.0229086765277,0.0229086765277,0.0229086765277,0.0229086765277,10,X6 X9,0.703777777778,0.0120361312165,0.703777777778,0.0120361312165
0.0229086765277,0.0229086765277,0.0229086765277,0.0229086765277,0.0229086765277,0.0229086765277,0.0229086765277,0.0229086765277,10,X60 X68,0.421333333333,0.0182145577751,0.421333333333,0.0182145577751
0.0229086765277,0.0229086765277,0.0229086765277,0.0229086765277,0.0229086765277,0.0229086765277,0.0229086765277,0.0229086765277,10,X61 X69,0.481,0.020148681065,0.481,0.020148681065
0.0229086765277,0.0229086765277,0.0229086765277,0.0229086765277,0.0229086765277,0.0229086765277,0.0229086765277,0.0229086765277,10,X62 X70,0.561044444444,0.0159363516915,0.561044444444,0.0159363516915
0.0229086765277,0.0229086765277,0.0229086765277,0.0229086765277,0.0229086765277,0.0229086765277,0.0229086765277,0.0229086765277,10,X63 X71,0.667088888889,0.0149794068944,0.667088888889,0.0149794068944
0.0229086765277,0.0229086765277,0.0229086765277,0.0229086765277,0.0229086765277,0.0229086765277,0.0229086765277,0.0229086765277,10,X64 Z72 Y73 Y81 Z82 X90,0.384822222222,0.0194780027876,0.384822222222,0.0194780027876
0.0229086765277,0.0229086765277,0.0229086765277,0.0229086765277,0.0229086765277,0.0229086765277,0.0229086765277,0.0229086765277,10,X65 Z73 Y74 Y82 Z83 X91,0.350422222222,0.0146253161431,0.350422222222,0.0146253161431
0.0229086765277,0.0229086765277,0.0229086765277,0.0229086765277,0.0229086765277,0.0229086765277,0.0229086765277,0.0229086765277,10,X66 Z74 Y75 Y83 Z84 X92,0.351755555556,0.013278604152,0.351755555556,0.013278604152
0.0229086765277,0.0229086765277,0.0229086765277,0.0229086765277,0.0229086765277,0.0229086765277,0.0229086765277,0.0229086765277,10,X67 Z75 Y76 Y84 Z85 X93,0.262066666667,0.0143266223263,0.262066666667,0.0143266223263
0.0229086765277,0.0229086765277,0.0229086765277,0.0229086765277,0.0229086765277,0.0229086765277,0.0229086765277,0.0229086765277,10,X68 Z76 Y77 Y85 Z86 X94,0.260022222222,0.0166988042643,0.260022222222,0.0166988042643
0.0229086765277,0.0229086765277,0.0229086765277,0.0229086765277,0.0229086765277,0.0229086765277,0.0229086765277,0.0229086765277,10,X69 Z77 Y78 Y86 Z87 X95,0.484577777778,0.0151738162593,0.484577777778,0.0151738162593
0.0229086765277,0.0229086765277,0.0229086765277,0.0229086765277,0.0229086765277,0.0229086765277,0.0229086765277,0.0229086765277,10,X7 X10,0.583422222222,0.0129942319456,0.583422222222,0.0129942319456
0.0229086765277,0.0229086765277,0.0229086765277,0.0229086765277,0.0229086765277,0.0229086765277,0.0229086765277,0.0229086765277,10,X70 Z78 Y79 Y87 Z88 X96,0.367466666667,0.0157581335807,0.367466666667,0.0157581335807
0.0229086765277,0.0229086765277,0.0229086765277,0.0229086765277,0.0229086765277,0.0229086765277,0.0229086765277,0.0229086765277,10,X71 Z79 Y80 Y88 Z89 X97,0.322066666667,0.0174666403439,0.322066666667,0.0174666403439
0.0229086765277,0.0229086765277,0.0229086765277,0.0229086765277,0.0229086765277,0.0229086765277,0.0229086765277,0.0229086765277,10,X72 X81,0.4282,0.0174102185171,0.4282,0.0174102185171
0.0229086765277,0.0229086765277,0.0229086765277,0.0229086765277,0.0229086765277,0.0229086765277,0.0229086765277,0.0229086765277,10,X73 X82,0.445666666667,0.0147029332179,0.445666666667,0.0147029332179
0.0229086765277,0.0229086765277,0.0229086765277,0.0229086765277,0.0229086765277,0.0229086765277,0.0229086765277,0.0229086765277,10,X74 X83,0.514866666667,0.0151994656087,0.514866666667,0.0151994656087
0.0229086765277,0.0229086765277,0.0229086765277,0.0229086765277,0.0229086765277,0.0229086765277,0.0229086765277,0.0229086765277,10,X75 X84,0.5954,0.0116030779375,0.5954,0.0116030779375
0.0229086765277,0.0229086765277,0.0229086765277,0.0229086765277,0.0229086765277,0.0229086765277,0.0229086765277,0.0229086765277,10,X76 X85,0.429355555556,0.0135085990304,0.429355555556,0.0135085990304
0.0229086765277,0.0229086765277,0.0229086765277,0.0229086765277,0.0229086765277,0.0229086765277,0.0229086765277,0.0229086765277,10,X77 X86,0.620666666667,0.0156003733131,0.620666666667,0.0156003733131
0.0229086765277,0.0229086765277,0.0229086765277,0.0229086765277,0.0229086765277,0.0229086765277,0.0229086765277,0.0229086765277,10,X78 X87,0.512111111111,0.0153967537339,0.512111111111,0.0153967537339
0.0229086765277,0.0229086765277,0.0229086765277,0.0229086765277,0.0229086765277,0.0229086765277,0.0229086765277,0.0229086765277,10,X79 X88,0.385666666667,0.0150836746643,0.385666666667,0.0150836746643
0.0229086765277,0.0229086765277,0.0229086765277,0.0229086765277,0.0229086765277,0.0229086765277,0.0229086765277,0.0229086765277,10,X8 X11,0.565533333333,0.0120371710377,0.565533333333,0.0120371710377
0.0229086765277,0.0229086765277,0.0229086765277,0.0229086765277,0.0229086765277,0.0229086765277,0.0229086765277,0.0229086765277,10,X80 X89,0.370755555556,0.0169042680533,0.370755555556,0.0169042680533
0.0229086765277,0.0229086765277,0.0229086765277,0.0229086765277,0.0229086765277,0.0229086765277,0.0229086765277,0.0229086765277,10,X81 Y90 Z98,0.738911111111,0.0110650924422,0.738911111111,0.0110650924422
0.0229086765277,0.0229086765277,0.0229086765277,0.0229086765277,0.0229086765277,0.0229086765277,0.0229086765277,0.0229086765277,10,X82 Z90 Y91 Y98 Z99 X106,0.250977777778,0.0191287097087,0.250977777778,0.0191287097087
0.0229086765277,0.0229086765277,0.0229086765277,0.0229086765277,0.0229086765277,0.0229086765277,0.0229086765277,0.0229086765277,10,X83 Z91 Y92 Y99 Z100 X107,0.233177777778,0.0171794079116,0.233177777778,0.0171794079116
0.0229086765277,0.0229086765277,0.0229086765277,0.0229086765277,0.0229086765277,0.0229086765277,0.0229086765277,0.0229086765277,10,X84 Z92 Y93 Y100 Z101 X108,0.241622222222,0.0174150886561,0.241622222222,0.0174150886561
0.0229086765277,0.0229086765277,0.0229086765277,0.0229086765277,0.0229086765277,0.0229086765277,0.0229086765277,0.0229086765277,10,X85 Z93 Y94 Y101 Z102 X109,0.228555555556,0.017735462091,0.228555555556,0.017735462091
0.0229086765277,0.0229086765277,0.0229086765277,0.0229086765277,0.0229086765277,0.0229086765277,0.0229086765277,0.0229086765277,10,X86 Z94 Y95 Y102 Z103 X110,0.484977777778,0.0176085431489,0.484977777778,0.0176085431489
0.0229086765277,0.0229086765277,0.0229086765277,0.0229086765277,0.0229086765277,0.0229086765277,0.0229086765277,0.0229086765277,10,X87 Z95 Y96 Y103 Z104 X111,0.239622222222,0.0155548056743,0.239622222222,0.0155548056743
0.0229086765277,0.0229086765277,0.0229086765277,0.0229086765277,0.0229086765277,0.0229086765277,0.0229086765277,0.0229086765277,10,X88 Z96 Y97 Y104 Z105 X112,0.0802,0.0183763549556,0.0802,0.0183763549556
0.0229086765277,0.0229086765277,0.0229086765277,0.0229086765277,0.0229086765277,0.0229086765277,0.0229086765277,0.0229086765277,10,X9 Z12 Y13 Y16 Z17 X21,0.400711111111,0.0157722617307,0.400711111111,0.0157722617307
0.0229086765277,0.0229086765277,0.0229086765277,0.0229086765277,0.0229086765277,0.0229086765277,0.0229086765277,0.0229086765277,10,X90 X98,0.675911111111,0.0129824323779,0.675911111111,0.0129824323779
0.0229086765277,0.0229086765277,0.0229086765277,0.0229086765277,0.0229086765277,0.0229086765277,0.0229086765277,0.0229086765277,10,X91 X99,0.5568,0.015557482092,0.5568,0.015557482092
0.0229086765277,0.0229086765277,0.0229086765277,0.0229086765277,0.0229086765277,0.0229086765277,0.0229086765277,0.0229086765277,10,X92 X100,0.487444444444,0.0157811501442,0.487444444444,0.0157811501442
0.0229086765277,0.0229086765277,0.0229086765277,0.0229086765277,0.0229086765277,0.0229086765277,0.0229086765277,0.0229086765277,10,X93 X101,0.440355555556,0.0158631439471,0.440355555556,0.0158631439471
0.0229086765277,0.0229086765277,0.0229086765277,0.0229086765277,0.0229086765277,0.0229086765277,0.0229086765277,0.0229086765277,10,X94 X102,0.442133333333,0.0150914453959,0.442133333333,0.0150914453959
0.0229086765277,0.0229086765277,0.0229086765277,0.0229086765277,0.0229086765277,0.0229086765277,0.0229086765277,0.0229086765277,10,X95 X103,0.403755555556,0.016603081774,0.403755555556,0.016603081774
0.0229086765277,0.0229086765277,0.0229086765277,0.0229086765277,0.0229086765277,0.0229086765277,0.0229086765277,0.0229086765277,10,X96 X104,0.304111111111,0.0177794778881,0.304111111111,0.0177794778881
0.0229086765277,0.0229086765277,0.0229086765277,0.0229086765277,0.0229086765277,0.0229086765277,0.0229086765277,0.0229086765277,10,X97 X105,0.681777777778,0.0129216125743,0.681777777778,0.0129216125743
0.0229086765277,0.0229086765277,0.0229086765277,0.0229086765277,0.0229086765277,0.0229086765277,0.0229086765277,0.0229086765277,10,X99 Z106 Y107 Y113 Z114 X120,0.349955555556,0.0207010713502,0.349955555556,0.0207010713502
0.0229086765277,0.0229086765277,0.0229086765277,0.0229086765277,0.0229086765277,0.0229086765277,0.0229086765277,0.0229086765277,10,Y0 Z1 X2,0.6974,0.0117318050206,0.6974,0.0117318050206
0.0229086765277,0.0229086765277,0.0229086765277,0.0229086765277,0.0229086765277,0.0229086765277,0.0229086765277,0.0229086765277,10,Y20 Z25 X30,0.397044444444,0.0115120238103,0.397044444444,0.0115120238103
0.0229086765277,0.0229086765277,0.0229086765277,0.0229086765277,0.0229086765277,0.0229086765277,0.0229086765277,0.0229086765277,10,Y42 Z49 X56,0.259355555556,0.0170664541414,0.259355555556,0.0170664541414
0.0229086765277,0.0229086765277,0.0229086765277,0.0229086765277,0.0229086765277,0.0229086765277,0.0229086765277,0.0229086765277,10,Y6 Z9 X12,0.5214,0.0141825536342,0.5214,0.0141825536342
0.0229086765277,0.0229086765277,0.0229086765277,0.0229086765277,0.0229086765277,0.0229086765277,0.0229086765277,0.0229086765277,10,Z15 Y19 X24,0.7618,0.010128901027,0.7618,0.010128901027
0.0229086765277,0.0229086765277,0.0229086765277,0.0229086765277,0.0229086765277,0.0229086765277,0.0229086765277,0.0229086765277,10,Z3 Y5 X8,0.764266666667,0.00939323960046,0.764266666667,0.00939323960046
0.0229086765277,0.0229086765277,0.0229086765277,0.0229086765277,0.0229086765277,0.0229086765277,0.0229086765277,0.0229086765277,10,Z35 Y41 X48,0.765844444444,0.0112344343856,0.765844444444,0.0112344343856
0.0229086765277,0.0229086765277,0.0229086765277,0.0229086765277,0.0229086765277,0.0229086765277,0.0229086765277,0.0229086765277,10,Z63 Y71 X80,0.765644444444,0.0127465518839,0.765644444444,0.0127465518839
