g1_z,IZ,ZI,ZZ,ZX,ZY,XZ,YZ,round,operator,mean,std,mean_signed,std_signed
0.0158489319246,0.0158489319246,0.0158489319246,0.0158489319246,0.0158489319246,0.0158489319246,0.0158489319246,0.0158489319246,1,Logical X,0.217066666667,0.011806355844,0.213888888889,0.0156230337205
0.0158489319246,0.0158489319246,0.0158489319246,0.0158489319246,0.0158489319246,0.0158489319246,0.0158489319246,0.0158489319246,1,Logical Y,0.0120444444444,0.00924744277931,0.00235555555556,0.0195157728396
0.0158489319246,0.0158489319246,0.0158489319246,0.0158489319246,0.0158489319246,0.0158489319246,0.0158489319246,0.0158489319246,1,Logical Z,0.0133555555556,0.0080752843364,-0.00377777777778,0.0215828322106
0.0158489319246,0.0158489319246,0.0158489319246,0.0158489319246,0.0158489319246,0.0158489319246,0.0158489319246,0.0158489319246,1,X0 X1,0.820244444444,0.00920017213454,0.820244444444,0.00920017213454
0.0158489319246,0.0158489319246,0.0158489319246,0.0158489319246,0.0158489319246,0.0158489319246,0.0158489319246,0.0158489319246,1,X1 Z2 Y3 Y4 Z5 X7,0.621622222222,0.0152070595961,0.621622222222,0.0152070595961
0.0158489319246,0.0158489319246,0.0158489319246,0.0158489319246,0.0158489319246,0.0158489319246,0.0158489319246,0.0158489319246,1,X10 Z13 Y14 Y17 Z18 X22,0.5248,0.0146712636474,0.5248,0.0146712636474
0.0158489319246,0.0158489319246,0.0158489319246,0.0158489319246,0.0158489319246,0.0158489319246,0.0158489319246,0.0158489319246,1,X100 Z107 Y108 Y114 Z115 X121,0.450377777778,0.0145919553057,0.450377777778,0.0145919553057
0.0158489319246,0.0158489319246,0.0158489319246,0.0158489319246,0.0158489319246,0.0158489319246,0.0158489319246,0.0158489319246,1,X101 Z108 Y109 Y115 Z116 X122,0.449577777778,0.0187203524653,0.449577777778,0.0187203524653
0.0158489319246,0.0158489319246,0.0158489319246,0.0158489319246,0.0158489319246,0.0158489319246,0.0158489319246,0.0158489319246,1,X102 Z109 Y110 Y116 Z117 X123,0.450555555556,0.0134512980853,0.450555555556,0.0134512980853
0.0158489319246,0.0158489319246,0.0158489319246,0.0158489319246,0.0158489319246,0.0158489319246,0.0158489319246,0.0158489319246,1,X103 Z110 Y111 Y117 Z118 X124,0.301,0.0149479300583,0.301,0.0149479300583
0.0158489319246,0.0158489319246,0.0158489319246,0.0158489319246,0.0158489319246,0.0158489319246,0.0158489319246,0.0158489319246,1,X104 Z111 Y112 Y118 Z119 X125,0.158577777778,0.0155538696404,0.158577777778,0.0155538696404
0.0158489319246,0.0158489319246,0.0158489319246,0.0158489319246,0.0158489319246,0.0158489319246,0.0158489319246,0.0158489319246,1,X105 Z112 Y119,0.522955555556,0.0200502688822,0.522955555556,0.0200502688822
0.0158489319246,0.0158489319246,0.0158489319246,0.0158489319246,0.0158489319246,0.0158489319246,0.0158489319246,0.0158489319246,1,X106 X113,0.498022222222,0.0187178963134,0.498022222222,0.0187178963134
0.0158489319246,0.0158489319246,0.0158489319246,0.0158489319246,0.0158489319246,0.0158489319246,0.0158489319246,0.0158489319246,1,X107 X114,0.531577777778,0.0164062256507,0.531577777778,0.0164062256507
0.0158489319246,0.0158489319246,0.0158489319246,0.0158489319246,0.0158489319246,0.0158489319246,0.0158489319246,0.0158489319246,1,X108 X115,0.590622222222,0.0132467688053,0.590622222222,0.0132467688053
0.0158489319246,0.0158489319246,0.0158489319246,0.0158489319246,0.0158489319246,0.0158489319246,0.0158489319246,0.0158489319246,1,X109 X116,0.648733333333,0.0132772960364,0.648733333333,0.0132772960364
0.0158489319246,0.0158489319246,0.0158489319246,0.0158489319246,0.0158489319246,0.0158489319246,0.0158489319246,0.0158489319246,1,X11 Z14 Y15 Y18 Z19 X23,0.513822222222,0.0181782855038,0.513822222222,0.0181782855038
0.0158489319246,0.0158489319246,0.0158489319246,0.0158489319246,0.0158489319246,0.0158489319246,0.0158489319246,0.0158489319246,1,X110 X117,0.707577777778,0.0109942281386,0.707577777778,0.0109942281386
0.0158489319246,0.0158489319246,0.0158489319246,0.0158489319246,0.0158489319246,0.0158489319246,0.0158489319246,0.0158489319246,1,X111 X118,0.756577777778,0.0118854472764,0.756577777778,0.0118854472764
0.0158489319246,0.0158489319246,0.0158489319246,0.0158489319246,0.0158489319246,0.0158489319246,0.0158489319246,0.0158489319246,1,X112 X119,0.315822222222,0.0138242203284,0.315822222222,0.0138242203284
0.0158489319246,0.0158489319246,0.0158489319246,0.0158489319246,0.0158489319246,0.0158489319246,0.0158489319246,0.0158489319246,1,X113 Y120 Z126,0.829288888889,0.00972090740973,0.829288888889,0.00972090740973
0.0158489319246,0.0158489319246,0.0158489319246,0.0158489319246,0.0158489319246,0.0158489319246,0.0158489319246,0.0158489319246,1,X114 Z120 Y121 Y126 Z127 X132,0.405666666667,0.0149735398805,0.405666666667,0.0149735398805
0.0158489319246,0.0158489319246,0.0158489319246,0.0158489319246,0.0158489319246,0.0158489319246,0.0158489319246,0.0158489319246,1,X115 Z121 Y122 Y127 Z128 X133,0.377555555556,0.0150384776817,0.377555555556,0.0150384776817
0.0158489319246,0.0158489319246,0.0158489319246,0.0158489319246,0.0158489319246,0.0158489319246,0.0158489319246,0.0158489319246,1,X116 Z122 Y123 Y128 Z129 X134,0.382533333333,0.0144597737697,0.382533333333,0.0144597737697
0.0158489319246,0.0158489319246,0.0158489319246,0.0158489319246,0.0158489319246,0.0158489319246,0.0158489319246,0.0158489319246,1,X117 Z123 Y124 Y129 Z130 X135,0.3848,0.0169003389297,0.3848,0.0169003389297
0.0158489319246,0.0158489319246,0.0158489319246,0.0158489319246,0.0158489319246,0.0158489319246,0.0158489319246,0.0158489319246,1,X118 Z124 Y125 Y130 Z131 X136,0.379422222222,0.0177860708626,0.379422222222,0.0177860708626
0.0158489319246,0.0158489319246,0.0158489319246,0.0158489319246,0.0158489319246,0.0158489319246,0.0158489319246,0.0158489319246,1,X12 X16,0.574377777778,0.0170756112815,0.574377777778,0.0170756112815
0.0158489319246,0.0158489319246,0.0158489319246,0.0158489319246,0.0158489319246,0.0158489319246,0.0158489319246,0.0158489319246,1,X120 X126,0.758155555556,0.0115850125578,0.758155555556,0.0115850125578
0.0158489319246,0.0158489319246,0.0158489319246,0.0158489319246,0.0158489319246,0.0158489319246,0.0158489319246,0.0158489319246,1,X121 X127,0.667422222222,0.0120404596765,0.667422222222,0.0120404596765
0.0158489319246,0.0158489319246,0.0158489319246,0.0158489319246,0.0158489319246,0.0158489319246,0.0158489319246,0.0158489319246,1,X122 X128,0.602577777778,0.0155922500971,0.602577777778,0.0155922500971
0.0158489319246,0.0158489319246,0.0158489319246,0.0158489319246,0.0158489319246,0.0158489319246,0.0158489319246,0.0158489319246,1,X123 X129,0.552266666667,0.0134939748155,0.552266666667,0.0134939748155
0.0158489319246,0.0158489319246,0.0158489319246,0.0158489319246,0.0158489319246,0.0158489319246,0.0158489319246,0.0158489319246,1,X124 X130,0.498688888889,0.0163285081621,0.498688888889,0.0163285081621
0.0158489319246,0.0158489319246,0.0158489319246,0.0158489319246,0.0158489319246,0.0158489319246,0.0158489319246,0.0158489319246,1,X125 X131,0.472288888889,0.0155281806197,0.472288888889,0.0155281806197
0.0158489319246,0.0158489319246,0.0158489319246,0.0158489319246,0.0158489319246,0.0158489319246,0.0158489319246,0.0158489319246,1,X127 Z132 Y133 Y137 Z138 X142,0.491333333333,0.0149369043349,0.491333333333,0.0149369043349
0.0158489319246,0.0158489319246,0.0158489319246,0.0158489319246,0.0158489319246,0.0158489319246,0.0158489319246,0.0158489319246,1,X128 Z133 Y134 Y138 Z139 X143,0.459266666667,0.0144650192398,0.459266666667,0.0144650192398
0.0158489319246,0.0158489319246,0.0158489319246,0.0158489319246,0.0158489319246,0.0158489319246,0.0158489319246,0.0158489319246,1,X129 Z134 Y135 Y139 Z140 X144,0.461044444444,0.0134872533362,0.461044444444,0.0134872533362
0.0158489319246,0.0158489319246,0.0158489319246,0.0158489319246,0.0158489319246,0.0158489319246,0.0158489319246,0.0158489319246,1,X13 X17,0.607444444444,0.0128093396641,0.607444444444,0.0128093396641
0.0158489319246,0.0158489319246,0.0158489319246,0.0158489319246,0.0158489319246,0.0158489319246,0.0158489319246,0.0158489319246,1,X130 Z135 Y136 Y140 Z141 X145,0.479088888889,0.0197505387352,0.479088888889,0.0197505387352
0.0158489319246,0.0158489319246,0.0158489319246,0.0158489319246,0.0158489319246,0.0158489319246,0.0158489319246,0.0158489319246,1,X131 Z136 Y141,0.854177777778,0.0109389575292,0.854177777778,0.0109389575292
0.0158489319246,0.0158489319246,0.0158489319246,0.0158489319246,0.0158489319246,0.0158489319246,0.0158489319246,0.0158489319246,1,X132 X137,0.520866666667,0.013073502786,0.520866666667,0.013073502786
0.0158489319246,0.0158489319246,0.0158489319246,0.0158489319246,0.0158489319246,0.0158489319246,0.0158489319246,0.0158489319246,1,X133 X138,0.551777777778,0.0179887860627,0.551777777778,0.0179887860627
0.0158489319246,0.0158489319246,0.0158489319246,0.0158489319246,0.0158489319246,0.0158489319246,0.0158489319246,0.0158489319246,1,X134 X139,0.601822222222,0.0133148530934,0.601822222222,0.0133148530934
0.0158489319246,0.0158489319246,0.0158489319246,0.0158489319246,0.0158489319246,0.0158489319246,0.0158489319246,0.0158489319246,1,X135 X140,0.665733333333,0.0112452288733,0.665733333333,0.0112452288733
0.0158489319246,0.0158489319246,0.0158489319246,0.0158489319246,0.0158489319246,0.0158489319246,0.0158489319246,0.0158489319246,1,X136 X141,0.763977777778,0.0106644873253,0.763977777778,0.0106644873253
0.0158489319246,0.0158489319246,0.0158489319246,0.0158489319246,0.0158489319246,0.0158489319246,0.0158489319246,0.0158489319246,1,X137 Y142 Z146,0.829622222222,0.0124250190479,0.829622222222,0.0124250190479
0.0158489319246,0.0158489319246,0.0158489319246,0.0158489319246,0.0158489319246,0.0158489319246,0.0158489319246,0.0158489319246,1,X138 Z142 Y143 Y146 Z147 X150,0.486422222222,0.0122571218904,0.486422222222,0.0122571218904
0.0158489319246,0.0158489319246,0.0158489319246,0.0158489319246,0.0158489319246,0.0158489319246,0.0158489319246,0.0158489319246,1,X139 Z143 Y144 Y147 Z148 X151,0.461088888889,0.0198812438484,0.461088888889,0.0198812438484
0.0158489319246,0.0158489319246,0.0158489319246,0.0158489319246,0.0158489319246,0.0158489319246,0.0158489319246,0.0158489319246,1,X14 X18,0.668644444444,0.0111616246409,0.668644444444,0.0111616246409
0.0158489319246,0.0158489319246,0.0158489319246,0.0158489319246,0.0158489319246,0.0158489319246,0.0158489319246,0.0158489319246,1,X140 Z144 Y145 Y148 Z149 X152,0.466422222222,0.0121327059751,0.466422222222,0.0121327059751
0.0158489319246,0.0158489319246,0.0158489319246,0.0158489319246,0.0158489319246,0.0158489319246,0.0158489319246,0.0158489319246,1,X142 X146,0.759511111111,0.0116683852046,0.759511111111,0.0116683852046
0.0158489319246,0.0158489319246,0.0158489319246,0.0158489319246,0.0158489319246,0.0158489319246,0.0158489319246,0.0158489319246,1,X143 X147,0.662888888889,0.0137211790132,0.662888888889,0.0137211790132
0.0158489319246,0.0158489319246,0.0158489319246,0.0158489319246,0.0158489319246,0.0158489319246,0.0158489319246,0.0158489319246,1,X144 X148,0.606133333333,0.0206161042583,0.606133333333,0.0206161042583
0.0158489319246,0.0158489319246,0.0158489319246,0.0158489319246,0.0158489319246,0.0158489319246,0.0158489319246,0.0158489319246,1,X145 X149,0.570733333333,0.0159369927986,0.570733333333,0.0159369927986
0.0158489319246,0.0158489319246,0.0158489319246,0.0158489319246,0.0158489319246,0.0158489319246,0.0158489319246,0.0158489319246,1,X147 Z150 Y151 Y153 Z154 X156,0.595155555556,0.0123523411569,0.595155555556,0.0123523411569
0.0158489319246,0.0158489319246,0.0158489319246,0.0158489319246,0.0158489319246,0.0158489319246,0.0158489319246,0.0158489319246,1,X148 Z151 Y152 Y154 Z155 X157,0.570488888889,0.0162442405551,0.570488888889,0.0162442405551
0.0158489319246,0.0158489319246,0.0158489319246,0.0158489319246,0.0158489319246,0.0158489319246,0.0158489319246,0.0158489319246,1,X149 Z152 Y155,0.854844444444,0.00984155445675,0.854844444444,0.00984155445675
0.0158489319246,0.0158489319246,0.0158489319246,0.0158489319246,0.0158489319246,0.0158489319246,0.0158489319246,0.0158489319246,1,X15 X19,0.757466666667,0.0121161682296,0.757466666667,0.0121161682296
0.0158489319246,0.0158489319246,0.0158489319246,0.0158489319246,0.0158489319246,0.0158489319246,0.0158489319246,0.0158489319246,1,X150 X153,0.631644444444,0.012044277614,0.631644444444,0.012044277614
0.0158489319246,0.0158489319246,0.0158489319246,0.0158489319246,0.0158489319246,0.0158489319246,0.0158489319246,0.0158489319246,1,X151 X154,0.6684,0.0105301610238,0.6684,0.0105301610238
0.0158489319246,0.0158489319246,0.0158489319246,0.0158489319246,0.0158489319246,0.0158489319246,0.0158489319246,0.0158489319246,1,X152 X155,0.760577777778,0.0121897304096,0.760577777778,0.0121897304096
0.0158489319246,0.0158489319246,0.0158489319246,0.0158489319246,0.0158489319246,0.0158489319246,0.0158489319246,0.0158489319246,1,X153 Y156 Z158,0.823266666667,0.0103965069289,0.823266666667,0.0103965069289
0.0158489319246,0.0158489319246,0.0158489319246,0.0158489319246,0.0158489319246,0.0158489319246,0.0158489319246,0.0158489319246,1,X154 Z156 Y157 Y158 Z159 X160,0.592911111111,0.0111890523032,0.592911111111,0.0111890523032
0.0158489319246,0.0158489319246,0.0158489319246,0.0158489319246,0.0158489319246,0.0158489319246,0.0158489319246,0.0158489319246,1,X156 X158,0.760155555556,0.0133994719783,0.760155555556,0.0133994719783
0.0158489319246,0.0158489319246,0.0158489319246,0.0158489319246,0.0158489319246,0.0158489319246,0.0158489319246,0.0158489319246,1,X157 X159,0.699488888889,0.0128506699837,0.699488888889,0.0128506699837
0.0158489319246,0.0158489319246,0.0158489319246,0.0158489319246,0.0158489319246,0.0158489319246,0.0158489319246,0.0158489319246,1,X159 Z160 Y161,0.851777777778,0.0114822312613,0.851777777778,0.0114822312613
0.0158489319246,0.0158489319246,0.0158489319246,0.0158489319246,0.0158489319246,0.0158489319246,0.0158489319246,0.0158489319246,1,X16 Z20 Y21 Y25 Z26 X31,0.426577777778,0.0153655167828,0.426577777778,0.0153655167828
0.0158489319246,0.0158489319246,0.0158489319246,0.0158489319246,0.0158489319246,0.0158489319246,0.0158489319246,0.0158489319246,1,X160 X161,0.793933333333,0.0103669826614,0.793933333333,0.0103669826614
0.0158489319246,0.0158489319246,0.0158489319246,0.0158489319246,0.0158489319246,0.0158489319246,0.0158489319246,0.0158489319246,1,X17 Z21 Y22 Y26 Z27 X32,0.4374,0.0146314624521,0.4374,0.0146314624521
0.0158489319246,0.0158489319246,0.0158489319246,0.0158489319246,0.0158489319246,0.0158489319246,0.0158489319246,0.0158489319246,1,X18 Z22 Y23 Y27 Z28 X33,0.4372,0.0153242351818,0.4372,0.0153242351818
0.0158489319246,0.0158489319246,0.0158489319246,0.0158489319246,0.0158489319246,0.0158489319246,0.0158489319246,0.0158489319246,1,X19 Z23 Y24 Y28 Z29 X34,0.431688888889,0.016946825409,0.431688888889,0.016946825409
0.0158489319246,0.0158489319246,0.0158489319246,0.0158489319246,0.0158489319246,0.0158489319246,0.0158489319246,0.0158489319246,1,X2 X4,0.701177777778,0.0145772439394,0.701177777778,0.0145772439394
0.0158489319246,0.0158489319246,0.0158489319246,0.0158489319246,0.0158489319246,0.0158489319246,0.0158489319246,0.0158489319246,1,X20 X25,0.785577777778,0.00934889234053,0.785577777778,0.00934889234053
0.0158489319246,0.0158489319246,0.0158489319246,0.0158489319246,0.0158489319246,0.0158489319246,0.0158489319246,0.0158489319246,1,X21 X26,0.687711111111,0.0154945876926,0.687711111111,0.0154945876926
0.0158489319246,0.0158489319246,0.0158489319246,0.0158489319246,0.0158489319246,0.0158489319246,0.0158489319246,0.0158489319246,1,X22 X27,0.626755555556,0.0160274987193,0.626755555556,0.0160274987193
0.0158489319246,0.0158489319246,0.0158489319246,0.0158489319246,0.0158489319246,0.0158489319246,0.0158489319246,0.0158489319246,1,X23 X28,0.569866666667,0.014185849082,0.569866666667,0.014185849082
0.0158489319246,0.0158489319246,0.0158489319246,0.0158489319246,0.0158489319246,0.0158489319246,0.0158489319246,0.0158489319246,1,X24 X29,0.556333333333,0.0159786735264,0.556333333333,0.0159786735264
0.0158489319246,0.0158489319246,0.0158489319246,0.0158489319246,0.0158489319246,0.0158489319246,0.0158489319246,0.0158489319246,1,X25 Z30 Y31 Y36 Z37 X43,0.434488888889,0.0167477872578,0.434488888889,0.0167477872578
0.0158489319246,0.0158489319246,0.0158489319246,0.0158489319246,0.0158489319246,0.0158489319246,0.0158489319246,0.0158489319246,1,X26 Z31 Y32 Y37 Z38 X44,0.436155555556,0.0175675452535,0.436155555556,0.0175675452535
0.0158489319246,0.0158489319246,0.0158489319246,0.0158489319246,0.0158489319246,0.0158489319246,0.0158489319246,0.0158489319246,1,X27 Z32 Y33 Y38 Z39 X45,0.428333333333,0.0148243870736,0.428333333333,0.0148243870736
0.0158489319246,0.0158489319246,0.0158489319246,0.0158489319246,0.0158489319246,0.0158489319246,0.0158489319246,0.0158489319246,1,X28 Z33 Y34 Y39 Z40 X46,0.430577777778,0.0158215463285,0.430577777778,0.0158215463285
0.0158489319246,0.0158489319246,0.0158489319246,0.0158489319246,0.0158489319246,0.0158489319246,0.0158489319246,0.0158489319246,1,X29 Z34 Y35 Y40 Z41 X47,0.429333333333,0.0138906512292,0.429333333333,0.0138906512292
0.0158489319246,0.0158489319246,0.0158489319246,0.0158489319246,0.0158489319246,0.0158489319246,0.0158489319246,0.0158489319246,1,X3 X5,0.758444444444,0.011639980426,0.758444444444,0.011639980426
0.0158489319246,0.0158489319246,0.0158489319246,0.0158489319246,0.0158489319246,0.0158489319246,0.0158489319246,0.0158489319246,1,X30 X36,0.477488888889,0.0169729858235,0.477488888889,0.0169729858235
0.0158489319246,0.0158489319246,0.0158489319246,0.0158489319246,0.0158489319246,0.0158489319246,0.0158489319246,0.0158489319246,1,X31 X37,0.495688888889,0.015837037276,0.495688888889,0.015837037276
0.0158489319246,0.0158489319246,0.0158489319246,0.0158489319246,0.0158489319246,0.0158489319246,0.0158489319246,0.0158489319246,1,X32 X38,0.547222222222,0.0156357810826,0.547222222222,0.0156357810826
0.0158489319246,0.0158489319246,0.0158489319246,0.0158489319246,0.0158489319246,0.0158489319246,0.0158489319246,0.0158489319246,1,X33 X39,0.602666666667,0.017163625442,0.602666666667,0.017163625442
0.0158489319246,0.0158489319246,0.0158489319246,0.0158489319246,0.0158489319246,0.0158489319246,0.0158489319246,0.0158489319246,1,X34 X40,0.672,0.01433694154,0.672,0.01433694154
0.0158489319246,0.0158489319246,0.0158489319246,0.0158489319246,0.0158489319246,0.0158489319246,0.0158489319246,0.0158489319246,1,X35 X41,0.759533333333,0.00996415029934,0.759533333333,0.00996415029934
0.0158489319246,0.0158489319246,0.0158489319246,0.0158489319246,0.0158489319246,0.0158489319246,0.0158489319246,0.0158489319246,1,X36 Z42 Y43 Y49 Z50 X57,0.3106,0.0174059927144,0.3106,0.0174059927144
0.0158489319246,0.0158489319246,0.0158489319246,0.0158489319246,0.0158489319246,0.0158489319246,0.0158489319246,0.0158489319246,1,X37 Z43 Y44 Y50 Z51 X58,0.303777777778,0.0183456245806,0.303777777778,0.0183456245806
0.0158489319246,0.0158489319246,0.0158489319246,0.0158489319246,0.0158489319246,0.0158489319246,0.0158489319246,0.0158489319246,1,X38 Z44 Y45 Y51 Z52 X59,0.297133333333,0.0192544168193,0.297133333333,0.0192544168193
0.0158489319246,0.0158489319246,0.0158489319246,0.0158489319246,0.0158489319246,0.0158489319246,0.0158489319246,0.0158489319246,1,X39 Z45 Y46 Y52 Z53 X60,0.358288888889,0.0155548056743,0.358288888889,0.0155548056743
0.0158489319246,0.0158489319246,0.0158489319246,0.0158489319246,0.0158489319246,0.0158489319246,0.0158489319246,0.0158489319246,1,X4 Z6 Y7 Y9 Z10 X13,0.514977777778,0.0132233780363,0.514977777778,0.0132233780363
0.0158489319246,0.0158489319246,0.0158489319246,0.0158489319246,0.0158489319246,0.0158489319246,0.0158489319246,0.0158489319246,1,X40 Z46 Y47 Y53 Z54 X61,0.356333333333,0.0192676251601,0.356333333333,0.0192676251601
0.0158489319246,0.0158489319246,0.0158489319246,0.0158489319246,0.0158489319246,0.0158489319246,0.0158489319246,0.0158489319246,1,X41 Z47 Y48 Y54 Z55 X62,0.359644444444,0.017188371132,0.359644444444,0.017188371132
0.0158489319246,0.0158489319246,0.0158489319246,0.0158489319246,0.0158489319246,0.0158489319246,0.0158489319246,0.0158489319246,1,X42 X49,0.783955555556,0.010313006828,0.783955555556,0.010313006828
0.0158489319246,0.0158489319246,0.0158489319246,0.0158489319246,0.0158489319246,0.0158489319246,0.0158489319246,0.0158489319246,1,X43 X50,0.688755555556,0.0126548442509,0.688755555556,0.0126548442509
0.0158489319246,0.0158489319246,0.0158489319246,0.0158489319246,0.0158489319246,0.0158489319246,0.0158489319246,0.0158489319246,1,X44 X51,0.624755555556,0.0173895933413,0.624755555556,0.0173895933413
0.0158489319246,0.0158489319246,0.0158489319246,0.0158489319246,0.0158489319246,0.0158489319246,0.0158489319246,0.0158489319246,1,X45 X52,0.563355555556,0.0162164320743,0.563355555556,0.0162164320743
0.0158489319246,0.0158489319246,0.0158489319246,0.0158489319246,0.0158489319246,0.0158489319246,0.0158489319246,0.0158489319246,1,X46 X53,0.520022222222,0.0149579060281,0.520022222222,0.0149579060281
0.0158489319246,0.0158489319246,0.0158489319246,0.0158489319246,0.0158489319246,0.0158489319246,0.0158489319246,0.0158489319246,1,X47 X54,0.470133333333,0.0116703114175,0.470133333333,0.0116703114175
0.0158489319246,0.0158489319246,0.0158489319246,0.0158489319246,0.0158489319246,0.0158489319246,0.0158489319246,0.0158489319246,1,X48 X55,0.461911111111,0.0129505198444,0.461911111111,0.0129505198444
0.0158489319246,0.0158489319246,0.0158489319246,0.0158489319246,0.0158489319246,0.0158489319246,0.0158489319246,0.0158489319246,1,X49 Z56 Y57 Y64 Z65 X73,0.258088888889,0.0157126820764,0.258088888889,0.0157126820764
0.0158489319246,0.0158489319246,0.0158489319246,0.0158489319246,0.0158489319246,0.0158489319246,0.0158489319246,0.0158489319246,1,X5 Z7 Y8 Y10 Z11 X14,0.526533333333,0.013659684227,0.526533333333,0.013659684227
0.0158489319246,0.0158489319246,0.0158489319246,0.0158489319246,0.0158489319246,0.0158489319246,0.0158489319246,0.0158489319246,1,X50 Z57 Y58 Y65 Z66 X74,0.278111111111,0.0128928187958,0.278111111111,0.0128928187958
0.0158489319246,0.0158489319246,0.0158489319246,0.0158489319246,0.0158489319246,0.0158489319246,0.0158489319246,0.0158489319246,1,X51 Z58 Y59 Y66 Z67 X75,0.293222222222,0.0187224808695,0.293222222222,0.0187224808695
0.0158489319246,0.0158489319246,0.0158489319246,0.0158489319246,0.0158489319246,0.0158489319246,0.0158489319246,0.0158489319246,1,X52 Z59 Y60 Y67 Z68 X76,0.314288888889,0.0121481068747,0.314288888889,0.0121481068747
0.0158489319246,0.0158489319246,0.0158489319246,0.0158489319246,0.0158489319246,0.0158489319246,0.0158489319246,0.0158489319246,1,X53 Z60 Y61 Y68 Z69 X77,0.358466666667,0.0170292963703,0.358466666667,0.0170292963703
0.0158489319246,0.0158489319246,0.0158489319246,0.0158489319246,0.0158489319246,0.0158489319246,0.0158489319246,0.0158489319246,1,X54 Z61 Y62 Y69 Z70 X78,0.363977777778,0.0169511204737,0.363977777778,0.0169511204737
0.0158489319246,0.0158489319246,0.0158489319246,0.0158489319246,0.0158489319246,0.0158489319246,0.0158489319246,0.0158489319246,1,X55 Z62 Y63 Y70 Z71 X79,0.353133333333,0.0178938119401,0.353133333333,0.0178938119401
0.0158489319246,0.0158489319246,0.0158489319246,0.0158489319246,0.0158489319246,0.0158489319246,0.0158489319246,0.0158489319246,1,X56 X64,0.365044444444,0.0139519518494,0.365044444444,0.0139519518494
0.0158489319246,0.0158489319246,0.0158489319246,0.0158489319246,0.0158489319246,0.0158489319246,0.0158489319246,0.0158489319246,1,X57 X65,0.3728,0.0135447604777,0.3728,0.0135447604777
0.0158489319246,0.0158489319246,0.0158489319246,0.0158489319246,0.0158489319246,0.0158489319246,0.0158489319246,0.0158489319246,1,X58 X66,0.395577777778,0.0186045628098,0.395577777778,0.0186045628098
0.0158489319246,0.0158489319246,0.0158489319246,0.0158489319246,0.0158489319246,0.0158489319246,0.0158489319246,0.0158489319246,1,X59 X67,0.412666666667,0.0167469331555,0.412666666667,0.0167469331555
0.0158489319246,0.0158489319246,0.0158489319246,0.0158489319246,0.0158489319246,0.0158489319246,0.0158489319246,0.0158489319246,1,X6 X9,0.785555555556,0.0102195565407,0.785555555556,0.0102195565407
0.0158489319246,0.0158489319246,0.0158489319246,0.0158489319246,0.0158489319246,0.0158489319246,0.0158489319246,0.0158489319246,1,X60 X68,0.549733333333,0.0152291311893,0.549733333333,0.0152291311893
0.0158489319246,0.0158489319246,0.0158489319246,0.0158489319246,0.0158489319246,0.0158489319246,0.0158489319246,0.0158489319246,1,X61 X69,0.600977777778,0.0196332139671,0.600977777778,0.0196332139671
0.0158489319246,0.0158489319246,0.0158489319246,0.0158489319246,0.0158489319246,0.0158489319246,0.0158489319246,0.0158489319246,1,X62 X70,0.667155555556,0.0143635696407,0.667155555556,0.0143635696407
0.0158489319246,0.0158489319246,0.0158489319246,0.0158489319246,0.0158489319246,0.0158489319246,0.0158489319246,0.0158489319246,1,X63 X71,0.756444444444,0.0103492029913,0.756444444444,0.0103492029913
0.0158489319246,0.0158489319246,0.0158489319246,0.0158489319246,0.0158489319246,0.0158489319246,0.0158489319246,0.0158489319246,1,X64 Z72 Y73 Y81 Z82 X90,0.511466666667,0.0177296859096,0.511466666667,0.0177296859096
0.0158489319246,0.0158489319246,0.0158489319246,0.0158489319246,0.0158489319246,0.0158489319246,0.0158489319246,0.0158489319246,1,X65 Z73 Y74 Y82 Z83 X91,0.481911111111,0.0127561669657,0.481911111111,0.0127561669657
0.0158489319246,0.0158489319246,0.0158489319246,0.0158489319246,0.0158489319246,0.0158489319246,0.0158489319246,0.0158489319246,1,X66 Z74 Y75 Y83 Z84 X92,0.483644444444,0.0163437530295,0.483644444444,0.0163437530295
0.0158489319246,0.0158489319246,0.0158489319246,0.0158489319246,0.0158489319246,0.0158489319246,0.0158489319246,0.0158489319246,1,X67 Z75 Y76 Y84 Z85 X93,0.396733333333,0.0149372634402,0.396733333333,0.0149372634402
0.0158489319246,0.0158489319246,0.0158489319246,0.0158489319246,0.0158489319246,0.0158489319246,0.0158489319246,0.0158489319246,1,X68 Z76 Y77 Y85 Z86 X94,0.394355555556,0.0166742358291,0.394355555556,0.0166742358291
0.0158489319246,0.0158489319246,0.0158489319246,0.0158489319246,0.0158489319246,0.0158489319246,0.0158489319246,0.0158489319246,1,X69 Z77 Y78 Y86 Z87 X95,0.600911111111,0.0162880990646,0.600911111111,0.0162880990646
0.0158489319246,0.0158489319246,0.0158489319246,0.0158489319246,0.0158489319246,0.0158489319246,0.0158489319246,0.0158489319246,1,X7 X10,0.687355555556,0.0137258135124,0.687355555556,0.0137258135124
0.0158489319246,0.0158489319246,0.0158489319246,0.0158489319246,0.0158489319246,0.0158489319246,0.0158489319246,0.0158489319246,1,X70 Z78 Y79 Y87 Z88 X96,0.496666666667,0.0162414728585,0.496666666667,0.0162414728585
0.0158489319246,0.0158489319246,0.0158489319246,0.0158489319246,0.0158489319246,0.0158489319246,0.0158489319246,0.0158489319246,1,X71 Z79 Y80 Y88 Z89 X97,0.456377777778,0.0135212995967,0.456377777778,0.0135212995967
0.0158489319246,0.0158489319246,0.0158489319246,0.0158489319246,0.0158489319246,0.0158489319246,0.0158489319246,0.0158489319246,1,X72 X81,0.5548,0.0132935037285,0.5548,0.0132935037285
0.0158489319246,0.0158489319246,0.0158489319246,0.0158489319246,0.0158489319246,0.0158489319246,0.0158489319246,0.0158489319246,1,X73 X82,0.571533333333,0.0144255520423,0.571533333333,0.0144255520423
0.0158489319246,0.0158489319246,0.0158489319246,0.0158489319246,0.0158489319246,0.0158489319246,0.0158489319246,0.0158489319246,1,X74 X83,0.629466666667,0.0124812810031,0.629466666667,0.0124812810031
0.0158489319246,0.0158489319246,0.0158489319246,0.0158489319246,0.0158489319246,0.0158489319246,0.0158489319246,0.0158489319246,1,X75 X84,0.694333333333,0.0124878484998,0.694333333333,0.0124878484998
0.0158489319246,0.0158489319246,0.0158489319246,0.0158489319246,0.0158489319246,0.0158489319246,0.0158489319246,0.0158489319246,1,X76 X85,0.555355555556,0.0150080268008,0.555355555556,0.0150080268008
0.0158489319246,0.0158489319246,0.0158489319246,0.0158489319246,0.0158489319246,0.0158489319246,0.0158489319246,0.0158489319246,1,X77 X86,0.718555555556,0.0145524111137,0.718555555556,0.0145524111137
0.0158489319246,0.0158489319246,0.0158489319246,0.0158489319246,0.0158489319246,0.0158489319246,0.0158489319246,0.0158489319246,1,X78 X87,0.626777777778,0.0149339114557,0.626777777778,0.0149339114557
0.0158489319246,0.0158489319246,0.0158489319246,0.0158489319246,0.0158489319246,0.0158489319246,0.0158489319246,0.0158489319246,1,X79 X88,0.520622222222,0.0150930024469,0.520622222222,0.0150930024469
0.0158489319246,0.0158489319246,0.0158489319246,0.0158489319246,0.0158489319246,0.0158489319246,0.0158489319246,0.0158489319246,1,X8 X11,0.669711111111,0.0144303674406,0.669711111111,0.0144303674406
0.0158489319246,0.0158489319246,0.0158489319246,0.0158489319246,0.0158489319246,0.0158489319246,0.0158489319246,0.0158489319246,1,X80 X89,0.504644444444,0.0145612547703,0.504644444444,0.0145612547703
0.0158489319246,0.0158489319246,0.0158489319246,0.0158489319246,0.0158489319246,0.0158489319246,0.0158489319246,0.0158489319246,1,X81 Y90 Z98,0.810422222222,0.0120655722287,0.810422222222,0.0120655722287
0.0158489319246,0.0158489319246,0.0158489319246,0.0158489319246,0.0158489319246,0.0158489319246,0.0158489319246,0.0158489319246,1,X82 Z90 Y91 Y98 Z99 X106,0.382777777778,0.0173528478419,0.382777777778,0.0173528478419
0.0158489319246,0.0158489319246,0.0158489319246,0.0158489319246,0.0158489319246,0.0158489319246,0.0158489319246,0.0158489319246,1,X83 Z91 Y92 Y99 Z100 X107,0.3604,0.0168542092017,0.3604,0.0168542092017
0.0158489319246,0.0158489319246,0.0158489319246,0.0158489319246,0.0158489319246,0.0158489319246,0.0158489319246,0.0158489319246,1,X84 Z92 Y93 Y100 Z101 X108,0.373,0.0149417771694,0.373,0.0149417771694
0.0158489319246,0.0158489319246,0.0158489319246,0.0158489319246,0.0158489319246,0.0158489319246,0.0158489319246,0.0158489319246,1,X85 Z93 Y94 Y101 Z102 X109,0.360666666667,0.0140551731658,0.360666666667,0.0140551731658
0.0158489319246,0.0158489319246,0.0158489319246,0.0158489319246,0.0158489319246,0.0158489319246,0.0158489319246,0.0158489319246,1,X86 Z94 Y95 Y102 Z103 X110,0.604866666667,0.013905152164,0.604866666667,0.013905152164
0.0158489319246,0.0158489319246,0.0158489319246,0.0158489319246,0.0158489319246,0.0158489319246,0.0158489319246,0.0158489319246,1,X87 Z95 Y96 Y103 Z104 X111,0.374288888889,0.016047518836,0.374288888889,0.016047518836
0.0158489319246,0.0158489319246,0.0158489319246,0.0158489319246,0.0158489319246,0.0158489319246,0.0158489319246,0.0158489319246,1,X88 Z96 Y97 Y104 Z105 X112,0.1798,0.0173961285163,0.1798,0.0173961285163
0.0158489319246,0.0158489319246,0.0158489319246,0.0158489319246,0.0158489319246,0.0158489319246,0.0158489319246,0.0158489319246,1,X9 Z12 Y13 Y16 Z17 X21,0.5238,0.0170472860504,0.5238,0.0170472860504
0.0158489319246,0.0158489319246,0.0158489319246,0.0158489319246,0.0158489319246,0.0158489319246,0.0158489319246,0.0158489319246,1,X90 X98,0.759088888889,0.0111643704393,0.759088888889,0.0111643704393
0.0158489319246,0.0158489319246,0.0158489319246,0.0158489319246,0.0158489319246,0.0158489319246,0.0158489319246,0.0158489319246,1,X91 X99,0.671688888889,0.0134929904701,0.671688888889,0.0134929904701
0.0158489319246,0.0158489319246,0.0158489319246,0.0158489319246,0.0158489319246,0.0158489319246,0.0158489319246,0.0158489319246,1,X92 X100,0.606044444444,0.0173809543304,0.606044444444,0.0173809543304
0.0158489319246,0.0158489319246,0.0158489319246,0.0158489319246,0.0158489319246,0.0158489319246,0.0158489319246,0.0158489319246,1,X93 X101,0.5686,0.0151956335733,0.5686,0.0151956335733
0.0158489319246,0.0158489319246,0.0158489319246,0.0158489319246,0.0158489319246,0.0158489319246,0.0158489319246,0.0158489319246,1,X94 X102,0.567911111111,0.0118000367989,0.567911111111,0.0118000367989
0.0158489319246,0.0158489319246,0.0158489319246,0.0158489319246,0.0158489319246,0.0158489319246,0.0158489319246,0.0158489319246,1,X95 X103,0.533311111111,0.0207377223675,0.533311111111,0.0207377223675
0.0158489319246,0.0158489319246,0.0158489319246,0.0158489319246,0.0158489319246,0.0158489319246,0.0158489319246,0.0158489319246,1,X96 X104,0.433911111111,0.0198721841704,0.433911111111,0.0198721841704
0.0158489319246,0.0158489319246,0.0158489319246,0.0158489319246,0.0158489319246,0.0158489319246,0.0158489319246,0.0158489319246,1,X97 X105,0.769288888889,0.0116854473905,0.769288888889,0.0116854473905
0.0158489319246,0.0158489319246,0.0158489319246,0.0158489319246,0.0158489319246,0.0158489319246,0.0158489319246,0.0158489319246,1,X99 Z106 Y107 Y113 Z114 X120,0.478044444444,0.0142457181396,0.478044444444,0.0142457181396
0.0158489319246,0.0158489319246,0.0158489319246,0.0158489319246,0.0158489319246,0.0158489319246,0.0158489319246,0.0158489319246,1,Y0 Z1 X2,0.772777777778,0.0138443269799,0.772777777778,0.0138443269799
0.0158489319246,0.0158489319246,0.0158489319246,0.0158489319246,0.0158489319246,0.0158489319246,0.0158489319246,0.0158489319246,1,Y20 Z25 X30,0.531777777778,0.0155001750907,0.531777777778,0.0155001750907
0.0158489319246,0.0158489319246,0.0158489319246,0.0158489319246,0.0158489319246,0.0158489319246,0.0158489319246,0.0158489319246,1,Y42 Z49 X56,0.394377777778,0.017063939557,0.394377777778,0.017063939557
0.0158489319246,0.0158489319246,0.0158489319246,0.0158489319246,0.0158489319246,0.0158489319246,0.0158489319246,0.0158489319246,1,Y6 Z9 X12,0.644911111111,0.011109325527,0.644911111111,0.011109325527
0.0158489319246,0.0158489319246,0.0158489319246,0.0158489319246,0.0158489319246,0.0158489319246,0.0158489319246,0.0158489319246,1,Z15 Y19 X24,0.824133333333,0.0095899052928,0.824133333333,0.0095899052928
0.0158489319246,0.0158489319246,0.0158489319246,0.0158489319246,0.0158489319246,0.0158489319246,0.0158489319246,0.0158489319246,1,Z3 Y5 X8,0.828466666667,0.00982162755434,0.828466666667,0.00982162755434
0.0158489319246,0.0158489319246,0.0158489319246,0.0158489319246,0.0158489319246,0.0158489319246,0.0158489319246,0.0158489319246,1,Z35 Y41 X48,0.828933333333,0.0070631524552,0.828933333333,0.0070631524552
0.0158489319246,0.0158489319246,0.0158489319246,0.0158489319246,0.0158489319246,0.0158489319246,0.0158489319246,0.0158489319246,1,Z63 Y71 X80,0.826511111111,0.0124139130121,0.826511111111,0.0124139130121
0.0158489319246,0.0158489319246,0.0158489319246,0.0158489319246,0.0158489319246,0.0158489319246,0.0158489319246,0.0158489319246,5,Logical X,0.2148,0.013087855211,0.217711111111,0.0173886679383
0.0158489319246,0.0158489319246,0.0158489319246,0.0158489319246,0.0158489319246,0.0158489319246,0.0158489319246,0.0158489319246,5,Logical Y,0.0141555555556,0.0085530722375,0.0056,0.017307319117
0.0158489319246,0.0158489319246,0.0158489319246,0.0158489319246,0.0158489319246,0.0158489319246,0.0158489319246,0.0158489319246,5,Logical Z,0.0151333333333,0.0108506404635,0.000755555555556,0.0207216423655
0.0158489319246,0.0158489319246,0.0158489319246,0.0158489319246,0.0158489319246,0.0158489319246,0.0158489319246,0.0158489319246,5,X0 X1,0.816911111111,0.0105503475759,0.816911111111,0.0105503475759
0.0158489319246,0.0158489319246,0.0158489319246,0.0158489319246,0.0158489319246,0.0158489319246,0.0158489319246,0.0158489319246,5,X1 Z2 Y3 Y4 Z5 X7,0.620711111111,0.014327246324,0.620711111111,0.014327246324
0.0158489319246,0.0158489319246,0.0158489319246,0.0158489319246,0.0158489319246,0.0158489319246,0.0158489319246,0.0158489319246,5,X10 Z13 Y14 Y17 Z18 X22,0.527511111111,0.0109739270706,0.527511111111,0.0109739270706
0.0158489319246,0.0158489319246,0.0158489319246,0.0158489319246,0.0158489319246,0.0158489319246,0.0158489319246,0.0158489319246,5,X100 Z107 Y108 Y114 Z115 X121,0.445155555556,0.0180207911711,0.445155555556,0.0180207911711
0.0158489319246,0.0158489319246,0.0158489319246,0.0158489319246,0.0158489319246,0.0158489319246,0.0158489319246,0.0158489319246,5,X101 Z108 Y109 Y115 Z116 X122,0.442466666667,0.0148825800095,0.442466666667,0.0148825800095
0.0158489319246,0.0158489319246,0.0158489319246,0.0158489319246,0.0158489319246,0.0158489319246,0.0158489319246,0.0158489319246,5,X102 Z109 Y110 Y116 Z117 X123,0.449311111111,0.0126302966457,0.449311111111,0.0126302966457
0.0158489319246,0.0158489319246,0.0158489319246,0.0158489319246,0.0158489319246,0.0158489319246,0.0158489319246,0.0158489319246,5,X103 Z110 Y111 Y117 Z118 X124,0.305022222222,0.0176094134816,0.305022222222,0.0176094134816
0.0158489319246,0.0158489319246,0.0158489319246,0.0158489319246,0.0158489319246,0.0158489319246,0.0158489319246,0.0158489319246,5,X104 Z111 Y112 Y118 Z119 X125,0.156155555556,0.0187254274915,0.156155555556,0.0187254274915
0.0158489319246,0.0158489319246,0.0158489319246,0.0158489319246,0.0158489319246,0.0158489319246,0.0158489319246,0.0158489319246,5,X105 Z112 Y119,0.524622222222,0.0136164576254,0.524622222222,0.0136164576254
0.0158489319246,0.0158489319246,0.0158489319246,0.0158489319246,0.0158489319246,0.0158489319246,0.0158489319246,0.0158489319246,5,X106 X113,0.503044444444,0.0162600357064,0.503044444444,0.0162600357064
0.0158489319246,0.0158489319246,0.0158489319246,0.0158489319246,0.0158489319246,0.0158489319246,0.0158489319246,0.0158489319246,5,X107 X114,0.531866666667,0.0116308481356,0.531866666667,0.0116308481356
0.0158489319246,0.0158489319246,0.0158489319246,0.0158489319246,0.0158489319246,0.0158489319246,0.0158489319246,0.0158489319246,5,X108 X115,0.583111111111,0.0109535184198,0.583111111111,0.0109535184198
0.0158489319246,0.0158489319246,0.0158489319246,0.0158489319246,0.0158489319246,0.0158489319246,0.0158489319246,0.0158489319246,5,X109 X116,0.6466,0.0118591348951,0.6466,0.0118591348951
0.0158489319246,0.0158489319246,0.0158489319246,0.0158489319246,0.0158489319246,0.0158489319246,0.0158489319246,0.0158489319246,5,X11 Z14 Y15 Y18 Z19 X23,0.513044444444,0.0169711798377,0.513044444444,0.0169711798377
0.0158489319246,0.0158489319246,0.0158489319246,0.0158489319246,0.0158489319246,0.0158489319246,0.0158489319246,0.0158489319246,5,X110 X117,0.711755555556,0.0132751412121,0.711755555556,0.0132751412121
0.0158489319246,0.0158489319246,0.0158489319246,0.0158489319246,0.0158489319246,0.0158489319246,0.0158489319246,0.0158489319246,5,X111 X118,0.763088888889,0.0109102691031,0.763088888889,0.0109102691031
0.0158489319246,0.0158489319246,0.0158489319246,0.0158489319246,0.0158489319246,0.0158489319246,0.0158489319246,0.0158489319246,5,X112 X119,0.317111111111,0.0203119981027,0.317111111111,0.0203119981027
0.0158489319246,0.0158489319246,0.0158489319246,0.0158489319246,0.0158489319246,0.0158489319246,0.0158489319246,0.0158489319246,5,X113 Y120 Z126,0.8278,0.0108873014716,0.8278,0.0108873014716
0.0158489319246,0.0158489319246,0.0158489319246,0.0158489319246,0.0158489319246,0.0158489319246,0.0158489319246,0.0158489319246,5,X114 Z120 Y121 Y126 Z127 X132,0.404688888889,0.0187309920681,0.404688888889,0.0187309920681
0.0158489319246,0.0158489319246,0.0158489319246,0.0158489319246,0.0158489319246,0.0158489319246,0.0158489319246,0.0158489319246,5,X115 Z121 Y122 Y127 Z128 X133,0.385533333333,0.0207145533456,0.385533333333,0.0207145533456
0.0158489319246,0.0158489319246,0.0158489319246,0.0158489319246,0.0158489319246,0.0158489319246,0.0158489319246,0.0158489319246,5,X116 Z122 Y123 Y128 Z129 X134,0.380733333333,0.0150700535304,0.380733333333,0.0150700535304
0.0158489319246,0.0158489319246,0.0158489319246,0.0158489319246,0.0158489319246,0.0158489319246,0.0158489319246,0.0158489319246,5,X117 Z123 Y124 Y129 Z130 X135,0.380155555556,0.014958110944,0.380155555556,0.014958110944
0.0158489319246,0.0158489319246,0.0158489319246,0.0158489319246,0.0158489319246,0.0158489319246,0.0158489319246,0.0158489319246,5,X118 Z124 Y125 Y130 Z131 X136,0.382755555556,0.0169287289725,0.382755555556,0.0169287289725
0.0158489319246,0.0158489319246,0.0158489319246,0.0158489319246,0.0158489319246,0.0158489319246,0.0158489319246,0.0158489319246,5,X12 X16,0.572222222222,0.0188767596847,0.572222222222,0.0188767596847
0.0158489319246,0.0158489319246,0.0158489319246,0.0158489319246,0.0158489319246,0.0158489319246,0.0158489319246,0.0158489319246,5,X120 X126,0.756355555556,0.0131419988138,0.756355555556,0.0131419988138
0.0158489319246,0.0158489319246,0.0158489319246,0.0158489319246,0.0158489319246,0.0158489319246,0.0158489319246,0.0158489319246,5,X121 X127,0.668955555556,0.0175710344487,0.668955555556,0.0175710344487
0.0158489319246,0.0158489319246,0.0158489319246,0.0158489319246,0.0158489319246,0.0158489319246,0.0158489319246,0.0158489319246,5,X122 X128,0.607044444444,0.0111879564877,0.607044444444,0.0111879564877
0.0158489319246,0.0158489319246,0.0158489319246,0.0158489319246,0.0158489319246,0.0158489319246,0.0158489319246,0.0158489319246,5,X123 X129,0.548044444444,0.0151618934849,0.548044444444,0.0151618934849
0.0158489319246,0.0158489319246,0.0158489319246,0.0158489319246,0.0158489319246,0.0158489319246,0.0158489319246,0.0158489319246,5,X124 X130,0.494422222222,0.0131510334467,0.494422222222,0.0131510334467
0.0158489319246,0.0158489319246,0.0158489319246,0.0158489319246,0.0158489319246,0.0158489319246,0.0158489319246,0.0158489319246,5,X125 X131,0.480133333333,0.016581760741,0.480133333333,0.016581760741
0.0158489319246,0.0158489319246,0.0158489319246,0.0158489319246,0.0158489319246,0.0158489319246,0.0158489319246,0.0158489319246,5,X127 Z132 Y133 Y137 Z138 X142,0.490088888889,0.0121758926863,0.490088888889,0.0121758926863
0.0158489319246,0.0158489319246,0.0158489319246,0.0158489319246,0.0158489319246,0.0158489319246,0.0158489319246,0.0158489319246,5,X128 Z133 Y134 Y138 Z139 X143,0.472911111111,0.0181854923723,0.472911111111,0.0181854923723
0.0158489319246,0.0158489319246,0.0158489319246,0.0158489319246,0.0158489319246,0.0158489319246,0.0158489319246,0.0158489319246,5,X129 Z134 Y135 Y139 Z140 X144,0.468044444444,0.0149275987895,0.468044444444,0.0149275987895
0.0158489319246,0.0158489319246,0.0158489319246,0.0158489319246,0.0158489319246,0.0158489319246,0.0158489319246,0.0158489319246,5,X13 X17,0.604711111111,0.0175354557811,0.604711111111,0.0175354557811
0.0158489319246,0.0158489319246,0.0158489319246,0.0158489319246,0.0158489319246,0.0158489319246,0.0158489319246,0.0158489319246,5,X130 Z135 Y136 Y140 Z141 X145,0.4734,0.0146356516374,0.4734,0.0146356516374
0.0158489319246,0.0158489319246,0.0158489319246,0.0158489319246,0.0158489319246,0.0158489319246,0.0158489319246,0.0158489319246,5,X131 Z136 Y141,0.854733333333,0.0102465394588,0.854733333333,0.0102465394588
0.0158489319246,0.0158489319246,0.0158489319246,0.0158489319246,0.0158489319246,0.0158489319246,0.0158489319246,0.0158489319246,5,X132 X137,0.520044444444,0.0175450669478,0.520044444444,0.0175450669478
0.0158489319246,0.0158489319246,0.0158489319246,0.0158489319246,0.0158489319246,0.0158489319246,0.0158489319246,0.0158489319246,5,X133 X138,0.546666666667,0.0182909646266,0.546666666667,0.0182909646266
0.0158489319246,0.0158489319246,0.0158489319246,0.0158489319246,0.0158489319246,0.0158489319246,0.0158489319246,0.0158489319246,5,X134 X139,0.609688888889,0.0131104746907,0.609688888889,0.0131104746907
0.0158489319246,0.0158489319246,0.0158489319246,0.0158489319246,0.0158489319246,0.0158489319246,0.0158489319246,0.0158489319246,5,X135 X140,0.664466666667,0.0136807048731,0.664466666667,0.0136807048731
0.0158489319246,0.0158489319246,0.0158489319246,0.0158489319246,0.0158489319246,0.0158489319246,0.0158489319246,0.0158489319246,5,X136 X141,0.759666666667,0.0115134437495,0.759666666667,0.0115134437495
0.0158489319246,0.0158489319246,0.0158489319246,0.0158489319246,0.0158489319246,0.0158489319246,0.0158489319246,0.0158489319246,5,X137 Y142 Z146,0.823244444444,0.0114587159462,0.823244444444,0.0114587159462
0.0158489319246,0.0158489319246,0.0158489319246,0.0158489319246,0.0158489319246,0.0158489319246,0.0158489319246,0.0158489319246,5,X138 Z142 Y143 Y146 Z147 X150,0.489155555556,0.0156081650047,0.489155555556,0.0156081650047
0.0158489319246,0.0158489319246,0.0158489319246,0.0158489319246,0.0158489319246,0.0158489319246,0.0158489319246,0.0158489319246,5,X139 Z143 Y144 Y147 Z148 X151,0.464133333333,0.0201788174661,0.464133333333,0.0201788174661
0.0158489319246,0.0158489319246,0.0158489319246,0.0158489319246,0.0158489319246,0.0158489319246,0.0158489319246,0.0158489319246,5,X14 X18,0.664444444444,0.00997826501298,0.664444444444,0.00997826501298
0.0158489319246,0.0158489319246,0.0158489319246,0.0158489319246,0.0158489319246,0.0158489319246,0.0158489319246,0.0158489319246,5,X140 Z144 Y145 Y148 Z149 X152,0.465177777778,0.0183266933291,0.465177777778,0.0183266933291
0.0158489319246,0.0158489319246,0.0158489319246,0.0158489319246,0.0158489319246,0.0158489319246,0.0158489319246,0.0158489319246,5,X142 X146,0.7558,0.0153948292061,0.7558,0.0153948292061
0.0158489319246,0.0158489319246,0.0158489319246,0.0158489319246,0.0158489319246,0.0158489319246,0.0158489319246,0.0158489319246,5,X143 X147,0.662111111111,0.0121612201109,0.662111111111,0.0121612201109
0.0158489319246,0.0158489319246,0.0158489319246,0.0158489319246,0.0158489319246,0.0158489319246,0.0158489319246,0.0158489319246,5,X144 X148,0.6102,0.0147054346562,0.6102,0.0147054346562
0.0158489319246,0.0158489319246,0.0158489319246,0.0158489319246,0.0158489319246,0.0158489319246,0.0158489319246,0.0158489319246,5,X145 X149,0.575733333333,0.0147173627489,0.575733333333,0.0147173627489
0.0158489319246,0.0158489319246,0.0158489319246,0.0158489319246,0.0158489319246,0.0158489319246,0.0158489319246,0.0158489319246,5,X147 Z150 Y151 Y153 Z154 X156,0.593911111111,0.0184018434303,0.593911111111,0.0184018434303
0.0158489319246,0.0158489319246,0.0158489319246,0.0158489319246,0.0158489319246,0.0158489319246,0.0158489319246,0.0158489319246,5,X148 Z151 Y152 Y154 Z155 X157,0.569844444444,0.0187336101205,0.569844444444,0.0187336101205
0.0158489319246,0.0158489319246,0.0158489319246,0.0158489319246,0.0158489319246,0.0158489319246,0.0158489319246,0.0158489319246,5,X149 Z152 Y155,0.855244444444,0.00871820807159,0.855244444444,0.00871820807159
0.0158489319246,0.0158489319246,0.0158489319246,0.0158489319246,0.0158489319246,0.0158489319246,0.0158489319246,0.0158489319246,5,X15 X19,0.760311111111,0.014102779089,0.760311111111,0.014102779089
0.0158489319246,0.0158489319246,0.0158489319246,0.0158489319246,0.0158489319246,0.0158489319246,0.0158489319246,0.0158489319246,5,X150 X153,0.631977777778,0.0160282158615,0.631977777778,0.0160282158615
0.0158489319246,0.0158489319246,0.0158489319246,0.0158489319246,0.0158489319246,0.0158489319246,0.0158489319246,0.0158489319246,5,X151 X154,0.669733333333,0.0123928047348,0.669733333333,0.0123928047348
0.0158489319246,0.0158489319246,0.0158489319246,0.0158489319246,0.0158489319246,0.0158489319246,0.0158489319246,0.0158489319246,5,X152 X155,0.759044444444,0.0130142077779,0.759044444444,0.0130142077779
0.0158489319246,0.0158489319246,0.0158489319246,0.0158489319246,0.0158489319246,0.0158489319246,0.0158489319246,0.0158489319246,5,X153 Y156 Z158,0.828422222222,0.0080600872443,0.828422222222,0.0080600872443
0.0158489319246,0.0158489319246,0.0158489319246,0.0158489319246,0.0158489319246,0.0158489319246,0.0158489319246,0.0158489319246,5,X154 Z156 Y157 Y158 Z159 X160,0.594666666667,0.0161648594795,0.594666666667,0.0161648594795
0.0158489319246,0.0158489319246,0.0158489319246,0.0158489319246,0.0158489319246,0.0158489319246,0.0158489319246,0.0158489319246,5,X156 X158,0.760466666667,0.0144085436554,0.760466666667,0.0144085436554
0.0158489319246,0.0158489319246,0.0158489319246,0.0158489319246,0.0158489319246,0.0158489319246,0.0158489319246,0.0158489319246,5,X157 X159,0.698288888889,0.0136184271526,0.698288888889,0.0136184271526
0.0158489319246,0.0158489319246,0.0158489319246,0.0158489319246,0.0158489319246,0.0158489319246,0.0158489319246,0.0158489319246,5,X159 Z160 Y161,0.855177777778,0.00809272571207,0.855177777778,0.00809272571207
0.0158489319246,0.0158489319246,0.0158489319246,0.0158489319246,0.0158489319246,0.0158489319246,0.0158489319246,0.0158489319246,5,X16 Z20 Y21 Y25 Z26 X31,0.426488888889,0.0222737639823,0.426488888889,0.0222737639823
0.0158489319246,0.0158489319246,0.0158489319246,0.0158489319246,0.0158489319246,0.0158489319246,0.0158489319246,0.0158489319246,5,X160 X161,0.792955555556,0.0097771072567,0.792955555556,0.0097771072567
0.0158489319246,0.0158489319246,0.0158489319246,0.0158489319246,0.0158489319246,0.0158489319246,0.0158489319246,0.0158489319246,5,X17 Z21 Y22 Y26 Z27 X32,0.435177777778,0.0140624587412,0.435177777778,0.0140624587412
0.0158489319246,0.0158489319246,0.0158489319246,0.0158489319246,0.0158489319246,0.0158489319246,0.0158489319246,0.0158489319246,5,X18 Z22 Y23 Y27 Z28 X33,0.435466666667,0.0166002354228,0.435466666667,0.0166002354228
0.0158489319246,0.0158489319246,0.0158489319246,0.0158489319246,0.0158489319246,0.0158489319246,0.0158489319246,0.0158489319246,5,X19 Z23 Y24 Y28 Z29 X34,0.428266666667,0.0154469553349,0.428266666667,0.0154469553349
0.0158489319246,0.0158489319246,0.0158489319246,0.0158489319246,0.0158489319246,0.0158489319246,0.0158489319246,0.0158489319246,5,X2 X4,0.698577777778,0.0164586870082,0.698577777778,0.0164586870082
0.0158489319246,0.0158489319246,0.0158489319246,0.0158489319246,0.0158489319246,0.0158489319246,0.0158489319246,0.0158489319246,5,X20 X25,0.787444444444,0.00876615458202,0.787444444444,0.00876615458202
0.0158489319246,0.0158489319246,0.0158489319246,0.0158489319246,0.0158489319246,0.0158489319246,0.0158489319246,0.0158489319246,5,X21 X26,0.691444444444,0.0145892243165,0.691444444444,0.0145892243165
0.0158489319246,0.0158489319246,0.0158489319246,0.0158489319246,0.0158489319246,0.0158489319246,0.0158489319246,0.0158489319246,5,X22 X27,0.630444444444,0.0118487703529,0.630444444444,0.0118487703529
0.0158489319246,0.0158489319246,0.0158489319246,0.0158489319246,0.0158489319246,0.0158489319246,0.0158489319246,0.0158489319246,5,X23 X28,0.5686,0.0131006712121,0.5686,0.0131006712121
0.0158489319246,0.0158489319246,0.0158489319246,0.0158489319246,0.0158489319246,0.0158489319246,0.0158489319246,0.0158489319246,5,X24 X29,0.558155555556,0.0113511466949,0.558155555556,0.0113511466949
0.0158489319246,0.0158489319246,0.0158489319246,0.0158489319246,0.0158489319246,0.0158489319246,0.0158489319246,0.0158489319246,5,X25 Z30 Y31 Y36 Z37 X43,0.433666666667,0.0165497045383,0.433666666667,0.0165497045383
0.0158489319246,0.0158489319246,0.0158489319246,0.0158489319246,0.0158489319246,0.0158489319246,0.0158489319246,0.0158489319246,5,X26 Z31 Y32 Y37 Z38 X44,0.433177777778,0.0211997855359,0.433177777778,0.0211997855359
0.0158489319246,0.0158489319246,0.0158489319246,0.0158489319246,0.0158489319246,0.0158489319246,0.0158489319246,0.0158489319246,5,X27 Z32 Y33 Y38 Z39 X45,0.438355555556,0.0121683382046,0.438355555556,0.0121683382046
0.0158489319246,0.0158489319246,0.0158489319246,0.0158489319246,0.0158489319246,0.0158489319246,0.0158489319246,0.0158489319246,5,X28 Z33 Y34 Y39 Z40 X46,0.437666666667,0.0175457802941,0.437666666667,0.0175457802941
0.0158489319246,0.0158489319246,0.0158489319246,0.0158489319246,0.0158489319246,0.0158489319246,0.0158489319246,0.0158489319246,5,X29 Z34 Y35 Y40 Z41 X47,0.4252,0.0145885064716,0.4252,0.0145885064716
0.0158489319246,0.0158489319246,0.0158489319246,0.0158489319246,0.0158489319246,0.0158489319246,0.0158489319246,0.0158489319246,5,X3 X5,0.764488888889,0.013941237744,0.764488888889,0.013941237744
0.0158489319246,0.0158489319246,0.0158489319246,0.0158489319246,0.0158489319246,0.0158489319246,0.0158489319246,0.0158489319246,5,X30 X36,0.475288888889,0.016630243726,0.475288888889,0.016630243726
0.0158489319246,0.0158489319246,0.0158489319246,0.0158489319246,0.0158489319246,0.0158489319246,0.0158489319246,0.0158489319246,5,X31 X37,0.495533333333,0.012124703259,0.495533333333,0.012124703259
0.0158489319246,0.0158489319246,0.0158489319246,0.0158489319246,0.0158489319246,0.0158489319246,0.0158489319246,0.0158489319246,5,X32 X38,0.546422222222,0.0180289110802,0.546422222222,0.0180289110802
0.0158489319246,0.0158489319246,0.0158489319246,0.0158489319246,0.0158489319246,0.0158489319246,0.0158489319246,0.0158489319246,5,X33 X39,0.606977777778,0.0144155443277,0.606977777778,0.0144155443277
0.0158489319246,0.0158489319246,0.0158489319246,0.0158489319246,0.0158489319246,0.0158489319246,0.0158489319246,0.0158489319246,5,X34 X40,0.668977777778,0.0125929291518,0.668977777778,0.0125929291518
0.0158489319246,0.0158489319246,0.0158489319246,0.0158489319246,0.0158489319246,0.0158489319246,0.0158489319246,0.0158489319246,5,X35 X41,0.755066666667,0.0125366588887,0.755066666667,0.0125366588887
0.0158489319246,0.0158489319246,0.0158489319246,0.0158489319246,0.0158489319246,0.0158489319246,0.0158489319246,0.0158489319246,5,X36 Z42 Y43 Y49 Z50 X57,0.308177777778,0.0145564651232,0.308177777778,0.0145564651232
0.0158489319246,0.0158489319246,0.0158489319246,0.0158489319246,0.0158489319246,0.0158489319246,0.0158489319246,0.0158489319246,5,X37 Z43 Y44 Y50 Z51 X58,0.307844444444,0.0171240086736,0.307844444444,0.0171240086736
0.0158489319246,0.0158489319246,0.0158489319246,0.0158489319246,0.0158489319246,0.0158489319246,0.0158489319246,0.0158489319246,5,X38 Z44 Y45 Y51 Z52 X59,0.292333333333,0.0165478523569,0.292333333333,0.0165478523569
0.0158489319246,0.0158489319246,0.0158489319246,0.0158489319246,0.0158489319246,0.0158489319246,0.0158489319246,0.0158489319246,5,X39 Z45 Y46 Y52 Z53 X60,0.358466666667,0.0155877444737,0.358466666667,0.0155877444737
0.0158489319246,0.0158489319246,0.0158489319246,0.0158489319246,0.0158489319246,0.0158489319246,0.0158489319246,0.0158489319246,5,X4 Z6 Y7 Y9 Z10 X13,0.5118,0.0110327273508,0.5118,0.0110327273508
0.0158489319246,0.0158489319246,0.0158489319246,0.0158489319246,0.0158489319246,0.0158489319246,0.0158489319246,0.0158489319246,5,X40 Z46 Y47 Y53 Z54 X61,0.358044444444,0.0194064675662,0.358044444444,0.0194064675662
0.0158489319246,0.0158489319246,0.0158489319246,0.0158489319246,0.0158489319246,0.0158489319246,0.0158489319246,0.0158489319246,5,X41 Z47 Y48 Y54 Z55 X62,0.356311111111,0.0191815151546,0.356311111111,0.0191815151546
0.0158489319246,0.0158489319246,0.0158489319246,0.0158489319246,0.0158489319246,0.0158489319246,0.0158489319246,0.0158489319246,5,X42 X49,0.781844444444,0.0134451442141,0.781844444444,0.0134451442141
0.0158489319246,0.0158489319246,0.0158489319246,0.0158489319246,0.0158489319246,0.0158489319246,0.0158489319246,0.0158489319246,5,X43 X50,0.688955555556,0.0128458987099,0.688955555556,0.0128458987099
0.0158489319246,0.0158489319246,0.0158489319246,0.0158489319246,0.0158489319246,0.0158489319246,0.0158489319246,0.0158489319246,5,X44 X51,0.627244444444,0.0112208526914,0.627244444444,0.0112208526914
0.0158489319246,0.0158489319246,0.0158489319246,0.0158489319246,0.0158489319246,0.0158489319246,0.0158489319246,0.0158489319246,5,X45 X52,0.572155555556,0.0149744951324,0.572155555556,0.0149744951324
0.0158489319246,0.0158489319246,0.0158489319246,0.0158489319246,0.0158489319246,0.0158489319246,0.0158489319246,0.0158489319246,5,X46 X53,0.521111111111,0.0158888219059,0.521111111111,0.0158888219059
0.0158489319246,0.0158489319246,0.0158489319246,0.0158489319246,0.0158489319246,0.0158489319246,0.0158489319246,0.0158489319246,5,X47 X54,0.466711111111,0.0198962314407,0.466711111111,0.0198962314407
0.0158489319246,0.0158489319246,0.0158489319246,0.0158489319246,0.0158489319246,0.0158489319246,0.0158489319246,0.0158489319246,5,X48 X55,0.457777777778,0.0149526284759,0.457777777778,0.0149526284759
0.0158489319246,0.0158489319246,0.0158489319246,0.0158489319246,0.0158489319246,0.0158489319246,0.0158489319246,0.0158489319246,5,X49 Z56 Y57 Y64 Z65 X73,0.259155555556,0.0181631038019,0.259155555556,0.0181631038019
0.0158489319246,0.0158489319246,0.0158489319246,0.0158489319246,0.0158489319246,0.0158489319246,0.0158489319246,0.0158489319246,5,X5 Z7 Y8 Y10 Z11 X14,0.526977777778,0.0147985018744,0.526977777778,0.0147985018744
0.0158489319246,0.0158489319246,0.0158489319246,0.0158489319246,0.0158489319246,0.0158489319246,0.0158489319246,0.0158489319246,5,X50 Z57 Y58 Y65 Z66 X74,0.274311111111,0.0126038774467,0.274311111111,0.0126038774467
0.0158489319246,0.0158489319246,0.0158489319246,0.0158489319246,0.0158489319246,0.0158489319246,0.0158489319246,0.0158489319246,5,X51 Z58 Y59 Y66 Z67 X75,0.296533333333,0.0166536961024,0.296533333333,0.0166536961024
0.0158489319246,0.0158489319246,0.0158489319246,0.0158489319246,0.0158489319246,0.0158489319246,0.0158489319246,0.0158489319246,5,X52 Z59 Y60 Y67 Z68 X76,0.3168,0.0216233164915,0.3168,0.0216233164915
0.0158489319246,0.0158489319246,0.0158489319246,0.0158489319246,0.0158489319246,0.0158489319246,0.0158489319246,0.0158489319246,5,X53 Z60 Y61 Y68 Z69 X77,0.353355555556,0.013435794057,0.353355555556,0.013435794057
0.0158489319246,0.0158489319246,0.0158489319246,0.0158489319246,0.0158489319246,0.0158489319246,0.0158489319246,0.0158489319246,5,X54 Z61 Y62 Y69 Z70 X78,0.360888888889,0.0188532004526,0.360888888889,0.0188532004526
0.0158489319246,0.0158489319246,0.0158489319246,0.0158489319246,0.0158489319246,0.0158489319246,0.0158489319246,0.0158489319246,5,X55 Z62 Y63 Y70 Z71 X79,0.346,0.0180369990113,0.346,0.0180369990113
0.0158489319246,0.0158489319246,0.0158489319246,0.0158489319246,0.0158489319246,0.0158489319246,0.0158489319246,0.0158489319246,5,X56 X64,0.370444444444,0.0194485928799,0.370444444444,0.0194485928799
0.0158489319246,0.0158489319246,0.0158489319246,0.0158489319246,0.0158489319246,0.0158489319246,0.0158489319246,0.0158489319246,5,X57 X65,0.379,0.0151606973222,0.379,0.0151606973222
0.0158489319246,0.0158489319246,0.0158489319246,0.0158489319246,0.0158489319246,0.0158489319246,0.0158489319246,0.0158489319246,5,X58 X66,0.402133333333,0.0194911513473,0.402133333333,0.0194911513473
0.0158489319246,0.0158489319246,0.0158489319246,0.0158489319246,0.0158489319246,0.0158489319246,0.0158489319246,0.0158489319246,5,X59 X67,0.411266666667,0.0183698486928,0.411266666667,0.0183698486928
0.0158489319246,0.0158489319246,0.0158489319246,0.0158489319246,0.0158489319246,0.0158489319246,0.0158489319246,0.0158489319246,5,X6 X9,0.788133333333,0.0118216633406,0.788133333333,0.0118216633406
0.0158489319246,0.0158489319246,0.0158489319246,0.0158489319246,0.0158489319246,0.0158489319246,0.0158489319246,0.0158489319246,5,X60 X68,0.551666666667,0.016412078535,0.551666666667,0.016412078535
0.0158489319246,0.0158489319246,0.0158489319246,0.0158489319246,0.0158489319246,0.0158489319246,0.0158489319246,0.0158489319246,5,X61 X69,0.605822222222,0.0149624647439,0.605822222222,0.0149624647439
0.0158489319246,0.0158489319246,0.0158489319246,0.0158489319246,0.0158489319246,0.0158489319246,0.0158489319246,0.0158489319246,5,X62 X70,0.667888888889,0.0093858674773,0.667888888889,0.0093858674773
0.0158489319246,0.0158489319246,0.0158489319246,0.0158489319246,0.0158489319246,0.0158489319246,0.0158489319246,0.0158489319246,5,X63 X71,0.762422222222,0.0102810815856,0.762422222222,0.0102810815856
0.0158489319246,0.0158489319246,0.0158489319246,0.0158489319246,0.0158489319246,0.0158489319246,0.0158489319246,0.0158489319246,5,X64 Z72 Y73 Y81 Z82 X90,0.512777777778,0.0171055621196,0.512777777778,0.0171055621196
0.0158489319246,0.0158489319246,0.0158489319246,0.0158489319246,0.0158489319246,0.0158489319246,0.0158489319246,0.0158489319246,5,X65 Z73 Y74 Y82 Z83 X91,0.482155555556,0.0175212478197,0.482155555556,0.0175212478197
0.0158489319246,0.0158489319246,0.0158489319246,0.0158489319246,0.0158489319246,0.0158489319246,0.0158489319246,0.0158489319246,5,X66 Z74 Y75 Y83 Z84 X92,0.485177777778,0.0141742666114,0.485177777778,0.0141742666114
0.0158489319246,0.0158489319246,0.0158489319246,0.0158489319246,0.0158489319246,0.0158489319246,0.0158489319246,0.0158489319246,5,X67 Z75 Y76 Y84 Z85 X93,0.395822222222,0.021414309917,0.395822222222,0.021414309917
0.0158489319246,0.0158489319246,0.0158489319246,0.0158489319246,0.0158489319246,0.0158489319246,0.0158489319246,0.0158489319246,5,X68 Z76 Y77 Y85 Z86 X94,0.396311111111,0.0133353255217,0.396311111111,0.0133353255217
0.0158489319246,0.0158489319246,0.0158489319246,0.0158489319246,0.0158489319246,0.0158489319246,0.0158489319246,0.0158489319246,5,X69 Z77 Y78 Y86 Z87 X95,0.606422222222,0.0118178815527,0.606422222222,0.0118178815527
0.0158489319246,0.0158489319246,0.0158489319246,0.0158489319246,0.0158489319246,0.0158489319246,0.0158489319246,0.0158489319246,5,X7 X10,0.691844444444,0.0114332087837,0.691844444444,0.0114332087837
0.0158489319246,0.0158489319246,0.0158489319246,0.0158489319246,0.0158489319246,0.0158489319246,0.0158489319246,0.0158489319246,5,X70 Z78 Y79 Y87 Z88 X96,0.498422222222,0.013675476088,0.498422222222,0.013675476088
0.0158489319246,0.0158489319246,0.0158489319246,0.0158489319246,0.0158489319246,0.0158489319246,0.0158489319246,0.0158489319246,5,X71 Z79 Y80 Y88 Z89 X97,0.454666666667,0.0183202670261,0.454666666667,0.0183202670261
0.0158489319246,0.0158489319246,0.0158489319246,0.0158489319246,0.0158489319246,0.0158489319246,0.0158489319246,0.0158489319246,5,X72 X81,0.556888888889,0.0129524131491,0.556888888889,0.0129524131491
0.0158489319246,0.0158489319246,0.0158489319246,0.0158489319246,0.0158489319246,0.0158489319246,0.0158489319246,0.0158489319246,5,X73 X82,0.568088888889,0.0122022965408,0.568088888889,0.0122022965408
0.0158489319246,0.0158489319246,0.0158489319246,0.0158489319246,0.0158489319246,0.0158489319246,0.0158489319246,0.0158489319246,5,X74 X83,0.631111111111,0.014960825815,0.631111111111,0.014960825815
0.0158489319246,0.0158489319246,0.0158489319246,0.0158489319246,0.0158489319246,0.0158489319246,0.0158489319246,0.0158489319246,5,X75 X84,0.693466666667,0.0120017878617,0.693466666667,0.0120017878617
0.0158489319246,0.0158489319246,0.0158489319246,0.0158489319246,0.0158489319246,0.0158489319246,0.0158489319246,0.0158489319246,5,X76 X85,0.549822222222,0.0134351666794,0.549822222222,0.0134351666794
0.0158489319246,0.0158489319246,0.0158489319246,0.0158489319246,0.0158489319246,0.0158489319246,0.0158489319246,0.0158489319246,5,X77 X86,0.719822222222,0.0112279527116,0.719822222222,0.0112279527116
0.0158489319246,0.0158489319246,0.0158489319246,0.0158489319246,0.0158489319246,0.0158489319246,0.0158489319246,0.0158489319246,5,X78 X87,0.630044444444,0.0144507973062,0.630044444444,0.0144507973062
0.0158489319246,0.0158489319246,0.0158489319246,0.0158489319246,0.0158489319246,0.0158489319246,0.0158489319246,0.0158489319246,5,X79 X88,0.518466666667,0.0170049801135,0.518466666667,0.0170049801135
0.0158489319246,0.0158489319246,0.0158489319246,0.0158489319246,0.0158489319246,0.0158489319246,0.0158489319246,0.0158489319246,5,X8 X11,0.672711111111,0.0156169996121,0.672711111111,0.0156169996121
0.0158489319246,0.0158489319246,0.0158489319246,0.0158489319246,0.0158489319246,0.0158489319246,0.0158489319246,0.0158489319246,5,X80 X89,0.504266666667,0.0139913492704,0.504266666667,0.0139913492704
0.0158489319246,0.0158489319246,0.0158489319246,0.0158489319246,0.0158489319246,0.0158489319246,0.0158489319246,0.0158489319246,5,X81 Y90 Z98,0.8068,0.00820877019084,0.8068,0.00820877019084
0.0158489319246,0.0158489319246,0.0158489319246,0.0158489319246,0.0158489319246,0.0158489319246,0.0158489319246,0.0158489319246,5,X82 Z90 Y91 Y98 Z99 X106,0.381155555556,0.0202376178185,0.381155555556,0.0202376178185
0.0158489319246,0.0158489319246,0.0158489319246,0.0158489319246,0.0158489319246,0.0158489319246,0.0158489319246,0.0158489319246,5,X83 Z91 Y92 Y99 Z100 X107,0.364844444444,0.0178447397904,0.364844444444,0.0178447397904
0.0158489319246,0.0158489319246,0.0158489319246,0.0158489319246,0.0158489319246,0.0158489319246,0.0158489319246,0.0158489319246,5,X84 Z92 Y93 Y100 Z101 X108,0.372688888889,0.0161605767255,0.372688888889,0.0161605767255
0.0158489319246,0.0158489319246,0.0158489319246,0.0158489319246,0.0158489319246,0.0158489319246,0.0158489319246,0.0158489319246,5,X85 Z93 Y94 Y101 Z102 X109,0.356733333333,0.0172601017121,0.356733333333,0.0172601017121
0.0158489319246,0.0158489319246,0.0158489319246,0.0158489319246,0.0158489319246,0.0158489319246,0.0158489319246,0.0158489319246,5,X86 Z94 Y95 Y102 Z103 X110,0.607555555556,0.0124110114664,0.607555555556,0.0124110114664
0.0158489319246,0.0158489319246,0.0158489319246,0.0158489319246,0.0158489319246,0.0158489319246,0.0158489319246,0.0158489319246,5,X87 Z95 Y96 Y103 Z104 X111,0.376688888889,0.015937121017,0.376688888889,0.015937121017
0.0158489319246,0.0158489319246,0.0158489319246,0.0158489319246,0.0158489319246,0.0158489319246,0.0158489319246,0.0158489319246,5,X88 Z96 Y97 Y104 Z105 X112,0.183511111111,0.0178576176547,0.183511111111,0.0178576176547
0.0158489319246,0.0158489319246,0.0158489319246,0.0158489319246,0.0158489319246,0.0158489319246,0.0158489319246,0.0158489319246,5,X9 Z12 Y13 Y16 Z17 X21,0.518644444444,0.0193602534208,0.518644444444,0.0193602534208
0.0158489319246,0.0158489319246,0.0158489319246,0.0158489319246,0.0158489319246,0.0158489319246,0.0158489319246,0.0158489319246,5,X90 X98,0.759044444444,0.0112180524099,0.759044444444,0.0112180524099
0.0158489319246,0.0158489319246,0.0158489319246,0.0158489319246,0.0158489319246,0.0158489319246,0.0158489319246,0.0158489319246,5,X91 X99,0.670844444444,0.0121534673587,0.670844444444,0.0121534673587
0.0158489319246,0.0158489319246,0.0158489319246,0.0158489319246,0.0158489319246,0.0158489319246,0.0158489319246,0.0158489319246,5,X92 X100,0.606244444444,0.0192491097139,0.606244444444,0.0192491097139
0.0158489319246,0.0158489319246,0.0158489319246,0.0158489319246,0.0158489319246,0.0158489319246,0.0158489319246,0.0158489319246,5,X93 X101,0.567222222222,0.0137320648151,0.567222222222,0.0137320648151
0.0158489319246,0.0158489319246,0.0158489319246,0.0158489319246,0.0158489319246,0.0158489319246,0.0158489319246,0.0158489319246,5,X94 X102,0.5664,0.0135935526751,0.5664,0.0135935526751
0.0158489319246,0.0158489319246,0.0158489319246,0.0158489319246,0.0158489319246,0.0158489319246,0.0158489319246,0.0158489319246,5,X95 X103,0.533933333333,0.015264061415,0.533933333333,0.015264061415
0.0158489319246,0.0158489319246,0.0158489319246,0.0158489319246,0.0158489319246,0.0158489319246,0.0158489319246,0.0158489319246,5,X96 X104,0.443444444444,0.0168373634264,0.443444444444,0.0168373634264
0.0158489319246,0.0158489319246,0.0158489319246,0.0158489319246,0.0158489319246,0.0158489319246,0.0158489319246,0.0158489319246,5,X97 X105,0.765888888889,0.0103191721034,0.765888888889,0.0103191721034
0.0158489319246,0.0158489319246,0.0158489319246,0.0158489319246,0.0158489319246,0.0158489319246,0.0158489319246,0.0158489319246,5,X99 Z106 Y107 Y113 Z114 X120,0.473266666667,0.0146513504144,0.473266666667,0.0146513504144
0.0158489319246,0.0158489319246,0.0158489319246,0.0158489319246,0.0158489319246,0.0158489319246,0.0158489319246,0.0158489319246,5,Y0 Z1 X2,0.776111111111,0.0113907717348,0.776111111111,0.0113907717348
0.0158489319246,0.0158489319246,0.0158489319246,0.0158489319246,0.0158489319246,0.0158489319246,0.0158489319246,0.0158489319246,5,Y20 Z25 X30,0.525377777778,0.0138795401487,0.525377777778,0.0138795401487
0.0158489319246,0.0158489319246,0.0158489319246,0.0158489319246,0.0158489319246,0.0158489319246,0.0158489319246,0.0158489319246,5,Y42 Z49 X56,0.391911111111,0.0158079792969,0.391911111111,0.0158079792969
0.0158489319246,0.0158489319246,0.0158489319246,0.0158489319246,0.0158489319246,0.0158489319246,0.0158489319246,0.0158489319246,5,Y6 Z9 X12,0.638777777778,0.0117379867122,0.638777777778,0.0117379867122
0.0158489319246,0.0158489319246,0.0158489319246,0.0158489319246,0.0158489319246,0.0158489319246,0.0158489319246,0.0158489319246,5,Z15 Y19 X24,0.825355555556,0.0105372658647,0.825355555556,0.0105372658647
0.0158489319246,0.0158489319246,0.0158489319246,0.0158489319246,0.0158489319246,0.0158489319246,0.0158489319246,0.0158489319246,5,Z3 Y5 X8,0.826422222222,0.0072892790289,0.826422222222,0.0072892790289
0.0158489319246,0.0158489319246,0.0158489319246,0.0158489319246,0.0158489319246,0.0158489319246,0.0158489319246,0.0158489319246,5,Z35 Y41 X48,0.827822222222,0.0106521932458,0.827822222222,0.0106521932458
0.0158489319246,0.0158489319246,0.0158489319246,0.0158489319246,0.0158489319246,0.0158489319246,0.0158489319246,0.0158489319246,5,Z63 Y71 X80,0.823155555556,0.0104927390816,0.823155555556,0.0104927390816
0.0158489319246,0.0158489319246,0.0158489319246,0.0158489319246,0.0158489319246,0.0158489319246,0.0158489319246,0.0158489319246,10,Logical X,0.217088888889,0.017167628214,0.218866666667,0.0193544474479
0.0158489319246,0.0158489319246,0.0158489319246,0.0158489319246,0.0158489319246,0.0158489319246,0.0158489319246,0.0158489319246,10,Logical Y,0.0158666666667,0.0103906825341,0.00573333333333,0.019200574704
0.0158489319246,0.0158489319246,0.0158489319246,0.0158489319246,0.0158489319246,0.0158489319246,0.0158489319246,0.0158489319246,10,Logical Z,0.0164222222222,0.0123716191506,0.00526666666667,0.0163086606989
0.0158489319246,0.0158489319246,0.0158489319246,0.0158489319246,0.0158489319246,0.0158489319246,0.0158489319246,0.0158489319246,10,X0 X1,0.820666666667,0.0107496769977,0.820666666667,0.0107496769977
0.0158489319246,0.0158489319246,0.0158489319246,0.0158489319246,0.0158489319246,0.0158489319246,0.0158489319246,0.0158489319246,10,X1 Z2 Y3 Y4 Z5 X7,0.625288888889,0.0138264373709,0.625288888889,0.0138264373709
0.0158489319246,0.0158489319246,0.0158489319246,0.0158489319246,0.0158489319246,0.0158489319246,0.0158489319246,0.0158489319246,10,X10 Z13 Y14 Y17 Z18 X22,0.526755555556,0.015586351563,0.526755555556,0.015586351563
0.0158489319246,0.0158489319246,0.0158489319246,0.0158489319246,0.0158489319246,0.0158489319246,0.0158489319246,0.0158489319246,10,X100 Z107 Y108 Y114 Z115 X121,0.447866666667,0.016048203251,0.447866666667,0.016048203251
0.0158489319246,0.0158489319246,0.0158489319246,0.0158489319246,0.0158489319246,0.0158489319246,0.0158489319246,0.0158489319246,10,X101 Z108 Y109 Y115 Z116 X122,0.446955555556,0.0152623879296,0.446955555556,0.0152623879296
0.0158489319246,0.0158489319246,0.0158489319246,0.0158489319246,0.0158489319246,0.0158489319246,0.0158489319246,0.0158489319246,10,X102 Z109 Y110 Y116 Z117 X123,0.448222222222,0.0124762865746,0.448222222222,0.0124762865746
0.0158489319246,0.0158489319246,0.0158489319246,0.0158489319246,0.0158489319246,0.0158489319246,0.0158489319246,0.0158489319246,10,X103 Z110 Y111 Y117 Z118 X124,0.299222222222,0.0148474576518,0.299222222222,0.0148474576518
0.0158489319246,0.0158489319246,0.0158489319246,0.0158489319246,0.0158489319246,0.0158489319246,0.0158489319246,0.0158489319246,10,X104 Z111 Y112 Y118 Z119 X125,0.156644444444,0.0132300405103,0.156644444444,0.0132300405103
0.0158489319246,0.0158489319246,0.0158489319246,0.0158489319246,0.0158489319246,0.0158489319246,0.0158489319246,0.0158489319246,10,X105 Z112 Y119,0.519866666667,0.0149578206456,0.519866666667,0.0149578206456
0.0158489319246,0.0158489319246,0.0158489319246,0.0158489319246,0.0158489319246,0.0158489319246,0.0158489319246,0.0158489319246,10,X106 X113,0.506311111111,0.0134611498126,0.506311111111,0.0134611498126
0.0158489319246,0.0158489319246,0.0158489319246,0.0158489319246,0.0158489319246,0.0158489319246,0.0158489319246,0.0158489319246,10,X107 X114,0.525533333333,0.0183379513515,0.525533333333,0.0183379513515
0.0158489319246,0.0158489319246,0.0158489319246,0.0158489319246,0.0158489319246,0.0158489319246,0.0158489319246,0.0158489319246,10,X108 X115,0.588444444444,0.0174112601372,0.588444444444,0.0174112601372
0.0158489319246,0.0158489319246,0.0158489319246,0.0158489319246,0.0158489319246,0.0158489319246,0.0158489319246,0.0158489319246,10,X109 X116,0.651266666667,0.0124873575915,0.651266666667,0.0124873575915
0.0158489319246,0.0158489319246,0.0158489319246,0.0158489319246,0.0158489319246,0.0158489319246,0.0158489319246,0.0158489319246,10,X11 Z14 Y15 Y18 Z19 X23,0.5134,0.0148621765293,0.5134,0.0148621765293
0.0158489319246,0.0158489319246,0.0158489319246,0.0158489319246,0.0158489319246,0.0158489319246,0.0158489319246,0.0158489319246,10,X110 X117,0.710088888889,0.0143654900799,0.710088888889,0.0143654900799
0.0158489319246,0.0158489319246,0.0158489319246,0.0158489319246,0.0158489319246,0.0158489319246,0.0158489319246,0.0158489319246,10,X111 X118,0.760311111111,0.00978032011532,0.760311111111,0.00978032011532
0.0158489319246,0.0158489319246,0.0158489319246,0.0158489319246,0.0158489319246,0.0158489319246,0.0158489319246,0.0158489319246,10,X112 X119,0.310511111111,0.0171847596503,0.310511111111,0.0171847596503
0.0158489319246,0.0158489319246,0.0158489319246,0.0158489319246,0.0158489319246,0.0158489319246,0.0158489319246,0.0158489319246,10,X113 Y120 Z126,0.825422222222,0.00790117762857,0.825422222222,0.00790117762857
0.0158489319246,0.0158489319246,0.0158489319246,0.0158489319246,0.0158489319246,0.0158489319246,0.0158489319246,0.0158489319246,10,X114 Z120 Y121 Y126 Z127 X132,0.401044444444,0.0158379565745,0.401044444444,0.0158379565745
0.0158489319246,0.0158489319246,0.0158489319246,0.0158489319246,0.0158489319246,0.0158489319246,0.0158489319246,0.0158489319246,10,X115 Z121 Y122 Y127 Z128 X133,0.380377777778,0.0157175094137,0.380377777778,0.0157175094137
0.0158489319246,0.0158489319246,0.0158489319246,0.0158489319246,0.0158489319246,0.0158489319246,0.0158489319246,0.0158489319246,10,X116 Z122 Y123 Y128 Z129 X134,0.387555555556,0.0146440089703,0.387555555556,0.0146440089703
0.0158489319246,0.0158489319246,0.0158489319246,0.0158489319246,0.0158489319246,0.0158489319246,0.0158489319246,0.0158489319246,10,X117 Z123 Y124 Y129 Z130 X135,0.383844444444,0.0149314482937,0.383844444444,0.0149314482937
0.0158489319246,0.0158489319246,0.0158489319246,0.0158489319246,0.0158489319246,0.0158489319246,0.0158489319246,0.0158489319246,10,X118 Z124 Y125 Y130 Z131 X136,0.383222222222,0.0215577871421,0.383222222222,0.0215577871421
0.0158489319246,0.0158489319246,0.0158489319246,0.0158489319246,0.0158489319246,0.0158489319246,0.0158489319246,0.0158489319246,10,X12 X16,0.576422222222,0.0159169139015,0.576422222222,0.0159169139015
0.0158489319246,0.0158489319246,0.0158489319246,0.0158489319246,0.0158489319246,0.0158489319246,0.0158489319246,0.0158489319246,10,X120 X126,0.758133333333,0.0133303444926,0.758133333333,0.0133303444926
0.0158489319246,0.0158489319246,0.0158489319246,0.0158489319246,0.0158489319246,0.0158489319246,0.0158489319246,0.0158489319246,10,X121 X127,0.6686,0.0141609251381,0.6686,0.0141609251381
0.0158489319246,0.0158489319246,0.0158489319246,0.0158489319246,0.0158489319246,0.0158489319246,0.0158489319246,0.0158489319246,10,X122 X128,0.602511111111,0.0153125129343,0.602511111111,0.0153125129343
0.0158489319246,0.0158489319246,0.0158489319246,0.0158489319246,0.0158489319246,0.0158489319246,0.0158489319246,0.0158489319246,10,X123 X129,0.551533333333,0.0147356268044,0.551533333333,0.0147356268044
0.0158489319246,0.0158489319246,0.0158489319246,0.0158489319246,0.0158489319246,0.0158489319246,0.0158489319246,0.0158489319246,10,X124 X130,0.498888888889,0.0177840027416,0.498888888889,0.0177840027416
0.0158489319246,0.0158489319246,0.0158489319246,0.0158489319246,0.0158489319246,0.0158489319246,0.0158489319246,0.0158489319246,10,X125 X131,0.474866666667,0.0168046244319,0.474866666667,0.0168046244319
0.0158489319246,0.0158489319246,0.0158489319246,0.0158489319246,0.0158489319246,0.0158489319246,0.0158489319246,0.0158489319246,10,X127 Z132 Y133 Y137 Z138 X142,0.491244444444,0.0145330732164,0.491244444444,0.0145330732164
0.0158489319246,0.0158489319246,0.0158489319246,0.0158489319246,0.0158489319246,0.0158489319246,0.0158489319246,0.0158489319246,10,X128 Z133 Y134 Y138 Z139 X143,0.4642,0.0166929907056,0.4642,0.0166929907056
0.0158489319246,0.0158489319246,0.0158489319246,0.0158489319246,0.0158489319246,0.0158489319246,0.0158489319246,0.0158489319246,10,X129 Z134 Y135 Y139 Z140 X144,0.463177777778,0.0171588774502,0.463177777778,0.0171588774502
0.0158489319246,0.0158489319246,0.0158489319246,0.0158489319246,0.0158489319246,0.0158489319246,0.0158489319246,0.0158489319246,10,X13 X17,0.6024,0.0146023668894,0.6024,0.0146023668894
0.0158489319246,0.0158489319246,0.0158489319246,0.0158489319246,0.0158489319246,0.0158489319246,0.0158489319246,0.0158489319246,10,X130 Z135 Y136 Y140 Z141 X145,0.470133333333,0.0155170404414,0.470133333333,0.0155170404414
0.0158489319246,0.0158489319246,0.0158489319246,0.0158489319246,0.0158489319246,0.0158489319246,0.0158489319246,0.0158489319246,10,X131 Z136 Y141,0.855088888889,0.00913161882277,0.855088888889,0.00913161882277
0.0158489319246,0.0158489319246,0.0158489319246,0.0158489319246,0.0158489319246,0.0158489319246,0.0158489319246,0.0158489319246,10,X132 X137,0.525355555556,0.0188427518578,0.525355555556,0.0188427518578
0.0158489319246,0.0158489319246,0.0158489319246,0.0158489319246,0.0158489319246,0.0158489319246,0.0158489319246,0.0158489319246,10,X133 X138,0.547622222222,0.0126026006357,0.547622222222,0.0126026006357
0.0158489319246,0.0158489319246,0.0158489319246,0.0158489319246,0.0158489319246,0.0158489319246,0.0158489319246,0.0158489319246,10,X134 X139,0.604911111111,0.0176161571025,0.604911111111,0.0176161571025
0.0158489319246,0.0158489319246,0.0158489319246,0.0158489319246,0.0158489319246,0.0158489319246,0.0158489319246,0.0158489319246,10,X135 X140,0.6676,0.0122522654094,0.6676,0.0122522654094
0.0158489319246,0.0158489319246,0.0158489319246,0.0158489319246,0.0158489319246,0.0158489319246,0.0158489319246,0.0158489319246,10,X136 X141,0.756533333333,0.0121867964479,0.756533333333,0.0121867964479
0.0158489319246,0.0158489319246,0.0158489319246,0.0158489319246,0.0158489319246,0.0158489319246,0.0158489319246,0.0158489319246,10,X137 Y142 Z146,0.8272,0.010733126292,0.8272,0.010733126292
0.0158489319246,0.0158489319246,0.0158489319246,0.0158489319246,0.0158489319246,0.0158489319246,0.0158489319246,0.0158489319246,10,X138 Z142 Y143 Y146 Z147 X150,0.486666666667,0.0167588256614,0.486666666667,0.0167588256614
0.0158489319246,0.0158489319246,0.0158489319246,0.0158489319246,0.0158489319246,0.0158489319246,0.0158489319246,0.0158489319246,10,X139 Z143 Y144 Y147 Z148 X151,0.462111111111,0.0174506053498,0.462111111111,0.0174506053498
0.0158489319246,0.0158489319246,0.0158489319246,0.0158489319246,0.0158489319246,0.0158489319246,0.0158489319246,0.0158489319246,10,X14 X18,0.668111111111,0.0137744094263,0.668111111111,0.0137744094263
0.0158489319246,0.0158489319246,0.0158489319246,0.0158489319246,0.0158489319246,0.0158489319246,0.0158489319246,0.0158489319246,10,X140 Z144 Y145 Y148 Z149 X152,0.468844444444,0.0161087618845,0.468844444444,0.0161087618845
0.0158489319246,0.0158489319246,0.0158489319246,0.0158489319246,0.0158489319246,0.0158489319246,0.0158489319246,0.0158489319246,10,X142 X146,0.760244444444,0.011360323957,0.760244444444,0.011360323957
0.0158489319246,0.0158489319246,0.0158489319246,0.0158489319246,0.0158489319246,0.0158489319246,0.0158489319246,0.0158489319246,10,X143 X147,0.666977777778,0.0153555394758,0.666977777778,0.0153555394758
0.0158489319246,0.0158489319246,0.0158489319246,0.0158489319246,0.0158489319246,0.0158489319246,0.0158489319246,0.0158489319246,10,X144 X148,0.606088888889,0.0140614233659,0.606088888889,0.0140614233659
0.0158489319246,0.0158489319246,0.0158489319246,0.0158489319246,0.0158489319246,0.0158489319246,0.0158489319246,0.0158489319246,10,X145 X149,0.578644444444,0.0151310832631,0.578644444444,0.0151310832631
0.0158489319246,0.0158489319246,0.0158489319246,0.0158489319246,0.0158489319246,0.0158489319246,0.0158489319246,0.0158489319246,10,X147 Z150 Y151 Y153 Z154 X156,0.598466666667,0.0140346041961,0.598466666667,0.0140346041961
0.0158489319246,0.0158489319246,0.0158489319246,0.0158489319246,0.0158489319246,0.0158489319246,0.0158489319246,0.0158489319246,10,X148 Z151 Y152 Y154 Z155 X157,0.5744,0.015831100871,0.5744,0.015831100871
0.0158489319246,0.0158489319246,0.0158489319246,0.0158489319246,0.0158489319246,0.0158489319246,0.0158489319246,0.0158489319246,10,X149 Z152 Y155,0.854466666667,0.0109504631719,0.854466666667,0.0109504631719
0.0158489319246,0.0158489319246,0.0158489319246,0.0158489319246,0.0158489319246,0.0158489319246,0.0158489319246,0.0158489319246,10,X15 X19,0.756733333333,0.0141706620465,0.756733333333,0.0141706620465
0.0158489319246,0.0158489319246,0.0158489319246,0.0158489319246,0.0158489319246,0.0158489319246,0.0158489319246,0.0158489319246,10,X150 X153,0.632555555556,0.0182994113201,0.632555555556,0.0182994113201
0.0158489319246,0.0158489319246,0.0158489319246,0.0158489319246,0.0158489319246,0.0158489319246,0.0158489319246,0.0158489319246,10,X151 X154,0.665311111111,0.0158532381437,0.665311111111,0.0158532381437
0.0158489319246,0.0158489319246,0.0158489319246,0.0158489319246,0.0158489319246,0.0158489319246,0.0158489319246,0.0158489319246,10,X152 X155,0.760488888889,0.0114763569497,0.760488888889,0.0114763569497
0.0158489319246,0.0158489319246,0.0158489319246,0.0158489319246,0.0158489319246,0.0158489319246,0.0158489319246,0.0158489319246,10,X153 Y156 Z158,0.825044444444,0.0108767858298,0.825044444444,0.0108767858298
0.0158489319246,0.0158489319246,0.0158489319246,0.0158489319246,0.0158489319246,0.0158489319246,0.0158489319246,0.0158489319246,10,X154 Z156 Y157 Y158 Z159 X160,0.589777777778,0.011454167651,0.589777777778,0.011454167651
0.0158489319246,0.0158489319246,0.0158489319246,0.0158489319246,0.0158489319246,0.0158489319246,0.0158489319246,0.0158489319246,10,X156 X158,0.7576,0.0122284762822,0.7576,0.0122284762822
0.0158489319246,0.0158489319246,0.0158489319246,0.0158489319246,0.0158489319246,0.0158489319246,0.0158489319246,0.0158489319246,10,X157 X159,0.7004,0.0155438817718,0.7004,0.0155438817718
0.0158489319246,0.0158489319246,0.0158489319246,0.0158489319246,0.0158489319246,0.0158489319246,0.0158489319246,0.0158489319246,10,X159 Z160 Y161,0.852377777778,0.00954550839524,0.852377777778,0.00954550839524
0.0158489319246,0.0158489319246,0.0158489319246,0.0158489319246,0.0158489319246,0.0158489319246,0.0158489319246,0.0158489319246,10,X16 Z20 Y21 Y25 Z26 X31,0.425533333333,0.0179937409297,0.425533333333,0.0179937409297
0.0158489319246,0.0158489319246,0.0158489319246,0.0158489319246,0.0158489319246,0.0158489319246,0.0158489319246,0.0158489319246,10,X160 X161,0.794177777778,0.0105727667708,0.794177777778,0.0105727667708
0.0158489319246,0.0158489319246,0.0158489319246,0.0158489319246,0.0158489319246,0.0158489319246,0.0158489319246,0.0158489319246,10,X17 Z21 Y22 Y26 Z27 X32,0.434844444444,0.0174021034826,0.434844444444,0.0174021034826
0.0158489319246,0.0158489319246,0.0158489319246,0.0158489319246,0.0158489319246,0.0158489319246,0.0158489319246,0.0158489319246,10,X18 Z22 Y23 Y27 Z28 X33,0.431911111111,0.0204798627071,0.431911111111,0.0204798627071
0.0158489319246,0.0158489319246,0.0158489319246,0.0158489319246,0.0158489319246,0.0158489319246,0.0158489319246,0.0158489319246,10,X19 Z23 Y24 Y28 Z29 X34,0.430622222222,0.0173447648717,0.430622222222,0.0173447648717
0.0158489319246,0.0158489319246,0.0158489319246,0.0158489319246,0.0158489319246,0.0158489319246,0.0158489319246,0.0158489319246,10,X2 X4,0.698977777778,0.0148790612044,0.698977777778,0.0148790612044
0.0158489319246,0.0158489319246,0.0158489319246,0.0158489319246,0.0158489319246,0.0158489319246,0.0158489319246,0.0158489319246,10,X20 X25,0.783866666667,0.011091261964,0.783866666667,0.011091261964
0.0158489319246,0.0158489319246,0.0158489319246,0.0158489319246,0.0158489319246,0.0158489319246,0.0158489319246,0.0158489319246,10,X21 X26,0.686888888889,0.0103492029913,0.686888888889,0.0103492029913
0.0158489319246,0.0158489319246,0.0158489319246,0.0158489319246,0.0158489319246,0.0158489319246,0.0158489319246,0.0158489319246,10,X22 X27,0.626422222222,0.014461981691,0.626422222222,0.014461981691
0.0158489319246,0.0158489319246,0.0158489319246,0.0158489319246,0.0158489319246,0.0158489319246,0.0158489319246,0.0158489319246,10,X23 X28,0.566,0.0166919348685,0.566,0.0166919348685
0.0158489319246,0.0158489319246,0.0158489319246,0.0158489319246,0.0158489319246,0.0158489319246,0.0158489319246,0.0158489319246,10,X24 X29,0.5594,0.0155051344851,0.5594,0.0155051344851
0.0158489319246,0.0158489319246,0.0158489319246,0.0158489319246,0.0158489319246,0.0158489319246,0.0158489319246,0.0158489319246,10,X25 Z30 Y31 Y36 Z37 X43,0.439066666667,0.0168732938686,0.439066666667,0.0168732938686
0.0158489319246,0.0158489319246,0.0158489319246,0.0158489319246,0.0158489319246,0.0158489319246,0.0158489319246,0.0158489319246,10,X26 Z31 Y32 Y37 Z38 X44,0.4316,0.0181002741242,0.4316,0.0181002741242
0.0158489319246,0.0158489319246,0.0158489319246,0.0158489319246,0.0158489319246,0.0158489319246,0.0158489319246,0.0158489319246,10,X27 Z32 Y33 Y38 Z39 X45,0.432955555556,0.017715230007,0.432955555556,0.017715230007
0.0158489319246,0.0158489319246,0.0158489319246,0.0158489319246,0.0158489319246,0.0158489319246,0.0158489319246,0.0158489319246,10,X28 Z33 Y34 Y39 Z40 X46,0.434622222222,0.0178687709632,0.434622222222,0.0178687709632
0.0158489319246,0.0158489319246,0.0158489319246,0.0158489319246,0.0158489319246,0.0158489319246,0.0158489319246,0.0158489319246,10,X29 Z34 Y35 Y40 Z41 X47,0.422577777778,0.0134611498126,0.422577777778,0.0134611498126
0.0158489319246,0.0158489319246,0.0158489319246,0.0158489319246,0.0158489319246,0.0158489319246,0.0158489319246,0.0158489319246,10,X3 X5,0.759844444444,0.0102020707587,0.759844444444,0.0102020707587
0.0158489319246,0.0158489319246,0.0158489319246,0.0158489319246,0.0158489319246,0.0158489319246,0.0158489319246,0.0158489319246,10,X30 X36,0.473688888889,0.0192333788189,0.473688888889,0.0192333788189
0.0158489319246,0.0158489319246,0.0158489319246,0.0158489319246,0.0158489319246,0.0158489319246,0.0158489319246,0.0158489319246,10,X31 X37,0.501133333333,0.0195780391474,0.501133333333,0.0195780391474
0.0158489319246,0.0158489319246,0.0158489319246,0.0158489319246,0.0158489319246,0.0158489319246,0.0158489319246,0.0158489319246,10,X32 X38,0.551488888889,0.0171034117126,0.551488888889,0.0171034117126
0.0158489319246,0.0158489319246,0.0158489319246,0.0158489319246,0.0158489319246,0.0158489319246,0.0158489319246,0.0158489319246,10,X33 X39,0.605066666667,0.0128851097644,0.605066666667,0.0128851097644
0.0158489319246,0.0158489319246,0.0158489319246,0.0158489319246,0.0158489319246,0.0158489319246,0.0158489319246,0.0158489319246,10,X34 X40,0.664777777778,0.0131528978883,0.664777777778,0.0131528978883
0.0158489319246,0.0158489319246,0.0158489319246,0.0158489319246,0.0158489319246,0.0158489319246,0.0158489319246,0.0158489319246,10,X35 X41,0.7634,0.0120844410907,0.7634,0.0120844410907
0.0158489319246,0.0158489319246,0.0158489319246,0.0158489319246,0.0158489319246,0.0158489319246,0.0158489319246,0.0158489319246,10,X36 Z42 Y43 Y49 Z50 X57,0.304533333333,0.0186168464886,0.304533333333,0.0186168464886
0.0158489319246,0.0158489319246,0.0158489319246,0.0158489319246,0.0158489319246,0.0158489319246,0.0158489319246,0.0158489319246,10,X37 Z43 Y44 Y50 Z51 X58,0.307866666667,0.0160022986855,0.307866666667,0.0160022986855
0.0158489319246,0.0158489319246,0.0158489319246,0.0158489319246,0.0158489319246,0.0158489319246,0.0158489319246,0.0158489319246,10,X38 Z44 Y45 Y51 Z52 X59,0.297911111111,0.016517245912,0.297911111111,0.016517245912
0.0158489319246,0.0158489319246,0.0158489319246,0.0158489319246,0.0158489319246,0.0158489319246,0.0158489319246,0.0158489319246,10,X39 Z45 Y46 Y52 Z53 X60,0.358511111111,0.0178565448541,0.358511111111,0.0178565448541
0.0158489319246,0.0158489319246,0.0158489319246,0.0158489319246,0.0158489319246,0.0158489319246,0.0158489319246,0.0158489319246,10,X4 Z6 Y7 Y9 Z10 X13,0.513288888889,0.0126829095292,0.513288888889,0.0126829095292
0.0158489319246,0.0158489319246,0.0158489319246,0.0158489319246,0.0158489319246,0.0158489319246,0.0158489319246,0.0158489319246,10,X40 Z46 Y47 Y53 Z54 X61,0.362177777778,0.0125736857538,0.362177777778,0.0125736857538
0.0158489319246,0.0158489319246,0.0158489319246,0.0158489319246,0.0158489319246,0.0158489319246,0.0158489319246,0.0158489319246,10,X41 Z47 Y48 Y54 Z55 X62,0.352288888889,0.0200395649522,0.352288888889,0.0200395649522
0.0158489319246,0.0158489319246,0.0158489319246,0.0158489319246,0.0158489319246,0.0158489319246,0.0158489319246,0.0158489319246,10,X42 X49,0.781977777778,0.00961397981682,0.781977777778,0.00961397981682
0.0158489319246,0.0158489319246,0.0158489319246,0.0158489319246,0.0158489319246,0.0158489319246,0.0158489319246,0.0158489319246,10,X43 X50,0.684955555556,0.0145614652681,0.684955555556,0.0145614652681
0.0158489319246,0.0158489319246,0.0158489319246,0.0158489319246,0.0158489319246,0.0158489319246,0.0158489319246,0.0158489319246,10,X44 X51,0.627355555556,0.0131556940554,0.627355555556,0.0131556940554
0.0158489319246,0.0158489319246,0.0158489319246,0.0158489319246,0.0158489319246,0.0158489319246,0.0158489319246,0.0158489319246,10,X45 X52,0.5676,0.0108258240995,0.5676,0.0108258240995
0.0158489319246,0.0158489319246,0.0158489319246,0.0158489319246,0.0158489319246,0.0158489319246,0.0158489319246,0.0158489319246,10,X46 X53,0.519044444444,0.018074077738,0.519044444444,0.018074077738
0.0158489319246,0.0158489319246,0.0158489319246,0.0158489319246,0.0158489319246,0.0158489319246,0.0158489319246,0.0158489319246,10,X47 X54,0.468688888889,0.0134026741008,0.468688888889,0.0134026741008
0.0158489319246,0.0158489319246,0.0158489319246,0.0158489319246,0.0158489319246,0.0158489319246,0.0158489319246,0.0158489319246,10,X48 X55,0.458911111111,0.0170160918505,0.458911111111,0.0170160918505
0.0158489319246,0.0158489319246,0.0158489319246,0.0158489319246,0.0158489319246,0.0158489319246,0.0158489319246,0.0158489319246,10,X49 Z56 Y57 Y64 Z65 X73,0.259244444444,0.0213015088296,0.259244444444,0.0213015088296
0.0158489319246,0.0158489319246,0.0158489319246,0.0158489319246,0.0158489319246,0.0158489319246,0.0158489319246,0.0158489319246,10,X5 Z7 Y8 Y10 Z11 X14,0.523755555556,0.0149988335008,0.523755555556,0.0149988335008
0.0158489319246,0.0158489319246,0.0158489319246,0.0158489319246,0.0158489319246,0.0158489319246,0.0158489319246,0.0158489319246,10,X50 Z57 Y58 Y65 Z66 X74,0.274311111111,0.0169784477611,0.274311111111,0.0169784477611
0.0158489319246,0.0158489319246,0.0158489319246,0.0158489319246,0.0158489319246,0.0158489319246,0.0158489319246,0.0158489319246,10,X51 Z58 Y59 Y66 Z67 X75,0.294666666667,0.0153867136795,0.294666666667,0.0153867136795
0.0158489319246,0.0158489319246,0.0158489319246,0.0158489319246,0.0158489319246,0.0158489319246,0.0158489319246,0.0158489319246,10,X52 Z59 Y60 Y67 Z68 X76,0.315155555556,0.0128079636785,0.315155555556,0.0128079636785
0.0158489319246,0.0158489319246,0.0158489319246,0.0158489319246,0.0158489319246,0.0158489319246,0.0158489319246,0.0158489319246,10,X53 Z60 Y61 Y68 Z69 X77,0.358844444444,0.015245559201,0.358844444444,0.015245559201
0.0158489319246,0.0158489319246,0.0158489319246,0.0158489319246,0.0158489319246,0.0158489319246,0.0158489319246,0.0158489319246,10,X54 Z61 Y62 Y69 Z70 X78,0.358222222222,0.0148270575212,0.358222222222,0.0148270575212
0.0158489319246,0.0158489319246,0.0158489319246,0.0158489319246,0.0158489319246,0.0158489319246,0.0158489319246,0.0158489319246,10,X55 Z62 Y63 Y70 Z71 X79,0.349422222222,0.0144389143555,0.349422222222,0.0144389143555
0.0158489319246,0.0158489319246,0.0158489319246,0.0158489319246,0.0158489319246,0.0158489319246,0.0158489319246,0.0158489319246,10,X56 X64,0.364644444444,0.0175018189166,0.364644444444,0.0175018189166
0.0158489319246,0.0158489319246,0.0158489319246,0.0158489319246,0.0158489319246,0.0158489319246,0.0158489319246,0.0158489319246,10,X57 X65,0.373977777778,0.0153243185227,0.373977777778,0.0153243185227
0.0158489319246,0.0158489319246,0.0158489319246,0.0158489319246,0.0158489319246,0.0158489319246,0.0158489319246,0.0158489319246,10,X58 X66,0.394844444444,0.0152123496245,0.394844444444,0.0152123496245
0.0158489319246,0.0158489319246,0.0158489319246,0.0158489319246,0.0158489319246,0.0158489319246,0.0158489319246,0.0158489319246,10,X59 X67,0.416088888889,0.0143548177218,0.416088888889,0.0143548177218
0.0158489319246,0.0158489319246,0.0158489319246,0.0158489319246,0.0158489319246,0.0158489319246,0.0158489319246,0.0158489319246,10,X6 X9,0.780533333333,0.00833291952996,0.780533333333,0.00833291952996
0.0158489319246,0.0158489319246,0.0158489319246,0.0158489319246,0.0158489319246,0.0158489319246,0.0158489319246,0.0158489319246,10,X60 X68,0.553,0.0157156241655,0.553,0.0157156241655
0.0158489319246,0.0158489319246,0.0158489319246,0.0158489319246,0.0158489319246,0.0158489319246,0.0158489319246,0.0158489319246,10,X61 X69,0.607022222222,0.00871645000207,0.607022222222,0.00871645000207
0.0158489319246,0.0158489319246,0.0158489319246,0.0158489319246,0.0158489319246,0.0158489319246,0.0158489319246,0.0158489319246,10,X62 X70,0.663311111111,0.0139945072239,0.663311111111,0.0139945072239
0.0158489319246,0.0158489319246,0.0158489319246,0.0158489319246,0.0158489319246,0.0158489319246,0.0158489319246,0.0158489319246,10,X63 X71,0.761155555556,0.0105640659381,0.761155555556,0.0105640659381
0.0158489319246,0.0158489319246,0.0158489319246,0.0158489319246,0.0158489319246,0.0158489319246,0.0158489319246,0.0158489319246,10,X64 Z72 Y73 Y81 Z82 X90,0.512733333333,0.0148063877693,0.512733333333,0.0148063877693
0.0158489319246,0.0158489319246,0.0158489319246,0.0158489319246,0.0158489319246,0.0158489319246,0.0158489319246,0.0158489319246,10,X65 Z73 Y74 Y82 Z83 X91,0.4816,0.0118387635266,0.4816,0.0118387635266
0.0158489319246,0.0158489319246,0.0158489319246,0.0158489319246,0.0158489319246,0.0158489319246,0.0158489319246,0.0158489319246,10,X66 Z74 Y75 Y83 Z84 X92,0.483,0.0182832125752,0.483,0.0182832125752
0.0158489319246,0.0158489319246,0.0158489319246,0.0158489319246,0.0158489319246,0.0158489319246,0.0158489319246,0.0158489319246,10,X67 Z75 Y76 Y84 Z85 X93,0.3948,0.0118060962238,0.3948,0.0118060962238
0.0158489319246,0.0158489319246,0.0158489319246,0.0158489319246,0.0158489319246,0.0158489319246,0.0158489319246,0.0158489319246,10,X68 Z76 Y77 Y85 Z86 X94,0.397088888889,0.016369753749,0.397088888889,0.016369753749
0.0158489319246,0.0158489319246,0.0158489319246,0.0158489319246,0.0158489319246,0.0158489319246,0.0158489319246,0.0158489319246,10,X69 Z77 Y78 Y86 Z87 X95,0.607666666667,0.0114734409287,0.607666666667,0.0114734409287
0.0158489319246,0.0158489319246,0.0158489319246,0.0158489319246,0.0158489319246,0.0158489319246,0.0158489319246,0.0158489319246,10,X7 X10,0.688977777778,0.0129871534915,0.688977777778,0.0129871534915
0.0158489319246,0.0158489319246,0.0158489319246,0.0158489319246,0.0158489319246,0.0158489319246,0.0158489319246,0.0158489319246,10,X70 Z78 Y79 Y87 Z88 X96,0.499577777778,0.0170763292809,0.499577777778,0.0170763292809
0.0158489319246,0.0158489319246,0.0158489319246,0.0158489319246,0.0158489319246,0.0158489319246,0.0158489319246,0.0158489319246,10,X71 Z79 Y80 Y88 Z89 X97,0.453488888889,0.0164297490515,0.453488888889,0.0164297490515
0.0158489319246,0.0158489319246,0.0158489319246,0.0158489319246,0.0158489319246,0.0158489319246,0.0158489319246,0.0158489319246,10,X72 X81,0.553333333333,0.0159721980676,0.553333333333,0.0159721980676
0.0158489319246,0.0158489319246,0.0158489319246,0.0158489319246,0.0158489319246,0.0158489319246,0.0158489319246,0.0158489319246,10,X73 X82,0.580933333333,0.0170368993276,0.580933333333,0.0170368993276
0.0158489319246,0.0158489319246,0.0158489319246,0.0158489319246,0.0158489319246,0.0158489319246,0.0158489319246,0.0158489319246,10,X74 X83,0.629466666667,0.0127317144063,0.629466666667,0.0127317144063
0.0158489319246,0.0158489319246,0.0158489319246,0.0158489319246,0.0158489319246,0.0158489319246,0.0158489319246,0.0158489319246,10,X75 X84,0.699288888889,0.0125846507899,0.699288888889,0.0125846507899
0.0158489319246,0.0158489319246,0.0158489319246,0.0158489319246,0.0158489319246,0.0158489319246,0.0158489319246,0.0158489319246,10,X76 X85,0.557155555556,0.0129578548593,0.557155555556,0.0129578548593
0.0158489319246,0.0158489319246,0.0158489319246,0.0158489319246,0.0158489319246,0.0158489319246,0.0158489319246,0.0158489319246,10,X77 X86,0.722577777778,0.0140232246698,0.722577777778,0.0140232246698
0.0158489319246,0.0158489319246,0.0158489319246,0.0158489319246,0.0158489319246,0.0158489319246,0.0158489319246,0.0158489319246,10,X78 X87,0.632666666667,0.0110810320833,0.632666666667,0.0110810320833
0.0158489319246,0.0158489319246,0.0158489319246,0.0158489319246,0.0158489319246,0.0158489319246,0.0158489319246,0.0158489319246,10,X79 X88,0.519777777778,0.0138954314092,0.519777777778,0.0138954314092
0.0158489319246,0.0158489319246,0.0158489319246,0.0158489319246,0.0158489319246,0.0158489319246,0.0158489319246,0.0158489319246,10,X8 X11,0.678333333333,0.0118648196935,0.678333333333,0.0118648196935
0.0158489319246,0.0158489319246,0.0158489319246,0.0158489319246,0.0158489319246,0.0158489319246,0.0158489319246,0.0158489319246,10,X80 X89,0.507511111111,0.0186189318502,0.507511111111,0.0186189318502
0.0158489319246,0.0158489319246,0.0158489319246,0.0158489319246,0.0158489319246,0.0158489319246,0.0158489319246,0.0158489319246,10,X81 Y90 Z98,0.809,0.0118428406036,0.809,0.0118428406036
0.0158489319246,0.0158489319246,0.0158489319246,0.0158489319246,0.0158489319246,0.0158489319246,0.0158489319246,0.0158489319246,10,X82 Z90 Y91 Y98 Z99 X106,0.387044444444,0.0188266407259,0.387044444444,0.0188266407259
0.0158489319246,0.0158489319246,0.0158489319246,0.0158489319246,0.0158489319246,0.0158489319246,0.0158489319246,0.0158489319246,10,X83 Z91 Y92 Y99 Z100 X107,0.3626,0.0166121868205,0.3626,0.0166121868205
0.0158489319246,0.0158489319246,0.0158489319246,0.0158489319246,0.0158489319246,0.0158489319246,0.0158489319246,0.0158489319246,10,X84 Z92 Y93 Y100 Z101 X108,0.370644444444,0.0155683964515,0.370644444444,0.0155683964515
0.0158489319246,0.0158489319246,0.0158489319246,0.0158489319246,0.0158489319246,0.0158489319246,0.0158489319246,0.0158489319246,10,X85 Z93 Y94 Y101 Z102 X109,0.358111111111,0.0174426994759,0.358111111111,0.0174426994759
0.0158489319246,0.0158489319246,0.0158489319246,0.0158489319246,0.0158489319246,0.0158489319246,0.0158489319246,0.0158489319246,10,X86 Z94 Y95 Y102 Z103 X110,0.601022222222,0.0144219217273,0.601022222222,0.0144219217273
0.0158489319246,0.0158489319246,0.0158489319246,0.0158489319246,0.0158489319246,0.0158489319246,0.0158489319246,0.0158489319246,10,X87 Z95 Y96 Y103 Z104 X111,0.376533333333,0.0152148344631,0.376533333333,0.0152148344631
0.0158489319246,0.0158489319246,0.0158489319246,0.0158489319246,0.0158489319246,0.0158489319246,0.0158489319246,0.0158489319246,10,X88 Z96 Y97 Y104 Z105 X112,0.184533333333,0.0186324810119,0.184533333333,0.0186324810119
0.0158489319246,0.0158489319246,0.0158489319246,0.0158489319246,0.0158489319246,0.0158489319246,0.0158489319246,0.0158489319246,10,X9 Z12 Y13 Y16 Z17 X21,0.522711111111,0.0202512443841,0.522711111111,0.0202512443841
0.0158489319246,0.0158489319246,0.0158489319246,0.0158489319246,0.0158489319246,0.0158489319246,0.0158489319246,0.0158489319246,10,X90 X98,0.7638,0.0115551650391,0.7638,0.0115551650391
0.0158489319246,0.0158489319246,0.0158489319246,0.0158489319246,0.0158489319246,0.0158489319246,0.0158489319246,0.0158489319246,10,X91 X99,0.668844444444,0.013711793546,0.668844444444,0.013711793546
0.0158489319246,0.0158489319246,0.0158489319246,0.0158489319246,0.0158489319246,0.0158489319246,0.0158489319246,0.0158489319246,10,X92 X100,0.605622222222,0.0160913897,0.605622222222,0.0160913897
0.0158489319246,0.0158489319246,0.0158489319246,0.0158489319246,0.0158489319246,0.0158489319246,0.0158489319246,0.0158489319246,10,X93 X101,0.566622222222,0.014496328861,0.566622222222,0.014496328861
0.0158489319246,0.0158489319246,0.0158489319246,0.0158489319246,0.0158489319246,0.0158489319246,0.0158489319246,0.0158489319246,10,X94 X102,0.569955555556,0.0142144854435,0.569955555556,0.0142144854435
0.0158489319246,0.0158489319246,0.0158489319246,0.0158489319246,0.0158489319246,0.0158489319246,0.0158489319246,0.0158489319246,10,X95 X103,0.532933333333,0.0169104923334,0.532933333333,0.0169104923334
0.0158489319246,0.0158489319246,0.0158489319246,0.0158489319246,0.0158489319246,0.0158489319246,0.0158489319246,0.0158489319246,10,X96 X104,0.437066666667,0.0164529749025,0.437066666667,0.0164529749025
0.0158489319246,0.0158489319246,0.0158489319246,0.0158489319246,0.0158489319246,0.0158489319246,0.0158489319246,0.0158489319246,10,X97 X105,0.769466666667,0.011999233692,0.769466666667,0.011999233692
0.0158489319246,0.0158489319246,0.0158489319246,0.0158489319246,0.0158489319246,0.0158489319246,0.0158489319246,0.0158489319246,10,X99 Z106 Y107 Y113 Z114 X120,0.472822222222,0.0174212477247,0.472822222222,0.0174212477247
0.0158489319246,0.0158489319246,0.0158489319246,0.0158489319246,0.0158489319246,0.0158489319246,0.0158489319246,0.0158489319246,10,Y0 Z1 X2,0.777777777778,0.0102734017815,0.777777777778,0.0102734017815
0.0158489319246,0.0158489319246,0.0158489319246,0.0158489319246,0.0158489319246,0.0158489319246,0.0158489319246,0.0158489319246,10,Y20 Z25 X30,0.525244444444,0.0156079686233,0.525244444444,0.0156079686233
0.0158489319246,0.0158489319246,0.0158489319246,0.0158489319246,0.0158489319246,0.0158489319246,0.0158489319246,0.0158489319246,10,Y42 Z49 X56,0.394066666667,0.0172361110725,0.394066666667,0.0172361110725
0.0158489319246,0.0158489319246,0.0158489319246,0.0158489319246,0.0158489319246,0.0158489319246,0.0158489319246,0.0158489319246,10,Y6 Z9 X12,0.641422222222,0.0133192262536,0.641422222222,0.0133192262536
0.0158489319246,0.0158489319246,0.0158489319246,0.0158489319246,0.0158489319246,0.0158489319246,0.0158489319246,0.0158489319246,10,Z15 Y19 X24,0.8264,0.0115769621939,0.8264,0.0115769621939
0.0158489319246,0.0158489319246,0.0158489319246,0.0158489319246,0.0158489319246,0.0158489319246,0.0158489319246,0.0158489319246,10,Z3 Y5 X8,0.829333333333,0.00782960292686,0.829333333333,0.00782960292686
0.0158489319246,0.0158489319246,0.0158489319246,0.0158489319246,0.0158489319246,0.0158489319246,0.0158489319246,0.0158489319246,10,Z35 Y41 X48,0.827355555556,0.00943375098922,0.827355555556,0.00943375098922
0.0158489319246,0.0158489319246,0.0158489319246,0.0158489319246,0.0158489319246,0.0158489319246,0.0158489319246,0.0158489319246,10,Z63 Y71 X80,0.8298,0.0107840523664,0.8298,0.0107840523664
