g1_z,IZ,ZI,ZZ,ZX,ZY,XZ,YZ,round,operator,mean,std,mean_signed,std_signed
0.00173780082875,0.00173780082875,0.00173780082875,0.00173780082875,0.00173780082875,0.00173780082875,0.00173780082875,0.00173780082875,1,Logical X,0.8438,0.0114069952323,0.844488888889,0.010937556422
0.00173780082875,0.00173780082875,0.00173780082875,0.00173780082875,0.00173780082875,0.00173780082875,0.00173780082875,0.00173780082875,1,Logical Y,0.0141555555556,0.0100705303286,-0.00346666666667,0.0175951926559
0.00173780082875,0.00173780082875,0.00173780082875,0.00173780082875,0.00173780082875,0.00173780082875,0.00173780082875,0.00173780082875,1,Logical Z,0.0145777777778,0.00914210223119,0.000111111111111,0.0171851163737
0.00173780082875,0.00173780082875,0.00173780082875,0.00173780082875,0.00173780082875,0.00173780082875,0.00173780082875,0.00173780082875,1,X0 X1,0.9744,0.00435089280484,0.9744,0.00435089280484
0.00173780082875,0.00173780082875,0.00173780082875,0.00173780082875,0.00173780082875,0.00173780082875,0.00173780082875,0.00173780082875,1,X1 Z2 Y3 Y4 Z5 X7,0.936155555556,0.0054037969717,0.936155555556,0.0054037969717
0.00173780082875,0.00173780082875,0.00173780082875,0.00173780082875,0.00173780082875,0.00173780082875,0.00173780082875,0.00173780082875,1,X10 Z13 Y14 Y17 Z18 X22,0.920177777778,0.00721414815406,0.920177777778,0.00721414815406
0.00173780082875,0.00173780082875,0.00173780082875,0.00173780082875,0.00173780082875,0.00173780082875,0.00173780082875,0.00173780082875,1,X100 Z107 Y108 Y114 Z115 X121,0.902133333333,0.00625731755535,0.902133333333,0.00625731755535
0.00173780082875,0.00173780082875,0.00173780082875,0.00173780082875,0.00173780082875,0.00173780082875,0.00173780082875,0.00173780082875,1,X101 Z108 Y109 Y115 Z116 X122,0.9034,0.00842246585238,0.9034,0.00842246585238
0.00173780082875,0.00173780082875,0.00173780082875,0.00173780082875,0.00173780082875,0.00173780082875,0.00173780082875,0.00173780082875,1,X102 Z109 Y110 Y116 Z117 X123,0.904133333333,0.00662377003691,0.904133333333,0.00662377003691
0.00173780082875,0.00173780082875,0.00173780082875,0.00173780082875,0.00173780082875,0.00173780082875,0.00173780082875,0.00173780082875,1,X103 Z110 Y111 Y117 Z118 X124,0.867688888889,0.00984747019396,0.867688888889,0.00984747019396
0.00173780082875,0.00173780082875,0.00173780082875,0.00173780082875,0.00173780082875,0.00173780082875,0.00173780082875,0.00173780082875,1,X104 Z111 Y112 Y118 Z119 X125,0.807688888889,0.0107264607587,0.807688888889,0.0107264607587
0.00173780082875,0.00173780082875,0.00173780082875,0.00173780082875,0.00173780082875,0.00173780082875,0.00173780082875,0.00173780082875,1,X105 Z112 Y119,0.925533333333,0.0057964185005,0.925533333333,0.0057964185005
0.00173780082875,0.00173780082875,0.00173780082875,0.00173780082875,0.00173780082875,0.00173780082875,0.00173780082875,0.00173780082875,1,X106 X113,0.925266666667,0.00735597341129,0.925266666667,0.00735597341129
0.00173780082875,0.00173780082875,0.00173780082875,0.00173780082875,0.00173780082875,0.00173780082875,0.00173780082875,0.00173780082875,1,X107 X114,0.9286,0.00739130689557,0.9286,0.00739130689557
0.00173780082875,0.00173780082875,0.00173780082875,0.00173780082875,0.00173780082875,0.00173780082875,0.00173780082875,0.00173780082875,1,X108 X115,0.939622222222,0.00628245341766,0.939622222222,0.00628245341766
0.00173780082875,0.00173780082875,0.00173780082875,0.00173780082875,0.00173780082875,0.00173780082875,0.00173780082875,0.00173780082875,1,X109 X116,0.949155555556,0.00476556400182,0.949155555556,0.00476556400182
0.00173780082875,0.00173780082875,0.00173780082875,0.00173780082875,0.00173780082875,0.00173780082875,0.00173780082875,0.00173780082875,1,X11 Z14 Y15 Y18 Z19 X23,0.916822222222,0.00642238263597,0.916822222222,0.00642238263597
0.00173780082875,0.00173780082875,0.00173780082875,0.00173780082875,0.00173780082875,0.00173780082875,0.00173780082875,0.00173780082875,1,X110 X117,0.958755555556,0.0055023041731,0.958755555556,0.0055023041731
0.00173780082875,0.00173780082875,0.00173780082875,0.00173780082875,0.00173780082875,0.00173780082875,0.00173780082875,0.00173780082875,1,X111 X118,0.966044444444,0.00399207388399,0.966044444444,0.00399207388399
0.00173780082875,0.00173780082875,0.00173780082875,0.00173780082875,0.00173780082875,0.00173780082875,0.00173780082875,0.00173780082875,1,X112 X119,0.880666666667,0.00870988340711,0.880666666667,0.00870988340711
0.00173780082875,0.00173780082875,0.00173780082875,0.00173780082875,0.00173780082875,0.00173780082875,0.00173780082875,0.00173780082875,1,X113 Y120 Z126,0.970244444444,0.00389707949725,0.970244444444,0.00389707949725
0.00173780082875,0.00173780082875,0.00173780082875,0.00173780082875,0.00173780082875,0.00173780082875,0.00173780082875,0.00173780082875,1,X114 Z120 Y121 Y126 Z127 X132,0.892,0.0068436283536,0.892,0.0068436283536
0.00173780082875,0.00173780082875,0.00173780082875,0.00173780082875,0.00173780082875,0.00173780082875,0.00173780082875,0.00173780082875,1,X115 Z121 Y122 Y127 Z128 X133,0.890555555556,0.00843470904836,0.890555555556,0.00843470904836
0.00173780082875,0.00173780082875,0.00173780082875,0.00173780082875,0.00173780082875,0.00173780082875,0.00173780082875,0.00173780082875,1,X116 Z122 Y123 Y128 Z129 X134,0.888133333333,0.00842619524362,0.888133333333,0.00842619524362
0.00173780082875,0.00173780082875,0.00173780082875,0.00173780082875,0.00173780082875,0.00173780082875,0.00173780082875,0.00173780082875,1,X117 Z123 Y124 Y129 Z130 X135,0.888666666667,0.00698986677612,0.888666666667,0.00698986677612
0.00173780082875,0.00173780082875,0.00173780082875,0.00173780082875,0.00173780082875,0.00173780082875,0.00173780082875,0.00173780082875,1,X118 Z124 Y125 Y130 Z131 X136,0.888866666667,0.00879942526859,0.888866666667,0.00879942526859
0.00173780082875,0.00173780082875,0.00173780082875,0.00173780082875,0.00173780082875,0.00173780082875,0.00173780082875,0.00173780082875,1,X12 X16,0.937088888889,0.00598717232417,0.937088888889,0.00598717232417
0.00173780082875,0.00173780082875,0.00173780082875,0.00173780082875,0.00173780082875,0.00173780082875,0.00173780082875,0.00173780082875,1,X120 X126,0.966311111111,0.00448320265018,0.966311111111,0.00448320265018
0.00173780082875,0.00173780082875,0.00173780082875,0.00173780082875,0.00173780082875,0.00173780082875,0.00173780082875,0.00173780082875,1,X121 X127,0.953622222222,0.00533242329401,0.953622222222,0.00533242329401
0.00173780082875,0.00173780082875,0.00173780082875,0.00173780082875,0.00173780082875,0.00173780082875,0.00173780082875,0.00173780082875,1,X122 X128,0.9438,0.00535097656429,0.9438,0.00535097656429
0.00173780082875,0.00173780082875,0.00173780082875,0.00173780082875,0.00173780082875,0.00173780082875,0.00173780082875,0.00173780082875,1,X123 X129,0.933177777778,0.00825583891058,0.933177777778,0.00825583891058
0.00173780082875,0.00173780082875,0.00173780082875,0.00173780082875,0.00173780082875,0.00173780082875,0.00173780082875,0.00173780082875,1,X124 X130,0.924066666667,0.00670414751253,0.924066666667,0.00670414751253
0.00173780082875,0.00173780082875,0.00173780082875,0.00173780082875,0.00173780082875,0.00173780082875,0.00173780082875,0.00173780082875,1,X125 X131,0.921555555556,0.00646436345601,0.921555555556,0.00646436345601
0.00173780082875,0.00173780082875,0.00173780082875,0.00173780082875,0.00173780082875,0.00173780082875,0.00173780082875,0.00173780082875,1,X127 Z132 Y133 Y137 Z138 X142,0.912266666667,0.00750907496943,0.912266666667,0.00750907496943
0.00173780082875,0.00173780082875,0.00173780082875,0.00173780082875,0.00173780082875,0.00173780082875,0.00173780082875,0.00173780082875,1,X128 Z133 Y134 Y138 Z139 X143,0.907244444444,0.00531529516655,0.907244444444,0.00531529516655
0.00173780082875,0.00173780082875,0.00173780082875,0.00173780082875,0.00173780082875,0.00173780082875,0.00173780082875,0.00173780082875,1,X129 Z134 Y135 Y139 Z140 X144,0.909244444444,0.00811551342244,0.909244444444,0.00811551342244
0.00173780082875,0.00173780082875,0.00173780082875,0.00173780082875,0.00173780082875,0.00173780082875,0.00173780082875,0.00173780082875,1,X13 X17,0.942,0.0071288093937,0.942,0.0071288093937
0.00173780082875,0.00173780082875,0.00173780082875,0.00173780082875,0.00173780082875,0.00173780082875,0.00173780082875,0.00173780082875,1,X130 Z135 Y136 Y140 Z141 X145,0.911266666667,0.00494056630381,0.911266666667,0.00494056630381
0.00173780082875,0.00173780082875,0.00173780082875,0.00173780082875,0.00173780082875,0.00173780082875,0.00173780082875,0.00173780082875,1,X131 Z136 Y141,0.974066666667,0.00361075447694,0.974066666667,0.00361075447694
0.00173780082875,0.00173780082875,0.00173780082875,0.00173780082875,0.00173780082875,0.00173780082875,0.00173780082875,0.00173780082875,1,X132 X137,0.9278,0.00732842050693,0.9278,0.00732842050693
0.00173780082875,0.00173780082875,0.00173780082875,0.00173780082875,0.00173780082875,0.00173780082875,0.00173780082875,0.00173780082875,1,X133 X138,0.930955555556,0.00635521527369,0.930955555556,0.00635521527369
0.00173780082875,0.00173780082875,0.00173780082875,0.00173780082875,0.00173780082875,0.00173780082875,0.00173780082875,0.00173780082875,1,X134 X139,0.941955555556,0.00652712192026,0.941955555556,0.00652712192026
0.00173780082875,0.00173780082875,0.00173780082875,0.00173780082875,0.00173780082875,0.00173780082875,0.00173780082875,0.00173780082875,1,X135 X140,0.952555555556,0.00506534566365,0.952555555556,0.00506534566365
0.00173780082875,0.00173780082875,0.00173780082875,0.00173780082875,0.00173780082875,0.00173780082875,0.00173780082875,0.00173780082875,1,X136 X141,0.965711111111,0.00357377992291,0.965711111111,0.00357377992291
0.00173780082875,0.00173780082875,0.00173780082875,0.00173780082875,0.00173780082875,0.00173780082875,0.00173780082875,0.00173780082875,1,X137 Y142 Z146,0.969577777778,0.00413000731339,0.969577777778,0.00413000731339
0.00173780082875,0.00173780082875,0.00173780082875,0.00173780082875,0.00173780082875,0.00173780082875,0.00173780082875,0.00173780082875,1,X138 Z142 Y143 Y146 Z147 X150,0.914444444444,0.00871398810885,0.914444444444,0.00871398810885
0.00173780082875,0.00173780082875,0.00173780082875,0.00173780082875,0.00173780082875,0.00173780082875,0.00173780082875,0.00173780082875,1,X139 Z143 Y144 Y147 Z148 X151,0.908066666667,0.00813930438441,0.908066666667,0.00813930438441
0.00173780082875,0.00173780082875,0.00173780082875,0.00173780082875,0.00173780082875,0.00173780082875,0.00173780082875,0.00173780082875,1,X14 X18,0.951266666667,0.00702125945192,0.951266666667,0.00702125945192
0.00173780082875,0.00173780082875,0.00173780082875,0.00173780082875,0.00173780082875,0.00173780082875,0.00173780082875,0.00173780082875,1,X140 Z144 Y145 Y148 Z149 X152,0.908622222222,0.00747088003727,0.908622222222,0.00747088003727
0.00173780082875,0.00173780082875,0.00173780082875,0.00173780082875,0.00173780082875,0.00173780082875,0.00173780082875,0.00173780082875,1,X142 X146,0.965244444444,0.00446607761885,0.965244444444,0.00446607761885
0.00173780082875,0.00173780082875,0.00173780082875,0.00173780082875,0.00173780082875,0.00173780082875,0.00173780082875,0.00173780082875,1,X143 X147,0.953266666667,0.00617087461277,0.953266666667,0.00617087461277
0.00173780082875,0.00173780082875,0.00173780082875,0.00173780082875,0.00173780082875,0.00173780082875,0.00173780082875,0.00173780082875,1,X144 X148,0.941577777778,0.00688934617194,0.941577777778,0.00688934617194
0.00173780082875,0.00173780082875,0.00173780082875,0.00173780082875,0.00173780082875,0.00173780082875,0.00173780082875,0.00173780082875,1,X145 X149,0.938244444444,0.00856345855818,0.938244444444,0.00856345855818
0.00173780082875,0.00173780082875,0.00173780082875,0.00173780082875,0.00173780082875,0.00173780082875,0.00173780082875,0.00173780082875,1,X147 Z150 Y151 Y153 Z154 X156,0.932266666667,0.00574449594973,0.932266666667,0.00574449594973
0.00173780082875,0.00173780082875,0.00173780082875,0.00173780082875,0.00173780082875,0.00173780082875,0.00173780082875,0.00173780082875,1,X148 Z151 Y152 Y154 Z155 X157,0.926977777778,0.00495105030332,0.926977777778,0.00495105030332
0.00173780082875,0.00173780082875,0.00173780082875,0.00173780082875,0.00173780082875,0.00173780082875,0.00173780082875,0.00173780082875,1,X149 Z152 Y155,0.973177777778,0.00417870292194,0.973177777778,0.00417870292194
0.00173780082875,0.00173780082875,0.00173780082875,0.00173780082875,0.00173780082875,0.00173780082875,0.00173780082875,0.00173780082875,1,X15 X19,0.965488888889,0.00501242390056,0.965488888889,0.00501242390056
0.00173780082875,0.00173780082875,0.00173780082875,0.00173780082875,0.00173780082875,0.00173780082875,0.00173780082875,0.00173780082875,1,X150 X153,0.948711111111,0.00635822894769,0.948711111111,0.00635822894769
0.00173780082875,0.00173780082875,0.00173780082875,0.00173780082875,0.00173780082875,0.00173780082875,0.00173780082875,0.00173780082875,1,X151 X154,0.9518,0.00616292213121,0.9518,0.00616292213121
0.00173780082875,0.00173780082875,0.00173780082875,0.00173780082875,0.00173780082875,0.00173780082875,0.00173780082875,0.00173780082875,1,X152 X155,0.965533333333,0.0047919152859,0.965533333333,0.0047919152859
0.00173780082875,0.00173780082875,0.00173780082875,0.00173780082875,0.00173780082875,0.00173780082875,0.00173780082875,0.00173780082875,1,X153 Y156 Z158,0.970511111111,0.0042550248261,0.970511111111,0.0042550248261
0.00173780082875,0.00173780082875,0.00173780082875,0.00173780082875,0.00173780082875,0.00173780082875,0.00173780082875,0.00173780082875,1,X154 Z156 Y157 Y158 Z159 X160,0.930511111111,0.00642953752193,0.930511111111,0.00642953752193
0.00173780082875,0.00173780082875,0.00173780082875,0.00173780082875,0.00173780082875,0.00173780082875,0.00173780082875,0.00173780082875,1,X156 X158,0.965644444444,0.00419353025992,0.965644444444,0.00419353025992
0.00173780082875,0.00173780082875,0.00173780082875,0.00173780082875,0.00173780082875,0.00173780082875,0.00173780082875,0.00173780082875,1,X157 X159,0.958177777778,0.00506489180448,0.958177777778,0.00506489180448
0.00173780082875,0.00173780082875,0.00173780082875,0.00173780082875,0.00173780082875,0.00173780082875,0.00173780082875,0.00173780082875,1,X159 Z160 Y161,0.975288888889,0.00405303285839,0.975288888889,0.00405303285839
0.00173780082875,0.00173780082875,0.00173780082875,0.00173780082875,0.00173780082875,0.00173780082875,0.00173780082875,0.00173780082875,1,X16 Z20 Y21 Y25 Z26 X31,0.900533333333,0.00744512491886,0.900533333333,0.00744512491886
0.00173780082875,0.00173780082875,0.00173780082875,0.00173780082875,0.00173780082875,0.00173780082875,0.00173780082875,0.00173780082875,1,X160 X161,0.970044444444,0.00391062344574,0.970044444444,0.00391062344574
0.00173780082875,0.00173780082875,0.00173780082875,0.00173780082875,0.00173780082875,0.00173780082875,0.00173780082875,0.00173780082875,1,X17 Z21 Y22 Y26 Z27 X32,0.900088888889,0.00735051974253,0.900088888889,0.00735051974253
0.00173780082875,0.00173780082875,0.00173780082875,0.00173780082875,0.00173780082875,0.00173780082875,0.00173780082875,0.00173780082875,1,X18 Z22 Y23 Y27 Z28 X33,0.9002,0.00631521910445,0.9002,0.00631521910445
0.00173780082875,0.00173780082875,0.00173780082875,0.00173780082875,0.00173780082875,0.00173780082875,0.00173780082875,0.00173780082875,1,X19 Z23 Y24 Y28 Z29 X34,0.899377777778,0.0085176100354,0.899377777778,0.0085176100354
0.00173780082875,0.00173780082875,0.00173780082875,0.00173780082875,0.00173780082875,0.00173780082875,0.00173780082875,0.00173780082875,1,X2 X4,0.955333333333,0.0051252511386,0.955333333333,0.0051252511386
0.00173780082875,0.00173780082875,0.00173780082875,0.00173780082875,0.00173780082875,0.00173780082875,0.00173780082875,0.00173780082875,1,X20 X25,0.968955555556,0.00442799638432,0.968955555556,0.00442799638432
0.00173780082875,0.00173780082875,0.00173780082875,0.00173780082875,0.00173780082875,0.00173780082875,0.00173780082875,0.00173780082875,1,X21 X26,0.956822222222,0.00538675353672,0.956822222222,0.00538675353672
0.00173780082875,0.00173780082875,0.00173780082875,0.00173780082875,0.00173780082875,0.00173780082875,0.00173780082875,0.00173780082875,1,X22 X27,0.946888888889,0.00636160256764,0.946888888889,0.00636160256764
0.00173780082875,0.00173780082875,0.00173780082875,0.00173780082875,0.00173780082875,0.00173780082875,0.00173780082875,0.00173780082875,1,X23 X28,0.935466666667,0.00641693162612,0.935466666667,0.00641693162612
0.00173780082875,0.00173780082875,0.00173780082875,0.00173780082875,0.00173780082875,0.00173780082875,0.00173780082875,0.00173780082875,1,X24 X29,0.934777777778,0.00606499492777,0.934777777778,0.00606499492777
0.00173780082875,0.00173780082875,0.00173780082875,0.00173780082875,0.00173780082875,0.00173780082875,0.00173780082875,0.00173780082875,1,X25 Z30 Y31 Y36 Z37 X43,0.899933333333,0.00771990510731,0.899933333333,0.00771990510731
0.00173780082875,0.00173780082875,0.00173780082875,0.00173780082875,0.00173780082875,0.00173780082875,0.00173780082875,0.00173780082875,1,X26 Z31 Y32 Y37 Z38 X44,0.902955555556,0.00870228460484,0.902955555556,0.00870228460484
0.00173780082875,0.00173780082875,0.00173780082875,0.00173780082875,0.00173780082875,0.00173780082875,0.00173780082875,0.00173780082875,1,X27 Z32 Y33 Y38 Z39 X45,0.901911111111,0.00632390910032,0.901911111111,0.00632390910032
0.00173780082875,0.00173780082875,0.00173780082875,0.00173780082875,0.00173780082875,0.00173780082875,0.00173780082875,0.00173780082875,1,X28 Z33 Y34 Y39 Z40 X46,0.897977777778,0.00756981975589,0.897977777778,0.00756981975589
0.00173780082875,0.00173780082875,0.00173780082875,0.00173780082875,0.00173780082875,0.00173780082875,0.00173780082875,0.00173780082875,1,X29 Z34 Y35 Y40 Z41 X47,0.898777777778,0.00795405067211,0.898777777778,0.00795405067211
0.00173780082875,0.00173780082875,0.00173780082875,0.00173780082875,0.00173780082875,0.00173780082875,0.00173780082875,0.00173780082875,1,X3 X5,0.965844444444,0.00563427750595,0.965844444444,0.00563427750595
0.00173780082875,0.00173780082875,0.00173780082875,0.00173780082875,0.00173780082875,0.00173780082875,0.00173780082875,0.00173780082875,1,X30 X36,0.916644444444,0.00787543507687,0.916644444444,0.00787543507687
0.00173780082875,0.00173780082875,0.00173780082875,0.00173780082875,0.00173780082875,0.00173780082875,0.00173780082875,0.00173780082875,1,X31 X37,0.922244444444,0.00636918667906,0.922244444444,0.00636918667906
0.00173780082875,0.00173780082875,0.00173780082875,0.00173780082875,0.00173780082875,0.00173780082875,0.00173780082875,0.00173780082875,1,X32 X38,0.930777777778,0.0062883053491,0.930777777778,0.0062883053491
0.00173780082875,0.00173780082875,0.00173780082875,0.00173780082875,0.00173780082875,0.00173780082875,0.00173780082875,0.00173780082875,1,X33 X39,0.942244444444,0.0090099703536,0.942244444444,0.0090099703536
0.00173780082875,0.00173780082875,0.00173780082875,0.00173780082875,0.00173780082875,0.00173780082875,0.00173780082875,0.00173780082875,1,X34 X40,0.953666666667,0.00461465265834,0.953666666667,0.00461465265834
0.00173780082875,0.00173780082875,0.00173780082875,0.00173780082875,0.00173780082875,0.00173780082875,0.00173780082875,0.00173780082875,1,X35 X41,0.966977777778,0.00321268240335,0.966977777778,0.00321268240335
0.00173780082875,0.00173780082875,0.00173780082875,0.00173780082875,0.00173780082875,0.00173780082875,0.00173780082875,0.00173780082875,1,X36 Z42 Y43 Y49 Z50 X57,0.868777777778,0.00880105067454,0.868777777778,0.00880105067454
0.00173780082875,0.00173780082875,0.00173780082875,0.00173780082875,0.00173780082875,0.00173780082875,0.00173780082875,0.00173780082875,1,X37 Z43 Y44 Y50 Z51 X58,0.868844444444,0.00817796934642,0.868844444444,0.00817796934642
0.00173780082875,0.00173780082875,0.00173780082875,0.00173780082875,0.00173780082875,0.00173780082875,0.00173780082875,0.00173780082875,1,X38 Z44 Y45 Y51 Z52 X59,0.864622222222,0.00855889371111,0.864622222222,0.00855889371111
0.00173780082875,0.00173780082875,0.00173780082875,0.00173780082875,0.00173780082875,0.00173780082875,0.00173780082875,0.00173780082875,1,X39 Z45 Y46 Y52 Z53 X60,0.882666666667,0.00845089489469,0.882666666667,0.00845089489469
0.00173780082875,0.00173780082875,0.00173780082875,0.00173780082875,0.00173780082875,0.00173780082875,0.00173780082875,0.00173780082875,1,X4 Z6 Y7 Y9 Z10 X13,0.917155555556,0.00547773853086,0.917155555556,0.00547773853086
0.00173780082875,0.00173780082875,0.00173780082875,0.00173780082875,0.00173780082875,0.00173780082875,0.00173780082875,0.00173780082875,1,X40 Z46 Y47 Y53 Z54 X61,0.884311111111,0.00700898893749,0.884311111111,0.00700898893749
0.00173780082875,0.00173780082875,0.00173780082875,0.00173780082875,0.00173780082875,0.00173780082875,0.00173780082875,0.00173780082875,1,X41 Z47 Y48 Y54 Z55 X62,0.8808,0.00768219317344,0.8808,0.00768219317344
0.00173780082875,0.00173780082875,0.00173780082875,0.00173780082875,0.00173780082875,0.00173780082875,0.00173780082875,0.00173780082875,1,X42 X49,0.969822222222,0.0044461299486,0.969822222222,0.0044461299486
0.00173780082875,0.00173780082875,0.00173780082875,0.00173780082875,0.00173780082875,0.00173780082875,0.00173780082875,0.00173780082875,1,X43 X50,0.955355555556,0.00604829435653,0.955355555556,0.00604829435653
0.00173780082875,0.00173780082875,0.00173780082875,0.00173780082875,0.00173780082875,0.00173780082875,0.00173780082875,0.00173780082875,1,X44 X51,0.946,0.00506206687755,0.946,0.00506206687755
0.00173780082875,0.00173780082875,0.00173780082875,0.00173780082875,0.00173780082875,0.00173780082875,0.00173780082875,0.00173780082875,1,X45 X52,0.934355555556,0.00593381977428,0.934355555556,0.00593381977428
0.00173780082875,0.00173780082875,0.00173780082875,0.00173780082875,0.00173780082875,0.00173780082875,0.00173780082875,0.00173780082875,1,X46 X53,0.925933333333,0.0069686764961,0.925933333333,0.0069686764961
0.00173780082875,0.00173780082875,0.00173780082875,0.00173780082875,0.00173780082875,0.00173780082875,0.00173780082875,0.00173780082875,1,X47 X54,0.917577777778,0.00562829015455,0.917577777778,0.00562829015455
0.00173780082875,0.00173780082875,0.00173780082875,0.00173780082875,0.00173780082875,0.00173780082875,0.00173780082875,0.00173780082875,1,X48 X55,0.913488888889,0.00789720030576,0.913488888889,0.00789720030576
0.00173780082875,0.00173780082875,0.00173780082875,0.00173780082875,0.00173780082875,0.00173780082875,0.00173780082875,0.00173780082875,1,X49 Z56 Y57 Y64 Z65 X73,0.855355555556,0.00997695940802,0.855355555556,0.00997695940802
0.00173780082875,0.00173780082875,0.00173780082875,0.00173780082875,0.00173780082875,0.00173780082875,0.00173780082875,0.00173780082875,1,X5 Z7 Y8 Y10 Z11 X14,0.918933333333,0.00669785806672,0.918933333333,0.00669785806672
0.00173780082875,0.00173780082875,0.00173780082875,0.00173780082875,0.00173780082875,0.00173780082875,0.00173780082875,0.00173780082875,1,X50 Z57 Y58 Y65 Z66 X74,0.858044444444,0.00685243102726,0.858044444444,0.00685243102726
0.00173780082875,0.00173780082875,0.00173780082875,0.00173780082875,0.00173780082875,0.00173780082875,0.00173780082875,0.00173780082875,1,X51 Z58 Y59 Y66 Z67 X75,0.865555555556,0.00941073542565,0.865555555556,0.00941073542565
0.00173780082875,0.00173780082875,0.00173780082875,0.00173780082875,0.00173780082875,0.00173780082875,0.00173780082875,0.00173780082875,1,X52 Z59 Y60 Y67 Z68 X76,0.867044444444,0.00714530809984,0.867044444444,0.00714530809984
0.00173780082875,0.00173780082875,0.00173780082875,0.00173780082875,0.00173780082875,0.00173780082875,0.00173780082875,0.00173780082875,1,X53 Z60 Y61 Y68 Z69 X77,0.887022222222,0.00759861518606,0.887022222222,0.00759861518606
0.00173780082875,0.00173780082875,0.00173780082875,0.00173780082875,0.00173780082875,0.00173780082875,0.00173780082875,0.00173780082875,1,X54 Z61 Y62 Y69 Z70 X78,0.880911111111,0.00916512352041,0.880911111111,0.00916512352041
0.00173780082875,0.00173780082875,0.00173780082875,0.00173780082875,0.00173780082875,0.00173780082875,0.00173780082875,0.00173780082875,1,X55 Z62 Y63 Y70 Z71 X79,0.881444444444,0.0061078012632,0.881444444444,0.0061078012632
0.00173780082875,0.00173780082875,0.00173780082875,0.00173780082875,0.00173780082875,0.00173780082875,0.00173780082875,0.00173780082875,1,X56 X64,0.893644444444,0.00927689559208,0.893644444444,0.00927689559208
0.00173780082875,0.00173780082875,0.00173780082875,0.00173780082875,0.00173780082875,0.00173780082875,0.00173780082875,0.00173780082875,1,X57 X65,0.894822222222,0.00778776589103,0.894822222222,0.00778776589103
0.00173780082875,0.00173780082875,0.00173780082875,0.00173780082875,0.00173780082875,0.00173780082875,0.00173780082875,0.00173780082875,1,X58 X66,0.901266666667,0.00987329693351,0.901266666667,0.00987329693351
0.00173780082875,0.00173780082875,0.00173780082875,0.00173780082875,0.00173780082875,0.00173780082875,0.00173780082875,0.00173780082875,1,X59 X67,0.903555555556,0.00899950332105,0.903555555556,0.00899950332105
0.00173780082875,0.00173780082875,0.00173780082875,0.00173780082875,0.00173780082875,0.00173780082875,0.00173780082875,0.00173780082875,1,X6 X9,0.969222222222,0.00421667310284,0.969222222222,0.00421667310284
0.00173780082875,0.00173780082875,0.00173780082875,0.00173780082875,0.00173780082875,0.00173780082875,0.00173780082875,0.00173780082875,1,X60 X68,0.933244444444,0.00710885979688,0.933244444444,0.00710885979688
0.00173780082875,0.00173780082875,0.00173780082875,0.00173780082875,0.00173780082875,0.00173780082875,0.00173780082875,0.00173780082875,1,X61 X69,0.944111111111,0.00452522375843,0.944111111111,0.00452522375843
0.00173780082875,0.00173780082875,0.00173780082875,0.00173780082875,0.00173780082875,0.00173780082875,0.00173780082875,0.00173780082875,1,X62 X70,0.951155555556,0.00601131330175,0.951155555556,0.00601131330175
0.00173780082875,0.00173780082875,0.00173780082875,0.00173780082875,0.00173780082875,0.00173780082875,0.00173780082875,0.00173780082875,1,X63 X71,0.966377777778,0.00408973421214,0.966377777778,0.00408973421214
0.00173780082875,0.00173780082875,0.00173780082875,0.00173780082875,0.00173780082875,0.00173780082875,0.00173780082875,0.00173780082875,1,X64 Z72 Y73 Y81 Z82 X90,0.916644444444,0.00845539721231,0.916644444444,0.00845539721231
0.00173780082875,0.00173780082875,0.00173780082875,0.00173780082875,0.00173780082875,0.00173780082875,0.00173780082875,0.00173780082875,1,X65 Z73 Y74 Y82 Z83 X91,0.911444444444,0.00803075187852,0.911444444444,0.00803075187852
0.00173780082875,0.00173780082875,0.00173780082875,0.00173780082875,0.00173780082875,0.00173780082875,0.00173780082875,0.00173780082875,1,X66 Z74 Y75 Y83 Z84 X92,0.9098,0.007405393085,0.9098,0.007405393085
0.00173780082875,0.00173780082875,0.00173780082875,0.00173780082875,0.00173780082875,0.00173780082875,0.00173780082875,0.00173780082875,1,X67 Z75 Y76 Y84 Z85 X93,0.890911111111,0.00969651884184,0.890911111111,0.00969651884184
0.00173780082875,0.00173780082875,0.00173780082875,0.00173780082875,0.00173780082875,0.00173780082875,0.00173780082875,0.00173780082875,1,X68 Z76 Y77 Y85 Z86 X94,0.8898,0.00714845319924,0.8898,0.00714845319924
0.00173780082875,0.00173780082875,0.00173780082875,0.00173780082875,0.00173780082875,0.00173780082875,0.00173780082875,0.00173780082875,1,X69 Z77 Y78 Y86 Z87 X95,0.935244444444,0.00683182396189,0.935244444444,0.00683182396189
0.00173780082875,0.00173780082875,0.00173780082875,0.00173780082875,0.00173780082875,0.00173780082875,0.00173780082875,0.00173780082875,1,X7 X10,0.955355555556,0.006596140363,0.955355555556,0.006596140363
0.00173780082875,0.00173780082875,0.00173780082875,0.00173780082875,0.00173780082875,0.00173780082875,0.00173780082875,0.00173780082875,1,X70 Z78 Y79 Y87 Z88 X96,0.913333333333,0.00684810570334,0.913333333333,0.00684810570334
0.00173780082875,0.00173780082875,0.00173780082875,0.00173780082875,0.00173780082875,0.00173780082875,0.00173780082875,0.00173780082875,1,X71 Z79 Y80 Y88 Z89 X97,0.902733333333,0.00972786809247,0.902733333333,0.00972786809247
0.00173780082875,0.00173780082875,0.00173780082875,0.00173780082875,0.00173780082875,0.00173780082875,0.00173780082875,0.00173780082875,1,X72 X81,0.933933333333,0.00617832076778,0.933933333333,0.00617832076778
0.00173780082875,0.00173780082875,0.00173780082875,0.00173780082875,0.00173780082875,0.00173780082875,0.00173780082875,0.00173780082875,1,X73 X82,0.935711111111,0.00678669722761,0.935711111111,0.00678669722761
0.00173780082875,0.00173780082875,0.00173780082875,0.00173780082875,0.00173780082875,0.00173780082875,0.00173780082875,0.00173780082875,1,X74 X83,0.946688888889,0.00451640969989,0.946688888889,0.00451640969989
0.00173780082875,0.00173780082875,0.00173780082875,0.00173780082875,0.00173780082875,0.00173780082875,0.00173780082875,0.00173780082875,1,X75 X84,0.957955555556,0.00477199150643,0.957955555556,0.00477199150643
0.00173780082875,0.00173780082875,0.00173780082875,0.00173780082875,0.00173780082875,0.00173780082875,0.00173780082875,0.00173780082875,1,X76 X85,0.933822222222,0.00720351836839,0.933822222222,0.00720351836839
0.00173780082875,0.00173780082875,0.00173780082875,0.00173780082875,0.00173780082875,0.00173780082875,0.00173780082875,0.00173780082875,1,X77 X86,0.959888888889,0.006468511014,0.959888888889,0.006468511014
0.00173780082875,0.00173780082875,0.00173780082875,0.00173780082875,0.00173780082875,0.00173780082875,0.00173780082875,0.00173780082875,1,X78 X87,0.945844444444,0.00641760828042,0.945844444444,0.00641760828042
0.00173780082875,0.00173780082875,0.00173780082875,0.00173780082875,0.00173780082875,0.00173780082875,0.00173780082875,0.00173780082875,1,X79 X88,0.926933333333,0.00671841981056,0.926933333333,0.00671841981056
0.00173780082875,0.00173780082875,0.00173780082875,0.00173780082875,0.00173780082875,0.00173780082875,0.00173780082875,0.00173780082875,1,X8 X11,0.954155555556,0.00536394471797,0.954155555556,0.00536394471797
0.00173780082875,0.00173780082875,0.00173780082875,0.00173780082875,0.00173780082875,0.00173780082875,0.00173780082875,0.00173780082875,1,X80 X89,0.923933333333,0.00766011714245,0.923933333333,0.00766011714245
0.00173780082875,0.00173780082875,0.00173780082875,0.00173780082875,0.00173780082875,0.00173780082875,0.00173780082875,0.00173780082875,1,X81 Y90 Z98,0.968622222222,0.00347043708901,0.968622222222,0.00347043708901
0.00173780082875,0.00173780082875,0.00173780082875,0.00173780082875,0.00173780082875,0.00173780082875,0.00173780082875,0.00173780082875,1,X82 Z90 Y91 Y98 Z99 X106,0.889,0.00800909444755,0.889,0.00800909444755
0.00173780082875,0.00173780082875,0.00173780082875,0.00173780082875,0.00173780082875,0.00173780082875,0.00173780082875,0.00173780082875,1,X83 Z91 Y92 Y99 Z100 X107,0.885422222222,0.00869356274525,0.885422222222,0.00869356274525
0.00173780082875,0.00173780082875,0.00173780082875,0.00173780082875,0.00173780082875,0.00173780082875,0.00173780082875,0.00173780082875,1,X84 Z92 Y93 Y100 Z101 X108,0.886222222222,0.00899268895612,0.886222222222,0.00899268895612
0.00173780082875,0.00173780082875,0.00173780082875,0.00173780082875,0.00173780082875,0.00173780082875,0.00173780082875,0.00173780082875,1,X85 Z93 Y94 Y101 Z102 X109,0.882933333333,0.0078581290121,0.882933333333,0.0078581290121
0.00173780082875,0.00173780082875,0.00173780082875,0.00173780082875,0.00173780082875,0.00173780082875,0.00173780082875,0.00173780082875,1,X86 Z94 Y95 Y102 Z103 X110,0.933866666667,0.00730800222713,0.933866666667,0.00730800222713
0.00173780082875,0.00173780082875,0.00173780082875,0.00173780082875,0.00173780082875,0.00173780082875,0.00173780082875,0.00173780082875,1,X87 Z95 Y96 Y103 Z104 X111,0.884,0.00934646039092,0.884,0.00934646039092
0.00173780082875,0.00173780082875,0.00173780082875,0.00173780082875,0.00173780082875,0.00173780082875,0.00173780082875,0.00173780082875,1,X88 Z96 Y97 Y104 Z105 X112,0.821577777778,0.00856882585309,0.821577777778,0.00856882585309
0.00173780082875,0.00173780082875,0.00173780082875,0.00173780082875,0.00173780082875,0.00173780082875,0.00173780082875,0.00173780082875,1,X9 Z12 Y13 Y16 Z17 X21,0.918555555556,0.00592955667829,0.918555555556,0.00592955667829
0.00173780082875,0.00173780082875,0.00173780082875,0.00173780082875,0.00173780082875,0.00173780082875,0.00173780082875,0.00173780082875,1,X90 X98,0.966022222222,0.00414112477857,0.966022222222,0.00414112477857
0.00173780082875,0.00173780082875,0.00173780082875,0.00173780082875,0.00173780082875,0.00173780082875,0.00173780082875,0.00173780082875,1,X91 X99,0.953022222222,0.00452742459192,0.953022222222,0.00452742459192
0.00173780082875,0.00173780082875,0.00173780082875,0.00173780082875,0.00173780082875,0.00173780082875,0.00173780082875,0.00173780082875,1,X92 X100,0.942311111111,0.00655476974315,0.942311111111,0.00655476974315
0.00173780082875,0.00173780082875,0.00173780082875,0.00173780082875,0.00173780082875,0.00173780082875,0.00173780082875,0.00173780082875,1,X93 X101,0.936266666667,0.00574716321827,0.936266666667,0.00574716321827
0.00173780082875,0.00173780082875,0.00173780082875,0.00173780082875,0.00173780082875,0.00173780082875,0.00173780082875,0.00173780082875,1,X94 X102,0.937022222222,0.00643680350297,0.937022222222,0.00643680350297
0.00173780082875,0.00173780082875,0.00173780082875,0.00173780082875,0.00173780082875,0.00173780082875,0.00173780082875,0.00173780082875,1,X95 X103,0.927666666667,0.00510352593914,0.927666666667,0.00510352593914
0.00173780082875,0.00173780082875,0.00173780082875,0.00173780082875,0.00173780082875,0.00173780082875,0.00173780082875,0.00173780082875,1,X96 X104,0.909377777778,0.00659021295322,0.909377777778,0.00659021295322
0.00173780082875,0.00173780082875,0.00173780082875,0.00173780082875,0.00173780082875,0.00173780082875,0.00173780082875,0.00173780082875,1,X97 X105,0.966666666667,0.00424173751719,0.966666666667,0.00424173751719
0.00173780082875,0.00173780082875,0.00173780082875,0.00173780082875,0.00173780082875,0.00173780082875,0.00173780082875,0.00173780082875,1,X99 Z106 Y107 Y113 Z114 X120,0.909844444444,0.00886628351663,0.909844444444,0.00886628351663
0.00173780082875,0.00173780082875,0.00173780082875,0.00173780082875,0.00173780082875,0.00173780082875,0.00173780082875,0.00173780082875,1,Y0 Z1 X2,0.963888888889,0.00526124654411,0.963888888889,0.00526124654411
0.00173780082875,0.00173780082875,0.00173780082875,0.00173780082875,0.00173780082875,0.00173780082875,0.00173780082875,0.00173780082875,1,Y20 Z25 X30,0.925511111111,0.00618967954118,0.925511111111,0.00618967954118
0.00173780082875,0.00173780082875,0.00173780082875,0.00173780082875,0.00173780082875,0.00173780082875,0.00173780082875,0.00173780082875,1,Y42 Z49 X56,0.895066666667,0.00941442603798,0.895066666667,0.00941442603798
0.00173780082875,0.00173780082875,0.00173780082875,0.00173780082875,0.00173780082875,0.00173780082875,0.00173780082875,0.00173780082875,1,Y6 Z9 X12,0.943333333333,0.00532470566524,0.943333333333,0.00532470566524
0.00173780082875,0.00173780082875,0.00173780082875,0.00173780082875,0.00173780082875,0.00173780082875,0.00173780082875,0.00173780082875,1,Z15 Y19 X24,0.970377777778,0.00518673029342,0.970377777778,0.00518673029342
0.00173780082875,0.00173780082875,0.00173780082875,0.00173780082875,0.00173780082875,0.00173780082875,0.00173780082875,0.00173780082875,1,Z3 Y5 X8,0.968955555556,0.00435118632992,0.968955555556,0.00435118632992
0.00173780082875,0.00173780082875,0.00173780082875,0.00173780082875,0.00173780082875,0.00173780082875,0.00173780082875,0.00173780082875,1,Z35 Y41 X48,0.968555555556,0.00514340952658,0.968555555556,0.00514340952658
0.00173780082875,0.00173780082875,0.00173780082875,0.00173780082875,0.00173780082875,0.00173780082875,0.00173780082875,0.00173780082875,1,Z63 Y71 X80,0.970244444444,0.00376099495002,0.970244444444,0.00376099495002
0.00173780082875,0.00173780082875,0.00173780082875,0.00173780082875,0.00173780082875,0.00173780082875,0.00173780082875,0.00173780082875,5,Logical X,0.845222222222,0.0106120488643,0.845711111111,0.00878292200975
0.00173780082875,0.00173780082875,0.00173780082875,0.00173780082875,0.00173780082875,0.00173780082875,0.00173780082875,0.00173780082875,5,Logical Y,0.0152888888889,0.0121320112117,0.00215555555556,0.0223566927645
0.00173780082875,0.00173780082875,0.00173780082875,0.00173780082875,0.00173780082875,0.00173780082875,0.00173780082875,0.00173780082875,5,Logical Z,0.0146222222222,0.0134784440742,-0.000866666666667,0.0172101279991
0.00173780082875,0.00173780082875,0.00173780082875,0.00173780082875,0.00173780082875,0.00173780082875,0.00173780082875,0.00173780082875,5,X0 X1,0.973333333333,0.00396923031229,0.973333333333,0.00396923031229
0.00173780082875,0.00173780082875,0.00173780082875,0.00173780082875,0.00173780082875,0.00173780082875,0.00173780082875,0.00173780082875,5,X1 Z2 Y3 Y4 Z5 X7,0.935066666667,0.00721343998901,0.935066666667,0.00721343998901
0.00173780082875,0.00173780082875,0.00173780082875,0.00173780082875,0.00173780082875,0.00173780082875,0.00173780082875,0.00173780082875,5,X10 Z13 Y14 Y17 Z18 X22,0.919666666667,0.00662457979583,0.919666666667,0.00662457979583
0.00173780082875,0.00173780082875,0.00173780082875,0.00173780082875,0.00173780082875,0.00173780082875,0.00173780082875,0.00173780082875,5,X100 Z107 Y108 Y114 Z115 X121,0.904355555556,0.00805675905926,0.904355555556,0.00805675905926
0.00173780082875,0.00173780082875,0.00173780082875,0.00173780082875,0.00173780082875,0.00173780082875,0.00173780082875,0.00173780082875,5,X101 Z108 Y109 Y115 Z116 X122,0.9054,0.00797188546421,0.9054,0.00797188546421
0.00173780082875,0.00173780082875,0.00173780082875,0.00173780082875,0.00173780082875,0.00173780082875,0.00173780082875,0.00173780082875,5,X102 Z109 Y110 Y116 Z117 X123,0.903266666667,0.00807692897141,0.903266666667,0.00807692897141
0.00173780082875,0.00173780082875,0.00173780082875,0.00173780082875,0.00173780082875,0.00173780082875,0.00173780082875,0.00173780082875,5,X103 Z110 Y111 Y117 Z118 X124,0.866022222222,0.00839354492595,0.866022222222,0.00839354492595
0.00173780082875,0.00173780082875,0.00173780082875,0.00173780082875,0.00173780082875,0.00173780082875,0.00173780082875,0.00173780082875,5,X104 Z111 Y112 Y118 Z119 X125,0.805555555556,0.0105341383853,0.805555555556,0.0105341383853
0.00173780082875,0.00173780082875,0.00173780082875,0.00173780082875,0.00173780082875,0.00173780082875,0.00173780082875,0.00173780082875,5,X105 Z112 Y119,0.924111111111,0.00655091075142,0.924111111111,0.00655091075142
0.00173780082875,0.00173780082875,0.00173780082875,0.00173780082875,0.00173780082875,0.00173780082875,0.00173780082875,0.00173780082875,5,X106 X113,0.925288888889,0.00663886925084,0.925288888889,0.00663886925084
0.00173780082875,0.00173780082875,0.00173780082875,0.00173780082875,0.00173780082875,0.00173780082875,0.00173780082875,0.00173780082875,5,X107 X114,0.930533333333,0.00720451114531,0.930533333333,0.00720451114531
0.00173780082875,0.00173780082875,0.00173780082875,0.00173780082875,0.00173780082875,0.00173780082875,0.00173780082875,0.00173780082875,5,X108 X115,0.938622222222,0.00749954447318,0.938622222222,0.00749954447318
0.00173780082875,0.00173780082875,0.00173780082875,0.00173780082875,0.00173780082875,0.00173780082875,0.00173780082875,0.00173780082875,5,X109 X116,0.948577777778,0.00580324478752,0.948577777778,0.00580324478752
0.00173780082875,0.00173780082875,0.00173780082875,0.00173780082875,0.00173780082875,0.00173780082875,0.00173780082875,0.00173780082875,5,X11 Z14 Y15 Y18 Z19 X23,0.916133333333,0.00706054820791,0.916133333333,0.00706054820791
0.00173780082875,0.00173780082875,0.00173780082875,0.00173780082875,0.00173780082875,0.00173780082875,0.00173780082875,0.00173780082875,5,X110 X117,0.957511111111,0.00600110675191,0.957511111111,0.00600110675191
0.00173780082875,0.00173780082875,0.00173780082875,0.00173780082875,0.00173780082875,0.00173780082875,0.00173780082875,0.00173780082875,5,X111 X118,0.965488888889,0.00418969117392,0.965488888889,0.00418969117392
0.00173780082875,0.00173780082875,0.00173780082875,0.00173780082875,0.00173780082875,0.00173780082875,0.00173780082875,0.00173780082875,5,X112 X119,0.880288888889,0.00852794969063,0.880288888889,0.00852794969063
0.00173780082875,0.00173780082875,0.00173780082875,0.00173780082875,0.00173780082875,0.00173780082875,0.00173780082875,0.00173780082875,5,X113 Y120 Z126,0.969688888889,0.00460795026225,0.969688888889,0.00460795026225
0.00173780082875,0.00173780082875,0.00173780082875,0.00173780082875,0.00173780082875,0.00173780082875,0.00173780082875,0.00173780082875,5,X114 Z120 Y121 Y126 Z127 X132,0.890266666667,0.00751723434918,0.890266666667,0.00751723434918
0.00173780082875,0.00173780082875,0.00173780082875,0.00173780082875,0.00173780082875,0.00173780082875,0.00173780082875,0.00173780082875,5,X115 Z121 Y122 Y127 Z128 X133,0.886066666667,0.00665136174229,0.886066666667,0.00665136174229
0.00173780082875,0.00173780082875,0.00173780082875,0.00173780082875,0.00173780082875,0.00173780082875,0.00173780082875,0.00173780082875,5,X116 Z122 Y123 Y128 Z129 X134,0.888066666667,0.00957383087107,0.888066666667,0.00957383087107
0.00173780082875,0.00173780082875,0.00173780082875,0.00173780082875,0.00173780082875,0.00173780082875,0.00173780082875,0.00173780082875,5,X117 Z123 Y124 Y129 Z130 X135,0.886266666667,0.00722617634168,0.886266666667,0.00722617634168
0.00173780082875,0.00173780082875,0.00173780082875,0.00173780082875,0.00173780082875,0.00173780082875,0.00173780082875,0.00173780082875,5,X118 Z124 Y125 Y130 Z131 X136,0.887955555556,0.00943935404851,0.887955555556,0.00943935404851
0.00173780082875,0.00173780082875,0.00173780082875,0.00173780082875,0.00173780082875,0.00173780082875,0.00173780082875,0.00173780082875,5,X12 X16,0.9358,0.00658606447059,0.9358,0.00658606447059
0.00173780082875,0.00173780082875,0.00173780082875,0.00173780082875,0.00173780082875,0.00173780082875,0.00173780082875,0.00173780082875,5,X120 X126,0.966466666667,0.00401968337138,0.966466666667,0.00401968337138
0.00173780082875,0.00173780082875,0.00173780082875,0.00173780082875,0.00173780082875,0.00173780082875,0.00173780082875,0.00173780082875,5,X121 X127,0.952088888889,0.0051453459485,0.952088888889,0.0051453459485
0.00173780082875,0.00173780082875,0.00173780082875,0.00173780082875,0.00173780082875,0.00173780082875,0.00173780082875,0.00173780082875,5,X122 X128,0.943466666667,0.00627443880961,0.943466666667,0.00627443880961
0.00173780082875,0.00173780082875,0.00173780082875,0.00173780082875,0.00173780082875,0.00173780082875,0.00173780082875,0.00173780082875,5,X123 X129,0.934555555556,0.00704899837092,0.934555555556,0.00704899837092
0.00173780082875,0.00173780082875,0.00173780082875,0.00173780082875,0.00173780082875,0.00173780082875,0.00173780082875,0.00173780082875,5,X124 X130,0.921688888889,0.00836656973582,0.921688888889,0.00836656973582
0.00173780082875,0.00173780082875,0.00173780082875,0.00173780082875,0.00173780082875,0.00173780082875,0.00173780082875,0.00173780082875,5,X125 X131,0.919088888889,0.00825917965244,0.919088888889,0.00825917965244
0.00173780082875,0.00173780082875,0.00173780082875,0.00173780082875,0.00173780082875,0.00173780082875,0.00173780082875,0.00173780082875,5,X127 Z132 Y133 Y137 Z138 X142,0.915333333333,0.00804584564753,0.915333333333,0.00804584564753
0.00173780082875,0.00173780082875,0.00173780082875,0.00173780082875,0.00173780082875,0.00173780082875,0.00173780082875,0.00173780082875,5,X128 Z133 Y134 Y138 Z139 X143,0.904933333333,0.00702834981695,0.904933333333,0.00702834981695
0.00173780082875,0.00173780082875,0.00173780082875,0.00173780082875,0.00173780082875,0.00173780082875,0.00173780082875,0.00173780082875,5,X129 Z134 Y135 Y139 Z140 X144,0.908244444444,0.00879652201095,0.908244444444,0.00879652201095
0.00173780082875,0.00173780082875,0.00173780082875,0.00173780082875,0.00173780082875,0.00173780082875,0.00173780082875,0.00173780082875,5,X13 X17,0.943977777778,0.00713199758325,0.943977777778,0.00713199758325
0.00173780082875,0.00173780082875,0.00173780082875,0.00173780082875,0.00173780082875,0.00173780082875,0.00173780082875,0.00173780082875,5,X130 Z135 Y136 Y140 Z141 X145,0.908422222222,0.00635473295322,0.908422222222,0.00635473295322
0.00173780082875,0.00173780082875,0.00173780082875,0.00173780082875,0.00173780082875,0.00173780082875,0.00173780082875,0.00173780082875,5,X131 Z136 Y141,0.973711111111,0.00380636020802,0.973711111111,0.00380636020802
0.00173780082875,0.00173780082875,0.00173780082875,0.00173780082875,0.00173780082875,0.00173780082875,0.00173780082875,0.00173780082875,5,X132 X137,0.928333333333,0.00778396032327,0.928333333333,0.00778396032327
0.00173780082875,0.00173780082875,0.00173780082875,0.00173780082875,0.00173780082875,0.00173780082875,0.00173780082875,0.00173780082875,5,X133 X138,0.934044444444,0.00698972060423,0.934044444444,0.00698972060423
0.00173780082875,0.00173780082875,0.00173780082875,0.00173780082875,0.00173780082875,0.00173780082875,0.00173780082875,0.00173780082875,5,X134 X139,0.941844444444,0.00608920490273,0.941844444444,0.00608920490273
0.00173780082875,0.00173780082875,0.00173780082875,0.00173780082875,0.00173780082875,0.00173780082875,0.00173780082875,0.00173780082875,5,X135 X140,0.953711111111,0.00520737270835,0.953711111111,0.00520737270835
0.00173780082875,0.00173780082875,0.00173780082875,0.00173780082875,0.00173780082875,0.00173780082875,0.00173780082875,0.00173780082875,5,X136 X141,0.9654,0.00445789153467,0.9654,0.00445789153467
0.00173780082875,0.00173780082875,0.00173780082875,0.00173780082875,0.00173780082875,0.00173780082875,0.00173780082875,0.00173780082875,5,X137 Y142 Z146,0.970244444444,0.00401714079649,0.970244444444,0.00401714079649
0.00173780082875,0.00173780082875,0.00173780082875,0.00173780082875,0.00173780082875,0.00173780082875,0.00173780082875,0.00173780082875,5,X138 Z142 Y143 Y146 Z147 X150,0.911866666667,0.00934219612043,0.911866666667,0.00934219612043
0.00173780082875,0.00173780082875,0.00173780082875,0.00173780082875,0.00173780082875,0.00173780082875,0.00173780082875,0.00173780082875,5,X139 Z143 Y144 Y147 Z148 X151,0.907755555556,0.00789292972977,0.907755555556,0.00789292972977
0.00173780082875,0.00173780082875,0.00173780082875,0.00173780082875,0.00173780082875,0.00173780082875,0.00173780082875,0.00173780082875,5,X14 X18,0.953466666667,0.00604554869336,0.953466666667,0.00604554869336
0.00173780082875,0.00173780082875,0.00173780082875,0.00173780082875,0.00173780082875,0.00173780082875,0.00173780082875,0.00173780082875,5,X140 Z144 Y145 Y148 Z149 X152,0.906622222222,0.0076612841342,0.906622222222,0.0076612841342
0.00173780082875,0.00173780082875,0.00173780082875,0.00173780082875,0.00173780082875,0.00173780082875,0.00173780082875,0.00173780082875,5,X142 X146,0.966444444444,0.00455644323657,0.966444444444,0.00455644323657
0.00173780082875,0.00173780082875,0.00173780082875,0.00173780082875,0.00173780082875,0.00173780082875,0.00173780082875,0.00173780082875,5,X143 X147,0.952933333333,0.00468338548668,0.952933333333,0.00468338548668
0.00173780082875,0.00173780082875,0.00173780082875,0.00173780082875,0.00173780082875,0.00173780082875,0.00173780082875,0.00173780082875,5,X144 X148,0.943355555556,0.00635714418963,0.943355555556,0.00635714418963
0.00173780082875,0.00173780082875,0.00173780082875,0.00173780082875,0.00173780082875,0.00173780082875,0.00173780082875,0.00173780082875,5,X145 X149,0.936222222222,0.00671552974225,0.936222222222,0.00671552974225
0.00173780082875,0.00173780082875,0.00173780082875,0.00173780082875,0.00173780082875,0.00173780082875,0.00173780082875,0.00173780082875,5,X147 Z150 Y151 Y153 Z154 X156,0.930266666667,0.00708481728878,0.930266666667,0.00708481728878
0.00173780082875,0.00173780082875,0.00173780082875,0.00173780082875,0.00173780082875,0.00173780082875,0.00173780082875,0.00173780082875,5,X148 Z151 Y152 Y154 Z155 X157,0.928844444444,0.00603167458835,0.928844444444,0.00603167458835
0.00173780082875,0.00173780082875,0.00173780082875,0.00173780082875,0.00173780082875,0.00173780082875,0.00173780082875,0.00173780082875,5,X149 Z152 Y155,0.974311111111,0.00472292309426,0.974311111111,0.00472292309426
0.00173780082875,0.00173780082875,0.00173780082875,0.00173780082875,0.00173780082875,0.00173780082875,0.00173780082875,0.00173780082875,5,X15 X19,0.9654,0.00470542199687,0.9654,0.00470542199687
0.00173780082875,0.00173780082875,0.00173780082875,0.00173780082875,0.00173780082875,0.00173780082875,0.00173780082875,0.00173780082875,5,X150 X153,0.947,0.00613200885249,0.947,0.00613200885249
0.00173780082875,0.00173780082875,0.00173780082875,0.00173780082875,0.00173780082875,0.00173780082875,0.00173780082875,0.00173780082875,5,X151 X154,0.952644444444,0.00600506384865,0.952644444444,0.00600506384865
0.00173780082875,0.00173780082875,0.00173780082875,0.00173780082875,0.00173780082875,0.00173780082875,0.00173780082875,0.00173780082875,5,X152 X155,0.966088888889,0.00415313511578,0.966088888889,0.00415313511578
0.00173780082875,0.00173780082875,0.00173780082875,0.00173780082875,0.00173780082875,0.00173780082875,0.00173780082875,0.00173780082875,5,X153 Y156 Z158,0.969777777778,0.00451929311033,0.969777777778,0.00451929311033
0.00173780082875,0.00173780082875,0.00173780082875,0.00173780082875,0.00173780082875,0.00173780082875,0.00173780082875,0.00173780082875,5,X154 Z156 Y157 Y158 Z159 X160,0.931622222222,0.00638408781792,0.931622222222,0.00638408781792
0.00173780082875,0.00173780082875,0.00173780082875,0.00173780082875,0.00173780082875,0.00173780082875,0.00173780082875,0.00173780082875,5,X156 X158,0.967,0.00386654775877,0.967,0.00386654775877
0.00173780082875,0.00173780082875,0.00173780082875,0.00173780082875,0.00173780082875,0.00173780082875,0.00173780082875,0.00173780082875,5,X157 X159,0.958244444444,0.00470585624664,0.958244444444,0.00470585624664
0.00173780082875,0.00173780082875,0.00173780082875,0.00173780082875,0.00173780082875,0.00173780082875,0.00173780082875,0.00173780082875,5,X159 Z160 Y161,0.973666666667,0.00361245185838,0.973666666667,0.00361245185838
0.00173780082875,0.00173780082875,0.00173780082875,0.00173780082875,0.00173780082875,0.00173780082875,0.00173780082875,0.00173780082875,5,X16 Z20 Y21 Y25 Z26 X31,0.895622222222,0.00753979650189,0.895622222222,0.00753979650189
0.00173780082875,0.00173780082875,0.00173780082875,0.00173780082875,0.00173780082875,0.00173780082875,0.00173780082875,0.00173780082875,5,X160 X161,0.9714,0.00386496197064,0.9714,0.00386496197064
0.00173780082875,0.00173780082875,0.00173780082875,0.00173780082875,0.00173780082875,0.00173780082875,0.00173780082875,0.00173780082875,5,X17 Z21 Y22 Y26 Z27 X32,0.900088888889,0.00802244616068,0.900088888889,0.00802244616068
0.00173780082875,0.00173780082875,0.00173780082875,0.00173780082875,0.00173780082875,0.00173780082875,0.00173780082875,0.00173780082875,5,X18 Z22 Y23 Y27 Z28 X33,0.902866666667,0.00754683968771,0.902866666667,0.00754683968771
0.00173780082875,0.00173780082875,0.00173780082875,0.00173780082875,0.00173780082875,0.00173780082875,0.00173780082875,0.00173780082875,5,X19 Z23 Y24 Y28 Z29 X34,0.901422222222,0.00658742173841,0.901422222222,0.00658742173841
0.00173780082875,0.00173780082875,0.00173780082875,0.00173780082875,0.00173780082875,0.00173780082875,0.00173780082875,0.00173780082875,5,X2 X4,0.958155555556,0.00506413528214,0.958155555556,0.00506413528214
0.00173780082875,0.00173780082875,0.00173780082875,0.00173780082875,0.00173780082875,0.00173780082875,0.00173780082875,0.00173780082875,5,X20 X25,0.970266666667,0.00404040891675,0.970266666667,0.00404040891675
0.00173780082875,0.00173780082875,0.00173780082875,0.00173780082875,0.00173780082875,0.00173780082875,0.00173780082875,0.00173780082875,5,X21 X26,0.957044444444,0.0051063279301,0.957044444444,0.0051063279301
0.00173780082875,0.00173780082875,0.00173780082875,0.00173780082875,0.00173780082875,0.00173780082875,0.00173780082875,0.00173780082875,5,X22 X27,0.945511111111,0.00548612553953,0.945511111111,0.00548612553953
0.00173780082875,0.00173780082875,0.00173780082875,0.00173780082875,0.00173780082875,0.00173780082875,0.00173780082875,0.00173780082875,5,X23 X28,0.935177777778,0.0069429714913,0.935177777778,0.0069429714913
0.00173780082875,0.00173780082875,0.00173780082875,0.00173780082875,0.00173780082875,0.00173780082875,0.00173780082875,0.00173780082875,5,X24 X29,0.932444444444,0.00547326020457,0.932444444444,0.00547326020457
0.00173780082875,0.00173780082875,0.00173780082875,0.00173780082875,0.00173780082875,0.00173780082875,0.00173780082875,0.00173780082875,5,X25 Z30 Y31 Y36 Z37 X43,0.901688888889,0.00912028320682,0.901688888889,0.00912028320682
0.00173780082875,0.00173780082875,0.00173780082875,0.00173780082875,0.00173780082875,0.00173780082875,0.00173780082875,0.00173780082875,5,X26 Z31 Y32 Y37 Z38 X44,0.8984,0.00833512624391,0.8984,0.00833512624391
0.00173780082875,0.00173780082875,0.00173780082875,0.00173780082875,0.00173780082875,0.00173780082875,0.00173780082875,0.00173780082875,5,X27 Z32 Y33 Y38 Z39 X45,0.901777777778,0.0073621863597,0.901777777778,0.0073621863597
0.00173780082875,0.00173780082875,0.00173780082875,0.00173780082875,0.00173780082875,0.00173780082875,0.00173780082875,0.00173780082875,5,X28 Z33 Y34 Y39 Z40 X46,0.899444444444,0.00843107431165,0.899444444444,0.00843107431165
0.00173780082875,0.00173780082875,0.00173780082875,0.00173780082875,0.00173780082875,0.00173780082875,0.00173780082875,0.00173780082875,5,X29 Z34 Y35 Y40 Z41 X47,0.895577777778,0.00728296881348,0.895577777778,0.00728296881348
0.00173780082875,0.00173780082875,0.00173780082875,0.00173780082875,0.00173780082875,0.00173780082875,0.00173780082875,0.00173780082875,5,X3 X5,0.966466666667,0.00483014163345,0.966466666667,0.00483014163345
0.00173780082875,0.00173780082875,0.00173780082875,0.00173780082875,0.00173780082875,0.00173780082875,0.00173780082875,0.00173780082875,5,X30 X36,0.918622222222,0.00792093754529,0.918622222222,0.00792093754529
0.00173780082875,0.00173780082875,0.00173780082875,0.00173780082875,0.00173780082875,0.00173780082875,0.00173780082875,0.00173780082875,5,X31 X37,0.923733333333,0.00687401682277,0.923733333333,0.00687401682277
0.00173780082875,0.00173780082875,0.00173780082875,0.00173780082875,0.00173780082875,0.00173780082875,0.00173780082875,0.00173780082875,5,X32 X38,0.9342,0.00435634913405,0.9342,0.00435634913405
0.00173780082875,0.00173780082875,0.00173780082875,0.00173780082875,0.00173780082875,0.00173780082875,0.00173780082875,0.00173780082875,5,X33 X39,0.943288888889,0.00653181622858,0.943288888889,0.00653181622858
0.00173780082875,0.00173780082875,0.00173780082875,0.00173780082875,0.00173780082875,0.00173780082875,0.00173780082875,0.00173780082875,5,X34 X40,0.952044444444,0.00448388629102,0.952044444444,0.00448388629102
0.00173780082875,0.00173780082875,0.00173780082875,0.00173780082875,0.00173780082875,0.00173780082875,0.00173780082875,0.00173780082875,5,X35 X41,0.965911111111,0.00407114256542,0.965911111111,0.00407114256542
0.00173780082875,0.00173780082875,0.00173780082875,0.00173780082875,0.00173780082875,0.00173780082875,0.00173780082875,0.00173780082875,5,X36 Z42 Y43 Y49 Z50 X57,0.869044444444,0.00825769504514,0.869044444444,0.00825769504514
0.00173780082875,0.00173780082875,0.00173780082875,0.00173780082875,0.00173780082875,0.00173780082875,0.00173780082875,0.00173780082875,5,X37 Z43 Y44 Y50 Z51 X58,0.868244444444,0.00866486866112,0.868244444444,0.00866486866112
0.00173780082875,0.00173780082875,0.00173780082875,0.00173780082875,0.00173780082875,0.00173780082875,0.00173780082875,0.00173780082875,5,X38 Z44 Y45 Y51 Z52 X59,0.862777777778,0.0111294484699,0.862777777778,0.0111294484699
0.00173780082875,0.00173780082875,0.00173780082875,0.00173780082875,0.00173780082875,0.00173780082875,0.00173780082875,0.00173780082875,5,X39 Z45 Y46 Y52 Z53 X60,0.880333333333,0.00734846922835,0.880333333333,0.00734846922835
0.00173780082875,0.00173780082875,0.00173780082875,0.00173780082875,0.00173780082875,0.00173780082875,0.00173780082875,0.00173780082875,5,X4 Z6 Y7 Y9 Z10 X13,0.918288888889,0.00742716012586,0.918288888889,0.00742716012586
0.00173780082875,0.00173780082875,0.00173780082875,0.00173780082875,0.00173780082875,0.00173780082875,0.00173780082875,0.00173780082875,5,X40 Z46 Y47 Y53 Z54 X61,0.881177777778,0.00748471409494,0.881177777778,0.00748471409494
0.00173780082875,0.00173780082875,0.00173780082875,0.00173780082875,0.00173780082875,0.00173780082875,0.00173780082875,0.00173780082875,5,X41 Z47 Y48 Y54 Z55 X62,0.8812,0.00877020382293,0.8812,0.00877020382293
0.00173780082875,0.00173780082875,0.00173780082875,0.00173780082875,0.00173780082875,0.00173780082875,0.00173780082875,0.00173780082875,5,X42 X49,0.969244444444,0.00368795630551,0.969244444444,0.00368795630551
0.00173780082875,0.00173780082875,0.00173780082875,0.00173780082875,0.00173780082875,0.00173780082875,0.00173780082875,0.00173780082875,5,X43 X50,0.955755555556,0.00503925839382,0.955755555556,0.00503925839382
0.00173780082875,0.00173780082875,0.00173780082875,0.00173780082875,0.00173780082875,0.00173780082875,0.00173780082875,0.00173780082875,5,X44 X51,0.9458,0.00636356968667,0.9458,0.00636356968667
0.00173780082875,0.00173780082875,0.00173780082875,0.00173780082875,0.00173780082875,0.00173780082875,0.00173780082875,0.00173780082875,5,X45 X52,0.935666666667,0.00614947899858,0.935666666667,0.00614947899858
0.00173780082875,0.00173780082875,0.00173780082875,0.00173780082875,0.00173780082875,0.00173780082875,0.00173780082875,0.00173780082875,5,X46 X53,0.924866666667,0.00786310069187,0.924866666667,0.00786310069187
0.00173780082875,0.00173780082875,0.00173780082875,0.00173780082875,0.00173780082875,0.00173780082875,0.00173780082875,0.00173780082875,5,X47 X54,0.915844444444,0.00757022466013,0.915844444444,0.00757022466013
0.00173780082875,0.00173780082875,0.00173780082875,0.00173780082875,0.00173780082875,0.00173780082875,0.00173780082875,0.00173780082875,5,X48 X55,0.914777777778,0.00672180265307,0.914777777778,0.00672180265307
0.00173780082875,0.00173780082875,0.00173780082875,0.00173780082875,0.00173780082875,0.00173780082875,0.00173780082875,0.00173780082875,5,X49 Z56 Y57 Y64 Z65 X73,0.850955555556,0.0110709081103,0.850955555556,0.0110709081103
0.00173780082875,0.00173780082875,0.00173780082875,0.00173780082875,0.00173780082875,0.00173780082875,0.00173780082875,0.00173780082875,5,X5 Z7 Y8 Y10 Z11 X14,0.919644444444,0.00646531170384,0.919644444444,0.00646531170384
0.00173780082875,0.00173780082875,0.00173780082875,0.00173780082875,0.00173780082875,0.00173780082875,0.00173780082875,0.00173780082875,5,X50 Z57 Y58 Y65 Z66 X74,0.856822222222,0.0100339398501,0.856822222222,0.0100339398501
0.00173780082875,0.00173780082875,0.00173780082875,0.00173780082875,0.00173780082875,0.00173780082875,0.00173780082875,0.00173780082875,5,X51 Z58 Y59 Y66 Z67 X75,0.862955555556,0.0110167873759,0.862955555556,0.0110167873759
0.00173780082875,0.00173780082875,0.00173780082875,0.00173780082875,0.00173780082875,0.00173780082875,0.00173780082875,0.00173780082875,5,X52 Z59 Y60 Y67 Z68 X76,0.870088888889,0.00797069985598,0.870088888889,0.00797069985598
0.00173780082875,0.00173780082875,0.00173780082875,0.00173780082875,0.00173780082875,0.00173780082875,0.00173780082875,0.00173780082875,5,X53 Z60 Y61 Y68 Z69 X77,0.880422222222,0.00711478592788,0.880422222222,0.00711478592788
0.00173780082875,0.00173780082875,0.00173780082875,0.00173780082875,0.00173780082875,0.00173780082875,0.00173780082875,0.00173780082875,5,X54 Z61 Y62 Y69 Z70 X78,0.883755555556,0.00912658250943,0.883755555556,0.00912658250943
0.00173780082875,0.00173780082875,0.00173780082875,0.00173780082875,0.00173780082875,0.00173780082875,0.00173780082875,0.00173780082875,5,X55 Z62 Y63 Y70 Z71 X79,0.879044444444,0.00817937473996,0.879044444444,0.00817937473996
0.00173780082875,0.00173780082875,0.00173780082875,0.00173780082875,0.00173780082875,0.00173780082875,0.00173780082875,0.00173780082875,5,X56 X64,0.890911111111,0.00815836234287,0.890911111111,0.00815836234287
0.00173780082875,0.00173780082875,0.00173780082875,0.00173780082875,0.00173780082875,0.00173780082875,0.00173780082875,0.00173780082875,5,X57 X65,0.894155555556,0.007862191077,0.894155555556,0.007862191077
0.00173780082875,0.00173780082875,0.00173780082875,0.00173780082875,0.00173780082875,0.00173780082875,0.00173780082875,0.00173780082875,5,X58 X66,0.901044444444,0.00668889016178,0.901044444444,0.00668889016178
0.00173780082875,0.00173780082875,0.00173780082875,0.00173780082875,0.00173780082875,0.00173780082875,0.00173780082875,0.00173780082875,5,X59 X67,0.906177777778,0.0078704711886,0.906177777778,0.0078704711886
0.00173780082875,0.00173780082875,0.00173780082875,0.00173780082875,0.00173780082875,0.00173780082875,0.00173780082875,0.00173780082875,5,X6 X9,0.969466666667,0.00408867232477,0.969466666667,0.00408867232477
0.00173780082875,0.00173780082875,0.00173780082875,0.00173780082875,0.00173780082875,0.00173780082875,0.00173780082875,0.00173780082875,5,X60 X68,0.933977777778,0.00760617481226,0.933977777778,0.00760617481226
0.00173780082875,0.00173780082875,0.00173780082875,0.00173780082875,0.00173780082875,0.00173780082875,0.00173780082875,0.00173780082875,5,X61 X69,0.944888888889,0.00560878712163,0.944888888889,0.00560878712163
0.00173780082875,0.00173780082875,0.00173780082875,0.00173780082875,0.00173780082875,0.00173780082875,0.00173780082875,0.00173780082875,5,X62 X70,0.952888888889,0.00549282592605,0.952888888889,0.00549282592605
0.00173780082875,0.00173780082875,0.00173780082875,0.00173780082875,0.00173780082875,0.00173780082875,0.00173780082875,0.00173780082875,5,X63 X71,0.966822222222,0.00399111401241,0.966822222222,0.00399111401241
0.00173780082875,0.00173780082875,0.00173780082875,0.00173780082875,0.00173780082875,0.00173780082875,0.00173780082875,0.00173780082875,5,X64 Z72 Y73 Y81 Z82 X90,0.918866666667,0.00810118008527,0.918866666667,0.00810118008527
0.00173780082875,0.00173780082875,0.00173780082875,0.00173780082875,0.00173780082875,0.00173780082875,0.00173780082875,0.00173780082875,5,X65 Z73 Y74 Y82 Z83 X91,0.912,0.00729666905583,0.912,0.00729666905583
0.00173780082875,0.00173780082875,0.00173780082875,0.00173780082875,0.00173780082875,0.00173780082875,0.00173780082875,0.00173780082875,5,X66 Z74 Y75 Y83 Z84 X92,0.910666666667,0.00897676865464,0.910666666667,0.00897676865464
0.00173780082875,0.00173780082875,0.00173780082875,0.00173780082875,0.00173780082875,0.00173780082875,0.00173780082875,0.00173780082875,5,X67 Z75 Y76 Y84 Z85 X93,0.892844444444,0.00965446448782,0.892844444444,0.00965446448782
0.00173780082875,0.00173780082875,0.00173780082875,0.00173780082875,0.00173780082875,0.00173780082875,0.00173780082875,0.00173780082875,5,X68 Z76 Y77 Y85 Z86 X94,0.892177777778,0.00822841229143,0.892177777778,0.00822841229143
0.00173780082875,0.00173780082875,0.00173780082875,0.00173780082875,0.00173780082875,0.00173780082875,0.00173780082875,0.00173780082875,5,X69 Z77 Y78 Y86 Z87 X95,0.934333333333,0.00586371399051,0.934333333333,0.00586371399051
0.00173780082875,0.00173780082875,0.00173780082875,0.00173780082875,0.00173780082875,0.00173780082875,0.00173780082875,0.00173780082875,5,X7 X10,0.954177777778,0.00584324827874,0.954177777778,0.00584324827874
0.00173780082875,0.00173780082875,0.00173780082875,0.00173780082875,0.00173780082875,0.00173780082875,0.00173780082875,0.00173780082875,5,X70 Z78 Y79 Y87 Z88 X96,0.915933333333,0.0089739512349,0.915933333333,0.0089739512349
0.00173780082875,0.00173780082875,0.00173780082875,0.00173780082875,0.00173780082875,0.00173780082875,0.00173780082875,0.00173780082875,5,X71 Z79 Y80 Y88 Z89 X97,0.905333333333,0.00855363963222,0.905333333333,0.00855363963222
0.00173780082875,0.00173780082875,0.00173780082875,0.00173780082875,0.00173780082875,0.00173780082875,0.00173780082875,0.00173780082875,5,X72 X81,0.933155555556,0.00623408830226,0.933155555556,0.00623408830226
0.00173780082875,0.00173780082875,0.00173780082875,0.00173780082875,0.00173780082875,0.00173780082875,0.00173780082875,0.00173780082875,5,X73 X82,0.935777777778,0.00529101988686,0.935777777778,0.00529101988686
0.00173780082875,0.00173780082875,0.00173780082875,0.00173780082875,0.00173780082875,0.00173780082875,0.00173780082875,0.00173780082875,5,X74 X83,0.947266666667,0.00752487573248,0.947266666667,0.00752487573248
0.00173780082875,0.00173780082875,0.00173780082875,0.00173780082875,0.00173780082875,0.00173780082875,0.00173780082875,0.00173780082875,5,X75 X84,0.956288888889,0.0042152190358,0.956288888889,0.0042152190358
0.00173780082875,0.00173780082875,0.00173780082875,0.00173780082875,0.00173780082875,0.00173780082875,0.00173780082875,0.00173780082875,5,X76 X85,0.935777777778,0.0050479185296,0.935777777778,0.0050479185296
0.00173780082875,0.00173780082875,0.00173780082875,0.00173780082875,0.00173780082875,0.00173780082875,0.00173780082875,0.00173780082875,5,X77 X86,0.9572,0.00546784399994,0.9572,0.00546784399994
0.00173780082875,0.00173780082875,0.00173780082875,0.00173780082875,0.00173780082875,0.00173780082875,0.00173780082875,0.00173780082875,5,X78 X87,0.948,0.00547512661902,0.948,0.00547512661902
0.00173780082875,0.00173780082875,0.00173780082875,0.00173780082875,0.00173780082875,0.00173780082875,0.00173780082875,0.00173780082875,5,X79 X88,0.926733333333,0.00671100200363,0.926733333333,0.00671100200363
0.00173780082875,0.00173780082875,0.00173780082875,0.00173780082875,0.00173780082875,0.00173780082875,0.00173780082875,0.00173780082875,5,X8 X11,0.954688888889,0.00547927711017,0.954688888889,0.00547927711017
0.00173780082875,0.00173780082875,0.00173780082875,0.00173780082875,0.00173780082875,0.00173780082875,0.00173780082875,0.00173780082875,5,X80 X89,0.9236,0.00747019621012,0.9236,0.00747019621012
0.00173780082875,0.00173780082875,0.00173780082875,0.00173780082875,0.00173780082875,0.00173780082875,0.00173780082875,0.00173780082875,5,X81 Y90 Z98,0.968755555556,0.00412350828324,0.968755555556,0.00412350828324
0.00173780082875,0.00173780082875,0.00173780082875,0.00173780082875,0.00173780082875,0.00173780082875,0.00173780082875,0.00173780082875,5,X82 Z90 Y91 Y98 Z99 X106,0.890688888889,0.00942562470193,0.890688888889,0.00942562470193
0.00173780082875,0.00173780082875,0.00173780082875,0.00173780082875,0.00173780082875,0.00173780082875,0.00173780082875,0.00173780082875,5,X83 Z91 Y92 Y99 Z100 X107,0.883111111111,0.00952244106206,0.883111111111,0.00952244106206
0.00173780082875,0.00173780082875,0.00173780082875,0.00173780082875,0.00173780082875,0.00173780082875,0.00173780082875,0.00173780082875,5,X84 Z92 Y93 Y100 Z101 X108,0.886488888889,0.00967824646625,0.886488888889,0.00967824646625
0.00173780082875,0.00173780082875,0.00173780082875,0.00173780082875,0.00173780082875,0.00173780082875,0.00173780082875,0.00173780082875,5,X85 Z93 Y94 Y101 Z102 X109,0.882155555556,0.00994341590177,0.882155555556,0.00994341590177
0.00173780082875,0.00173780082875,0.00173780082875,0.00173780082875,0.00173780082875,0.00173780082875,0.00173780082875,0.00173780082875,5,X86 Z94 Y95 Y102 Z103 X110,0.934111111111,0.00569488130275,0.934111111111,0.00569488130275
0.00173780082875,0.00173780082875,0.00173780082875,0.00173780082875,0.00173780082875,0.00173780082875,0.00173780082875,0.00173780082875,5,X87 Z95 Y96 Y103 Z104 X111,0.886,0.0103324063359,0.886,0.0103324063359
0.00173780082875,0.00173780082875,0.00173780082875,0.00173780082875,0.00173780082875,0.00173780082875,0.00173780082875,0.00173780082875,5,X88 Z96 Y97 Y104 Z105 X112,0.817488888889,0.0128518625253,0.817488888889,0.0128518625253
0.00173780082875,0.00173780082875,0.00173780082875,0.00173780082875,0.00173780082875,0.00173780082875,0.00173780082875,0.00173780082875,5,X9 Z12 Y13 Y16 Z17 X21,0.919866666667,0.00787527290776,0.919866666667,0.00787527290776
0.00173780082875,0.00173780082875,0.00173780082875,0.00173780082875,0.00173780082875,0.00173780082875,0.00173780082875,0.00173780082875,5,X90 X98,0.964866666667,0.00433518969963,0.964866666667,0.00433518969963
0.00173780082875,0.00173780082875,0.00173780082875,0.00173780082875,0.00173780082875,0.00173780082875,0.00173780082875,0.00173780082875,5,X91 X99,0.9528,0.00541432752322,0.9528,0.00541432752322
0.00173780082875,0.00173780082875,0.00173780082875,0.00173780082875,0.00173780082875,0.00173780082875,0.00173780082875,0.00173780082875,5,X92 X100,0.9402,0.00569236902652,0.9402,0.00569236902652
0.00173780082875,0.00173780082875,0.00173780082875,0.00173780082875,0.00173780082875,0.00173780082875,0.00173780082875,0.00173780082875,5,X93 X101,0.936533333333,0.00592779025591,0.936533333333,0.00592779025591
0.00173780082875,0.00173780082875,0.00173780082875,0.00173780082875,0.00173780082875,0.00173780082875,0.00173780082875,0.00173780082875,5,X94 X102,0.934533333333,0.0070191855309,0.934533333333,0.0070191855309
0.00173780082875,0.00173780082875,0.00173780082875,0.00173780082875,0.00173780082875,0.00173780082875,0.00173780082875,0.00173780082875,5,X95 X103,0.929222222222,0.00715688096052,0.929222222222,0.00715688096052
0.00173780082875,0.00173780082875,0.00173780082875,0.00173780082875,0.00173780082875,0.00173780082875,0.00173780082875,0.00173780082875,5,X96 X104,0.910155555556,0.00884378402971,0.910155555556,0.00884378402971
0.00173780082875,0.00173780082875,0.00173780082875,0.00173780082875,0.00173780082875,0.00173780082875,0.00173780082875,0.00173780082875,5,X97 X105,0.967933333333,0.00464972293493,0.967933333333,0.00464972293493
0.00173780082875,0.00173780082875,0.00173780082875,0.00173780082875,0.00173780082875,0.00173780082875,0.00173780082875,0.00173780082875,5,X99 Z106 Y107 Y113 Z114 X120,0.9086,0.00772387451658,0.9086,0.00772387451658
0.00173780082875,0.00173780082875,0.00173780082875,0.00173780082875,0.00173780082875,0.00173780082875,0.00173780082875,0.00173780082875,5,Y0 Z1 X2,0.963733333333,0.00413414897403,0.963733333333,0.00413414897403
0.00173780082875,0.00173780082875,0.00173780082875,0.00173780082875,0.00173780082875,0.00173780082875,0.00173780082875,0.00173780082875,5,Y20 Z25 X30,0.924288888889,0.00768874050308,0.924288888889,0.00768874050308
0.00173780082875,0.00173780082875,0.00173780082875,0.00173780082875,0.00173780082875,0.00173780082875,0.00173780082875,0.00173780082875,5,Y42 Z49 X56,0.894155555556,0.00965882890077,0.894155555556,0.00965882890077
0.00173780082875,0.00173780082875,0.00173780082875,0.00173780082875,0.00173780082875,0.00173780082875,0.00173780082875,0.00173780082875,5,Y6 Z9 X12,0.943377777778,0.00479122228491,0.943377777778,0.00479122228491
0.00173780082875,0.00173780082875,0.00173780082875,0.00173780082875,0.00173780082875,0.00173780082875,0.00173780082875,0.00173780082875,5,Z15 Y19 X24,0.969088888889,0.00478658192648,0.969088888889,0.00478658192648
0.00173780082875,0.00173780082875,0.00173780082875,0.00173780082875,0.00173780082875,0.00173780082875,0.00173780082875,0.00173780082875,5,Z3 Y5 X8,0.970133333333,0.00376472842004,0.970133333333,0.00376472842004
0.00173780082875,0.00173780082875,0.00173780082875,0.00173780082875,0.00173780082875,0.00173780082875,0.00173780082875,0.00173780082875,5,Z35 Y41 X48,0.971244444444,0.00392158124857,0.971244444444,0.00392158124857
0.00173780082875,0.00173780082875,0.00173780082875,0.00173780082875,0.00173780082875,0.00173780082875,0.00173780082875,0.00173780082875,5,Z63 Y71 X80,0.970422222222,0.00366607449067,0.970422222222,0.00366607449067
0.00173780082875,0.00173780082875,0.00173780082875,0.00173780082875,0.00173780082875,0.00173780082875,0.00173780082875,0.00173780082875,10,Logical X,0.844022222222,0.0095916364164,0.842533333333,0.00776355568891
0.00173780082875,0.00173780082875,0.00173780082875,0.00173780082875,0.00173780082875,0.00173780082875,0.00173780082875,0.00173780082875,10,Logical Y,0.0118222222222,0.00954751510603,0.00362222222222,0.0182806418001
0.00173780082875,0.00173780082875,0.00173780082875,0.00173780082875,0.00173780082875,0.00173780082875,0.00173780082875,0.00173780082875,10,Logical Z,0.0174,0.0123788845059,-0.00495555555556,0.0162204008845
0.00173780082875,0.00173780082875,0.00173780082875,0.00173780082875,0.00173780082875,0.00173780082875,0.00173780082875,0.00173780082875,10,X0 X1,0.972088888889,0.0049293346122,0.972088888889,0.0049293346122
0.00173780082875,0.00173780082875,0.00173780082875,0.00173780082875,0.00173780082875,0.00173780082875,0.00173780082875,0.00173780082875,10,X1 Z2 Y3 Y4 Z5 X7,0.938355555556,0.00473588512511,0.938355555556,0.00473588512511
0.00173780082875,0.00173780082875,0.00173780082875,0.00173780082875,0.00173780082875,0.00173780082875,0.00173780082875,0.00173780082875,10,X10 Z13 Y14 Y17 Z18 X22,0.9192,0.00605061663683,0.9192,0.00605061663683
0.00173780082875,0.00173780082875,0.00173780082875,0.00173780082875,0.00173780082875,0.00173780082875,0.00173780082875,0.00173780082875,10,X100 Z107 Y108 Y114 Z115 X121,0.902844444444,0.00717794265732,0.902844444444,0.00717794265732
0.00173780082875,0.00173780082875,0.00173780082875,0.00173780082875,0.00173780082875,0.00173780082875,0.00173780082875,0.00173780082875,10,X101 Z108 Y109 Y115 Z116 X122,0.903466666667,0.00609100838464,0.903466666667,0.00609100838464
0.00173780082875,0.00173780082875,0.00173780082875,0.00173780082875,0.00173780082875,0.00173780082875,0.00173780082875,0.00173780082875,10,X102 Z109 Y110 Y116 Z117 X123,0.903266666667,0.00781657537383,0.903266666667,0.00781657537383
0.00173780082875,0.00173780082875,0.00173780082875,0.00173780082875,0.00173780082875,0.00173780082875,0.00173780082875,0.00173780082875,10,X103 Z110 Y111 Y117 Z118 X124,0.869066666667,0.0111439209069,0.869066666667,0.0111439209069
0.00173780082875,0.00173780082875,0.00173780082875,0.00173780082875,0.00173780082875,0.00173780082875,0.00173780082875,0.00173780082875,10,X104 Z111 Y112 Y118 Z119 X125,0.805,0.00943093466925,0.805,0.00943093466925
0.00173780082875,0.00173780082875,0.00173780082875,0.00173780082875,0.00173780082875,0.00173780082875,0.00173780082875,0.00173780082875,10,X105 Z112 Y119,0.926533333333,0.00863637500228,0.926533333333,0.00863637500228
0.00173780082875,0.00173780082875,0.00173780082875,0.00173780082875,0.00173780082875,0.00173780082875,0.00173780082875,0.00173780082875,10,X106 X113,0.924488888889,0.00670319494552,0.924488888889,0.00670319494552
0.00173780082875,0.00173780082875,0.00173780082875,0.00173780082875,0.00173780082875,0.00173780082875,0.00173780082875,0.00173780082875,10,X107 X114,0.930911111111,0.0054145633995,0.930911111111,0.0054145633995
0.00173780082875,0.00173780082875,0.00173780082875,0.00173780082875,0.00173780082875,0.00173780082875,0.00173780082875,0.00173780082875,10,X108 X115,0.939088888889,0.00681554080202,0.939088888889,0.00681554080202
0.00173780082875,0.00173780082875,0.00173780082875,0.00173780082875,0.00173780082875,0.00173780082875,0.00173780082875,0.00173780082875,10,X109 X116,0.950511111111,0.00541512946063,0.950511111111,0.00541512946063
0.00173780082875,0.00173780082875,0.00173780082875,0.00173780082875,0.00173780082875,0.00173780082875,0.00173780082875,0.00173780082875,10,X11 Z14 Y15 Y18 Z19 X23,0.918488888889,0.00741528572102,0.918488888889,0.00741528572102
0.00173780082875,0.00173780082875,0.00173780082875,0.00173780082875,0.00173780082875,0.00173780082875,0.00173780082875,0.00173780082875,10,X110 X117,0.959177777778,0.00549380238298,0.959177777778,0.00549380238298
0.00173780082875,0.00173780082875,0.00173780082875,0.00173780082875,0.00173780082875,0.00173780082875,0.00173780082875,0.00173780082875,10,X111 X118,0.9662,0.00483331351562,0.9662,0.00483331351562
0.00173780082875,0.00173780082875,0.00173780082875,0.00173780082875,0.00173780082875,0.00173780082875,0.00173780082875,0.00173780082875,10,X112 X119,0.8816,0.00908638828728,0.8816,0.00908638828728
0.00173780082875,0.00173780082875,0.00173780082875,0.00173780082875,0.00173780082875,0.00173780082875,0.00173780082875,0.00173780082875,10,X113 Y120 Z126,0.9696,0.00374922725116,0.9696,0.00374922725116
0.00173780082875,0.00173780082875,0.00173780082875,0.00173780082875,0.00173780082875,0.00173780082875,0.00173780082875,0.00173780082875,10,X114 Z120 Y121 Y126 Z127 X132,0.890711111111,0.00788020135755,0.890711111111,0.00788020135755
0.00173780082875,0.00173780082875,0.00173780082875,0.00173780082875,0.00173780082875,0.00173780082875,0.00173780082875,0.00173780082875,10,X115 Z121 Y122 Y127 Z128 X133,0.8862,0.00801559782107,0.8862,0.00801559782107
0.00173780082875,0.00173780082875,0.00173780082875,0.00173780082875,0.00173780082875,0.00173780082875,0.00173780082875,0.00173780082875,10,X116 Z122 Y123 Y128 Z129 X134,0.8908,0.006407371234,0.8908,0.006407371234
0.00173780082875,0.00173780082875,0.00173780082875,0.00173780082875,0.00173780082875,0.00173780082875,0.00173780082875,0.00173780082875,10,X117 Z123 Y124 Y129 Z130 X135,0.886488888889,0.007348851571,0.886488888889,0.007348851571
0.00173780082875,0.00173780082875,0.00173780082875,0.00173780082875,0.00173780082875,0.00173780082875,0.00173780082875,0.00173780082875,10,X118 Z124 Y125 Y130 Z131 X136,0.886088888889,0.00969849430718,0.886088888889,0.00969849430718
0.00173780082875,0.00173780082875,0.00173780082875,0.00173780082875,0.00173780082875,0.00173780082875,0.00173780082875,0.00173780082875,10,X12 X16,0.936377777778,0.00663829210675,0.936377777778,0.00663829210675
0.00173780082875,0.00173780082875,0.00173780082875,0.00173780082875,0.00173780082875,0.00173780082875,0.00173780082875,0.00173780082875,10,X120 X126,0.965688888889,0.00442470713219,0.965688888889,0.00442470713219
0.00173780082875,0.00173780082875,0.00173780082875,0.00173780082875,0.00173780082875,0.00173780082875,0.00173780082875,0.00173780082875,10,X121 X127,0.951977777778,0.00688712126624,0.951977777778,0.00688712126624
0.00173780082875,0.00173780082875,0.00173780082875,0.00173780082875,0.00173780082875,0.00173780082875,0.00173780082875,0.00173780082875,10,X122 X128,0.940666666667,0.00751397166051,0.940666666667,0.00751397166051
0.00173780082875,0.00173780082875,0.00173780082875,0.00173780082875,0.00173780082875,0.00173780082875,0.00173780082875,0.00173780082875,10,X123 X129,0.933711111111,0.0065382653993,0.933711111111,0.0065382653993
0.00173780082875,0.00173780082875,0.00173780082875,0.00173780082875,0.00173780082875,0.00173780082875,0.00173780082875,0.00173780082875,10,X124 X130,0.924222222222,0.0060580419515,0.924222222222,0.0060580419515
0.00173780082875,0.00173780082875,0.00173780082875,0.00173780082875,0.00173780082875,0.00173780082875,0.00173780082875,0.00173780082875,10,X125 X131,0.917511111111,0.00833206120558,0.917511111111,0.00833206120558
0.00173780082875,0.00173780082875,0.00173780082875,0.00173780082875,0.00173780082875,0.00173780082875,0.00173780082875,0.00173780082875,10,X127 Z132 Y133 Y137 Z138 X142,0.914977777778,0.00780751839898,0.914977777778,0.00780751839898
0.00173780082875,0.00173780082875,0.00173780082875,0.00173780082875,0.00173780082875,0.00173780082875,0.00173780082875,0.00173780082875,10,X128 Z133 Y134 Y138 Z139 X143,0.906088888889,0.00689434958456,0.906088888889,0.00689434958456
0.00173780082875,0.00173780082875,0.00173780082875,0.00173780082875,0.00173780082875,0.00173780082875,0.00173780082875,0.00173780082875,10,X129 Z134 Y135 Y139 Z140 X144,0.909244444444,0.00875679630239,0.909244444444,0.00875679630239
0.00173780082875,0.00173780082875,0.00173780082875,0.00173780082875,0.00173780082875,0.00173780082875,0.00173780082875,0.00173780082875,10,X13 X17,0.944,0.00687713742462,0.944,0.00687713742462
0.00173780082875,0.00173780082875,0.00173780082875,0.00173780082875,0.00173780082875,0.00173780082875,0.00173780082875,0.00173780082875,10,X130 Z135 Y136 Y140 Z141 X145,0.908488888889,0.00700942623858,0.908488888889,0.00700942623858
0.00173780082875,0.00173780082875,0.00173780082875,0.00173780082875,0.00173780082875,0.00173780082875,0.00173780082875,0.00173780082875,10,X131 Z136 Y141,0.973777777778,0.00418108616049,0.973777777778,0.00418108616049
0.00173780082875,0.00173780082875,0.00173780082875,0.00173780082875,0.00173780082875,0.00173780082875,0.00173780082875,0.00173780082875,10,X132 X137,0.925711111111,0.00769471796407,0.925711111111,0.00769471796407
0.00173780082875,0.00173780082875,0.00173780082875,0.00173780082875,0.00173780082875,0.00173780082875,0.00173780082875,0.00173780082875,10,X133 X138,0.933933333333,0.00489694564278,0.933933333333,0.00489694564278
0.00173780082875,0.00173780082875,0.00173780082875,0.00173780082875,0.00173780082875,0.00173780082875,0.00173780082875,0.00173780082875,10,X134 X139,0.943288888889,0.00549449974597,0.943288888889,0.00549449974597
0.00173780082875,0.00173780082875,0.00173780082875,0.00173780082875,0.00173780082875,0.00173780082875,0.00173780082875,0.00173780082875,10,X135 X140,0.951733333333,0.00670014582102,0.951733333333,0.00670014582102
0.00173780082875,0.00173780082875,0.00173780082875,0.00173780082875,0.00173780082875,0.00173780082875,0.00173780082875,0.00173780082875,10,X136 X141,0.966422222222,0.00461708748099,0.966422222222,0.00461708748099
0.00173780082875,0.00173780082875,0.00173780082875,0.00173780082875,0.00173780082875,0.00173780082875,0.00173780082875,0.00173780082875,10,X137 Y142 Z146,0.968955555556,0.00428016304102,0.968955555556,0.00428016304102
0.00173780082875,0.00173780082875,0.00173780082875,0.00173780082875,0.00173780082875,0.00173780082875,0.00173780082875,0.00173780082875,10,X138 Z142 Y143 Y146 Z147 X150,0.91,0.00808764252955,0.91,0.00808764252955
0.00173780082875,0.00173780082875,0.00173780082875,0.00173780082875,0.00173780082875,0.00173780082875,0.00173780082875,0.00173780082875,10,X139 Z143 Y144 Y147 Z148 X151,0.906533333333,0.00691137105128,0.906533333333,0.00691137105128
0.00173780082875,0.00173780082875,0.00173780082875,0.00173780082875,0.00173780082875,0.00173780082875,0.00173780082875,0.00173780082875,10,X14 X18,0.9532,0.00432899871622,0.9532,0.00432899871622
0.00173780082875,0.00173780082875,0.00173780082875,0.00173780082875,0.00173780082875,0.00173780082875,0.00173780082875,0.00173780082875,10,X140 Z144 Y145 Y148 Z149 X152,0.903866666667,0.00977195925797,0.903866666667,0.00977195925797
0.00173780082875,0.00173780082875,0.00173780082875,0.00173780082875,0.00173780082875,0.00173780082875,0.00173780082875,0.00173780082875,10,X142 X146,0.9654,0.00441644436656,0.9654,0.00441644436656
0.00173780082875,0.00173780082875,0.00173780082875,0.00173780082875,0.00173780082875,0.00173780082875,0.00173780082875,0.00173780082875,10,X143 X147,0.952244444444,0.00485019518771,0.952244444444,0.00485019518771
0.00173780082875,0.00173780082875,0.00173780082875,0.00173780082875,0.00173780082875,0.00173780082875,0.00173780082875,0.00173780082875,10,X144 X148,0.9434,0.00598939036421,0.9434,0.00598939036421
0.00173780082875,0.00173780082875,0.00173780082875,0.00173780082875,0.00173780082875,0.00173780082875,0.00173780082875,0.00173780082875,10,X145 X149,0.937622222222,0.00710012321588,0.937622222222,0.00710012321588
0.00173780082875,0.00173780082875,0.00173780082875,0.00173780082875,0.00173780082875,0.00173780082875,0.00173780082875,0.00173780082875,10,X147 Z150 Y151 Y153 Z154 X156,0.929355555556,0.0050483739147,0.929355555556,0.0050483739147
0.00173780082875,0.00173780082875,0.00173780082875,0.00173780082875,0.00173780082875,0.00173780082875,0.00173780082875,0.00173780082875,10,X148 Z151 Y152 Y154 Z155 X157,0.929244444444,0.00643680350297,0.929244444444,0.00643680350297
0.00173780082875,0.00173780082875,0.00173780082875,0.00173780082875,0.00173780082875,0.00173780082875,0.00173780082875,0.00173780082875,10,X149 Z152 Y155,0.973666666667,0.00301592198848,0.973666666667,0.00301592198848
0.00173780082875,0.00173780082875,0.00173780082875,0.00173780082875,0.00173780082875,0.00173780082875,0.00173780082875,0.00173780082875,10,X15 X19,0.967533333333,0.004717782452,0.967533333333,0.004717782452
0.00173780082875,0.00173780082875,0.00173780082875,0.00173780082875,0.00173780082875,0.00173780082875,0.00173780082875,0.00173780082875,10,X150 X153,0.9486,0.00508427068803,0.9486,0.00508427068803
0.00173780082875,0.00173780082875,0.00173780082875,0.00173780082875,0.00173780082875,0.00173780082875,0.00173780082875,0.00173780082875,10,X151 X154,0.954422222222,0.00456702602272,0.954422222222,0.00456702602272
0.00173780082875,0.00173780082875,0.00173780082875,0.00173780082875,0.00173780082875,0.00173780082875,0.00173780082875,0.00173780082875,10,X152 X155,0.9662,0.00501690628366,0.9662,0.00501690628366
0.00173780082875,0.00173780082875,0.00173780082875,0.00173780082875,0.00173780082875,0.00173780082875,0.00173780082875,0.00173780082875,10,X153 Y156 Z158,0.970155555556,0.00378617502609,0.970155555556,0.00378617502609
0.00173780082875,0.00173780082875,0.00173780082875,0.00173780082875,0.00173780082875,0.00173780082875,0.00173780082875,0.00173780082875,10,X154 Z156 Y157 Y158 Z159 X160,0.931066666667,0.00805650542689,0.931066666667,0.00805650542689
0.00173780082875,0.00173780082875,0.00173780082875,0.00173780082875,0.00173780082875,0.00173780082875,0.00173780082875,0.00173780082875,10,X156 X158,0.964377777778,0.00424059322581,0.964377777778,0.00424059322581
0.00173780082875,0.00173780082875,0.00173780082875,0.00173780082875,0.00173780082875,0.00173780082875,0.00173780082875,0.00173780082875,10,X157 X159,0.957288888889,0.00556379465683,0.957288888889,0.00556379465683
0.00173780082875,0.00173780082875,0.00173780082875,0.00173780082875,0.00173780082875,0.00173780082875,0.00173780082875,0.00173780082875,10,X159 Z160 Y161,0.974044444444,0.00273438910551,0.974044444444,0.00273438910551
0.00173780082875,0.00173780082875,0.00173780082875,0.00173780082875,0.00173780082875,0.00173780082875,0.00173780082875,0.00173780082875,10,X16 Z20 Y21 Y25 Z26 X31,0.898,0.00779429008021,0.898,0.00779429008021
0.00173780082875,0.00173780082875,0.00173780082875,0.00173780082875,0.00173780082875,0.00173780082875,0.00173780082875,0.00173780082875,10,X160 X161,0.969244444444,0.00532681594121,0.969244444444,0.00532681594121
0.00173780082875,0.00173780082875,0.00173780082875,0.00173780082875,0.00173780082875,0.00173780082875,0.00173780082875,0.00173780082875,10,X17 Z21 Y22 Y26 Z27 X32,0.8994,0.00663521315708,0.8994,0.00663521315708
0.00173780082875,0.00173780082875,0.00173780082875,0.00173780082875,0.00173780082875,0.00173780082875,0.00173780082875,0.00173780082875,10,X18 Z22 Y23 Y27 Z28 X33,0.898288888889,0.00829288266753,0.898288888889,0.00829288266753
0.00173780082875,0.00173780082875,0.00173780082875,0.00173780082875,0.00173780082875,0.00173780082875,0.00173780082875,0.00173780082875,10,X19 Z23 Y24 Y28 Z29 X34,0.900822222222,0.00772453588648,0.900822222222,0.00772453588648
0.00173780082875,0.00173780082875,0.00173780082875,0.00173780082875,0.00173780082875,0.00173780082875,0.00173780082875,0.00173780082875,10,X2 X4,0.958577777778,0.00576083575603,0.958577777778,0.00576083575603
0.00173780082875,0.00173780082875,0.00173780082875,0.00173780082875,0.00173780082875,0.00173780082875,0.00173780082875,0.00173780082875,10,X20 X25,0.969733333333,0.00410438509542,0.969733333333,0.00410438509542
0.00173780082875,0.00173780082875,0.00173780082875,0.00173780082875,0.00173780082875,0.00173780082875,0.00173780082875,0.00173780082875,10,X21 X26,0.957733333333,0.00424390480211,0.957733333333,0.00424390480211
0.00173780082875,0.00173780082875,0.00173780082875,0.00173780082875,0.00173780082875,0.00173780082875,0.00173780082875,0.00173780082875,10,X22 X27,0.947377777778,0.00571328580925,0.947377777778,0.00571328580925
0.00173780082875,0.00173780082875,0.00173780082875,0.00173780082875,0.00173780082875,0.00173780082875,0.00173780082875,0.00173780082875,10,X23 X28,0.937488888889,0.00493228734899,0.937488888889,0.00493228734899
0.00173780082875,0.00173780082875,0.00173780082875,0.00173780082875,0.00173780082875,0.00173780082875,0.00173780082875,0.00173780082875,10,X24 X29,0.932777777778,0.00693722996897,0.932777777778,0.00693722996897
0.00173780082875,0.00173780082875,0.00173780082875,0.00173780082875,0.00173780082875,0.00173780082875,0.00173780082875,0.00173780082875,10,X25 Z30 Y31 Y36 Z37 X43,0.903133333333,0.0065930417285,0.903133333333,0.0065930417285
0.00173780082875,0.00173780082875,0.00173780082875,0.00173780082875,0.00173780082875,0.00173780082875,0.00173780082875,0.00173780082875,10,X26 Z31 Y32 Y37 Z38 X44,0.9014,0.00665366548361,0.9014,0.00665366548361
0.00173780082875,0.00173780082875,0.00173780082875,0.00173780082875,0.00173780082875,0.00173780082875,0.00173780082875,0.00173780082875,10,X27 Z32 Y33 Y38 Z39 X45,0.902022222222,0.00987195157209,0.902022222222,0.00987195157209
0.00173780082875,0.00173780082875,0.00173780082875,0.00173780082875,0.00173780082875,0.00173780082875,0.00173780082875,0.00173780082875,10,X28 Z33 Y34 Y39 Z40 X46,0.902066666667,0.00636405133742,0.902066666667,0.00636405133742
0.00173780082875,0.00173780082875,0.00173780082875,0.00173780082875,0.00173780082875,0.00173780082875,0.00173780082875,0.00173780082875,10,X29 Z34 Y35 Y40 Z41 X47,0.900022222222,0.00719404464932,0.900022222222,0.00719404464932
0.00173780082875,0.00173780082875,0.00173780082875,0.00173780082875,0.00173780082875,0.00173780082875,0.00173780082875,0.00173780082875,10,X3 X5,0.965488888889,0.00567493199334,0.965488888889,0.00567493199334
0.00173780082875,0.00173780082875,0.00173780082875,0.00173780082875,0.00173780082875,0.00173780082875,0.00173780082875,0.00173780082875,10,X30 X36,0.919866666667,0.00714255500182,0.919866666667,0.00714255500182
0.00173780082875,0.00173780082875,0.00173780082875,0.00173780082875,0.00173780082875,0.00173780082875,0.00173780082875,0.00173780082875,10,X31 X37,0.924577777778,0.00649605440716,0.924577777778,0.00649605440716
0.00173780082875,0.00173780082875,0.00173780082875,0.00173780082875,0.00173780082875,0.00173780082875,0.00173780082875,0.00173780082875,10,X32 X38,0.933311111111,0.00627464235267,0.933311111111,0.00627464235267
0.00173780082875,0.00173780082875,0.00173780082875,0.00173780082875,0.00173780082875,0.00173780082875,0.00173780082875,0.00173780082875,10,X33 X39,0.943377777778,0.00509506058855,0.943377777778,0.00509506058855
0.00173780082875,0.00173780082875,0.00173780082875,0.00173780082875,0.00173780082875,0.00173780082875,0.00173780082875,0.00173780082875,10,X34 X40,0.951,0.00515134918904,0.951,0.00515134918904
0.00173780082875,0.00173780082875,0.00173780082875,0.00173780082875,0.00173780082875,0.00173780082875,0.00173780082875,0.00173780082875,10,X35 X41,0.966622222222,0.00449071697536,0.966622222222,0.00449071697536
0.00173780082875,0.00173780082875,0.00173780082875,0.00173780082875,0.00173780082875,0.00173780082875,0.00173780082875,0.00173780082875,10,X36 Z42 Y43 Y49 Z50 X57,0.867844444444,0.00607912913034,0.867844444444,0.00607912913034
0.00173780082875,0.00173780082875,0.00173780082875,0.00173780082875,0.00173780082875,0.00173780082875,0.00173780082875,0.00173780082875,10,X37 Z43 Y44 Y50 Z51 X58,0.868111111111,0.0108038354667,0.868111111111,0.0108038354667
0.00173780082875,0.00173780082875,0.00173780082875,0.00173780082875,0.00173780082875,0.00173780082875,0.00173780082875,0.00173780082875,10,X38 Z44 Y45 Y51 Z52 X59,0.860822222222,0.00949237779857,0.860822222222,0.00949237779857
0.00173780082875,0.00173780082875,0.00173780082875,0.00173780082875,0.00173780082875,0.00173780082875,0.00173780082875,0.00173780082875,10,X39 Z45 Y46 Y52 Z53 X60,0.883444444444,0.00947039481929,0.883444444444,0.00947039481929
0.00173780082875,0.00173780082875,0.00173780082875,0.00173780082875,0.00173780082875,0.00173780082875,0.00173780082875,0.00173780082875,10,X4 Z6 Y7 Y9 Z10 X13,0.916622222222,0.00783925348962,0.916622222222,0.00783925348962
0.00173780082875,0.00173780082875,0.00173780082875,0.00173780082875,0.00173780082875,0.00173780082875,0.00173780082875,0.00173780082875,10,X40 Z46 Y47 Y53 Z54 X61,0.881288888889,0.00855889371111,0.881288888889,0.00855889371111
0.00173780082875,0.00173780082875,0.00173780082875,0.00173780082875,0.00173780082875,0.00173780082875,0.00173780082875,0.00173780082875,10,X41 Z47 Y48 Y54 Z55 X62,0.882111111111,0.00894098717125,0.882111111111,0.00894098717125
0.00173780082875,0.00173780082875,0.00173780082875,0.00173780082875,0.00173780082875,0.00173780082875,0.00173780082875,0.00173780082875,10,X42 X49,0.967822222222,0.00457524015519,0.967822222222,0.00457524015519
0.00173780082875,0.00173780082875,0.00173780082875,0.00173780082875,0.00173780082875,0.00173780082875,0.00173780082875,0.00173780082875,10,X43 X50,0.955377777778,0.00596524630454,0.955377777778,0.00596524630454
0.00173780082875,0.00173780082875,0.00173780082875,0.00173780082875,0.00173780082875,0.00173780082875,0.00173780082875,0.00173780082875,10,X44 X51,0.9452,0.00712751938384,0.9452,0.00712751938384
0.00173780082875,0.00173780082875,0.00173780082875,0.00173780082875,0.00173780082875,0.00173780082875,0.00173780082875,0.00173780082875,10,X45 X52,0.934977777778,0.00652430371402,0.934977777778,0.00652430371402
0.00173780082875,0.00173780082875,0.00173780082875,0.00173780082875,0.00173780082875,0.00173780082875,0.00173780082875,0.00173780082875,10,X46 X53,0.927311111111,0.00791425956549,0.927311111111,0.00791425956549
0.00173780082875,0.00173780082875,0.00173780082875,0.00173780082875,0.00173780082875,0.00173780082875,0.00173780082875,0.00173780082875,10,X47 X54,0.916466666667,0.00607021495324,0.916466666667,0.00607021495324
0.00173780082875,0.00173780082875,0.00173780082875,0.00173780082875,0.00173780082875,0.00173780082875,0.00173780082875,0.00173780082875,10,X48 X55,0.917244444444,0.00803199222522,0.917244444444,0.00803199222522
0.00173780082875,0.00173780082875,0.00173780082875,0.00173780082875,0.00173780082875,0.00173780082875,0.00173780082875,0.00173780082875,10,X49 Z56 Y57 Y64 Z65 X73,0.8528,0.00869121192648,0.8528,0.00869121192648
0.00173780082875,0.00173780082875,0.00173780082875,0.00173780082875,0.00173780082875,0.00173780082875,0.00173780082875,0.00173780082875,10,X5 Z7 Y8 Y10 Z11 X14,0.9182,0.00696163542683,0.9182,0.00696163542683
0.00173780082875,0.00173780082875,0.00173780082875,0.00173780082875,0.00173780082875,0.00173780082875,0.00173780082875,0.00173780082875,10,X50 Z57 Y58 Y65 Z66 X74,0.859733333333,0.0099817457913,0.859733333333,0.0099817457913
0.00173780082875,0.00173780082875,0.00173780082875,0.00173780082875,0.00173780082875,0.00173780082875,0.00173780082875,0.00173780082875,10,X51 Z58 Y59 Y66 Z67 X75,0.8652,0.0119531653096,0.8652,0.0119531653096
0.00173780082875,0.00173780082875,0.00173780082875,0.00173780082875,0.00173780082875,0.00173780082875,0.00173780082875,0.00173780082875,10,X52 Z59 Y60 Y67 Z68 X76,0.869888888889,0.00806882906959,0.869888888889,0.00806882906959
0.00173780082875,0.00173780082875,0.00173780082875,0.00173780082875,0.00173780082875,0.00173780082875,0.00173780082875,0.00173780082875,10,X53 Z60 Y61 Y68 Z69 X77,0.880577777778,0.0072624227475,0.880577777778,0.0072624227475
0.00173780082875,0.00173780082875,0.00173780082875,0.00173780082875,0.00173780082875,0.00173780082875,0.00173780082875,0.00173780082875,10,X54 Z61 Y62 Y69 Z70 X78,0.881466666667,0.0102061509513,0.881466666667,0.0102061509513
0.00173780082875,0.00173780082875,0.00173780082875,0.00173780082875,0.00173780082875,0.00173780082875,0.00173780082875,0.00173780082875,10,X55 Z62 Y63 Y70 Z71 X79,0.880866666667,0.00908225502405,0.880866666667,0.00908225502405
0.00173780082875,0.00173780082875,0.00173780082875,0.00173780082875,0.00173780082875,0.00173780082875,0.00173780082875,0.00173780082875,10,X56 X64,0.892688888889,0.00794903947706,0.892688888889,0.00794903947706
0.00173780082875,0.00173780082875,0.00173780082875,0.00173780082875,0.00173780082875,0.00173780082875,0.00173780082875,0.00173780082875,10,X57 X65,0.8952,0.00708005671341,0.8952,0.00708005671341
0.00173780082875,0.00173780082875,0.00173780082875,0.00173780082875,0.00173780082875,0.00173780082875,0.00173780082875,0.00173780082875,10,X58 X66,0.901666666667,0.00847036755028,0.901666666667,0.00847036755028
0.00173780082875,0.00173780082875,0.00173780082875,0.00173780082875,0.00173780082875,0.00173780082875,0.00173780082875,0.00173780082875,10,X59 X67,0.904644444444,0.00784619063846,0.904644444444,0.00784619063846
0.00173780082875,0.00173780082875,0.00173780082875,0.00173780082875,0.00173780082875,0.00173780082875,0.00173780082875,0.00173780082875,10,X6 X9,0.97,0.00344413544529,0.97,0.00344413544529
0.00173780082875,0.00173780082875,0.00173780082875,0.00173780082875,0.00173780082875,0.00173780082875,0.00173780082875,0.00173780082875,10,X60 X68,0.935533333333,0.00575662204057,0.935533333333,0.00575662204057
0.00173780082875,0.00173780082875,0.00173780082875,0.00173780082875,0.00173780082875,0.00173780082875,0.00173780082875,0.00173780082875,10,X61 X69,0.942,0.00465515822334,0.942,0.00465515822334
0.00173780082875,0.00173780082875,0.00173780082875,0.00173780082875,0.00173780082875,0.00173780082875,0.00173780082875,0.00173780082875,10,X62 X70,0.953111111111,0.00375630589435,0.953111111111,0.00375630589435
0.00173780082875,0.00173780082875,0.00173780082875,0.00173780082875,0.00173780082875,0.00173780082875,0.00173780082875,0.00173780082875,10,X63 X71,0.967533333333,0.00469498795285,0.967533333333,0.00469498795285
0.00173780082875,0.00173780082875,0.00173780082875,0.00173780082875,0.00173780082875,0.00173780082875,0.00173780082875,0.00173780082875,10,X64 Z72 Y73 Y81 Z82 X90,0.9172,0.00687357090685,0.9172,0.00687357090685
0.00173780082875,0.00173780082875,0.00173780082875,0.00173780082875,0.00173780082875,0.00173780082875,0.00173780082875,0.00173780082875,10,X65 Z73 Y74 Y82 Z83 X91,0.909288888889,0.00730492582109,0.909288888889,0.00730492582109
0.00173780082875,0.00173780082875,0.00173780082875,0.00173780082875,0.00173780082875,0.00173780082875,0.00173780082875,0.00173780082875,10,X66 Z74 Y75 Y83 Z84 X92,0.911288888889,0.00724382857077,0.911288888889,0.00724382857077
0.00173780082875,0.00173780082875,0.00173780082875,0.00173780082875,0.00173780082875,0.00173780082875,0.00173780082875,0.00173780082875,10,X67 Z75 Y76 Y84 Z85 X93,0.891911111111,0.00812306367535,0.891911111111,0.00812306367535
0.00173780082875,0.00173780082875,0.00173780082875,0.00173780082875,0.00173780082875,0.00173780082875,0.00173780082875,0.00173780082875,10,X68 Z76 Y77 Y85 Z86 X94,0.889911111111,0.00869356274525,0.889911111111,0.00869356274525
0.00173780082875,0.00173780082875,0.00173780082875,0.00173780082875,0.00173780082875,0.00173780082875,0.00173780082875,0.00173780082875,10,X69 Z77 Y78 Y86 Z87 X95,0.932822222222,0.0054066323208,0.932822222222,0.0054066323208
0.00173780082875,0.00173780082875,0.00173780082875,0.00173780082875,0.00173780082875,0.00173780082875,0.00173780082875,0.00173780082875,10,X7 X10,0.957644444444,0.00496958822761,0.957644444444,0.00496958822761
0.00173780082875,0.00173780082875,0.00173780082875,0.00173780082875,0.00173780082875,0.00173780082875,0.00173780082875,0.00173780082875,10,X70 Z78 Y79 Y87 Z88 X96,0.913888888889,0.00893412817417,0.913888888889,0.00893412817417
0.00173780082875,0.00173780082875,0.00173780082875,0.00173780082875,0.00173780082875,0.00173780082875,0.00173780082875,0.00173780082875,10,X71 Z79 Y80 Y88 Z89 X97,0.908422222222,0.00598205063146,0.908422222222,0.00598205063146
0.00173780082875,0.00173780082875,0.00173780082875,0.00173780082875,0.00173780082875,0.00173780082875,0.00173780082875,0.00173780082875,10,X72 X81,0.935155555556,0.00735302129023,0.935155555556,0.00735302129023
0.00173780082875,0.00173780082875,0.00173780082875,0.00173780082875,0.00173780082875,0.00173780082875,0.00173780082875,0.00173780082875,10,X73 X82,0.937733333333,0.00586593516861,0.937733333333,0.00586593516861
0.00173780082875,0.00173780082875,0.00173780082875,0.00173780082875,0.00173780082875,0.00173780082875,0.00173780082875,0.00173780082875,10,X74 X83,0.947444444444,0.0049086157215,0.947444444444,0.0049086157215
0.00173780082875,0.00173780082875,0.00173780082875,0.00173780082875,0.00173780082875,0.00173780082875,0.00173780082875,0.00173780082875,10,X75 X84,0.957488888889,0.00394476551497,0.957488888889,0.00394476551497
0.00173780082875,0.00173780082875,0.00173780082875,0.00173780082875,0.00173780082875,0.00173780082875,0.00173780082875,0.00173780082875,10,X76 X85,0.934933333333,0.00661265476682,0.934933333333,0.00661265476682
0.00173780082875,0.00173780082875,0.00173780082875,0.00173780082875,0.00173780082875,0.00173780082875,0.00173780082875,0.00173780082875,10,X77 X86,0.961533333333,0.00423866529994,0.961533333333,0.00423866529994
0.00173780082875,0.00173780082875,0.00173780082875,0.00173780082875,0.00173780082875,0.00173780082875,0.00173780082875,0.00173780082875,10,X78 X87,0.947844444444,0.00613434107996,0.947844444444,0.00613434107996
0.00173780082875,0.00173780082875,0.00173780082875,0.00173780082875,0.00173780082875,0.00173780082875,0.00173780082875,0.00173780082875,10,X79 X88,0.925933333333,0.00748198346886,0.925933333333,0.00748198346886
0.00173780082875,0.00173780082875,0.00173780082875,0.00173780082875,0.00173780082875,0.00173780082875,0.00173780082875,0.00173780082875,10,X8 X11,0.953311111111,0.00419627031382,0.953311111111,0.00419627031382
0.00173780082875,0.00173780082875,0.00173780082875,0.00173780082875,0.00173780082875,0.00173780082875,0.00173780082875,0.00173780082875,10,X80 X89,0.925933333333,0.00470867789401,0.925933333333,0.00470867789401
0.00173780082875,0.00173780082875,0.00173780082875,0.00173780082875,0.00173780082875,0.00173780082875,0.00173780082875,0.00173780082875,10,X81 Y90 Z98,0.968111111111,0.00436665643004,0.968111111111,0.00436665643004
0.00173780082875,0.00173780082875,0.00173780082875,0.00173780082875,0.00173780082875,0.00173780082875,0.00173780082875,0.00173780082875,10,X82 Z90 Y91 Y98 Z99 X106,0.889044444444,0.00957756531398,0.889044444444,0.00957756531398
0.00173780082875,0.00173780082875,0.00173780082875,0.00173780082875,0.00173780082875,0.00173780082875,0.00173780082875,0.00173780082875,10,X83 Z91 Y92 Y99 Z100 X107,0.884266666667,0.00929483026912,0.884266666667,0.00929483026912
0.00173780082875,0.00173780082875,0.00173780082875,0.00173780082875,0.00173780082875,0.00173780082875,0.00173780082875,0.00173780082875,10,X84 Z92 Y93 Y100 Z101 X108,0.884022222222,0.00752921936968,0.884022222222,0.00752921936968
0.00173780082875,0.00173780082875,0.00173780082875,0.00173780082875,0.00173780082875,0.00173780082875,0.00173780082875,0.00173780082875,10,X85 Z93 Y94 Y101 Z102 X109,0.881444444444,0.00873989107717,0.881444444444,0.00873989107717
0.00173780082875,0.00173780082875,0.00173780082875,0.00173780082875,0.00173780082875,0.00173780082875,0.00173780082875,0.00173780082875,10,X86 Z94 Y95 Y102 Z103 X110,0.932511111111,0.00697380612743,0.932511111111,0.00697380612743
0.00173780082875,0.00173780082875,0.00173780082875,0.00173780082875,0.00173780082875,0.00173780082875,0.00173780082875,0.00173780082875,10,X87 Z95 Y96 Y103 Z104 X111,0.883888888889,0.00913094747482,0.883888888889,0.00913094747482
0.00173780082875,0.00173780082875,0.00173780082875,0.00173780082875,0.00173780082875,0.00173780082875,0.00173780082875,0.00173780082875,10,X88 Z96 Y97 Y104 Z105 X112,0.821866666667,0.0124554685708,0.821866666667,0.0124554685708
0.00173780082875,0.00173780082875,0.00173780082875,0.00173780082875,0.00173780082875,0.00173780082875,0.00173780082875,0.00173780082875,10,X9 Z12 Y13 Y16 Z17 X21,0.918733333333,0.00649278998883,0.918733333333,0.00649278998883
0.00173780082875,0.00173780082875,0.00173780082875,0.00173780082875,0.00173780082875,0.00173780082875,0.00173780082875,0.00173780082875,10,X90 X98,0.966244444444,0.00507562225265,0.966244444444,0.00507562225265
0.00173780082875,0.00173780082875,0.00173780082875,0.00173780082875,0.00173780082875,0.00173780082875,0.00173780082875,0.00173780082875,10,X91 X99,0.952688888889,0.0059743598598,0.952688888889,0.0059743598598
0.00173780082875,0.00173780082875,0.00173780082875,0.00173780082875,0.00173780082875,0.00173780082875,0.00173780082875,0.00173780082875,10,X92 X100,0.940955555556,0.00469019792517,0.940955555556,0.00469019792517
0.00173780082875,0.00173780082875,0.00173780082875,0.00173780082875,0.00173780082875,0.00173780082875,0.00173780082875,0.00173780082875,10,X93 X101,0.936733333333,0.00737054300676,0.936733333333,0.00737054300676
0.00173780082875,0.00173780082875,0.00173780082875,0.00173780082875,0.00173780082875,0.00173780082875,0.00173780082875,0.00173780082875,10,X94 X102,0.934511111111,0.00694738481812,0.934511111111,0.00694738481812
0.00173780082875,0.00173780082875,0.00173780082875,0.00173780082875,0.00173780082875,0.00173780082875,0.00173780082875,0.00173780082875,10,X95 X103,0.931244444444,0.00512146211563,0.931244444444,0.00512146211563
0.00173780082875,0.00173780082875,0.00173780082875,0.00173780082875,0.00173780082875,0.00173780082875,0.00173780082875,0.00173780082875,10,X96 X104,0.910022222222,0.00937017904994,0.910022222222,0.00937017904994
0.00173780082875,0.00173780082875,0.00173780082875,0.00173780082875,0.00173780082875,0.00173780082875,0.00173780082875,0.00173780082875,10,X97 X105,0.967822222222,0.00550842846586,0.967822222222,0.00550842846586
0.00173780082875,0.00173780082875,0.00173780082875,0.00173780082875,0.00173780082875,0.00173780082875,0.00173780082875,0.00173780082875,10,X99 Z106 Y107 Y113 Z114 X120,0.910022222222,0.00912658250943,0.910022222222,0.00912658250943
0.00173780082875,0.00173780082875,0.00173780082875,0.00173780082875,0.00173780082875,0.00173780082875,0.00173780082875,0.00173780082875,10,Y0 Z1 X2,0.964311111111,0.00512445368237,0.964311111111,0.00512445368237
0.00173780082875,0.00173780082875,0.00173780082875,0.00173780082875,0.00173780082875,0.00173780082875,0.00173780082875,0.00173780082875,10,Y20 Z25 X30,0.9264,0.00799923367977,0.9264,0.00799923367977
0.00173780082875,0.00173780082875,0.00173780082875,0.00173780082875,0.00173780082875,0.00173780082875,0.00173780082875,0.00173780082875,10,Y42 Z49 X56,0.897266666667,0.00725527948874,0.897266666667,0.00725527948874
0.00173780082875,0.00173780082875,0.00173780082875,0.00173780082875,0.00173780082875,0.00173780082875,0.00173780082875,0.00173780082875,10,Y6 Z9 X12,0.943711111111,0.0051063279301,0.943711111111,0.0051063279301
0.00173780082875,0.00173780082875,0.00173780082875,0.00173780082875,0.00173780082875,0.00173780082875,0.00173780082875,0.00173780082875,10,Z15 Y19 X24,0.970422222222,0.0038416285393,0.970422222222,0.0038416285393
0.00173780082875,0.00173780082875,0.00173780082875,0.00173780082875,0.00173780082875,0.00173780082875,0.00173780082875,0.00173780082875,10,Z3 Y5 X8,0.970333333333,0.00451392057165,0.970333333333,0.00451392057165
0.00173780082875,0.00173780082875,0.00173780082875,0.00173780082875,0.00173780082875,0.00173780082875,0.00173780082875,0.00173780082875,10,Z35 Y41 X48,0.9702,0.00424589050811,0.9702,0.00424589050811
0.00173780082875,0.00173780082875,0.00173780082875,0.00173780082875,0.00173780082875,0.00173780082875,0.00173780082875,0.00173780082875,10,Z63 Y71 X80,0.969155555556,0.00444268164275,0.969155555556,0.00444268164275
