g1_x,g1_y,g1_z,IX,IY,IZ,XI,XX,XY,XZ,YI,YX,YY,YZ,ZI,ZX,ZY,ZZ,round,operator,mean,std,mean_signed,std_signed
0.000275422870334,0.000275422870334,0.000275422870334,0.000275422870334,0.000275422870334,0.000275422870334,0.000275422870334,0.000275422870334,0.000275422870334,0.000275422870334,0.000275422870334,0.000275422870334,0.000275422870334,0.000275422870334,0.000275422870334,0.000275422870334,0.000275422870334,0.000275422870334,1,Logical X,0.983266666667,0.00435001211079,0.982622222222,0.00428463648796
0.000275422870334,0.000275422870334,0.000275422870334,0.000275422870334,0.000275422870334,0.000275422870334,0.000275422870334,0.000275422870334,0.000275422870334,0.000275422870334,0.000275422870334,0.000275422870334,0.000275422870334,0.000275422870334,0.000275422870334,0.000275422870334,0.000275422870334,0.000275422870334,1,Logical Y,0.0111111111111,0.00858999388192,-0.00313333333333,0.0208730150822
0.000275422870334,0.000275422870334,0.000275422870334,0.000275422870334,0.000275422870334,0.000275422870334,0.000275422870334,0.000275422870334,0.000275422870334,0.000275422870334,0.000275422870334,0.000275422870334,0.000275422870334,0.000275422870334,0.000275422870334,0.000275422870334,0.000275422870334,0.000275422870334,1,Logical Z,0.0168888888889,0.0110163004733,0.00117777777778,0.0166336991951
0.000275422870334,0.000275422870334,0.000275422870334,0.000275422870334,0.000275422870334,0.000275422870334,0.000275422870334,0.000275422870334,0.000275422870334,0.000275422870334,0.000275422870334,0.000275422870334,0.000275422870334,0.000275422870334,0.000275422870334,0.000275422870334,0.000275422870334,0.000275422870334,1,X0 X1 X7,0.985133333333,0.00306831539887,0.985133333333,0.00306831539887
0.000275422870334,0.000275422870334,0.000275422870334,0.000275422870334,0.000275422870334,0.000275422870334,0.000275422870334,0.000275422870334,0.000275422870334,0.000275422870334,0.000275422870334,0.000275422870334,0.000275422870334,0.000275422870334,0.000275422870334,0.000275422870334,0.000275422870334,0.000275422870334,1,X1 X2 X8,0.980422222222,0.0033240483711,0.980422222222,0.0033240483711
0.000275422870334,0.000275422870334,0.000275422870334,0.000275422870334,0.000275422870334,0.000275422870334,0.000275422870334,0.000275422870334,0.000275422870334,0.000275422870334,0.000275422870334,0.000275422870334,0.000275422870334,0.000275422870334,0.000275422870334,0.000275422870334,0.000275422870334,0.000275422870334,1,X10 X16 X17 X23,0.9836,0.00258850983034,0.9836,0.00258850983034
0.000275422870334,0.000275422870334,0.000275422870334,0.000275422870334,0.000275422870334,0.000275422870334,0.000275422870334,0.000275422870334,0.000275422870334,0.000275422870334,0.000275422870334,0.000275422870334,0.000275422870334,0.000275422870334,0.000275422870334,0.000275422870334,0.000275422870334,0.000275422870334,1,X11 X17 X18 X24,0.984333333333,0.00319841914975,0.984333333333,0.00319841914975
0.000275422870334,0.000275422870334,0.000275422870334,0.000275422870334,0.000275422870334,0.000275422870334,0.000275422870334,0.000275422870334,0.000275422870334,0.000275422870334,0.000275422870334,0.000275422870334,0.000275422870334,0.000275422870334,0.000275422870334,0.000275422870334,0.000275422870334,0.000275422870334,1,X12 X18 X19 X25,0.960955555556,0.00461443124712,0.960955555556,0.00461443124712
0.000275422870334,0.000275422870334,0.000275422870334,0.000275422870334,0.000275422870334,0.000275422870334,0.000275422870334,0.000275422870334,0.000275422870334,0.000275422870334,0.000275422870334,0.000275422870334,0.000275422870334,0.000275422870334,0.000275422870334,0.000275422870334,0.000275422870334,0.000275422870334,1,X2 X3 X9,0.975111111111,0.00400893000633,0.975111111111,0.00400893000633
0.000275422870334,0.000275422870334,0.000275422870334,0.000275422870334,0.000275422870334,0.000275422870334,0.000275422870334,0.000275422870334,0.000275422870334,0.000275422870334,0.000275422870334,0.000275422870334,0.000275422870334,0.000275422870334,0.000275422870334,0.000275422870334,0.000275422870334,0.000275422870334,1,X20 X26 X27 X33,0.984533333333,0.00323960169729,0.984533333333,0.00323960169729
0.000275422870334,0.000275422870334,0.000275422870334,0.000275422870334,0.000275422870334,0.000275422870334,0.000275422870334,0.000275422870334,0.000275422870334,0.000275422870334,0.000275422870334,0.000275422870334,0.000275422870334,0.000275422870334,0.000275422870334,0.000275422870334,0.000275422870334,0.000275422870334,1,X21 X27 X28 X34,0.983644444444,0.00315491872048,0.983644444444,0.00315491872048
0.000275422870334,0.000275422870334,0.000275422870334,0.000275422870334,0.000275422870334,0.000275422870334,0.000275422870334,0.000275422870334,0.000275422870334,0.000275422870334,0.000275422870334,0.000275422870334,0.000275422870334,0.000275422870334,0.000275422870334,0.000275422870334,0.000275422870334,0.000275422870334,1,X22 X28 X29 X35,0.984777777778,0.00251331066994,0.984777777778,0.00251331066994
0.000275422870334,0.000275422870334,0.000275422870334,0.000275422870334,0.000275422870334,0.000275422870334,0.000275422870334,0.000275422870334,0.000275422870334,0.000275422870334,0.000275422870334,0.000275422870334,0.000275422870334,0.000275422870334,0.000275422870334,0.000275422870334,0.000275422870334,0.000275422870334,1,X23 X29 X30 X36,0.9846,0.00365295240904,0.9846,0.00365295240904
0.000275422870334,0.000275422870334,0.000275422870334,0.000275422870334,0.000275422870334,0.000275422870334,0.000275422870334,0.000275422870334,0.000275422870334,0.000275422870334,0.000275422870334,0.000275422870334,0.000275422870334,0.000275422870334,0.000275422870334,0.000275422870334,0.000275422870334,0.000275422870334,1,X24 X30 X31 X37,0.984044444444,0.00347925800578,0.984044444444,0.00347925800578
0.000275422870334,0.000275422870334,0.000275422870334,0.000275422870334,0.000275422870334,0.000275422870334,0.000275422870334,0.000275422870334,0.000275422870334,0.000275422870334,0.000275422870334,0.000275422870334,0.000275422870334,0.000275422870334,0.000275422870334,0.000275422870334,0.000275422870334,0.000275422870334,1,X25 X31 X32 X38,0.960755555556,0.0055770007549,0.960755555556,0.0055770007549
0.000275422870334,0.000275422870334,0.000275422870334,0.000275422870334,0.000275422870334,0.000275422870334,0.000275422870334,0.000275422870334,0.000275422870334,0.000275422870334,0.000275422870334,0.000275422870334,0.000275422870334,0.000275422870334,0.000275422870334,0.000275422870334,0.000275422870334,0.000275422870334,1,X3 X4 X10,0.970177777778,0.00374650113486,0.970177777778,0.00374650113486
0.000275422870334,0.000275422870334,0.000275422870334,0.000275422870334,0.000275422870334,0.000275422870334,0.000275422870334,0.000275422870334,0.000275422870334,0.000275422870334,0.000275422870334,0.000275422870334,0.000275422870334,0.000275422870334,0.000275422870334,0.000275422870334,0.000275422870334,0.000275422870334,1,X33 X39 X40 X46,0.983955555556,0.00324684737552,0.983955555556,0.00324684737552
0.000275422870334,0.000275422870334,0.000275422870334,0.000275422870334,0.000275422870334,0.000275422870334,0.000275422870334,0.000275422870334,0.000275422870334,0.000275422870334,0.000275422870334,0.000275422870334,0.000275422870334,0.000275422870334,0.000275422870334,0.000275422870334,0.000275422870334,0.000275422870334,1,X34 X40 X41 X47,0.984822222222,0.00286975686601,0.984822222222,0.00286975686601
0.000275422870334,0.000275422870334,0.000275422870334,0.000275422870334,0.000275422870334,0.000275422870334,0.000275422870334,0.000275422870334,0.000275422870334,0.000275422870334,0.000275422870334,0.000275422870334,0.000275422870334,0.000275422870334,0.000275422870334,0.000275422870334,0.000275422870334,0.000275422870334,1,X35 X41 X42 X48,0.984444444444,0.00337370191677,0.984444444444,0.00337370191677
0.000275422870334,0.000275422870334,0.000275422870334,0.000275422870334,0.000275422870334,0.000275422870334,0.000275422870334,0.000275422870334,0.000275422870334,0.000275422870334,0.000275422870334,0.000275422870334,0.000275422870334,0.000275422870334,0.000275422870334,0.000275422870334,0.000275422870334,0.000275422870334,1,X36 X42 X43 X49,0.984288888889,0.00245532236545,0.984288888889,0.00245532236545
0.000275422870334,0.000275422870334,0.000275422870334,0.000275422870334,0.000275422870334,0.000275422870334,0.000275422870334,0.000275422870334,0.000275422870334,0.000275422870334,0.000275422870334,0.000275422870334,0.000275422870334,0.000275422870334,0.000275422870334,0.000275422870334,0.000275422870334,0.000275422870334,1,X37 X43 X44 X50,0.984311111111,0.00337551850234,0.984311111111,0.00337551850234
0.000275422870334,0.000275422870334,0.000275422870334,0.000275422870334,0.000275422870334,0.000275422870334,0.000275422870334,0.000275422870334,0.000275422870334,0.000275422870334,0.000275422870334,0.000275422870334,0.000275422870334,0.000275422870334,0.000275422870334,0.000275422870334,0.000275422870334,0.000275422870334,1,X38 X44 X45 X51,0.959288888889,0.00510407645162,0.959288888889,0.00510407645162
0.000275422870334,0.000275422870334,0.000275422870334,0.000275422870334,0.000275422870334,0.000275422870334,0.000275422870334,0.000275422870334,0.000275422870334,0.000275422870334,0.000275422870334,0.000275422870334,0.000275422870334,0.000275422870334,0.000275422870334,0.000275422870334,0.000275422870334,0.000275422870334,1,X4 X5 X11,0.966266666667,0.00445531238289,0.966266666667,0.00445531238289
0.000275422870334,0.000275422870334,0.000275422870334,0.000275422870334,0.000275422870334,0.000275422870334,0.000275422870334,0.000275422870334,0.000275422870334,0.000275422870334,0.000275422870334,0.000275422870334,0.000275422870334,0.000275422870334,0.000275422870334,0.000275422870334,0.000275422870334,0.000275422870334,1,X46 X52 X53 X59,0.985355555556,0.00352107321385,0.985355555556,0.00352107321385
0.000275422870334,0.000275422870334,0.000275422870334,0.000275422870334,0.000275422870334,0.000275422870334,0.000275422870334,0.000275422870334,0.000275422870334,0.000275422870334,0.000275422870334,0.000275422870334,0.000275422870334,0.000275422870334,0.000275422870334,0.000275422870334,0.000275422870334,0.000275422870334,1,X47 X53 X54 X60,0.983377777778,0.00389491596448,0.983377777778,0.00389491596448
0.000275422870334,0.000275422870334,0.000275422870334,0.000275422870334,0.000275422870334,0.000275422870334,0.000275422870334,0.000275422870334,0.000275422870334,0.000275422870334,0.000275422870334,0.000275422870334,0.000275422870334,0.000275422870334,0.000275422870334,0.000275422870334,0.000275422870334,0.000275422870334,1,X48 X54 X55 X61,0.985044444444,0.0032314704117,0.985044444444,0.0032314704117
0.000275422870334,0.000275422870334,0.000275422870334,0.000275422870334,0.000275422870334,0.000275422870334,0.000275422870334,0.000275422870334,0.000275422870334,0.000275422870334,0.000275422870334,0.000275422870334,0.000275422870334,0.000275422870334,0.000275422870334,0.000275422870334,0.000275422870334,0.000275422870334,1,X49 X55 X56 X62,0.984711111111,0.00312661707842,0.984711111111,0.00312661707842
0.000275422870334,0.000275422870334,0.000275422870334,0.000275422870334,0.000275422870334,0.000275422870334,0.000275422870334,0.000275422870334,0.000275422870334,0.000275422870334,0.000275422870334,0.000275422870334,0.000275422870334,0.000275422870334,0.000275422870334,0.000275422870334,0.000275422870334,0.000275422870334,1,X5 X6 X12,0.962355555556,0.0055852387096,0.962355555556,0.0055852387096
0.000275422870334,0.000275422870334,0.000275422870334,0.000275422870334,0.000275422870334,0.000275422870334,0.000275422870334,0.000275422870334,0.000275422870334,0.000275422870334,0.000275422870334,0.000275422870334,0.000275422870334,0.000275422870334,0.000275422870334,0.000275422870334,0.000275422870334,0.000275422870334,1,X50 X56 X57 X63,0.983955555556,0.002518488468,0.983955555556,0.002518488468
0.000275422870334,0.000275422870334,0.000275422870334,0.000275422870334,0.000275422870334,0.000275422870334,0.000275422870334,0.000275422870334,0.000275422870334,0.000275422870334,0.000275422870334,0.000275422870334,0.000275422870334,0.000275422870334,0.000275422870334,0.000275422870334,0.000275422870334,0.000275422870334,1,X51 X57 X58 X64,0.957933333333,0.00587833218456,0.957933333333,0.00587833218456
0.000275422870334,0.000275422870334,0.000275422870334,0.000275422870334,0.000275422870334,0.000275422870334,0.000275422870334,0.000275422870334,0.000275422870334,0.000275422870334,0.000275422870334,0.000275422870334,0.000275422870334,0.000275422870334,0.000275422870334,0.000275422870334,0.000275422870334,0.000275422870334,1,X59 X65 X66 X72,0.984688888889,0.00240359458355,0.984688888889,0.00240359458355
0.000275422870334,0.000275422870334,0.000275422870334,0.000275422870334,0.000275422870334,0.000275422870334,0.000275422870334,0.000275422870334,0.000275422870334,0.000275422870334,0.000275422870334,0.000275422870334,0.000275422870334,0.000275422870334,0.000275422870334,0.000275422870334,0.000275422870334,0.000275422870334,1,X60 X66 X67 X73,0.986222222222,0.00296251593052,0.986222222222,0.00296251593052
0.000275422870334,0.000275422870334,0.000275422870334,0.000275422870334,0.000275422870334,0.000275422870334,0.000275422870334,0.000275422870334,0.000275422870334,0.000275422870334,0.000275422870334,0.000275422870334,0.000275422870334,0.000275422870334,0.000275422870334,0.000275422870334,0.000275422870334,0.000275422870334,1,X61 X67 X68 X74,0.985,0.00309616002438,0.985,0.00309616002438
0.000275422870334,0.000275422870334,0.000275422870334,0.000275422870334,0.000275422870334,0.000275422870334,0.000275422870334,0.000275422870334,0.000275422870334,0.000275422870334,0.000275422870334,0.000275422870334,0.000275422870334,0.000275422870334,0.000275422870334,0.000275422870334,0.000275422870334,0.000275422870334,1,X62 X68 X69 X75,0.984311111111,0.00259521122998,0.984311111111,0.00259521122998
0.000275422870334,0.000275422870334,0.000275422870334,0.000275422870334,0.000275422870334,0.000275422870334,0.000275422870334,0.000275422870334,0.000275422870334,0.000275422870334,0.000275422870334,0.000275422870334,0.000275422870334,0.000275422870334,0.000275422870334,0.000275422870334,0.000275422870334,0.000275422870334,1,X63 X69 X70 X76,0.985155555556,0.00260228801969,0.985155555556,0.00260228801969
0.000275422870334,0.000275422870334,0.000275422870334,0.000275422870334,0.000275422870334,0.000275422870334,0.000275422870334,0.000275422870334,0.000275422870334,0.000275422870334,0.000275422870334,0.000275422870334,0.000275422870334,0.000275422870334,0.000275422870334,0.000275422870334,0.000275422870334,0.000275422870334,1,X64 X70 X71 X77,0.960688888889,0.00680428833303,0.960688888889,0.00680428833303
0.000275422870334,0.000275422870334,0.000275422870334,0.000275422870334,0.000275422870334,0.000275422870334,0.000275422870334,0.000275422870334,0.000275422870334,0.000275422870334,0.000275422870334,0.000275422870334,0.000275422870334,0.000275422870334,0.000275422870334,0.000275422870334,0.000275422870334,0.000275422870334,1,X7 X13 X14 X20,0.983866666667,0.00363212570883,0.983866666667,0.00363212570883
0.000275422870334,0.000275422870334,0.000275422870334,0.000275422870334,0.000275422870334,0.000275422870334,0.000275422870334,0.000275422870334,0.000275422870334,0.000275422870334,0.000275422870334,0.000275422870334,0.000275422870334,0.000275422870334,0.000275422870334,0.000275422870334,0.000275422870334,0.000275422870334,1,X72 X78 X79,0.987222222222,0.00228326131833,0.987222222222,0.00228326131833
0.000275422870334,0.000275422870334,0.000275422870334,0.000275422870334,0.000275422870334,0.000275422870334,0.000275422870334,0.000275422870334,0.000275422870334,0.000275422870334,0.000275422870334,0.000275422870334,0.000275422870334,0.000275422870334,0.000275422870334,0.000275422870334,0.000275422870334,0.000275422870334,1,X73 X79 X80,0.987533333333,0.00301287149345,0.987533333333,0.00301287149345
0.000275422870334,0.000275422870334,0.000275422870334,0.000275422870334,0.000275422870334,0.000275422870334,0.000275422870334,0.000275422870334,0.000275422870334,0.000275422870334,0.000275422870334,0.000275422870334,0.000275422870334,0.000275422870334,0.000275422870334,0.000275422870334,0.000275422870334,0.000275422870334,1,X74 X80 X81,0.987177777778,0.00329719878012,0.987177777778,0.00329719878012
0.000275422870334,0.000275422870334,0.000275422870334,0.000275422870334,0.000275422870334,0.000275422870334,0.000275422870334,0.000275422870334,0.000275422870334,0.000275422870334,0.000275422870334,0.000275422870334,0.000275422870334,0.000275422870334,0.000275422870334,0.000275422870334,0.000275422870334,0.000275422870334,1,X75 X81 X82,0.986822222222,0.00318850105108,0.986822222222,0.00318850105108
0.000275422870334,0.000275422870334,0.000275422870334,0.000275422870334,0.000275422870334,0.000275422870334,0.000275422870334,0.000275422870334,0.000275422870334,0.000275422870334,0.000275422870334,0.000275422870334,0.000275422870334,0.000275422870334,0.000275422870334,0.000275422870334,0.000275422870334,0.000275422870334,1,X76 X82 X83,0.987155555556,0.00300667626643,0.987155555556,0.00300667626643
0.000275422870334,0.000275422870334,0.000275422870334,0.000275422870334,0.000275422870334,0.000275422870334,0.000275422870334,0.000275422870334,0.000275422870334,0.000275422870334,0.000275422870334,0.000275422870334,0.000275422870334,0.000275422870334,0.000275422870334,0.000275422870334,0.000275422870334,0.000275422870334,1,X77 X83 X84,0.959555555556,0.00500523353177,0.959555555556,0.00500523353177
0.000275422870334,0.000275422870334,0.000275422870334,0.000275422870334,0.000275422870334,0.000275422870334,0.000275422870334,0.000275422870334,0.000275422870334,0.000275422870334,0.000275422870334,0.000275422870334,0.000275422870334,0.000275422870334,0.000275422870334,0.000275422870334,0.000275422870334,0.000275422870334,1,X8 X14 X15 X21,0.985288888889,0.00297593584023,0.985288888889,0.00297593584023
0.000275422870334,0.000275422870334,0.000275422870334,0.000275422870334,0.000275422870334,0.000275422870334,0.000275422870334,0.000275422870334,0.000275422870334,0.000275422870334,0.000275422870334,0.000275422870334,0.000275422870334,0.000275422870334,0.000275422870334,0.000275422870334,0.000275422870334,0.000275422870334,1,X9 X15 X16 X22,0.985044444444,0.00319809969118,0.985044444444,0.00319809969118
0.000275422870334,0.000275422870334,0.000275422870334,0.000275422870334,0.000275422870334,0.000275422870334,0.000275422870334,0.000275422870334,0.000275422870334,0.000275422870334,0.000275422870334,0.000275422870334,0.000275422870334,0.000275422870334,0.000275422870334,0.000275422870334,0.000275422870334,0.000275422870334,1,Z0 Z7 Z13,0.980355555556,0.00364616350448,0.980355555556,0.00364616350448
0.000275422870334,0.000275422870334,0.000275422870334,0.000275422870334,0.000275422870334,0.000275422870334,0.000275422870334,0.000275422870334,0.000275422870334,0.000275422870334,0.000275422870334,0.000275422870334,0.000275422870334,0.000275422870334,0.000275422870334,0.000275422870334,0.000275422870334,0.000275422870334,1,Z1 Z7 Z8 Z14,0.973977777778,0.0035341067613,0.973977777778,0.0035341067613
0.000275422870334,0.000275422870334,0.000275422870334,0.000275422870334,0.000275422870334,0.000275422870334,0.000275422870334,0.000275422870334,0.000275422870334,0.000275422870334,0.000275422870334,0.000275422870334,0.000275422870334,0.000275422870334,0.000275422870334,0.000275422870334,0.000275422870334,0.000275422870334,1,Z13 Z20 Z26,0.980822222222,0.0037290752948,0.980822222222,0.0037290752948
0.000275422870334,0.000275422870334,0.000275422870334,0.000275422870334,0.000275422870334,0.000275422870334,0.000275422870334,0.000275422870334,0.000275422870334,0.000275422870334,0.000275422870334,0.000275422870334,0.000275422870334,0.000275422870334,0.000275422870334,0.000275422870334,0.000275422870334,0.000275422870334,1,Z14 Z20 Z21 Z27,0.976444444444,0.00403560146479,0.976444444444,0.00403560146479
0.000275422870334,0.000275422870334,0.000275422870334,0.000275422870334,0.000275422870334,0.000275422870334,0.000275422870334,0.000275422870334,0.000275422870334,0.000275422870334,0.000275422870334,0.000275422870334,0.000275422870334,0.000275422870334,0.000275422870334,0.000275422870334,0.000275422870334,0.000275422870334,1,Z15 Z21 Z22 Z28,0.976511111111,0.00440718095086,0.976511111111,0.00440718095086
0.000275422870334,0.000275422870334,0.000275422870334,0.000275422870334,0.000275422870334,0.000275422870334,0.000275422870334,0.000275422870334,0.000275422870334,0.000275422870334,0.000275422870334,0.000275422870334,0.000275422870334,0.000275422870334,0.000275422870334,0.000275422870334,0.000275422870334,0.000275422870334,1,Z16 Z22 Z23 Z29,0.976977777778,0.00276116102702,0.976977777778,0.00276116102702
0.000275422870334,0.000275422870334,0.000275422870334,0.000275422870334,0.000275422870334,0.000275422870334,0.000275422870334,0.000275422870334,0.000275422870334,0.000275422870334,0.000275422870334,0.000275422870334,0.000275422870334,0.000275422870334,0.000275422870334,0.000275422870334,0.000275422870334,0.000275422870334,1,Z17 Z23 Z24 Z30,0.976688888889,0.00425430440878,0.976688888889,0.00425430440878
0.000275422870334,0.000275422870334,0.000275422870334,0.000275422870334,0.000275422870334,0.000275422870334,0.000275422870334,0.000275422870334,0.000275422870334,0.000275422870334,0.000275422870334,0.000275422870334,0.000275422870334,0.000275422870334,0.000275422870334,0.000275422870334,0.000275422870334,0.000275422870334,1,Z18 Z24 Z25 Z31,0.964577777778,0.00633843311514,0.964577777778,0.00633843311514
0.000275422870334,0.000275422870334,0.000275422870334,0.000275422870334,0.000275422870334,0.000275422870334,0.000275422870334,0.000275422870334,0.000275422870334,0.000275422870334,0.000275422870334,0.000275422870334,0.000275422870334,0.000275422870334,0.000275422870334,0.000275422870334,0.000275422870334,0.000275422870334,1,Z19 Z25 Z32,0.967688888889,0.00503393338384,0.967688888889,0.00503393338384
0.000275422870334,0.000275422870334,0.000275422870334,0.000275422870334,0.000275422870334,0.000275422870334,0.000275422870334,0.000275422870334,0.000275422870334,0.000275422870334,0.000275422870334,0.000275422870334,0.000275422870334,0.000275422870334,0.000275422870334,0.000275422870334,0.000275422870334,0.000275422870334,1,Z2 Z8 Z9 Z15,0.972044444444,0.00387914488082,0.972044444444,0.00387914488082
0.000275422870334,0.000275422870334,0.000275422870334,0.000275422870334,0.000275422870334,0.000275422870334,0.000275422870334,0.000275422870334,0.000275422870334,0.000275422870334,0.000275422870334,0.000275422870334,0.000275422870334,0.000275422870334,0.000275422870334,0.000275422870334,0.000275422870334,0.000275422870334,1,Z26 Z33 Z39,0.9814,0.00314819172083,0.9814,0.00314819172083
0.000275422870334,0.000275422870334,0.000275422870334,0.000275422870334,0.000275422870334,0.000275422870334,0.000275422870334,0.000275422870334,0.000275422870334,0.000275422870334,0.000275422870334,0.000275422870334,0.000275422870334,0.000275422870334,0.000275422870334,0.000275422870334,0.000275422870334,0.000275422870334,1,Z27 Z33 Z34 Z40,0.976133333333,0.00384926723384,0.976133333333,0.00384926723384
0.000275422870334,0.000275422870334,0.000275422870334,0.000275422870334,0.000275422870334,0.000275422870334,0.000275422870334,0.000275422870334,0.000275422870334,0.000275422870334,0.000275422870334,0.000275422870334,0.000275422870334,0.000275422870334,0.000275422870334,0.000275422870334,0.000275422870334,0.000275422870334,1,Z28 Z34 Z35 Z41,0.976911111111,0.00341052386773,0.976911111111,0.00341052386773
0.000275422870334,0.000275422870334,0.000275422870334,0.000275422870334,0.000275422870334,0.000275422870334,0.000275422870334,0.000275422870334,0.000275422870334,0.000275422870334,0.000275422870334,0.000275422870334,0.000275422870334,0.000275422870334,0.000275422870334,0.000275422870334,0.000275422870334,0.000275422870334,1,Z29 Z35 Z36 Z42,0.977355555556,0.00458711616794,0.977355555556,0.00458711616794
0.000275422870334,0.000275422870334,0.000275422870334,0.000275422870334,0.000275422870334,0.000275422870334,0.000275422870334,0.000275422870334,0.000275422870334,0.000275422870334,0.000275422870334,0.000275422870334,0.000275422870334,0.000275422870334,0.000275422870334,0.000275422870334,0.000275422870334,0.000275422870334,1,Z3 Z9 Z10 Z16,0.968311111111,0.00480017028221,0.968311111111,0.00480017028221
0.000275422870334,0.000275422870334,0.000275422870334,0.000275422870334,0.000275422870334,0.000275422870334,0.000275422870334,0.000275422870334,0.000275422870334,0.000275422870334,0.000275422870334,0.000275422870334,0.000275422870334,0.000275422870334,0.000275422870334,0.000275422870334,0.000275422870334,0.000275422870334,1,Z30 Z36 Z37 Z43,0.976977777778,0.00371280618365,0.976977777778,0.00371280618365
0.000275422870334,0.000275422870334,0.000275422870334,0.000275422870334,0.000275422870334,0.000275422870334,0.000275422870334,0.000275422870334,0.000275422870334,0.000275422870334,0.000275422870334,0.000275422870334,0.000275422870334,0.000275422870334,0.000275422870334,0.000275422870334,0.000275422870334,0.000275422870334,1,Z31 Z37 Z38 Z44,0.964822222222,0.00435470708758,0.964822222222,0.00435470708758
0.000275422870334,0.000275422870334,0.000275422870334,0.000275422870334,0.000275422870334,0.000275422870334,0.000275422870334,0.000275422870334,0.000275422870334,0.000275422870334,0.000275422870334,0.000275422870334,0.000275422870334,0.000275422870334,0.000275422870334,0.000275422870334,0.000275422870334,0.000275422870334,1,Z32 Z38 Z45,0.967266666667,0.00513525863283,0.967266666667,0.00513525863283
0.000275422870334,0.000275422870334,0.000275422870334,0.000275422870334,0.000275422870334,0.000275422870334,0.000275422870334,0.000275422870334,0.000275422870334,0.000275422870334,0.000275422870334,0.000275422870334,0.000275422870334,0.000275422870334,0.000275422870334,0.000275422870334,0.000275422870334,0.000275422870334,1,Z39 Z46 Z52,0.980444444444,0.00415534861287,0.980444444444,0.00415534861287
0.000275422870334,0.000275422870334,0.000275422870334,0.000275422870334,0.000275422870334,0.000275422870334,0.000275422870334,0.000275422870334,0.000275422870334,0.000275422870334,0.000275422870334,0.000275422870334,0.000275422870334,0.000275422870334,0.000275422870334,0.000275422870334,0.000275422870334,0.000275422870334,1,Z4 Z10 Z11 Z17,0.968733333333,0.00463321342771,0.968733333333,0.00463321342771
0.000275422870334,0.000275422870334,0.000275422870334,0.000275422870334,0.000275422870334,0.000275422870334,0.000275422870334,0.000275422870334,0.000275422870334,0.000275422870334,0.000275422870334,0.000275422870334,0.000275422870334,0.000275422870334,0.000275422870334,0.000275422870334,0.000275422870334,0.000275422870334,1,Z40 Z46 Z47 Z53,0.975977777778,0.00427227839771,0.975977777778,0.00427227839771
0.000275422870334,0.000275422870334,0.000275422870334,0.000275422870334,0.000275422870334,0.000275422870334,0.000275422870334,0.000275422870334,0.000275422870334,0.000275422870334,0.000275422870334,0.000275422870334,0.000275422870334,0.000275422870334,0.000275422870334,0.000275422870334,0.000275422870334,0.000275422870334,1,Z41 Z47 Z48 Z54,0.976822222222,0.00401408758076,0.976822222222,0.00401408758076
0.000275422870334,0.000275422870334,0.000275422870334,0.000275422870334,0.000275422870334,0.000275422870334,0.000275422870334,0.000275422870334,0.000275422870334,0.000275422870334,0.000275422870334,0.000275422870334,0.000275422870334,0.000275422870334,0.000275422870334,0.000275422870334,0.000275422870334,0.000275422870334,1,Z42 Z48 Z49 Z55,0.976666666667,0.00347955165122,0.976666666667,0.00347955165122
0.000275422870334,0.000275422870334,0.000275422870334,0.000275422870334,0.000275422870334,0.000275422870334,0.000275422870334,0.000275422870334,0.000275422870334,0.000275422870334,0.000275422870334,0.000275422870334,0.000275422870334,0.000275422870334,0.000275422870334,0.000275422870334,0.000275422870334,0.000275422870334,1,Z43 Z49 Z50 Z56,0.977422222222,0.00384262575191,0.977422222222,0.00384262575191
0.000275422870334,0.000275422870334,0.000275422870334,0.000275422870334,0.000275422870334,0.000275422870334,0.000275422870334,0.000275422870334,0.000275422870334,0.000275422870334,0.000275422870334,0.000275422870334,0.000275422870334,0.000275422870334,0.000275422870334,0.000275422870334,0.000275422870334,0.000275422870334,1,Z44 Z50 Z51 Z57,0.964266666667,0.00423667620752,0.964266666667,0.00423667620752
0.000275422870334,0.000275422870334,0.000275422870334,0.000275422870334,0.000275422870334,0.000275422870334,0.000275422870334,0.000275422870334,0.000275422870334,0.000275422870334,0.000275422870334,0.000275422870334,0.000275422870334,0.000275422870334,0.000275422870334,0.000275422870334,0.000275422870334,0.000275422870334,1,Z45 Z51 Z58,0.969088888889,0.00435400316381,0.969088888889,0.00435400316381
0.000275422870334,0.000275422870334,0.000275422870334,0.000275422870334,0.000275422870334,0.000275422870334,0.000275422870334,0.000275422870334,0.000275422870334,0.000275422870334,0.000275422870334,0.000275422870334,0.000275422870334,0.000275422870334,0.000275422870334,0.000275422870334,0.000275422870334,0.000275422870334,1,Z5 Z11 Z12 Z18,0.954511111111,0.00561793333603,0.954511111111,0.00561793333603
0.000275422870334,0.000275422870334,0.000275422870334,0.000275422870334,0.000275422870334,0.000275422870334,0.000275422870334,0.000275422870334,0.000275422870334,0.000275422870334,0.000275422870334,0.000275422870334,0.000275422870334,0.000275422870334,0.000275422870334,0.000275422870334,0.000275422870334,0.000275422870334,1,Z52 Z59 Z65,0.980088888889,0.00466414819837,0.980088888889,0.00466414819837
0.000275422870334,0.000275422870334,0.000275422870334,0.000275422870334,0.000275422870334,0.000275422870334,0.000275422870334,0.000275422870334,0.000275422870334,0.000275422870334,0.000275422870334,0.000275422870334,0.000275422870334,0.000275422870334,0.000275422870334,0.000275422870334,0.000275422870334,0.000275422870334,1,Z53 Z59 Z60 Z66,0.9778,0.0032900639922,0.9778,0.0032900639922
0.000275422870334,0.000275422870334,0.000275422870334,0.000275422870334,0.000275422870334,0.000275422870334,0.000275422870334,0.000275422870334,0.000275422870334,0.000275422870334,0.000275422870334,0.000275422870334,0.000275422870334,0.000275422870334,0.000275422870334,0.000275422870334,0.000275422870334,0.000275422870334,1,Z54 Z60 Z61 Z67,0.976133333333,0.00443393393218,0.976133333333,0.00443393393218
0.000275422870334,0.000275422870334,0.000275422870334,0.000275422870334,0.000275422870334,0.000275422870334,0.000275422870334,0.000275422870334,0.000275422870334,0.000275422870334,0.000275422870334,0.000275422870334,0.000275422870334,0.000275422870334,0.000275422870334,0.000275422870334,0.000275422870334,0.000275422870334,1,Z55 Z61 Z62 Z68,0.976977777778,0.00374977223659,0.976977777778,0.00374977223659
0.000275422870334,0.000275422870334,0.000275422870334,0.000275422870334,0.000275422870334,0.000275422870334,0.000275422870334,0.000275422870334,0.000275422870334,0.000275422870334,0.000275422870334,0.000275422870334,0.000275422870334,0.000275422870334,0.000275422870334,0.000275422870334,0.000275422870334,0.000275422870334,1,Z56 Z62 Z63 Z69,0.975444444444,0.00455560227992,0.975444444444,0.00455560227992
0.000275422870334,0.000275422870334,0.000275422870334,0.000275422870334,0.000275422870334,0.000275422870334,0.000275422870334,0.000275422870334,0.000275422870334,0.000275422870334,0.000275422870334,0.000275422870334,0.000275422870334,0.000275422870334,0.000275422870334,0.000275422870334,0.000275422870334,0.000275422870334,1,Z57 Z63 Z64 Z70,0.961533333333,0.0045423507341,0.961533333333,0.0045423507341
0.000275422870334,0.000275422870334,0.000275422870334,0.000275422870334,0.000275422870334,0.000275422870334,0.000275422870334,0.000275422870334,0.000275422870334,0.000275422870334,0.000275422870334,0.000275422870334,0.000275422870334,0.000275422870334,0.000275422870334,0.000275422870334,0.000275422870334,0.000275422870334,1,Z58 Z64 Z71,0.969711111111,0.00429446166844,0.969711111111,0.00429446166844
0.000275422870334,0.000275422870334,0.000275422870334,0.000275422870334,0.000275422870334,0.000275422870334,0.000275422870334,0.000275422870334,0.000275422870334,0.000275422870334,0.000275422870334,0.000275422870334,0.000275422870334,0.000275422870334,0.000275422870334,0.000275422870334,0.000275422870334,0.000275422870334,1,Z6 Z12 Z19,0.969044444444,0.00434766272112,0.969044444444,0.00434766272112
0.000275422870334,0.000275422870334,0.000275422870334,0.000275422870334,0.000275422870334,0.000275422870334,0.000275422870334,0.000275422870334,0.000275422870334,0.000275422870334,0.000275422870334,0.000275422870334,0.000275422870334,0.000275422870334,0.000275422870334,0.000275422870334,0.000275422870334,0.000275422870334,1,Z65 Z72 Z78,0.98,0.0033310336895,0.98,0.0033310336895
0.000275422870334,0.000275422870334,0.000275422870334,0.000275422870334,0.000275422870334,0.000275422870334,0.000275422870334,0.000275422870334,0.000275422870334,0.000275422870334,0.000275422870334,0.000275422870334,0.000275422870334,0.000275422870334,0.000275422870334,0.000275422870334,0.000275422870334,0.000275422870334,1,Z66 Z72 Z73 Z79,0.976844444444,0.00467137146527,0.976844444444,0.00467137146527
0.000275422870334,0.000275422870334,0.000275422870334,0.000275422870334,0.000275422870334,0.000275422870334,0.000275422870334,0.000275422870334,0.000275422870334,0.000275422870334,0.000275422870334,0.000275422870334,0.000275422870334,0.000275422870334,0.000275422870334,0.000275422870334,0.000275422870334,0.000275422870334,1,Z67 Z73 Z74 Z80,0.977244444444,0.00336187018438,0.977244444444,0.00336187018438
0.000275422870334,0.000275422870334,0.000275422870334,0.000275422870334,0.000275422870334,0.000275422870334,0.000275422870334,0.000275422870334,0.000275422870334,0.000275422870334,0.000275422870334,0.000275422870334,0.000275422870334,0.000275422870334,0.000275422870334,0.000275422870334,0.000275422870334,0.000275422870334,1,Z68 Z74 Z75 Z81,0.975755555556,0.00418895952053,0.975755555556,0.00418895952053
0.000275422870334,0.000275422870334,0.000275422870334,0.000275422870334,0.000275422870334,0.000275422870334,0.000275422870334,0.000275422870334,0.000275422870334,0.000275422870334,0.000275422870334,0.000275422870334,0.000275422870334,0.000275422870334,0.000275422870334,0.000275422870334,0.000275422870334,0.000275422870334,1,Z69 Z75 Z76 Z82,0.977111111111,0.0041590351568,0.977111111111,0.0041590351568
0.000275422870334,0.000275422870334,0.000275422870334,0.000275422870334,0.000275422870334,0.000275422870334,0.000275422870334,0.000275422870334,0.000275422870334,0.000275422870334,0.000275422870334,0.000275422870334,0.000275422870334,0.000275422870334,0.000275422870334,0.000275422870334,0.000275422870334,0.000275422870334,1,Z70 Z76 Z77 Z83,0.963377777778,0.00405303285839,0.963377777778,0.00405303285839
0.000275422870334,0.000275422870334,0.000275422870334,0.000275422870334,0.000275422870334,0.000275422870334,0.000275422870334,0.000275422870334,0.000275422870334,0.000275422870334,0.000275422870334,0.000275422870334,0.000275422870334,0.000275422870334,0.000275422870334,0.000275422870334,0.000275422870334,0.000275422870334,1,Z71 Z77 Z84,0.954577777778,0.00536979871005,0.954577777778,0.00536979871005
0.000275422870334,0.000275422870334,0.000275422870334,0.000275422870334,0.000275422870334,0.000275422870334,0.000275422870334,0.000275422870334,0.000275422870334,0.000275422870334,0.000275422870334,0.000275422870334,0.000275422870334,0.000275422870334,0.000275422870334,0.000275422870334,0.000275422870334,0.000275422870334,5,Logical X,0.984377777778,0.00353930674136,0.984244444444,0.00341052386773
0.000275422870334,0.000275422870334,0.000275422870334,0.000275422870334,0.000275422870334,0.000275422870334,0.000275422870334,0.000275422870334,0.000275422870334,0.000275422870334,0.000275422870334,0.000275422870334,0.000275422870334,0.000275422870334,0.000275422870334,0.000275422870334,0.000275422870334,0.000275422870334,5,Logical Y,0.0133555555556,0.0094952834968,-0.00251111111111,0.0174168486122
0.000275422870334,0.000275422870334,0.000275422870334,0.000275422870334,0.000275422870334,0.000275422870334,0.000275422870334,0.000275422870334,0.000275422870334,0.000275422870334,0.000275422870334,0.000275422870334,0.000275422870334,0.000275422870334,0.000275422870334,0.000275422870334,0.000275422870334,0.000275422870334,5,Logical Z,0.0129111111111,0.0107546419928,0.000355555555556,0.0138538992211
0.000275422870334,0.000275422870334,0.000275422870334,0.000275422870334,0.000275422870334,0.000275422870334,0.000275422870334,0.000275422870334,0.000275422870334,0.000275422870334,0.000275422870334,0.000275422870334,0.000275422870334,0.000275422870334,0.000275422870334,0.000275422870334,0.000275422870334,0.000275422870334,5,X0 X1 X7,0.985444444444,0.00371425062788,0.985444444444,0.00371425062788
0.000275422870334,0.000275422870334,0.000275422870334,0.000275422870334,0.000275422870334,0.000275422870334,0.000275422870334,0.000275422870334,0.000275422870334,0.000275422870334,0.000275422870334,0.000275422870334,0.000275422870334,0.000275422870334,0.000275422870334,0.000275422870334,0.000275422870334,0.000275422870334,5,X1 X2 X8,0.980444444444,0.0042896412101,0.980444444444,0.0042896412101
0.000275422870334,0.000275422870334,0.000275422870334,0.000275422870334,0.000275422870334,0.000275422870334,0.000275422870334,0.000275422870334,0.000275422870334,0.000275422870334,0.000275422870334,0.000275422870334,0.000275422870334,0.000275422870334,0.000275422870334,0.000275422870334,0.000275422870334,0.000275422870334,5,X10 X16 X17 X23,0.985288888889,0.0027898740456,0.985288888889,0.0027898740456
0.000275422870334,0.000275422870334,0.000275422870334,0.000275422870334,0.000275422870334,0.000275422870334,0.000275422870334,0.000275422870334,0.000275422870334,0.000275422870334,0.000275422870334,0.000275422870334,0.000275422870334,0.000275422870334,0.000275422870334,0.000275422870334,0.000275422870334,0.000275422870334,5,X11 X17 X18 X24,0.984533333333,0.00319674163612,0.984533333333,0.00319674163612
0.000275422870334,0.000275422870334,0.000275422870334,0.000275422870334,0.000275422870334,0.000275422870334,0.000275422870334,0.000275422870334,0.000275422870334,0.000275422870334,0.000275422870334,0.000275422870334,0.000275422870334,0.000275422870334,0.000275422870334,0.000275422870334,0.000275422870334,0.000275422870334,5,X12 X18 X19 X25,0.960688888889,0.00644334777298,0.960688888889,0.00644334777298
0.000275422870334,0.000275422870334,0.000275422870334,0.000275422870334,0.000275422870334,0.000275422870334,0.000275422870334,0.000275422870334,0.000275422870334,0.000275422870334,0.000275422870334,0.000275422870334,0.000275422870334,0.000275422870334,0.000275422870334,0.000275422870334,0.000275422870334,0.000275422870334,5,X2 X3 X9,0.973777777778,0.00321077369,0.973777777778,0.00321077369
0.000275422870334,0.000275422870334,0.000275422870334,0.000275422870334,0.000275422870334,0.000275422870334,0.000275422870334,0.000275422870334,0.000275422870334,0.000275422870334,0.000275422870334,0.000275422870334,0.000275422870334,0.000275422870334,0.000275422870334,0.000275422870334,0.000275422870334,0.000275422870334,5,X20 X26 X27 X33,0.984022222222,0.00433283227283,0.984022222222,0.00433283227283
0.000275422870334,0.000275422870334,0.000275422870334,0.000275422870334,0.000275422870334,0.000275422870334,0.000275422870334,0.000275422870334,0.000275422870334,0.000275422870334,0.000275422870334,0.000275422870334,0.000275422870334,0.000275422870334,0.000275422870334,0.000275422870334,0.000275422870334,0.000275422870334,5,X21 X27 X28 X34,0.9848,0.0036152084035,0.9848,0.0036152084035
0.000275422870334,0.000275422870334,0.000275422870334,0.000275422870334,0.000275422870334,0.000275422870334,0.000275422870334,0.000275422870334,0.000275422870334,0.000275422870334,0.000275422870334,0.000275422870334,0.000275422870334,0.000275422870334,0.000275422870334,0.000275422870334,0.000275422870334,0.000275422870334,5,X22 X28 X29 X35,0.985266666667,0.00265716698731,0.985266666667,0.00265716698731
0.000275422870334,0.000275422870334,0.000275422870334,0.000275422870334,0.000275422870334,0.000275422870334,0.000275422870334,0.000275422870334,0.000275422870334,0.000275422870334,0.000275422870334,0.000275422870334,0.000275422870334,0.000275422870334,0.000275422870334,0.000275422870334,0.000275422870334,0.000275422870334,5,X23 X29 X30 X36,0.985111111111,0.00388861520657,0.985111111111,0.00388861520657
0.000275422870334,0.000275422870334,0.000275422870334,0.000275422870334,0.000275422870334,0.000275422870334,0.000275422870334,0.000275422870334,0.000275422870334,0.000275422870334,0.000275422870334,0.000275422870334,0.000275422870334,0.000275422870334,0.000275422870334,0.000275422870334,0.000275422870334,0.000275422870334,5,X24 X30 X31 X37,0.985266666667,0.0037969538103,0.985266666667,0.0037969538103
0.000275422870334,0.000275422870334,0.000275422870334,0.000275422870334,0.000275422870334,0.000275422870334,0.000275422870334,0.000275422870334,0.000275422870334,0.000275422870334,0.000275422870334,0.000275422870334,0.000275422870334,0.000275422870334,0.000275422870334,0.000275422870334,0.000275422870334,0.000275422870334,5,X25 X31 X32 X38,0.959044444444,0.00624084514695,0.959044444444,0.00624084514695
0.000275422870334,0.000275422870334,0.000275422870334,0.000275422870334,0.000275422870334,0.000275422870334,0.000275422870334,0.000275422870334,0.000275422870334,0.000275422870334,0.000275422870334,0.000275422870334,0.000275422870334,0.000275422870334,0.000275422870334,0.000275422870334,0.000275422870334,0.000275422870334,5,X3 X4 X10,0.970777777778,0.00437016472447,0.970777777778,0.00437016472447
0.000275422870334,0.000275422870334,0.000275422870334,0.000275422870334,0.000275422870334,0.000275422870334,0.000275422870334,0.000275422870334,0.000275422870334,0.000275422870334,0.000275422870334,0.000275422870334,0.000275422870334,0.000275422870334,0.000275422870334,0.000275422870334,0.000275422870334,0.000275422870334,5,X33 X39 X40 X46,0.985266666667,0.00336012223824,0.985266666667,0.00336012223824
0.000275422870334,0.000275422870334,0.000275422870334,0.000275422870334,0.000275422870334,0.000275422870334,0.000275422870334,0.000275422870334,0.000275422870334,0.000275422870334,0.000275422870334,0.000275422870334,0.000275422870334,0.000275422870334,0.000275422870334,0.000275422870334,0.000275422870334,0.000275422870334,5,X34 X40 X41 X47,0.983733333333,0.00322632847092,0.983733333333,0.00322632847092
0.000275422870334,0.000275422870334,0.000275422870334,0.000275422870334,0.000275422870334,0.000275422870334,0.000275422870334,0.000275422870334,0.000275422870334,0.000275422870334,0.000275422870334,0.000275422870334,0.000275422870334,0.000275422870334,0.000275422870334,0.000275422870334,0.000275422870334,0.000275422870334,5,X35 X41 X42 X48,0.985244444444,0.00312072952142,0.985244444444,0.00312072952142
0.000275422870334,0.000275422870334,0.000275422870334,0.000275422870334,0.000275422870334,0.000275422870334,0.000275422870334,0.000275422870334,0.000275422870334,0.000275422870334,0.000275422870334,0.000275422870334,0.000275422870334,0.000275422870334,0.000275422870334,0.000275422870334,0.000275422870334,0.000275422870334,5,X36 X42 X43 X49,0.985288888889,0.00324212376984,0.985288888889,0.00324212376984
0.000275422870334,0.000275422870334,0.000275422870334,0.000275422870334,0.000275422870334,0.000275422870334,0.000275422870334,0.000275422870334,0.000275422870334,0.000275422870334,0.000275422870334,0.000275422870334,0.000275422870334,0.000275422870334,0.000275422870334,0.000275422870334,0.000275422870334,0.000275422870334,5,X37 X43 X44 X50,0.9838,0.0044503217844,0.9838,0.0044503217844
0.000275422870334,0.000275422870334,0.000275422870334,0.000275422870334,0.000275422870334,0.000275422870334,0.000275422870334,0.000275422870334,0.000275422870334,0.000275422870334,0.000275422870334,0.000275422870334,0.000275422870334,0.000275422870334,0.000275422870334,0.000275422870334,0.000275422870334,0.000275422870334,5,X38 X44 X45 X51,0.959222222222,0.00478530103573,0.959222222222,0.00478530103573
0.000275422870334,0.000275422870334,0.000275422870334,0.000275422870334,0.000275422870334,0.000275422870334,0.000275422870334,0.000275422870334,0.000275422870334,0.000275422870334,0.000275422870334,0.000275422870334,0.000275422870334,0.000275422870334,0.000275422870334,0.000275422870334,0.000275422870334,0.000275422870334,5,X4 X5 X11,0.964244444444,0.00388526377289,0.964244444444,0.00388526377289
0.000275422870334,0.000275422870334,0.000275422870334,0.000275422870334,0.000275422870334,0.000275422870334,0.000275422870334,0.000275422870334,0.000275422870334,0.000275422870334,0.000275422870334,0.000275422870334,0.000275422870334,0.000275422870334,0.000275422870334,0.000275422870334,0.000275422870334,0.000275422870334,5,X46 X52 X53 X59,0.984555555556,0.00301253235888,0.984555555556,0.00301253235888
0.000275422870334,0.000275422870334,0.000275422870334,0.000275422870334,0.000275422870334,0.000275422870334,0.000275422870334,0.000275422870334,0.000275422870334,0.000275422870334,0.000275422870334,0.000275422870334,0.000275422870334,0.000275422870334,0.000275422870334,0.000275422870334,0.000275422870334,0.000275422870334,5,X47 X53 X54 X60,0.984111111111,0.00313224893602,0.984111111111,0.00313224893602
0.000275422870334,0.000275422870334,0.000275422870334,0.000275422870334,0.000275422870334,0.000275422870334,0.000275422870334,0.000275422870334,0.000275422870334,0.000275422870334,0.000275422870334,0.000275422870334,0.000275422870334,0.000275422870334,0.000275422870334,0.000275422870334,0.000275422870334,0.000275422870334,5,X48 X54 X55 X61,0.984,0.00295561028959,0.984,0.00295561028959
0.000275422870334,0.000275422870334,0.000275422870334,0.000275422870334,0.000275422870334,0.000275422870334,0.000275422870334,0.000275422870334,0.000275422870334,0.000275422870334,0.000275422870334,0.000275422870334,0.000275422870334,0.000275422870334,0.000275422870334,0.000275422870334,0.000275422870334,0.000275422870334,5,X49 X55 X56 X62,0.984022222222,0.0033009151562,0.984022222222,0.0033009151562
0.000275422870334,0.000275422870334,0.000275422870334,0.000275422870334,0.000275422870334,0.000275422870334,0.000275422870334,0.000275422870334,0.000275422870334,0.000275422870334,0.000275422870334,0.000275422870334,0.000275422870334,0.000275422870334,0.000275422870334,0.000275422870334,0.000275422870334,0.000275422870334,5,X5 X6 X12,0.963088888889,0.00572815412508,0.963088888889,0.00572815412508
0.000275422870334,0.000275422870334,0.000275422870334,0.000275422870334,0.000275422870334,0.000275422870334,0.000275422870334,0.000275422870334,0.000275422870334,0.000275422870334,0.000275422870334,0.000275422870334,0.000275422870334,0.000275422870334,0.000275422870334,0.000275422870334,0.000275422870334,0.000275422870334,5,X50 X56 X57 X63,0.984711111111,0.00362593186155,0.984711111111,0.00362593186155
0.000275422870334,0.000275422870334,0.000275422870334,0.000275422870334,0.000275422870334,0.000275422870334,0.000275422870334,0.000275422870334,0.000275422870334,0.000275422870334,0.000275422870334,0.000275422870334,0.000275422870334,0.000275422870334,0.000275422870334,0.000275422870334,0.000275422870334,0.000275422870334,5,X51 X57 X58 X64,0.957955555556,0.00570523274856,0.957955555556,0.00570523274856
0.000275422870334,0.000275422870334,0.000275422870334,0.000275422870334,0.000275422870334,0.000275422870334,0.000275422870334,0.000275422870334,0.000275422870334,0.000275422870334,0.000275422870334,0.000275422870334,0.000275422870334,0.000275422870334,0.000275422870334,0.000275422870334,0.000275422870334,0.000275422870334,5,X59 X65 X66 X72,0.984444444444,0.00354644426463,0.984444444444,0.00354644426463
0.000275422870334,0.000275422870334,0.000275422870334,0.000275422870334,0.000275422870334,0.000275422870334,0.000275422870334,0.000275422870334,0.000275422870334,0.000275422870334,0.000275422870334,0.000275422870334,0.000275422870334,0.000275422870334,0.000275422870334,0.000275422870334,0.000275422870334,0.000275422870334,5,X60 X66 X67 X73,0.9846,0.00254522315712,0.9846,0.00254522315712
0.000275422870334,0.000275422870334,0.000275422870334,0.000275422870334,0.000275422870334,0.000275422870334,0.000275422870334,0.000275422870334,0.000275422870334,0.000275422870334,0.000275422870334,0.000275422870334,0.000275422870334,0.000275422870334,0.000275422870334,0.000275422870334,0.000275422870334,0.000275422870334,5,X61 X67 X68 X74,0.984666666667,0.00310234122443,0.984666666667,0.00310234122443
0.000275422870334,0.000275422870334,0.000275422870334,0.000275422870334,0.000275422870334,0.000275422870334,0.000275422870334,0.000275422870334,0.000275422870334,0.000275422870334,0.000275422870334,0.000275422870334,0.000275422870334,0.000275422870334,0.000275422870334,0.000275422870334,0.000275422870334,0.000275422870334,5,X62 X68 X69 X75,0.983866666667,0.00287890996826,0.983866666667,0.00287890996826
0.000275422870334,0.000275422870334,0.000275422870334,0.000275422870334,0.000275422870334,0.000275422870334,0.000275422870334,0.000275422870334,0.000275422870334,0.000275422870334,0.000275422870334,0.000275422870334,0.000275422870334,0.000275422870334,0.000275422870334,0.000275422870334,0.000275422870334,0.000275422870334,5,X63 X69 X70 X76,0.983822222222,0.00296044592961,0.983822222222,0.00296044592961
0.000275422870334,0.000275422870334,0.000275422870334,0.000275422870334,0.000275422870334,0.000275422870334,0.000275422870334,0.000275422870334,0.000275422870334,0.000275422870334,0.000275422870334,0.000275422870334,0.000275422870334,0.000275422870334,0.000275422870334,0.000275422870334,0.000275422870334,0.000275422870334,5,X64 X70 X71 X77,0.957511111111,0.0051280412588,0.957511111111,0.0051280412588
0.000275422870334,0.000275422870334,0.000275422870334,0.000275422870334,0.000275422870334,0.000275422870334,0.000275422870334,0.000275422870334,0.000275422870334,0.000275422870334,0.000275422870334,0.000275422870334,0.000275422870334,0.000275422870334,0.000275422870334,0.000275422870334,0.000275422870334,0.000275422870334,5,X7 X13 X14 X20,0.983911111111,0.00460462314185,0.983911111111,0.00460462314185
0.000275422870334,0.000275422870334,0.000275422870334,0.000275422870334,0.000275422870334,0.000275422870334,0.000275422870334,0.000275422870334,0.000275422870334,0.000275422870334,0.000275422870334,0.000275422870334,0.000275422870334,0.000275422870334,0.000275422870334,0.000275422870334,0.000275422870334,0.000275422870334,5,X72 X78 X79,0.985822222222,0.00277886568734,0.985822222222,0.00277886568734
0.000275422870334,0.000275422870334,0.000275422870334,0.000275422870334,0.000275422870334,0.000275422870334,0.000275422870334,0.000275422870334,0.000275422870334,0.000275422870334,0.000275422870334,0.000275422870334,0.000275422870334,0.000275422870334,0.000275422870334,0.000275422870334,0.000275422870334,0.000275422870334,5,X73 X79 X80,0.986177777778,0.00286039588575,0.986177777778,0.00286039588575
0.000275422870334,0.000275422870334,0.000275422870334,0.000275422870334,0.000275422870334,0.000275422870334,0.000275422870334,0.000275422870334,0.000275422870334,0.000275422870334,0.000275422870334,0.000275422870334,0.000275422870334,0.000275422870334,0.000275422870334,0.000275422870334,0.000275422870334,0.000275422870334,5,X74 X80 X81,0.985955555556,0.00301685346895,0.985955555556,0.00301685346895
0.000275422870334,0.000275422870334,0.000275422870334,0.000275422870334,0.000275422870334,0.000275422870334,0.000275422870334,0.000275422870334,0.000275422870334,0.000275422870334,0.000275422870334,0.000275422870334,0.000275422870334,0.000275422870334,0.000275422870334,0.000275422870334,0.000275422870334,0.000275422870334,5,X75 X81 X82,0.985488888889,0.00318850105108,0.985488888889,0.00318850105108
0.000275422870334,0.000275422870334,0.000275422870334,0.000275422870334,0.000275422870334,0.000275422870334,0.000275422870334,0.000275422870334,0.000275422870334,0.000275422870334,0.000275422870334,0.000275422870334,0.000275422870334,0.000275422870334,0.000275422870334,0.000275422870334,0.000275422870334,0.000275422870334,5,X76 X82 X83,0.985933333333,0.00375637389348,0.985933333333,0.00375637389348
0.000275422870334,0.000275422870334,0.000275422870334,0.000275422870334,0.000275422870334,0.000275422870334,0.000275422870334,0.000275422870334,0.000275422870334,0.000275422870334,0.000275422870334,0.000275422870334,0.000275422870334,0.000275422870334,0.000275422870334,0.000275422870334,0.000275422870334,0.000275422870334,5,X77 X83 X84,0.960066666667,0.00508125546377,0.960066666667,0.00508125546377
0.000275422870334,0.000275422870334,0.000275422870334,0.000275422870334,0.000275422870334,0.000275422870334,0.000275422870334,0.000275422870334,0.000275422870334,0.000275422870334,0.000275422870334,0.000275422870334,0.000275422870334,0.000275422870334,0.000275422870334,0.000275422870334,0.000275422870334,0.000275422870334,5,X8 X14 X15 X21,0.984511111111,0.00374956787634,0.984511111111,0.00374956787634
0.000275422870334,0.000275422870334,0.000275422870334,0.000275422870334,0.000275422870334,0.000275422870334,0.000275422870334,0.000275422870334,0.000275422870334,0.000275422870334,0.000275422870334,0.000275422870334,0.000275422870334,0.000275422870334,0.000275422870334,0.000275422870334,0.000275422870334,0.000275422870334,5,X9 X15 X16 X22,0.983822222222,0.00316558763629,0.983822222222,0.00316558763629
0.000275422870334,0.000275422870334,0.000275422870334,0.000275422870334,0.000275422870334,0.000275422870334,0.000275422870334,0.000275422870334,0.000275422870334,0.000275422870334,0.000275422870334,0.000275422870334,0.000275422870334,0.000275422870334,0.000275422870334,0.000275422870334,0.000275422870334,0.000275422870334,5,Z0 Z7 Z13,0.981088888889,0.0035814906605,0.981088888889,0.0035814906605
0.000275422870334,0.000275422870334,0.000275422870334,0.000275422870334,0.000275422870334,0.000275422870334,0.000275422870334,0.000275422870334,0.000275422870334,0.000275422870334,0.000275422870334,0.000275422870334,0.000275422870334,0.000275422870334,0.000275422870334,0.000275422870334,0.000275422870334,0.000275422870334,5,Z1 Z7 Z8 Z14,0.973644444444,0.00352216118491,0.973644444444,0.00352216118491
0.000275422870334,0.000275422870334,0.000275422870334,0.000275422870334,0.000275422870334,0.000275422870334,0.000275422870334,0.000275422870334,0.000275422870334,0.000275422870334,0.000275422870334,0.000275422870334,0.000275422870334,0.000275422870334,0.000275422870334,0.000275422870334,0.000275422870334,0.000275422870334,5,Z13 Z20 Z26,0.982111111111,0.00337710721313,0.982111111111,0.00337710721313
0.000275422870334,0.000275422870334,0.000275422870334,0.000275422870334,0.000275422870334,0.000275422870334,0.000275422870334,0.000275422870334,0.000275422870334,0.000275422870334,0.000275422870334,0.000275422870334,0.000275422870334,0.000275422870334,0.000275422870334,0.000275422870334,0.000275422870334,0.000275422870334,5,Z14 Z20 Z21 Z27,0.977911111111,0.00357827987243,0.977911111111,0.00357827987243
0.000275422870334,0.000275422870334,0.000275422870334,0.000275422870334,0.000275422870334,0.000275422870334,0.000275422870334,0.000275422870334,0.000275422870334,0.000275422870334,0.000275422870334,0.000275422870334,0.000275422870334,0.000275422870334,0.000275422870334,0.000275422870334,0.000275422870334,0.000275422870334,5,Z15 Z21 Z22 Z28,0.976088888889,0.00425160175661,0.976088888889,0.00425160175661
0.000275422870334,0.000275422870334,0.000275422870334,0.000275422870334,0.000275422870334,0.000275422870334,0.000275422870334,0.000275422870334,0.000275422870334,0.000275422870334,0.000275422870334,0.000275422870334,0.000275422870334,0.000275422870334,0.000275422870334,0.000275422870334,0.000275422870334,0.000275422870334,5,Z16 Z22 Z23 Z29,0.977111111111,0.00304416196916,0.977111111111,0.00304416196916
0.000275422870334,0.000275422870334,0.000275422870334,0.000275422870334,0.000275422870334,0.000275422870334,0.000275422870334,0.000275422870334,0.000275422870334,0.000275422870334,0.000275422870334,0.000275422870334,0.000275422870334,0.000275422870334,0.000275422870334,0.000275422870334,0.000275422870334,0.000275422870334,5,Z17 Z23 Z24 Z30,0.976533333333,0.00278143820126,0.976533333333,0.00278143820126
0.000275422870334,0.000275422870334,0.000275422870334,0.000275422870334,0.000275422870334,0.000275422870334,0.000275422870334,0.000275422870334,0.000275422870334,0.000275422870334,0.000275422870334,0.000275422870334,0.000275422870334,0.000275422870334,0.000275422870334,0.000275422870334,0.000275422870334,0.000275422870334,5,Z18 Z24 Z25 Z31,0.9642,0.00595036944666,0.9642,0.00595036944666
0.000275422870334,0.000275422870334,0.000275422870334,0.000275422870334,0.000275422870334,0.000275422870334,0.000275422870334,0.000275422870334,0.000275422870334,0.000275422870334,0.000275422870334,0.000275422870334,0.000275422870334,0.000275422870334,0.000275422870334,0.000275422870334,0.000275422870334,0.000275422870334,5,Z19 Z25 Z32,0.966311111111,0.00469036130211,0.966311111111,0.00469036130211
0.000275422870334,0.000275422870334,0.000275422870334,0.000275422870334,0.000275422870334,0.000275422870334,0.000275422870334,0.000275422870334,0.000275422870334,0.000275422870334,0.000275422870334,0.000275422870334,0.000275422870334,0.000275422870334,0.000275422870334,0.000275422870334,0.000275422870334,0.000275422870334,5,Z2 Z8 Z9 Z15,0.971933333333,0.00402044583029,0.971933333333,0.00402044583029
0.000275422870334,0.000275422870334,0.000275422870334,0.000275422870334,0.000275422870334,0.000275422870334,0.000275422870334,0.000275422870334,0.000275422870334,0.000275422870334,0.000275422870334,0.000275422870334,0.000275422870334,0.000275422870334,0.000275422870334,0.000275422870334,0.000275422870334,0.000275422870334,5,Z26 Z33 Z39,0.980266666667,0.00372050340597,0.980266666667,0.00372050340597
0.000275422870334,0.000275422870334,0.000275422870334,0.000275422870334,0.000275422870334,0.000275422870334,0.000275422870334,0.000275422870334,0.000275422870334,0.000275422870334,0.000275422870334,0.000275422870334,0.000275422870334,0.000275422870334,0.000275422870334,0.000275422870334,0.000275422870334,0.000275422870334,5,Z27 Z33 Z34 Z40,0.976644444444,0.0028952773454,0.976644444444,0.0028952773454
0.000275422870334,0.000275422870334,0.000275422870334,0.000275422870334,0.000275422870334,0.000275422870334,0.000275422870334,0.000275422870334,0.000275422870334,0.000275422870334,0.000275422870334,0.000275422870334,0.000275422870334,0.000275422870334,0.000275422870334,0.000275422870334,0.000275422870334,0.000275422870334,5,Z28 Z34 Z35 Z41,0.977244444444,0.00437594726107,0.977244444444,0.00437594726107
0.000275422870334,0.000275422870334,0.000275422870334,0.000275422870334,0.000275422870334,0.000275422870334,0.000275422870334,0.000275422870334,0.000275422870334,0.000275422870334,0.000275422870334,0.000275422870334,0.000275422870334,0.000275422870334,0.000275422870334,0.000275422870334,0.000275422870334,0.000275422870334,5,Z29 Z35 Z36 Z42,0.976622222222,0.00392236277738,0.976622222222,0.00392236277738
0.000275422870334,0.000275422870334,0.000275422870334,0.000275422870334,0.000275422870334,0.000275422870334,0.000275422870334,0.000275422870334,0.000275422870334,0.000275422870334,0.000275422870334,0.000275422870334,0.000275422870334,0.000275422870334,0.000275422870334,0.000275422870334,0.000275422870334,0.000275422870334,5,Z3 Z9 Z10 Z16,0.969444444444,0.00452860921309,0.969444444444,0.00452860921309
0.000275422870334,0.000275422870334,0.000275422870334,0.000275422870334,0.000275422870334,0.000275422870334,0.000275422870334,0.000275422870334,0.000275422870334,0.000275422870334,0.000275422870334,0.000275422870334,0.000275422870334,0.000275422870334,0.000275422870334,0.000275422870334,0.000275422870334,0.000275422870334,5,Z30 Z36 Z37 Z43,0.977466666667,0.0046827309712,0.977466666667,0.0046827309712
0.000275422870334,0.000275422870334,0.000275422870334,0.000275422870334,0.000275422870334,0.000275422870334,0.000275422870334,0.000275422870334,0.000275422870334,0.000275422870334,0.000275422870334,0.000275422870334,0.000275422870334,0.000275422870334,0.000275422870334,0.000275422870334,0.000275422870334,0.000275422870334,5,Z31 Z37 Z38 Z44,0.965177777778,0.00504898103094,0.965177777778,0.00504898103094
0.000275422870334,0.000275422870334,0.000275422870334,0.000275422870334,0.000275422870334,0.000275422870334,0.000275422870334,0.000275422870334,0.000275422870334,0.000275422870334,0.000275422870334,0.000275422870334,0.000275422870334,0.000275422870334,0.000275422870334,0.000275422870334,0.000275422870334,0.000275422870334,5,Z32 Z38 Z45,0.969333333333,0.00450797505322,0.969333333333,0.00450797505322
0.000275422870334,0.000275422870334,0.000275422870334,0.000275422870334,0.000275422870334,0.000275422870334,0.000275422870334,0.000275422870334,0.000275422870334,0.000275422870334,0.000275422870334,0.000275422870334,0.000275422870334,0.000275422870334,0.000275422870334,0.000275422870334,0.000275422870334,0.000275422870334,5,Z39 Z46 Z52,0.980177777778,0.00344828607917,0.980177777778,0.00344828607917
0.000275422870334,0.000275422870334,0.000275422870334,0.000275422870334,0.000275422870334,0.000275422870334,0.000275422870334,0.000275422870334,0.000275422870334,0.000275422870334,0.000275422870334,0.000275422870334,0.000275422870334,0.000275422870334,0.000275422870334,0.000275422870334,0.000275422870334,0.000275422870334,5,Z4 Z10 Z11 Z17,0.965977777778,0.00482485052939,0.965977777778,0.00482485052939
0.000275422870334,0.000275422870334,0.000275422870334,0.000275422870334,0.000275422870334,0.000275422870334,0.000275422870334,0.000275422870334,0.000275422870334,0.000275422870334,0.000275422870334,0.000275422870334,0.000275422870334,0.000275422870334,0.000275422870334,0.000275422870334,0.000275422870334,0.000275422870334,5,Z40 Z46 Z47 Z53,0.976977777778,0.00305622075657,0.976977777778,0.00305622075657
0.000275422870334,0.000275422870334,0.000275422870334,0.000275422870334,0.000275422870334,0.000275422870334,0.000275422870334,0.000275422870334,0.000275422870334,0.000275422870334,0.000275422870334,0.000275422870334,0.000275422870334,0.000275422870334,0.000275422870334,0.000275422870334,0.000275422870334,0.000275422870334,5,Z41 Z47 Z48 Z54,0.975777777778,0.00408467215521,0.975777777778,0.00408467215521
0.000275422870334,0.000275422870334,0.000275422870334,0.000275422870334,0.000275422870334,0.000275422870334,0.000275422870334,0.000275422870334,0.000275422870334,0.000275422870334,0.000275422870334,0.000275422870334,0.000275422870334,0.000275422870334,0.000275422870334,0.000275422870334,0.000275422870334,0.000275422870334,5,Z42 Z48 Z49 Z55,0.976422222222,0.00380957991201,0.976422222222,0.00380957991201
0.000275422870334,0.000275422870334,0.000275422870334,0.000275422870334,0.000275422870334,0.000275422870334,0.000275422870334,0.000275422870334,0.000275422870334,0.000275422870334,0.000275422870334,0.000275422870334,0.000275422870334,0.000275422870334,0.000275422870334,0.000275422870334,0.000275422870334,0.000275422870334,5,Z43 Z49 Z50 Z56,0.977222222222,0.00347991867317,0.977222222222,0.00347991867317
0.000275422870334,0.000275422870334,0.000275422870334,0.000275422870334,0.000275422870334,0.000275422870334,0.000275422870334,0.000275422870334,0.000275422870334,0.000275422870334,0.000275422870334,0.000275422870334,0.000275422870334,0.000275422870334,0.000275422870334,0.000275422870334,0.000275422870334,0.000275422870334,5,Z44 Z50 Z51 Z57,0.9652,0.00497164373013,0.9652,0.00497164373013
0.000275422870334,0.000275422870334,0.000275422870334,0.000275422870334,0.000275422870334,0.000275422870334,0.000275422870334,0.000275422870334,0.000275422870334,0.000275422870334,0.000275422870334,0.000275422870334,0.000275422870334,0.000275422870334,0.000275422870334,0.000275422870334,0.000275422870334,0.000275422870334,5,Z45 Z51 Z58,0.967911111111,0.00497575218776,0.967911111111,0.00497575218776
0.000275422870334,0.000275422870334,0.000275422870334,0.000275422870334,0.000275422870334,0.000275422870334,0.000275422870334,0.000275422870334,0.000275422870334,0.000275422870334,0.000275422870334,0.000275422870334,0.000275422870334,0.000275422870334,0.000275422870334,0.000275422870334,0.000275422870334,0.000275422870334,5,Z5 Z11 Z12 Z18,0.952311111111,0.00510647799337,0.952311111111,0.00510647799337
0.000275422870334,0.000275422870334,0.000275422870334,0.000275422870334,0.000275422870334,0.000275422870334,0.000275422870334,0.000275422870334,0.000275422870334,0.000275422870334,0.000275422870334,0.000275422870334,0.000275422870334,0.000275422870334,0.000275422870334,0.000275422870334,0.000275422870334,0.000275422870334,5,Z52 Z59 Z65,0.979377777778,0.00342599185329,0.979377777778,0.00342599185329
0.000275422870334,0.000275422870334,0.000275422870334,0.000275422870334,0.000275422870334,0.000275422870334,0.000275422870334,0.000275422870334,0.000275422870334,0.000275422870334,0.000275422870334,0.000275422870334,0.000275422870334,0.000275422870334,0.000275422870334,0.000275422870334,0.000275422870334,0.000275422870334,5,Z53 Z59 Z60 Z66,0.976622222222,0.0046318349792,0.976622222222,0.0046318349792
0.000275422870334,0.000275422870334,0.000275422870334,0.000275422870334,0.000275422870334,0.000275422870334,0.000275422870334,0.000275422870334,0.000275422870334,0.000275422870334,0.000275422870334,0.000275422870334,0.000275422870334,0.000275422870334,0.000275422870334,0.000275422870334,0.000275422870334,0.000275422870334,5,Z54 Z60 Z61 Z67,0.976488888889,0.00350995664613,0.976488888889,0.00350995664613
0.000275422870334,0.000275422870334,0.000275422870334,0.000275422870334,0.000275422870334,0.000275422870334,0.000275422870334,0.000275422870334,0.000275422870334,0.000275422870334,0.000275422870334,0.000275422870334,0.000275422870334,0.000275422870334,0.000275422870334,0.000275422870334,0.000275422870334,0.000275422870334,5,Z55 Z61 Z62 Z68,0.976533333333,0.00374840962445,0.976533333333,0.00374840962445
0.000275422870334,0.000275422870334,0.000275422870334,0.000275422870334,0.000275422870334,0.000275422870334,0.000275422870334,0.000275422870334,0.000275422870334,0.000275422870334,0.000275422870334,0.000275422870334,0.000275422870334,0.000275422870334,0.000275422870334,0.000275422870334,0.000275422870334,0.000275422870334,5,Z56 Z62 Z63 Z69,0.976977777778,0.00385854610355,0.976977777778,0.00385854610355
0.000275422870334,0.000275422870334,0.000275422870334,0.000275422870334,0.000275422870334,0.000275422870334,0.000275422870334,0.000275422870334,0.000275422870334,0.000275422870334,0.000275422870334,0.000275422870334,0.000275422870334,0.000275422870334,0.000275422870334,0.000275422870334,0.000275422870334,0.000275422870334,5,Z57 Z63 Z64 Z70,0.9632,0.00500543765622,0.9632,0.00500543765622
0.000275422870334,0.000275422870334,0.000275422870334,0.000275422870334,0.000275422870334,0.000275422870334,0.000275422870334,0.000275422870334,0.000275422870334,0.000275422870334,0.000275422870334,0.000275422870334,0.000275422870334,0.000275422870334,0.000275422870334,0.000275422870334,0.000275422870334,0.000275422870334,5,Z58 Z64 Z71,0.966755555556,0.00484149792638,0.966755555556,0.00484149792638
0.000275422870334,0.000275422870334,0.000275422870334,0.000275422870334,0.000275422870334,0.000275422870334,0.000275422870334,0.000275422870334,0.000275422870334,0.000275422870334,0.000275422870334,0.000275422870334,0.000275422870334,0.000275422870334,0.000275422870334,0.000275422870334,0.000275422870334,0.000275422870334,5,Z6 Z12 Z19,0.967533333333,0.0049119449371,0.967533333333,0.0049119449371
0.000275422870334,0.000275422870334,0.000275422870334,0.000275422870334,0.000275422870334,0.000275422870334,0.000275422870334,0.000275422870334,0.000275422870334,0.000275422870334,0.000275422870334,0.000275422870334,0.000275422870334,0.000275422870334,0.000275422870334,0.000275422870334,0.000275422870334,0.000275422870334,5,Z65 Z72 Z78,0.980333333333,0.00364623355767,0.980333333333,0.00364623355767
0.000275422870334,0.000275422870334,0.000275422870334,0.000275422870334,0.000275422870334,0.000275422870334,0.000275422870334,0.000275422870334,0.000275422870334,0.000275422870334,0.000275422870334,0.000275422870334,0.000275422870334,0.000275422870334,0.000275422870334,0.000275422870334,0.000275422870334,0.000275422870334,5,Z66 Z72 Z73 Z79,0.977911111111,0.00448320265018,0.977911111111,0.00448320265018
0.000275422870334,0.000275422870334,0.000275422870334,0.000275422870334,0.000275422870334,0.000275422870334,0.000275422870334,0.000275422870334,0.000275422870334,0.000275422870334,0.000275422870334,0.000275422870334,0.000275422870334,0.000275422870334,0.000275422870334,0.000275422870334,0.000275422870334,0.000275422870334,5,Z67 Z73 Z74 Z80,0.977111111111,0.00407340061774,0.977111111111,0.00407340061774
0.000275422870334,0.000275422870334,0.000275422870334,0.000275422870334,0.000275422870334,0.000275422870334,0.000275422870334,0.000275422870334,0.000275422870334,0.000275422870334,0.000275422870334,0.000275422870334,0.000275422870334,0.000275422870334,0.000275422870334,0.000275422870334,0.000275422870334,0.000275422870334,5,Z68 Z74 Z75 Z81,0.976422222222,0.00567439184942,0.976422222222,0.00567439184942
0.000275422870334,0.000275422870334,0.000275422870334,0.000275422870334,0.000275422870334,0.000275422870334,0.000275422870334,0.000275422870334,0.000275422870334,0.000275422870334,0.000275422870334,0.000275422870334,0.000275422870334,0.000275422870334,0.000275422870334,0.000275422870334,0.000275422870334,0.000275422870334,5,Z69 Z75 Z76 Z82,0.976911111111,0.00377725937394,0.976911111111,0.00377725937394
0.000275422870334,0.000275422870334,0.000275422870334,0.000275422870334,0.000275422870334,0.000275422870334,0.000275422870334,0.000275422870334,0.000275422870334,0.000275422870334,0.000275422870334,0.000275422870334,0.000275422870334,0.000275422870334,0.000275422870334,0.000275422870334,0.000275422870334,0.000275422870334,5,Z70 Z76 Z77 Z83,0.961644444444,0.00571543137576,0.961644444444,0.00571543137576
0.000275422870334,0.000275422870334,0.000275422870334,0.000275422870334,0.000275422870334,0.000275422870334,0.000275422870334,0.000275422870334,0.000275422870334,0.000275422870334,0.000275422870334,0.000275422870334,0.000275422870334,0.000275422870334,0.000275422870334,0.000275422870334,0.000275422870334,0.000275422870334,5,Z71 Z77 Z84,0.953955555556,0.00535035597579,0.953955555556,0.00535035597579
0.000275422870334,0.000275422870334,0.000275422870334,0.000275422870334,0.000275422870334,0.000275422870334,0.000275422870334,0.000275422870334,0.000275422870334,0.000275422870334,0.000275422870334,0.000275422870334,0.000275422870334,0.000275422870334,0.000275422870334,0.000275422870334,0.000275422870334,0.000275422870334,10,Logical X,0.984288888889,0.0028483151346,0.983244444444,0.0044763604994
0.000275422870334,0.000275422870334,0.000275422870334,0.000275422870334,0.000275422870334,0.000275422870334,0.000275422870334,0.000275422870334,0.000275422870334,0.000275422870334,0.000275422870334,0.000275422870334,0.000275422870334,0.000275422870334,0.000275422870334,0.000275422870334,0.000275422870334,0.000275422870334,10,Logical Y,0.0142222222222,0.0141771315867,0.00424444444444,0.0151270312802
0.000275422870334,0.000275422870334,0.000275422870334,0.000275422870334,0.000275422870334,0.000275422870334,0.000275422870334,0.000275422870334,0.000275422870334,0.000275422870334,0.000275422870334,0.000275422870334,0.000275422870334,0.000275422870334,0.000275422870334,0.000275422870334,0.000275422870334,0.000275422870334,10,Logical Z,0.0112,0.00999831403412,0.0004,0.0128946215287
0.000275422870334,0.000275422870334,0.000275422870334,0.000275422870334,0.000275422870334,0.000275422870334,0.000275422870334,0.000275422870334,0.000275422870334,0.000275422870334,0.000275422870334,0.000275422870334,0.000275422870334,0.000275422870334,0.000275422870334,0.000275422870334,0.000275422870334,0.000275422870334,10,X0 X1 X7,0.984755555556,0.00325062131796,0.984755555556,0.00325062131796
0.000275422870334,0.000275422870334,0.000275422870334,0.000275422870334,0.000275422870334,0.000275422870334,0.000275422870334,0.000275422870334,0.000275422870334,0.000275422870334,0.000275422870334,0.000275422870334,0.000275422870334,0.000275422870334,0.000275422870334,0.000275422870334,0.000275422870334,0.000275422870334,10,X1 X2 X8,0.979688888889,0.0030512020536,0.979688888889,0.0030512020536
0.000275422870334,0.000275422870334,0.000275422870334,0.000275422870334,0.000275422870334,0.000275422870334,0.000275422870334,0.000275422870334,0.000275422870334,0.000275422870334,0.000275422870334,0.000275422870334,0.000275422870334,0.000275422870334,0.000275422870334,0.000275422870334,0.000275422870334,0.000275422870334,10,X10 X16 X17 X23,0.984733333333,0.0037888725969,0.984733333333,0.0037888725969
0.000275422870334,0.000275422870334,0.000275422870334,0.000275422870334,0.000275422870334,0.000275422870334,0.000275422870334,0.000275422870334,0.000275422870334,0.000275422870334,0.000275422870334,0.000275422870334,0.000275422870334,0.000275422870334,0.000275422870334,0.000275422870334,0.000275422870334,0.000275422870334,10,X11 X17 X18 X24,0.984288888889,0.00264753674765,0.984288888889,0.00264753674765
0.000275422870334,0.000275422870334,0.000275422870334,0.000275422870334,0.000275422870334,0.000275422870334,0.000275422870334,0.000275422870334,0.000275422870334,0.000275422870334,0.000275422870334,0.000275422870334,0.000275422870334,0.000275422870334,0.000275422870334,0.000275422870334,0.000275422870334,0.000275422870334,10,X12 X18 X19 X25,0.961733333333,0.00385006344178,0.961733333333,0.00385006344178
0.000275422870334,0.000275422870334,0.000275422870334,0.000275422870334,0.000275422870334,0.000275422870334,0.000275422870334,0.000275422870334,0.000275422870334,0.000275422870334,0.000275422870334,0.000275422870334,0.000275422870334,0.000275422870334,0.000275422870334,0.000275422870334,0.000275422870334,0.000275422870334,10,X2 X3 X9,0.976555555556,0.00327574779662,0.976555555556,0.00327574779662
0.000275422870334,0.000275422870334,0.000275422870334,0.000275422870334,0.000275422870334,0.000275422870334,0.000275422870334,0.000275422870334,0.000275422870334,0.000275422870334,0.000275422870334,0.000275422870334,0.000275422870334,0.000275422870334,0.000275422870334,0.000275422870334,0.000275422870334,0.000275422870334,10,X20 X26 X27 X33,0.985111111111,0.00317235826483,0.985111111111,0.00317235826483
0.000275422870334,0.000275422870334,0.000275422870334,0.000275422870334,0.000275422870334,0.000275422870334,0.000275422870334,0.000275422870334,0.000275422870334,0.000275422870334,0.000275422870334,0.000275422870334,0.000275422870334,0.000275422870334,0.000275422870334,0.000275422870334,0.000275422870334,0.000275422870334,10,X21 X27 X28 X34,0.984688888889,0.00317308283245,0.984688888889,0.00317308283245
0.000275422870334,0.000275422870334,0.000275422870334,0.000275422870334,0.000275422870334,0.000275422870334,0.000275422870334,0.000275422870334,0.000275422870334,0.000275422870334,0.000275422870334,0.000275422870334,0.000275422870334,0.000275422870334,0.000275422870334,0.000275422870334,0.000275422870334,0.000275422870334,10,X22 X28 X29 X35,0.984555555556,0.00320480163382,0.984555555556,0.00320480163382
0.000275422870334,0.000275422870334,0.000275422870334,0.000275422870334,0.000275422870334,0.000275422870334,0.000275422870334,0.000275422870334,0.000275422870334,0.000275422870334,0.000275422870334,0.000275422870334,0.000275422870334,0.000275422870334,0.000275422870334,0.000275422870334,0.000275422870334,0.000275422870334,10,X23 X29 X30 X36,0.984377777778,0.00305095090174,0.984377777778,0.00305095090174
0.000275422870334,0.000275422870334,0.000275422870334,0.000275422870334,0.000275422870334,0.000275422870334,0.000275422870334,0.000275422870334,0.000275422870334,0.000275422870334,0.000275422870334,0.000275422870334,0.000275422870334,0.000275422870334,0.000275422870334,0.000275422870334,0.000275422870334,0.000275422870334,10,X24 X30 X31 X37,0.984555555556,0.00348431992115,0.984555555556,0.00348431992115
0.000275422870334,0.000275422870334,0.000275422870334,0.000275422870334,0.000275422870334,0.000275422870334,0.000275422870334,0.000275422870334,0.000275422870334,0.000275422870334,0.000275422870334,0.000275422870334,0.000275422870334,0.000275422870334,0.000275422870334,0.000275422870334,0.000275422870334,0.000275422870334,10,X25 X31 X32 X38,0.961222222222,0.00591402860621,0.961222222222,0.00591402860621
0.000275422870334,0.000275422870334,0.000275422870334,0.000275422870334,0.000275422870334,0.000275422870334,0.000275422870334,0.000275422870334,0.000275422870334,0.000275422870334,0.000275422870334,0.000275422870334,0.000275422870334,0.000275422870334,0.000275422870334,0.000275422870334,0.000275422870334,0.000275422870334,10,X3 X4 X10,0.969133333333,0.00366468075792,0.969133333333,0.00366468075792
0.000275422870334,0.000275422870334,0.000275422870334,0.000275422870334,0.000275422870334,0.000275422870334,0.000275422870334,0.000275422870334,0.000275422870334,0.000275422870334,0.000275422870334,0.000275422870334,0.000275422870334,0.000275422870334,0.000275422870334,0.000275422870334,0.000275422870334,0.000275422870334,10,X33 X39 X40 X46,0.983933333333,0.00279216199071,0.983933333333,0.00279216199071
0.000275422870334,0.000275422870334,0.000275422870334,0.000275422870334,0.000275422870334,0.000275422870334,0.000275422870334,0.000275422870334,0.000275422870334,0.000275422870334,0.000275422870334,0.000275422870334,0.000275422870334,0.000275422870334,0.000275422870334,0.000275422870334,0.000275422870334,0.000275422870334,10,X34 X40 X41 X47,0.984488888889,0.00304718113986,0.984488888889,0.00304718113986
0.000275422870334,0.000275422870334,0.000275422870334,0.000275422870334,0.000275422870334,0.000275422870334,0.000275422870334,0.000275422870334,0.000275422870334,0.000275422870334,0.000275422870334,0.000275422870334,0.000275422870334,0.000275422870334,0.000275422870334,0.000275422870334,0.000275422870334,0.000275422870334,10,X35 X41 X42 X48,0.9846,0.00352918863392,0.9846,0.00352918863392
0.000275422870334,0.000275422870334,0.000275422870334,0.000275422870334,0.000275422870334,0.000275422870334,0.000275422870334,0.000275422870334,0.000275422870334,0.000275422870334,0.000275422870334,0.000275422870334,0.000275422870334,0.000275422870334,0.000275422870334,0.000275422870334,0.000275422870334,0.000275422870334,10,X36 X42 X43 X49,0.984866666667,0.00355428617187,0.984866666667,0.00355428617187
0.000275422870334,0.000275422870334,0.000275422870334,0.000275422870334,0.000275422870334,0.000275422870334,0.000275422870334,0.000275422870334,0.000275422870334,0.000275422870334,0.000275422870334,0.000275422870334,0.000275422870334,0.000275422870334,0.000275422870334,0.000275422870334,0.000275422870334,0.000275422870334,10,X37 X43 X44 X50,0.984044444444,0.00348366008843,0.984044444444,0.00348366008843
0.000275422870334,0.000275422870334,0.000275422870334,0.000275422870334,0.000275422870334,0.000275422870334,0.000275422870334,0.000275422870334,0.000275422870334,0.000275422870334,0.000275422870334,0.000275422870334,0.000275422870334,0.000275422870334,0.000275422870334,0.000275422870334,0.000275422870334,0.000275422870334,10,X38 X44 X45 X51,0.9592,0.00486885480646,0.9592,0.00486885480646
0.000275422870334,0.000275422870334,0.000275422870334,0.000275422870334,0.000275422870334,0.000275422870334,0.000275422870334,0.000275422870334,0.000275422870334,0.000275422870334,0.000275422870334,0.000275422870334,0.000275422870334,0.000275422870334,0.000275422870334,0.000275422870334,0.000275422870334,0.000275422870334,10,X4 X5 X11,0.966511111111,0.00403693041208,0.966511111111,0.00403693041208
0.000275422870334,0.000275422870334,0.000275422870334,0.000275422870334,0.000275422870334,0.000275422870334,0.000275422870334,0.000275422870334,0.000275422870334,0.000275422870334,0.000275422870334,0.000275422870334,0.000275422870334,0.000275422870334,0.000275422870334,0.000275422870334,0.000275422870334,0.000275422870334,10,X46 X52 X53 X59,0.9842,0.00276347274443,0.9842,0.00276347274443
0.000275422870334,0.000275422870334,0.000275422870334,0.000275422870334,0.000275422870334,0.000275422870334,0.000275422870334,0.000275422870334,0.000275422870334,0.000275422870334,0.000275422870334,0.000275422870334,0.000275422870334,0.000275422870334,0.000275422870334,0.000275422870334,0.000275422870334,0.000275422870334,10,X47 X53 X54 X60,0.984533333333,0.00252132665924,0.984533333333,0.00252132665924
0.000275422870334,0.000275422870334,0.000275422870334,0.000275422870334,0.000275422870334,0.000275422870334,0.000275422870334,0.000275422870334,0.000275422870334,0.000275422870334,0.000275422870334,0.000275422870334,0.000275422870334,0.000275422870334,0.000275422870334,0.000275422870334,0.000275422870334,0.000275422870334,10,X48 X54 X55 X61,0.985355555556,0.00236502830345,0.985355555556,0.00236502830345
0.000275422870334,0.000275422870334,0.000275422870334,0.000275422870334,0.000275422870334,0.000275422870334,0.000275422870334,0.000275422870334,0.000275422870334,0.000275422870334,0.000275422870334,0.000275422870334,0.000275422870334,0.000275422870334,0.000275422870334,0.000275422870334,0.000275422870334,0.000275422870334,10,X49 X55 X56 X62,0.984111111111,0.00371425062788,0.984111111111,0.00371425062788
0.000275422870334,0.000275422870334,0.000275422870334,0.000275422870334,0.000275422870334,0.000275422870334,0.000275422870334,0.000275422870334,0.000275422870334,0.000275422870334,0.000275422870334,0.000275422870334,0.000275422870334,0.000275422870334,0.000275422870334,0.000275422870334,0.000275422870334,0.000275422870334,10,X5 X6 X12,0.963844444444,0.00521325552852,0.963844444444,0.00521325552852
0.000275422870334,0.000275422870334,0.000275422870334,0.000275422870334,0.000275422870334,0.000275422870334,0.000275422870334,0.000275422870334,0.000275422870334,0.000275422870334,0.000275422870334,0.000275422870334,0.000275422870334,0.000275422870334,0.000275422870334,0.000275422870334,0.000275422870334,0.000275422870334,10,X50 X56 X57 X63,0.985177777778,0.00330184359664,0.985177777778,0.00330184359664
0.000275422870334,0.000275422870334,0.000275422870334,0.000275422870334,0.000275422870334,0.000275422870334,0.000275422870334,0.000275422870334,0.000275422870334,0.000275422870334,0.000275422870334,0.000275422870334,0.000275422870334,0.000275422870334,0.000275422870334,0.000275422870334,0.000275422870334,0.000275422870334,10,X51 X57 X58 X64,0.957333333333,0.00534768184819,0.957333333333,0.00534768184819
0.000275422870334,0.000275422870334,0.000275422870334,0.000275422870334,0.000275422870334,0.000275422870334,0.000275422870334,0.000275422870334,0.000275422870334,0.000275422870334,0.000275422870334,0.000275422870334,0.000275422870334,0.000275422870334,0.000275422870334,0.000275422870334,0.000275422870334,0.000275422870334,10,X59 X65 X66 X72,0.984977777778,0.00343849442832,0.984977777778,0.00343849442832
0.000275422870334,0.000275422870334,0.000275422870334,0.000275422870334,0.000275422870334,0.000275422870334,0.000275422870334,0.000275422870334,0.000275422870334,0.000275422870334,0.000275422870334,0.000275422870334,0.000275422870334,0.000275422870334,0.000275422870334,0.000275422870334,0.000275422870334,0.000275422870334,10,X60 X66 X67 X73,0.984466666667,0.00408398423149,0.984466666667,0.00408398423149
0.000275422870334,0.000275422870334,0.000275422870334,0.000275422870334,0.000275422870334,0.000275422870334,0.000275422870334,0.000275422870334,0.000275422870334,0.000275422870334,0.000275422870334,0.000275422870334,0.000275422870334,0.000275422870334,0.000275422870334,0.000275422870334,0.000275422870334,0.000275422870334,10,X61 X67 X68 X74,0.984822222222,0.0033064818883,0.984822222222,0.0033064818883
0.000275422870334,0.000275422870334,0.000275422870334,0.000275422870334,0.000275422870334,0.000275422870334,0.000275422870334,0.000275422870334,0.000275422870334,0.000275422870334,0.000275422870334,0.000275422870334,0.000275422870334,0.000275422870334,0.000275422870334,0.000275422870334,0.000275422870334,0.000275422870334,10,X62 X68 X69 X75,0.983577777778,0.00275421423293,0.983577777778,0.00275421423293
0.000275422870334,0.000275422870334,0.000275422870334,0.000275422870334,0.000275422870334,0.000275422870334,0.000275422870334,0.000275422870334,0.000275422870334,0.000275422870334,0.000275422870334,0.000275422870334,0.000275422870334,0.000275422870334,0.000275422870334,0.000275422870334,0.000275422870334,0.000275422870334,10,X63 X69 X70 X76,0.984888888889,0.00406586889983,0.984888888889,0.00406586889983
0.000275422870334,0.000275422870334,0.000275422870334,0.000275422870334,0.000275422870334,0.000275422870334,0.000275422870334,0.000275422870334,0.000275422870334,0.000275422870334,0.000275422870334,0.000275422870334,0.000275422870334,0.000275422870334,0.000275422870334,0.000275422870334,0.000275422870334,0.000275422870334,10,X64 X70 X71 X77,0.958777777778,0.00362656580883,0.958777777778,0.00362656580883
0.000275422870334,0.000275422870334,0.000275422870334,0.000275422870334,0.000275422870334,0.000275422870334,0.000275422870334,0.000275422870334,0.000275422870334,0.000275422870334,0.000275422870334,0.000275422870334,0.000275422870334,0.000275422870334,0.000275422870334,0.000275422870334,0.000275422870334,0.000275422870334,10,X7 X13 X14 X20,0.984422222222,0.00294253172893,0.984422222222,0.00294253172893
0.000275422870334,0.000275422870334,0.000275422870334,0.000275422870334,0.000275422870334,0.000275422870334,0.000275422870334,0.000275422870334,0.000275422870334,0.000275422870334,0.000275422870334,0.000275422870334,0.000275422870334,0.000275422870334,0.000275422870334,0.000275422870334,0.000275422870334,0.000275422870334,10,X72 X78 X79,0.985866666667,0.00321109188768,0.985866666667,0.00321109188768
0.000275422870334,0.000275422870334,0.000275422870334,0.000275422870334,0.000275422870334,0.000275422870334,0.000275422870334,0.000275422870334,0.000275422870334,0.000275422870334,0.000275422870334,0.000275422870334,0.000275422870334,0.000275422870334,0.000275422870334,0.000275422870334,0.000275422870334,0.000275422870334,10,X73 X79 X80,0.987288888889,0.0026489835155,0.987288888889,0.0026489835155
0.000275422870334,0.000275422870334,0.000275422870334,0.000275422870334,0.000275422870334,0.000275422870334,0.000275422870334,0.000275422870334,0.000275422870334,0.000275422870334,0.000275422870334,0.000275422870334,0.000275422870334,0.000275422870334,0.000275422870334,0.000275422870334,0.000275422870334,0.000275422870334,10,X74 X80 X81,0.987288888889,0.0024000851411,0.987288888889,0.0024000851411
0.000275422870334,0.000275422870334,0.000275422870334,0.000275422870334,0.000275422870334,0.000275422870334,0.000275422870334,0.000275422870334,0.000275422870334,0.000275422870334,0.000275422870334,0.000275422870334,0.000275422870334,0.000275422870334,0.000275422870334,0.000275422870334,0.000275422870334,0.000275422870334,10,X75 X81 X82,0.986555555556,0.00366440194776,0.986555555556,0.00366440194776
0.000275422870334,0.000275422870334,0.000275422870334,0.000275422870334,0.000275422870334,0.000275422870334,0.000275422870334,0.000275422870334,0.000275422870334,0.000275422870334,0.000275422870334,0.000275422870334,0.000275422870334,0.000275422870334,0.000275422870334,0.000275422870334,0.000275422870334,0.000275422870334,10,X76 X82 X83,0.985733333333,0.00357342254135,0.985733333333,0.00357342254135
0.000275422870334,0.000275422870334,0.000275422870334,0.000275422870334,0.000275422870334,0.000275422870334,0.000275422870334,0.000275422870334,0.000275422870334,0.000275422870334,0.000275422870334,0.000275422870334,0.000275422870334,0.000275422870334,0.000275422870334,0.000275422870334,0.000275422870334,0.000275422870334,10,X77 X83 X84,0.959755555556,0.00630874436222,0.959755555556,0.00630874436222
0.000275422870334,0.000275422870334,0.000275422870334,0.000275422870334,0.000275422870334,0.000275422870334,0.000275422870334,0.000275422870334,0.000275422870334,0.000275422870334,0.000275422870334,0.000275422870334,0.000275422870334,0.000275422870334,0.000275422870334,0.000275422870334,0.000275422870334,0.000275422870334,10,X8 X14 X15 X21,0.985288888889,0.00270622007149,0.985288888889,0.00270622007149
0.000275422870334,0.000275422870334,0.000275422870334,0.000275422870334,0.000275422870334,0.000275422870334,0.000275422870334,0.000275422870334,0.000275422870334,0.000275422870334,0.000275422870334,0.000275422870334,0.000275422870334,0.000275422870334,0.000275422870334,0.000275422870334,0.000275422870334,0.000275422870334,10,X9 X15 X16 X22,0.985155555556,0.00288174773137,0.985155555556,0.00288174773137
0.000275422870334,0.000275422870334,0.000275422870334,0.000275422870334,0.000275422870334,0.000275422870334,0.000275422870334,0.000275422870334,0.000275422870334,0.000275422870334,0.000275422870334,0.000275422870334,0.000275422870334,0.000275422870334,0.000275422870334,0.000275422870334,0.000275422870334,0.000275422870334,10,Z0 Z7 Z13,0.980555555556,0.00386390441698,0.980555555556,0.00386390441698
0.000275422870334,0.000275422870334,0.000275422870334,0.000275422870334,0.000275422870334,0.000275422870334,0.000275422870334,0.000275422870334,0.000275422870334,0.000275422870334,0.000275422870334,0.000275422870334,0.000275422870334,0.000275422870334,0.000275422870334,0.000275422870334,0.000275422870334,0.000275422870334,10,Z1 Z7 Z8 Z14,0.973733333333,0.00381808561687,0.973733333333,0.00381808561687
0.000275422870334,0.000275422870334,0.000275422870334,0.000275422870334,0.000275422870334,0.000275422870334,0.000275422870334,0.000275422870334,0.000275422870334,0.000275422870334,0.000275422870334,0.000275422870334,0.000275422870334,0.000275422870334,0.000275422870334,0.000275422870334,0.000275422870334,0.000275422870334,10,Z13 Z20 Z26,0.981377777778,0.00371363164915,0.981377777778,0.00371363164915
0.000275422870334,0.000275422870334,0.000275422870334,0.000275422870334,0.000275422870334,0.000275422870334,0.000275422870334,0.000275422870334,0.000275422870334,0.000275422870334,0.000275422870334,0.000275422870334,0.000275422870334,0.000275422870334,0.000275422870334,0.000275422870334,0.000275422870334,0.000275422870334,10,Z14 Z20 Z21 Z27,0.976022222222,0.00354276915452,0.976022222222,0.00354276915452
0.000275422870334,0.000275422870334,0.000275422870334,0.000275422870334,0.000275422870334,0.000275422870334,0.000275422870334,0.000275422870334,0.000275422870334,0.000275422870334,0.000275422870334,0.000275422870334,0.000275422870334,0.000275422870334,0.000275422870334,0.000275422870334,0.000275422870334,0.000275422870334,10,Z15 Z21 Z22 Z28,0.9776,0.0028799744571,0.9776,0.0028799744571
0.000275422870334,0.000275422870334,0.000275422870334,0.000275422870334,0.000275422870334,0.000275422870334,0.000275422870334,0.000275422870334,0.000275422870334,0.000275422870334,0.000275422870334,0.000275422870334,0.000275422870334,0.000275422870334,0.000275422870334,0.000275422870334,0.000275422870334,0.000275422870334,10,Z16 Z22 Z23 Z29,0.977155555556,0.00439760761618,0.977155555556,0.00439760761618
0.000275422870334,0.000275422870334,0.000275422870334,0.000275422870334,0.000275422870334,0.000275422870334,0.000275422870334,0.000275422870334,0.000275422870334,0.000275422870334,0.000275422870334,0.000275422870334,0.000275422870334,0.000275422870334,0.000275422870334,0.000275422870334,0.000275422870334,0.000275422870334,10,Z17 Z23 Z24 Z30,0.976222222222,0.00333256696171,0.976222222222,0.00333256696171
0.000275422870334,0.000275422870334,0.000275422870334,0.000275422870334,0.000275422870334,0.000275422870334,0.000275422870334,0.000275422870334,0.000275422870334,0.000275422870334,0.000275422870334,0.000275422870334,0.000275422870334,0.000275422870334,0.000275422870334,0.000275422870334,0.000275422870334,0.000275422870334,10,Z18 Z24 Z25 Z31,0.963577777778,0.005066555756,0.963577777778,0.005066555756
0.000275422870334,0.000275422870334,0.000275422870334,0.000275422870334,0.000275422870334,0.000275422870334,0.000275422870334,0.000275422870334,0.000275422870334,0.000275422870334,0.000275422870334,0.000275422870334,0.000275422870334,0.000275422870334,0.000275422870334,0.000275422870334,0.000275422870334,0.000275422870334,10,Z19 Z25 Z32,0.967044444444,0.00390964357699,0.967044444444,0.00390964357699
0.000275422870334,0.000275422870334,0.000275422870334,0.000275422870334,0.000275422870334,0.000275422870334,0.000275422870334,0.000275422870334,0.000275422870334,0.000275422870334,0.000275422870334,0.000275422870334,0.000275422870334,0.000275422870334,0.000275422870334,0.000275422870334,0.000275422870334,0.000275422870334,10,Z2 Z8 Z9 Z15,0.971066666667,0.00448957924967,0.971066666667,0.00448957924967
0.000275422870334,0.000275422870334,0.000275422870334,0.000275422870334,0.000275422870334,0.000275422870334,0.000275422870334,0.000275422870334,0.000275422870334,0.000275422870334,0.000275422870334,0.000275422870334,0.000275422870334,0.000275422870334,0.000275422870334,0.000275422870334,0.000275422870334,0.000275422870334,10,Z26 Z33 Z39,0.980288888889,0.00268775188905,0.980288888889,0.00268775188905
0.000275422870334,0.000275422870334,0.000275422870334,0.000275422870334,0.000275422870334,0.000275422870334,0.000275422870334,0.000275422870334,0.000275422870334,0.000275422870334,0.000275422870334,0.000275422870334,0.000275422870334,0.000275422870334,0.000275422870334,0.000275422870334,0.000275422870334,0.000275422870334,10,Z27 Z33 Z34 Z40,0.977177777778,0.00410469624819,0.977177777778,0.00410469624819
0.000275422870334,0.000275422870334,0.000275422870334,0.000275422870334,0.000275422870334,0.000275422870334,0.000275422870334,0.000275422870334,0.000275422870334,0.000275422870334,0.000275422870334,0.000275422870334,0.000275422870334,0.000275422870334,0.000275422870334,0.000275422870334,0.000275422870334,0.000275422870334,10,Z28 Z34 Z35 Z41,0.976911111111,0.00445834989434,0.976911111111,0.00445834989434
0.000275422870334,0.000275422870334,0.000275422870334,0.000275422870334,0.000275422870334,0.000275422870334,0.000275422870334,0.000275422870334,0.000275422870334,0.000275422870334,0.000275422870334,0.000275422870334,0.000275422870334,0.000275422870334,0.000275422870334,0.000275422870334,0.000275422870334,0.000275422870334,10,Z29 Z35 Z36 Z42,0.977844444444,0.00408598514252,0.977844444444,0.00408598514252
0.000275422870334,0.000275422870334,0.000275422870334,0.000275422870334,0.000275422870334,0.000275422870334,0.000275422870334,0.000275422870334,0.000275422870334,0.000275422870334,0.000275422870334,0.000275422870334,0.000275422870334,0.000275422870334,0.000275422870334,0.000275422870334,0.000275422870334,0.000275422870334,10,Z3 Z9 Z10 Z16,0.969511111111,0.00548333129534,0.969511111111,0.00548333129534
0.000275422870334,0.000275422870334,0.000275422870334,0.000275422870334,0.000275422870334,0.000275422870334,0.000275422870334,0.000275422870334,0.000275422870334,0.000275422870334,0.000275422870334,0.000275422870334,0.000275422870334,0.000275422870334,0.000275422870334,0.000275422870334,0.000275422870334,0.000275422870334,10,Z30 Z36 Z37 Z43,0.976844444444,0.00461193963844,0.976844444444,0.00461193963844
0.000275422870334,0.000275422870334,0.000275422870334,0.000275422870334,0.000275422870334,0.000275422870334,0.000275422870334,0.000275422870334,0.000275422870334,0.000275422870334,0.000275422870334,0.000275422870334,0.000275422870334,0.000275422870334,0.000275422870334,0.000275422870334,0.000275422870334,0.000275422870334,10,Z31 Z37 Z38 Z44,0.9652,0.0045059347838,0.9652,0.0045059347838
0.000275422870334,0.000275422870334,0.000275422870334,0.000275422870334,0.000275422870334,0.000275422870334,0.000275422870334,0.000275422870334,0.000275422870334,0.000275422870334,0.000275422870334,0.000275422870334,0.000275422870334,0.000275422870334,0.000275422870334,0.000275422870334,0.000275422870334,0.000275422870334,10,Z32 Z38 Z45,0.967777777778,0.00479889301837,0.967777777778,0.00479889301837
0.000275422870334,0.000275422870334,0.000275422870334,0.000275422870334,0.000275422870334,0.000275422870334,0.000275422870334,0.000275422870334,0.000275422870334,0.000275422870334,0.000275422870334,0.000275422870334,0.000275422870334,0.000275422870334,0.000275422870334,0.000275422870334,0.000275422870334,0.000275422870334,10,Z39 Z46 Z52,0.980088888889,0.00271074678791,0.980088888889,0.00271074678791
0.000275422870334,0.000275422870334,0.000275422870334,0.000275422870334,0.000275422870334,0.000275422870334,0.000275422870334,0.000275422870334,0.000275422870334,0.000275422870334,0.000275422870334,0.000275422870334,0.000275422870334,0.000275422870334,0.000275422870334,0.000275422870334,0.000275422870334,0.000275422870334,10,Z4 Z10 Z11 Z17,0.966066666667,0.00425382406278,0.966066666667,0.00425382406278
0.000275422870334,0.000275422870334,0.000275422870334,0.000275422870334,0.000275422870334,0.000275422870334,0.000275422870334,0.000275422870334,0.000275422870334,0.000275422870334,0.000275422870334,0.000275422870334,0.000275422870334,0.000275422870334,0.000275422870334,0.000275422870334,0.000275422870334,0.000275422870334,10,Z40 Z46 Z47 Z53,0.977066666667,0.00397154630801,0.977066666667,0.00397154630801
0.000275422870334,0.000275422870334,0.000275422870334,0.000275422870334,0.000275422870334,0.000275422870334,0.000275422870334,0.000275422870334,0.000275422870334,0.000275422870334,0.000275422870334,0.000275422870334,0.000275422870334,0.000275422870334,0.000275422870334,0.000275422870334,0.000275422870334,0.000275422870334,10,Z41 Z47 Z48 Z54,0.976822222222,0.00288041787801,0.976822222222,0.00288041787801
0.000275422870334,0.000275422870334,0.000275422870334,0.000275422870334,0.000275422870334,0.000275422870334,0.000275422870334,0.000275422870334,0.000275422870334,0.000275422870334,0.000275422870334,0.000275422870334,0.000275422870334,0.000275422870334,0.000275422870334,0.000275422870334,0.000275422870334,0.000275422870334,10,Z42 Z48 Z49 Z55,0.977844444444,0.0040179037379,0.977844444444,0.0040179037379
0.000275422870334,0.000275422870334,0.000275422870334,0.000275422870334,0.000275422870334,0.000275422870334,0.000275422870334,0.000275422870334,0.000275422870334,0.000275422870334,0.000275422870334,0.000275422870334,0.000275422870334,0.000275422870334,0.000275422870334,0.000275422870334,0.000275422870334,0.000275422870334,10,Z43 Z49 Z50 Z56,0.978622222222,0.00359195923371,0.978622222222,0.00359195923371
0.000275422870334,0.000275422870334,0.000275422870334,0.000275422870334,0.000275422870334,0.000275422870334,0.000275422870334,0.000275422870334,0.000275422870334,0.000275422870334,0.000275422870334,0.000275422870334,0.000275422870334,0.000275422870334,0.000275422870334,0.000275422870334,0.000275422870334,0.000275422870334,10,Z44 Z50 Z51 Z57,0.965155555556,0.00489250997907,0.965155555556,0.00489250997907
0.000275422870334,0.000275422870334,0.000275422870334,0.000275422870334,0.000275422870334,0.000275422870334,0.000275422870334,0.000275422870334,0.000275422870334,0.000275422870334,0.000275422870334,0.000275422870334,0.000275422870334,0.000275422870334,0.000275422870334,0.000275422870334,0.000275422870334,0.000275422870334,10,Z45 Z51 Z58,0.9674,0.00446476198883,0.9674,0.00446476198883
0.000275422870334,0.000275422870334,0.000275422870334,0.000275422870334,0.000275422870334,0.000275422870334,0.000275422870334,0.000275422870334,0.000275422870334,0.000275422870334,0.000275422870334,0.000275422870334,0.000275422870334,0.000275422870334,0.000275422870334,0.000275422870334,0.000275422870334,0.000275422870334,10,Z5 Z11 Z12 Z18,0.952711111111,0.00664117732565,0.952711111111,0.00664117732565
0.000275422870334,0.000275422870334,0.000275422870334,0.000275422870334,0.000275422870334,0.000275422870334,0.000275422870334,0.000275422870334,0.000275422870334,0.000275422870334,0.000275422870334,0.000275422870334,0.000275422870334,0.000275422870334,0.000275422870334,0.000275422870334,0.000275422870334,0.000275422870334,10,Z52 Z59 Z65,0.980844444444,0.00335365453243,0.980844444444,0.00335365453243
0.000275422870334,0.000275422870334,0.000275422870334,0.000275422870334,0.000275422870334,0.000275422870334,0.000275422870334,0.000275422870334,0.000275422870334,0.000275422870334,0.000275422870334,0.000275422870334,0.000275422870334,0.000275422870334,0.000275422870334,0.000275422870334,0.000275422870334,0.000275422870334,10,Z53 Z59 Z60 Z66,0.977,0.00430539179024,0.977,0.00430539179024
0.000275422870334,0.000275422870334,0.000275422870334,0.000275422870334,0.000275422870334,0.000275422870334,0.000275422870334,0.000275422870334,0.000275422870334,0.000275422870334,0.000275422870334,0.000275422870334,0.000275422870334,0.000275422870334,0.000275422870334,0.000275422870334,0.000275422870334,0.000275422870334,10,Z54 Z60 Z61 Z67,0.977222222222,0.00447413454748,0.977222222222,0.00447413454748
0.000275422870334,0.000275422870334,0.000275422870334,0.000275422870334,0.000275422870334,0.000275422870334,0.000275422870334,0.000275422870334,0.000275422870334,0.000275422870334,0.000275422870334,0.000275422870334,0.000275422870334,0.000275422870334,0.000275422870334,0.000275422870334,0.000275422870334,0.000275422870334,10,Z55 Z61 Z62 Z68,0.9772,0.00352940575463,0.9772,0.00352940575463
0.000275422870334,0.000275422870334,0.000275422870334,0.000275422870334,0.000275422870334,0.000275422870334,0.000275422870334,0.000275422870334,0.000275422870334,0.000275422870334,0.000275422870334,0.000275422870334,0.000275422870334,0.000275422870334,0.000275422870334,0.000275422870334,0.000275422870334,0.000275422870334,10,Z56 Z62 Z63 Z69,0.976733333333,0.00365295240904,0.976733333333,0.00365295240904
0.000275422870334,0.000275422870334,0.000275422870334,0.000275422870334,0.000275422870334,0.000275422870334,0.000275422870334,0.000275422870334,0.000275422870334,0.000275422870334,0.000275422870334,0.000275422870334,0.000275422870334,0.000275422870334,0.000275422870334,0.000275422870334,0.000275422870334,0.000275422870334,10,Z57 Z63 Z64 Z70,0.963622222222,0.00491672673514,0.963622222222,0.00491672673514
0.000275422870334,0.000275422870334,0.000275422870334,0.000275422870334,0.000275422870334,0.000275422870334,0.000275422870334,0.000275422870334,0.000275422870334,0.000275422870334,0.000275422870334,0.000275422870334,0.000275422870334,0.000275422870334,0.000275422870334,0.000275422870334,0.000275422870334,0.000275422870334,10,Z58 Z64 Z71,0.969377777778,0.0040831710813,0.969377777778,0.0040831710813
0.000275422870334,0.000275422870334,0.000275422870334,0.000275422870334,0.000275422870334,0.000275422870334,0.000275422870334,0.000275422870334,0.000275422870334,0.000275422870334,0.000275422870334,0.000275422870334,0.000275422870334,0.000275422870334,0.000275422870334,0.000275422870334,0.000275422870334,0.000275422870334,10,Z6 Z12 Z19,0.967955555556,0.00541866600296,0.967955555556,0.00541866600296
0.000275422870334,0.000275422870334,0.000275422870334,0.000275422870334,0.000275422870334,0.000275422870334,0.000275422870334,0.000275422870334,0.000275422870334,0.000275422870334,0.000275422870334,0.000275422870334,0.000275422870334,0.000275422870334,0.000275422870334,0.000275422870334,0.000275422870334,0.000275422870334,10,Z65 Z72 Z78,0.980511111111,0.0032124438762,0.980511111111,0.0032124438762
0.000275422870334,0.000275422870334,0.000275422870334,0.000275422870334,0.000275422870334,0.000275422870334,0.000275422870334,0.000275422870334,0.000275422870334,0.000275422870334,0.000275422870334,0.000275422870334,0.000275422870334,0.000275422870334,0.000275422870334,0.000275422870334,0.000275422870334,0.000275422870334,10,Z66 Z72 Z73 Z79,0.977044444444,0.00210588180733,0.977044444444,0.00210588180733
0.000275422870334,0.000275422870334,0.000275422870334,0.000275422870334,0.000275422870334,0.000275422870334,0.000275422870334,0.000275422870334,0.000275422870334,0.000275422870334,0.000275422870334,0.000275422870334,0.000275422870334,0.000275422870334,0.000275422870334,0.000275422870334,0.000275422870334,0.000275422870334,10,Z67 Z73 Z74 Z80,0.977911111111,0.00408242033737,0.977911111111,0.00408242033737
0.000275422870334,0.000275422870334,0.000275422870334,0.000275422870334,0.000275422870334,0.000275422870334,0.000275422870334,0.000275422870334,0.000275422870334,0.000275422870334,0.000275422870334,0.000275422870334,0.000275422870334,0.000275422870334,0.000275422870334,0.000275422870334,0.000275422870334,0.000275422870334,10,Z68 Z74 Z75 Z81,0.976511111111,0.00429089147855,0.976511111111,0.00429089147855
0.000275422870334,0.000275422870334,0.000275422870334,0.000275422870334,0.000275422870334,0.000275422870334,0.000275422870334,0.000275422870334,0.000275422870334,0.000275422870334,0.000275422870334,0.000275422870334,0.000275422870334,0.000275422870334,0.000275422870334,0.000275422870334,0.000275422870334,0.000275422870334,10,Z69 Z75 Z76 Z82,0.977244444444,0.00439342362363,0.977244444444,0.00439342362363
0.000275422870334,0.000275422870334,0.000275422870334,0.000275422870334,0.000275422870334,0.000275422870334,0.000275422870334,0.000275422870334,0.000275422870334,0.000275422870334,0.000275422870334,0.000275422870334,0.000275422870334,0.000275422870334,0.000275422870334,0.000275422870334,0.000275422870334,0.000275422870334,10,Z70 Z76 Z77 Z83,0.964155555556,0.00472276084375,0.964155555556,0.00472276084375
0.000275422870334,0.000275422870334,0.000275422870334,0.000275422870334,0.000275422870334,0.000275422870334,0.000275422870334,0.000275422870334,0.000275422870334,0.000275422870334,0.000275422870334,0.000275422870334,0.000275422870334,0.000275422870334,0.000275422870334,0.000275422870334,0.000275422870334,0.000275422870334,10,Z71 Z77 Z84,0.952977777778,0.00509144977308,0.952977777778,0.00509144977308
