g1_x,g1_y,g1_z,IX,IY,IZ,XI,XX,XY,XZ,YI,YX,YY,YZ,ZI,ZX,ZY,ZZ,round,operator,mean,std,mean_signed,std_signed
0.00173780082875,0.00173780082875,0.00173780082875,0.00173780082875,0.00173780082875,0.00173780082875,0.00173780082875,0.00173780082875,0.00173780082875,0.00173780082875,0.00173780082875,0.00173780082875,0.00173780082875,0.00173780082875,0.00173780082875,0.00173780082875,0.00173780082875,0.00173780082875,1,Logical X,0.855377777778,0.0100282105276,0.851577777778,0.00723440763956
0.00173780082875,0.00173780082875,0.00173780082875,0.00173780082875,0.00173780082875,0.00173780082875,0.00173780082875,0.00173780082875,0.00173780082875,0.00173780082875,0.00173780082875,0.00173780082875,0.00173780082875,0.00173780082875,0.00173780082875,0.00173780082875,0.00173780082875,0.00173780082875,1,Logical Y,0.0183111111111,0.0104587983212,-0.0002,0.0170427904106
0.00173780082875,0.00173780082875,0.00173780082875,0.00173780082875,0.00173780082875,0.00173780082875,0.00173780082875,0.00173780082875,0.00173780082875,0.00173780082875,0.00173780082875,0.00173780082875,0.00173780082875,0.00173780082875,0.00173780082875,0.00173780082875,0.00173780082875,0.00173780082875,1,Logical Z,0.0139777777778,0.0104025981625,0.0044,0.0161436083932
0.00173780082875,0.00173780082875,0.00173780082875,0.00173780082875,0.00173780082875,0.00173780082875,0.00173780082875,0.00173780082875,0.00173780082875,0.00173780082875,0.00173780082875,0.00173780082875,0.00173780082875,0.00173780082875,0.00173780082875,0.00173780082875,0.00173780082875,0.00173780082875,1,X0 X1 X11,0.919977777778,0.00584731220524,0.919977777778,0.00584731220524
0.00173780082875,0.00173780082875,0.00173780082875,0.00173780082875,0.00173780082875,0.00173780082875,0.00173780082875,0.00173780082875,0.00173780082875,0.00173780082875,0.00173780082875,0.00173780082875,0.00173780082875,0.00173780082875,0.00173780082875,0.00173780082875,0.00173780082875,0.00173780082875,1,X1 X2 X12,0.873688888889,0.00935421855919,0.873688888889,0.00935421855919
0.00173780082875,0.00173780082875,0.00173780082875,0.00173780082875,0.00173780082875,0.00173780082875,0.00173780082875,0.00173780082875,0.00173780082875,0.00173780082875,0.00173780082875,0.00173780082875,0.00173780082875,0.00173780082875,0.00173780082875,0.00173780082875,0.00173780082875,0.00173780082875,1,X100 X110 X111 X121,0.915511111111,0.006778223715,0.915511111111,0.006778223715
0.00173780082875,0.00173780082875,0.00173780082875,0.00173780082875,0.00173780082875,0.00173780082875,0.00173780082875,0.00173780082875,0.00173780082875,0.00173780082875,0.00173780082875,0.00173780082875,0.00173780082875,0.00173780082875,0.00173780082875,0.00173780082875,0.00173780082875,0.00173780082875,1,X101 X111 X112 X122,0.9154,0.00714244771678,0.9154,0.00714244771678
0.00173780082875,0.00173780082875,0.00173780082875,0.00173780082875,0.00173780082875,0.00173780082875,0.00173780082875,0.00173780082875,0.00173780082875,0.00173780082875,0.00173780082875,0.00173780082875,0.00173780082875,0.00173780082875,0.00173780082875,0.00173780082875,0.00173780082875,0.00173780082875,1,X102 X112 X113 X123,0.916222222222,0.00827002774337,0.916222222222,0.00827002774337
0.00173780082875,0.00173780082875,0.00173780082875,0.00173780082875,0.00173780082875,0.00173780082875,0.00173780082875,0.00173780082875,0.00173780082875,0.00173780082875,0.00173780082875,0.00173780082875,0.00173780082875,0.00173780082875,0.00173780082875,0.00173780082875,0.00173780082875,0.00173780082875,1,X103 X113 X114 X124,0.915977777778,0.00666547882138,0.915977777778,0.00666547882138
0.00173780082875,0.00173780082875,0.00173780082875,0.00173780082875,0.00173780082875,0.00173780082875,0.00173780082875,0.00173780082875,0.00173780082875,0.00173780082875,0.00173780082875,0.00173780082875,0.00173780082875,0.00173780082875,0.00173780082875,0.00173780082875,0.00173780082875,0.00173780082875,1,X104 X114 X115 X125,0.577333333333,0.0157800980432,0.577333333333,0.0157800980432
0.00173780082875,0.00173780082875,0.00173780082875,0.00173780082875,0.00173780082875,0.00173780082875,0.00173780082875,0.00173780082875,0.00173780082875,0.00173780082875,0.00173780082875,0.00173780082875,0.00173780082875,0.00173780082875,0.00173780082875,0.00173780082875,0.00173780082875,0.00173780082875,1,X11 X21 X22 X32,0.916977777778,0.00676192480551,0.916977777778,0.00676192480551
0.00173780082875,0.00173780082875,0.00173780082875,0.00173780082875,0.00173780082875,0.00173780082875,0.00173780082875,0.00173780082875,0.00173780082875,0.00173780082875,0.00173780082875,0.00173780082875,0.00173780082875,0.00173780082875,0.00173780082875,0.00173780082875,0.00173780082875,0.00173780082875,1,X116 X126 X127 X137,0.915644444444,0.00874628912371,0.915644444444,0.00874628912371
0.00173780082875,0.00173780082875,0.00173780082875,0.00173780082875,0.00173780082875,0.00173780082875,0.00173780082875,0.00173780082875,0.00173780082875,0.00173780082875,0.00173780082875,0.00173780082875,0.00173780082875,0.00173780082875,0.00173780082875,0.00173780082875,0.00173780082875,0.00173780082875,1,X117 X127 X128 X138,0.915377777778,0.0072839156943,0.915377777778,0.0072839156943
0.00173780082875,0.00173780082875,0.00173780082875,0.00173780082875,0.00173780082875,0.00173780082875,0.00173780082875,0.00173780082875,0.00173780082875,0.00173780082875,0.00173780082875,0.00173780082875,0.00173780082875,0.00173780082875,0.00173780082875,0.00173780082875,0.00173780082875,0.00173780082875,1,X118 X128 X129 X139,0.914777777778,0.00799824374081,0.914777777778,0.00799824374081
0.00173780082875,0.00173780082875,0.00173780082875,0.00173780082875,0.00173780082875,0.00173780082875,0.00173780082875,0.00173780082875,0.00173780082875,0.00173780082875,0.00173780082875,0.00173780082875,0.00173780082875,0.00173780082875,0.00173780082875,0.00173780082875,0.00173780082875,0.00173780082875,1,X119 X129 X130 X140,0.9166,0.00639048622377,0.9166,0.00639048622377
0.00173780082875,0.00173780082875,0.00173780082875,0.00173780082875,0.00173780082875,0.00173780082875,0.00173780082875,0.00173780082875,0.00173780082875,0.00173780082875,0.00173780082875,0.00173780082875,0.00173780082875,0.00173780082875,0.00173780082875,0.00173780082875,0.00173780082875,0.00173780082875,1,X12 X22 X23 X33,0.913533333333,0.00666701148534,0.913533333333,0.00666701148534
0.00173780082875,0.00173780082875,0.00173780082875,0.00173780082875,0.00173780082875,0.00173780082875,0.00173780082875,0.00173780082875,0.00173780082875,0.00173780082875,0.00173780082875,0.00173780082875,0.00173780082875,0.00173780082875,0.00173780082875,0.00173780082875,0.00173780082875,0.00173780082875,1,X120 X130 X131 X141,0.915711111111,0.00698478550908,0.915711111111,0.00698478550908
0.00173780082875,0.00173780082875,0.00173780082875,0.00173780082875,0.00173780082875,0.00173780082875,0.00173780082875,0.00173780082875,0.00173780082875,0.00173780082875,0.00173780082875,0.00173780082875,0.00173780082875,0.00173780082875,0.00173780082875,0.00173780082875,0.00173780082875,0.00173780082875,1,X121 X131 X132 X142,0.916311111111,0.00618670762306,0.916311111111,0.00618670762306
0.00173780082875,0.00173780082875,0.00173780082875,0.00173780082875,0.00173780082875,0.00173780082875,0.00173780082875,0.00173780082875,0.00173780082875,0.00173780082875,0.00173780082875,0.00173780082875,0.00173780082875,0.00173780082875,0.00173780082875,0.00173780082875,0.00173780082875,0.00173780082875,1,X122 X132 X133 X143,0.917022222222,0.00769879989321,0.917022222222,0.00769879989321
0.00173780082875,0.00173780082875,0.00173780082875,0.00173780082875,0.00173780082875,0.00173780082875,0.00173780082875,0.00173780082875,0.00173780082875,0.00173780082875,0.00173780082875,0.00173780082875,0.00173780082875,0.00173780082875,0.00173780082875,0.00173780082875,0.00173780082875,0.00173780082875,1,X123 X133 X134 X144,0.9162,0.0083892834395,0.9162,0.0083892834395
0.00173780082875,0.00173780082875,0.00173780082875,0.00173780082875,0.00173780082875,0.00173780082875,0.00173780082875,0.00173780082875,0.00173780082875,0.00173780082875,0.00173780082875,0.00173780082875,0.00173780082875,0.00173780082875,0.00173780082875,0.00173780082875,0.00173780082875,0.00173780082875,1,X124 X134 X135 X145,0.916377777778,0.00716672458321,0.916377777778,0.00716672458321
0.00173780082875,0.00173780082875,0.00173780082875,0.00173780082875,0.00173780082875,0.00173780082875,0.00173780082875,0.00173780082875,0.00173780082875,0.00173780082875,0.00173780082875,0.00173780082875,0.00173780082875,0.00173780082875,0.00173780082875,0.00173780082875,0.00173780082875,0.00173780082875,1,X125 X135 X136 X146,0.571333333333,0.0150014047873,0.571333333333,0.0150014047873
0.00173780082875,0.00173780082875,0.00173780082875,0.00173780082875,0.00173780082875,0.00173780082875,0.00173780082875,0.00173780082875,0.00173780082875,0.00173780082875,0.00173780082875,0.00173780082875,0.00173780082875,0.00173780082875,0.00173780082875,0.00173780082875,0.00173780082875,0.00173780082875,1,X13 X23 X24 X34,0.915355555556,0.00592800570145,0.915355555556,0.00592800570145
0.00173780082875,0.00173780082875,0.00173780082875,0.00173780082875,0.00173780082875,0.00173780082875,0.00173780082875,0.00173780082875,0.00173780082875,0.00173780082875,0.00173780082875,0.00173780082875,0.00173780082875,0.00173780082875,0.00173780082875,0.00173780082875,0.00173780082875,0.00173780082875,1,X137 X147 X148 X158,0.915377777778,0.00870624619803,0.915377777778,0.00870624619803
0.00173780082875,0.00173780082875,0.00173780082875,0.00173780082875,0.00173780082875,0.00173780082875,0.00173780082875,0.00173780082875,0.00173780082875,0.00173780082875,0.00173780082875,0.00173780082875,0.00173780082875,0.00173780082875,0.00173780082875,0.00173780082875,0.00173780082875,0.00173780082875,1,X138 X148 X149 X159,0.916177777778,0.00820229541433,0.916177777778,0.00820229541433
0.00173780082875,0.00173780082875,0.00173780082875,0.00173780082875,0.00173780082875,0.00173780082875,0.00173780082875,0.00173780082875,0.00173780082875,0.00173780082875,0.00173780082875,0.00173780082875,0.00173780082875,0.00173780082875,0.00173780082875,0.00173780082875,0.00173780082875,0.00173780082875,1,X139 X149 X150 X160,0.914555555556,0.0062809895829,0.914555555556,0.0062809895829
0.00173780082875,0.00173780082875,0.00173780082875,0.00173780082875,0.00173780082875,0.00173780082875,0.00173780082875,0.00173780082875,0.00173780082875,0.00173780082875,0.00173780082875,0.00173780082875,0.00173780082875,0.00173780082875,0.00173780082875,0.00173780082875,0.00173780082875,0.00173780082875,1,X14 X24 X25 X35,0.915133333333,0.0085162004731,0.915133333333,0.0085162004731
0.00173780082875,0.00173780082875,0.00173780082875,0.00173780082875,0.00173780082875,0.00173780082875,0.00173780082875,0.00173780082875,0.00173780082875,0.00173780082875,0.00173780082875,0.00173780082875,0.00173780082875,0.00173780082875,0.00173780082875,0.00173780082875,0.00173780082875,0.00173780082875,1,X140 X150 X151 X161,0.914688888889,0.00826474455469,0.914688888889,0.00826474455469
0.00173780082875,0.00173780082875,0.00173780082875,0.00173780082875,0.00173780082875,0.00173780082875,0.00173780082875,0.00173780082875,0.00173780082875,0.00173780082875,0.00173780082875,0.00173780082875,0.00173780082875,0.00173780082875,0.00173780082875,0.00173780082875,0.00173780082875,0.00173780082875,1,X141 X151 X152 X162,0.915133333333,0.00742399547496,0.915133333333,0.00742399547496
0.00173780082875,0.00173780082875,0.00173780082875,0.00173780082875,0.00173780082875,0.00173780082875,0.00173780082875,0.00173780082875,0.00173780082875,0.00173780082875,0.00173780082875,0.00173780082875,0.00173780082875,0.00173780082875,0.00173780082875,0.00173780082875,0.00173780082875,0.00173780082875,1,X142 X152 X153 X163,0.915888888889,0.00685947248027,0.915888888889,0.00685947248027
0.00173780082875,0.00173780082875,0.00173780082875,0.00173780082875,0.00173780082875,0.00173780082875,0.00173780082875,0.00173780082875,0.00173780082875,0.00173780082875,0.00173780082875,0.00173780082875,0.00173780082875,0.00173780082875,0.00173780082875,0.00173780082875,0.00173780082875,0.00173780082875,1,X143 X153 X154 X164,0.915911111111,0.00904773773436,0.915911111111,0.00904773773436
0.00173780082875,0.00173780082875,0.00173780082875,0.00173780082875,0.00173780082875,0.00173780082875,0.00173780082875,0.00173780082875,0.00173780082875,0.00173780082875,0.00173780082875,0.00173780082875,0.00173780082875,0.00173780082875,0.00173780082875,0.00173780082875,0.00173780082875,0.00173780082875,1,X144 X154 X155 X165,0.914088888889,0.00620155297158,0.914088888889,0.00620155297158
0.00173780082875,0.00173780082875,0.00173780082875,0.00173780082875,0.00173780082875,0.00173780082875,0.00173780082875,0.00173780082875,0.00173780082875,0.00173780082875,0.00173780082875,0.00173780082875,0.00173780082875,0.00173780082875,0.00173780082875,0.00173780082875,0.00173780082875,0.00173780082875,1,X145 X155 X156 X166,0.913755555556,0.0074349971507,0.913755555556,0.0074349971507
0.00173780082875,0.00173780082875,0.00173780082875,0.00173780082875,0.00173780082875,0.00173780082875,0.00173780082875,0.00173780082875,0.00173780082875,0.00173780082875,0.00173780082875,0.00173780082875,0.00173780082875,0.00173780082875,0.00173780082875,0.00173780082875,0.00173780082875,0.00173780082875,1,X146 X156 X157 X167,0.578155555556,0.0157340768705,0.578155555556,0.0157340768705
0.00173780082875,0.00173780082875,0.00173780082875,0.00173780082875,0.00173780082875,0.00173780082875,0.00173780082875,0.00173780082875,0.00173780082875,0.00173780082875,0.00173780082875,0.00173780082875,0.00173780082875,0.00173780082875,0.00173780082875,0.00173780082875,0.00173780082875,0.00173780082875,1,X15 X25 X26 X36,0.914844444444,0.0074565064973,0.914844444444,0.0074565064973
0.00173780082875,0.00173780082875,0.00173780082875,0.00173780082875,0.00173780082875,0.00173780082875,0.00173780082875,0.00173780082875,0.00173780082875,0.00173780082875,0.00173780082875,0.00173780082875,0.00173780082875,0.00173780082875,0.00173780082875,0.00173780082875,0.00173780082875,0.00173780082875,1,X158 X168 X169 X179,0.914288888889,0.00710443891963,0.914288888889,0.00710443891963
0.00173780082875,0.00173780082875,0.00173780082875,0.00173780082875,0.00173780082875,0.00173780082875,0.00173780082875,0.00173780082875,0.00173780082875,0.00173780082875,0.00173780082875,0.00173780082875,0.00173780082875,0.00173780082875,0.00173780082875,0.00173780082875,0.00173780082875,0.00173780082875,1,X159 X169 X170 X180,0.914155555556,0.00802998849302,0.914155555556,0.00802998849302
0.00173780082875,0.00173780082875,0.00173780082875,0.00173780082875,0.00173780082875,0.00173780082875,0.00173780082875,0.00173780082875,0.00173780082875,0.00173780082875,0.00173780082875,0.00173780082875,0.00173780082875,0.00173780082875,0.00173780082875,0.00173780082875,0.00173780082875,0.00173780082875,1,X16 X26 X27 X37,0.913377777778,0.0072839156943,0.913377777778,0.0072839156943
0.00173780082875,0.00173780082875,0.00173780082875,0.00173780082875,0.00173780082875,0.00173780082875,0.00173780082875,0.00173780082875,0.00173780082875,0.00173780082875,0.00173780082875,0.00173780082875,0.00173780082875,0.00173780082875,0.00173780082875,0.00173780082875,0.00173780082875,0.00173780082875,1,X160 X170 X171 X181,0.917177777778,0.0073085963836,0.917177777778,0.0073085963836
0.00173780082875,0.00173780082875,0.00173780082875,0.00173780082875,0.00173780082875,0.00173780082875,0.00173780082875,0.00173780082875,0.00173780082875,0.00173780082875,0.00173780082875,0.00173780082875,0.00173780082875,0.00173780082875,0.00173780082875,0.00173780082875,0.00173780082875,0.00173780082875,1,X161 X171 X172 X182,0.915511111111,0.00702034991287,0.915511111111,0.00702034991287
0.00173780082875,0.00173780082875,0.00173780082875,0.00173780082875,0.00173780082875,0.00173780082875,0.00173780082875,0.00173780082875,0.00173780082875,0.00173780082875,0.00173780082875,0.00173780082875,0.00173780082875,0.00173780082875,0.00173780082875,0.00173780082875,0.00173780082875,0.00173780082875,1,X162 X172 X173 X183,0.916066666667,0.00661902517391,0.916066666667,0.00661902517391
0.00173780082875,0.00173780082875,0.00173780082875,0.00173780082875,0.00173780082875,0.00173780082875,0.00173780082875,0.00173780082875,0.00173780082875,0.00173780082875,0.00173780082875,0.00173780082875,0.00173780082875,0.00173780082875,0.00173780082875,0.00173780082875,0.00173780082875,0.00173780082875,1,X163 X173 X174 X184,0.916466666667,0.00987453864289,0.916466666667,0.00987453864289
0.00173780082875,0.00173780082875,0.00173780082875,0.00173780082875,0.00173780082875,0.00173780082875,0.00173780082875,0.00173780082875,0.00173780082875,0.00173780082875,0.00173780082875,0.00173780082875,0.00173780082875,0.00173780082875,0.00173780082875,0.00173780082875,0.00173780082875,0.00173780082875,1,X164 X174 X175 X185,0.915355555556,0.00725344855667,0.915355555556,0.00725344855667
0.00173780082875,0.00173780082875,0.00173780082875,0.00173780082875,0.00173780082875,0.00173780082875,0.00173780082875,0.00173780082875,0.00173780082875,0.00173780082875,0.00173780082875,0.00173780082875,0.00173780082875,0.00173780082875,0.00173780082875,0.00173780082875,0.00173780082875,0.00173780082875,1,X165 X175 X176 X186,0.914933333333,0.00863140483498,0.914933333333,0.00863140483498
0.00173780082875,0.00173780082875,0.00173780082875,0.00173780082875,0.00173780082875,0.00173780082875,0.00173780082875,0.00173780082875,0.00173780082875,0.00173780082875,0.00173780082875,0.00173780082875,0.00173780082875,0.00173780082875,0.00173780082875,0.00173780082875,0.00173780082875,0.00173780082875,1,X166 X176 X177 X187,0.9146,0.00595088454097,0.9146,0.00595088454097
0.00173780082875,0.00173780082875,0.00173780082875,0.00173780082875,0.00173780082875,0.00173780082875,0.00173780082875,0.00173780082875,0.00173780082875,0.00173780082875,0.00173780082875,0.00173780082875,0.00173780082875,0.00173780082875,0.00173780082875,0.00173780082875,0.00173780082875,0.00173780082875,1,X167 X177 X178 X188,0.571555555556,0.0113006063423,0.571555555556,0.0113006063423
0.00173780082875,0.00173780082875,0.00173780082875,0.00173780082875,0.00173780082875,0.00173780082875,0.00173780082875,0.00173780082875,0.00173780082875,0.00173780082875,0.00173780082875,0.00173780082875,0.00173780082875,0.00173780082875,0.00173780082875,0.00173780082875,0.00173780082875,0.00173780082875,1,X17 X27 X28 X38,0.917577777778,0.00754954685572,0.917577777778,0.00754954685572
0.00173780082875,0.00173780082875,0.00173780082875,0.00173780082875,0.00173780082875,0.00173780082875,0.00173780082875,0.00173780082875,0.00173780082875,0.00173780082875,0.00173780082875,0.00173780082875,0.00173780082875,0.00173780082875,0.00173780082875,0.00173780082875,0.00173780082875,0.00173780082875,1,X179 X189 X190 X200,0.915622222222,0.00690534433117,0.915622222222,0.00690534433117
0.00173780082875,0.00173780082875,0.00173780082875,0.00173780082875,0.00173780082875,0.00173780082875,0.00173780082875,0.00173780082875,0.00173780082875,0.00173780082875,0.00173780082875,0.00173780082875,0.00173780082875,0.00173780082875,0.00173780082875,0.00173780082875,0.00173780082875,0.00173780082875,1,X18 X28 X29 X39,0.913711111111,0.0080604675208,0.913711111111,0.0080604675208
0.00173780082875,0.00173780082875,0.00173780082875,0.00173780082875,0.00173780082875,0.00173780082875,0.00173780082875,0.00173780082875,0.00173780082875,0.00173780082875,0.00173780082875,0.00173780082875,0.00173780082875,0.00173780082875,0.00173780082875,0.00173780082875,0.00173780082875,0.00173780082875,1,X180 X190 X191 X201,0.916866666667,0.00729698410383,0.916866666667,0.00729698410383
0.00173780082875,0.00173780082875,0.00173780082875,0.00173780082875,0.00173780082875,0.00173780082875,0.00173780082875,0.00173780082875,0.00173780082875,0.00173780082875,0.00173780082875,0.00173780082875,0.00173780082875,0.00173780082875,0.00173780082875,0.00173780082875,0.00173780082875,0.00173780082875,1,X181 X191 X192 X202,0.915044444444,0.00626290748911,0.915044444444,0.00626290748911
0.00173780082875,0.00173780082875,0.00173780082875,0.00173780082875,0.00173780082875,0.00173780082875,0.00173780082875,0.00173780082875,0.00173780082875,0.00173780082875,0.00173780082875,0.00173780082875,0.00173780082875,0.00173780082875,0.00173780082875,0.00173780082875,0.00173780082875,0.00173780082875,1,X182 X192 X193 X203,0.915288888889,0.00885806917604,0.915288888889,0.00885806917604
0.00173780082875,0.00173780082875,0.00173780082875,0.00173780082875,0.00173780082875,0.00173780082875,0.00173780082875,0.00173780082875,0.00173780082875,0.00173780082875,0.00173780082875,0.00173780082875,0.00173780082875,0.00173780082875,0.00173780082875,0.00173780082875,0.00173780082875,0.00173780082875,1,X183 X193 X194 X204,0.916688888889,0.006591491865,0.916688888889,0.006591491865
0.00173780082875,0.00173780082875,0.00173780082875,0.00173780082875,0.00173780082875,0.00173780082875,0.00173780082875,0.00173780082875,0.00173780082875,0.00173780082875,0.00173780082875,0.00173780082875,0.00173780082875,0.00173780082875,0.00173780082875,0.00173780082875,0.00173780082875,0.00173780082875,1,X184 X194 X195 X205,0.915288888889,0.00753013528565,0.915288888889,0.00753013528565
0.00173780082875,0.00173780082875,0.00173780082875,0.00173780082875,0.00173780082875,0.00173780082875,0.00173780082875,0.00173780082875,0.00173780082875,0.00173780082875,0.00173780082875,0.00173780082875,0.00173780082875,0.00173780082875,0.00173780082875,0.00173780082875,0.00173780082875,0.00173780082875,1,X185 X195 X196 X206,0.916577777778,0.00739002814367,0.916577777778,0.00739002814367
0.00173780082875,0.00173780082875,0.00173780082875,0.00173780082875,0.00173780082875,0.00173780082875,0.00173780082875,0.00173780082875,0.00173780082875,0.00173780082875,0.00173780082875,0.00173780082875,0.00173780082875,0.00173780082875,0.00173780082875,0.00173780082875,0.00173780082875,0.00173780082875,1,X186 X196 X197 X207,0.914666666667,0.00722278217694,0.914666666667,0.00722278217694
0.00173780082875,0.00173780082875,0.00173780082875,0.00173780082875,0.00173780082875,0.00173780082875,0.00173780082875,0.00173780082875,0.00173780082875,0.00173780082875,0.00173780082875,0.00173780082875,0.00173780082875,0.00173780082875,0.00173780082875,0.00173780082875,0.00173780082875,0.00173780082875,1,X187 X197 X198 X208,0.916955555556,0.00546583490542,0.916955555556,0.00546583490542
0.00173780082875,0.00173780082875,0.00173780082875,0.00173780082875,0.00173780082875,0.00173780082875,0.00173780082875,0.00173780082875,0.00173780082875,0.00173780082875,0.00173780082875,0.00173780082875,0.00173780082875,0.00173780082875,0.00173780082875,0.00173780082875,0.00173780082875,0.00173780082875,1,X188 X198 X199 X209,0.566755555556,0.015116136194,0.566755555556,0.015116136194
0.00173780082875,0.00173780082875,0.00173780082875,0.00173780082875,0.00173780082875,0.00173780082875,0.00173780082875,0.00173780082875,0.00173780082875,0.00173780082875,0.00173780082875,0.00173780082875,0.00173780082875,0.00173780082875,0.00173780082875,0.00173780082875,0.00173780082875,0.00173780082875,1,X19 X29 X30 X40,0.916933333333,0.00689405318725,0.916933333333,0.00689405318725
0.00173780082875,0.00173780082875,0.00173780082875,0.00173780082875,0.00173780082875,0.00173780082875,0.00173780082875,0.00173780082875,0.00173780082875,0.00173780082875,0.00173780082875,0.00173780082875,0.00173780082875,0.00173780082875,0.00173780082875,0.00173780082875,0.00173780082875,0.00173780082875,1,X2 X3 X13,0.830666666667,0.0122902322366,0.830666666667,0.0122902322366
0.00173780082875,0.00173780082875,0.00173780082875,0.00173780082875,0.00173780082875,0.00173780082875,0.00173780082875,0.00173780082875,0.00173780082875,0.00173780082875,0.00173780082875,0.00173780082875,0.00173780082875,0.00173780082875,0.00173780082875,0.00173780082875,0.00173780082875,0.00173780082875,1,X20 X30 X31 X41,0.589066666667,0.0157027952218,0.589066666667,0.0157027952218
0.00173780082875,0.00173780082875,0.00173780082875,0.00173780082875,0.00173780082875,0.00173780082875,0.00173780082875,0.00173780082875,0.00173780082875,0.00173780082875,0.00173780082875,0.00173780082875,0.00173780082875,0.00173780082875,0.00173780082875,0.00173780082875,0.00173780082875,0.00173780082875,1,X200 X210 X211,0.926777777778,0.00854841220422,0.926777777778,0.00854841220422
0.00173780082875,0.00173780082875,0.00173780082875,0.00173780082875,0.00173780082875,0.00173780082875,0.00173780082875,0.00173780082875,0.00173780082875,0.00173780082875,0.00173780082875,0.00173780082875,0.00173780082875,0.00173780082875,0.00173780082875,0.00173780082875,0.00173780082875,0.00173780082875,1,X201 X211 X212,0.927377777778,0.00579848925584,0.927377777778,0.00579848925584
0.00173780082875,0.00173780082875,0.00173780082875,0.00173780082875,0.00173780082875,0.00173780082875,0.00173780082875,0.00173780082875,0.00173780082875,0.00173780082875,0.00173780082875,0.00173780082875,0.00173780082875,0.00173780082875,0.00173780082875,0.00173780082875,0.00173780082875,0.00173780082875,1,X202 X212 X213,0.925955555556,0.00875539607378,0.925955555556,0.00875539607378
0.00173780082875,0.00173780082875,0.00173780082875,0.00173780082875,0.00173780082875,0.00173780082875,0.00173780082875,0.00173780082875,0.00173780082875,0.00173780082875,0.00173780082875,0.00173780082875,0.00173780082875,0.00173780082875,0.00173780082875,0.00173780082875,0.00173780082875,0.00173780082875,1,X203 X213 X214,0.928844444444,0.00749545626518,0.928844444444,0.00749545626518
0.00173780082875,0.00173780082875,0.00173780082875,0.00173780082875,0.00173780082875,0.00173780082875,0.00173780082875,0.00173780082875,0.00173780082875,0.00173780082875,0.00173780082875,0.00173780082875,0.00173780082875,0.00173780082875,0.00173780082875,0.00173780082875,0.00173780082875,0.00173780082875,1,X204 X214 X215,0.9276,0.00669328021227,0.9276,0.00669328021227
0.00173780082875,0.00173780082875,0.00173780082875,0.00173780082875,0.00173780082875,0.00173780082875,0.00173780082875,0.00173780082875,0.00173780082875,0.00173780082875,0.00173780082875,0.00173780082875,0.00173780082875,0.00173780082875,0.00173780082875,0.00173780082875,0.00173780082875,0.00173780082875,1,X205 X215 X216,0.929688888889,0.00659439756025,0.929688888889,0.00659439756025
0.00173780082875,0.00173780082875,0.00173780082875,0.00173780082875,0.00173780082875,0.00173780082875,0.00173780082875,0.00173780082875,0.00173780082875,0.00173780082875,0.00173780082875,0.00173780082875,0.00173780082875,0.00173780082875,0.00173780082875,0.00173780082875,0.00173780082875,0.00173780082875,1,X206 X216 X217,0.927044444444,0.00792238853517,0.927044444444,0.00792238853517
0.00173780082875,0.00173780082875,0.00173780082875,0.00173780082875,0.00173780082875,0.00173780082875,0.00173780082875,0.00173780082875,0.00173780082875,0.00173780082875,0.00173780082875,0.00173780082875,0.00173780082875,0.00173780082875,0.00173780082875,0.00173780082875,0.00173780082875,0.00173780082875,1,X207 X217 X218,0.929555555556,0.00837682139322,0.929555555556,0.00837682139322
0.00173780082875,0.00173780082875,0.00173780082875,0.00173780082875,0.00173780082875,0.00173780082875,0.00173780082875,0.00173780082875,0.00173780082875,0.00173780082875,0.00173780082875,0.00173780082875,0.00173780082875,0.00173780082875,0.00173780082875,0.00173780082875,0.00173780082875,0.00173780082875,1,X208 X218 X219,0.928111111111,0.00680338733152,0.928111111111,0.00680338733152
0.00173780082875,0.00173780082875,0.00173780082875,0.00173780082875,0.00173780082875,0.00173780082875,0.00173780082875,0.00173780082875,0.00173780082875,0.00173780082875,0.00173780082875,0.00173780082875,0.00173780082875,0.00173780082875,0.00173780082875,0.00173780082875,0.00173780082875,0.00173780082875,1,X209 X219 X220,0.570688888889,0.0157338820607,0.570688888889,0.0157338820607
0.00173780082875,0.00173780082875,0.00173780082875,0.00173780082875,0.00173780082875,0.00173780082875,0.00173780082875,0.00173780082875,0.00173780082875,0.00173780082875,0.00173780082875,0.00173780082875,0.00173780082875,0.00173780082875,0.00173780082875,0.00173780082875,0.00173780082875,0.00173780082875,1,X3 X4 X14,0.793222222222,0.0123040451665,0.793222222222,0.0123040451665
0.00173780082875,0.00173780082875,0.00173780082875,0.00173780082875,0.00173780082875,0.00173780082875,0.00173780082875,0.00173780082875,0.00173780082875,0.00173780082875,0.00173780082875,0.00173780082875,0.00173780082875,0.00173780082875,0.00173780082875,0.00173780082875,0.00173780082875,0.00173780082875,1,X32 X42 X43 X53,0.912933333333,0.00783469051584,0.912933333333,0.00783469051584
0.00173780082875,0.00173780082875,0.00173780082875,0.00173780082875,0.00173780082875,0.00173780082875,0.00173780082875,0.00173780082875,0.00173780082875,0.00173780082875,0.00173780082875,0.00173780082875,0.00173780082875,0.00173780082875,0.00173780082875,0.00173780082875,0.00173780082875,0.00173780082875,1,X33 X43 X44 X54,0.9162,0.00656975538538,0.9162,0.00656975538538
0.00173780082875,0.00173780082875,0.00173780082875,0.00173780082875,0.00173780082875,0.00173780082875,0.00173780082875,0.00173780082875,0.00173780082875,0.00173780082875,0.00173780082875,0.00173780082875,0.00173780082875,0.00173780082875,0.00173780082875,0.00173780082875,0.00173780082875,0.00173780082875,1,X34 X44 X45 X55,0.9158,0.00586998338846,0.9158,0.00586998338846
0.00173780082875,0.00173780082875,0.00173780082875,0.00173780082875,0.00173780082875,0.00173780082875,0.00173780082875,0.00173780082875,0.00173780082875,0.00173780082875,0.00173780082875,0.00173780082875,0.00173780082875,0.00173780082875,0.00173780082875,0.00173780082875,0.00173780082875,0.00173780082875,1,X35 X45 X46 X56,0.913844444444,0.00645570426033,0.913844444444,0.00645570426033
0.00173780082875,0.00173780082875,0.00173780082875,0.00173780082875,0.00173780082875,0.00173780082875,0.00173780082875,0.00173780082875,0.00173780082875,0.00173780082875,0.00173780082875,0.00173780082875,0.00173780082875,0.00173780082875,0.00173780082875,0.00173780082875,0.00173780082875,0.00173780082875,1,X36 X46 X47 X57,0.915355555556,0.00659381652364,0.915355555556,0.00659381652364
0.00173780082875,0.00173780082875,0.00173780082875,0.00173780082875,0.00173780082875,0.00173780082875,0.00173780082875,0.00173780082875,0.00173780082875,0.00173780082875,0.00173780082875,0.00173780082875,0.00173780082875,0.00173780082875,0.00173780082875,0.00173780082875,0.00173780082875,0.00173780082875,1,X37 X47 X48 X58,0.917111111111,0.00664671343516,0.917111111111,0.00664671343516
0.00173780082875,0.00173780082875,0.00173780082875,0.00173780082875,0.00173780082875,0.00173780082875,0.00173780082875,0.00173780082875,0.00173780082875,0.00173780082875,0.00173780082875,0.00173780082875,0.00173780082875,0.00173780082875,0.00173780082875,0.00173780082875,0.00173780082875,0.00173780082875,1,X38 X48 X49 X59,0.916888888889,0.00760385732589,0.916888888889,0.00760385732589
0.00173780082875,0.00173780082875,0.00173780082875,0.00173780082875,0.00173780082875,0.00173780082875,0.00173780082875,0.00173780082875,0.00173780082875,0.00173780082875,0.00173780082875,0.00173780082875,0.00173780082875,0.00173780082875,0.00173780082875,0.00173780082875,0.00173780082875,0.00173780082875,1,X39 X49 X50 X60,0.916377777778,0.00748676141092,0.916377777778,0.00748676141092
0.00173780082875,0.00173780082875,0.00173780082875,0.00173780082875,0.00173780082875,0.00173780082875,0.00173780082875,0.00173780082875,0.00173780082875,0.00173780082875,0.00173780082875,0.00173780082875,0.00173780082875,0.00173780082875,0.00173780082875,0.00173780082875,0.00173780082875,0.00173780082875,1,X4 X5 X15,0.748155555556,0.0103911004264,0.748155555556,0.0103911004264
0.00173780082875,0.00173780082875,0.00173780082875,0.00173780082875,0.00173780082875,0.00173780082875,0.00173780082875,0.00173780082875,0.00173780082875,0.00173780082875,0.00173780082875,0.00173780082875,0.00173780082875,0.00173780082875,0.00173780082875,0.00173780082875,0.00173780082875,0.00173780082875,1,X40 X50 X51 X61,0.916666666667,0.00748126651437,0.916666666667,0.00748126651437
0.00173780082875,0.00173780082875,0.00173780082875,0.00173780082875,0.00173780082875,0.00173780082875,0.00173780082875,0.00173780082875,0.00173780082875,0.00173780082875,0.00173780082875,0.00173780082875,0.00173780082875,0.00173780082875,0.00173780082875,0.00173780082875,0.00173780082875,0.00173780082875,1,X41 X51 X52 X62,0.584777777778,0.0162018714527,0.584777777778,0.0162018714527
0.00173780082875,0.00173780082875,0.00173780082875,0.00173780082875,0.00173780082875,0.00173780082875,0.00173780082875,0.00173780082875,0.00173780082875,0.00173780082875,0.00173780082875,0.00173780082875,0.00173780082875,0.00173780082875,0.00173780082875,0.00173780082875,0.00173780082875,0.00173780082875,1,X5 X6 X16,0.709288888889,0.0110504705378,0.709288888889,0.0110504705378
0.00173780082875,0.00173780082875,0.00173780082875,0.00173780082875,0.00173780082875,0.00173780082875,0.00173780082875,0.00173780082875,0.00173780082875,0.00173780082875,0.00173780082875,0.00173780082875,0.00173780082875,0.00173780082875,0.00173780082875,0.00173780082875,0.00173780082875,0.00173780082875,1,X53 X63 X64 X74,0.917355555556,0.00744117844524,0.917355555556,0.00744117844524
0.00173780082875,0.00173780082875,0.00173780082875,0.00173780082875,0.00173780082875,0.00173780082875,0.00173780082875,0.00173780082875,0.00173780082875,0.00173780082875,0.00173780082875,0.00173780082875,0.00173780082875,0.00173780082875,0.00173780082875,0.00173780082875,0.00173780082875,0.00173780082875,1,X54 X64 X65 X75,0.916177777778,0.00641103773606,0.916177777778,0.00641103773606
0.00173780082875,0.00173780082875,0.00173780082875,0.00173780082875,0.00173780082875,0.00173780082875,0.00173780082875,0.00173780082875,0.00173780082875,0.00173780082875,0.00173780082875,0.00173780082875,0.00173780082875,0.00173780082875,0.00173780082875,0.00173780082875,0.00173780082875,0.00173780082875,1,X55 X65 X66 X76,0.916222222222,0.00602252052816,0.916222222222,0.00602252052816
0.00173780082875,0.00173780082875,0.00173780082875,0.00173780082875,0.00173780082875,0.00173780082875,0.00173780082875,0.00173780082875,0.00173780082875,0.00173780082875,0.00173780082875,0.00173780082875,0.00173780082875,0.00173780082875,0.00173780082875,0.00173780082875,0.00173780082875,0.00173780082875,1,X56 X66 X67 X77,0.915844444444,0.00764075247209,0.915844444444,0.00764075247209
0.00173780082875,0.00173780082875,0.00173780082875,0.00173780082875,0.00173780082875,0.00173780082875,0.00173780082875,0.00173780082875,0.00173780082875,0.00173780082875,0.00173780082875,0.00173780082875,0.00173780082875,0.00173780082875,0.00173780082875,0.00173780082875,0.00173780082875,0.00173780082875,1,X57 X67 X68 X78,0.916444444444,0.00593795076262,0.916444444444,0.00593795076262
0.00173780082875,0.00173780082875,0.00173780082875,0.00173780082875,0.00173780082875,0.00173780082875,0.00173780082875,0.00173780082875,0.00173780082875,0.00173780082875,0.00173780082875,0.00173780082875,0.00173780082875,0.00173780082875,0.00173780082875,0.00173780082875,0.00173780082875,0.00173780082875,1,X58 X68 X69 X79,0.914444444444,0.00709504890958,0.914444444444,0.00709504890958
0.00173780082875,0.00173780082875,0.00173780082875,0.00173780082875,0.00173780082875,0.00173780082875,0.00173780082875,0.00173780082875,0.00173780082875,0.00173780082875,0.00173780082875,0.00173780082875,0.00173780082875,0.00173780082875,0.00173780082875,0.00173780082875,0.00173780082875,0.00173780082875,1,X59 X69 X70 X80,0.9154,0.00667206677843,0.9154,0.00667206677843
0.00173780082875,0.00173780082875,0.00173780082875,0.00173780082875,0.00173780082875,0.00173780082875,0.00173780082875,0.00173780082875,0.00173780082875,0.00173780082875,0.00173780082875,0.00173780082875,0.00173780082875,0.00173780082875,0.00173780082875,0.00173780082875,0.00173780082875,0.00173780082875,1,X6 X7 X17,0.682311111111,0.0127549654769,0.682311111111,0.0127549654769
0.00173780082875,0.00173780082875,0.00173780082875,0.00173780082875,0.00173780082875,0.00173780082875,0.00173780082875,0.00173780082875,0.00173780082875,0.00173780082875,0.00173780082875,0.00173780082875,0.00173780082875,0.00173780082875,0.00173780082875,0.00173780082875,0.00173780082875,0.00173780082875,1,X60 X70 X71 X81,0.915088888889,0.00736249860415,0.915088888889,0.00736249860415
0.00173780082875,0.00173780082875,0.00173780082875,0.00173780082875,0.00173780082875,0.00173780082875,0.00173780082875,0.00173780082875,0.00173780082875,0.00173780082875,0.00173780082875,0.00173780082875,0.00173780082875,0.00173780082875,0.00173780082875,0.00173780082875,0.00173780082875,0.00173780082875,1,X61 X71 X72 X82,0.9146,0.00775358031253,0.9146,0.00775358031253
0.00173780082875,0.00173780082875,0.00173780082875,0.00173780082875,0.00173780082875,0.00173780082875,0.00173780082875,0.00173780082875,0.00173780082875,0.00173780082875,0.00173780082875,0.00173780082875,0.00173780082875,0.00173780082875,0.00173780082875,0.00173780082875,0.00173780082875,0.00173780082875,1,X62 X72 X73 X83,0.579555555556,0.0172849309459,0.579555555556,0.0172849309459
0.00173780082875,0.00173780082875,0.00173780082875,0.00173780082875,0.00173780082875,0.00173780082875,0.00173780082875,0.00173780082875,0.00173780082875,0.00173780082875,0.00173780082875,0.00173780082875,0.00173780082875,0.00173780082875,0.00173780082875,0.00173780082875,0.00173780082875,0.00173780082875,1,X7 X8 X18,0.645555555556,0.013750188667,0.645555555556,0.013750188667
0.00173780082875,0.00173780082875,0.00173780082875,0.00173780082875,0.00173780082875,0.00173780082875,0.00173780082875,0.00173780082875,0.00173780082875,0.00173780082875,0.00173780082875,0.00173780082875,0.00173780082875,0.00173780082875,0.00173780082875,0.00173780082875,0.00173780082875,0.00173780082875,1,X74 X84 X85 X95,0.914822222222,0.00546022421987,0.914822222222,0.00546022421987
0.00173780082875,0.00173780082875,0.00173780082875,0.00173780082875,0.00173780082875,0.00173780082875,0.00173780082875,0.00173780082875,0.00173780082875,0.00173780082875,0.00173780082875,0.00173780082875,0.00173780082875,0.00173780082875,0.00173780082875,0.00173780082875,0.00173780082875,0.00173780082875,1,X75 X85 X86 X96,0.913688888889,0.00582696422958,0.913688888889,0.00582696422958
0.00173780082875,0.00173780082875,0.00173780082875,0.00173780082875,0.00173780082875,0.00173780082875,0.00173780082875,0.00173780082875,0.00173780082875,0.00173780082875,0.00173780082875,0.00173780082875,0.00173780082875,0.00173780082875,0.00173780082875,0.00173780082875,0.00173780082875,0.00173780082875,1,X76 X86 X87 X97,0.916377777778,0.00683843842571,0.916377777778,0.00683843842571
0.00173780082875,0.00173780082875,0.00173780082875,0.00173780082875,0.00173780082875,0.00173780082875,0.00173780082875,0.00173780082875,0.00173780082875,0.00173780082875,0.00173780082875,0.00173780082875,0.00173780082875,0.00173780082875,0.00173780082875,0.00173780082875,0.00173780082875,0.00173780082875,1,X77 X87 X88 X98,0.914266666667,0.00727268547532,0.914266666667,0.00727268547532
0.00173780082875,0.00173780082875,0.00173780082875,0.00173780082875,0.00173780082875,0.00173780082875,0.00173780082875,0.00173780082875,0.00173780082875,0.00173780082875,0.00173780082875,0.00173780082875,0.00173780082875,0.00173780082875,0.00173780082875,0.00173780082875,0.00173780082875,0.00173780082875,1,X78 X88 X89 X99,0.914622222222,0.00551954613419,0.914622222222,0.00551954613419
0.00173780082875,0.00173780082875,0.00173780082875,0.00173780082875,0.00173780082875,0.00173780082875,0.00173780082875,0.00173780082875,0.00173780082875,0.00173780082875,0.00173780082875,0.00173780082875,0.00173780082875,0.00173780082875,0.00173780082875,0.00173780082875,0.00173780082875,0.00173780082875,1,X79 X89 X90 X100,0.916355555556,0.00808334617055,0.916355555556,0.00808334617055
0.00173780082875,0.00173780082875,0.00173780082875,0.00173780082875,0.00173780082875,0.00173780082875,0.00173780082875,0.00173780082875,0.00173780082875,0.00173780082875,0.00173780082875,0.00173780082875,0.00173780082875,0.00173780082875,0.00173780082875,0.00173780082875,0.00173780082875,0.00173780082875,1,X8 X9 X19,0.610444444444,0.0172734006603,0.610444444444,0.0172734006603
0.00173780082875,0.00173780082875,0.00173780082875,0.00173780082875,0.00173780082875,0.00173780082875,0.00173780082875,0.00173780082875,0.00173780082875,0.00173780082875,0.00173780082875,0.00173780082875,0.00173780082875,0.00173780082875,0.00173780082875,0.00173780082875,0.00173780082875,0.00173780082875,1,X80 X90 X91 X101,0.917577777778,0.00814896431533,0.917577777778,0.00814896431533
0.00173780082875,0.00173780082875,0.00173780082875,0.00173780082875,0.00173780082875,0.00173780082875,0.00173780082875,0.00173780082875,0.00173780082875,0.00173780082875,0.00173780082875,0.00173780082875,0.00173780082875,0.00173780082875,0.00173780082875,0.00173780082875,0.00173780082875,0.00173780082875,1,X81 X91 X92 X102,0.916066666667,0.00558418675927,0.916066666667,0.00558418675927
0.00173780082875,0.00173780082875,0.00173780082875,0.00173780082875,0.00173780082875,0.00173780082875,0.00173780082875,0.00173780082875,0.00173780082875,0.00173780082875,0.00173780082875,0.00173780082875,0.00173780082875,0.00173780082875,0.00173780082875,0.00173780082875,0.00173780082875,0.00173780082875,1,X82 X92 X93 X103,0.915711111111,0.00739407100853,0.915711111111,0.00739407100853
0.00173780082875,0.00173780082875,0.00173780082875,0.00173780082875,0.00173780082875,0.00173780082875,0.00173780082875,0.00173780082875,0.00173780082875,0.00173780082875,0.00173780082875,0.00173780082875,0.00173780082875,0.00173780082875,0.00173780082875,0.00173780082875,0.00173780082875,0.00173780082875,1,X83 X93 X94 X104,0.580511111111,0.011823326944,0.580511111111,0.011823326944
0.00173780082875,0.00173780082875,0.00173780082875,0.00173780082875,0.00173780082875,0.00173780082875,0.00173780082875,0.00173780082875,0.00173780082875,0.00173780082875,0.00173780082875,0.00173780082875,0.00173780082875,0.00173780082875,0.00173780082875,0.00173780082875,0.00173780082875,0.00173780082875,1,X9 X10 X20,0.592822222222,0.0127500982893,0.592822222222,0.0127500982893
0.00173780082875,0.00173780082875,0.00173780082875,0.00173780082875,0.00173780082875,0.00173780082875,0.00173780082875,0.00173780082875,0.00173780082875,0.00173780082875,0.00173780082875,0.00173780082875,0.00173780082875,0.00173780082875,0.00173780082875,0.00173780082875,0.00173780082875,0.00173780082875,1,X95 X105 X106 X116,0.914422222222,0.00647656153353,0.914422222222,0.00647656153353
0.00173780082875,0.00173780082875,0.00173780082875,0.00173780082875,0.00173780082875,0.00173780082875,0.00173780082875,0.00173780082875,0.00173780082875,0.00173780082875,0.00173780082875,0.00173780082875,0.00173780082875,0.00173780082875,0.00173780082875,0.00173780082875,0.00173780082875,0.00173780082875,1,X96 X106 X107 X117,0.913977777778,0.00875285758848,0.913977777778,0.00875285758848
0.00173780082875,0.00173780082875,0.00173780082875,0.00173780082875,0.00173780082875,0.00173780082875,0.00173780082875,0.00173780082875,0.00173780082875,0.00173780082875,0.00173780082875,0.00173780082875,0.00173780082875,0.00173780082875,0.00173780082875,0.00173780082875,0.00173780082875,0.00173780082875,1,X97 X107 X108 X118,0.916244444444,0.00730607962516,0.916244444444,0.00730607962516
0.00173780082875,0.00173780082875,0.00173780082875,0.00173780082875,0.00173780082875,0.00173780082875,0.00173780082875,0.00173780082875,0.00173780082875,0.00173780082875,0.00173780082875,0.00173780082875,0.00173780082875,0.00173780082875,0.00173780082875,0.00173780082875,0.00173780082875,0.00173780082875,1,X98 X108 X109 X119,0.915377777778,0.00537892391447,0.915377777778,0.00537892391447
0.00173780082875,0.00173780082875,0.00173780082875,0.00173780082875,0.00173780082875,0.00173780082875,0.00173780082875,0.00173780082875,0.00173780082875,0.00173780082875,0.00173780082875,0.00173780082875,0.00173780082875,0.00173780082875,0.00173780082875,0.00173780082875,0.00173780082875,0.00173780082875,1,X99 X109 X110 X120,0.916377777778,0.00849734388671,0.916377777778,0.00849734388671
0.00173780082875,0.00173780082875,0.00173780082875,0.00173780082875,0.00173780082875,0.00173780082875,0.00173780082875,0.00173780082875,0.00173780082875,0.00173780082875,0.00173780082875,0.00173780082875,0.00173780082875,0.00173780082875,0.00173780082875,0.00173780082875,0.00173780082875,0.00173780082875,1,Z0 Z11 Z21,0.941311111111,0.00564188858175,0.941311111111,0.00564188858175
0.00173780082875,0.00173780082875,0.00173780082875,0.00173780082875,0.00173780082875,0.00173780082875,0.00173780082875,0.00173780082875,0.00173780082875,0.00173780082875,0.00173780082875,0.00173780082875,0.00173780082875,0.00173780082875,0.00173780082875,0.00173780082875,0.00173780082875,0.00173780082875,1,Z1 Z11 Z12 Z22,0.8972,0.00698196911482,0.8972,0.00698196911482
0.00173780082875,0.00173780082875,0.00173780082875,0.00173780082875,0.00173780082875,0.00173780082875,0.00173780082875,0.00173780082875,0.00173780082875,0.00173780082875,0.00173780082875,0.00173780082875,0.00173780082875,0.00173780082875,0.00173780082875,0.00173780082875,0.00173780082875,0.00173780082875,1,Z10 Z20 Z31,0.738377777778,0.00948106939558,0.738377777778,0.00948106939558
0.00173780082875,0.00173780082875,0.00173780082875,0.00173780082875,0.00173780082875,0.00173780082875,0.00173780082875,0.00173780082875,0.00173780082875,0.00173780082875,0.00173780082875,0.00173780082875,0.00173780082875,0.00173780082875,0.00173780082875,0.00173780082875,0.00173780082875,0.00173780082875,1,Z105 Z116 Z126,0.934866666667,0.00695061947679,0.934866666667,0.00695061947679
0.00173780082875,0.00173780082875,0.00173780082875,0.00173780082875,0.00173780082875,0.00173780082875,0.00173780082875,0.00173780082875,0.00173780082875,0.00173780082875,0.00173780082875,0.00173780082875,0.00173780082875,0.00173780082875,0.00173780082875,0.00173780082875,0.00173780082875,0.00173780082875,1,Z106 Z116 Z117 Z127,0.921333333333,0.00657873038561,0.921333333333,0.00657873038561
0.00173780082875,0.00173780082875,0.00173780082875,0.00173780082875,0.00173780082875,0.00173780082875,0.00173780082875,0.00173780082875,0.00173780082875,0.00173780082875,0.00173780082875,0.00173780082875,0.00173780082875,0.00173780082875,0.00173780082875,0.00173780082875,0.00173780082875,0.00173780082875,1,Z107 Z117 Z118 Z128,0.920111111111,0.00629317780183,0.920111111111,0.00629317780183
0.00173780082875,0.00173780082875,0.00173780082875,0.00173780082875,0.00173780082875,0.00173780082875,0.00173780082875,0.00173780082875,0.00173780082875,0.00173780082875,0.00173780082875,0.00173780082875,0.00173780082875,0.00173780082875,0.00173780082875,0.00173780082875,0.00173780082875,0.00173780082875,1,Z108 Z118 Z119 Z129,0.923977777778,0.00846626541421,0.923977777778,0.00846626541421
0.00173780082875,0.00173780082875,0.00173780082875,0.00173780082875,0.00173780082875,0.00173780082875,0.00173780082875,0.00173780082875,0.00173780082875,0.00173780082875,0.00173780082875,0.00173780082875,0.00173780082875,0.00173780082875,0.00173780082875,0.00173780082875,0.00173780082875,0.00173780082875,1,Z109 Z119 Z120 Z130,0.922044444444,0.00497636816385,0.922044444444,0.00497636816385
0.00173780082875,0.00173780082875,0.00173780082875,0.00173780082875,0.00173780082875,0.00173780082875,0.00173780082875,0.00173780082875,0.00173780082875,0.00173780082875,0.00173780082875,0.00173780082875,0.00173780082875,0.00173780082875,0.00173780082875,0.00173780082875,0.00173780082875,0.00173780082875,1,Z110 Z120 Z121 Z131,0.922911111111,0.00657053292644,0.922911111111,0.00657053292644
0.00173780082875,0.00173780082875,0.00173780082875,0.00173780082875,0.00173780082875,0.00173780082875,0.00173780082875,0.00173780082875,0.00173780082875,0.00173780082875,0.00173780082875,0.00173780082875,0.00173780082875,0.00173780082875,0.00173780082875,0.00173780082875,0.00173780082875,0.00173780082875,1,Z111 Z121 Z122 Z132,0.924444444444,0.00714241195475,0.924444444444,0.00714241195475
0.00173780082875,0.00173780082875,0.00173780082875,0.00173780082875,0.00173780082875,0.00173780082875,0.00173780082875,0.00173780082875,0.00173780082875,0.00173780082875,0.00173780082875,0.00173780082875,0.00173780082875,0.00173780082875,0.00173780082875,0.00173780082875,0.00173780082875,0.00173780082875,1,Z112 Z122 Z123 Z133,0.921377777778,0.00649652623553,0.921377777778,0.00649652623553
0.00173780082875,0.00173780082875,0.00173780082875,0.00173780082875,0.00173780082875,0.00173780082875,0.00173780082875,0.00173780082875,0.00173780082875,0.00173780082875,0.00173780082875,0.00173780082875,0.00173780082875,0.00173780082875,0.00173780082875,0.00173780082875,0.00173780082875,0.00173780082875,1,Z113 Z123 Z124 Z134,0.923288888889,0.00589806990531,0.923288888889,0.00589806990531
0.00173780082875,0.00173780082875,0.00173780082875,0.00173780082875,0.00173780082875,0.00173780082875,0.00173780082875,0.00173780082875,0.00173780082875,0.00173780082875,0.00173780082875,0.00173780082875,0.00173780082875,0.00173780082875,0.00173780082875,0.00173780082875,0.00173780082875,0.00173780082875,1,Z114 Z124 Z125 Z135,0.724466666667,0.0125471066409,0.724466666667,0.0125471066409
0.00173780082875,0.00173780082875,0.00173780082875,0.00173780082875,0.00173780082875,0.00173780082875,0.00173780082875,0.00173780082875,0.00173780082875,0.00173780082875,0.00173780082875,0.00173780082875,0.00173780082875,0.00173780082875,0.00173780082875,0.00173780082875,0.00173780082875,0.00173780082875,1,Z115 Z125 Z136,0.749466666667,0.0118811483378,0.749466666667,0.0118811483378
0.00173780082875,0.00173780082875,0.00173780082875,0.00173780082875,0.00173780082875,0.00173780082875,0.00173780082875,0.00173780082875,0.00173780082875,0.00173780082875,0.00173780082875,0.00173780082875,0.00173780082875,0.00173780082875,0.00173780082875,0.00173780082875,0.00173780082875,0.00173780082875,1,Z126 Z137 Z147,0.932711111111,0.0067260193196,0.932711111111,0.0067260193196
0.00173780082875,0.00173780082875,0.00173780082875,0.00173780082875,0.00173780082875,0.00173780082875,0.00173780082875,0.00173780082875,0.00173780082875,0.00173780082875,0.00173780082875,0.00173780082875,0.00173780082875,0.00173780082875,0.00173780082875,0.00173780082875,0.00173780082875,0.00173780082875,1,Z127 Z137 Z138 Z148,0.921888888889,0.00717826291612,0.921888888889,0.00717826291612
0.00173780082875,0.00173780082875,0.00173780082875,0.00173780082875,0.00173780082875,0.00173780082875,0.00173780082875,0.00173780082875,0.00173780082875,0.00173780082875,0.00173780082875,0.00173780082875,0.00173780082875,0.00173780082875,0.00173780082875,0.00173780082875,0.00173780082875,0.00173780082875,1,Z128 Z138 Z139 Z149,0.921155555556,0.00627818294559,0.921155555556,0.00627818294559
0.00173780082875,0.00173780082875,0.00173780082875,0.00173780082875,0.00173780082875,0.00173780082875,0.00173780082875,0.00173780082875,0.00173780082875,0.00173780082875,0.00173780082875,0.00173780082875,0.00173780082875,0.00173780082875,0.00173780082875,0.00173780082875,0.00173780082875,0.00173780082875,1,Z129 Z139 Z140 Z150,0.920666666667,0.00641836445669,0.920666666667,0.00641836445669
0.00173780082875,0.00173780082875,0.00173780082875,0.00173780082875,0.00173780082875,0.00173780082875,0.00173780082875,0.00173780082875,0.00173780082875,0.00173780082875,0.00173780082875,0.00173780082875,0.00173780082875,0.00173780082875,0.00173780082875,0.00173780082875,0.00173780082875,0.00173780082875,1,Z130 Z140 Z141 Z151,0.923111111111,0.00594311046013,0.923111111111,0.00594311046013
0.00173780082875,0.00173780082875,0.00173780082875,0.00173780082875,0.00173780082875,0.00173780082875,0.00173780082875,0.00173780082875,0.00173780082875,0.00173780082875,0.00173780082875,0.00173780082875,0.00173780082875,0.00173780082875,0.00173780082875,0.00173780082875,0.00173780082875,0.00173780082875,1,Z131 Z141 Z142 Z152,0.921511111111,0.00627818294559,0.921511111111,0.00627818294559
0.00173780082875,0.00173780082875,0.00173780082875,0.00173780082875,0.00173780082875,0.00173780082875,0.00173780082875,0.00173780082875,0.00173780082875,0.00173780082875,0.00173780082875,0.00173780082875,0.00173780082875,0.00173780082875,0.00173780082875,0.00173780082875,0.00173780082875,0.00173780082875,1,Z132 Z142 Z143 Z153,0.9238,0.00647103774536,0.9238,0.00647103774536
0.00173780082875,0.00173780082875,0.00173780082875,0.00173780082875,0.00173780082875,0.00173780082875,0.00173780082875,0.00173780082875,0.00173780082875,0.00173780082875,0.00173780082875,0.00173780082875,0.00173780082875,0.00173780082875,0.00173780082875,0.00173780082875,0.00173780082875,0.00173780082875,1,Z133 Z143 Z144 Z154,0.925422222222,0.00621882775499,0.925422222222,0.00621882775499
0.00173780082875,0.00173780082875,0.00173780082875,0.00173780082875,0.00173780082875,0.00173780082875,0.00173780082875,0.00173780082875,0.00173780082875,0.00173780082875,0.00173780082875,0.00173780082875,0.00173780082875,0.00173780082875,0.00173780082875,0.00173780082875,0.00173780082875,0.00173780082875,1,Z134 Z144 Z145 Z155,0.923777777778,0.00560331957805,0.923777777778,0.00560331957805
0.00173780082875,0.00173780082875,0.00173780082875,0.00173780082875,0.00173780082875,0.00173780082875,0.00173780082875,0.00173780082875,0.00173780082875,0.00173780082875,0.00173780082875,0.00173780082875,0.00173780082875,0.00173780082875,0.00173780082875,0.00173780082875,0.00173780082875,0.00173780082875,1,Z135 Z145 Z146 Z156,0.726688888889,0.0174737752783,0.726688888889,0.0174737752783
0.00173780082875,0.00173780082875,0.00173780082875,0.00173780082875,0.00173780082875,0.00173780082875,0.00173780082875,0.00173780082875,0.00173780082875,0.00173780082875,0.00173780082875,0.00173780082875,0.00173780082875,0.00173780082875,0.00173780082875,0.00173780082875,0.00173780082875,0.00173780082875,1,Z136 Z146 Z157,0.747044444444,0.0139002283212,0.747044444444,0.0139002283212
0.00173780082875,0.00173780082875,0.00173780082875,0.00173780082875,0.00173780082875,0.00173780082875,0.00173780082875,0.00173780082875,0.00173780082875,0.00173780082875,0.00173780082875,0.00173780082875,0.00173780082875,0.00173780082875,0.00173780082875,0.00173780082875,0.00173780082875,0.00173780082875,1,Z147 Z158 Z168,0.930955555556,0.0081229693405,0.930955555556,0.0081229693405
0.00173780082875,0.00173780082875,0.00173780082875,0.00173780082875,0.00173780082875,0.00173780082875,0.00173780082875,0.00173780082875,0.00173780082875,0.00173780082875,0.00173780082875,0.00173780082875,0.00173780082875,0.00173780082875,0.00173780082875,0.00173780082875,0.00173780082875,0.00173780082875,1,Z148 Z158 Z159 Z169,0.922044444444,0.00586941767614,0.922044444444,0.00586941767614
0.00173780082875,0.00173780082875,0.00173780082875,0.00173780082875,0.00173780082875,0.00173780082875,0.00173780082875,0.00173780082875,0.00173780082875,0.00173780082875,0.00173780082875,0.00173780082875,0.00173780082875,0.00173780082875,0.00173780082875,0.00173780082875,0.00173780082875,0.00173780082875,1,Z149 Z159 Z160 Z170,0.921533333333,0.00709033122885,0.921533333333,0.00709033122885
0.00173780082875,0.00173780082875,0.00173780082875,0.00173780082875,0.00173780082875,0.00173780082875,0.00173780082875,0.00173780082875,0.00173780082875,0.00173780082875,0.00173780082875,0.00173780082875,0.00173780082875,0.00173780082875,0.00173780082875,0.00173780082875,0.00173780082875,0.00173780082875,1,Z150 Z160 Z161 Z171,0.924222222222,0.00640721177327,0.924222222222,0.00640721177327
0.00173780082875,0.00173780082875,0.00173780082875,0.00173780082875,0.00173780082875,0.00173780082875,0.00173780082875,0.00173780082875,0.00173780082875,0.00173780082875,0.00173780082875,0.00173780082875,0.00173780082875,0.00173780082875,0.00173780082875,0.00173780082875,0.00173780082875,0.00173780082875,1,Z151 Z161 Z162 Z172,0.922644444444,0.00775582012745,0.922644444444,0.00775582012745
0.00173780082875,0.00173780082875,0.00173780082875,0.00173780082875,0.00173780082875,0.00173780082875,0.00173780082875,0.00173780082875,0.00173780082875,0.00173780082875,0.00173780082875,0.00173780082875,0.00173780082875,0.00173780082875,0.00173780082875,0.00173780082875,0.00173780082875,0.00173780082875,1,Z152 Z162 Z163 Z173,0.922044444444,0.0074256123673,0.922044444444,0.0074256123673
0.00173780082875,0.00173780082875,0.00173780082875,0.00173780082875,0.00173780082875,0.00173780082875,0.00173780082875,0.00173780082875,0.00173780082875,0.00173780082875,0.00173780082875,0.00173780082875,0.00173780082875,0.00173780082875,0.00173780082875,0.00173780082875,0.00173780082875,0.00173780082875,1,Z153 Z163 Z164 Z174,0.924488888889,0.00576668549152,0.924488888889,0.00576668549152
0.00173780082875,0.00173780082875,0.00173780082875,0.00173780082875,0.00173780082875,0.00173780082875,0.00173780082875,0.00173780082875,0.00173780082875,0.00173780082875,0.00173780082875,0.00173780082875,0.00173780082875,0.00173780082875,0.00173780082875,0.00173780082875,0.00173780082875,0.00173780082875,1,Z154 Z164 Z165 Z175,0.923711111111,0.00793398690118,0.923711111111,0.00793398690118
0.00173780082875,0.00173780082875,0.00173780082875,0.00173780082875,0.00173780082875,0.00173780082875,0.00173780082875,0.00173780082875,0.00173780082875,0.00173780082875,0.00173780082875,0.00173780082875,0.00173780082875,0.00173780082875,0.00173780082875,0.00173780082875,0.00173780082875,0.00173780082875,1,Z155 Z165 Z166 Z176,0.9224,0.00725369505521,0.9224,0.00725369505521
0.00173780082875,0.00173780082875,0.00173780082875,0.00173780082875,0.00173780082875,0.00173780082875,0.00173780082875,0.00173780082875,0.00173780082875,0.00173780082875,0.00173780082875,0.00173780082875,0.00173780082875,0.00173780082875,0.00173780082875,0.00173780082875,0.00173780082875,0.00173780082875,1,Z156 Z166 Z167 Z177,0.723688888889,0.0125013204922,0.723688888889,0.0125013204922
0.00173780082875,0.00173780082875,0.00173780082875,0.00173780082875,0.00173780082875,0.00173780082875,0.00173780082875,0.00173780082875,0.00173780082875,0.00173780082875,0.00173780082875,0.00173780082875,0.00173780082875,0.00173780082875,0.00173780082875,0.00173780082875,0.00173780082875,0.00173780082875,1,Z157 Z167 Z178,0.749866666667,0.01263868658,0.749866666667,0.01263868658
0.00173780082875,0.00173780082875,0.00173780082875,0.00173780082875,0.00173780082875,0.00173780082875,0.00173780082875,0.00173780082875,0.00173780082875,0.00173780082875,0.00173780082875,0.00173780082875,0.00173780082875,0.00173780082875,0.00173780082875,0.00173780082875,0.00173780082875,0.00173780082875,1,Z168 Z179 Z189,0.928844444444,0.0057826092384,0.928844444444,0.0057826092384
0.00173780082875,0.00173780082875,0.00173780082875,0.00173780082875,0.00173780082875,0.00173780082875,0.00173780082875,0.00173780082875,0.00173780082875,0.00173780082875,0.00173780082875,0.00173780082875,0.00173780082875,0.00173780082875,0.00173780082875,0.00173780082875,0.00173780082875,0.00173780082875,1,Z169 Z179 Z180 Z190,0.922288888889,0.00533529657352,0.922288888889,0.00533529657352
0.00173780082875,0.00173780082875,0.00173780082875,0.00173780082875,0.00173780082875,0.00173780082875,0.00173780082875,0.00173780082875,0.00173780082875,0.00173780082875,0.00173780082875,0.00173780082875,0.00173780082875,0.00173780082875,0.00173780082875,0.00173780082875,0.00173780082875,0.00173780082875,1,Z170 Z180 Z181 Z191,0.919244444444,0.0067392220371,0.919244444444,0.0067392220371
0.00173780082875,0.00173780082875,0.00173780082875,0.00173780082875,0.00173780082875,0.00173780082875,0.00173780082875,0.00173780082875,0.00173780082875,0.00173780082875,0.00173780082875,0.00173780082875,0.00173780082875,0.00173780082875,0.00173780082875,0.00173780082875,0.00173780082875,0.00173780082875,1,Z171 Z181 Z182 Z192,0.922222222222,0.00789457999889,0.922222222222,0.00789457999889
0.00173780082875,0.00173780082875,0.00173780082875,0.00173780082875,0.00173780082875,0.00173780082875,0.00173780082875,0.00173780082875,0.00173780082875,0.00173780082875,0.00173780082875,0.00173780082875,0.00173780082875,0.00173780082875,0.00173780082875,0.00173780082875,0.00173780082875,0.00173780082875,1,Z172 Z182 Z183 Z193,0.925488888889,0.00745599264411,0.925488888889,0.00745599264411
0.00173780082875,0.00173780082875,0.00173780082875,0.00173780082875,0.00173780082875,0.00173780082875,0.00173780082875,0.00173780082875,0.00173780082875,0.00173780082875,0.00173780082875,0.00173780082875,0.00173780082875,0.00173780082875,0.00173780082875,0.00173780082875,0.00173780082875,0.00173780082875,1,Z173 Z183 Z184 Z194,0.922066666667,0.00788295605522,0.922066666667,0.00788295605522
0.00173780082875,0.00173780082875,0.00173780082875,0.00173780082875,0.00173780082875,0.00173780082875,0.00173780082875,0.00173780082875,0.00173780082875,0.00173780082875,0.00173780082875,0.00173780082875,0.00173780082875,0.00173780082875,0.00173780082875,0.00173780082875,0.00173780082875,0.00173780082875,1,Z174 Z184 Z185 Z195,0.9222,0.00560828615204,0.9222,0.00560828615204
0.00173780082875,0.00173780082875,0.00173780082875,0.00173780082875,0.00173780082875,0.00173780082875,0.00173780082875,0.00173780082875,0.00173780082875,0.00173780082875,0.00173780082875,0.00173780082875,0.00173780082875,0.00173780082875,0.00173780082875,0.00173780082875,0.00173780082875,0.00173780082875,1,Z175 Z185 Z186 Z196,0.921333333333,0.00771126458712,0.921333333333,0.00771126458712
0.00173780082875,0.00173780082875,0.00173780082875,0.00173780082875,0.00173780082875,0.00173780082875,0.00173780082875,0.00173780082875,0.00173780082875,0.00173780082875,0.00173780082875,0.00173780082875,0.00173780082875,0.00173780082875,0.00173780082875,0.00173780082875,0.00173780082875,0.00173780082875,1,Z176 Z186 Z187 Z197,0.922577777778,0.00630449169887,0.922577777778,0.00630449169887
0.00173780082875,0.00173780082875,0.00173780082875,0.00173780082875,0.00173780082875,0.00173780082875,0.00173780082875,0.00173780082875,0.00173780082875,0.00173780082875,0.00173780082875,0.00173780082875,0.00173780082875,0.00173780082875,0.00173780082875,0.00173780082875,0.00173780082875,0.00173780082875,1,Z177 Z187 Z188 Z198,0.716977777778,0.0110626683448,0.716977777778,0.0110626683448
0.00173780082875,0.00173780082875,0.00173780082875,0.00173780082875,0.00173780082875,0.00173780082875,0.00173780082875,0.00173780082875,0.00173780082875,0.00173780082875,0.00173780082875,0.00173780082875,0.00173780082875,0.00173780082875,0.00173780082875,0.00173780082875,0.00173780082875,0.00173780082875,1,Z178 Z188 Z199,0.753266666667,0.0127737158295,0.753266666667,0.0127737158295
0.00173780082875,0.00173780082875,0.00173780082875,0.00173780082875,0.00173780082875,0.00173780082875,0.00173780082875,0.00173780082875,0.00173780082875,0.00173780082875,0.00173780082875,0.00173780082875,0.00173780082875,0.00173780082875,0.00173780082875,0.00173780082875,0.00173780082875,0.00173780082875,1,Z189 Z200 Z210,0.929133333333,0.00715488205107,0.929133333333,0.00715488205107
0.00173780082875,0.00173780082875,0.00173780082875,0.00173780082875,0.00173780082875,0.00173780082875,0.00173780082875,0.00173780082875,0.00173780082875,0.00173780082875,0.00173780082875,0.00173780082875,0.00173780082875,0.00173780082875,0.00173780082875,0.00173780082875,0.00173780082875,0.00173780082875,1,Z190 Z200 Z201 Z211,0.922644444444,0.00632814871474,0.922644444444,0.00632814871474
0.00173780082875,0.00173780082875,0.00173780082875,0.00173780082875,0.00173780082875,0.00173780082875,0.00173780082875,0.00173780082875,0.00173780082875,0.00173780082875,0.00173780082875,0.00173780082875,0.00173780082875,0.00173780082875,0.00173780082875,0.00173780082875,0.00173780082875,0.00173780082875,1,Z191 Z201 Z202 Z212,0.9236,0.00723253610735,0.9236,0.00723253610735
0.00173780082875,0.00173780082875,0.00173780082875,0.00173780082875,0.00173780082875,0.00173780082875,0.00173780082875,0.00173780082875,0.00173780082875,0.00173780082875,0.00173780082875,0.00173780082875,0.00173780082875,0.00173780082875,0.00173780082875,0.00173780082875,0.00173780082875,0.00173780082875,1,Z192 Z202 Z203 Z213,0.923622222222,0.00723483131548,0.923622222222,0.00723483131548
0.00173780082875,0.00173780082875,0.00173780082875,0.00173780082875,0.00173780082875,0.00173780082875,0.00173780082875,0.00173780082875,0.00173780082875,0.00173780082875,0.00173780082875,0.00173780082875,0.00173780082875,0.00173780082875,0.00173780082875,0.00173780082875,0.00173780082875,0.00173780082875,1,Z193 Z203 Z204 Z214,0.924088888889,0.00731289384221,0.924088888889,0.00731289384221
0.00173780082875,0.00173780082875,0.00173780082875,0.00173780082875,0.00173780082875,0.00173780082875,0.00173780082875,0.00173780082875,0.00173780082875,0.00173780082875,0.00173780082875,0.00173780082875,0.00173780082875,0.00173780082875,0.00173780082875,0.00173780082875,0.00173780082875,0.00173780082875,1,Z194 Z204 Z205 Z215,0.9208,0.0068713408932,0.9208,0.0068713408932
0.00173780082875,0.00173780082875,0.00173780082875,0.00173780082875,0.00173780082875,0.00173780082875,0.00173780082875,0.00173780082875,0.00173780082875,0.00173780082875,0.00173780082875,0.00173780082875,0.00173780082875,0.00173780082875,0.00173780082875,0.00173780082875,0.00173780082875,0.00173780082875,1,Z195 Z205 Z206 Z216,0.9248,0.00701481737718,0.9248,0.00701481737718
0.00173780082875,0.00173780082875,0.00173780082875,0.00173780082875,0.00173780082875,0.00173780082875,0.00173780082875,0.00173780082875,0.00173780082875,0.00173780082875,0.00173780082875,0.00173780082875,0.00173780082875,0.00173780082875,0.00173780082875,0.00173780082875,0.00173780082875,0.00173780082875,1,Z196 Z206 Z207 Z217,0.922288888889,0.0073085963836,0.922288888889,0.0073085963836
0.00173780082875,0.00173780082875,0.00173780082875,0.00173780082875,0.00173780082875,0.00173780082875,0.00173780082875,0.00173780082875,0.00173780082875,0.00173780082875,0.00173780082875,0.00173780082875,0.00173780082875,0.00173780082875,0.00173780082875,0.00173780082875,0.00173780082875,0.00173780082875,1,Z197 Z207 Z208 Z218,0.922911111111,0.00622560116246,0.922911111111,0.00622560116246
0.00173780082875,0.00173780082875,0.00173780082875,0.00173780082875,0.00173780082875,0.00173780082875,0.00173780082875,0.00173780082875,0.00173780082875,0.00173780082875,0.00173780082875,0.00173780082875,0.00173780082875,0.00173780082875,0.00173780082875,0.00173780082875,0.00173780082875,0.00173780082875,1,Z198 Z208 Z209 Z219,0.717866666667,0.0115912504987,0.717866666667,0.0115912504987
0.00173780082875,0.00173780082875,0.00173780082875,0.00173780082875,0.00173780082875,0.00173780082875,0.00173780082875,0.00173780082875,0.00173780082875,0.00173780082875,0.00173780082875,0.00173780082875,0.00173780082875,0.00173780082875,0.00173780082875,0.00173780082875,0.00173780082875,0.00173780082875,1,Z199 Z209 Z220,0.583755555556,0.0161908950653,0.583755555556,0.0161908950653
0.00173780082875,0.00173780082875,0.00173780082875,0.00173780082875,0.00173780082875,0.00173780082875,0.00173780082875,0.00173780082875,0.00173780082875,0.00173780082875,0.00173780082875,0.00173780082875,0.00173780082875,0.00173780082875,0.00173780082875,0.00173780082875,0.00173780082875,0.00173780082875,1,Z2 Z12 Z13 Z23,0.877,0.00977721175652,0.877,0.00977721175652
0.00173780082875,0.00173780082875,0.00173780082875,0.00173780082875,0.00173780082875,0.00173780082875,0.00173780082875,0.00173780082875,0.00173780082875,0.00173780082875,0.00173780082875,0.00173780082875,0.00173780082875,0.00173780082875,0.00173780082875,0.00173780082875,0.00173780082875,0.00173780082875,1,Z21 Z32 Z42,0.944155555556,0.00578194662452,0.944155555556,0.00578194662452
0.00173780082875,0.00173780082875,0.00173780082875,0.00173780082875,0.00173780082875,0.00173780082875,0.00173780082875,0.00173780082875,0.00173780082875,0.00173780082875,0.00173780082875,0.00173780082875,0.00173780082875,0.00173780082875,0.00173780082875,0.00173780082875,0.00173780082875,0.00173780082875,1,Z22 Z32 Z33 Z43,0.923977777778,0.00776174592938,0.923977777778,0.00776174592938
0.00173780082875,0.00173780082875,0.00173780082875,0.00173780082875,0.00173780082875,0.00173780082875,0.00173780082875,0.00173780082875,0.00173780082875,0.00173780082875,0.00173780082875,0.00173780082875,0.00173780082875,0.00173780082875,0.00173780082875,0.00173780082875,0.00173780082875,0.00173780082875,1,Z23 Z33 Z34 Z44,0.924777777778,0.00639703794801,0.924777777778,0.00639703794801
0.00173780082875,0.00173780082875,0.00173780082875,0.00173780082875,0.00173780082875,0.00173780082875,0.00173780082875,0.00173780082875,0.00173780082875,0.00173780082875,0.00173780082875,0.00173780082875,0.00173780082875,0.00173780082875,0.00173780082875,0.00173780082875,0.00173780082875,0.00173780082875,1,Z24 Z34 Z35 Z45,0.923311111111,0.00559551909763,0.923311111111,0.00559551909763
0.00173780082875,0.00173780082875,0.00173780082875,0.00173780082875,0.00173780082875,0.00173780082875,0.00173780082875,0.00173780082875,0.00173780082875,0.00173780082875,0.00173780082875,0.00173780082875,0.00173780082875,0.00173780082875,0.00173780082875,0.00173780082875,0.00173780082875,0.00173780082875,1,Z25 Z35 Z36 Z46,0.922333333333,0.00728773703636,0.922333333333,0.00728773703636
0.00173780082875,0.00173780082875,0.00173780082875,0.00173780082875,0.00173780082875,0.00173780082875,0.00173780082875,0.00173780082875,0.00173780082875,0.00173780082875,0.00173780082875,0.00173780082875,0.00173780082875,0.00173780082875,0.00173780082875,0.00173780082875,0.00173780082875,0.00173780082875,1,Z26 Z36 Z37 Z47,0.922622222222,0.00692363010965,0.922622222222,0.00692363010965
0.00173780082875,0.00173780082875,0.00173780082875,0.00173780082875,0.00173780082875,0.00173780082875,0.00173780082875,0.00173780082875,0.00173780082875,0.00173780082875,0.00173780082875,0.00173780082875,0.00173780082875,0.00173780082875,0.00173780082875,0.00173780082875,0.00173780082875,0.00173780082875,1,Z27 Z37 Z38 Z48,0.923888888889,0.00610529155158,0.923888888889,0.00610529155158
0.00173780082875,0.00173780082875,0.00173780082875,0.00173780082875,0.00173780082875,0.00173780082875,0.00173780082875,0.00173780082875,0.00173780082875,0.00173780082875,0.00173780082875,0.00173780082875,0.00173780082875,0.00173780082875,0.00173780082875,0.00173780082875,0.00173780082875,0.00173780082875,1,Z28 Z38 Z39 Z49,0.921355555556,0.00696457007078,0.921355555556,0.00696457007078
0.00173780082875,0.00173780082875,0.00173780082875,0.00173780082875,0.00173780082875,0.00173780082875,0.00173780082875,0.00173780082875,0.00173780082875,0.00173780082875,0.00173780082875,0.00173780082875,0.00173780082875,0.00173780082875,0.00173780082875,0.00173780082875,0.00173780082875,0.00173780082875,1,Z29 Z39 Z40 Z50,0.922511111111,0.00672089059354,0.922511111111,0.00672089059354
0.00173780082875,0.00173780082875,0.00173780082875,0.00173780082875,0.00173780082875,0.00173780082875,0.00173780082875,0.00173780082875,0.00173780082875,0.00173780082875,0.00173780082875,0.00173780082875,0.00173780082875,0.00173780082875,0.00173780082875,0.00173780082875,0.00173780082875,0.00173780082875,1,Z3 Z13 Z14 Z24,0.855088888889,0.00947589534517,0.855088888889,0.00947589534517
0.00173780082875,0.00173780082875,0.00173780082875,0.00173780082875,0.00173780082875,0.00173780082875,0.00173780082875,0.00173780082875,0.00173780082875,0.00173780082875,0.00173780082875,0.00173780082875,0.00173780082875,0.00173780082875,0.00173780082875,0.00173780082875,0.00173780082875,0.00173780082875,1,Z30 Z40 Z41 Z51,0.742022222222,0.0130021906004,0.742022222222,0.0130021906004
0.00173780082875,0.00173780082875,0.00173780082875,0.00173780082875,0.00173780082875,0.00173780082875,0.00173780082875,0.00173780082875,0.00173780082875,0.00173780082875,0.00173780082875,0.00173780082875,0.00173780082875,0.00173780082875,0.00173780082875,0.00173780082875,0.00173780082875,0.00173780082875,1,Z31 Z41 Z52,0.741666666667,0.0142992109205,0.741666666667,0.0142992109205
0.00173780082875,0.00173780082875,0.00173780082875,0.00173780082875,0.00173780082875,0.00173780082875,0.00173780082875,0.00173780082875,0.00173780082875,0.00173780082875,0.00173780082875,0.00173780082875,0.00173780082875,0.00173780082875,0.00173780082875,0.00173780082875,0.00173780082875,0.00173780082875,1,Z4 Z14 Z15 Z25,0.832022222222,0.0103420183499,0.832022222222,0.0103420183499
0.00173780082875,0.00173780082875,0.00173780082875,0.00173780082875,0.00173780082875,0.00173780082875,0.00173780082875,0.00173780082875,0.00173780082875,0.00173780082875,0.00173780082875,0.00173780082875,0.00173780082875,0.00173780082875,0.00173780082875,0.00173780082875,0.00173780082875,0.00173780082875,1,Z42 Z53 Z63,0.941755555556,0.00504229873179,0.941755555556,0.00504229873179
0.00173780082875,0.00173780082875,0.00173780082875,0.00173780082875,0.00173780082875,0.00173780082875,0.00173780082875,0.00173780082875,0.00173780082875,0.00173780082875,0.00173780082875,0.00173780082875,0.00173780082875,0.00173780082875,0.00173780082875,0.00173780082875,0.00173780082875,0.00173780082875,1,Z43 Z53 Z54 Z64,0.922688888889,0.0073416532393,0.922688888889,0.0073416532393
0.00173780082875,0.00173780082875,0.00173780082875,0.00173780082875,0.00173780082875,0.00173780082875,0.00173780082875,0.00173780082875,0.00173780082875,0.00173780082875,0.00173780082875,0.00173780082875,0.00173780082875,0.00173780082875,0.00173780082875,0.00173780082875,0.00173780082875,0.00173780082875,1,Z44 Z54 Z55 Z65,0.920066666667,0.0089722432772,0.920066666667,0.0089722432772
0.00173780082875,0.00173780082875,0.00173780082875,0.00173780082875,0.00173780082875,0.00173780082875,0.00173780082875,0.00173780082875,0.00173780082875,0.00173780082875,0.00173780082875,0.00173780082875,0.00173780082875,0.00173780082875,0.00173780082875,0.00173780082875,0.00173780082875,0.00173780082875,1,Z45 Z55 Z56 Z66,0.921777777778,0.00738712420952,0.921777777778,0.00738712420952
0.00173780082875,0.00173780082875,0.00173780082875,0.00173780082875,0.00173780082875,0.00173780082875,0.00173780082875,0.00173780082875,0.00173780082875,0.00173780082875,0.00173780082875,0.00173780082875,0.00173780082875,0.00173780082875,0.00173780082875,0.00173780082875,0.00173780082875,0.00173780082875,1,Z46 Z56 Z57 Z67,0.920688888889,0.0084789273762,0.920688888889,0.0084789273762
0.00173780082875,0.00173780082875,0.00173780082875,0.00173780082875,0.00173780082875,0.00173780082875,0.00173780082875,0.00173780082875,0.00173780082875,0.00173780082875,0.00173780082875,0.00173780082875,0.00173780082875,0.00173780082875,0.00173780082875,0.00173780082875,0.00173780082875,0.00173780082875,1,Z47 Z57 Z58 Z68,0.924044444444,0.00606966790316,0.924044444444,0.00606966790316
0.00173780082875,0.00173780082875,0.00173780082875,0.00173780082875,0.00173780082875,0.00173780082875,0.00173780082875,0.00173780082875,0.00173780082875,0.00173780082875,0.00173780082875,0.00173780082875,0.00173780082875,0.00173780082875,0.00173780082875,0.00173780082875,0.00173780082875,0.00173780082875,1,Z48 Z58 Z59 Z69,0.921666666667,0.00612950905261,0.921666666667,0.00612950905261
0.00173780082875,0.00173780082875,0.00173780082875,0.00173780082875,0.00173780082875,0.00173780082875,0.00173780082875,0.00173780082875,0.00173780082875,0.00173780082875,0.00173780082875,0.00173780082875,0.00173780082875,0.00173780082875,0.00173780082875,0.00173780082875,0.00173780082875,0.00173780082875,1,Z49 Z59 Z60 Z70,0.921733333333,0.0067684188887,0.921733333333,0.0067684188887
0.00173780082875,0.00173780082875,0.00173780082875,0.00173780082875,0.00173780082875,0.00173780082875,0.00173780082875,0.00173780082875,0.00173780082875,0.00173780082875,0.00173780082875,0.00173780082875,0.00173780082875,0.00173780082875,0.00173780082875,0.00173780082875,0.00173780082875,0.00173780082875,1,Z5 Z15 Z16 Z26,0.809844444444,0.0132314305165,0.809844444444,0.0132314305165
0.00173780082875,0.00173780082875,0.00173780082875,0.00173780082875,0.00173780082875,0.00173780082875,0.00173780082875,0.00173780082875,0.00173780082875,0.00173780082875,0.00173780082875,0.00173780082875,0.00173780082875,0.00173780082875,0.00173780082875,0.00173780082875,0.00173780082875,0.00173780082875,1,Z50 Z60 Z61 Z71,0.920444444444,0.00641916033547,0.920444444444,0.00641916033547
0.00173780082875,0.00173780082875,0.00173780082875,0.00173780082875,0.00173780082875,0.00173780082875,0.00173780082875,0.00173780082875,0.00173780082875,0.00173780082875,0.00173780082875,0.00173780082875,0.00173780082875,0.00173780082875,0.00173780082875,0.00173780082875,0.00173780082875,0.00173780082875,1,Z51 Z61 Z62 Z72,0.741577777778,0.0150569629349,0.741577777778,0.0150569629349
0.00173780082875,0.00173780082875,0.00173780082875,0.00173780082875,0.00173780082875,0.00173780082875,0.00173780082875,0.00173780082875,0.00173780082875,0.00173780082875,0.00173780082875,0.00173780082875,0.00173780082875,0.00173780082875,0.00173780082875,0.00173780082875,0.00173780082875,0.00173780082875,1,Z52 Z62 Z73,0.7414,0.0131776543707,0.7414,0.0131776543707
0.00173780082875,0.00173780082875,0.00173780082875,0.00173780082875,0.00173780082875,0.00173780082875,0.00173780082875,0.00173780082875,0.00173780082875,0.00173780082875,0.00173780082875,0.00173780082875,0.00173780082875,0.00173780082875,0.00173780082875,0.00173780082875,0.00173780082875,0.00173780082875,1,Z6 Z16 Z17 Z27,0.787244444444,0.0112372305847,0.787244444444,0.0112372305847
0.00173780082875,0.00173780082875,0.00173780082875,0.00173780082875,0.00173780082875,0.00173780082875,0.00173780082875,0.00173780082875,0.00173780082875,0.00173780082875,0.00173780082875,0.00173780082875,0.00173780082875,0.00173780082875,0.00173780082875,0.00173780082875,0.00173780082875,0.00173780082875,1,Z63 Z74 Z84,0.940088888889,0.00614445102644,0.940088888889,0.00614445102644
0.00173780082875,0.00173780082875,0.00173780082875,0.00173780082875,0.00173780082875,0.00173780082875,0.00173780082875,0.00173780082875,0.00173780082875,0.00173780082875,0.00173780082875,0.00173780082875,0.00173780082875,0.00173780082875,0.00173780082875,0.00173780082875,0.00173780082875,0.00173780082875,1,Z64 Z74 Z75 Z85,0.922,0.00673300329224,0.922,0.00673300329224
0.00173780082875,0.00173780082875,0.00173780082875,0.00173780082875,0.00173780082875,0.00173780082875,0.00173780082875,0.00173780082875,0.00173780082875,0.00173780082875,0.00173780082875,0.00173780082875,0.00173780082875,0.00173780082875,0.00173780082875,0.00173780082875,0.00173780082875,0.00173780082875,1,Z65 Z75 Z76 Z86,0.923133333333,0.0056572606181,0.923133333333,0.0056572606181
0.00173780082875,0.00173780082875,0.00173780082875,0.00173780082875,0.00173780082875,0.00173780082875,0.00173780082875,0.00173780082875,0.00173780082875,0.00173780082875,0.00173780082875,0.00173780082875,0.00173780082875,0.00173780082875,0.00173780082875,0.00173780082875,0.00173780082875,0.00173780082875,1,Z66 Z76 Z77 Z87,0.923,0.00681389160274,0.923,0.00681389160274
0.00173780082875,0.00173780082875,0.00173780082875,0.00173780082875,0.00173780082875,0.00173780082875,0.00173780082875,0.00173780082875,0.00173780082875,0.00173780082875,0.00173780082875,0.00173780082875,0.00173780082875,0.00173780082875,0.00173780082875,0.00173780082875,0.00173780082875,0.00173780082875,1,Z67 Z77 Z78 Z88,0.923311111111,0.00705204154204,0.923311111111,0.00705204154204
0.00173780082875,0.00173780082875,0.00173780082875,0.00173780082875,0.00173780082875,0.00173780082875,0.00173780082875,0.00173780082875,0.00173780082875,0.00173780082875,0.00173780082875,0.00173780082875,0.00173780082875,0.00173780082875,0.00173780082875,0.00173780082875,0.00173780082875,0.00173780082875,1,Z68 Z78 Z79 Z89,0.922088888889,0.00678906791594,0.922088888889,0.00678906791594
0.00173780082875,0.00173780082875,0.00173780082875,0.00173780082875,0.00173780082875,0.00173780082875,0.00173780082875,0.00173780082875,0.00173780082875,0.00173780082875,0.00173780082875,0.00173780082875,0.00173780082875,0.00173780082875,0.00173780082875,0.00173780082875,0.00173780082875,0.00173780082875,1,Z69 Z79 Z80 Z90,0.921666666667,0.00539547135208,0.921666666667,0.00539547135208
0.00173780082875,0.00173780082875,0.00173780082875,0.00173780082875,0.00173780082875,0.00173780082875,0.00173780082875,0.00173780082875,0.00173780082875,0.00173780082875,0.00173780082875,0.00173780082875,0.00173780082875,0.00173780082875,0.00173780082875,0.00173780082875,0.00173780082875,0.00173780082875,1,Z7 Z17 Z18 Z28,0.771066666667,0.0105650330511,0.771066666667,0.0105650330511
0.00173780082875,0.00173780082875,0.00173780082875,0.00173780082875,0.00173780082875,0.00173780082875,0.00173780082875,0.00173780082875,0.00173780082875,0.00173780082875,0.00173780082875,0.00173780082875,0.00173780082875,0.00173780082875,0.00173780082875,0.00173780082875,0.00173780082875,0.00173780082875,1,Z70 Z80 Z81 Z91,0.923688888889,0.00740453073133,0.923688888889,0.00740453073133
0.00173780082875,0.00173780082875,0.00173780082875,0.00173780082875,0.00173780082875,0.00173780082875,0.00173780082875,0.00173780082875,0.00173780082875,0.00173780082875,0.00173780082875,0.00173780082875,0.00173780082875,0.00173780082875,0.00173780082875,0.00173780082875,0.00173780082875,0.00173780082875,1,Z71 Z81 Z82 Z92,0.921733333333,0.00607891904083,0.921733333333,0.00607891904083
0.00173780082875,0.00173780082875,0.00173780082875,0.00173780082875,0.00173780082875,0.00173780082875,0.00173780082875,0.00173780082875,0.00173780082875,0.00173780082875,0.00173780082875,0.00173780082875,0.00173780082875,0.00173780082875,0.00173780082875,0.00173780082875,0.00173780082875,0.00173780082875,1,Z72 Z82 Z83 Z93,0.736444444444,0.0135932520259,0.736444444444,0.0135932520259
0.00173780082875,0.00173780082875,0.00173780082875,0.00173780082875,0.00173780082875,0.00173780082875,0.00173780082875,0.00173780082875,0.00173780082875,0.00173780082875,0.00173780082875,0.00173780082875,0.00173780082875,0.00173780082875,0.00173780082875,0.00173780082875,0.00173780082875,0.00173780082875,1,Z73 Z83 Z94,0.744022222222,0.0127894632558,0.744022222222,0.0127894632558
0.00173780082875,0.00173780082875,0.00173780082875,0.00173780082875,0.00173780082875,0.00173780082875,0.00173780082875,0.00173780082875,0.00173780082875,0.00173780082875,0.00173780082875,0.00173780082875,0.00173780082875,0.00173780082875,0.00173780082875,0.00173780082875,0.00173780082875,0.00173780082875,1,Z8 Z18 Z19 Z29,0.751688888889,0.00924545382052,0.751688888889,0.00924545382052
0.00173780082875,0.00173780082875,0.00173780082875,0.00173780082875,0.00173780082875,0.00173780082875,0.00173780082875,0.00173780082875,0.00173780082875,0.00173780082875,0.00173780082875,0.00173780082875,0.00173780082875,0.00173780082875,0.00173780082875,0.00173780082875,0.00173780082875,0.00173780082875,1,Z84 Z95 Z105,0.936911111111,0.00742881071289,0.936911111111,0.00742881071289
0.00173780082875,0.00173780082875,0.00173780082875,0.00173780082875,0.00173780082875,0.00173780082875,0.00173780082875,0.00173780082875,0.00173780082875,0.00173780082875,0.00173780082875,0.00173780082875,0.00173780082875,0.00173780082875,0.00173780082875,0.00173780082875,0.00173780082875,0.00173780082875,1,Z85 Z95 Z96 Z106,0.9214,0.00560062941181,0.9214,0.00560062941181
0.00173780082875,0.00173780082875,0.00173780082875,0.00173780082875,0.00173780082875,0.00173780082875,0.00173780082875,0.00173780082875,0.00173780082875,0.00173780082875,0.00173780082875,0.00173780082875,0.00173780082875,0.00173780082875,0.00173780082875,0.00173780082875,0.00173780082875,0.00173780082875,1,Z86 Z96 Z97 Z107,0.922933333333,0.0078072566696,0.922933333333,0.0078072566696
0.00173780082875,0.00173780082875,0.00173780082875,0.00173780082875,0.00173780082875,0.00173780082875,0.00173780082875,0.00173780082875,0.00173780082875,0.00173780082875,0.00173780082875,0.00173780082875,0.00173780082875,0.00173780082875,0.00173780082875,0.00173780082875,0.00173780082875,0.00173780082875,1,Z87 Z97 Z98 Z108,0.922688888889,0.00530013614611,0.922688888889,0.00530013614611
0.00173780082875,0.00173780082875,0.00173780082875,0.00173780082875,0.00173780082875,0.00173780082875,0.00173780082875,0.00173780082875,0.00173780082875,0.00173780082875,0.00173780082875,0.00173780082875,0.00173780082875,0.00173780082875,0.00173780082875,0.00173780082875,0.00173780082875,0.00173780082875,1,Z88 Z98 Z99 Z109,0.921888888889,0.00614033416873,0.921888888889,0.00614033416873
0.00173780082875,0.00173780082875,0.00173780082875,0.00173780082875,0.00173780082875,0.00173780082875,0.00173780082875,0.00173780082875,0.00173780082875,0.00173780082875,0.00173780082875,0.00173780082875,0.00173780082875,0.00173780082875,0.00173780082875,0.00173780082875,0.00173780082875,0.00173780082875,1,Z89 Z99 Z100 Z110,0.923133333333,0.00775120803834,0.923133333333,0.00775120803834
0.00173780082875,0.00173780082875,0.00173780082875,0.00173780082875,0.00173780082875,0.00173780082875,0.00173780082875,0.00173780082875,0.00173780082875,0.00173780082875,0.00173780082875,0.00173780082875,0.00173780082875,0.00173780082875,0.00173780082875,0.00173780082875,0.00173780082875,0.00173780082875,1,Z9 Z19 Z20 Z30,0.593488888889,0.0154638952465,0.593488888889,0.0154638952465
0.00173780082875,0.00173780082875,0.00173780082875,0.00173780082875,0.00173780082875,0.00173780082875,0.00173780082875,0.00173780082875,0.00173780082875,0.00173780082875,0.00173780082875,0.00173780082875,0.00173780082875,0.00173780082875,0.00173780082875,0.00173780082875,0.00173780082875,0.00173780082875,1,Z90 Z100 Z101 Z111,0.9238,0.00800028735116,0.9238,0.00800028735116
0.00173780082875,0.00173780082875,0.00173780082875,0.00173780082875,0.00173780082875,0.00173780082875,0.00173780082875,0.00173780082875,0.00173780082875,0.00173780082875,0.00173780082875,0.00173780082875,0.00173780082875,0.00173780082875,0.00173780082875,0.00173780082875,0.00173780082875,0.00173780082875,1,Z91 Z101 Z102 Z112,0.9234,0.00707561783988,0.9234,0.00707561783988
0.00173780082875,0.00173780082875,0.00173780082875,0.00173780082875,0.00173780082875,0.00173780082875,0.00173780082875,0.00173780082875,0.00173780082875,0.00173780082875,0.00173780082875,0.00173780082875,0.00173780082875,0.00173780082875,0.00173780082875,0.00173780082875,0.00173780082875,0.00173780082875,1,Z92 Z102 Z103 Z113,0.921866666667,0.00724693091335,0.921866666667,0.00724693091335
0.00173780082875,0.00173780082875,0.00173780082875,0.00173780082875,0.00173780082875,0.00173780082875,0.00173780082875,0.00173780082875,0.00173780082875,0.00173780082875,0.00173780082875,0.00173780082875,0.00173780082875,0.00173780082875,0.00173780082875,0.00173780082875,0.00173780082875,0.00173780082875,1,Z93 Z103 Z104 Z114,0.731644444444,0.0122449249268,0.731644444444,0.0122449249268
0.00173780082875,0.00173780082875,0.00173780082875,0.00173780082875,0.00173780082875,0.00173780082875,0.00173780082875,0.00173780082875,0.00173780082875,0.00173780082875,0.00173780082875,0.00173780082875,0.00173780082875,0.00173780082875,0.00173780082875,0.00173780082875,0.00173780082875,0.00173780082875,1,Z94 Z104 Z115,0.7464,0.0139397719271,0.7464,0.0139397719271
0.00173780082875,0.00173780082875,0.00173780082875,0.00173780082875,0.00173780082875,0.00173780082875,0.00173780082875,0.00173780082875,0.00173780082875,0.00173780082875,0.00173780082875,0.00173780082875,0.00173780082875,0.00173780082875,0.00173780082875,0.00173780082875,0.00173780082875,0.00173780082875,5,Logical X,0.848733333333,0.0100319031325,0.851333333333,0.00909043537602
0.00173780082875,0.00173780082875,0.00173780082875,0.00173780082875,0.00173780082875,0.00173780082875,0.00173780082875,0.00173780082875,0.00173780082875,0.00173780082875,0.00173780082875,0.00173780082875,0.00173780082875,0.00173780082875,0.00173780082875,0.00173780082875,0.00173780082875,0.00173780082875,5,Logical Y,0.0189111111111,0.015766965158,0.00357777777778,0.0166822762152
0.00173780082875,0.00173780082875,0.00173780082875,0.00173780082875,0.00173780082875,0.00173780082875,0.00173780082875,0.00173780082875,0.00173780082875,0.00173780082875,0.00173780082875,0.00173780082875,0.00173780082875,0.00173780082875,0.00173780082875,0.00173780082875,0.00173780082875,0.00173780082875,5,Logical Z,0.0157111111111,0.0150072098467,0.000955555555556,0.0191614902222
0.00173780082875,0.00173780082875,0.00173780082875,0.00173780082875,0.00173780082875,0.00173780082875,0.00173780082875,0.00173780082875,0.00173780082875,0.00173780082875,0.00173780082875,0.00173780082875,0.00173780082875,0.00173780082875,0.00173780082875,0.00173780082875,0.00173780082875,0.00173780082875,5,X0 X1 X11,0.917755555556,0.00801432306572,0.917755555556,0.00801432306572
0.00173780082875,0.00173780082875,0.00173780082875,0.00173780082875,0.00173780082875,0.00173780082875,0.00173780082875,0.00173780082875,0.00173780082875,0.00173780082875,0.00173780082875,0.00173780082875,0.00173780082875,0.00173780082875,0.00173780082875,0.00173780082875,0.00173780082875,0.00173780082875,5,X1 X2 X12,0.875244444444,0.00829482289416,0.875244444444,0.00829482289416
0.00173780082875,0.00173780082875,0.00173780082875,0.00173780082875,0.00173780082875,0.00173780082875,0.00173780082875,0.00173780082875,0.00173780082875,0.00173780082875,0.00173780082875,0.00173780082875,0.00173780082875,0.00173780082875,0.00173780082875,0.00173780082875,0.00173780082875,0.00173780082875,5,X100 X110 X111 X121,0.916688888889,0.00769431961114,0.916688888889,0.00769431961114
0.00173780082875,0.00173780082875,0.00173780082875,0.00173780082875,0.00173780082875,0.00173780082875,0.00173780082875,0.00173780082875,0.00173780082875,0.00173780082875,0.00173780082875,0.00173780082875,0.00173780082875,0.00173780082875,0.00173780082875,0.00173780082875,0.00173780082875,0.00173780082875,5,X101 X111 X112 X122,0.915555555556,0.00609084064141,0.915555555556,0.00609084064141
0.00173780082875,0.00173780082875,0.00173780082875,0.00173780082875,0.00173780082875,0.00173780082875,0.00173780082875,0.00173780082875,0.00173780082875,0.00173780082875,0.00173780082875,0.00173780082875,0.00173780082875,0.00173780082875,0.00173780082875,0.00173780082875,0.00173780082875,0.00173780082875,5,X102 X112 X113 X123,0.913844444444,0.00594401294671,0.913844444444,0.00594401294671
0.00173780082875,0.00173780082875,0.00173780082875,0.00173780082875,0.00173780082875,0.00173780082875,0.00173780082875,0.00173780082875,0.00173780082875,0.00173780082875,0.00173780082875,0.00173780082875,0.00173780082875,0.00173780082875,0.00173780082875,0.00173780082875,0.00173780082875,0.00173780082875,5,X103 X113 X114 X124,0.915911111111,0.00659672119493,0.915911111111,0.00659672119493
0.00173780082875,0.00173780082875,0.00173780082875,0.00173780082875,0.00173780082875,0.00173780082875,0.00173780082875,0.00173780082875,0.00173780082875,0.00173780082875,0.00173780082875,0.00173780082875,0.00173780082875,0.00173780082875,0.00173780082875,0.00173780082875,0.00173780082875,0.00173780082875,5,X104 X114 X115 X125,0.577333333333,0.0139215095848,0.577333333333,0.0139215095848
0.00173780082875,0.00173780082875,0.00173780082875,0.00173780082875,0.00173780082875,0.00173780082875,0.00173780082875,0.00173780082875,0.00173780082875,0.00173780082875,0.00173780082875,0.00173780082875,0.00173780082875,0.00173780082875,0.00173780082875,0.00173780082875,0.00173780082875,0.00173780082875,5,X11 X21 X22 X32,0.916644444444,0.00770228275529,0.916644444444,0.00770228275529
0.00173780082875,0.00173780082875,0.00173780082875,0.00173780082875,0.00173780082875,0.00173780082875,0.00173780082875,0.00173780082875,0.00173780082875,0.00173780082875,0.00173780082875,0.00173780082875,0.00173780082875,0.00173780082875,0.00173780082875,0.00173780082875,0.00173780082875,0.00173780082875,5,X116 X126 X127 X137,0.915555555556,0.00573042784795,0.915555555556,0.00573042784795
0.00173780082875,0.00173780082875,0.00173780082875,0.00173780082875,0.00173780082875,0.00173780082875,0.00173780082875,0.00173780082875,0.00173780082875,0.00173780082875,0.00173780082875,0.00173780082875,0.00173780082875,0.00173780082875,0.00173780082875,0.00173780082875,0.00173780082875,0.00173780082875,5,X117 X127 X128 X138,0.914844444444,0.00506186503673,0.914844444444,0.00506186503673
0.00173780082875,0.00173780082875,0.00173780082875,0.00173780082875,0.00173780082875,0.00173780082875,0.00173780082875,0.00173780082875,0.00173780082875,0.00173780082875,0.00173780082875,0.00173780082875,0.00173780082875,0.00173780082875,0.00173780082875,0.00173780082875,0.00173780082875,0.00173780082875,5,X118 X128 X129 X139,0.912333333333,0.0080681959223,0.912333333333,0.0080681959223
0.00173780082875,0.00173780082875,0.00173780082875,0.00173780082875,0.00173780082875,0.00173780082875,0.00173780082875,0.00173780082875,0.00173780082875,0.00173780082875,0.00173780082875,0.00173780082875,0.00173780082875,0.00173780082875,0.00173780082875,0.00173780082875,0.00173780082875,0.00173780082875,5,X119 X129 X130 X140,0.913088888889,0.00789681216701,0.913088888889,0.00789681216701
0.00173780082875,0.00173780082875,0.00173780082875,0.00173780082875,0.00173780082875,0.00173780082875,0.00173780082875,0.00173780082875,0.00173780082875,0.00173780082875,0.00173780082875,0.00173780082875,0.00173780082875,0.00173780082875,0.00173780082875,0.00173780082875,0.00173780082875,0.00173780082875,5,X12 X22 X23 X33,0.914822222222,0.00864751789664,0.914822222222,0.00864751789664
0.00173780082875,0.00173780082875,0.00173780082875,0.00173780082875,0.00173780082875,0.00173780082875,0.00173780082875,0.00173780082875,0.00173780082875,0.00173780082875,0.00173780082875,0.00173780082875,0.00173780082875,0.00173780082875,0.00173780082875,0.00173780082875,0.00173780082875,0.00173780082875,5,X120 X130 X131 X141,0.9162,0.00587259366224,0.9162,0.00587259366224
0.00173780082875,0.00173780082875,0.00173780082875,0.00173780082875,0.00173780082875,0.00173780082875,0.00173780082875,0.00173780082875,0.00173780082875,0.00173780082875,0.00173780082875,0.00173780082875,0.00173780082875,0.00173780082875,0.00173780082875,0.00173780082875,0.00173780082875,0.00173780082875,5,X121 X131 X132 X142,0.917333333333,0.00727142099031,0.917333333333,0.00727142099031
0.00173780082875,0.00173780082875,0.00173780082875,0.00173780082875,0.00173780082875,0.00173780082875,0.00173780082875,0.00173780082875,0.00173780082875,0.00173780082875,0.00173780082875,0.00173780082875,0.00173780082875,0.00173780082875,0.00173780082875,0.00173780082875,0.00173780082875,0.00173780082875,5,X122 X132 X133 X143,0.916177777778,0.00758488784539,0.916177777778,0.00758488784539
0.00173780082875,0.00173780082875,0.00173780082875,0.00173780082875,0.00173780082875,0.00173780082875,0.00173780082875,0.00173780082875,0.00173780082875,0.00173780082875,0.00173780082875,0.00173780082875,0.00173780082875,0.00173780082875,0.00173780082875,0.00173780082875,0.00173780082875,0.00173780082875,5,X123 X133 X134 X144,0.914933333333,0.0071064160746,0.914933333333,0.0071064160746
0.00173780082875,0.00173780082875,0.00173780082875,0.00173780082875,0.00173780082875,0.00173780082875,0.00173780082875,0.00173780082875,0.00173780082875,0.00173780082875,0.00173780082875,0.00173780082875,0.00173780082875,0.00173780082875,0.00173780082875,0.00173780082875,0.00173780082875,0.00173780082875,5,X124 X134 X135 X145,0.915644444444,0.00569124711658,0.915644444444,0.00569124711658
0.00173780082875,0.00173780082875,0.00173780082875,0.00173780082875,0.00173780082875,0.00173780082875,0.00173780082875,0.00173780082875,0.00173780082875,0.00173780082875,0.00173780082875,0.00173780082875,0.00173780082875,0.00173780082875,0.00173780082875,0.00173780082875,0.00173780082875,0.00173780082875,5,X125 X135 X136 X146,0.572288888889,0.0151949611867,0.572288888889,0.0151949611867
0.00173780082875,0.00173780082875,0.00173780082875,0.00173780082875,0.00173780082875,0.00173780082875,0.00173780082875,0.00173780082875,0.00173780082875,0.00173780082875,0.00173780082875,0.00173780082875,0.00173780082875,0.00173780082875,0.00173780082875,0.00173780082875,0.00173780082875,0.00173780082875,5,X13 X23 X24 X34,0.914333333333,0.00936407089651,0.914333333333,0.00936407089651
0.00173780082875,0.00173780082875,0.00173780082875,0.00173780082875,0.00173780082875,0.00173780082875,0.00173780082875,0.00173780082875,0.00173780082875,0.00173780082875,0.00173780082875,0.00173780082875,0.00173780082875,0.00173780082875,0.00173780082875,0.00173780082875,0.00173780082875,0.00173780082875,5,X137 X147 X148 X158,0.914866666667,0.00615794661502,0.914866666667,0.00615794661502
0.00173780082875,0.00173780082875,0.00173780082875,0.00173780082875,0.00173780082875,0.00173780082875,0.00173780082875,0.00173780082875,0.00173780082875,0.00173780082875,0.00173780082875,0.00173780082875,0.00173780082875,0.00173780082875,0.00173780082875,0.00173780082875,0.00173780082875,0.00173780082875,5,X138 X148 X149 X159,0.913533333333,0.00821390280157,0.913533333333,0.00821390280157
0.00173780082875,0.00173780082875,0.00173780082875,0.00173780082875,0.00173780082875,0.00173780082875,0.00173780082875,0.00173780082875,0.00173780082875,0.00173780082875,0.00173780082875,0.00173780082875,0.00173780082875,0.00173780082875,0.00173780082875,0.00173780082875,0.00173780082875,0.00173780082875,5,X139 X149 X150 X160,0.9164,0.00706965887638,0.9164,0.00706965887638
0.00173780082875,0.00173780082875,0.00173780082875,0.00173780082875,0.00173780082875,0.00173780082875,0.00173780082875,0.00173780082875,0.00173780082875,0.00173780082875,0.00173780082875,0.00173780082875,0.00173780082875,0.00173780082875,0.00173780082875,0.00173780082875,0.00173780082875,0.00173780082875,5,X14 X24 X25 X35,0.914222222222,0.00762197535429,0.914222222222,0.00762197535429
0.00173780082875,0.00173780082875,0.00173780082875,0.00173780082875,0.00173780082875,0.00173780082875,0.00173780082875,0.00173780082875,0.00173780082875,0.00173780082875,0.00173780082875,0.00173780082875,0.00173780082875,0.00173780082875,0.00173780082875,0.00173780082875,0.00173780082875,0.00173780082875,5,X140 X150 X151 X161,0.9142,0.0078961652267,0.9142,0.0078961652267
0.00173780082875,0.00173780082875,0.00173780082875,0.00173780082875,0.00173780082875,0.00173780082875,0.00173780082875,0.00173780082875,0.00173780082875,0.00173780082875,0.00173780082875,0.00173780082875,0.00173780082875,0.00173780082875,0.00173780082875,0.00173780082875,0.00173780082875,0.00173780082875,5,X141 X151 X152 X162,0.914977777778,0.0078661861013,0.914977777778,0.0078661861013
0.00173780082875,0.00173780082875,0.00173780082875,0.00173780082875,0.00173780082875,0.00173780082875,0.00173780082875,0.00173780082875,0.00173780082875,0.00173780082875,0.00173780082875,0.00173780082875,0.00173780082875,0.00173780082875,0.00173780082875,0.00173780082875,0.00173780082875,0.00173780082875,5,X142 X152 X153 X163,0.915511111111,0.00829703974045,0.915511111111,0.00829703974045
0.00173780082875,0.00173780082875,0.00173780082875,0.00173780082875,0.00173780082875,0.00173780082875,0.00173780082875,0.00173780082875,0.00173780082875,0.00173780082875,0.00173780082875,0.00173780082875,0.00173780082875,0.00173780082875,0.00173780082875,0.00173780082875,0.00173780082875,0.00173780082875,5,X143 X153 X154 X164,0.916377777778,0.00670033643196,0.916377777778,0.00670033643196
0.00173780082875,0.00173780082875,0.00173780082875,0.00173780082875,0.00173780082875,0.00173780082875,0.00173780082875,0.00173780082875,0.00173780082875,0.00173780082875,0.00173780082875,0.00173780082875,0.00173780082875,0.00173780082875,0.00173780082875,0.00173780082875,0.00173780082875,0.00173780082875,5,X144 X154 X155 X165,0.913755555556,0.00674092739696,0.913755555556,0.00674092739696
0.00173780082875,0.00173780082875,0.00173780082875,0.00173780082875,0.00173780082875,0.00173780082875,0.00173780082875,0.00173780082875,0.00173780082875,0.00173780082875,0.00173780082875,0.00173780082875,0.00173780082875,0.00173780082875,0.00173780082875,0.00173780082875,0.00173780082875,0.00173780082875,5,X145 X155 X156 X166,0.916777777778,0.00787465663465,0.916777777778,0.00787465663465
0.00173780082875,0.00173780082875,0.00173780082875,0.00173780082875,0.00173780082875,0.00173780082875,0.00173780082875,0.00173780082875,0.00173780082875,0.00173780082875,0.00173780082875,0.00173780082875,0.00173780082875,0.00173780082875,0.00173780082875,0.00173780082875,0.00173780082875,0.00173780082875,5,X146 X156 X157 X167,0.569711111111,0.0186401152162,0.569711111111,0.0186401152162
0.00173780082875,0.00173780082875,0.00173780082875,0.00173780082875,0.00173780082875,0.00173780082875,0.00173780082875,0.00173780082875,0.00173780082875,0.00173780082875,0.00173780082875,0.00173780082875,0.00173780082875,0.00173780082875,0.00173780082875,0.00173780082875,0.00173780082875,0.00173780082875,5,X15 X25 X26 X36,0.913777777778,0.0088414442629,0.913777777778,0.0088414442629
0.00173780082875,0.00173780082875,0.00173780082875,0.00173780082875,0.00173780082875,0.00173780082875,0.00173780082875,0.00173780082875,0.00173780082875,0.00173780082875,0.00173780082875,0.00173780082875,0.00173780082875,0.00173780082875,0.00173780082875,0.00173780082875,0.00173780082875,0.00173780082875,5,X158 X168 X169 X179,0.914155555556,0.00762669908629,0.914155555556,0.00762669908629
0.00173780082875,0.00173780082875,0.00173780082875,0.00173780082875,0.00173780082875,0.00173780082875,0.00173780082875,0.00173780082875,0.00173780082875,0.00173780082875,0.00173780082875,0.00173780082875,0.00173780082875,0.00173780082875,0.00173780082875,0.00173780082875,0.00173780082875,0.00173780082875,5,X159 X169 X170 X180,0.916266666667,0.00643410453361,0.916266666667,0.00643410453361
0.00173780082875,0.00173780082875,0.00173780082875,0.00173780082875,0.00173780082875,0.00173780082875,0.00173780082875,0.00173780082875,0.00173780082875,0.00173780082875,0.00173780082875,0.00173780082875,0.00173780082875,0.00173780082875,0.00173780082875,0.00173780082875,0.00173780082875,0.00173780082875,5,X16 X26 X27 X37,0.913355555556,0.0069733665926,0.913355555556,0.0069733665926
0.00173780082875,0.00173780082875,0.00173780082875,0.00173780082875,0.00173780082875,0.00173780082875,0.00173780082875,0.00173780082875,0.00173780082875,0.00173780082875,0.00173780082875,0.00173780082875,0.00173780082875,0.00173780082875,0.00173780082875,0.00173780082875,0.00173780082875,0.00173780082875,5,X160 X170 X171 X181,0.916044444444,0.00659021295322,0.916044444444,0.00659021295322
0.00173780082875,0.00173780082875,0.00173780082875,0.00173780082875,0.00173780082875,0.00173780082875,0.00173780082875,0.00173780082875,0.00173780082875,0.00173780082875,0.00173780082875,0.00173780082875,0.00173780082875,0.00173780082875,0.00173780082875,0.00173780082875,0.00173780082875,0.00173780082875,5,X161 X171 X172 X182,0.917422222222,0.00725186372311,0.917422222222,0.00725186372311
0.00173780082875,0.00173780082875,0.00173780082875,0.00173780082875,0.00173780082875,0.00173780082875,0.00173780082875,0.00173780082875,0.00173780082875,0.00173780082875,0.00173780082875,0.00173780082875,0.00173780082875,0.00173780082875,0.00173780082875,0.00173780082875,0.00173780082875,0.00173780082875,5,X162 X172 X173 X183,0.917866666667,0.00593037508586,0.917866666667,0.00593037508586
0.00173780082875,0.00173780082875,0.00173780082875,0.00173780082875,0.00173780082875,0.00173780082875,0.00173780082875,0.00173780082875,0.00173780082875,0.00173780082875,0.00173780082875,0.00173780082875,0.00173780082875,0.00173780082875,0.00173780082875,0.00173780082875,0.00173780082875,0.00173780082875,5,X163 X173 X174 X184,0.916688888889,0.00568518497718,0.916688888889,0.00568518497718
0.00173780082875,0.00173780082875,0.00173780082875,0.00173780082875,0.00173780082875,0.00173780082875,0.00173780082875,0.00173780082875,0.00173780082875,0.00173780082875,0.00173780082875,0.00173780082875,0.00173780082875,0.00173780082875,0.00173780082875,0.00173780082875,0.00173780082875,0.00173780082875,5,X164 X174 X175 X185,0.915488888889,0.00804333727907,0.915488888889,0.00804333727907
0.00173780082875,0.00173780082875,0.00173780082875,0.00173780082875,0.00173780082875,0.00173780082875,0.00173780082875,0.00173780082875,0.00173780082875,0.00173780082875,0.00173780082875,0.00173780082875,0.00173780082875,0.00173780082875,0.00173780082875,0.00173780082875,0.00173780082875,0.00173780082875,5,X165 X175 X176 X186,0.915755555556,0.00778540403346,0.915755555556,0.00778540403346
0.00173780082875,0.00173780082875,0.00173780082875,0.00173780082875,0.00173780082875,0.00173780082875,0.00173780082875,0.00173780082875,0.00173780082875,0.00173780082875,0.00173780082875,0.00173780082875,0.00173780082875,0.00173780082875,0.00173780082875,0.00173780082875,0.00173780082875,0.00173780082875,5,X166 X176 X177 X187,0.915133333333,0.00831035913577,0.915133333333,0.00831035913577
0.00173780082875,0.00173780082875,0.00173780082875,0.00173780082875,0.00173780082875,0.00173780082875,0.00173780082875,0.00173780082875,0.00173780082875,0.00173780082875,0.00173780082875,0.00173780082875,0.00173780082875,0.00173780082875,0.00173780082875,0.00173780082875,0.00173780082875,0.00173780082875,5,X167 X177 X178 X188,0.569711111111,0.0130071401946,0.569711111111,0.0130071401946
0.00173780082875,0.00173780082875,0.00173780082875,0.00173780082875,0.00173780082875,0.00173780082875,0.00173780082875,0.00173780082875,0.00173780082875,0.00173780082875,0.00173780082875,0.00173780082875,0.00173780082875,0.00173780082875,0.00173780082875,0.00173780082875,0.00173780082875,0.00173780082875,5,X17 X27 X28 X38,0.914377777778,0.00645570426033,0.914377777778,0.00645570426033
0.00173780082875,0.00173780082875,0.00173780082875,0.00173780082875,0.00173780082875,0.00173780082875,0.00173780082875,0.00173780082875,0.00173780082875,0.00173780082875,0.00173780082875,0.00173780082875,0.00173780082875,0.00173780082875,0.00173780082875,0.00173780082875,0.00173780082875,0.00173780082875,5,X179 X189 X190 X200,0.913822222222,0.00665731144365,0.913822222222,0.00665731144365
0.00173780082875,0.00173780082875,0.00173780082875,0.00173780082875,0.00173780082875,0.00173780082875,0.00173780082875,0.00173780082875,0.00173780082875,0.00173780082875,0.00173780082875,0.00173780082875,0.00173780082875,0.00173780082875,0.00173780082875,0.00173780082875,0.00173780082875,0.00173780082875,5,X18 X28 X29 X39,0.916111111111,0.00603713497637,0.916111111111,0.00603713497637
0.00173780082875,0.00173780082875,0.00173780082875,0.00173780082875,0.00173780082875,0.00173780082875,0.00173780082875,0.00173780082875,0.00173780082875,0.00173780082875,0.00173780082875,0.00173780082875,0.00173780082875,0.00173780082875,0.00173780082875,0.00173780082875,0.00173780082875,0.00173780082875,5,X180 X190 X191 X201,0.9142,0.00573261155574,0.9142,0.00573261155574
0.00173780082875,0.00173780082875,0.00173780082875,0.00173780082875,0.00173780082875,0.00173780082875,0.00173780082875,0.00173780082875,0.00173780082875,0.00173780082875,0.00173780082875,0.00173780082875,0.00173780082875,0.00173780082875,0.00173780082875,0.00173780082875,0.00173780082875,0.00173780082875,5,X181 X191 X192 X202,0.916088888889,0.00713038575546,0.916088888889,0.00713038575546
0.00173780082875,0.00173780082875,0.00173780082875,0.00173780082875,0.00173780082875,0.00173780082875,0.00173780082875,0.00173780082875,0.00173780082875,0.00173780082875,0.00173780082875,0.00173780082875,0.00173780082875,0.00173780082875,0.00173780082875,0.00173780082875,0.00173780082875,0.00173780082875,5,X182 X192 X193 X203,0.916311111111,0.00734426214553,0.916311111111,0.00734426214553
0.00173780082875,0.00173780082875,0.00173780082875,0.00173780082875,0.00173780082875,0.00173780082875,0.00173780082875,0.00173780082875,0.00173780082875,0.00173780082875,0.00173780082875,0.00173780082875,0.00173780082875,0.00173780082875,0.00173780082875,0.00173780082875,0.00173780082875,0.00173780082875,5,X183 X193 X194 X204,0.914466666667,0.00842028202766,0.914466666667,0.00842028202766
0.00173780082875,0.00173780082875,0.00173780082875,0.00173780082875,0.00173780082875,0.00173780082875,0.00173780082875,0.00173780082875,0.00173780082875,0.00173780082875,0.00173780082875,0.00173780082875,0.00173780082875,0.00173780082875,0.00173780082875,0.00173780082875,0.00173780082875,0.00173780082875,5,X184 X194 X195 X205,0.9156,0.00791061171957,0.9156,0.00791061171957
0.00173780082875,0.00173780082875,0.00173780082875,0.00173780082875,0.00173780082875,0.00173780082875,0.00173780082875,0.00173780082875,0.00173780082875,0.00173780082875,0.00173780082875,0.00173780082875,0.00173780082875,0.00173780082875,0.00173780082875,0.00173780082875,0.00173780082875,0.00173780082875,5,X185 X195 X196 X206,0.916577777778,0.00654541068396,0.916577777778,0.00654541068396
0.00173780082875,0.00173780082875,0.00173780082875,0.00173780082875,0.00173780082875,0.00173780082875,0.00173780082875,0.00173780082875,0.00173780082875,0.00173780082875,0.00173780082875,0.00173780082875,0.00173780082875,0.00173780082875,0.00173780082875,0.00173780082875,0.00173780082875,0.00173780082875,5,X186 X196 X197 X207,0.915933333333,0.00869817438017,0.915933333333,0.00869817438017
0.00173780082875,0.00173780082875,0.00173780082875,0.00173780082875,0.00173780082875,0.00173780082875,0.00173780082875,0.00173780082875,0.00173780082875,0.00173780082875,0.00173780082875,0.00173780082875,0.00173780082875,0.00173780082875,0.00173780082875,0.00173780082875,0.00173780082875,0.00173780082875,5,X187 X197 X198 X208,0.914022222222,0.00746379939474,0.914022222222,0.00746379939474
0.00173780082875,0.00173780082875,0.00173780082875,0.00173780082875,0.00173780082875,0.00173780082875,0.00173780082875,0.00173780082875,0.00173780082875,0.00173780082875,0.00173780082875,0.00173780082875,0.00173780082875,0.00173780082875,0.00173780082875,0.00173780082875,0.00173780082875,0.00173780082875,5,X188 X198 X199 X209,0.560577777778,0.0164045908287,0.560577777778,0.0164045908287
0.00173780082875,0.00173780082875,0.00173780082875,0.00173780082875,0.00173780082875,0.00173780082875,0.00173780082875,0.00173780082875,0.00173780082875,0.00173780082875,0.00173780082875,0.00173780082875,0.00173780082875,0.00173780082875,0.00173780082875,0.00173780082875,0.00173780082875,0.00173780082875,5,X19 X29 X30 X40,0.914955555556,0.00842125268634,0.914955555556,0.00842125268634
0.00173780082875,0.00173780082875,0.00173780082875,0.00173780082875,0.00173780082875,0.00173780082875,0.00173780082875,0.00173780082875,0.00173780082875,0.00173780082875,0.00173780082875,0.00173780082875,0.00173780082875,0.00173780082875,0.00173780082875,0.00173780082875,0.00173780082875,0.00173780082875,5,X2 X3 X13,0.831355555556,0.00810181065489,0.831355555556,0.00810181065489
0.00173780082875,0.00173780082875,0.00173780082875,0.00173780082875,0.00173780082875,0.00173780082875,0.00173780082875,0.00173780082875,0.00173780082875,0.00173780082875,0.00173780082875,0.00173780082875,0.00173780082875,0.00173780082875,0.00173780082875,0.00173780082875,0.00173780082875,0.00173780082875,5,X20 X30 X31 X41,0.589266666667,0.0152409510871,0.589266666667,0.0152409510871
0.00173780082875,0.00173780082875,0.00173780082875,0.00173780082875,0.00173780082875,0.00173780082875,0.00173780082875,0.00173780082875,0.00173780082875,0.00173780082875,0.00173780082875,0.00173780082875,0.00173780082875,0.00173780082875,0.00173780082875,0.00173780082875,0.00173780082875,0.00173780082875,5,X200 X210 X211,0.925155555556,0.0072818113475,0.925155555556,0.0072818113475
0.00173780082875,0.00173780082875,0.00173780082875,0.00173780082875,0.00173780082875,0.00173780082875,0.00173780082875,0.00173780082875,0.00173780082875,0.00173780082875,0.00173780082875,0.00173780082875,0.00173780082875,0.00173780082875,0.00173780082875,0.00173780082875,0.00173780082875,0.00173780082875,5,X201 X211 X212,0.928555555556,0.0057988856991,0.928555555556,0.0057988856991
0.00173780082875,0.00173780082875,0.00173780082875,0.00173780082875,0.00173780082875,0.00173780082875,0.00173780082875,0.00173780082875,0.00173780082875,0.00173780082875,0.00173780082875,0.00173780082875,0.00173780082875,0.00173780082875,0.00173780082875,0.00173780082875,0.00173780082875,0.00173780082875,5,X202 X212 X213,0.927577777778,0.00605589123468,0.927577777778,0.00605589123468
0.00173780082875,0.00173780082875,0.00173780082875,0.00173780082875,0.00173780082875,0.00173780082875,0.00173780082875,0.00173780082875,0.00173780082875,0.00173780082875,0.00173780082875,0.00173780082875,0.00173780082875,0.00173780082875,0.00173780082875,0.00173780082875,0.00173780082875,0.00173780082875,5,X203 X213 X214,0.924511111111,0.00806806928688,0.924511111111,0.00806806928688
0.00173780082875,0.00173780082875,0.00173780082875,0.00173780082875,0.00173780082875,0.00173780082875,0.00173780082875,0.00173780082875,0.00173780082875,0.00173780082875,0.00173780082875,0.00173780082875,0.00173780082875,0.00173780082875,0.00173780082875,0.00173780082875,0.00173780082875,0.00173780082875,5,X204 X214 X215,0.9296,0.00741046169471,0.9296,0.00741046169471
0.00173780082875,0.00173780082875,0.00173780082875,0.00173780082875,0.00173780082875,0.00173780082875,0.00173780082875,0.00173780082875,0.00173780082875,0.00173780082875,0.00173780082875,0.00173780082875,0.00173780082875,0.00173780082875,0.00173780082875,0.00173780082875,0.00173780082875,0.00173780082875,5,X205 X215 X216,0.9264,0.00618637732181,0.9264,0.00618637732181
0.00173780082875,0.00173780082875,0.00173780082875,0.00173780082875,0.00173780082875,0.00173780082875,0.00173780082875,0.00173780082875,0.00173780082875,0.00173780082875,0.00173780082875,0.00173780082875,0.00173780082875,0.00173780082875,0.00173780082875,0.00173780082875,0.00173780082875,0.00173780082875,5,X206 X216 X217,0.927022222222,0.00535550945116,0.927022222222,0.00535550945116
0.00173780082875,0.00173780082875,0.00173780082875,0.00173780082875,0.00173780082875,0.00173780082875,0.00173780082875,0.00173780082875,0.00173780082875,0.00173780082875,0.00173780082875,0.00173780082875,0.00173780082875,0.00173780082875,0.00173780082875,0.00173780082875,0.00173780082875,0.00173780082875,5,X207 X217 X218,0.926955555556,0.00563971503678,0.926955555556,0.00563971503678
0.00173780082875,0.00173780082875,0.00173780082875,0.00173780082875,0.00173780082875,0.00173780082875,0.00173780082875,0.00173780082875,0.00173780082875,0.00173780082875,0.00173780082875,0.00173780082875,0.00173780082875,0.00173780082875,0.00173780082875,0.00173780082875,0.00173780082875,0.00173780082875,5,X208 X218 X219,0.928177777778,0.00668487933696,0.928177777778,0.00668487933696
0.00173780082875,0.00173780082875,0.00173780082875,0.00173780082875,0.00173780082875,0.00173780082875,0.00173780082875,0.00173780082875,0.00173780082875,0.00173780082875,0.00173780082875,0.00173780082875,0.00173780082875,0.00173780082875,0.00173780082875,0.00173780082875,0.00173780082875,0.00173780082875,5,X209 X219 X220,0.571466666667,0.0127881650267,0.571466666667,0.0127881650267
0.00173780082875,0.00173780082875,0.00173780082875,0.00173780082875,0.00173780082875,0.00173780082875,0.00173780082875,0.00173780082875,0.00173780082875,0.00173780082875,0.00173780082875,0.00173780082875,0.00173780082875,0.00173780082875,0.00173780082875,0.00173780082875,0.00173780082875,0.00173780082875,5,X3 X4 X14,0.787288888889,0.0115017018009,0.787288888889,0.0115017018009
0.00173780082875,0.00173780082875,0.00173780082875,0.00173780082875,0.00173780082875,0.00173780082875,0.00173780082875,0.00173780082875,0.00173780082875,0.00173780082875,0.00173780082875,0.00173780082875,0.00173780082875,0.00173780082875,0.00173780082875,0.00173780082875,0.00173780082875,0.00173780082875,5,X32 X42 X43 X53,0.915355555556,0.00842452783371,0.915355555556,0.00842452783371
0.00173780082875,0.00173780082875,0.00173780082875,0.00173780082875,0.00173780082875,0.00173780082875,0.00173780082875,0.00173780082875,0.00173780082875,0.00173780082875,0.00173780082875,0.00173780082875,0.00173780082875,0.00173780082875,0.00173780082875,0.00173780082875,0.00173780082875,0.00173780082875,5,X33 X43 X44 X54,0.915822222222,0.00807044337036,0.915822222222,0.00807044337036
0.00173780082875,0.00173780082875,0.00173780082875,0.00173780082875,0.00173780082875,0.00173780082875,0.00173780082875,0.00173780082875,0.00173780082875,0.00173780082875,0.00173780082875,0.00173780082875,0.00173780082875,0.00173780082875,0.00173780082875,0.00173780082875,0.00173780082875,0.00173780082875,5,X34 X44 X45 X55,0.917911111111,0.00905451067004,0.917911111111,0.00905451067004
0.00173780082875,0.00173780082875,0.00173780082875,0.00173780082875,0.00173780082875,0.00173780082875,0.00173780082875,0.00173780082875,0.00173780082875,0.00173780082875,0.00173780082875,0.00173780082875,0.00173780082875,0.00173780082875,0.00173780082875,0.00173780082875,0.00173780082875,0.00173780082875,5,X35 X45 X46 X56,0.915822222222,0.00657158246093,0.915822222222,0.00657158246093
0.00173780082875,0.00173780082875,0.00173780082875,0.00173780082875,0.00173780082875,0.00173780082875,0.00173780082875,0.00173780082875,0.00173780082875,0.00173780082875,0.00173780082875,0.00173780082875,0.00173780082875,0.00173780082875,0.00173780082875,0.00173780082875,0.00173780082875,0.00173780082875,5,X36 X46 X47 X57,0.915444444444,0.0093482365962,0.915444444444,0.0093482365962
0.00173780082875,0.00173780082875,0.00173780082875,0.00173780082875,0.00173780082875,0.00173780082875,0.00173780082875,0.00173780082875,0.00173780082875,0.00173780082875,0.00173780082875,0.00173780082875,0.00173780082875,0.00173780082875,0.00173780082875,0.00173780082875,0.00173780082875,0.00173780082875,5,X37 X47 X48 X58,0.915777777778,0.00732880389552,0.915777777778,0.00732880389552
0.00173780082875,0.00173780082875,0.00173780082875,0.00173780082875,0.00173780082875,0.00173780082875,0.00173780082875,0.00173780082875,0.00173780082875,0.00173780082875,0.00173780082875,0.00173780082875,0.00173780082875,0.00173780082875,0.00173780082875,0.00173780082875,0.00173780082875,0.00173780082875,5,X38 X48 X49 X59,0.914422222222,0.00796252397139,0.914422222222,0.00796252397139
0.00173780082875,0.00173780082875,0.00173780082875,0.00173780082875,0.00173780082875,0.00173780082875,0.00173780082875,0.00173780082875,0.00173780082875,0.00173780082875,0.00173780082875,0.00173780082875,0.00173780082875,0.00173780082875,0.00173780082875,0.00173780082875,0.00173780082875,0.00173780082875,5,X39 X49 X50 X60,0.913288888889,0.00621439025428,0.913288888889,0.00621439025428
0.00173780082875,0.00173780082875,0.00173780082875,0.00173780082875,0.00173780082875,0.00173780082875,0.00173780082875,0.00173780082875,0.00173780082875,0.00173780082875,0.00173780082875,0.00173780082875,0.00173780082875,0.00173780082875,0.00173780082875,0.00173780082875,0.00173780082875,0.00173780082875,5,X4 X5 X15,0.749,0.0159027215194,0.749,0.0159027215194
0.00173780082875,0.00173780082875,0.00173780082875,0.00173780082875,0.00173780082875,0.00173780082875,0.00173780082875,0.00173780082875,0.00173780082875,0.00173780082875,0.00173780082875,0.00173780082875,0.00173780082875,0.00173780082875,0.00173780082875,0.00173780082875,0.00173780082875,0.00173780082875,5,X40 X50 X51 X61,0.914177777778,0.00686137131683,0.914177777778,0.00686137131683
0.00173780082875,0.00173780082875,0.00173780082875,0.00173780082875,0.00173780082875,0.00173780082875,0.00173780082875,0.00173780082875,0.00173780082875,0.00173780082875,0.00173780082875,0.00173780082875,0.00173780082875,0.00173780082875,0.00173780082875,0.00173780082875,0.00173780082875,0.00173780082875,5,X41 X51 X52 X62,0.5884,0.0138791720799,0.5884,0.0138791720799
0.00173780082875,0.00173780082875,0.00173780082875,0.00173780082875,0.00173780082875,0.00173780082875,0.00173780082875,0.00173780082875,0.00173780082875,0.00173780082875,0.00173780082875,0.00173780082875,0.00173780082875,0.00173780082875,0.00173780082875,0.00173780082875,0.00173780082875,0.00173780082875,5,X5 X6 X16,0.714066666667,0.0124603278494,0.714066666667,0.0124603278494
0.00173780082875,0.00173780082875,0.00173780082875,0.00173780082875,0.00173780082875,0.00173780082875,0.00173780082875,0.00173780082875,0.00173780082875,0.00173780082875,0.00173780082875,0.00173780082875,0.00173780082875,0.00173780082875,0.00173780082875,0.00173780082875,0.00173780082875,0.00173780082875,5,X53 X63 X64 X74,0.913644444444,0.00722857957745,0.913644444444,0.00722857957745
0.00173780082875,0.00173780082875,0.00173780082875,0.00173780082875,0.00173780082875,0.00173780082875,0.00173780082875,0.00173780082875,0.00173780082875,0.00173780082875,0.00173780082875,0.00173780082875,0.00173780082875,0.00173780082875,0.00173780082875,0.00173780082875,0.00173780082875,0.00173780082875,5,X54 X64 X65 X75,0.9166,0.00512629761164,0.9166,0.00512629761164
0.00173780082875,0.00173780082875,0.00173780082875,0.00173780082875,0.00173780082875,0.00173780082875,0.00173780082875,0.00173780082875,0.00173780082875,0.00173780082875,0.00173780082875,0.00173780082875,0.00173780082875,0.00173780082875,0.00173780082875,0.00173780082875,0.00173780082875,0.00173780082875,5,X55 X65 X66 X76,0.9158,0.00610545889778,0.9158,0.00610545889778
0.00173780082875,0.00173780082875,0.00173780082875,0.00173780082875,0.00173780082875,0.00173780082875,0.00173780082875,0.00173780082875,0.00173780082875,0.00173780082875,0.00173780082875,0.00173780082875,0.00173780082875,0.00173780082875,0.00173780082875,0.00173780082875,0.00173780082875,0.00173780082875,5,X56 X66 X67 X77,0.914866666667,0.00725063083528,0.914866666667,0.00725063083528
0.00173780082875,0.00173780082875,0.00173780082875,0.00173780082875,0.00173780082875,0.00173780082875,0.00173780082875,0.00173780082875,0.00173780082875,0.00173780082875,0.00173780082875,0.00173780082875,0.00173780082875,0.00173780082875,0.00173780082875,0.00173780082875,0.00173780082875,0.00173780082875,5,X57 X67 X68 X78,0.915844444444,0.00871284485054,0.915844444444,0.00871284485054
0.00173780082875,0.00173780082875,0.00173780082875,0.00173780082875,0.00173780082875,0.00173780082875,0.00173780082875,0.00173780082875,0.00173780082875,0.00173780082875,0.00173780082875,0.00173780082875,0.00173780082875,0.00173780082875,0.00173780082875,0.00173780082875,0.00173780082875,0.00173780082875,5,X58 X68 X69 X79,0.913822222222,0.00815357070233,0.913822222222,0.00815357070233
0.00173780082875,0.00173780082875,0.00173780082875,0.00173780082875,0.00173780082875,0.00173780082875,0.00173780082875,0.00173780082875,0.00173780082875,0.00173780082875,0.00173780082875,0.00173780082875,0.00173780082875,0.00173780082875,0.00173780082875,0.00173780082875,0.00173780082875,0.00173780082875,5,X59 X69 X70 X80,0.916377777778,0.00678443865904,0.916377777778,0.00678443865904
0.00173780082875,0.00173780082875,0.00173780082875,0.00173780082875,0.00173780082875,0.00173780082875,0.00173780082875,0.00173780082875,0.00173780082875,0.00173780082875,0.00173780082875,0.00173780082875,0.00173780082875,0.00173780082875,0.00173780082875,0.00173780082875,0.00173780082875,0.00173780082875,5,X6 X7 X17,0.675244444444,0.0118854472764,0.675244444444,0.0118854472764
0.00173780082875,0.00173780082875,0.00173780082875,0.00173780082875,0.00173780082875,0.00173780082875,0.00173780082875,0.00173780082875,0.00173780082875,0.00173780082875,0.00173780082875,0.00173780082875,0.00173780082875,0.00173780082875,0.00173780082875,0.00173780082875,0.00173780082875,0.00173780082875,5,X60 X70 X71 X81,0.914355555556,0.00512445368237,0.914355555556,0.00512445368237
0.00173780082875,0.00173780082875,0.00173780082875,0.00173780082875,0.00173780082875,0.00173780082875,0.00173780082875,0.00173780082875,0.00173780082875,0.00173780082875,0.00173780082875,0.00173780082875,0.00173780082875,0.00173780082875,0.00173780082875,0.00173780082875,0.00173780082875,0.00173780082875,5,X61 X71 X72 X82,0.917844444444,0.00786414012288,0.917844444444,0.00786414012288
0.00173780082875,0.00173780082875,0.00173780082875,0.00173780082875,0.00173780082875,0.00173780082875,0.00173780082875,0.00173780082875,0.00173780082875,0.00173780082875,0.00173780082875,0.00173780082875,0.00173780082875,0.00173780082875,0.00173780082875,0.00173780082875,0.00173780082875,0.00173780082875,5,X62 X72 X73 X83,0.583222222222,0.0133046626613,0.583222222222,0.0133046626613
0.00173780082875,0.00173780082875,0.00173780082875,0.00173780082875,0.00173780082875,0.00173780082875,0.00173780082875,0.00173780082875,0.00173780082875,0.00173780082875,0.00173780082875,0.00173780082875,0.00173780082875,0.00173780082875,0.00173780082875,0.00173780082875,0.00173780082875,0.00173780082875,5,X7 X8 X18,0.644022222222,0.0147016128428,0.644022222222,0.0147016128428
0.00173780082875,0.00173780082875,0.00173780082875,0.00173780082875,0.00173780082875,0.00173780082875,0.00173780082875,0.00173780082875,0.00173780082875,0.00173780082875,0.00173780082875,0.00173780082875,0.00173780082875,0.00173780082875,0.00173780082875,0.00173780082875,0.00173780082875,0.00173780082875,5,X74 X84 X85 X95,0.914711111111,0.00845802497409,0.914711111111,0.00845802497409
0.00173780082875,0.00173780082875,0.00173780082875,0.00173780082875,0.00173780082875,0.00173780082875,0.00173780082875,0.00173780082875,0.00173780082875,0.00173780082875,0.00173780082875,0.00173780082875,0.00173780082875,0.00173780082875,0.00173780082875,0.00173780082875,0.00173780082875,0.00173780082875,5,X75 X85 X86 X96,0.914022222222,0.00708672783212,0.914022222222,0.00708672783212
0.00173780082875,0.00173780082875,0.00173780082875,0.00173780082875,0.00173780082875,0.00173780082875,0.00173780082875,0.00173780082875,0.00173780082875,0.00173780082875,0.00173780082875,0.00173780082875,0.00173780082875,0.00173780082875,0.00173780082875,0.00173780082875,0.00173780082875,0.00173780082875,5,X76 X86 X87 X97,0.915977777778,0.00773207150493,0.915977777778,0.00773207150493
0.00173780082875,0.00173780082875,0.00173780082875,0.00173780082875,0.00173780082875,0.00173780082875,0.00173780082875,0.00173780082875,0.00173780082875,0.00173780082875,0.00173780082875,0.00173780082875,0.00173780082875,0.00173780082875,0.00173780082875,0.00173780082875,0.00173780082875,0.00173780082875,5,X77 X87 X88 X98,0.914422222222,0.00842088870244,0.914422222222,0.00842088870244
0.00173780082875,0.00173780082875,0.00173780082875,0.00173780082875,0.00173780082875,0.00173780082875,0.00173780082875,0.00173780082875,0.00173780082875,0.00173780082875,0.00173780082875,0.00173780082875,0.00173780082875,0.00173780082875,0.00173780082875,0.00173780082875,0.00173780082875,0.00173780082875,5,X78 X88 X89 X99,0.915933333333,0.00616839056364,0.915933333333,0.00616839056364
0.00173780082875,0.00173780082875,0.00173780082875,0.00173780082875,0.00173780082875,0.00173780082875,0.00173780082875,0.00173780082875,0.00173780082875,0.00173780082875,0.00173780082875,0.00173780082875,0.00173780082875,0.00173780082875,0.00173780082875,0.00173780082875,0.00173780082875,0.00173780082875,5,X79 X89 X90 X100,0.915111111111,0.00728896364787,0.915111111111,0.00728896364787
0.00173780082875,0.00173780082875,0.00173780082875,0.00173780082875,0.00173780082875,0.00173780082875,0.00173780082875,0.00173780082875,0.00173780082875,0.00173780082875,0.00173780082875,0.00173780082875,0.00173780082875,0.00173780082875,0.00173780082875,0.00173780082875,0.00173780082875,0.00173780082875,5,X8 X9 X19,0.610466666667,0.0116080959989,0.610466666667,0.0116080959989
0.00173780082875,0.00173780082875,0.00173780082875,0.00173780082875,0.00173780082875,0.00173780082875,0.00173780082875,0.00173780082875,0.00173780082875,0.00173780082875,0.00173780082875,0.00173780082875,0.00173780082875,0.00173780082875,0.00173780082875,0.00173780082875,0.00173780082875,0.00173780082875,5,X80 X90 X91 X101,0.913066666667,0.00805650542689,0.913066666667,0.00805650542689
0.00173780082875,0.00173780082875,0.00173780082875,0.00173780082875,0.00173780082875,0.00173780082875,0.00173780082875,0.00173780082875,0.00173780082875,0.00173780082875,0.00173780082875,0.00173780082875,0.00173780082875,0.00173780082875,0.00173780082875,0.00173780082875,0.00173780082875,0.00173780082875,5,X81 X91 X92 X102,0.916866666667,0.00747747575577,0.916866666667,0.00747747575577
0.00173780082875,0.00173780082875,0.00173780082875,0.00173780082875,0.00173780082875,0.00173780082875,0.00173780082875,0.00173780082875,0.00173780082875,0.00173780082875,0.00173780082875,0.00173780082875,0.00173780082875,0.00173780082875,0.00173780082875,0.00173780082875,0.00173780082875,0.00173780082875,5,X82 X92 X93 X103,0.912844444444,0.00812532738313,0.912844444444,0.00812532738313
0.00173780082875,0.00173780082875,0.00173780082875,0.00173780082875,0.00173780082875,0.00173780082875,0.00173780082875,0.00173780082875,0.00173780082875,0.00173780082875,0.00173780082875,0.00173780082875,0.00173780082875,0.00173780082875,0.00173780082875,0.00173780082875,0.00173780082875,0.00173780082875,5,X83 X93 X94 X104,0.577311111111,0.0138137399902,0.577311111111,0.0138137399902
0.00173780082875,0.00173780082875,0.00173780082875,0.00173780082875,0.00173780082875,0.00173780082875,0.00173780082875,0.00173780082875,0.00173780082875,0.00173780082875,0.00173780082875,0.00173780082875,0.00173780082875,0.00173780082875,0.00173780082875,0.00173780082875,0.00173780082875,0.00173780082875,5,X9 X10 X20,0.594555555556,0.0136334986735,0.594555555556,0.0136334986735
0.00173780082875,0.00173780082875,0.00173780082875,0.00173780082875,0.00173780082875,0.00173780082875,0.00173780082875,0.00173780082875,0.00173780082875,0.00173780082875,0.00173780082875,0.00173780082875,0.00173780082875,0.00173780082875,0.00173780082875,0.00173780082875,0.00173780082875,0.00173780082875,5,X95 X105 X106 X116,0.916133333333,0.00714255500182,0.916133333333,0.00714255500182
0.00173780082875,0.00173780082875,0.00173780082875,0.00173780082875,0.00173780082875,0.00173780082875,0.00173780082875,0.00173780082875,0.00173780082875,0.00173780082875,0.00173780082875,0.00173780082875,0.00173780082875,0.00173780082875,0.00173780082875,0.00173780082875,0.00173780082875,0.00173780082875,5,X96 X106 X107 X117,0.9148,0.00671568188211,0.9148,0.00671568188211
0.00173780082875,0.00173780082875,0.00173780082875,0.00173780082875,0.00173780082875,0.00173780082875,0.00173780082875,0.00173780082875,0.00173780082875,0.00173780082875,0.00173780082875,0.00173780082875,0.00173780082875,0.00173780082875,0.00173780082875,0.00173780082875,0.00173780082875,0.00173780082875,5,X97 X107 X108 X118,0.9126,0.00721928027319,0.9126,0.00721928027319
0.00173780082875,0.00173780082875,0.00173780082875,0.00173780082875,0.00173780082875,0.00173780082875,0.00173780082875,0.00173780082875,0.00173780082875,0.00173780082875,0.00173780082875,0.00173780082875,0.00173780082875,0.00173780082875,0.00173780082875,0.00173780082875,0.00173780082875,0.00173780082875,5,X98 X108 X109 X119,0.918044444444,0.00918591848101,0.918044444444,0.00918591848101
0.00173780082875,0.00173780082875,0.00173780082875,0.00173780082875,0.00173780082875,0.00173780082875,0.00173780082875,0.00173780082875,0.00173780082875,0.00173780082875,0.00173780082875,0.00173780082875,0.00173780082875,0.00173780082875,0.00173780082875,0.00173780082875,0.00173780082875,0.00173780082875,5,X99 X109 X110 X120,0.915511111111,0.00660415133191,0.915511111111,0.00660415133191
0.00173780082875,0.00173780082875,0.00173780082875,0.00173780082875,0.00173780082875,0.00173780082875,0.00173780082875,0.00173780082875,0.00173780082875,0.00173780082875,0.00173780082875,0.00173780082875,0.00173780082875,0.00173780082875,0.00173780082875,0.00173780082875,0.00173780082875,0.00173780082875,5,Z0 Z11 Z21,0.943488888889,0.00614432631371,0.943488888889,0.00614432631371
0.00173780082875,0.00173780082875,0.00173780082875,0.00173780082875,0.00173780082875,0.00173780082875,0.00173780082875,0.00173780082875,0.00173780082875,0.00173780082875,0.00173780082875,0.00173780082875,0.00173780082875,0.00173780082875,0.00173780082875,0.00173780082875,0.00173780082875,0.00173780082875,5,Z1 Z11 Z12 Z22,0.895555555556,0.0102405299991,0.895555555556,0.0102405299991
0.00173780082875,0.00173780082875,0.00173780082875,0.00173780082875,0.00173780082875,0.00173780082875,0.00173780082875,0.00173780082875,0.00173780082875,0.00173780082875,0.00173780082875,0.00173780082875,0.00173780082875,0.00173780082875,0.00173780082875,0.00173780082875,0.00173780082875,0.00173780082875,5,Z10 Z20 Z31,0.736466666667,0.0102776027737,0.736466666667,0.0102776027737
0.00173780082875,0.00173780082875,0.00173780082875,0.00173780082875,0.00173780082875,0.00173780082875,0.00173780082875,0.00173780082875,0.00173780082875,0.00173780082875,0.00173780082875,0.00173780082875,0.00173780082875,0.00173780082875,0.00173780082875,0.00173780082875,0.00173780082875,0.00173780082875,5,Z105 Z116 Z126,0.933933333333,0.00757562131539,0.933933333333,0.00757562131539
0.00173780082875,0.00173780082875,0.00173780082875,0.00173780082875,0.00173780082875,0.00173780082875,0.00173780082875,0.00173780082875,0.00173780082875,0.00173780082875,0.00173780082875,0.00173780082875,0.00173780082875,0.00173780082875,0.00173780082875,0.00173780082875,0.00173780082875,0.00173780082875,5,Z106 Z116 Z117 Z127,0.921444444444,0.00623445704625,0.921444444444,0.00623445704625
0.00173780082875,0.00173780082875,0.00173780082875,0.00173780082875,0.00173780082875,0.00173780082875,0.00173780082875,0.00173780082875,0.00173780082875,0.00173780082875,0.00173780082875,0.00173780082875,0.00173780082875,0.00173780082875,0.00173780082875,0.00173780082875,0.00173780082875,0.00173780082875,5,Z107 Z117 Z118 Z128,0.922444444444,0.00570362077198,0.922444444444,0.00570362077198
0.00173780082875,0.00173780082875,0.00173780082875,0.00173780082875,0.00173780082875,0.00173780082875,0.00173780082875,0.00173780082875,0.00173780082875,0.00173780082875,0.00173780082875,0.00173780082875,0.00173780082875,0.00173780082875,0.00173780082875,0.00173780082875,0.00173780082875,0.00173780082875,5,Z108 Z118 Z119 Z129,0.923288888889,0.00808562099793,0.923288888889,0.00808562099793
0.00173780082875,0.00173780082875,0.00173780082875,0.00173780082875,0.00173780082875,0.00173780082875,0.00173780082875,0.00173780082875,0.00173780082875,0.00173780082875,0.00173780082875,0.00173780082875,0.00173780082875,0.00173780082875,0.00173780082875,0.00173780082875,0.00173780082875,0.00173780082875,5,Z109 Z119 Z120 Z130,0.922666666667,0.00732601515725,0.922666666667,0.00732601515725
0.00173780082875,0.00173780082875,0.00173780082875,0.00173780082875,0.00173780082875,0.00173780082875,0.00173780082875,0.00173780082875,0.00173780082875,0.00173780082875,0.00173780082875,0.00173780082875,0.00173780082875,0.00173780082875,0.00173780082875,0.00173780082875,0.00173780082875,0.00173780082875,5,Z110 Z120 Z121 Z131,0.9226,0.00612350536929,0.9226,0.00612350536929
0.00173780082875,0.00173780082875,0.00173780082875,0.00173780082875,0.00173780082875,0.00173780082875,0.00173780082875,0.00173780082875,0.00173780082875,0.00173780082875,0.00173780082875,0.00173780082875,0.00173780082875,0.00173780082875,0.00173780082875,0.00173780082875,0.00173780082875,0.00173780082875,5,Z111 Z121 Z122 Z132,0.922466666667,0.00617782463666,0.922466666667,0.00617782463666
0.00173780082875,0.00173780082875,0.00173780082875,0.00173780082875,0.00173780082875,0.00173780082875,0.00173780082875,0.00173780082875,0.00173780082875,0.00173780082875,0.00173780082875,0.00173780082875,0.00173780082875,0.00173780082875,0.00173780082875,0.00173780082875,0.00173780082875,0.00173780082875,5,Z112 Z122 Z123 Z133,0.922066666667,0.00885013583029,0.922066666667,0.00885013583029
0.00173780082875,0.00173780082875,0.00173780082875,0.00173780082875,0.00173780082875,0.00173780082875,0.00173780082875,0.00173780082875,0.00173780082875,0.00173780082875,0.00173780082875,0.00173780082875,0.00173780082875,0.00173780082875,0.00173780082875,0.00173780082875,0.00173780082875,0.00173780082875,5,Z113 Z123 Z124 Z134,0.922844444444,0.00492373509698,0.922844444444,0.00492373509698
0.00173780082875,0.00173780082875,0.00173780082875,0.00173780082875,0.00173780082875,0.00173780082875,0.00173780082875,0.00173780082875,0.00173780082875,0.00173780082875,0.00173780082875,0.00173780082875,0.00173780082875,0.00173780082875,0.00173780082875,0.00173780082875,0.00173780082875,0.00173780082875,5,Z114 Z124 Z125 Z135,0.729177777778,0.0113781175117,0.729177777778,0.0113781175117
0.00173780082875,0.00173780082875,0.00173780082875,0.00173780082875,0.00173780082875,0.00173780082875,0.00173780082875,0.00173780082875,0.00173780082875,0.00173780082875,0.00173780082875,0.00173780082875,0.00173780082875,0.00173780082875,0.00173780082875,0.00173780082875,0.00173780082875,0.00173780082875,5,Z115 Z125 Z136,0.747955555556,0.0129661313406,0.747955555556,0.0129661313406
0.00173780082875,0.00173780082875,0.00173780082875,0.00173780082875,0.00173780082875,0.00173780082875,0.00173780082875,0.00173780082875,0.00173780082875,0.00173780082875,0.00173780082875,0.00173780082875,0.00173780082875,0.00173780082875,0.00173780082875,0.00173780082875,0.00173780082875,0.00173780082875,5,Z126 Z137 Z147,0.931866666667,0.00652117094532,0.931866666667,0.00652117094532
0.00173780082875,0.00173780082875,0.00173780082875,0.00173780082875,0.00173780082875,0.00173780082875,0.00173780082875,0.00173780082875,0.00173780082875,0.00173780082875,0.00173780082875,0.00173780082875,0.00173780082875,0.00173780082875,0.00173780082875,0.00173780082875,0.00173780082875,0.00173780082875,5,Z127 Z137 Z138 Z148,0.923488888889,0.0067889550448,0.923488888889,0.0067889550448
0.00173780082875,0.00173780082875,0.00173780082875,0.00173780082875,0.00173780082875,0.00173780082875,0.00173780082875,0.00173780082875,0.00173780082875,0.00173780082875,0.00173780082875,0.00173780082875,0.00173780082875,0.00173780082875,0.00173780082875,0.00173780082875,0.00173780082875,0.00173780082875,5,Z128 Z138 Z139 Z149,0.921088888889,0.00581313965019,0.921088888889,0.00581313965019
0.00173780082875,0.00173780082875,0.00173780082875,0.00173780082875,0.00173780082875,0.00173780082875,0.00173780082875,0.00173780082875,0.00173780082875,0.00173780082875,0.00173780082875,0.00173780082875,0.00173780082875,0.00173780082875,0.00173780082875,0.00173780082875,0.00173780082875,0.00173780082875,5,Z129 Z139 Z140 Z150,0.922555555556,0.0064137862371,0.922555555556,0.0064137862371
0.00173780082875,0.00173780082875,0.00173780082875,0.00173780082875,0.00173780082875,0.00173780082875,0.00173780082875,0.00173780082875,0.00173780082875,0.00173780082875,0.00173780082875,0.00173780082875,0.00173780082875,0.00173780082875,0.00173780082875,0.00173780082875,0.00173780082875,0.00173780082875,5,Z130 Z140 Z141 Z151,0.921444444444,0.00697248743981,0.921444444444,0.00697248743981
0.00173780082875,0.00173780082875,0.00173780082875,0.00173780082875,0.00173780082875,0.00173780082875,0.00173780082875,0.00173780082875,0.00173780082875,0.00173780082875,0.00173780082875,0.00173780082875,0.00173780082875,0.00173780082875,0.00173780082875,0.00173780082875,0.00173780082875,0.00173780082875,5,Z131 Z141 Z142 Z152,0.922888888889,0.00653744494909,0.922888888889,0.00653744494909
0.00173780082875,0.00173780082875,0.00173780082875,0.00173780082875,0.00173780082875,0.00173780082875,0.00173780082875,0.00173780082875,0.00173780082875,0.00173780082875,0.00173780082875,0.00173780082875,0.00173780082875,0.00173780082875,0.00173780082875,0.00173780082875,0.00173780082875,0.00173780082875,5,Z132 Z142 Z143 Z153,0.921288888889,0.00711144635225,0.921288888889,0.00711144635225
0.00173780082875,0.00173780082875,0.00173780082875,0.00173780082875,0.00173780082875,0.00173780082875,0.00173780082875,0.00173780082875,0.00173780082875,0.00173780082875,0.00173780082875,0.00173780082875,0.00173780082875,0.00173780082875,0.00173780082875,0.00173780082875,0.00173780082875,0.00173780082875,5,Z133 Z143 Z144 Z154,0.925333333333,0.00632213165467,0.925333333333,0.00632213165467
0.00173780082875,0.00173780082875,0.00173780082875,0.00173780082875,0.00173780082875,0.00173780082875,0.00173780082875,0.00173780082875,0.00173780082875,0.00173780082875,0.00173780082875,0.00173780082875,0.00173780082875,0.00173780082875,0.00173780082875,0.00173780082875,0.00173780082875,0.00173780082875,5,Z134 Z144 Z145 Z155,0.923111111111,0.00661203670394,0.923111111111,0.00661203670394
0.00173780082875,0.00173780082875,0.00173780082875,0.00173780082875,0.00173780082875,0.00173780082875,0.00173780082875,0.00173780082875,0.00173780082875,0.00173780082875,0.00173780082875,0.00173780082875,0.00173780082875,0.00173780082875,0.00173780082875,0.00173780082875,0.00173780082875,0.00173780082875,5,Z135 Z145 Z146 Z156,0.728,0.0122164388964,0.728,0.0122164388964
0.00173780082875,0.00173780082875,0.00173780082875,0.00173780082875,0.00173780082875,0.00173780082875,0.00173780082875,0.00173780082875,0.00173780082875,0.00173780082875,0.00173780082875,0.00173780082875,0.00173780082875,0.00173780082875,0.00173780082875,0.00173780082875,0.00173780082875,0.00173780082875,5,Z136 Z146 Z157,0.748844444444,0.0134670687698,0.748844444444,0.0134670687698
0.00173780082875,0.00173780082875,0.00173780082875,0.00173780082875,0.00173780082875,0.00173780082875,0.00173780082875,0.00173780082875,0.00173780082875,0.00173780082875,0.00173780082875,0.00173780082875,0.00173780082875,0.00173780082875,0.00173780082875,0.00173780082875,0.00173780082875,0.00173780082875,5,Z147 Z158 Z168,0.929666666667,0.0053755512949,0.929666666667,0.0053755512949
0.00173780082875,0.00173780082875,0.00173780082875,0.00173780082875,0.00173780082875,0.00173780082875,0.00173780082875,0.00173780082875,0.00173780082875,0.00173780082875,0.00173780082875,0.00173780082875,0.00173780082875,0.00173780082875,0.00173780082875,0.00173780082875,0.00173780082875,0.00173780082875,5,Z148 Z158 Z159 Z169,0.9208,0.00797582554369,0.9208,0.00797582554369
0.00173780082875,0.00173780082875,0.00173780082875,0.00173780082875,0.00173780082875,0.00173780082875,0.00173780082875,0.00173780082875,0.00173780082875,0.00173780082875,0.00173780082875,0.00173780082875,0.00173780082875,0.00173780082875,0.00173780082875,0.00173780082875,0.00173780082875,0.00173780082875,5,Z149 Z159 Z160 Z170,0.919933333333,0.00807313315431,0.919933333333,0.00807313315431
0.00173780082875,0.00173780082875,0.00173780082875,0.00173780082875,0.00173780082875,0.00173780082875,0.00173780082875,0.00173780082875,0.00173780082875,0.00173780082875,0.00173780082875,0.00173780082875,0.00173780082875,0.00173780082875,0.00173780082875,0.00173780082875,0.00173780082875,0.00173780082875,5,Z150 Z160 Z161 Z171,0.923933333333,0.00669041746259,0.923933333333,0.00669041746259
0.00173780082875,0.00173780082875,0.00173780082875,0.00173780082875,0.00173780082875,0.00173780082875,0.00173780082875,0.00173780082875,0.00173780082875,0.00173780082875,0.00173780082875,0.00173780082875,0.00173780082875,0.00173780082875,0.00173780082875,0.00173780082875,0.00173780082875,0.00173780082875,5,Z151 Z161 Z162 Z172,0.924288888889,0.00613434107996,0.924288888889,0.00613434107996
0.00173780082875,0.00173780082875,0.00173780082875,0.00173780082875,0.00173780082875,0.00173780082875,0.00173780082875,0.00173780082875,0.00173780082875,0.00173780082875,0.00173780082875,0.00173780082875,0.00173780082875,0.00173780082875,0.00173780082875,0.00173780082875,0.00173780082875,0.00173780082875,5,Z152 Z162 Z163 Z173,0.923711111111,0.00569111247253,0.923711111111,0.00569111247253
0.00173780082875,0.00173780082875,0.00173780082875,0.00173780082875,0.00173780082875,0.00173780082875,0.00173780082875,0.00173780082875,0.00173780082875,0.00173780082875,0.00173780082875,0.00173780082875,0.00173780082875,0.00173780082875,0.00173780082875,0.00173780082875,0.00173780082875,0.00173780082875,5,Z153 Z163 Z164 Z174,0.922888888889,0.00725524428287,0.922888888889,0.00725524428287
0.00173780082875,0.00173780082875,0.00173780082875,0.00173780082875,0.00173780082875,0.00173780082875,0.00173780082875,0.00173780082875,0.00173780082875,0.00173780082875,0.00173780082875,0.00173780082875,0.00173780082875,0.00173780082875,0.00173780082875,0.00173780082875,0.00173780082875,0.00173780082875,5,Z154 Z164 Z165 Z175,0.921822222222,0.00782163878005,0.921822222222,0.00782163878005
0.00173780082875,0.00173780082875,0.00173780082875,0.00173780082875,0.00173780082875,0.00173780082875,0.00173780082875,0.00173780082875,0.00173780082875,0.00173780082875,0.00173780082875,0.00173780082875,0.00173780082875,0.00173780082875,0.00173780082875,0.00173780082875,0.00173780082875,0.00173780082875,5,Z155 Z165 Z166 Z176,0.923577777778,0.0066031069741,0.923577777778,0.0066031069741
0.00173780082875,0.00173780082875,0.00173780082875,0.00173780082875,0.00173780082875,0.00173780082875,0.00173780082875,0.00173780082875,0.00173780082875,0.00173780082875,0.00173780082875,0.00173780082875,0.00173780082875,0.00173780082875,0.00173780082875,0.00173780082875,0.00173780082875,0.00173780082875,5,Z156 Z166 Z167 Z177,0.723866666667,0.0105298699384,0.723866666667,0.0105298699384
0.00173780082875,0.00173780082875,0.00173780082875,0.00173780082875,0.00173780082875,0.00173780082875,0.00173780082875,0.00173780082875,0.00173780082875,0.00173780082875,0.00173780082875,0.00173780082875,0.00173780082875,0.00173780082875,0.00173780082875,0.00173780082875,0.00173780082875,0.00173780082875,5,Z157 Z167 Z178,0.750666666667,0.0104986771653,0.750666666667,0.0104986771653
0.00173780082875,0.00173780082875,0.00173780082875,0.00173780082875,0.00173780082875,0.00173780082875,0.00173780082875,0.00173780082875,0.00173780082875,0.00173780082875,0.00173780082875,0.00173780082875,0.00173780082875,0.00173780082875,0.00173780082875,0.00173780082875,0.00173780082875,0.00173780082875,5,Z168 Z179 Z189,0.9258,0.00663475119139,0.9258,0.00663475119139
0.00173780082875,0.00173780082875,0.00173780082875,0.00173780082875,0.00173780082875,0.00173780082875,0.00173780082875,0.00173780082875,0.00173780082875,0.00173780082875,0.00173780082875,0.00173780082875,0.00173780082875,0.00173780082875,0.00173780082875,0.00173780082875,0.00173780082875,0.00173780082875,5,Z169 Z179 Z180 Z190,0.922066666667,0.00785569076496,0.922066666667,0.00785569076496
0.00173780082875,0.00173780082875,0.00173780082875,0.00173780082875,0.00173780082875,0.00173780082875,0.00173780082875,0.00173780082875,0.00173780082875,0.00173780082875,0.00173780082875,0.00173780082875,0.00173780082875,0.00173780082875,0.00173780082875,0.00173780082875,0.00173780082875,0.00173780082875,5,Z170 Z180 Z181 Z191,0.922444444444,0.00686226470517,0.922444444444,0.00686226470517
0.00173780082875,0.00173780082875,0.00173780082875,0.00173780082875,0.00173780082875,0.00173780082875,0.00173780082875,0.00173780082875,0.00173780082875,0.00173780082875,0.00173780082875,0.00173780082875,0.00173780082875,0.00173780082875,0.00173780082875,0.00173780082875,0.00173780082875,0.00173780082875,5,Z171 Z181 Z182 Z192,0.921622222222,0.00835548014966,0.921622222222,0.00835548014966
0.00173780082875,0.00173780082875,0.00173780082875,0.00173780082875,0.00173780082875,0.00173780082875,0.00173780082875,0.00173780082875,0.00173780082875,0.00173780082875,0.00173780082875,0.00173780082875,0.00173780082875,0.00173780082875,0.00173780082875,0.00173780082875,0.00173780082875,0.00173780082875,5,Z172 Z182 Z183 Z193,0.923511111111,0.00735302129023,0.923511111111,0.00735302129023
0.00173780082875,0.00173780082875,0.00173780082875,0.00173780082875,0.00173780082875,0.00173780082875,0.00173780082875,0.00173780082875,0.00173780082875,0.00173780082875,0.00173780082875,0.00173780082875,0.00173780082875,0.00173780082875,0.00173780082875,0.00173780082875,0.00173780082875,0.00173780082875,5,Z173 Z183 Z184 Z194,0.922088888889,0.00785643857453,0.922088888889,0.00785643857453
0.00173780082875,0.00173780082875,0.00173780082875,0.00173780082875,0.00173780082875,0.00173780082875,0.00173780082875,0.00173780082875,0.00173780082875,0.00173780082875,0.00173780082875,0.00173780082875,0.00173780082875,0.00173780082875,0.00173780082875,0.00173780082875,0.00173780082875,0.00173780082875,5,Z174 Z184 Z185 Z195,0.920866666667,0.00549231437933,0.920866666667,0.00549231437933
0.00173780082875,0.00173780082875,0.00173780082875,0.00173780082875,0.00173780082875,0.00173780082875,0.00173780082875,0.00173780082875,0.00173780082875,0.00173780082875,0.00173780082875,0.00173780082875,0.00173780082875,0.00173780082875,0.00173780082875,0.00173780082875,0.00173780082875,0.00173780082875,5,Z175 Z185 Z186 Z196,0.921577777778,0.00688712126624,0.921577777778,0.00688712126624
0.00173780082875,0.00173780082875,0.00173780082875,0.00173780082875,0.00173780082875,0.00173780082875,0.00173780082875,0.00173780082875,0.00173780082875,0.00173780082875,0.00173780082875,0.00173780082875,0.00173780082875,0.00173780082875,0.00173780082875,0.00173780082875,0.00173780082875,0.00173780082875,5,Z176 Z186 Z187 Z197,0.925644444444,0.00669816314578,0.925644444444,0.00669816314578
0.00173780082875,0.00173780082875,0.00173780082875,0.00173780082875,0.00173780082875,0.00173780082875,0.00173780082875,0.00173780082875,0.00173780082875,0.00173780082875,0.00173780082875,0.00173780082875,0.00173780082875,0.00173780082875,0.00173780082875,0.00173780082875,0.00173780082875,0.00173780082875,5,Z177 Z187 Z188 Z198,0.723888888889,0.0128702137131,0.723888888889,0.0128702137131
0.00173780082875,0.00173780082875,0.00173780082875,0.00173780082875,0.00173780082875,0.00173780082875,0.00173780082875,0.00173780082875,0.00173780082875,0.00173780082875,0.00173780082875,0.00173780082875,0.00173780082875,0.00173780082875,0.00173780082875,0.00173780082875,0.00173780082875,0.00173780082875,5,Z178 Z188 Z199,0.748511111111,0.0124496636565,0.748511111111,0.0124496636565
0.00173780082875,0.00173780082875,0.00173780082875,0.00173780082875,0.00173780082875,0.00173780082875,0.00173780082875,0.00173780082875,0.00173780082875,0.00173780082875,0.00173780082875,0.00173780082875,0.00173780082875,0.00173780082875,0.00173780082875,0.00173780082875,0.00173780082875,0.00173780082875,5,Z189 Z200 Z210,0.926333333333,0.00461133037377,0.926333333333,0.00461133037377
0.00173780082875,0.00173780082875,0.00173780082875,0.00173780082875,0.00173780082875,0.00173780082875,0.00173780082875,0.00173780082875,0.00173780082875,0.00173780082875,0.00173780082875,0.00173780082875,0.00173780082875,0.00173780082875,0.00173780082875,0.00173780082875,0.00173780082875,0.00173780082875,5,Z190 Z200 Z201 Z211,0.923622222222,0.00679121211134,0.923622222222,0.00679121211134
0.00173780082875,0.00173780082875,0.00173780082875,0.00173780082875,0.00173780082875,0.00173780082875,0.00173780082875,0.00173780082875,0.00173780082875,0.00173780082875,0.00173780082875,0.00173780082875,0.00173780082875,0.00173780082875,0.00173780082875,0.00173780082875,0.00173780082875,0.00173780082875,5,Z191 Z201 Z202 Z212,0.9254,0.00629869535844,0.9254,0.00629869535844
0.00173780082875,0.00173780082875,0.00173780082875,0.00173780082875,0.00173780082875,0.00173780082875,0.00173780082875,0.00173780082875,0.00173780082875,0.00173780082875,0.00173780082875,0.00173780082875,0.00173780082875,0.00173780082875,0.00173780082875,0.00173780082875,0.00173780082875,0.00173780082875,5,Z192 Z202 Z203 Z213,0.923688888889,0.0054491261441,0.923688888889,0.0054491261441
0.00173780082875,0.00173780082875,0.00173780082875,0.00173780082875,0.00173780082875,0.00173780082875,0.00173780082875,0.00173780082875,0.00173780082875,0.00173780082875,0.00173780082875,0.00173780082875,0.00173780082875,0.00173780082875,0.00173780082875,0.00173780082875,0.00173780082875,0.00173780082875,5,Z193 Z203 Z204 Z214,0.926777777778,0.00705117219859,0.926777777778,0.00705117219859
0.00173780082875,0.00173780082875,0.00173780082875,0.00173780082875,0.00173780082875,0.00173780082875,0.00173780082875,0.00173780082875,0.00173780082875,0.00173780082875,0.00173780082875,0.00173780082875,0.00173780082875,0.00173780082875,0.00173780082875,0.00173780082875,0.00173780082875,0.00173780082875,5,Z194 Z204 Z205 Z215,0.923911111111,0.00582696422958,0.923911111111,0.00582696422958
0.00173780082875,0.00173780082875,0.00173780082875,0.00173780082875,0.00173780082875,0.00173780082875,0.00173780082875,0.00173780082875,0.00173780082875,0.00173780082875,0.00173780082875,0.00173780082875,0.00173780082875,0.00173780082875,0.00173780082875,0.00173780082875,0.00173780082875,0.00173780082875,5,Z195 Z205 Z206 Z216,0.924488888889,0.0070682135226,0.924488888889,0.0070682135226
0.00173780082875,0.00173780082875,0.00173780082875,0.00173780082875,0.00173780082875,0.00173780082875,0.00173780082875,0.00173780082875,0.00173780082875,0.00173780082875,0.00173780082875,0.00173780082875,0.00173780082875,0.00173780082875,0.00173780082875,0.00173780082875,0.00173780082875,0.00173780082875,5,Z196 Z206 Z207 Z217,0.925355555556,0.00583681888202,0.925355555556,0.00583681888202
0.00173780082875,0.00173780082875,0.00173780082875,0.00173780082875,0.00173780082875,0.00173780082875,0.00173780082875,0.00173780082875,0.00173780082875,0.00173780082875,0.00173780082875,0.00173780082875,0.00173780082875,0.00173780082875,0.00173780082875,0.00173780082875,0.00173780082875,0.00173780082875,5,Z197 Z207 Z208 Z218,0.924955555556,0.00596460398003,0.924955555556,0.00596460398003
0.00173780082875,0.00173780082875,0.00173780082875,0.00173780082875,0.00173780082875,0.00173780082875,0.00173780082875,0.00173780082875,0.00173780082875,0.00173780082875,0.00173780082875,0.00173780082875,0.00173780082875,0.00173780082875,0.00173780082875,0.00173780082875,0.00173780082875,0.00173780082875,5,Z198 Z208 Z209 Z219,0.714866666667,0.0148485586333,0.714866666667,0.0148485586333
0.00173780082875,0.00173780082875,0.00173780082875,0.00173780082875,0.00173780082875,0.00173780082875,0.00173780082875,0.00173780082875,0.00173780082875,0.00173780082875,0.00173780082875,0.00173780082875,0.00173780082875,0.00173780082875,0.00173780082875,0.00173780082875,0.00173780082875,0.00173780082875,5,Z199 Z209 Z220,0.584377777778,0.0141861551776,0.584377777778,0.0141861551776
0.00173780082875,0.00173780082875,0.00173780082875,0.00173780082875,0.00173780082875,0.00173780082875,0.00173780082875,0.00173780082875,0.00173780082875,0.00173780082875,0.00173780082875,0.00173780082875,0.00173780082875,0.00173780082875,0.00173780082875,0.00173780082875,0.00173780082875,0.00173780082875,5,Z2 Z12 Z13 Z23,0.876222222222,0.00996443227687,0.876222222222,0.00996443227687
0.00173780082875,0.00173780082875,0.00173780082875,0.00173780082875,0.00173780082875,0.00173780082875,0.00173780082875,0.00173780082875,0.00173780082875,0.00173780082875,0.00173780082875,0.00173780082875,0.00173780082875,0.00173780082875,0.00173780082875,0.00173780082875,0.00173780082875,0.00173780082875,5,Z21 Z32 Z42,0.942066666667,0.00597145187939,0.942066666667,0.00597145187939
0.00173780082875,0.00173780082875,0.00173780082875,0.00173780082875,0.00173780082875,0.00173780082875,0.00173780082875,0.00173780082875,0.00173780082875,0.00173780082875,0.00173780082875,0.00173780082875,0.00173780082875,0.00173780082875,0.00173780082875,0.00173780082875,0.00173780082875,0.00173780082875,5,Z22 Z32 Z33 Z43,0.921777777778,0.00703212842179,0.921777777778,0.00703212842179
0.00173780082875,0.00173780082875,0.00173780082875,0.00173780082875,0.00173780082875,0.00173780082875,0.00173780082875,0.00173780082875,0.00173780082875,0.00173780082875,0.00173780082875,0.00173780082875,0.00173780082875,0.00173780082875,0.00173780082875,0.00173780082875,0.00173780082875,0.00173780082875,5,Z23 Z33 Z34 Z44,0.921911111111,0.00689212629405,0.921911111111,0.00689212629405
0.00173780082875,0.00173780082875,0.00173780082875,0.00173780082875,0.00173780082875,0.00173780082875,0.00173780082875,0.00173780082875,0.00173780082875,0.00173780082875,0.00173780082875,0.00173780082875,0.00173780082875,0.00173780082875,0.00173780082875,0.00173780082875,0.00173780082875,0.00173780082875,5,Z24 Z34 Z35 Z45,0.924577777778,0.00706994791168,0.924577777778,0.00706994791168
0.00173780082875,0.00173780082875,0.00173780082875,0.00173780082875,0.00173780082875,0.00173780082875,0.00173780082875,0.00173780082875,0.00173780082875,0.00173780082875,0.00173780082875,0.00173780082875,0.00173780082875,0.00173780082875,0.00173780082875,0.00173780082875,0.00173780082875,0.00173780082875,5,Z25 Z35 Z36 Z46,0.922555555556,0.00675137751424,0.922555555556,0.00675137751424
0.00173780082875,0.00173780082875,0.00173780082875,0.00173780082875,0.00173780082875,0.00173780082875,0.00173780082875,0.00173780082875,0.00173780082875,0.00173780082875,0.00173780082875,0.00173780082875,0.00173780082875,0.00173780082875,0.00173780082875,0.00173780082875,0.00173780082875,0.00173780082875,5,Z26 Z36 Z37 Z47,0.924133333333,0.00610106453873,0.924133333333,0.00610106453873
0.00173780082875,0.00173780082875,0.00173780082875,0.00173780082875,0.00173780082875,0.00173780082875,0.00173780082875,0.00173780082875,0.00173780082875,0.00173780082875,0.00173780082875,0.00173780082875,0.00173780082875,0.00173780082875,0.00173780082875,0.00173780082875,0.00173780082875,0.00173780082875,5,Z27 Z37 Z38 Z48,0.924266666667,0.0060028090487,0.924266666667,0.0060028090487
0.00173780082875,0.00173780082875,0.00173780082875,0.00173780082875,0.00173780082875,0.00173780082875,0.00173780082875,0.00173780082875,0.00173780082875,0.00173780082875,0.00173780082875,0.00173780082875,0.00173780082875,0.00173780082875,0.00173780082875,0.00173780082875,0.00173780082875,0.00173780082875,5,Z28 Z38 Z39 Z49,0.921355555556,0.00673637881129,0.921355555556,0.00673637881129
0.00173780082875,0.00173780082875,0.00173780082875,0.00173780082875,0.00173780082875,0.00173780082875,0.00173780082875,0.00173780082875,0.00173780082875,0.00173780082875,0.00173780082875,0.00173780082875,0.00173780082875,0.00173780082875,0.00173780082875,0.00173780082875,0.00173780082875,0.00173780082875,5,Z29 Z39 Z40 Z50,0.922644444444,0.00559551909763,0.922644444444,0.00559551909763
0.00173780082875,0.00173780082875,0.00173780082875,0.00173780082875,0.00173780082875,0.00173780082875,0.00173780082875,0.00173780082875,0.00173780082875,0.00173780082875,0.00173780082875,0.00173780082875,0.00173780082875,0.00173780082875,0.00173780082875,0.00173780082875,0.00173780082875,0.00173780082875,5,Z3 Z13 Z14 Z24,0.851755555556,0.00865956089484,0.851755555556,0.00865956089484
0.00173780082875,0.00173780082875,0.00173780082875,0.00173780082875,0.00173780082875,0.00173780082875,0.00173780082875,0.00173780082875,0.00173780082875,0.00173780082875,0.00173780082875,0.00173780082875,0.00173780082875,0.00173780082875,0.00173780082875,0.00173780082875,0.00173780082875,0.00173780082875,5,Z30 Z40 Z41 Z51,0.744311111111,0.0119587199732,0.744311111111,0.0119587199732
0.00173780082875,0.00173780082875,0.00173780082875,0.00173780082875,0.00173780082875,0.00173780082875,0.00173780082875,0.00173780082875,0.00173780082875,0.00173780082875,0.00173780082875,0.00173780082875,0.00173780082875,0.00173780082875,0.00173780082875,0.00173780082875,0.00173780082875,0.00173780082875,5,Z31 Z41 Z52,0.738577777778,0.0134098189374,0.738577777778,0.0134098189374
0.00173780082875,0.00173780082875,0.00173780082875,0.00173780082875,0.00173780082875,0.00173780082875,0.00173780082875,0.00173780082875,0.00173780082875,0.00173780082875,0.00173780082875,0.00173780082875,0.00173780082875,0.00173780082875,0.00173780082875,0.00173780082875,0.00173780082875,0.00173780082875,5,Z4 Z14 Z15 Z25,0.830955555556,0.00870580611004,0.830955555556,0.00870580611004
0.00173780082875,0.00173780082875,0.00173780082875,0.00173780082875,0.00173780082875,0.00173780082875,0.00173780082875,0.00173780082875,0.00173780082875,0.00173780082875,0.00173780082875,0.00173780082875,0.00173780082875,0.00173780082875,0.00173780082875,0.00173780082875,0.00173780082875,0.00173780082875,5,Z42 Z53 Z63,0.940111111111,0.00545573151701,0.940111111111,0.00545573151701
0.00173780082875,0.00173780082875,0.00173780082875,0.00173780082875,0.00173780082875,0.00173780082875,0.00173780082875,0.00173780082875,0.00173780082875,0.00173780082875,0.00173780082875,0.00173780082875,0.00173780082875,0.00173780082875,0.00173780082875,0.00173780082875,0.00173780082875,0.00173780082875,5,Z43 Z53 Z54 Z64,0.922933333333,0.00578172573635,0.922933333333,0.00578172573635
0.00173780082875,0.00173780082875,0.00173780082875,0.00173780082875,0.00173780082875,0.00173780082875,0.00173780082875,0.00173780082875,0.00173780082875,0.00173780082875,0.00173780082875,0.00173780082875,0.00173780082875,0.00173780082875,0.00173780082875,0.00173780082875,0.00173780082875,0.00173780082875,5,Z44 Z54 Z55 Z65,0.921511111111,0.00666421410826,0.921511111111,0.00666421410826
0.00173780082875,0.00173780082875,0.00173780082875,0.00173780082875,0.00173780082875,0.00173780082875,0.00173780082875,0.00173780082875,0.00173780082875,0.00173780082875,0.00173780082875,0.00173780082875,0.00173780082875,0.00173780082875,0.00173780082875,0.00173780082875,0.00173780082875,0.00173780082875,5,Z45 Z55 Z56 Z66,0.922155555556,0.00855665515151,0.922155555556,0.00855665515151
0.00173780082875,0.00173780082875,0.00173780082875,0.00173780082875,0.00173780082875,0.00173780082875,0.00173780082875,0.00173780082875,0.00173780082875,0.00173780082875,0.00173780082875,0.00173780082875,0.00173780082875,0.00173780082875,0.00173780082875,0.00173780082875,0.00173780082875,0.00173780082875,5,Z46 Z56 Z57 Z67,0.921866666667,0.00820877019084,0.921866666667,0.00820877019084
0.00173780082875,0.00173780082875,0.00173780082875,0.00173780082875,0.00173780082875,0.00173780082875,0.00173780082875,0.00173780082875,0.00173780082875,0.00173780082875,0.00173780082875,0.00173780082875,0.00173780082875,0.00173780082875,0.00173780082875,0.00173780082875,0.00173780082875,0.00173780082875,5,Z47 Z57 Z58 Z68,0.9206,0.00803698347941,0.9206,0.00803698347941
0.00173780082875,0.00173780082875,0.00173780082875,0.00173780082875,0.00173780082875,0.00173780082875,0.00173780082875,0.00173780082875,0.00173780082875,0.00173780082875,0.00173780082875,0.00173780082875,0.00173780082875,0.00173780082875,0.00173780082875,0.00173780082875,0.00173780082875,0.00173780082875,5,Z48 Z58 Z59 Z69,0.923066666667,0.00853498547225,0.923066666667,0.00853498547225
0.00173780082875,0.00173780082875,0.00173780082875,0.00173780082875,0.00173780082875,0.00173780082875,0.00173780082875,0.00173780082875,0.00173780082875,0.00173780082875,0.00173780082875,0.00173780082875,0.00173780082875,0.00173780082875,0.00173780082875,0.00173780082875,0.00173780082875,0.00173780082875,5,Z49 Z59 Z60 Z70,0.921755555556,0.00579994274865,0.921755555556,0.00579994274865
0.00173780082875,0.00173780082875,0.00173780082875,0.00173780082875,0.00173780082875,0.00173780082875,0.00173780082875,0.00173780082875,0.00173780082875,0.00173780082875,0.00173780082875,0.00173780082875,0.00173780082875,0.00173780082875,0.00173780082875,0.00173780082875,0.00173780082875,0.00173780082875,5,Z5 Z15 Z16 Z26,0.808311111111,0.00952791154135,0.808311111111,0.00952791154135
0.00173780082875,0.00173780082875,0.00173780082875,0.00173780082875,0.00173780082875,0.00173780082875,0.00173780082875,0.00173780082875,0.00173780082875,0.00173780082875,0.00173780082875,0.00173780082875,0.00173780082875,0.00173780082875,0.00173780082875,0.00173780082875,0.00173780082875,0.00173780082875,5,Z50 Z60 Z61 Z71,0.924022222222,0.00513267150035,0.924022222222,0.00513267150035
0.00173780082875,0.00173780082875,0.00173780082875,0.00173780082875,0.00173780082875,0.00173780082875,0.00173780082875,0.00173780082875,0.00173780082875,0.00173780082875,0.00173780082875,0.00173780082875,0.00173780082875,0.00173780082875,0.00173780082875,0.00173780082875,0.00173780082875,0.00173780082875,5,Z51 Z61 Z62 Z72,0.738577777778,0.0122574344735,0.738577777778,0.0122574344735
0.00173780082875,0.00173780082875,0.00173780082875,0.00173780082875,0.00173780082875,0.00173780082875,0.00173780082875,0.00173780082875,0.00173780082875,0.00173780082875,0.00173780082875,0.00173780082875,0.00173780082875,0.00173780082875,0.00173780082875,0.00173780082875,0.00173780082875,0.00173780082875,5,Z52 Z62 Z73,0.738577777778,0.0119369137804,0.738577777778,0.0119369137804
0.00173780082875,0.00173780082875,0.00173780082875,0.00173780082875,0.00173780082875,0.00173780082875,0.00173780082875,0.00173780082875,0.00173780082875,0.00173780082875,0.00173780082875,0.00173780082875,0.00173780082875,0.00173780082875,0.00173780082875,0.00173780082875,0.00173780082875,0.00173780082875,5,Z6 Z16 Z17 Z27,0.789,0.00963033203058,0.789,0.00963033203058
0.00173780082875,0.00173780082875,0.00173780082875,0.00173780082875,0.00173780082875,0.00173780082875,0.00173780082875,0.00173780082875,0.00173780082875,0.00173780082875,0.00173780082875,0.00173780082875,0.00173780082875,0.00173780082875,0.00173780082875,0.00173780082875,0.00173780082875,0.00173780082875,5,Z63 Z74 Z84,0.937533333333,0.00676060257125,0.937533333333,0.00676060257125
0.00173780082875,0.00173780082875,0.00173780082875,0.00173780082875,0.00173780082875,0.00173780082875,0.00173780082875,0.00173780082875,0.00173780082875,0.00173780082875,0.00173780082875,0.00173780082875,0.00173780082875,0.00173780082875,0.00173780082875,0.00173780082875,0.00173780082875,0.00173780082875,5,Z64 Z74 Z75 Z85,0.922533333333,0.00702573266928,0.922533333333,0.00702573266928
0.00173780082875,0.00173780082875,0.00173780082875,0.00173780082875,0.00173780082875,0.00173780082875,0.00173780082875,0.00173780082875,0.00173780082875,0.00173780082875,0.00173780082875,0.00173780082875,0.00173780082875,0.00173780082875,0.00173780082875,0.00173780082875,0.00173780082875,0.00173780082875,5,Z65 Z75 Z76 Z86,0.924466666667,0.00512270881408,0.924466666667,0.00512270881408
0.00173780082875,0.00173780082875,0.00173780082875,0.00173780082875,0.00173780082875,0.00173780082875,0.00173780082875,0.00173780082875,0.00173780082875,0.00173780082875,0.00173780082875,0.00173780082875,0.00173780082875,0.00173780082875,0.00173780082875,0.00173780082875,0.00173780082875,0.00173780082875,5,Z66 Z76 Z77 Z87,0.922066666667,0.00982193962944,0.922066666667,0.00982193962944
0.00173780082875,0.00173780082875,0.00173780082875,0.00173780082875,0.00173780082875,0.00173780082875,0.00173780082875,0.00173780082875,0.00173780082875,0.00173780082875,0.00173780082875,0.00173780082875,0.00173780082875,0.00173780082875,0.00173780082875,0.00173780082875,0.00173780082875,0.00173780082875,5,Z67 Z77 Z78 Z88,0.922511111111,0.00642715344494,0.922511111111,0.00642715344494
0.00173780082875,0.00173780082875,0.00173780082875,0.00173780082875,0.00173780082875,0.00173780082875,0.00173780082875,0.00173780082875,0.00173780082875,0.00173780082875,0.00173780082875,0.00173780082875,0.00173780082875,0.00173780082875,0.00173780082875,0.00173780082875,0.00173780082875,0.00173780082875,5,Z68 Z78 Z79 Z89,0.921577777778,0.007775555238,0.921577777778,0.007775555238
0.00173780082875,0.00173780082875,0.00173780082875,0.00173780082875,0.00173780082875,0.00173780082875,0.00173780082875,0.00173780082875,0.00173780082875,0.00173780082875,0.00173780082875,0.00173780082875,0.00173780082875,0.00173780082875,0.00173780082875,0.00173780082875,0.00173780082875,0.00173780082875,5,Z69 Z79 Z80 Z90,0.924422222222,0.00677268196102,0.924422222222,0.00677268196102
0.00173780082875,0.00173780082875,0.00173780082875,0.00173780082875,0.00173780082875,0.00173780082875,0.00173780082875,0.00173780082875,0.00173780082875,0.00173780082875,0.00173780082875,0.00173780082875,0.00173780082875,0.00173780082875,0.00173780082875,0.00173780082875,0.00173780082875,0.00173780082875,5,Z7 Z17 Z18 Z28,0.769177777778,0.0122761124718,0.769177777778,0.0122761124718
0.00173780082875,0.00173780082875,0.00173780082875,0.00173780082875,0.00173780082875,0.00173780082875,0.00173780082875,0.00173780082875,0.00173780082875,0.00173780082875,0.00173780082875,0.00173780082875,0.00173780082875,0.00173780082875,0.00173780082875,0.00173780082875,0.00173780082875,0.00173780082875,5,Z70 Z80 Z81 Z91,0.923822222222,0.00842170764408,0.923822222222,0.00842170764408
0.00173780082875,0.00173780082875,0.00173780082875,0.00173780082875,0.00173780082875,0.00173780082875,0.00173780082875,0.00173780082875,0.00173780082875,0.00173780082875,0.00173780082875,0.00173780082875,0.00173780082875,0.00173780082875,0.00173780082875,0.00173780082875,0.00173780082875,0.00173780082875,5,Z71 Z81 Z82 Z92,0.922422222222,0.00804486144428,0.922422222222,0.00804486144428
0.00173780082875,0.00173780082875,0.00173780082875,0.00173780082875,0.00173780082875,0.00173780082875,0.00173780082875,0.00173780082875,0.00173780082875,0.00173780082875,0.00173780082875,0.00173780082875,0.00173780082875,0.00173780082875,0.00173780082875,0.00173780082875,0.00173780082875,0.00173780082875,5,Z72 Z82 Z83 Z93,0.735377777778,0.0130814522649,0.735377777778,0.0130814522649
0.00173780082875,0.00173780082875,0.00173780082875,0.00173780082875,0.00173780082875,0.00173780082875,0.00173780082875,0.00173780082875,0.00173780082875,0.00173780082875,0.00173780082875,0.00173780082875,0.00173780082875,0.00173780082875,0.00173780082875,0.00173780082875,0.00173780082875,0.00173780082875,5,Z73 Z83 Z94,0.741888888889,0.0119873283457,0.741888888889,0.0119873283457
0.00173780082875,0.00173780082875,0.00173780082875,0.00173780082875,0.00173780082875,0.00173780082875,0.00173780082875,0.00173780082875,0.00173780082875,0.00173780082875,0.00173780082875,0.00173780082875,0.00173780082875,0.00173780082875,0.00173780082875,0.00173780082875,0.00173780082875,0.00173780082875,5,Z8 Z18 Z19 Z29,0.748066666667,0.0115766312373,0.748066666667,0.0115766312373
0.00173780082875,0.00173780082875,0.00173780082875,0.00173780082875,0.00173780082875,0.00173780082875,0.00173780082875,0.00173780082875,0.00173780082875,0.00173780082875,0.00173780082875,0.00173780082875,0.00173780082875,0.00173780082875,0.00173780082875,0.00173780082875,0.00173780082875,0.00173780082875,5,Z84 Z95 Z105,0.934644444444,0.0057893635681,0.934644444444,0.0057893635681
0.00173780082875,0.00173780082875,0.00173780082875,0.00173780082875,0.00173780082875,0.00173780082875,0.00173780082875,0.00173780082875,0.00173780082875,0.00173780082875,0.00173780082875,0.00173780082875,0.00173780082875,0.00173780082875,0.00173780082875,0.00173780082875,0.00173780082875,0.00173780082875,5,Z85 Z95 Z96 Z106,0.921066666667,0.00717509528419,0.921066666667,0.00717509528419
0.00173780082875,0.00173780082875,0.00173780082875,0.00173780082875,0.00173780082875,0.00173780082875,0.00173780082875,0.00173780082875,0.00173780082875,0.00173780082875,0.00173780082875,0.00173780082875,0.00173780082875,0.00173780082875,0.00173780082875,0.00173780082875,0.00173780082875,0.00173780082875,5,Z86 Z96 Z97 Z107,0.922977777778,0.00720522018793,0.922977777778,0.00720522018793
0.00173780082875,0.00173780082875,0.00173780082875,0.00173780082875,0.00173780082875,0.00173780082875,0.00173780082875,0.00173780082875,0.00173780082875,0.00173780082875,0.00173780082875,0.00173780082875,0.00173780082875,0.00173780082875,0.00173780082875,0.00173780082875,0.00173780082875,0.00173780082875,5,Z87 Z97 Z98 Z108,0.920377777778,0.00674819875688,0.920377777778,0.00674819875688
0.00173780082875,0.00173780082875,0.00173780082875,0.00173780082875,0.00173780082875,0.00173780082875,0.00173780082875,0.00173780082875,0.00173780082875,0.00173780082875,0.00173780082875,0.00173780082875,0.00173780082875,0.00173780082875,0.00173780082875,0.00173780082875,0.00173780082875,0.00173780082875,5,Z88 Z98 Z99 Z109,0.921133333333,0.00682153452922,0.921133333333,0.00682153452922
0.00173780082875,0.00173780082875,0.00173780082875,0.00173780082875,0.00173780082875,0.00173780082875,0.00173780082875,0.00173780082875,0.00173780082875,0.00173780082875,0.00173780082875,0.00173780082875,0.00173780082875,0.00173780082875,0.00173780082875,0.00173780082875,0.00173780082875,0.00173780082875,5,Z89 Z99 Z100 Z110,0.9218,0.00783576631329,0.9218,0.00783576631329
0.00173780082875,0.00173780082875,0.00173780082875,0.00173780082875,0.00173780082875,0.00173780082875,0.00173780082875,0.00173780082875,0.00173780082875,0.00173780082875,0.00173780082875,0.00173780082875,0.00173780082875,0.00173780082875,0.00173780082875,0.00173780082875,0.00173780082875,0.00173780082875,5,Z9 Z19 Z20 Z30,0.592066666667,0.0157181594469,0.592066666667,0.0157181594469
0.00173780082875,0.00173780082875,0.00173780082875,0.00173780082875,0.00173780082875,0.00173780082875,0.00173780082875,0.00173780082875,0.00173780082875,0.00173780082875,0.00173780082875,0.00173780082875,0.00173780082875,0.00173780082875,0.00173780082875,0.00173780082875,0.00173780082875,0.00173780082875,5,Z90 Z100 Z101 Z111,0.921688888889,0.00737965170311,0.921688888889,0.00737965170311
0.00173780082875,0.00173780082875,0.00173780082875,0.00173780082875,0.00173780082875,0.00173780082875,0.00173780082875,0.00173780082875,0.00173780082875,0.00173780082875,0.00173780082875,0.00173780082875,0.00173780082875,0.00173780082875,0.00173780082875,0.00173780082875,0.00173780082875,0.00173780082875,5,Z91 Z101 Z102 Z112,0.924333333333,0.00673471022681,0.924333333333,0.00673471022681
0.00173780082875,0.00173780082875,0.00173780082875,0.00173780082875,0.00173780082875,0.00173780082875,0.00173780082875,0.00173780082875,0.00173780082875,0.00173780082875,0.00173780082875,0.00173780082875,0.00173780082875,0.00173780082875,0.00173780082875,0.00173780082875,0.00173780082875,0.00173780082875,5,Z92 Z102 Z103 Z113,0.922266666667,0.00730002886679,0.922266666667,0.00730002886679
0.00173780082875,0.00173780082875,0.00173780082875,0.00173780082875,0.00173780082875,0.00173780082875,0.00173780082875,0.00173780082875,0.00173780082875,0.00173780082875,0.00173780082875,0.00173780082875,0.00173780082875,0.00173780082875,0.00173780082875,0.00173780082875,0.00173780082875,0.00173780082875,5,Z93 Z103 Z104 Z114,0.731288888889,0.0124512023249,0.731288888889,0.0124512023249
0.00173780082875,0.00173780082875,0.00173780082875,0.00173780082875,0.00173780082875,0.00173780082875,0.00173780082875,0.00173780082875,0.00173780082875,0.00173780082875,0.00173780082875,0.00173780082875,0.00173780082875,0.00173780082875,0.00173780082875,0.00173780082875,0.00173780082875,0.00173780082875,5,Z94 Z104 Z115,0.744688888889,0.0100229366584,0.744688888889,0.0100229366584
0.00173780082875,0.00173780082875,0.00173780082875,0.00173780082875,0.00173780082875,0.00173780082875,0.00173780082875,0.00173780082875,0.00173780082875,0.00173780082875,0.00173780082875,0.00173780082875,0.00173780082875,0.00173780082875,0.00173780082875,0.00173780082875,0.00173780082875,0.00173780082875,10,Logical X,0.851288888889,0.00863732137656,0.852288888889,0.00831687263161
0.00173780082875,0.00173780082875,0.00173780082875,0.00173780082875,0.00173780082875,0.00173780082875,0.00173780082875,0.00173780082875,0.00173780082875,0.00173780082875,0.00173780082875,0.00173780082875,0.00173780082875,0.00173780082875,0.00173780082875,0.00173780082875,0.00173780082875,0.00173780082875,10,Logical Y,0.0180666666667,0.0134641285875,0.00282222222222,0.0177256083194
0.00173780082875,0.00173780082875,0.00173780082875,0.00173780082875,0.00173780082875,0.00173780082875,0.00173780082875,0.00173780082875,0.00173780082875,0.00173780082875,0.00173780082875,0.00173780082875,0.00173780082875,0.00173780082875,0.00173780082875,0.00173780082875,0.00173780082875,0.00173780082875,10,Logical Z,0.0160222222222,0.00942887605729,-0.00162222222222,0.0192397125486
0.00173780082875,0.00173780082875,0.00173780082875,0.00173780082875,0.00173780082875,0.00173780082875,0.00173780082875,0.00173780082875,0.00173780082875,0.00173780082875,0.00173780082875,0.00173780082875,0.00173780082875,0.00173780082875,0.00173780082875,0.00173780082875,0.00173780082875,0.00173780082875,10,X0 X1 X11,0.922288888889,0.00688088770299,0.922288888889,0.00688088770299
0.00173780082875,0.00173780082875,0.00173780082875,0.00173780082875,0.00173780082875,0.00173780082875,0.00173780082875,0.00173780082875,0.00173780082875,0.00173780082875,0.00173780082875,0.00173780082875,0.00173780082875,0.00173780082875,0.00173780082875,0.00173780082875,0.00173780082875,0.00173780082875,10,X1 X2 X12,0.874733333333,0.00922988648888,0.874733333333,0.00922988648888
0.00173780082875,0.00173780082875,0.00173780082875,0.00173780082875,0.00173780082875,0.00173780082875,0.00173780082875,0.00173780082875,0.00173780082875,0.00173780082875,0.00173780082875,0.00173780082875,0.00173780082875,0.00173780082875,0.00173780082875,0.00173780082875,0.00173780082875,0.00173780082875,10,X100 X110 X111 X121,0.915311111111,0.00872831009934,0.915311111111,0.00872831009934
0.00173780082875,0.00173780082875,0.00173780082875,0.00173780082875,0.00173780082875,0.00173780082875,0.00173780082875,0.00173780082875,0.00173780082875,0.00173780082875,0.00173780082875,0.00173780082875,0.00173780082875,0.00173780082875,0.00173780082875,0.00173780082875,0.00173780082875,0.00173780082875,10,X101 X111 X112 X122,0.916822222222,0.00668659855647,0.916822222222,0.00668659855647
0.00173780082875,0.00173780082875,0.00173780082875,0.00173780082875,0.00173780082875,0.00173780082875,0.00173780082875,0.00173780082875,0.00173780082875,0.00173780082875,0.00173780082875,0.00173780082875,0.00173780082875,0.00173780082875,0.00173780082875,0.00173780082875,0.00173780082875,0.00173780082875,10,X102 X112 X113 X123,0.913533333333,0.00588562766634,0.913533333333,0.00588562766634
0.00173780082875,0.00173780082875,0.00173780082875,0.00173780082875,0.00173780082875,0.00173780082875,0.00173780082875,0.00173780082875,0.00173780082875,0.00173780082875,0.00173780082875,0.00173780082875,0.00173780082875,0.00173780082875,0.00173780082875,0.00173780082875,0.00173780082875,0.00173780082875,10,X103 X113 X114 X124,0.915311111111,0.00658218502037,0.915311111111,0.00658218502037
0.00173780082875,0.00173780082875,0.00173780082875,0.00173780082875,0.00173780082875,0.00173780082875,0.00173780082875,0.00173780082875,0.00173780082875,0.00173780082875,0.00173780082875,0.00173780082875,0.00173780082875,0.00173780082875,0.00173780082875,0.00173780082875,0.00173780082875,0.00173780082875,10,X104 X114 X115 X125,0.579133333333,0.016388155708,0.579133333333,0.016388155708
0.00173780082875,0.00173780082875,0.00173780082875,0.00173780082875,0.00173780082875,0.00173780082875,0.00173780082875,0.00173780082875,0.00173780082875,0.00173780082875,0.00173780082875,0.00173780082875,0.00173780082875,0.00173780082875,0.00173780082875,0.00173780082875,0.00173780082875,0.00173780082875,10,X11 X21 X22 X32,0.915866666667,0.00653056474297,0.915866666667,0.00653056474297
0.00173780082875,0.00173780082875,0.00173780082875,0.00173780082875,0.00173780082875,0.00173780082875,0.00173780082875,0.00173780082875,0.00173780082875,0.00173780082875,0.00173780082875,0.00173780082875,0.00173780082875,0.00173780082875,0.00173780082875,0.00173780082875,0.00173780082875,0.00173780082875,10,X116 X126 X127 X137,0.914755555556,0.00754802419319,0.914755555556,0.00754802419319
0.00173780082875,0.00173780082875,0.00173780082875,0.00173780082875,0.00173780082875,0.00173780082875,0.00173780082875,0.00173780082875,0.00173780082875,0.00173780082875,0.00173780082875,0.00173780082875,0.00173780082875,0.00173780082875,0.00173780082875,0.00173780082875,0.00173780082875,0.00173780082875,10,X117 X127 X128 X138,0.915688888889,0.00822617695097,0.915688888889,0.00822617695097
0.00173780082875,0.00173780082875,0.00173780082875,0.00173780082875,0.00173780082875,0.00173780082875,0.00173780082875,0.00173780082875,0.00173780082875,0.00173780082875,0.00173780082875,0.00173780082875,0.00173780082875,0.00173780082875,0.00173780082875,0.00173780082875,0.00173780082875,0.00173780082875,10,X118 X128 X129 X139,0.9148,0.00765821623239,0.9148,0.00765821623239
0.00173780082875,0.00173780082875,0.00173780082875,0.00173780082875,0.00173780082875,0.00173780082875,0.00173780082875,0.00173780082875,0.00173780082875,0.00173780082875,0.00173780082875,0.00173780082875,0.00173780082875,0.00173780082875,0.00173780082875,0.00173780082875,0.00173780082875,0.00173780082875,10,X119 X129 X130 X140,0.915488888889,0.00476154240548,0.915488888889,0.00476154240548
0.00173780082875,0.00173780082875,0.00173780082875,0.00173780082875,0.00173780082875,0.00173780082875,0.00173780082875,0.00173780082875,0.00173780082875,0.00173780082875,0.00173780082875,0.00173780082875,0.00173780082875,0.00173780082875,0.00173780082875,0.00173780082875,0.00173780082875,0.00173780082875,10,X12 X22 X23 X33,0.915088888889,0.00802960677305,0.915088888889,0.00802960677305
0.00173780082875,0.00173780082875,0.00173780082875,0.00173780082875,0.00173780082875,0.00173780082875,0.00173780082875,0.00173780082875,0.00173780082875,0.00173780082875,0.00173780082875,0.00173780082875,0.00173780082875,0.00173780082875,0.00173780082875,0.00173780082875,0.00173780082875,0.00173780082875,10,X120 X130 X131 X141,0.914622222222,0.00852120786023,0.914622222222,0.00852120786023
0.00173780082875,0.00173780082875,0.00173780082875,0.00173780082875,0.00173780082875,0.00173780082875,0.00173780082875,0.00173780082875,0.00173780082875,0.00173780082875,0.00173780082875,0.00173780082875,0.00173780082875,0.00173780082875,0.00173780082875,0.00173780082875,0.00173780082875,0.00173780082875,10,X121 X131 X132 X142,0.917177777778,0.00659660503263,0.917177777778,0.00659660503263
0.00173780082875,0.00173780082875,0.00173780082875,0.00173780082875,0.00173780082875,0.00173780082875,0.00173780082875,0.00173780082875,0.00173780082875,0.00173780082875,0.00173780082875,0.00173780082875,0.00173780082875,0.00173780082875,0.00173780082875,0.00173780082875,0.00173780082875,0.00173780082875,10,X122 X132 X133 X143,0.917022222222,0.00701991329226,0.917022222222,0.00701991329226
0.00173780082875,0.00173780082875,0.00173780082875,0.00173780082875,0.00173780082875,0.00173780082875,0.00173780082875,0.00173780082875,0.00173780082875,0.00173780082875,0.00173780082875,0.00173780082875,0.00173780082875,0.00173780082875,0.00173780082875,0.00173780082875,0.00173780082875,0.00173780082875,10,X123 X133 X134 X144,0.9154,0.00711018911647,0.9154,0.00711018911647
0.00173780082875,0.00173780082875,0.00173780082875,0.00173780082875,0.00173780082875,0.00173780082875,0.00173780082875,0.00173780082875,0.00173780082875,0.00173780082875,0.00173780082875,0.00173780082875,0.00173780082875,0.00173780082875,0.00173780082875,0.00173780082875,0.00173780082875,0.00173780082875,10,X124 X134 X135 X145,0.914444444444,0.0066559300517,0.914444444444,0.0066559300517
0.00173780082875,0.00173780082875,0.00173780082875,0.00173780082875,0.00173780082875,0.00173780082875,0.00173780082875,0.00173780082875,0.00173780082875,0.00173780082875,0.00173780082875,0.00173780082875,0.00173780082875,0.00173780082875,0.00173780082875,0.00173780082875,0.00173780082875,0.00173780082875,10,X125 X135 X136 X146,0.578733333333,0.0100380120454,0.578733333333,0.0100380120454
0.00173780082875,0.00173780082875,0.00173780082875,0.00173780082875,0.00173780082875,0.00173780082875,0.00173780082875,0.00173780082875,0.00173780082875,0.00173780082875,0.00173780082875,0.00173780082875,0.00173780082875,0.00173780082875,0.00173780082875,0.00173780082875,0.00173780082875,0.00173780082875,10,X13 X23 X24 X34,0.916288888889,0.00686974227145,0.916288888889,0.00686974227145
0.00173780082875,0.00173780082875,0.00173780082875,0.00173780082875,0.00173780082875,0.00173780082875,0.00173780082875,0.00173780082875,0.00173780082875,0.00173780082875,0.00173780082875,0.00173780082875,0.00173780082875,0.00173780082875,0.00173780082875,0.00173780082875,0.00173780082875,0.00173780082875,10,X137 X147 X148 X158,0.913644444444,0.00904265470351,0.913644444444,0.00904265470351
0.00173780082875,0.00173780082875,0.00173780082875,0.00173780082875,0.00173780082875,0.00173780082875,0.00173780082875,0.00173780082875,0.00173780082875,0.00173780082875,0.00173780082875,0.00173780082875,0.00173780082875,0.00173780082875,0.00173780082875,0.00173780082875,0.00173780082875,0.00173780082875,10,X138 X148 X149 X159,0.915222222222,0.00716330224868,0.915222222222,0.00716330224868
0.00173780082875,0.00173780082875,0.00173780082875,0.00173780082875,0.00173780082875,0.00173780082875,0.00173780082875,0.00173780082875,0.00173780082875,0.00173780082875,0.00173780082875,0.00173780082875,0.00173780082875,0.00173780082875,0.00173780082875,0.00173780082875,0.00173780082875,0.00173780082875,10,X139 X149 X150 X160,0.915866666667,0.00852204713413,0.915866666667,0.00852204713413
0.00173780082875,0.00173780082875,0.00173780082875,0.00173780082875,0.00173780082875,0.00173780082875,0.00173780082875,0.00173780082875,0.00173780082875,0.00173780082875,0.00173780082875,0.00173780082875,0.00173780082875,0.00173780082875,0.00173780082875,0.00173780082875,0.00173780082875,0.00173780082875,10,X14 X24 X25 X35,0.916466666667,0.00673789534769,0.916466666667,0.00673789534769
0.00173780082875,0.00173780082875,0.00173780082875,0.00173780082875,0.00173780082875,0.00173780082875,0.00173780082875,0.00173780082875,0.00173780082875,0.00173780082875,0.00173780082875,0.00173780082875,0.00173780082875,0.00173780082875,0.00173780082875,0.00173780082875,0.00173780082875,0.00173780082875,10,X140 X150 X151 X161,0.915422222222,0.00588714642044,0.915422222222,0.00588714642044
0.00173780082875,0.00173780082875,0.00173780082875,0.00173780082875,0.00173780082875,0.00173780082875,0.00173780082875,0.00173780082875,0.00173780082875,0.00173780082875,0.00173780082875,0.00173780082875,0.00173780082875,0.00173780082875,0.00173780082875,0.00173780082875,0.00173780082875,0.00173780082875,10,X141 X151 X152 X162,0.915022222222,0.00752972822564,0.915022222222,0.00752972822564
0.00173780082875,0.00173780082875,0.00173780082875,0.00173780082875,0.00173780082875,0.00173780082875,0.00173780082875,0.00173780082875,0.00173780082875,0.00173780082875,0.00173780082875,0.00173780082875,0.00173780082875,0.00173780082875,0.00173780082875,0.00173780082875,0.00173780082875,0.00173780082875,10,X142 X152 X153 X163,0.915911111111,0.00630449169887,0.915911111111,0.00630449169887
0.00173780082875,0.00173780082875,0.00173780082875,0.00173780082875,0.00173780082875,0.00173780082875,0.00173780082875,0.00173780082875,0.00173780082875,0.00173780082875,0.00173780082875,0.00173780082875,0.00173780082875,0.00173780082875,0.00173780082875,0.00173780082875,0.00173780082875,0.00173780082875,10,X143 X153 X154 X164,0.915066666667,0.00679779094161,0.915066666667,0.00679779094161
0.00173780082875,0.00173780082875,0.00173780082875,0.00173780082875,0.00173780082875,0.00173780082875,0.00173780082875,0.00173780082875,0.00173780082875,0.00173780082875,0.00173780082875,0.00173780082875,0.00173780082875,0.00173780082875,0.00173780082875,0.00173780082875,0.00173780082875,0.00173780082875,10,X144 X154 X155 X165,0.915577777778,0.00808097587774,0.915577777778,0.00808097587774
0.00173780082875,0.00173780082875,0.00173780082875,0.00173780082875,0.00173780082875,0.00173780082875,0.00173780082875,0.00173780082875,0.00173780082875,0.00173780082875,0.00173780082875,0.00173780082875,0.00173780082875,0.00173780082875,0.00173780082875,0.00173780082875,0.00173780082875,0.00173780082875,10,X145 X155 X156 X166,0.9138,0.00762160671308,0.9138,0.00762160671308
0.00173780082875,0.00173780082875,0.00173780082875,0.00173780082875,0.00173780082875,0.00173780082875,0.00173780082875,0.00173780082875,0.00173780082875,0.00173780082875,0.00173780082875,0.00173780082875,0.00173780082875,0.00173780082875,0.00173780082875,0.00173780082875,0.00173780082875,0.00173780082875,10,X146 X156 X157 X167,0.572466666667,0.0162811975799,0.572466666667,0.0162811975799
0.00173780082875,0.00173780082875,0.00173780082875,0.00173780082875,0.00173780082875,0.00173780082875,0.00173780082875,0.00173780082875,0.00173780082875,0.00173780082875,0.00173780082875,0.00173780082875,0.00173780082875,0.00173780082875,0.00173780082875,0.00173780082875,0.00173780082875,0.00173780082875,10,X15 X25 X26 X36,0.915844444444,0.00720085847018,0.915844444444,0.00720085847018
0.00173780082875,0.00173780082875,0.00173780082875,0.00173780082875,0.00173780082875,0.00173780082875,0.00173780082875,0.00173780082875,0.00173780082875,0.00173780082875,0.00173780082875,0.00173780082875,0.00173780082875,0.00173780082875,0.00173780082875,0.00173780082875,0.00173780082875,0.00173780082875,10,X158 X168 X169 X179,0.914333333333,0.00682512823901,0.914333333333,0.00682512823901
0.00173780082875,0.00173780082875,0.00173780082875,0.00173780082875,0.00173780082875,0.00173780082875,0.00173780082875,0.00173780082875,0.00173780082875,0.00173780082875,0.00173780082875,0.00173780082875,0.00173780082875,0.00173780082875,0.00173780082875,0.00173780082875,0.00173780082875,0.00173780082875,10,X159 X169 X170 X180,0.912933333333,0.00705229508035,0.912933333333,0.00705229508035
0.00173780082875,0.00173780082875,0.00173780082875,0.00173780082875,0.00173780082875,0.00173780082875,0.00173780082875,0.00173780082875,0.00173780082875,0.00173780082875,0.00173780082875,0.00173780082875,0.00173780082875,0.00173780082875,0.00173780082875,0.00173780082875,0.00173780082875,0.00173780082875,10,X16 X26 X27 X37,0.916977777778,0.00692761331983,0.916977777778,0.00692761331983
0.00173780082875,0.00173780082875,0.00173780082875,0.00173780082875,0.00173780082875,0.00173780082875,0.00173780082875,0.00173780082875,0.00173780082875,0.00173780082875,0.00173780082875,0.00173780082875,0.00173780082875,0.00173780082875,0.00173780082875,0.00173780082875,0.00173780082875,0.00173780082875,10,X160 X170 X171 X181,0.915066666667,0.00794540759909,0.915066666667,0.00794540759909
0.00173780082875,0.00173780082875,0.00173780082875,0.00173780082875,0.00173780082875,0.00173780082875,0.00173780082875,0.00173780082875,0.00173780082875,0.00173780082875,0.00173780082875,0.00173780082875,0.00173780082875,0.00173780082875,0.00173780082875,0.00173780082875,0.00173780082875,0.00173780082875,10,X161 X171 X172 X182,0.914777777778,0.00655324980556,0.914777777778,0.00655324980556
0.00173780082875,0.00173780082875,0.00173780082875,0.00173780082875,0.00173780082875,0.00173780082875,0.00173780082875,0.00173780082875,0.00173780082875,0.00173780082875,0.00173780082875,0.00173780082875,0.00173780082875,0.00173780082875,0.00173780082875,0.00173780082875,0.00173780082875,0.00173780082875,10,X162 X172 X173 X183,0.915022222222,0.00882478803033,0.915022222222,0.00882478803033
0.00173780082875,0.00173780082875,0.00173780082875,0.00173780082875,0.00173780082875,0.00173780082875,0.00173780082875,0.00173780082875,0.00173780082875,0.00173780082875,0.00173780082875,0.00173780082875,0.00173780082875,0.00173780082875,0.00173780082875,0.00173780082875,0.00173780082875,0.00173780082875,10,X163 X173 X174 X184,0.913222222222,0.00709666876324,0.913222222222,0.00709666876324
0.00173780082875,0.00173780082875,0.00173780082875,0.00173780082875,0.00173780082875,0.00173780082875,0.00173780082875,0.00173780082875,0.00173780082875,0.00173780082875,0.00173780082875,0.00173780082875,0.00173780082875,0.00173780082875,0.00173780082875,0.00173780082875,0.00173780082875,0.00173780082875,10,X164 X174 X175 X185,0.914088888889,0.00640098970636,0.914088888889,0.00640098970636
0.00173780082875,0.00173780082875,0.00173780082875,0.00173780082875,0.00173780082875,0.00173780082875,0.00173780082875,0.00173780082875,0.00173780082875,0.00173780082875,0.00173780082875,0.00173780082875,0.00173780082875,0.00173780082875,0.00173780082875,0.00173780082875,0.00173780082875,0.00173780082875,10,X165 X175 X176 X186,0.914511111111,0.00723483131548,0.914511111111,0.00723483131548
0.00173780082875,0.00173780082875,0.00173780082875,0.00173780082875,0.00173780082875,0.00173780082875,0.00173780082875,0.00173780082875,0.00173780082875,0.00173780082875,0.00173780082875,0.00173780082875,0.00173780082875,0.00173780082875,0.00173780082875,0.00173780082875,0.00173780082875,0.00173780082875,10,X166 X176 X177 X187,0.9136,0.00665193775242,0.9136,0.00665193775242
0.00173780082875,0.00173780082875,0.00173780082875,0.00173780082875,0.00173780082875,0.00173780082875,0.00173780082875,0.00173780082875,0.00173780082875,0.00173780082875,0.00173780082875,0.00173780082875,0.00173780082875,0.00173780082875,0.00173780082875,0.00173780082875,0.00173780082875,0.00173780082875,10,X167 X177 X178 X188,0.569755555556,0.0122958215914,0.569755555556,0.0122958215914
0.00173780082875,0.00173780082875,0.00173780082875,0.00173780082875,0.00173780082875,0.00173780082875,0.00173780082875,0.00173780082875,0.00173780082875,0.00173780082875,0.00173780082875,0.00173780082875,0.00173780082875,0.00173780082875,0.00173780082875,0.00173780082875,0.00173780082875,0.00173780082875,10,X17 X27 X28 X38,0.915888888889,0.00692838756699,0.915888888889,0.00692838756699
0.00173780082875,0.00173780082875,0.00173780082875,0.00173780082875,0.00173780082875,0.00173780082875,0.00173780082875,0.00173780082875,0.00173780082875,0.00173780082875,0.00173780082875,0.00173780082875,0.00173780082875,0.00173780082875,0.00173780082875,0.00173780082875,0.00173780082875,0.00173780082875,10,X179 X189 X190 X200,0.916333333333,0.00725189894539,0.916333333333,0.00725189894539
0.00173780082875,0.00173780082875,0.00173780082875,0.00173780082875,0.00173780082875,0.00173780082875,0.00173780082875,0.00173780082875,0.00173780082875,0.00173780082875,0.00173780082875,0.00173780082875,0.00173780082875,0.00173780082875,0.00173780082875,0.00173780082875,0.00173780082875,0.00173780082875,10,X18 X28 X29 X39,0.915955555556,0.00819107697546,0.915955555556,0.00819107697546
0.00173780082875,0.00173780082875,0.00173780082875,0.00173780082875,0.00173780082875,0.00173780082875,0.00173780082875,0.00173780082875,0.00173780082875,0.00173780082875,0.00173780082875,0.00173780082875,0.00173780082875,0.00173780082875,0.00173780082875,0.00173780082875,0.00173780082875,0.00173780082875,10,X180 X190 X191 X201,0.917444444444,0.00865708282356,0.917444444444,0.00865708282356
0.00173780082875,0.00173780082875,0.00173780082875,0.00173780082875,0.00173780082875,0.00173780082875,0.00173780082875,0.00173780082875,0.00173780082875,0.00173780082875,0.00173780082875,0.00173780082875,0.00173780082875,0.00173780082875,0.00173780082875,0.00173780082875,0.00173780082875,0.00173780082875,10,X181 X191 X192 X202,0.918111111111,0.00517015702151,0.918111111111,0.00517015702151
0.00173780082875,0.00173780082875,0.00173780082875,0.00173780082875,0.00173780082875,0.00173780082875,0.00173780082875,0.00173780082875,0.00173780082875,0.00173780082875,0.00173780082875,0.00173780082875,0.00173780082875,0.00173780082875,0.00173780082875,0.00173780082875,0.00173780082875,0.00173780082875,10,X182 X192 X193 X203,0.913866666667,0.00499317541914,0.913866666667,0.00499317541914
0.00173780082875,0.00173780082875,0.00173780082875,0.00173780082875,0.00173780082875,0.00173780082875,0.00173780082875,0.00173780082875,0.00173780082875,0.00173780082875,0.00173780082875,0.00173780082875,0.00173780082875,0.00173780082875,0.00173780082875,0.00173780082875,0.00173780082875,0.00173780082875,10,X183 X193 X194 X204,0.915111111111,0.00855602824987,0.915111111111,0.00855602824987
0.00173780082875,0.00173780082875,0.00173780082875,0.00173780082875,0.00173780082875,0.00173780082875,0.00173780082875,0.00173780082875,0.00173780082875,0.00173780082875,0.00173780082875,0.00173780082875,0.00173780082875,0.00173780082875,0.00173780082875,0.00173780082875,0.00173780082875,0.00173780082875,10,X184 X194 X195 X205,0.9172,0.00801225115572,0.9172,0.00801225115572
0.00173780082875,0.00173780082875,0.00173780082875,0.00173780082875,0.00173780082875,0.00173780082875,0.00173780082875,0.00173780082875,0.00173780082875,0.00173780082875,0.00173780082875,0.00173780082875,0.00173780082875,0.00173780082875,0.00173780082875,0.00173780082875,0.00173780082875,0.00173780082875,10,X185 X195 X196 X206,0.915644444444,0.00620649353027,0.915644444444,0.00620649353027
0.00173780082875,0.00173780082875,0.00173780082875,0.00173780082875,0.00173780082875,0.00173780082875,0.00173780082875,0.00173780082875,0.00173780082875,0.00173780082875,0.00173780082875,0.00173780082875,0.00173780082875,0.00173780082875,0.00173780082875,0.00173780082875,0.00173780082875,0.00173780082875,10,X186 X196 X197 X207,0.914155555556,0.00785634103819,0.914155555556,0.00785634103819
0.00173780082875,0.00173780082875,0.00173780082875,0.00173780082875,0.00173780082875,0.00173780082875,0.00173780082875,0.00173780082875,0.00173780082875,0.00173780082875,0.00173780082875,0.00173780082875,0.00173780082875,0.00173780082875,0.00173780082875,0.00173780082875,0.00173780082875,0.00173780082875,10,X187 X197 X198 X208,0.916333333333,0.00888884099604,0.916333333333,0.00888884099604
0.00173780082875,0.00173780082875,0.00173780082875,0.00173780082875,0.00173780082875,0.00173780082875,0.00173780082875,0.00173780082875,0.00173780082875,0.00173780082875,0.00173780082875,0.00173780082875,0.00173780082875,0.00173780082875,0.00173780082875,0.00173780082875,0.00173780082875,0.00173780082875,10,X188 X198 X199 X209,0.569711111111,0.0159421207273,0.569711111111,0.0159421207273
0.00173780082875,0.00173780082875,0.00173780082875,0.00173780082875,0.00173780082875,0.00173780082875,0.00173780082875,0.00173780082875,0.00173780082875,0.00173780082875,0.00173780082875,0.00173780082875,0.00173780082875,0.00173780082875,0.00173780082875,0.00173780082875,0.00173780082875,0.00173780082875,10,X19 X29 X30 X40,0.915733333333,0.00792802874911,0.915733333333,0.00792802874911
0.00173780082875,0.00173780082875,0.00173780082875,0.00173780082875,0.00173780082875,0.00173780082875,0.00173780082875,0.00173780082875,0.00173780082875,0.00173780082875,0.00173780082875,0.00173780082875,0.00173780082875,0.00173780082875,0.00173780082875,0.00173780082875,0.00173780082875,0.00173780082875,10,X2 X3 X13,0.831511111111,0.00943448201176,0.831511111111,0.00943448201176
0.00173780082875,0.00173780082875,0.00173780082875,0.00173780082875,0.00173780082875,0.00173780082875,0.00173780082875,0.00173780082875,0.00173780082875,0.00173780082875,0.00173780082875,0.00173780082875,0.00173780082875,0.00173780082875,0.00173780082875,0.00173780082875,0.00173780082875,0.00173780082875,10,X20 X30 X31 X41,0.589244444444,0.0144505851963,0.589244444444,0.0144505851963
0.00173780082875,0.00173780082875,0.00173780082875,0.00173780082875,0.00173780082875,0.00173780082875,0.00173780082875,0.00173780082875,0.00173780082875,0.00173780082875,0.00173780082875,0.00173780082875,0.00173780082875,0.00173780082875,0.00173780082875,0.00173780082875,0.00173780082875,0.00173780082875,10,X200 X210 X211,0.925066666667,0.00683376785835,0.925066666667,0.00683376785835
0.00173780082875,0.00173780082875,0.00173780082875,0.00173780082875,0.00173780082875,0.00173780082875,0.00173780082875,0.00173780082875,0.00173780082875,0.00173780082875,0.00173780082875,0.00173780082875,0.00173780082875,0.00173780082875,0.00173780082875,0.00173780082875,0.00173780082875,0.00173780082875,10,X201 X211 X212,0.926711111111,0.00711144635225,0.926711111111,0.00711144635225
0.00173780082875,0.00173780082875,0.00173780082875,0.00173780082875,0.00173780082875,0.00173780082875,0.00173780082875,0.00173780082875,0.00173780082875,0.00173780082875,0.00173780082875,0.00173780082875,0.00173780082875,0.00173780082875,0.00173780082875,0.00173780082875,0.00173780082875,0.00173780082875,10,X202 X212 X213,0.928066666667,0.00741821306363,0.928066666667,0.00741821306363
0.00173780082875,0.00173780082875,0.00173780082875,0.00173780082875,0.00173780082875,0.00173780082875,0.00173780082875,0.00173780082875,0.00173780082875,0.00173780082875,0.00173780082875,0.00173780082875,0.00173780082875,0.00173780082875,0.00173780082875,0.00173780082875,0.00173780082875,0.00173780082875,10,X203 X213 X214,0.9276,0.00858333054347,0.9276,0.00858333054347
0.00173780082875,0.00173780082875,0.00173780082875,0.00173780082875,0.00173780082875,0.00173780082875,0.00173780082875,0.00173780082875,0.00173780082875,0.00173780082875,0.00173780082875,0.00173780082875,0.00173780082875,0.00173780082875,0.00173780082875,0.00173780082875,0.00173780082875,0.00173780082875,10,X204 X214 X215,0.9264,0.00644362526171,0.9264,0.00644362526171
0.00173780082875,0.00173780082875,0.00173780082875,0.00173780082875,0.00173780082875,0.00173780082875,0.00173780082875,0.00173780082875,0.00173780082875,0.00173780082875,0.00173780082875,0.00173780082875,0.00173780082875,0.00173780082875,0.00173780082875,0.00173780082875,0.00173780082875,0.00173780082875,10,X205 X215 X216,0.923377777778,0.0073405050268,0.923377777778,0.0073405050268
0.00173780082875,0.00173780082875,0.00173780082875,0.00173780082875,0.00173780082875,0.00173780082875,0.00173780082875,0.00173780082875,0.00173780082875,0.00173780082875,0.00173780082875,0.00173780082875,0.00173780082875,0.00173780082875,0.00173780082875,0.00173780082875,0.00173780082875,0.00173780082875,10,X206 X216 X217,0.930111111111,0.00650159622801,0.930111111111,0.00650159622801
0.00173780082875,0.00173780082875,0.00173780082875,0.00173780082875,0.00173780082875,0.00173780082875,0.00173780082875,0.00173780082875,0.00173780082875,0.00173780082875,0.00173780082875,0.00173780082875,0.00173780082875,0.00173780082875,0.00173780082875,0.00173780082875,0.00173780082875,0.00173780082875,10,X207 X217 X218,0.928533333333,0.00600229841035,0.928533333333,0.00600229841035
0.00173780082875,0.00173780082875,0.00173780082875,0.00173780082875,0.00173780082875,0.00173780082875,0.00173780082875,0.00173780082875,0.00173780082875,0.00173780082875,0.00173780082875,0.00173780082875,0.00173780082875,0.00173780082875,0.00173780082875,0.00173780082875,0.00173780082875,0.00173780082875,10,X208 X218 X219,0.927022222222,0.00544349823665,0.927022222222,0.00544349823665
0.00173780082875,0.00173780082875,0.00173780082875,0.00173780082875,0.00173780082875,0.00173780082875,0.00173780082875,0.00173780082875,0.00173780082875,0.00173780082875,0.00173780082875,0.00173780082875,0.00173780082875,0.00173780082875,0.00173780082875,0.00173780082875,0.00173780082875,0.00173780082875,10,X209 X219 X220,0.569444444444,0.0156259763424,0.569444444444,0.0156259763424
0.00173780082875,0.00173780082875,0.00173780082875,0.00173780082875,0.00173780082875,0.00173780082875,0.00173780082875,0.00173780082875,0.00173780082875,0.00173780082875,0.00173780082875,0.00173780082875,0.00173780082875,0.00173780082875,0.00173780082875,0.00173780082875,0.00173780082875,0.00173780082875,10,X3 X4 X14,0.791733333333,0.0118478217925,0.791733333333,0.0118478217925
0.00173780082875,0.00173780082875,0.00173780082875,0.00173780082875,0.00173780082875,0.00173780082875,0.00173780082875,0.00173780082875,0.00173780082875,0.00173780082875,0.00173780082875,0.00173780082875,0.00173780082875,0.00173780082875,0.00173780082875,0.00173780082875,0.00173780082875,0.00173780082875,10,X32 X42 X43 X53,0.913822222222,0.00705084616717,0.913822222222,0.00705084616717
0.00173780082875,0.00173780082875,0.00173780082875,0.00173780082875,0.00173780082875,0.00173780082875,0.00173780082875,0.00173780082875,0.00173780082875,0.00173780082875,0.00173780082875,0.00173780082875,0.00173780082875,0.00173780082875,0.00173780082875,0.00173780082875,0.00173780082875,0.00173780082875,10,X33 X43 X44 X54,0.916977777778,0.00669358549997,0.916977777778,0.00669358549997
0.00173780082875,0.00173780082875,0.00173780082875,0.00173780082875,0.00173780082875,0.00173780082875,0.00173780082875,0.00173780082875,0.00173780082875,0.00173780082875,0.00173780082875,0.00173780082875,0.00173780082875,0.00173780082875,0.00173780082875,0.00173780082875,0.00173780082875,0.00173780082875,10,X34 X44 X45 X55,0.914377777778,0.00738992445139,0.914377777778,0.00738992445139
0.00173780082875,0.00173780082875,0.00173780082875,0.00173780082875,0.00173780082875,0.00173780082875,0.00173780082875,0.00173780082875,0.00173780082875,0.00173780082875,0.00173780082875,0.00173780082875,0.00173780082875,0.00173780082875,0.00173780082875,0.00173780082875,0.00173780082875,0.00173780082875,10,X35 X45 X46 X56,0.914711111111,0.00909369422099,0.914711111111,0.00909369422099
0.00173780082875,0.00173780082875,0.00173780082875,0.00173780082875,0.00173780082875,0.00173780082875,0.00173780082875,0.00173780082875,0.00173780082875,0.00173780082875,0.00173780082875,0.00173780082875,0.00173780082875,0.00173780082875,0.00173780082875,0.00173780082875,0.00173780082875,0.00173780082875,10,X36 X46 X47 X57,0.914866666667,0.00806135476288,0.914866666667,0.00806135476288
0.00173780082875,0.00173780082875,0.00173780082875,0.00173780082875,0.00173780082875,0.00173780082875,0.00173780082875,0.00173780082875,0.00173780082875,0.00173780082875,0.00173780082875,0.00173780082875,0.00173780082875,0.00173780082875,0.00173780082875,0.00173780082875,0.00173780082875,0.00173780082875,10,X37 X47 X48 X58,0.913311111111,0.00708456491434,0.913311111111,0.00708456491434
0.00173780082875,0.00173780082875,0.00173780082875,0.00173780082875,0.00173780082875,0.00173780082875,0.00173780082875,0.00173780082875,0.00173780082875,0.00173780082875,0.00173780082875,0.00173780082875,0.00173780082875,0.00173780082875,0.00173780082875,0.00173780082875,0.00173780082875,0.00173780082875,10,X38 X48 X49 X59,0.917088888889,0.00865424987324,0.917088888889,0.00865424987324
0.00173780082875,0.00173780082875,0.00173780082875,0.00173780082875,0.00173780082875,0.00173780082875,0.00173780082875,0.00173780082875,0.00173780082875,0.00173780082875,0.00173780082875,0.00173780082875,0.00173780082875,0.00173780082875,0.00173780082875,0.00173780082875,0.00173780082875,0.00173780082875,10,X39 X49 X50 X60,0.915977777778,0.00765237715468,0.915977777778,0.00765237715468
0.00173780082875,0.00173780082875,0.00173780082875,0.00173780082875,0.00173780082875,0.00173780082875,0.00173780082875,0.00173780082875,0.00173780082875,0.00173780082875,0.00173780082875,0.00173780082875,0.00173780082875,0.00173780082875,0.00173780082875,0.00173780082875,0.00173780082875,0.00173780082875,10,X4 X5 X15,0.751244444444,0.00918558479747,0.751244444444,0.00918558479747
0.00173780082875,0.00173780082875,0.00173780082875,0.00173780082875,0.00173780082875,0.00173780082875,0.00173780082875,0.00173780082875,0.00173780082875,0.00173780082875,0.00173780082875,0.00173780082875,0.00173780082875,0.00173780082875,0.00173780082875,0.00173780082875,0.00173780082875,0.00173780082875,10,X40 X50 X51 X61,0.914688888889,0.00773603467154,0.914688888889,0.00773603467154
0.00173780082875,0.00173780082875,0.00173780082875,0.00173780082875,0.00173780082875,0.00173780082875,0.00173780082875,0.00173780082875,0.00173780082875,0.00173780082875,0.00173780082875,0.00173780082875,0.00173780082875,0.00173780082875,0.00173780082875,0.00173780082875,0.00173780082875,0.00173780082875,10,X41 X51 X52 X62,0.5826,0.0137902736561,0.5826,0.0137902736561
0.00173780082875,0.00173780082875,0.00173780082875,0.00173780082875,0.00173780082875,0.00173780082875,0.00173780082875,0.00173780082875,0.00173780082875,0.00173780082875,0.00173780082875,0.00173780082875,0.00173780082875,0.00173780082875,0.00173780082875,0.00173780082875,0.00173780082875,0.00173780082875,10,X5 X6 X16,0.714911111111,0.0136855583847,0.714911111111,0.0136855583847
0.00173780082875,0.00173780082875,0.00173780082875,0.00173780082875,0.00173780082875,0.00173780082875,0.00173780082875,0.00173780082875,0.00173780082875,0.00173780082875,0.00173780082875,0.00173780082875,0.00173780082875,0.00173780082875,0.00173780082875,0.00173780082875,0.00173780082875,0.00173780082875,10,X53 X63 X64 X74,0.915666666667,0.00769883307075,0.915666666667,0.00769883307075
0.00173780082875,0.00173780082875,0.00173780082875,0.00173780082875,0.00173780082875,0.00173780082875,0.00173780082875,0.00173780082875,0.00173780082875,0.00173780082875,0.00173780082875,0.00173780082875,0.00173780082875,0.00173780082875,0.00173780082875,0.00173780082875,0.00173780082875,0.00173780082875,10,X54 X64 X65 X75,0.915,0.00706130787925,0.915,0.00706130787925
0.00173780082875,0.00173780082875,0.00173780082875,0.00173780082875,0.00173780082875,0.00173780082875,0.00173780082875,0.00173780082875,0.00173780082875,0.00173780082875,0.00173780082875,0.00173780082875,0.00173780082875,0.00173780082875,0.00173780082875,0.00173780082875,0.00173780082875,0.00173780082875,10,X55 X65 X66 X76,0.914177777778,0.00644679571323,0.914177777778,0.00644679571323
0.00173780082875,0.00173780082875,0.00173780082875,0.00173780082875,0.00173780082875,0.00173780082875,0.00173780082875,0.00173780082875,0.00173780082875,0.00173780082875,0.00173780082875,0.00173780082875,0.00173780082875,0.00173780082875,0.00173780082875,0.00173780082875,0.00173780082875,0.00173780082875,10,X56 X66 X67 X77,0.912688888889,0.00625752165533,0.912688888889,0.00625752165533
0.00173780082875,0.00173780082875,0.00173780082875,0.00173780082875,0.00173780082875,0.00173780082875,0.00173780082875,0.00173780082875,0.00173780082875,0.00173780082875,0.00173780082875,0.00173780082875,0.00173780082875,0.00173780082875,0.00173780082875,0.00173780082875,0.00173780082875,0.00173780082875,10,X57 X67 X68 X78,0.914955555556,0.00639368302553,0.914955555556,0.00639368302553
0.00173780082875,0.00173780082875,0.00173780082875,0.00173780082875,0.00173780082875,0.00173780082875,0.00173780082875,0.00173780082875,0.00173780082875,0.00173780082875,0.00173780082875,0.00173780082875,0.00173780082875,0.00173780082875,0.00173780082875,0.00173780082875,0.00173780082875,0.00173780082875,10,X58 X68 X69 X79,0.918288888889,0.00903748402471,0.918288888889,0.00903748402471
0.00173780082875,0.00173780082875,0.00173780082875,0.00173780082875,0.00173780082875,0.00173780082875,0.00173780082875,0.00173780082875,0.00173780082875,0.00173780082875,0.00173780082875,0.00173780082875,0.00173780082875,0.00173780082875,0.00173780082875,0.00173780082875,0.00173780082875,0.00173780082875,10,X59 X69 X70 X80,0.9138,0.00772149311589,0.9138,0.00772149311589
0.00173780082875,0.00173780082875,0.00173780082875,0.00173780082875,0.00173780082875,0.00173780082875,0.00173780082875,0.00173780082875,0.00173780082875,0.00173780082875,0.00173780082875,0.00173780082875,0.00173780082875,0.00173780082875,0.00173780082875,0.00173780082875,0.00173780082875,0.00173780082875,10,X6 X7 X17,0.676822222222,0.0125282006283,0.676822222222,0.0125282006283
0.00173780082875,0.00173780082875,0.00173780082875,0.00173780082875,0.00173780082875,0.00173780082875,0.00173780082875,0.00173780082875,0.00173780082875,0.00173780082875,0.00173780082875,0.00173780082875,0.00173780082875,0.00173780082875,0.00173780082875,0.00173780082875,0.00173780082875,0.00173780082875,10,X60 X70 X71 X81,0.915955555556,0.00660415133191,0.915955555556,0.00660415133191
0.00173780082875,0.00173780082875,0.00173780082875,0.00173780082875,0.00173780082875,0.00173780082875,0.00173780082875,0.00173780082875,0.00173780082875,0.00173780082875,0.00173780082875,0.00173780082875,0.00173780082875,0.00173780082875,0.00173780082875,0.00173780082875,0.00173780082875,0.00173780082875,10,X61 X71 X72 X82,0.916266666667,0.00570433726225,0.916266666667,0.00570433726225
0.00173780082875,0.00173780082875,0.00173780082875,0.00173780082875,0.00173780082875,0.00173780082875,0.00173780082875,0.00173780082875,0.00173780082875,0.00173780082875,0.00173780082875,0.00173780082875,0.00173780082875,0.00173780082875,0.00173780082875,0.00173780082875,0.00173780082875,0.00173780082875,10,X62 X72 X73 X83,0.585088888889,0.0168076641279,0.585088888889,0.0168076641279
0.00173780082875,0.00173780082875,0.00173780082875,0.00173780082875,0.00173780082875,0.00173780082875,0.00173780082875,0.00173780082875,0.00173780082875,0.00173780082875,0.00173780082875,0.00173780082875,0.00173780082875,0.00173780082875,0.00173780082875,0.00173780082875,0.00173780082875,0.00173780082875,10,X7 X8 X18,0.643866666667,0.012948941879,0.643866666667,0.012948941879
0.00173780082875,0.00173780082875,0.00173780082875,0.00173780082875,0.00173780082875,0.00173780082875,0.00173780082875,0.00173780082875,0.00173780082875,0.00173780082875,0.00173780082875,0.00173780082875,0.00173780082875,0.00173780082875,0.00173780082875,0.00173780082875,0.00173780082875,0.00173780082875,10,X74 X84 X85 X95,0.913511111111,0.0076312190684,0.913511111111,0.0076312190684
0.00173780082875,0.00173780082875,0.00173780082875,0.00173780082875,0.00173780082875,0.00173780082875,0.00173780082875,0.00173780082875,0.00173780082875,0.00173780082875,0.00173780082875,0.00173780082875,0.00173780082875,0.00173780082875,0.00173780082875,0.00173780082875,0.00173780082875,0.00173780082875,10,X75 X85 X86 X96,0.916222222222,0.00699498086799,0.916222222222,0.00699498086799
0.00173780082875,0.00173780082875,0.00173780082875,0.00173780082875,0.00173780082875,0.00173780082875,0.00173780082875,0.00173780082875,0.00173780082875,0.00173780082875,0.00173780082875,0.00173780082875,0.00173780082875,0.00173780082875,0.00173780082875,0.00173780082875,0.00173780082875,0.00173780082875,10,X76 X86 X87 X97,0.914911111111,0.00760012771285,0.914911111111,0.00760012771285
0.00173780082875,0.00173780082875,0.00173780082875,0.00173780082875,0.00173780082875,0.00173780082875,0.00173780082875,0.00173780082875,0.00173780082875,0.00173780082875,0.00173780082875,0.00173780082875,0.00173780082875,0.00173780082875,0.00173780082875,0.00173780082875,0.00173780082875,0.00173780082875,10,X77 X87 X88 X98,0.916244444444,0.00745763684969,0.916244444444,0.00745763684969
0.00173780082875,0.00173780082875,0.00173780082875,0.00173780082875,0.00173780082875,0.00173780082875,0.00173780082875,0.00173780082875,0.00173780082875,0.00173780082875,0.00173780082875,0.00173780082875,0.00173780082875,0.00173780082875,0.00173780082875,0.00173780082875,0.00173780082875,0.00173780082875,10,X78 X88 X89 X99,0.913933333333,0.00886051986401,0.913933333333,0.00886051986401
0.00173780082875,0.00173780082875,0.00173780082875,0.00173780082875,0.00173780082875,0.00173780082875,0.00173780082875,0.00173780082875,0.00173780082875,0.00173780082875,0.00173780082875,0.00173780082875,0.00173780082875,0.00173780082875,0.00173780082875,0.00173780082875,0.00173780082875,0.00173780082875,10,X79 X89 X90 X100,0.917222222222,0.0059476215236,0.917222222222,0.0059476215236
0.00173780082875,0.00173780082875,0.00173780082875,0.00173780082875,0.00173780082875,0.00173780082875,0.00173780082875,0.00173780082875,0.00173780082875,0.00173780082875,0.00173780082875,0.00173780082875,0.00173780082875,0.00173780082875,0.00173780082875,0.00173780082875,0.00173780082875,0.00173780082875,10,X8 X9 X19,0.612644444444,0.0156929184149,0.612644444444,0.0156929184149
0.00173780082875,0.00173780082875,0.00173780082875,0.00173780082875,0.00173780082875,0.00173780082875,0.00173780082875,0.00173780082875,0.00173780082875,0.00173780082875,0.00173780082875,0.00173780082875,0.00173780082875,0.00173780082875,0.00173780082875,0.00173780082875,0.00173780082875,0.00173780082875,10,X80 X90 X91 X101,0.916111111111,0.00772136079431,0.916111111111,0.00772136079431
0.00173780082875,0.00173780082875,0.00173780082875,0.00173780082875,0.00173780082875,0.00173780082875,0.00173780082875,0.00173780082875,0.00173780082875,0.00173780082875,0.00173780082875,0.00173780082875,0.00173780082875,0.00173780082875,0.00173780082875,0.00173780082875,0.00173780082875,0.00173780082875,10,X81 X91 X92 X102,0.916355555556,0.00889053624582,0.916355555556,0.00889053624582
0.00173780082875,0.00173780082875,0.00173780082875,0.00173780082875,0.00173780082875,0.00173780082875,0.00173780082875,0.00173780082875,0.00173780082875,0.00173780082875,0.00173780082875,0.00173780082875,0.00173780082875,0.00173780082875,0.00173780082875,0.00173780082875,0.00173780082875,0.00173780082875,10,X82 X92 X93 X103,0.917133333333,0.00674244291029,0.917133333333,0.00674244291029
0.00173780082875,0.00173780082875,0.00173780082875,0.00173780082875,0.00173780082875,0.00173780082875,0.00173780082875,0.00173780082875,0.00173780082875,0.00173780082875,0.00173780082875,0.00173780082875,0.00173780082875,0.00173780082875,0.00173780082875,0.00173780082875,0.00173780082875,0.00173780082875,10,X83 X93 X94 X104,0.582955555556,0.011559850366,0.582955555556,0.011559850366
0.00173780082875,0.00173780082875,0.00173780082875,0.00173780082875,0.00173780082875,0.00173780082875,0.00173780082875,0.00173780082875,0.00173780082875,0.00173780082875,0.00173780082875,0.00173780082875,0.00173780082875,0.00173780082875,0.00173780082875,0.00173780082875,0.00173780082875,0.00173780082875,10,X9 X10 X20,0.595533333333,0.0108816693558,0.595533333333,0.0108816693558
0.00173780082875,0.00173780082875,0.00173780082875,0.00173780082875,0.00173780082875,0.00173780082875,0.00173780082875,0.00173780082875,0.00173780082875,0.00173780082875,0.00173780082875,0.00173780082875,0.00173780082875,0.00173780082875,0.00173780082875,0.00173780082875,0.00173780082875,0.00173780082875,10,X95 X105 X106 X116,0.915733333333,0.00864027812806,0.915733333333,0.00864027812806
0.00173780082875,0.00173780082875,0.00173780082875,0.00173780082875,0.00173780082875,0.00173780082875,0.00173780082875,0.00173780082875,0.00173780082875,0.00173780082875,0.00173780082875,0.00173780082875,0.00173780082875,0.00173780082875,0.00173780082875,0.00173780082875,0.00173780082875,0.00173780082875,10,X96 X106 X107 X117,0.917266666667,0.00696647692642,0.917266666667,0.00696647692642
0.00173780082875,0.00173780082875,0.00173780082875,0.00173780082875,0.00173780082875,0.00173780082875,0.00173780082875,0.00173780082875,0.00173780082875,0.00173780082875,0.00173780082875,0.00173780082875,0.00173780082875,0.00173780082875,0.00173780082875,0.00173780082875,0.00173780082875,0.00173780082875,10,X97 X107 X108 X118,0.914355555556,0.00653369300754,0.914355555556,0.00653369300754
0.00173780082875,0.00173780082875,0.00173780082875,0.00173780082875,0.00173780082875,0.00173780082875,0.00173780082875,0.00173780082875,0.00173780082875,0.00173780082875,0.00173780082875,0.00173780082875,0.00173780082875,0.00173780082875,0.00173780082875,0.00173780082875,0.00173780082875,0.00173780082875,10,X98 X108 X109 X119,0.912466666667,0.00613550686125,0.912466666667,0.00613550686125
0.00173780082875,0.00173780082875,0.00173780082875,0.00173780082875,0.00173780082875,0.00173780082875,0.00173780082875,0.00173780082875,0.00173780082875,0.00173780082875,0.00173780082875,0.00173780082875,0.00173780082875,0.00173780082875,0.00173780082875,0.00173780082875,0.00173780082875,0.00173780082875,10,X99 X109 X110 X120,0.916555555556,0.00641856343563,0.916555555556,0.00641856343563
0.00173780082875,0.00173780082875,0.00173780082875,0.00173780082875,0.00173780082875,0.00173780082875,0.00173780082875,0.00173780082875,0.00173780082875,0.00173780082875,0.00173780082875,0.00173780082875,0.00173780082875,0.00173780082875,0.00173780082875,0.00173780082875,0.00173780082875,0.00173780082875,10,Z0 Z11 Z21,0.943044444444,0.00719660058816,0.943044444444,0.00719660058816
0.00173780082875,0.00173780082875,0.00173780082875,0.00173780082875,0.00173780082875,0.00173780082875,0.00173780082875,0.00173780082875,0.00173780082875,0.00173780082875,0.00173780082875,0.00173780082875,0.00173780082875,0.00173780082875,0.00173780082875,0.00173780082875,0.00173780082875,0.00173780082875,10,Z1 Z11 Z12 Z22,0.898622222222,0.00907006922857,0.898622222222,0.00907006922857
0.00173780082875,0.00173780082875,0.00173780082875,0.00173780082875,0.00173780082875,0.00173780082875,0.00173780082875,0.00173780082875,0.00173780082875,0.00173780082875,0.00173780082875,0.00173780082875,0.00173780082875,0.00173780082875,0.00173780082875,0.00173780082875,0.00173780082875,0.00173780082875,10,Z10 Z20 Z31,0.740355555556,0.0142809610775,0.740355555556,0.0142809610775
0.00173780082875,0.00173780082875,0.00173780082875,0.00173780082875,0.00173780082875,0.00173780082875,0.00173780082875,0.00173780082875,0.00173780082875,0.00173780082875,0.00173780082875,0.00173780082875,0.00173780082875,0.00173780082875,0.00173780082875,0.00173780082875,0.00173780082875,0.00173780082875,10,Z105 Z116 Z126,0.933111111111,0.00616586408778,0.933111111111,0.00616586408778
0.00173780082875,0.00173780082875,0.00173780082875,0.00173780082875,0.00173780082875,0.00173780082875,0.00173780082875,0.00173780082875,0.00173780082875,0.00173780082875,0.00173780082875,0.00173780082875,0.00173780082875,0.00173780082875,0.00173780082875,0.00173780082875,0.00173780082875,0.00173780082875,10,Z106 Z116 Z117 Z127,0.921311111111,0.00736249860415,0.921311111111,0.00736249860415
0.00173780082875,0.00173780082875,0.00173780082875,0.00173780082875,0.00173780082875,0.00173780082875,0.00173780082875,0.00173780082875,0.00173780082875,0.00173780082875,0.00173780082875,0.00173780082875,0.00173780082875,0.00173780082875,0.00173780082875,0.00173780082875,0.00173780082875,0.00173780082875,10,Z107 Z117 Z118 Z128,0.922311111111,0.00770874675292,0.922311111111,0.00770874675292
0.00173780082875,0.00173780082875,0.00173780082875,0.00173780082875,0.00173780082875,0.00173780082875,0.00173780082875,0.00173780082875,0.00173780082875,0.00173780082875,0.00173780082875,0.00173780082875,0.00173780082875,0.00173780082875,0.00173780082875,0.00173780082875,0.00173780082875,0.00173780082875,10,Z108 Z118 Z119 Z129,0.923311111111,0.00566087150144,0.923311111111,0.00566087150144
0.00173780082875,0.00173780082875,0.00173780082875,0.00173780082875,0.00173780082875,0.00173780082875,0.00173780082875,0.00173780082875,0.00173780082875,0.00173780082875,0.00173780082875,0.00173780082875,0.00173780082875,0.00173780082875,0.00173780082875,0.00173780082875,0.00173780082875,0.00173780082875,10,Z109 Z119 Z120 Z130,0.923555555556,0.00875434575534,0.923555555556,0.00875434575534
0.00173780082875,0.00173780082875,0.00173780082875,0.00173780082875,0.00173780082875,0.00173780082875,0.00173780082875,0.00173780082875,0.00173780082875,0.00173780082875,0.00173780082875,0.00173780082875,0.00173780082875,0.00173780082875,0.00173780082875,0.00173780082875,0.00173780082875,0.00173780082875,10,Z110 Z120 Z121 Z131,0.923222222222,0.00788438163832,0.923222222222,0.00788438163832
0.00173780082875,0.00173780082875,0.00173780082875,0.00173780082875,0.00173780082875,0.00173780082875,0.00173780082875,0.00173780082875,0.00173780082875,0.00173780082875,0.00173780082875,0.00173780082875,0.00173780082875,0.00173780082875,0.00173780082875,0.00173780082875,0.00173780082875,0.00173780082875,10,Z111 Z121 Z122 Z132,0.923133333333,0.00620258257916,0.923133333333,0.00620258257916
0.00173780082875,0.00173780082875,0.00173780082875,0.00173780082875,0.00173780082875,0.00173780082875,0.00173780082875,0.00173780082875,0.00173780082875,0.00173780082875,0.00173780082875,0.00173780082875,0.00173780082875,0.00173780082875,0.00173780082875,0.00173780082875,0.00173780082875,0.00173780082875,10,Z112 Z122 Z123 Z133,0.9238,0.00800411771422,0.9238,0.00800411771422
0.00173780082875,0.00173780082875,0.00173780082875,0.00173780082875,0.00173780082875,0.00173780082875,0.00173780082875,0.00173780082875,0.00173780082875,0.00173780082875,0.00173780082875,0.00173780082875,0.00173780082875,0.00173780082875,0.00173780082875,0.00173780082875,0.00173780082875,0.00173780082875,10,Z113 Z123 Z124 Z134,0.9222,0.00658839104423,0.9222,0.00658839104423
0.00173780082875,0.00173780082875,0.00173780082875,0.00173780082875,0.00173780082875,0.00173780082875,0.00173780082875,0.00173780082875,0.00173780082875,0.00173780082875,0.00173780082875,0.00173780082875,0.00173780082875,0.00173780082875,0.00173780082875,0.00173780082875,0.00173780082875,0.00173780082875,10,Z114 Z124 Z125 Z135,0.7322,0.00907043532224,0.7322,0.00907043532224
0.00173780082875,0.00173780082875,0.00173780082875,0.00173780082875,0.00173780082875,0.00173780082875,0.00173780082875,0.00173780082875,0.00173780082875,0.00173780082875,0.00173780082875,0.00173780082875,0.00173780082875,0.00173780082875,0.00173780082875,0.00173780082875,0.00173780082875,0.00173780082875,10,Z115 Z125 Z136,0.744266666667,0.0120173565412,0.744266666667,0.0120173565412
0.00173780082875,0.00173780082875,0.00173780082875,0.00173780082875,0.00173780082875,0.00173780082875,0.00173780082875,0.00173780082875,0.00173780082875,0.00173780082875,0.00173780082875,0.00173780082875,0.00173780082875,0.00173780082875,0.00173780082875,0.00173780082875,0.00173780082875,0.00173780082875,10,Z126 Z137 Z147,0.930711111111,0.00691033616037,0.930711111111,0.00691033616037
0.00173780082875,0.00173780082875,0.00173780082875,0.00173780082875,0.00173780082875,0.00173780082875,0.00173780082875,0.00173780082875,0.00173780082875,0.00173780082875,0.00173780082875,0.00173780082875,0.00173780082875,0.00173780082875,0.00173780082875,0.00173780082875,0.00173780082875,0.00173780082875,10,Z127 Z137 Z138 Z148,0.921066666667,0.0078033296754,0.921066666667,0.0078033296754
0.00173780082875,0.00173780082875,0.00173780082875,0.00173780082875,0.00173780082875,0.00173780082875,0.00173780082875,0.00173780082875,0.00173780082875,0.00173780082875,0.00173780082875,0.00173780082875,0.00173780082875,0.00173780082875,0.00173780082875,0.00173780082875,0.00173780082875,0.00173780082875,10,Z128 Z138 Z139 Z149,0.924044444444,0.00732378340208,0.924044444444,0.00732378340208
0.00173780082875,0.00173780082875,0.00173780082875,0.00173780082875,0.00173780082875,0.00173780082875,0.00173780082875,0.00173780082875,0.00173780082875,0.00173780082875,0.00173780082875,0.00173780082875,0.00173780082875,0.00173780082875,0.00173780082875,0.00173780082875,0.00173780082875,0.00173780082875,10,Z129 Z139 Z140 Z150,0.921244444444,0.00761674568401,0.921244444444,0.00761674568401
0.00173780082875,0.00173780082875,0.00173780082875,0.00173780082875,0.00173780082875,0.00173780082875,0.00173780082875,0.00173780082875,0.00173780082875,0.00173780082875,0.00173780082875,0.00173780082875,0.00173780082875,0.00173780082875,0.00173780082875,0.00173780082875,0.00173780082875,0.00173780082875,10,Z130 Z140 Z141 Z151,0.922044444444,0.00745445087202,0.922044444444,0.00745445087202
0.00173780082875,0.00173780082875,0.00173780082875,0.00173780082875,0.00173780082875,0.00173780082875,0.00173780082875,0.00173780082875,0.00173780082875,0.00173780082875,0.00173780082875,0.00173780082875,0.00173780082875,0.00173780082875,0.00173780082875,0.00173780082875,0.00173780082875,0.00173780082875,10,Z131 Z141 Z142 Z152,0.922488888889,0.00737591261102,0.922488888889,0.00737591261102
0.00173780082875,0.00173780082875,0.00173780082875,0.00173780082875,0.00173780082875,0.00173780082875,0.00173780082875,0.00173780082875,0.00173780082875,0.00173780082875,0.00173780082875,0.00173780082875,0.00173780082875,0.00173780082875,0.00173780082875,0.00173780082875,0.00173780082875,0.00173780082875,10,Z132 Z142 Z143 Z153,0.9214,0.00668354186048,0.9214,0.00668354186048
0.00173780082875,0.00173780082875,0.00173780082875,0.00173780082875,0.00173780082875,0.00173780082875,0.00173780082875,0.00173780082875,0.00173780082875,0.00173780082875,0.00173780082875,0.00173780082875,0.00173780082875,0.00173780082875,0.00173780082875,0.00173780082875,0.00173780082875,0.00173780082875,10,Z133 Z143 Z144 Z154,0.924622222222,0.00687253032386,0.924622222222,0.00687253032386
0.00173780082875,0.00173780082875,0.00173780082875,0.00173780082875,0.00173780082875,0.00173780082875,0.00173780082875,0.00173780082875,0.00173780082875,0.00173780082875,0.00173780082875,0.00173780082875,0.00173780082875,0.00173780082875,0.00173780082875,0.00173780082875,0.00173780082875,0.00173780082875,10,Z134 Z144 Z145 Z155,0.921644444444,0.00764085276044,0.921644444444,0.00764085276044
0.00173780082875,0.00173780082875,0.00173780082875,0.00173780082875,0.00173780082875,0.00173780082875,0.00173780082875,0.00173780082875,0.00173780082875,0.00173780082875,0.00173780082875,0.00173780082875,0.00173780082875,0.00173780082875,0.00173780082875,0.00173780082875,0.00173780082875,0.00173780082875,10,Z135 Z145 Z146 Z156,0.729044444444,0.0142293025958,0.729044444444,0.0142293025958
0.00173780082875,0.00173780082875,0.00173780082875,0.00173780082875,0.00173780082875,0.00173780082875,0.00173780082875,0.00173780082875,0.00173780082875,0.00173780082875,0.00173780082875,0.00173780082875,0.00173780082875,0.00173780082875,0.00173780082875,0.00173780082875,0.00173780082875,0.00173780082875,10,Z136 Z146 Z157,0.745755555556,0.0115489739583,0.745755555556,0.0115489739583
0.00173780082875,0.00173780082875,0.00173780082875,0.00173780082875,0.00173780082875,0.00173780082875,0.00173780082875,0.00173780082875,0.00173780082875,0.00173780082875,0.00173780082875,0.00173780082875,0.00173780082875,0.00173780082875,0.00173780082875,0.00173780082875,0.00173780082875,0.00173780082875,10,Z147 Z158 Z168,0.928888888889,0.00611344434734,0.928888888889,0.00611344434734
0.00173780082875,0.00173780082875,0.00173780082875,0.00173780082875,0.00173780082875,0.00173780082875,0.00173780082875,0.00173780082875,0.00173780082875,0.00173780082875,0.00173780082875,0.00173780082875,0.00173780082875,0.00173780082875,0.00173780082875,0.00173780082875,0.00173780082875,0.00173780082875,10,Z148 Z158 Z159 Z169,0.923955555556,0.0072353608755,0.923955555556,0.0072353608755
0.00173780082875,0.00173780082875,0.00173780082875,0.00173780082875,0.00173780082875,0.00173780082875,0.00173780082875,0.00173780082875,0.00173780082875,0.00173780082875,0.00173780082875,0.00173780082875,0.00173780082875,0.00173780082875,0.00173780082875,0.00173780082875,0.00173780082875,0.00173780082875,10,Z149 Z159 Z160 Z170,0.917555555556,0.00710584095898,0.917555555556,0.00710584095898
0.00173780082875,0.00173780082875,0.00173780082875,0.00173780082875,0.00173780082875,0.00173780082875,0.00173780082875,0.00173780082875,0.00173780082875,0.00173780082875,0.00173780082875,0.00173780082875,0.00173780082875,0.00173780082875,0.00173780082875,0.00173780082875,0.00173780082875,0.00173780082875,10,Z150 Z160 Z161 Z171,0.921355555556,0.00627708435461,0.921355555556,0.00627708435461
0.00173780082875,0.00173780082875,0.00173780082875,0.00173780082875,0.00173780082875,0.00173780082875,0.00173780082875,0.00173780082875,0.00173780082875,0.00173780082875,0.00173780082875,0.00173780082875,0.00173780082875,0.00173780082875,0.00173780082875,0.00173780082875,0.00173780082875,0.00173780082875,10,Z151 Z161 Z162 Z172,0.921177777778,0.00782898305876,0.921177777778,0.00782898305876
0.00173780082875,0.00173780082875,0.00173780082875,0.00173780082875,0.00173780082875,0.00173780082875,0.00173780082875,0.00173780082875,0.00173780082875,0.00173780082875,0.00173780082875,0.00173780082875,0.00173780082875,0.00173780082875,0.00173780082875,0.00173780082875,0.00173780082875,0.00173780082875,10,Z152 Z162 Z163 Z173,0.922311111111,0.00708943055138,0.922311111111,0.00708943055138
0.00173780082875,0.00173780082875,0.00173780082875,0.00173780082875,0.00173780082875,0.00173780082875,0.00173780082875,0.00173780082875,0.00173780082875,0.00173780082875,0.00173780082875,0.00173780082875,0.00173780082875,0.00173780082875,0.00173780082875,0.00173780082875,0.00173780082875,0.00173780082875,10,Z153 Z163 Z164 Z174,0.922133333333,0.00618835886489,0.922133333333,0.00618835886489
0.00173780082875,0.00173780082875,0.00173780082875,0.00173780082875,0.00173780082875,0.00173780082875,0.00173780082875,0.00173780082875,0.00173780082875,0.00173780082875,0.00173780082875,0.00173780082875,0.00173780082875,0.00173780082875,0.00173780082875,0.00173780082875,0.00173780082875,0.00173780082875,10,Z154 Z164 Z165 Z175,0.923044444444,0.00818873786622,0.923044444444,0.00818873786622
0.00173780082875,0.00173780082875,0.00173780082875,0.00173780082875,0.00173780082875,0.00173780082875,0.00173780082875,0.00173780082875,0.00173780082875,0.00173780082875,0.00173780082875,0.00173780082875,0.00173780082875,0.00173780082875,0.00173780082875,0.00173780082875,0.00173780082875,0.00173780082875,10,Z155 Z165 Z166 Z176,0.923355555556,0.00836977472762,0.923355555556,0.00836977472762
0.00173780082875,0.00173780082875,0.00173780082875,0.00173780082875,0.00173780082875,0.00173780082875,0.00173780082875,0.00173780082875,0.00173780082875,0.00173780082875,0.00173780082875,0.00173780082875,0.00173780082875,0.00173780082875,0.00173780082875,0.00173780082875,0.00173780082875,0.00173780082875,10,Z156 Z166 Z167 Z177,0.7188,0.015831875311,0.7188,0.015831875311
0.00173780082875,0.00173780082875,0.00173780082875,0.00173780082875,0.00173780082875,0.00173780082875,0.00173780082875,0.00173780082875,0.00173780082875,0.00173780082875,0.00173780082875,0.00173780082875,0.00173780082875,0.00173780082875,0.00173780082875,0.00173780082875,0.00173780082875,0.00173780082875,10,Z157 Z167 Z178,0.749355555556,0.0125046913291,0.749355555556,0.0125046913291
0.00173780082875,0.00173780082875,0.00173780082875,0.00173780082875,0.00173780082875,0.00173780082875,0.00173780082875,0.00173780082875,0.00173780082875,0.00173780082875,0.00173780082875,0.00173780082875,0.00173780082875,0.00173780082875,0.00173780082875,0.00173780082875,0.00173780082875,0.00173780082875,10,Z168 Z179 Z189,0.928222222222,0.00681070451869,0.928222222222,0.00681070451869
0.00173780082875,0.00173780082875,0.00173780082875,0.00173780082875,0.00173780082875,0.00173780082875,0.00173780082875,0.00173780082875,0.00173780082875,0.00173780082875,0.00173780082875,0.00173780082875,0.00173780082875,0.00173780082875,0.00173780082875,0.00173780082875,0.00173780082875,0.00173780082875,10,Z169 Z179 Z180 Z190,0.923111111111,0.00553174976186,0.923111111111,0.00553174976186
0.00173780082875,0.00173780082875,0.00173780082875,0.00173780082875,0.00173780082875,0.00173780082875,0.00173780082875,0.00173780082875,0.00173780082875,0.00173780082875,0.00173780082875,0.00173780082875,0.00173780082875,0.00173780082875,0.00173780082875,0.00173780082875,0.00173780082875,0.00173780082875,10,Z170 Z180 Z181 Z191,0.924111111111,0.00767357676264,0.924111111111,0.00767357676264
0.00173780082875,0.00173780082875,0.00173780082875,0.00173780082875,0.00173780082875,0.00173780082875,0.00173780082875,0.00173780082875,0.00173780082875,0.00173780082875,0.00173780082875,0.00173780082875,0.00173780082875,0.00173780082875,0.00173780082875,0.00173780082875,0.00173780082875,0.00173780082875,10,Z171 Z181 Z182 Z192,0.922422222222,0.00811692962983,0.922422222222,0.00811692962983
0.00173780082875,0.00173780082875,0.00173780082875,0.00173780082875,0.00173780082875,0.00173780082875,0.00173780082875,0.00173780082875,0.00173780082875,0.00173780082875,0.00173780082875,0.00173780082875,0.00173780082875,0.00173780082875,0.00173780082875,0.00173780082875,0.00173780082875,0.00173780082875,10,Z172 Z182 Z183 Z193,0.924511111111,0.00738992445139,0.924511111111,0.00738992445139
0.00173780082875,0.00173780082875,0.00173780082875,0.00173780082875,0.00173780082875,0.00173780082875,0.00173780082875,0.00173780082875,0.00173780082875,0.00173780082875,0.00173780082875,0.00173780082875,0.00173780082875,0.00173780082875,0.00173780082875,0.00173780082875,0.00173780082875,0.00173780082875,10,Z173 Z183 Z184 Z194,0.922222222222,0.00802932047116,0.922222222222,0.00802932047116
0.00173780082875,0.00173780082875,0.00173780082875,0.00173780082875,0.00173780082875,0.00173780082875,0.00173780082875,0.00173780082875,0.00173780082875,0.00173780082875,0.00173780082875,0.00173780082875,0.00173780082875,0.00173780082875,0.00173780082875,0.00173780082875,0.00173780082875,0.00173780082875,10,Z174 Z184 Z185 Z195,0.921466666667,0.00647636433651,0.921466666667,0.00647636433651
0.00173780082875,0.00173780082875,0.00173780082875,0.00173780082875,0.00173780082875,0.00173780082875,0.00173780082875,0.00173780082875,0.00173780082875,0.00173780082875,0.00173780082875,0.00173780082875,0.00173780082875,0.00173780082875,0.00173780082875,0.00173780082875,0.00173780082875,0.00173780082875,10,Z175 Z185 Z186 Z196,0.922177777778,0.00638948689522,0.922177777778,0.00638948689522
0.00173780082875,0.00173780082875,0.00173780082875,0.00173780082875,0.00173780082875,0.00173780082875,0.00173780082875,0.00173780082875,0.00173780082875,0.00173780082875,0.00173780082875,0.00173780082875,0.00173780082875,0.00173780082875,0.00173780082875,0.00173780082875,0.00173780082875,0.00173780082875,10,Z176 Z186 Z187 Z197,0.922511111111,0.00645332985023,0.922511111111,0.00645332985023
0.00173780082875,0.00173780082875,0.00173780082875,0.00173780082875,0.00173780082875,0.00173780082875,0.00173780082875,0.00173780082875,0.00173780082875,0.00173780082875,0.00173780082875,0.00173780082875,0.00173780082875,0.00173780082875,0.00173780082875,0.00173780082875,0.00173780082875,0.00173780082875,10,Z177 Z187 Z188 Z198,0.723088888889,0.0147161998815,0.723088888889,0.0147161998815
0.00173780082875,0.00173780082875,0.00173780082875,0.00173780082875,0.00173780082875,0.00173780082875,0.00173780082875,0.00173780082875,0.00173780082875,0.00173780082875,0.00173780082875,0.00173780082875,0.00173780082875,0.00173780082875,0.00173780082875,0.00173780082875,0.00173780082875,0.00173780082875,10,Z178 Z188 Z199,0.753066666667,0.0102767825965,0.753066666667,0.0102767825965
0.00173780082875,0.00173780082875,0.00173780082875,0.00173780082875,0.00173780082875,0.00173780082875,0.00173780082875,0.00173780082875,0.00173780082875,0.00173780082875,0.00173780082875,0.00173780082875,0.00173780082875,0.00173780082875,0.00173780082875,0.00173780082875,0.00173780082875,0.00173780082875,10,Z189 Z200 Z210,0.928888888889,0.00603523075094,0.928888888889,0.00603523075094
0.00173780082875,0.00173780082875,0.00173780082875,0.00173780082875,0.00173780082875,0.00173780082875,0.00173780082875,0.00173780082875,0.00173780082875,0.00173780082875,0.00173780082875,0.00173780082875,0.00173780082875,0.00173780082875,0.00173780082875,0.00173780082875,0.00173780082875,0.00173780082875,10,Z190 Z200 Z201 Z211,0.924822222222,0.00750924504694,0.924822222222,0.00750924504694
0.00173780082875,0.00173780082875,0.00173780082875,0.00173780082875,0.00173780082875,0.00173780082875,0.00173780082875,0.00173780082875,0.00173780082875,0.00173780082875,0.00173780082875,0.00173780082875,0.00173780082875,0.00173780082875,0.00173780082875,0.00173780082875,0.00173780082875,0.00173780082875,10,Z191 Z201 Z202 Z212,0.923777777778,0.0086610650922,0.923777777778,0.0086610650922
0.00173780082875,0.00173780082875,0.00173780082875,0.00173780082875,0.00173780082875,0.00173780082875,0.00173780082875,0.00173780082875,0.00173780082875,0.00173780082875,0.00173780082875,0.00173780082875,0.00173780082875,0.00173780082875,0.00173780082875,0.00173780082875,0.00173780082875,0.00173780082875,10,Z192 Z202 Z203 Z213,0.924866666667,0.00645443801697,0.924866666667,0.00645443801697
0.00173780082875,0.00173780082875,0.00173780082875,0.00173780082875,0.00173780082875,0.00173780082875,0.00173780082875,0.00173780082875,0.00173780082875,0.00173780082875,0.00173780082875,0.00173780082875,0.00173780082875,0.00173780082875,0.00173780082875,0.00173780082875,0.00173780082875,0.00173780082875,10,Z193 Z203 Z204 Z214,0.921977777778,0.00650725108863,0.921977777778,0.00650725108863
0.00173780082875,0.00173780082875,0.00173780082875,0.00173780082875,0.00173780082875,0.00173780082875,0.00173780082875,0.00173780082875,0.00173780082875,0.00173780082875,0.00173780082875,0.00173780082875,0.00173780082875,0.00173780082875,0.00173780082875,0.00173780082875,0.00173780082875,0.00173780082875,10,Z194 Z204 Z205 Z215,0.924044444444,0.00683002910487,0.924044444444,0.00683002910487
0.00173780082875,0.00173780082875,0.00173780082875,0.00173780082875,0.00173780082875,0.00173780082875,0.00173780082875,0.00173780082875,0.00173780082875,0.00173780082875,0.00173780082875,0.00173780082875,0.00173780082875,0.00173780082875,0.00173780082875,0.00173780082875,0.00173780082875,0.00173780082875,10,Z195 Z205 Z206 Z216,0.923266666667,0.00674062425341,0.923266666667,0.00674062425341
0.00173780082875,0.00173780082875,0.00173780082875,0.00173780082875,0.00173780082875,0.00173780082875,0.00173780082875,0.00173780082875,0.00173780082875,0.00173780082875,0.00173780082875,0.00173780082875,0.00173780082875,0.00173780082875,0.00173780082875,0.00173780082875,0.00173780082875,0.00173780082875,10,Z196 Z206 Z207 Z217,0.923288888889,0.0082914965134,0.923288888889,0.0082914965134
0.00173780082875,0.00173780082875,0.00173780082875,0.00173780082875,0.00173780082875,0.00173780082875,0.00173780082875,0.00173780082875,0.00173780082875,0.00173780082875,0.00173780082875,0.00173780082875,0.00173780082875,0.00173780082875,0.00173780082875,0.00173780082875,0.00173780082875,0.00173780082875,10,Z197 Z207 Z208 Z218,0.923266666667,0.00693339964601,0.923266666667,0.00693339964601
0.00173780082875,0.00173780082875,0.00173780082875,0.00173780082875,0.00173780082875,0.00173780082875,0.00173780082875,0.00173780082875,0.00173780082875,0.00173780082875,0.00173780082875,0.00173780082875,0.00173780082875,0.00173780082875,0.00173780082875,0.00173780082875,0.00173780082875,0.00173780082875,10,Z198 Z208 Z209 Z219,0.717288888889,0.0126635608211,0.717288888889,0.0126635608211
0.00173780082875,0.00173780082875,0.00173780082875,0.00173780082875,0.00173780082875,0.00173780082875,0.00173780082875,0.00173780082875,0.00173780082875,0.00173780082875,0.00173780082875,0.00173780082875,0.00173780082875,0.00173780082875,0.00173780082875,0.00173780082875,0.00173780082875,0.00173780082875,10,Z199 Z209 Z220,0.581955555556,0.0157021445526,0.581955555556,0.0157021445526
0.00173780082875,0.00173780082875,0.00173780082875,0.00173780082875,0.00173780082875,0.00173780082875,0.00173780082875,0.00173780082875,0.00173780082875,0.00173780082875,0.00173780082875,0.00173780082875,0.00173780082875,0.00173780082875,0.00173780082875,0.00173780082875,0.00173780082875,0.00173780082875,10,Z2 Z12 Z13 Z23,0.8744,0.0112247673606,0.8744,0.0112247673606
0.00173780082875,0.00173780082875,0.00173780082875,0.00173780082875,0.00173780082875,0.00173780082875,0.00173780082875,0.00173780082875,0.00173780082875,0.00173780082875,0.00173780082875,0.00173780082875,0.00173780082875,0.00173780082875,0.00173780082875,0.00173780082875,0.00173780082875,0.00173780082875,10,Z21 Z32 Z42,0.945266666667,0.0068756887499,0.945266666667,0.0068756887499
0.00173780082875,0.00173780082875,0.00173780082875,0.00173780082875,0.00173780082875,0.00173780082875,0.00173780082875,0.00173780082875,0.00173780082875,0.00173780082875,0.00173780082875,0.00173780082875,0.00173780082875,0.00173780082875,0.00173780082875,0.00173780082875,0.00173780082875,0.00173780082875,10,Z22 Z32 Z33 Z43,0.922733333333,0.00847687862744,0.922733333333,0.00847687862744
0.00173780082875,0.00173780082875,0.00173780082875,0.00173780082875,0.00173780082875,0.00173780082875,0.00173780082875,0.00173780082875,0.00173780082875,0.00173780082875,0.00173780082875,0.00173780082875,0.00173780082875,0.00173780082875,0.00173780082875,0.00173780082875,0.00173780082875,0.00173780082875,10,Z23 Z33 Z34 Z44,0.923155555556,0.00615242738336,0.923155555556,0.00615242738336
0.00173780082875,0.00173780082875,0.00173780082875,0.00173780082875,0.00173780082875,0.00173780082875,0.00173780082875,0.00173780082875,0.00173780082875,0.00173780082875,0.00173780082875,0.00173780082875,0.00173780082875,0.00173780082875,0.00173780082875,0.00173780082875,0.00173780082875,0.00173780082875,10,Z24 Z34 Z35 Z45,0.920977777778,0.00702645975253,0.920977777778,0.00702645975253
0.00173780082875,0.00173780082875,0.00173780082875,0.00173780082875,0.00173780082875,0.00173780082875,0.00173780082875,0.00173780082875,0.00173780082875,0.00173780082875,0.00173780082875,0.00173780082875,0.00173780082875,0.00173780082875,0.00173780082875,0.00173780082875,0.00173780082875,0.00173780082875,10,Z25 Z35 Z36 Z46,0.922777777778,0.00808021723719,0.922777777778,0.00808021723719
0.00173780082875,0.00173780082875,0.00173780082875,0.00173780082875,0.00173780082875,0.00173780082875,0.00173780082875,0.00173780082875,0.00173780082875,0.00173780082875,0.00173780082875,0.00173780082875,0.00173780082875,0.00173780082875,0.00173780082875,0.00173780082875,0.00173780082875,0.00173780082875,10,Z26 Z36 Z37 Z47,0.9228,0.00775960657849,0.9228,0.00775960657849
0.00173780082875,0.00173780082875,0.00173780082875,0.00173780082875,0.00173780082875,0.00173780082875,0.00173780082875,0.00173780082875,0.00173780082875,0.00173780082875,0.00173780082875,0.00173780082875,0.00173780082875,0.00173780082875,0.00173780082875,0.00173780082875,0.00173780082875,0.00173780082875,10,Z27 Z37 Z38 Z48,0.922377777778,0.00476154240548,0.922377777778,0.00476154240548
0.00173780082875,0.00173780082875,0.00173780082875,0.00173780082875,0.00173780082875,0.00173780082875,0.00173780082875,0.00173780082875,0.00173780082875,0.00173780082875,0.00173780082875,0.00173780082875,0.00173780082875,0.00173780082875,0.00173780082875,0.00173780082875,0.00173780082875,0.00173780082875,10,Z28 Z38 Z39 Z49,0.920688888889,0.00502097770496,0.920688888889,0.00502097770496
0.00173780082875,0.00173780082875,0.00173780082875,0.00173780082875,0.00173780082875,0.00173780082875,0.00173780082875,0.00173780082875,0.00173780082875,0.00173780082875,0.00173780082875,0.00173780082875,0.00173780082875,0.00173780082875,0.00173780082875,0.00173780082875,0.00173780082875,0.00173780082875,10,Z29 Z39 Z40 Z50,0.922733333333,0.00654217089352,0.922733333333,0.00654217089352
0.00173780082875,0.00173780082875,0.00173780082875,0.00173780082875,0.00173780082875,0.00173780082875,0.00173780082875,0.00173780082875,0.00173780082875,0.00173780082875,0.00173780082875,0.00173780082875,0.00173780082875,0.00173780082875,0.00173780082875,0.00173780082875,0.00173780082875,0.00173780082875,10,Z3 Z13 Z14 Z24,0.851555555556,0.00608832393833,0.851555555556,0.00608832393833
0.00173780082875,0.00173780082875,0.00173780082875,0.00173780082875,0.00173780082875,0.00173780082875,0.00173780082875,0.00173780082875,0.00173780082875,0.00173780082875,0.00173780082875,0.00173780082875,0.00173780082875,0.00173780082875,0.00173780082875,0.00173780082875,0.00173780082875,0.00173780082875,10,Z30 Z40 Z41 Z51,0.743577777778,0.0127474536059,0.743577777778,0.0127474536059
0.00173780082875,0.00173780082875,0.00173780082875,0.00173780082875,0.00173780082875,0.00173780082875,0.00173780082875,0.00173780082875,0.00173780082875,0.00173780082875,0.00173780082875,0.00173780082875,0.00173780082875,0.00173780082875,0.00173780082875,0.00173780082875,0.00173780082875,0.00173780082875,10,Z31 Z41 Z52,0.738177777778,0.0115110253107,0.738177777778,0.0115110253107
0.00173780082875,0.00173780082875,0.00173780082875,0.00173780082875,0.00173780082875,0.00173780082875,0.00173780082875,0.00173780082875,0.00173780082875,0.00173780082875,0.00173780082875,0.00173780082875,0.00173780082875,0.00173780082875,0.00173780082875,0.00173780082875,0.00173780082875,0.00173780082875,10,Z4 Z14 Z15 Z25,0.830688888889,0.0102482344366,0.830688888889,0.0102482344366
0.00173780082875,0.00173780082875,0.00173780082875,0.00173780082875,0.00173780082875,0.00173780082875,0.00173780082875,0.00173780082875,0.00173780082875,0.00173780082875,0.00173780082875,0.00173780082875,0.00173780082875,0.00173780082875,0.00173780082875,0.00173780082875,0.00173780082875,0.00173780082875,10,Z42 Z53 Z63,0.940711111111,0.00602659071596,0.940711111111,0.00602659071596
0.00173780082875,0.00173780082875,0.00173780082875,0.00173780082875,0.00173780082875,0.00173780082875,0.00173780082875,0.00173780082875,0.00173780082875,0.00173780082875,0.00173780082875,0.00173780082875,0.00173780082875,0.00173780082875,0.00173780082875,0.00173780082875,0.00173780082875,0.00173780082875,10,Z43 Z53 Z54 Z64,0.9226,0.00625719509217,0.9226,0.00625719509217
0.00173780082875,0.00173780082875,0.00173780082875,0.00173780082875,0.00173780082875,0.00173780082875,0.00173780082875,0.00173780082875,0.00173780082875,0.00173780082875,0.00173780082875,0.00173780082875,0.00173780082875,0.00173780082875,0.00173780082875,0.00173780082875,0.00173780082875,0.00173780082875,10,Z44 Z54 Z55 Z65,0.923088888889,0.00809045288236,0.923088888889,0.00809045288236
0.00173780082875,0.00173780082875,0.00173780082875,0.00173780082875,0.00173780082875,0.00173780082875,0.00173780082875,0.00173780082875,0.00173780082875,0.00173780082875,0.00173780082875,0.00173780082875,0.00173780082875,0.00173780082875,0.00173780082875,0.00173780082875,0.00173780082875,0.00173780082875,10,Z45 Z55 Z56 Z66,0.924155555556,0.00571261515446,0.924155555556,0.00571261515446
0.00173780082875,0.00173780082875,0.00173780082875,0.00173780082875,0.00173780082875,0.00173780082875,0.00173780082875,0.00173780082875,0.00173780082875,0.00173780082875,0.00173780082875,0.00173780082875,0.00173780082875,0.00173780082875,0.00173780082875,0.00173780082875,0.00173780082875,0.00173780082875,10,Z46 Z56 Z57 Z67,0.924777777778,0.00607257091328,0.924777777778,0.00607257091328
0.00173780082875,0.00173780082875,0.00173780082875,0.00173780082875,0.00173780082875,0.00173780082875,0.00173780082875,0.00173780082875,0.00173780082875,0.00173780082875,0.00173780082875,0.00173780082875,0.00173780082875,0.00173780082875,0.00173780082875,0.00173780082875,0.00173780082875,0.00173780082875,10,Z47 Z57 Z58 Z68,0.920866666667,0.00738881830981,0.920866666667,0.00738881830981
0.00173780082875,0.00173780082875,0.00173780082875,0.00173780082875,0.00173780082875,0.00173780082875,0.00173780082875,0.00173780082875,0.00173780082875,0.00173780082875,0.00173780082875,0.00173780082875,0.00173780082875,0.00173780082875,0.00173780082875,0.00173780082875,0.00173780082875,0.00173780082875,10,Z48 Z58 Z59 Z69,0.922266666667,0.00700213432158,0.922266666667,0.00700213432158
0.00173780082875,0.00173780082875,0.00173780082875,0.00173780082875,0.00173780082875,0.00173780082875,0.00173780082875,0.00173780082875,0.00173780082875,0.00173780082875,0.00173780082875,0.00173780082875,0.00173780082875,0.00173780082875,0.00173780082875,0.00173780082875,0.00173780082875,0.00173780082875,10,Z49 Z59 Z60 Z70,0.920133333333,0.0071404089948,0.920133333333,0.0071404089948
0.00173780082875,0.00173780082875,0.00173780082875,0.00173780082875,0.00173780082875,0.00173780082875,0.00173780082875,0.00173780082875,0.00173780082875,0.00173780082875,0.00173780082875,0.00173780082875,0.00173780082875,0.00173780082875,0.00173780082875,0.00173780082875,0.00173780082875,0.00173780082875,10,Z5 Z15 Z16 Z26,0.813088888889,0.00942725051978,0.813088888889,0.00942725051978
0.00173780082875,0.00173780082875,0.00173780082875,0.00173780082875,0.00173780082875,0.00173780082875,0.00173780082875,0.00173780082875,0.00173780082875,0.00173780082875,0.00173780082875,0.00173780082875,0.00173780082875,0.00173780082875,0.00173780082875,0.00173780082875,0.00173780082875,0.00173780082875,10,Z50 Z60 Z61 Z71,0.924755555556,0.00648424753968,0.924755555556,0.00648424753968
0.00173780082875,0.00173780082875,0.00173780082875,0.00173780082875,0.00173780082875,0.00173780082875,0.00173780082875,0.00173780082875,0.00173780082875,0.00173780082875,0.00173780082875,0.00173780082875,0.00173780082875,0.00173780082875,0.00173780082875,0.00173780082875,0.00173780082875,0.00173780082875,10,Z51 Z61 Z62 Z72,0.740377777778,0.0144981788613,0.740377777778,0.0144981788613
0.00173780082875,0.00173780082875,0.00173780082875,0.00173780082875,0.00173780082875,0.00173780082875,0.00173780082875,0.00173780082875,0.00173780082875,0.00173780082875,0.00173780082875,0.00173780082875,0.00173780082875,0.00173780082875,0.00173780082875,0.00173780082875,0.00173780082875,0.00173780082875,10,Z52 Z62 Z73,0.7396,0.0103703083377,0.7396,0.0103703083377
0.00173780082875,0.00173780082875,0.00173780082875,0.00173780082875,0.00173780082875,0.00173780082875,0.00173780082875,0.00173780082875,0.00173780082875,0.00173780082875,0.00173780082875,0.00173780082875,0.00173780082875,0.00173780082875,0.00173780082875,0.00173780082875,0.00173780082875,0.00173780082875,10,Z6 Z16 Z17 Z27,0.787311111111,0.0114262363059,0.787311111111,0.0114262363059
0.00173780082875,0.00173780082875,0.00173780082875,0.00173780082875,0.00173780082875,0.00173780082875,0.00173780082875,0.00173780082875,0.00173780082875,0.00173780082875,0.00173780082875,0.00173780082875,0.00173780082875,0.00173780082875,0.00173780082875,0.00173780082875,0.00173780082875,0.00173780082875,10,Z63 Z74 Z84,0.939511111111,0.00583537457444,0.939511111111,0.00583537457444
0.00173780082875,0.00173780082875,0.00173780082875,0.00173780082875,0.00173780082875,0.00173780082875,0.00173780082875,0.00173780082875,0.00173780082875,0.00173780082875,0.00173780082875,0.00173780082875,0.00173780082875,0.00173780082875,0.00173780082875,0.00173780082875,0.00173780082875,0.00173780082875,10,Z64 Z74 Z75 Z85,0.924822222222,0.00616176153679,0.924822222222,0.00616176153679
0.00173780082875,0.00173780082875,0.00173780082875,0.00173780082875,0.00173780082875,0.00173780082875,0.00173780082875,0.00173780082875,0.00173780082875,0.00173780082875,0.00173780082875,0.00173780082875,0.00173780082875,0.00173780082875,0.00173780082875,0.00173780082875,0.00173780082875,0.00173780082875,10,Z65 Z75 Z76 Z86,0.923422222222,0.00616934290069,0.923422222222,0.00616934290069
0.00173780082875,0.00173780082875,0.00173780082875,0.00173780082875,0.00173780082875,0.00173780082875,0.00173780082875,0.00173780082875,0.00173780082875,0.00173780082875,0.00173780082875,0.00173780082875,0.00173780082875,0.00173780082875,0.00173780082875,0.00173780082875,0.00173780082875,0.00173780082875,10,Z66 Z76 Z77 Z87,0.921177777778,0.00746010247859,0.921177777778,0.00746010247859
0.00173780082875,0.00173780082875,0.00173780082875,0.00173780082875,0.00173780082875,0.00173780082875,0.00173780082875,0.00173780082875,0.00173780082875,0.00173780082875,0.00173780082875,0.00173780082875,0.00173780082875,0.00173780082875,0.00173780082875,0.00173780082875,0.00173780082875,0.00173780082875,10,Z67 Z77 Z78 Z88,0.923577777778,0.00761221710788,0.923577777778,0.00761221710788
0.00173780082875,0.00173780082875,0.00173780082875,0.00173780082875,0.00173780082875,0.00173780082875,0.00173780082875,0.00173780082875,0.00173780082875,0.00173780082875,0.00173780082875,0.00173780082875,0.00173780082875,0.00173780082875,0.00173780082875,0.00173780082875,0.00173780082875,0.00173780082875,10,Z68 Z78 Z79 Z89,0.922488888889,0.00763924798877,0.922488888889,0.00763924798877
0.00173780082875,0.00173780082875,0.00173780082875,0.00173780082875,0.00173780082875,0.00173780082875,0.00173780082875,0.00173780082875,0.00173780082875,0.00173780082875,0.00173780082875,0.00173780082875,0.00173780082875,0.00173780082875,0.00173780082875,0.00173780082875,0.00173780082875,0.00173780082875,10,Z69 Z79 Z80 Z90,0.922222222222,0.00791203231969,0.922222222222,0.00791203231969
0.00173780082875,0.00173780082875,0.00173780082875,0.00173780082875,0.00173780082875,0.00173780082875,0.00173780082875,0.00173780082875,0.00173780082875,0.00173780082875,0.00173780082875,0.00173780082875,0.00173780082875,0.00173780082875,0.00173780082875,0.00173780082875,0.00173780082875,0.00173780082875,10,Z7 Z17 Z18 Z28,0.774733333333,0.011783942578,0.774733333333,0.011783942578
0.00173780082875,0.00173780082875,0.00173780082875,0.00173780082875,0.00173780082875,0.00173780082875,0.00173780082875,0.00173780082875,0.00173780082875,0.00173780082875,0.00173780082875,0.00173780082875,0.00173780082875,0.00173780082875,0.00173780082875,0.00173780082875,0.00173780082875,0.00173780082875,10,Z70 Z80 Z81 Z91,0.922133333333,0.00805231933938,0.922133333333,0.00805231933938
0.00173780082875,0.00173780082875,0.00173780082875,0.00173780082875,0.00173780082875,0.00173780082875,0.00173780082875,0.00173780082875,0.00173780082875,0.00173780082875,0.00173780082875,0.00173780082875,0.00173780082875,0.00173780082875,0.00173780082875,0.00173780082875,0.00173780082875,0.00173780082875,10,Z71 Z81 Z82 Z92,0.920222222222,0.00552897857537,0.920222222222,0.00552897857537
0.00173780082875,0.00173780082875,0.00173780082875,0.00173780082875,0.00173780082875,0.00173780082875,0.00173780082875,0.00173780082875,0.00173780082875,0.00173780082875,0.00173780082875,0.00173780082875,0.00173780082875,0.00173780082875,0.00173780082875,0.00173780082875,0.00173780082875,0.00173780082875,10,Z72 Z82 Z83 Z93,0.733911111111,0.0127861674939,0.733911111111,0.0127861674939
0.00173780082875,0.00173780082875,0.00173780082875,0.00173780082875,0.00173780082875,0.00173780082875,0.00173780082875,0.00173780082875,0.00173780082875,0.00173780082875,0.00173780082875,0.00173780082875,0.00173780082875,0.00173780082875,0.00173780082875,0.00173780082875,0.00173780082875,0.00173780082875,10,Z73 Z83 Z94,0.742822222222,0.0120569317858,0.742822222222,0.0120569317858
0.00173780082875,0.00173780082875,0.00173780082875,0.00173780082875,0.00173780082875,0.00173780082875,0.00173780082875,0.00173780082875,0.00173780082875,0.00173780082875,0.00173780082875,0.00173780082875,0.00173780082875,0.00173780082875,0.00173780082875,0.00173780082875,0.00173780082875,0.00173780082875,10,Z8 Z18 Z19 Z29,0.752444444444,0.0108762926596,0.752444444444,0.0108762926596
0.00173780082875,0.00173780082875,0.00173780082875,0.00173780082875,0.00173780082875,0.00173780082875,0.00173780082875,0.00173780082875,0.00173780082875,0.00173780082875,0.00173780082875,0.00173780082875,0.00173780082875,0.00173780082875,0.00173780082875,0.00173780082875,0.00173780082875,0.00173780082875,10,Z84 Z95 Z105,0.935577777778,0.00742261911895,0.935577777778,0.00742261911895
0.00173780082875,0.00173780082875,0.00173780082875,0.00173780082875,0.00173780082875,0.00173780082875,0.00173780082875,0.00173780082875,0.00173780082875,0.00173780082875,0.00173780082875,0.00173780082875,0.00173780082875,0.00173780082875,0.00173780082875,0.00173780082875,0.00173780082875,0.00173780082875,10,Z85 Z95 Z96 Z106,0.924044444444,0.00665040161454,0.924044444444,0.00665040161454
0.00173780082875,0.00173780082875,0.00173780082875,0.00173780082875,0.00173780082875,0.00173780082875,0.00173780082875,0.00173780082875,0.00173780082875,0.00173780082875,0.00173780082875,0.00173780082875,0.00173780082875,0.00173780082875,0.00173780082875,0.00173780082875,0.00173780082875,0.00173780082875,10,Z86 Z96 Z97 Z107,0.923422222222,0.00622375460058,0.923422222222,0.00622375460058
0.00173780082875,0.00173780082875,0.00173780082875,0.00173780082875,0.00173780082875,0.00173780082875,0.00173780082875,0.00173780082875,0.00173780082875,0.00173780082875,0.00173780082875,0.00173780082875,0.00173780082875,0.00173780082875,0.00173780082875,0.00173780082875,0.00173780082875,0.00173780082875,10,Z87 Z97 Z98 Z108,0.923577777778,0.0076403513055,0.923577777778,0.0076403513055
0.00173780082875,0.00173780082875,0.00173780082875,0.00173780082875,0.00173780082875,0.00173780082875,0.00173780082875,0.00173780082875,0.00173780082875,0.00173780082875,0.00173780082875,0.00173780082875,0.00173780082875,0.00173780082875,0.00173780082875,0.00173780082875,0.00173780082875,0.00173780082875,10,Z88 Z98 Z99 Z109,0.925777777778,0.0068890124819,0.925777777778,0.0068890124819
0.00173780082875,0.00173780082875,0.00173780082875,0.00173780082875,0.00173780082875,0.00173780082875,0.00173780082875,0.00173780082875,0.00173780082875,0.00173780082875,0.00173780082875,0.00173780082875,0.00173780082875,0.00173780082875,0.00173780082875,0.00173780082875,0.00173780082875,0.00173780082875,10,Z89 Z99 Z100 Z110,0.922688888889,0.00594091813623,0.922688888889,0.00594091813623
0.00173780082875,0.00173780082875,0.00173780082875,0.00173780082875,0.00173780082875,0.00173780082875,0.00173780082875,0.00173780082875,0.00173780082875,0.00173780082875,0.00173780082875,0.00173780082875,0.00173780082875,0.00173780082875,0.00173780082875,0.00173780082875,0.00173780082875,0.00173780082875,10,Z9 Z19 Z20 Z30,0.592377777778,0.011833692186,0.592377777778,0.011833692186
0.00173780082875,0.00173780082875,0.00173780082875,0.00173780082875,0.00173780082875,0.00173780082875,0.00173780082875,0.00173780082875,0.00173780082875,0.00173780082875,0.00173780082875,0.00173780082875,0.00173780082875,0.00173780082875,0.00173780082875,0.00173780082875,0.00173780082875,0.00173780082875,10,Z90 Z100 Z101 Z111,0.922355555556,0.00616437256696,0.922355555556,0.00616437256696
0.00173780082875,0.00173780082875,0.00173780082875,0.00173780082875,0.00173780082875,0.00173780082875,0.00173780082875,0.00173780082875,0.00173780082875,0.00173780082875,0.00173780082875,0.00173780082875,0.00173780082875,0.00173780082875,0.00173780082875,0.00173780082875,0.00173780082875,0.00173780082875,10,Z91 Z101 Z102 Z112,0.923311111111,0.0066815542582,0.923311111111,0.0066815542582
0.00173780082875,0.00173780082875,0.00173780082875,0.00173780082875,0.00173780082875,0.00173780082875,0.00173780082875,0.00173780082875,0.00173780082875,0.00173780082875,0.00173780082875,0.00173780082875,0.00173780082875,0.00173780082875,0.00173780082875,0.00173780082875,0.00173780082875,0.00173780082875,10,Z92 Z102 Z103 Z113,0.922311111111,0.00632633208503,0.922311111111,0.00632633208503
0.00173780082875,0.00173780082875,0.00173780082875,0.00173780082875,0.00173780082875,0.00173780082875,0.00173780082875,0.00173780082875,0.00173780082875,0.00173780082875,0.00173780082875,0.00173780082875,0.00173780082875,0.00173780082875,0.00173780082875,0.00173780082875,0.00173780082875,0.00173780082875,10,Z93 Z103 Z104 Z114,0.733555555556,0.0131543542995,0.733555555556,0.0131543542995
0.00173780082875,0.00173780082875,0.00173780082875,0.00173780082875,0.00173780082875,0.00173780082875,0.00173780082875,0.00173780082875,0.00173780082875,0.00173780082875,0.00173780082875,0.00173780082875,0.00173780082875,0.00173780082875,0.00173780082875,0.00173780082875,0.00173780082875,0.00173780082875,10,Z94 Z104 Z115,0.741311111111,0.00887975584445,0.741311111111,0.00887975584445
