g1_x,g1_y,g1_z,IX,IY,IZ,XI,XX,XY,XZ,YI,YX,YY,YZ,ZI,ZX,ZY,ZZ,round,operator,mean,std,mean_signed,std_signed
0.00758577575029,0.00758577575029,0.00758577575029,0.00758577575029,0.00758577575029,0.00758577575029,0.00758577575029,0.00758577575029,0.00758577575029,0.00758577575029,0.00758577575029,0.00758577575029,0.00758577575029,0.00758577575029,0.00758577575029,0.00758577575029,0.00758577575029,0.00758577575029,1,Logical X,0.505177777778,0.0156765029853,0.507844444444,0.017517748708
0.00758577575029,0.00758577575029,0.00758577575029,0.00758577575029,0.00758577575029,0.00758577575029,0.00758577575029,0.00758577575029,0.00758577575029,0.00758577575029,0.00758577575029,0.00758577575029,0.00758577575029,0.00758577575029,0.00758577575029,0.00758577575029,0.00758577575029,0.00758577575029,1,Logical Y,0.0129777777778,0.0097552160459,-0.000444444444444,0.0156751831421
0.00758577575029,0.00758577575029,0.00758577575029,0.00758577575029,0.00758577575029,0.00758577575029,0.00758577575029,0.00758577575029,0.00758577575029,0.00758577575029,0.00758577575029,0.00758577575029,0.00758577575029,0.00758577575029,0.00758577575029,0.00758577575029,0.00758577575029,0.00758577575029,1,Logical Z,0.0126444444444,0.0110151179058,-0.00215555555556,0.0215908901844
0.00758577575029,0.00758577575029,0.00758577575029,0.00758577575029,0.00758577575029,0.00758577575029,0.00758577575029,0.00758577575029,0.00758577575029,0.00758577575029,0.00758577575029,0.00758577575029,0.00758577575029,0.00758577575029,0.00758577575029,0.00758577575029,0.00758577575029,0.00758577575029,1,X0 X1 X11,0.708377777778,0.0146590192532,0.708377777778,0.0146590192532
0.00758577575029,0.00758577575029,0.00758577575029,0.00758577575029,0.00758577575029,0.00758577575029,0.00758577575029,0.00758577575029,0.00758577575029,0.00758577575029,0.00758577575029,0.00758577575029,0.00758577575029,0.00758577575029,0.00758577575029,0.00758577575029,0.00758577575029,0.00758577575029,1,X1 X2 X12,0.565066666667,0.0161834312887,0.565066666667,0.0161834312887
0.00758577575029,0.00758577575029,0.00758577575029,0.00758577575029,0.00758577575029,0.00758577575029,0.00758577575029,0.00758577575029,0.00758577575029,0.00758577575029,0.00758577575029,0.00758577575029,0.00758577575029,0.00758577575029,0.00758577575029,0.00758577575029,0.00758577575029,0.00758577575029,1,X100 X110 X111 X121,0.693533333333,0.0119976370598,0.693533333333,0.0119976370598
0.00758577575029,0.00758577575029,0.00758577575029,0.00758577575029,0.00758577575029,0.00758577575029,0.00758577575029,0.00758577575029,0.00758577575029,0.00758577575029,0.00758577575029,0.00758577575029,0.00758577575029,0.00758577575029,0.00758577575029,0.00758577575029,0.00758577575029,0.00758577575029,1,X101 X111 X112 X122,0.691511111111,0.0147644943612,0.691511111111,0.0147644943612
0.00758577575029,0.00758577575029,0.00758577575029,0.00758577575029,0.00758577575029,0.00758577575029,0.00758577575029,0.00758577575029,0.00758577575029,0.00758577575029,0.00758577575029,0.00758577575029,0.00758577575029,0.00758577575029,0.00758577575029,0.00758577575029,0.00758577575029,0.00758577575029,1,X102 X112 X113 X123,0.695333333333,0.0132375872603,0.695333333333,0.0132375872603
0.00758577575029,0.00758577575029,0.00758577575029,0.00758577575029,0.00758577575029,0.00758577575029,0.00758577575029,0.00758577575029,0.00758577575029,0.00758577575029,0.00758577575029,0.00758577575029,0.00758577575029,0.00758577575029,0.00758577575029,0.00758577575029,0.00758577575029,0.00758577575029,1,X103 X113 X114 X124,0.692533333333,0.0117397056886,0.692533333333,0.0117397056886
0.00758577575029,0.00758577575029,0.00758577575029,0.00758577575029,0.00758577575029,0.00758577575029,0.00758577575029,0.00758577575029,0.00758577575029,0.00758577575029,0.00758577575029,0.00758577575029,0.00758577575029,0.00758577575029,0.00758577575029,0.00758577575029,0.00758577575029,0.00758577575029,1,X104 X114 X115 X125,0.0978222222222,0.0181749128882,0.0978222222222,0.0181749128882
0.00758577575029,0.00758577575029,0.00758577575029,0.00758577575029,0.00758577575029,0.00758577575029,0.00758577575029,0.00758577575029,0.00758577575029,0.00758577575029,0.00758577575029,0.00758577575029,0.00758577575029,0.00758577575029,0.00758577575029,0.00758577575029,0.00758577575029,0.00758577575029,1,X11 X21 X22 X32,0.691066666667,0.0145160500417,0.691066666667,0.0145160500417
0.00758577575029,0.00758577575029,0.00758577575029,0.00758577575029,0.00758577575029,0.00758577575029,0.00758577575029,0.00758577575029,0.00758577575029,0.00758577575029,0.00758577575029,0.00758577575029,0.00758577575029,0.00758577575029,0.00758577575029,0.00758577575029,0.00758577575029,0.00758577575029,1,X116 X126 X127 X137,0.689088888889,0.0126763221921,0.689088888889,0.0126763221921
0.00758577575029,0.00758577575029,0.00758577575029,0.00758577575029,0.00758577575029,0.00758577575029,0.00758577575029,0.00758577575029,0.00758577575029,0.00758577575029,0.00758577575029,0.00758577575029,0.00758577575029,0.00758577575029,0.00758577575029,0.00758577575029,0.00758577575029,0.00758577575029,1,X117 X127 X128 X138,0.686066666667,0.0102180817868,0.686066666667,0.0102180817868
0.00758577575029,0.00758577575029,0.00758577575029,0.00758577575029,0.00758577575029,0.00758577575029,0.00758577575029,0.00758577575029,0.00758577575029,0.00758577575029,0.00758577575029,0.00758577575029,0.00758577575029,0.00758577575029,0.00758577575029,0.00758577575029,0.00758577575029,0.00758577575029,1,X118 X128 X129 X139,0.685244444444,0.0122349080803,0.685244444444,0.0122349080803
0.00758577575029,0.00758577575029,0.00758577575029,0.00758577575029,0.00758577575029,0.00758577575029,0.00758577575029,0.00758577575029,0.00758577575029,0.00758577575029,0.00758577575029,0.00758577575029,0.00758577575029,0.00758577575029,0.00758577575029,0.00758577575029,0.00758577575029,0.00758577575029,1,X119 X129 X130 X140,0.688333333333,0.0153175831152,0.688333333333,0.0153175831152
0.00758577575029,0.00758577575029,0.00758577575029,0.00758577575029,0.00758577575029,0.00758577575029,0.00758577575029,0.00758577575029,0.00758577575029,0.00758577575029,0.00758577575029,0.00758577575029,0.00758577575029,0.00758577575029,0.00758577575029,0.00758577575029,0.00758577575029,0.00758577575029,1,X12 X22 X23 X33,0.690666666667,0.0135510953029,0.690666666667,0.0135510953029
0.00758577575029,0.00758577575029,0.00758577575029,0.00758577575029,0.00758577575029,0.00758577575029,0.00758577575029,0.00758577575029,0.00758577575029,0.00758577575029,0.00758577575029,0.00758577575029,0.00758577575029,0.00758577575029,0.00758577575029,0.00758577575029,0.00758577575029,0.00758577575029,1,X120 X130 X131 X141,0.692888888889,0.0148868872675,0.692888888889,0.0148868872675
0.00758577575029,0.00758577575029,0.00758577575029,0.00758577575029,0.00758577575029,0.00758577575029,0.00758577575029,0.00758577575029,0.00758577575029,0.00758577575029,0.00758577575029,0.00758577575029,0.00758577575029,0.00758577575029,0.00758577575029,0.00758577575029,0.00758577575029,0.00758577575029,1,X121 X131 X132 X142,0.692133333333,0.0148188551323,0.692133333333,0.0148188551323
0.00758577575029,0.00758577575029,0.00758577575029,0.00758577575029,0.00758577575029,0.00758577575029,0.00758577575029,0.00758577575029,0.00758577575029,0.00758577575029,0.00758577575029,0.00758577575029,0.00758577575029,0.00758577575029,0.00758577575029,0.00758577575029,0.00758577575029,0.00758577575029,1,X122 X132 X133 X143,0.691111111111,0.0124848823014,0.691111111111,0.0124848823014
0.00758577575029,0.00758577575029,0.00758577575029,0.00758577575029,0.00758577575029,0.00758577575029,0.00758577575029,0.00758577575029,0.00758577575029,0.00758577575029,0.00758577575029,0.00758577575029,0.00758577575029,0.00758577575029,0.00758577575029,0.00758577575029,0.00758577575029,0.00758577575029,1,X123 X133 X134 X144,0.692111111111,0.0148515859115,0.692111111111,0.0148515859115
0.00758577575029,0.00758577575029,0.00758577575029,0.00758577575029,0.00758577575029,0.00758577575029,0.00758577575029,0.00758577575029,0.00758577575029,0.00758577575029,0.00758577575029,0.00758577575029,0.00758577575029,0.00758577575029,0.00758577575029,0.00758577575029,0.00758577575029,0.00758577575029,1,X124 X134 X135 X145,0.695311111111,0.012103618196,0.695311111111,0.012103618196
0.00758577575029,0.00758577575029,0.00758577575029,0.00758577575029,0.00758577575029,0.00758577575029,0.00758577575029,0.00758577575029,0.00758577575029,0.00758577575029,0.00758577575029,0.00758577575029,0.00758577575029,0.00758577575029,0.00758577575029,0.00758577575029,0.00758577575029,0.00758577575029,1,X125 X135 X136 X146,0.0885777777778,0.0204176569468,0.0885777777778,0.0204176569468
0.00758577575029,0.00758577575029,0.00758577575029,0.00758577575029,0.00758577575029,0.00758577575029,0.00758577575029,0.00758577575029,0.00758577575029,0.00758577575029,0.00758577575029,0.00758577575029,0.00758577575029,0.00758577575029,0.00758577575029,0.00758577575029,0.00758577575029,0.00758577575029,1,X13 X23 X24 X34,0.690288888889,0.0126801904011,0.690288888889,0.0126801904011
0.00758577575029,0.00758577575029,0.00758577575029,0.00758577575029,0.00758577575029,0.00758577575029,0.00758577575029,0.00758577575029,0.00758577575029,0.00758577575029,0.00758577575029,0.00758577575029,0.00758577575029,0.00758577575029,0.00758577575029,0.00758577575029,0.00758577575029,0.00758577575029,1,X137 X147 X148 X158,0.692288888889,0.0162788755138,0.692288888889,0.0162788755138
0.00758577575029,0.00758577575029,0.00758577575029,0.00758577575029,0.00758577575029,0.00758577575029,0.00758577575029,0.00758577575029,0.00758577575029,0.00758577575029,0.00758577575029,0.00758577575029,0.00758577575029,0.00758577575029,0.00758577575029,0.00758577575029,0.00758577575029,0.00758577575029,1,X138 X148 X149 X159,0.693111111111,0.0123043565575,0.693111111111,0.0123043565575
0.00758577575029,0.00758577575029,0.00758577575029,0.00758577575029,0.00758577575029,0.00758577575029,0.00758577575029,0.00758577575029,0.00758577575029,0.00758577575029,0.00758577575029,0.00758577575029,0.00758577575029,0.00758577575029,0.00758577575029,0.00758577575029,0.00758577575029,0.00758577575029,1,X139 X149 X150 X160,0.689311111111,0.0143790858483,0.689311111111,0.0143790858483
0.00758577575029,0.00758577575029,0.00758577575029,0.00758577575029,0.00758577575029,0.00758577575029,0.00758577575029,0.00758577575029,0.00758577575029,0.00758577575029,0.00758577575029,0.00758577575029,0.00758577575029,0.00758577575029,0.00758577575029,0.00758577575029,0.00758577575029,0.00758577575029,1,X14 X24 X25 X35,0.692844444444,0.0139511279796,0.692844444444,0.0139511279796
0.00758577575029,0.00758577575029,0.00758577575029,0.00758577575029,0.00758577575029,0.00758577575029,0.00758577575029,0.00758577575029,0.00758577575029,0.00758577575029,0.00758577575029,0.00758577575029,0.00758577575029,0.00758577575029,0.00758577575029,0.00758577575029,0.00758577575029,0.00758577575029,1,X140 X150 X151 X161,0.690044444444,0.00897665483664,0.690044444444,0.00897665483664
0.00758577575029,0.00758577575029,0.00758577575029,0.00758577575029,0.00758577575029,0.00758577575029,0.00758577575029,0.00758577575029,0.00758577575029,0.00758577575029,0.00758577575029,0.00758577575029,0.00758577575029,0.00758577575029,0.00758577575029,0.00758577575029,0.00758577575029,0.00758577575029,1,X141 X151 X152 X162,0.689488888889,0.0138825763432,0.689488888889,0.0138825763432
0.00758577575029,0.00758577575029,0.00758577575029,0.00758577575029,0.00758577575029,0.00758577575029,0.00758577575029,0.00758577575029,0.00758577575029,0.00758577575029,0.00758577575029,0.00758577575029,0.00758577575029,0.00758577575029,0.00758577575029,0.00758577575029,0.00758577575029,0.00758577575029,1,X142 X152 X153 X163,0.687755555556,0.0138834594752,0.687755555556,0.0138834594752
0.00758577575029,0.00758577575029,0.00758577575029,0.00758577575029,0.00758577575029,0.00758577575029,0.00758577575029,0.00758577575029,0.00758577575029,0.00758577575029,0.00758577575029,0.00758577575029,0.00758577575029,0.00758577575029,0.00758577575029,0.00758577575029,0.00758577575029,0.00758577575029,1,X143 X153 X154 X164,0.694955555556,0.011394269358,0.694955555556,0.011394269358
0.00758577575029,0.00758577575029,0.00758577575029,0.00758577575029,0.00758577575029,0.00758577575029,0.00758577575029,0.00758577575029,0.00758577575029,0.00758577575029,0.00758577575029,0.00758577575029,0.00758577575029,0.00758577575029,0.00758577575029,0.00758577575029,0.00758577575029,0.00758577575029,1,X144 X154 X155 X165,0.690711111111,0.0136681337405,0.690711111111,0.0136681337405
0.00758577575029,0.00758577575029,0.00758577575029,0.00758577575029,0.00758577575029,0.00758577575029,0.00758577575029,0.00758577575029,0.00758577575029,0.00758577575029,0.00758577575029,0.00758577575029,0.00758577575029,0.00758577575029,0.00758577575029,0.00758577575029,0.00758577575029,0.00758577575029,1,X145 X155 X156 X166,0.690222222222,0.0158008034456,0.690222222222,0.0158008034456
0.00758577575029,0.00758577575029,0.00758577575029,0.00758577575029,0.00758577575029,0.00758577575029,0.00758577575029,0.00758577575029,0.00758577575029,0.00758577575029,0.00758577575029,0.00758577575029,0.00758577575029,0.00758577575029,0.00758577575029,0.00758577575029,0.00758577575029,0.00758577575029,1,X146 X156 X157 X167,0.0910666666667,0.0168232643153,0.0910666666667,0.0168232643153
0.00758577575029,0.00758577575029,0.00758577575029,0.00758577575029,0.00758577575029,0.00758577575029,0.00758577575029,0.00758577575029,0.00758577575029,0.00758577575029,0.00758577575029,0.00758577575029,0.00758577575029,0.00758577575029,0.00758577575029,0.00758577575029,0.00758577575029,0.00758577575029,1,X15 X25 X26 X36,0.692933333333,0.0162033060342,0.692933333333,0.0162033060342
0.00758577575029,0.00758577575029,0.00758577575029,0.00758577575029,0.00758577575029,0.00758577575029,0.00758577575029,0.00758577575029,0.00758577575029,0.00758577575029,0.00758577575029,0.00758577575029,0.00758577575029,0.00758577575029,0.00758577575029,0.00758577575029,0.00758577575029,0.00758577575029,1,X158 X168 X169 X179,0.691511111111,0.0134363073441,0.691511111111,0.0134363073441
0.00758577575029,0.00758577575029,0.00758577575029,0.00758577575029,0.00758577575029,0.00758577575029,0.00758577575029,0.00758577575029,0.00758577575029,0.00758577575029,0.00758577575029,0.00758577575029,0.00758577575029,0.00758577575029,0.00758577575029,0.00758577575029,0.00758577575029,0.00758577575029,1,X159 X169 X170 X180,0.688177777778,0.0141160307592,0.688177777778,0.0141160307592
0.00758577575029,0.00758577575029,0.00758577575029,0.00758577575029,0.00758577575029,0.00758577575029,0.00758577575029,0.00758577575029,0.00758577575029,0.00758577575029,0.00758577575029,0.00758577575029,0.00758577575029,0.00758577575029,0.00758577575029,0.00758577575029,0.00758577575029,0.00758577575029,1,X16 X26 X27 X37,0.689866666667,0.0135164437954,0.689866666667,0.0135164437954
0.00758577575029,0.00758577575029,0.00758577575029,0.00758577575029,0.00758577575029,0.00758577575029,0.00758577575029,0.00758577575029,0.00758577575029,0.00758577575029,0.00758577575029,0.00758577575029,0.00758577575029,0.00758577575029,0.00758577575029,0.00758577575029,0.00758577575029,0.00758577575029,1,X160 X170 X171 X181,0.691911111111,0.0162591402725,0.691911111111,0.0162591402725
0.00758577575029,0.00758577575029,0.00758577575029,0.00758577575029,0.00758577575029,0.00758577575029,0.00758577575029,0.00758577575029,0.00758577575029,0.00758577575029,0.00758577575029,0.00758577575029,0.00758577575029,0.00758577575029,0.00758577575029,0.00758577575029,0.00758577575029,0.00758577575029,1,X161 X171 X172 X182,0.688511111111,0.0126450915267,0.688511111111,0.0126450915267
0.00758577575029,0.00758577575029,0.00758577575029,0.00758577575029,0.00758577575029,0.00758577575029,0.00758577575029,0.00758577575029,0.00758577575029,0.00758577575029,0.00758577575029,0.00758577575029,0.00758577575029,0.00758577575029,0.00758577575029,0.00758577575029,0.00758577575029,0.00758577575029,1,X162 X172 X173 X183,0.6918,0.0128357140649,0.6918,0.0128357140649
0.00758577575029,0.00758577575029,0.00758577575029,0.00758577575029,0.00758577575029,0.00758577575029,0.00758577575029,0.00758577575029,0.00758577575029,0.00758577575029,0.00758577575029,0.00758577575029,0.00758577575029,0.00758577575029,0.00758577575029,0.00758577575029,0.00758577575029,0.00758577575029,1,X163 X173 X174 X184,0.690977777778,0.0112003466467,0.690977777778,0.0112003466467
0.00758577575029,0.00758577575029,0.00758577575029,0.00758577575029,0.00758577575029,0.00758577575029,0.00758577575029,0.00758577575029,0.00758577575029,0.00758577575029,0.00758577575029,0.00758577575029,0.00758577575029,0.00758577575029,0.00758577575029,0.00758577575029,0.00758577575029,0.00758577575029,1,X164 X174 X175 X185,0.694177777778,0.0114080476177,0.694177777778,0.0114080476177
0.00758577575029,0.00758577575029,0.00758577575029,0.00758577575029,0.00758577575029,0.00758577575029,0.00758577575029,0.00758577575029,0.00758577575029,0.00758577575029,0.00758577575029,0.00758577575029,0.00758577575029,0.00758577575029,0.00758577575029,0.00758577575029,0.00758577575029,0.00758577575029,1,X165 X175 X176 X186,0.690244444444,0.0135029252779,0.690244444444,0.0135029252779
0.00758577575029,0.00758577575029,0.00758577575029,0.00758577575029,0.00758577575029,0.00758577575029,0.00758577575029,0.00758577575029,0.00758577575029,0.00758577575029,0.00758577575029,0.00758577575029,0.00758577575029,0.00758577575029,0.00758577575029,0.00758577575029,0.00758577575029,0.00758577575029,1,X166 X176 X177 X187,0.688511111111,0.017275485551,0.688511111111,0.017275485551
0.00758577575029,0.00758577575029,0.00758577575029,0.00758577575029,0.00758577575029,0.00758577575029,0.00758577575029,0.00758577575029,0.00758577575029,0.00758577575029,0.00758577575029,0.00758577575029,0.00758577575029,0.00758577575029,0.00758577575029,0.00758577575029,0.00758577575029,0.00758577575029,1,X167 X177 X178 X188,0.0884444444444,0.0165428349906,0.0884444444444,0.0165428349906
0.00758577575029,0.00758577575029,0.00758577575029,0.00758577575029,0.00758577575029,0.00758577575029,0.00758577575029,0.00758577575029,0.00758577575029,0.00758577575029,0.00758577575029,0.00758577575029,0.00758577575029,0.00758577575029,0.00758577575029,0.00758577575029,0.00758577575029,0.00758577575029,1,X17 X27 X28 X38,0.688288888889,0.0159228824797,0.688288888889,0.0159228824797
0.00758577575029,0.00758577575029,0.00758577575029,0.00758577575029,0.00758577575029,0.00758577575029,0.00758577575029,0.00758577575029,0.00758577575029,0.00758577575029,0.00758577575029,0.00758577575029,0.00758577575029,0.00758577575029,0.00758577575029,0.00758577575029,0.00758577575029,0.00758577575029,1,X179 X189 X190 X200,0.693422222222,0.0135451376336,0.693422222222,0.0135451376336
0.00758577575029,0.00758577575029,0.00758577575029,0.00758577575029,0.00758577575029,0.00758577575029,0.00758577575029,0.00758577575029,0.00758577575029,0.00758577575029,0.00758577575029,0.00758577575029,0.00758577575029,0.00758577575029,0.00758577575029,0.00758577575029,0.00758577575029,0.00758577575029,1,X18 X28 X29 X39,0.692733333333,0.0113290728977,0.692733333333,0.0113290728977
0.00758577575029,0.00758577575029,0.00758577575029,0.00758577575029,0.00758577575029,0.00758577575029,0.00758577575029,0.00758577575029,0.00758577575029,0.00758577575029,0.00758577575029,0.00758577575029,0.00758577575029,0.00758577575029,0.00758577575029,0.00758577575029,0.00758577575029,0.00758577575029,1,X180 X190 X191 X201,0.692333333333,0.0159709986205,0.692333333333,0.0159709986205
0.00758577575029,0.00758577575029,0.00758577575029,0.00758577575029,0.00758577575029,0.00758577575029,0.00758577575029,0.00758577575029,0.00758577575029,0.00758577575029,0.00758577575029,0.00758577575029,0.00758577575029,0.00758577575029,0.00758577575029,0.00758577575029,0.00758577575029,0.00758577575029,1,X181 X191 X192 X202,0.691911111111,0.0123781210185,0.691911111111,0.0123781210185
0.00758577575029,0.00758577575029,0.00758577575029,0.00758577575029,0.00758577575029,0.00758577575029,0.00758577575029,0.00758577575029,0.00758577575029,0.00758577575029,0.00758577575029,0.00758577575029,0.00758577575029,0.00758577575029,0.00758577575029,0.00758577575029,0.00758577575029,0.00758577575029,1,X182 X192 X193 X203,0.691066666667,0.0129610084277,0.691066666667,0.0129610084277
0.00758577575029,0.00758577575029,0.00758577575029,0.00758577575029,0.00758577575029,0.00758577575029,0.00758577575029,0.00758577575029,0.00758577575029,0.00758577575029,0.00758577575029,0.00758577575029,0.00758577575029,0.00758577575029,0.00758577575029,0.00758577575029,0.00758577575029,0.00758577575029,1,X183 X193 X194 X204,0.691022222222,0.0127405387729,0.691022222222,0.0127405387729
0.00758577575029,0.00758577575029,0.00758577575029,0.00758577575029,0.00758577575029,0.00758577575029,0.00758577575029,0.00758577575029,0.00758577575029,0.00758577575029,0.00758577575029,0.00758577575029,0.00758577575029,0.00758577575029,0.00758577575029,0.00758577575029,0.00758577575029,0.00758577575029,1,X184 X194 X195 X205,0.690466666667,0.0150199356667,0.690466666667,0.0150199356667
0.00758577575029,0.00758577575029,0.00758577575029,0.00758577575029,0.00758577575029,0.00758577575029,0.00758577575029,0.00758577575029,0.00758577575029,0.00758577575029,0.00758577575029,0.00758577575029,0.00758577575029,0.00758577575029,0.00758577575029,0.00758577575029,0.00758577575029,0.00758577575029,1,X185 X195 X196 X206,0.694777777778,0.0135511895488,0.694777777778,0.0135511895488
0.00758577575029,0.00758577575029,0.00758577575029,0.00758577575029,0.00758577575029,0.00758577575029,0.00758577575029,0.00758577575029,0.00758577575029,0.00758577575029,0.00758577575029,0.00758577575029,0.00758577575029,0.00758577575029,0.00758577575029,0.00758577575029,0.00758577575029,0.00758577575029,1,X186 X196 X197 X207,0.694977777778,0.0122961331907,0.694977777778,0.0122961331907
0.00758577575029,0.00758577575029,0.00758577575029,0.00758577575029,0.00758577575029,0.00758577575029,0.00758577575029,0.00758577575029,0.00758577575029,0.00758577575029,0.00758577575029,0.00758577575029,0.00758577575029,0.00758577575029,0.00758577575029,0.00758577575029,0.00758577575029,0.00758577575029,1,X187 X197 X198 X208,0.6904,0.0126328647595,0.6904,0.0126328647595
0.00758577575029,0.00758577575029,0.00758577575029,0.00758577575029,0.00758577575029,0.00758577575029,0.00758577575029,0.00758577575029,0.00758577575029,0.00758577575029,0.00758577575029,0.00758577575029,0.00758577575029,0.00758577575029,0.00758577575029,0.00758577575029,0.00758577575029,0.00758577575029,1,X188 X198 X199 X209,0.0797555555556,0.0166104646269,0.0797555555556,0.0166104646269
0.00758577575029,0.00758577575029,0.00758577575029,0.00758577575029,0.00758577575029,0.00758577575029,0.00758577575029,0.00758577575029,0.00758577575029,0.00758577575029,0.00758577575029,0.00758577575029,0.00758577575029,0.00758577575029,0.00758577575029,0.00758577575029,0.00758577575029,0.00758577575029,1,X19 X29 X30 X40,0.691488888889,0.0135631722838,0.691488888889,0.0135631722838
0.00758577575029,0.00758577575029,0.00758577575029,0.00758577575029,0.00758577575029,0.00758577575029,0.00758577575029,0.00758577575029,0.00758577575029,0.00758577575029,0.00758577575029,0.00758577575029,0.00758577575029,0.00758577575029,0.00758577575029,0.00758577575029,0.00758577575029,0.00758577575029,1,X2 X3 X13,0.460822222222,0.0139200600401,0.460822222222,0.0139200600401
0.00758577575029,0.00758577575029,0.00758577575029,0.00758577575029,0.00758577575029,0.00758577575029,0.00758577575029,0.00758577575029,0.00758577575029,0.00758577575029,0.00758577575029,0.00758577575029,0.00758577575029,0.00758577575029,0.00758577575029,0.00758577575029,0.00758577575029,0.00758577575029,1,X20 X30 X31 X41,0.0940666666667,0.0154516673207,0.0940666666667,0.0154516673207
0.00758577575029,0.00758577575029,0.00758577575029,0.00758577575029,0.00758577575029,0.00758577575029,0.00758577575029,0.00758577575029,0.00758577575029,0.00758577575029,0.00758577575029,0.00758577575029,0.00758577575029,0.00758577575029,0.00758577575029,0.00758577575029,0.00758577575029,0.00758577575029,1,X200 X210 X211,0.724666666667,0.0168791058578,0.724666666667,0.0168791058578
0.00758577575029,0.00758577575029,0.00758577575029,0.00758577575029,0.00758577575029,0.00758577575029,0.00758577575029,0.00758577575029,0.00758577575029,0.00758577575029,0.00758577575029,0.00758577575029,0.00758577575029,0.00758577575029,0.00758577575029,0.00758577575029,0.00758577575029,0.00758577575029,1,X201 X211 X212,0.734844444444,0.00971459909129,0.734844444444,0.00971459909129
0.00758577575029,0.00758577575029,0.00758577575029,0.00758577575029,0.00758577575029,0.00758577575029,0.00758577575029,0.00758577575029,0.00758577575029,0.00758577575029,0.00758577575029,0.00758577575029,0.00758577575029,0.00758577575029,0.00758577575029,0.00758577575029,0.00758577575029,0.00758577575029,1,X202 X212 X213,0.730666666667,0.0112770747002,0.730666666667,0.0112770747002
0.00758577575029,0.00758577575029,0.00758577575029,0.00758577575029,0.00758577575029,0.00758577575029,0.00758577575029,0.00758577575029,0.00758577575029,0.00758577575029,0.00758577575029,0.00758577575029,0.00758577575029,0.00758577575029,0.00758577575029,0.00758577575029,0.00758577575029,0.00758577575029,1,X203 X213 X214,0.734466666667,0.0103681652463,0.734466666667,0.0103681652463
0.00758577575029,0.00758577575029,0.00758577575029,0.00758577575029,0.00758577575029,0.00758577575029,0.00758577575029,0.00758577575029,0.00758577575029,0.00758577575029,0.00758577575029,0.00758577575029,0.00758577575029,0.00758577575029,0.00758577575029,0.00758577575029,0.00758577575029,0.00758577575029,1,X204 X214 X215,0.730222222222,0.0122881537613,0.730222222222,0.0122881537613
0.00758577575029,0.00758577575029,0.00758577575029,0.00758577575029,0.00758577575029,0.00758577575029,0.00758577575029,0.00758577575029,0.00758577575029,0.00758577575029,0.00758577575029,0.00758577575029,0.00758577575029,0.00758577575029,0.00758577575029,0.00758577575029,0.00758577575029,0.00758577575029,1,X205 X215 X216,0.730133333333,0.0133911390615,0.730133333333,0.0133911390615
0.00758577575029,0.00758577575029,0.00758577575029,0.00758577575029,0.00758577575029,0.00758577575029,0.00758577575029,0.00758577575029,0.00758577575029,0.00758577575029,0.00758577575029,0.00758577575029,0.00758577575029,0.00758577575029,0.00758577575029,0.00758577575029,0.00758577575029,0.00758577575029,1,X206 X216 X217,0.735266666667,0.0177641854169,0.735266666667,0.0177641854169
0.00758577575029,0.00758577575029,0.00758577575029,0.00758577575029,0.00758577575029,0.00758577575029,0.00758577575029,0.00758577575029,0.00758577575029,0.00758577575029,0.00758577575029,0.00758577575029,0.00758577575029,0.00758577575029,0.00758577575029,0.00758577575029,0.00758577575029,0.00758577575029,1,X207 X217 X218,0.728755555556,0.0132001780243,0.728755555556,0.0132001780243
0.00758577575029,0.00758577575029,0.00758577575029,0.00758577575029,0.00758577575029,0.00758577575029,0.00758577575029,0.00758577575029,0.00758577575029,0.00758577575029,0.00758577575029,0.00758577575029,0.00758577575029,0.00758577575029,0.00758577575029,0.00758577575029,0.00758577575029,0.00758577575029,1,X208 X218 X219,0.729244444444,0.0119689679641,0.729244444444,0.0119689679641
0.00758577575029,0.00758577575029,0.00758577575029,0.00758577575029,0.00758577575029,0.00758577575029,0.00758577575029,0.00758577575029,0.00758577575029,0.00758577575029,0.00758577575029,0.00758577575029,0.00758577575029,0.00758577575029,0.00758577575029,0.00758577575029,0.00758577575029,0.00758577575029,1,X209 X219 X220,0.0899777777778,0.0205536273301,0.0899777777778,0.0205536273301
0.00758577575029,0.00758577575029,0.00758577575029,0.00758577575029,0.00758577575029,0.00758577575029,0.00758577575029,0.00758577575029,0.00758577575029,0.00758577575029,0.00758577575029,0.00758577575029,0.00758577575029,0.00758577575029,0.00758577575029,0.00758577575029,0.00758577575029,0.00758577575029,1,X3 X4 X14,0.363,0.0188152949929,0.363,0.0188152949929
0.00758577575029,0.00758577575029,0.00758577575029,0.00758577575029,0.00758577575029,0.00758577575029,0.00758577575029,0.00758577575029,0.00758577575029,0.00758577575029,0.00758577575029,0.00758577575029,0.00758577575029,0.00758577575029,0.00758577575029,0.00758577575029,0.00758577575029,0.00758577575029,1,X32 X42 X43 X53,0.689,0.0151424905203,0.689,0.0151424905203
0.00758577575029,0.00758577575029,0.00758577575029,0.00758577575029,0.00758577575029,0.00758577575029,0.00758577575029,0.00758577575029,0.00758577575029,0.00758577575029,0.00758577575029,0.00758577575029,0.00758577575029,0.00758577575029,0.00758577575029,0.00758577575029,0.00758577575029,0.00758577575029,1,X33 X43 X44 X54,0.692288888889,0.0139145540645,0.692288888889,0.0139145540645
0.00758577575029,0.00758577575029,0.00758577575029,0.00758577575029,0.00758577575029,0.00758577575029,0.00758577575029,0.00758577575029,0.00758577575029,0.00758577575029,0.00758577575029,0.00758577575029,0.00758577575029,0.00758577575029,0.00758577575029,0.00758577575029,0.00758577575029,0.00758577575029,1,X34 X44 X45 X55,0.694422222222,0.0170942694647,0.694422222222,0.0170942694647
0.00758577575029,0.00758577575029,0.00758577575029,0.00758577575029,0.00758577575029,0.00758577575029,0.00758577575029,0.00758577575029,0.00758577575029,0.00758577575029,0.00758577575029,0.00758577575029,0.00758577575029,0.00758577575029,0.00758577575029,0.00758577575029,0.00758577575029,0.00758577575029,1,X35 X45 X46 X56,0.690955555556,0.0152151198578,0.690955555556,0.0152151198578
0.00758577575029,0.00758577575029,0.00758577575029,0.00758577575029,0.00758577575029,0.00758577575029,0.00758577575029,0.00758577575029,0.00758577575029,0.00758577575029,0.00758577575029,0.00758577575029,0.00758577575029,0.00758577575029,0.00758577575029,0.00758577575029,0.00758577575029,0.00758577575029,1,X36 X46 X47 X57,0.691244444444,0.0133559960657,0.691244444444,0.0133559960657
0.00758577575029,0.00758577575029,0.00758577575029,0.00758577575029,0.00758577575029,0.00758577575029,0.00758577575029,0.00758577575029,0.00758577575029,0.00758577575029,0.00758577575029,0.00758577575029,0.00758577575029,0.00758577575029,0.00758577575029,0.00758577575029,0.00758577575029,0.00758577575029,1,X37 X47 X48 X58,0.691288888889,0.0118818362725,0.691288888889,0.0118818362725
0.00758577575029,0.00758577575029,0.00758577575029,0.00758577575029,0.00758577575029,0.00758577575029,0.00758577575029,0.00758577575029,0.00758577575029,0.00758577575029,0.00758577575029,0.00758577575029,0.00758577575029,0.00758577575029,0.00758577575029,0.00758577575029,0.00758577575029,0.00758577575029,1,X38 X48 X49 X59,0.684955555556,0.0105025934886,0.684955555556,0.0105025934886
0.00758577575029,0.00758577575029,0.00758577575029,0.00758577575029,0.00758577575029,0.00758577575029,0.00758577575029,0.00758577575029,0.00758577575029,0.00758577575029,0.00758577575029,0.00758577575029,0.00758577575029,0.00758577575029,0.00758577575029,0.00758577575029,0.00758577575029,0.00758577575029,1,X39 X49 X50 X60,0.689755555556,0.0149753138713,0.689755555556,0.0149753138713
0.00758577575029,0.00758577575029,0.00758577575029,0.00758577575029,0.00758577575029,0.00758577575029,0.00758577575029,0.00758577575029,0.00758577575029,0.00758577575029,0.00758577575029,0.00758577575029,0.00758577575029,0.00758577575029,0.00758577575029,0.00758577575029,0.00758577575029,0.00758577575029,1,X4 X5 X15,0.291311111111,0.0182208531399,0.291311111111,0.0182208531399
0.00758577575029,0.00758577575029,0.00758577575029,0.00758577575029,0.00758577575029,0.00758577575029,0.00758577575029,0.00758577575029,0.00758577575029,0.00758577575029,0.00758577575029,0.00758577575029,0.00758577575029,0.00758577575029,0.00758577575029,0.00758577575029,0.00758577575029,0.00758577575029,1,X40 X50 X51 X61,0.690488888889,0.0153487512024,0.690488888889,0.0153487512024
0.00758577575029,0.00758577575029,0.00758577575029,0.00758577575029,0.00758577575029,0.00758577575029,0.00758577575029,0.00758577575029,0.00758577575029,0.00758577575029,0.00758577575029,0.00758577575029,0.00758577575029,0.00758577575029,0.00758577575029,0.00758577575029,0.00758577575029,0.00758577575029,1,X41 X51 X52 X62,0.103422222222,0.0216036986569,0.103422222222,0.0216036986569
0.00758577575029,0.00758577575029,0.00758577575029,0.00758577575029,0.00758577575029,0.00758577575029,0.00758577575029,0.00758577575029,0.00758577575029,0.00758577575029,0.00758577575029,0.00758577575029,0.00758577575029,0.00758577575029,0.00758577575029,0.00758577575029,0.00758577575029,0.00758577575029,1,X5 X6 X16,0.233111111111,0.0153531439573,0.233111111111,0.0153531439573
0.00758577575029,0.00758577575029,0.00758577575029,0.00758577575029,0.00758577575029,0.00758577575029,0.00758577575029,0.00758577575029,0.00758577575029,0.00758577575029,0.00758577575029,0.00758577575029,0.00758577575029,0.00758577575029,0.00758577575029,0.00758577575029,0.00758577575029,0.00758577575029,1,X53 X63 X64 X74,0.691755555556,0.012538960993,0.691755555556,0.012538960993
0.00758577575029,0.00758577575029,0.00758577575029,0.00758577575029,0.00758577575029,0.00758577575029,0.00758577575029,0.00758577575029,0.00758577575029,0.00758577575029,0.00758577575029,0.00758577575029,0.00758577575029,0.00758577575029,0.00758577575029,0.00758577575029,0.00758577575029,0.00758577575029,1,X54 X64 X65 X75,0.687466666667,0.0107431168376,0.687466666667,0.0107431168376
0.00758577575029,0.00758577575029,0.00758577575029,0.00758577575029,0.00758577575029,0.00758577575029,0.00758577575029,0.00758577575029,0.00758577575029,0.00758577575029,0.00758577575029,0.00758577575029,0.00758577575029,0.00758577575029,0.00758577575029,0.00758577575029,0.00758577575029,0.00758577575029,1,X55 X65 X66 X76,0.6898,0.0100834069533,0.6898,0.0100834069533
0.00758577575029,0.00758577575029,0.00758577575029,0.00758577575029,0.00758577575029,0.00758577575029,0.00758577575029,0.00758577575029,0.00758577575029,0.00758577575029,0.00758577575029,0.00758577575029,0.00758577575029,0.00758577575029,0.00758577575029,0.00758577575029,0.00758577575029,0.00758577575029,1,X56 X66 X67 X77,0.691555555556,0.0138124640624,0.691555555556,0.0138124640624
0.00758577575029,0.00758577575029,0.00758577575029,0.00758577575029,0.00758577575029,0.00758577575029,0.00758577575029,0.00758577575029,0.00758577575029,0.00758577575029,0.00758577575029,0.00758577575029,0.00758577575029,0.00758577575029,0.00758577575029,0.00758577575029,0.00758577575029,0.00758577575029,1,X57 X67 X68 X78,0.690377777778,0.0123047924917,0.690377777778,0.0123047924917
0.00758577575029,0.00758577575029,0.00758577575029,0.00758577575029,0.00758577575029,0.00758577575029,0.00758577575029,0.00758577575029,0.00758577575029,0.00758577575029,0.00758577575029,0.00758577575029,0.00758577575029,0.00758577575029,0.00758577575029,0.00758577575029,0.00758577575029,0.00758577575029,1,X58 X68 X69 X79,0.691666666667,0.0118596518075,0.691666666667,0.0118596518075
0.00758577575029,0.00758577575029,0.00758577575029,0.00758577575029,0.00758577575029,0.00758577575029,0.00758577575029,0.00758577575029,0.00758577575029,0.00758577575029,0.00758577575029,0.00758577575029,0.00758577575029,0.00758577575029,0.00758577575029,0.00758577575029,0.00758577575029,0.00758577575029,1,X59 X69 X70 X80,0.690844444444,0.0128115528962,0.690844444444,0.0128115528962
0.00758577575029,0.00758577575029,0.00758577575029,0.00758577575029,0.00758577575029,0.00758577575029,0.00758577575029,0.00758577575029,0.00758577575029,0.00758577575029,0.00758577575029,0.00758577575029,0.00758577575029,0.00758577575029,0.00758577575029,0.00758577575029,0.00758577575029,0.00758577575029,1,X6 X7 X17,0.182466666667,0.0152849311014,0.182466666667,0.0152849311014
0.00758577575029,0.00758577575029,0.00758577575029,0.00758577575029,0.00758577575029,0.00758577575029,0.00758577575029,0.00758577575029,0.00758577575029,0.00758577575029,0.00758577575029,0.00758577575029,0.00758577575029,0.00758577575029,0.00758577575029,0.00758577575029,0.00758577575029,0.00758577575029,1,X60 X70 X71 X81,0.693711111111,0.0125672850646,0.693711111111,0.0125672850646
0.00758577575029,0.00758577575029,0.00758577575029,0.00758577575029,0.00758577575029,0.00758577575029,0.00758577575029,0.00758577575029,0.00758577575029,0.00758577575029,0.00758577575029,0.00758577575029,0.00758577575029,0.00758577575029,0.00758577575029,0.00758577575029,0.00758577575029,0.00758577575029,1,X61 X71 X72 X82,0.692866666667,0.0123016368098,0.692866666667,0.0123016368098
0.00758577575029,0.00758577575029,0.00758577575029,0.00758577575029,0.00758577575029,0.00758577575029,0.00758577575029,0.00758577575029,0.00758577575029,0.00758577575029,0.00758577575029,0.00758577575029,0.00758577575029,0.00758577575029,0.00758577575029,0.00758577575029,0.00758577575029,0.00758577575029,1,X62 X72 X73 X83,0.0972666666667,0.0195405855275,0.0972666666667,0.0195405855275
0.00758577575029,0.00758577575029,0.00758577575029,0.00758577575029,0.00758577575029,0.00758577575029,0.00758577575029,0.00758577575029,0.00758577575029,0.00758577575029,0.00758577575029,0.00758577575029,0.00758577575029,0.00758577575029,0.00758577575029,0.00758577575029,0.00758577575029,0.00758577575029,1,X7 X8 X18,0.149022222222,0.0177783141682,0.149022222222,0.0177783141682
0.00758577575029,0.00758577575029,0.00758577575029,0.00758577575029,0.00758577575029,0.00758577575029,0.00758577575029,0.00758577575029,0.00758577575029,0.00758577575029,0.00758577575029,0.00758577575029,0.00758577575029,0.00758577575029,0.00758577575029,0.00758577575029,0.00758577575029,0.00758577575029,1,X74 X84 X85 X95,0.692466666667,0.0131179733974,0.692466666667,0.0131179733974
0.00758577575029,0.00758577575029,0.00758577575029,0.00758577575029,0.00758577575029,0.00758577575029,0.00758577575029,0.00758577575029,0.00758577575029,0.00758577575029,0.00758577575029,0.00758577575029,0.00758577575029,0.00758577575029,0.00758577575029,0.00758577575029,0.00758577575029,0.00758577575029,1,X75 X85 X86 X96,0.687755555556,0.01119589872,0.687755555556,0.01119589872
0.00758577575029,0.00758577575029,0.00758577575029,0.00758577575029,0.00758577575029,0.00758577575029,0.00758577575029,0.00758577575029,0.00758577575029,0.00758577575029,0.00758577575029,0.00758577575029,0.00758577575029,0.00758577575029,0.00758577575029,0.00758577575029,0.00758577575029,0.00758577575029,1,X76 X86 X87 X97,0.688844444444,0.0123275019869,0.688844444444,0.0123275019869
0.00758577575029,0.00758577575029,0.00758577575029,0.00758577575029,0.00758577575029,0.00758577575029,0.00758577575029,0.00758577575029,0.00758577575029,0.00758577575029,0.00758577575029,0.00758577575029,0.00758577575029,0.00758577575029,0.00758577575029,0.00758577575029,0.00758577575029,0.00758577575029,1,X77 X87 X88 X98,0.688022222222,0.0139099273608,0.688022222222,0.0139099273608
0.00758577575029,0.00758577575029,0.00758577575029,0.00758577575029,0.00758577575029,0.00758577575029,0.00758577575029,0.00758577575029,0.00758577575029,0.00758577575029,0.00758577575029,0.00758577575029,0.00758577575029,0.00758577575029,0.00758577575029,0.00758577575029,0.00758577575029,0.00758577575029,1,X78 X88 X89 X99,0.691511111111,0.0126768662303,0.691511111111,0.0126768662303
0.00758577575029,0.00758577575029,0.00758577575029,0.00758577575029,0.00758577575029,0.00758577575029,0.00758577575029,0.00758577575029,0.00758577575029,0.00758577575029,0.00758577575029,0.00758577575029,0.00758577575029,0.00758577575029,0.00758577575029,0.00758577575029,0.00758577575029,0.00758577575029,1,X79 X89 X90 X100,0.688688888889,0.0132288820602,0.688688888889,0.0132288820602
0.00758577575029,0.00758577575029,0.00758577575029,0.00758577575029,0.00758577575029,0.00758577575029,0.00758577575029,0.00758577575029,0.00758577575029,0.00758577575029,0.00758577575029,0.00758577575029,0.00758577575029,0.00758577575029,0.00758577575029,0.00758577575029,0.00758577575029,0.00758577575029,1,X8 X9 X19,0.1202,0.0203706271898,0.1202,0.0203706271898
0.00758577575029,0.00758577575029,0.00758577575029,0.00758577575029,0.00758577575029,0.00758577575029,0.00758577575029,0.00758577575029,0.00758577575029,0.00758577575029,0.00758577575029,0.00758577575029,0.00758577575029,0.00758577575029,0.00758577575029,0.00758577575029,0.00758577575029,0.00758577575029,1,X80 X90 X91 X101,0.693133333333,0.013168114281,0.693133333333,0.013168114281
0.00758577575029,0.00758577575029,0.00758577575029,0.00758577575029,0.00758577575029,0.00758577575029,0.00758577575029,0.00758577575029,0.00758577575029,0.00758577575029,0.00758577575029,0.00758577575029,0.00758577575029,0.00758577575029,0.00758577575029,0.00758577575029,0.00758577575029,0.00758577575029,1,X81 X91 X92 X102,0.693066666667,0.0127415812488,0.693066666667,0.0127415812488
0.00758577575029,0.00758577575029,0.00758577575029,0.00758577575029,0.00758577575029,0.00758577575029,0.00758577575029,0.00758577575029,0.00758577575029,0.00758577575029,0.00758577575029,0.00758577575029,0.00758577575029,0.00758577575029,0.00758577575029,0.00758577575029,0.00758577575029,0.00758577575029,1,X82 X92 X93 X103,0.690222222222,0.0140162285069,0.690222222222,0.0140162285069
0.00758577575029,0.00758577575029,0.00758577575029,0.00758577575029,0.00758577575029,0.00758577575029,0.00758577575029,0.00758577575029,0.00758577575029,0.00758577575029,0.00758577575029,0.00758577575029,0.00758577575029,0.00758577575029,0.00758577575029,0.00758577575029,0.00758577575029,0.00758577575029,1,X83 X93 X94 X104,0.0922444444444,0.0168858991102,0.0922444444444,0.0168858991102
0.00758577575029,0.00758577575029,0.00758577575029,0.00758577575029,0.00758577575029,0.00758577575029,0.00758577575029,0.00758577575029,0.00758577575029,0.00758577575029,0.00758577575029,0.00758577575029,0.00758577575029,0.00758577575029,0.00758577575029,0.00758577575029,0.00758577575029,0.00758577575029,1,X9 X10 X20,0.103688888889,0.0189022355371,0.103688888889,0.0189022355371
0.00758577575029,0.00758577575029,0.00758577575029,0.00758577575029,0.00758577575029,0.00758577575029,0.00758577575029,0.00758577575029,0.00758577575029,0.00758577575029,0.00758577575029,0.00758577575029,0.00758577575029,0.00758577575029,0.00758577575029,0.00758577575029,0.00758577575029,0.00758577575029,1,X95 X105 X106 X116,0.691333333333,0.0127384535652,0.691333333333,0.0127384535652
0.00758577575029,0.00758577575029,0.00758577575029,0.00758577575029,0.00758577575029,0.00758577575029,0.00758577575029,0.00758577575029,0.00758577575029,0.00758577575029,0.00758577575029,0.00758577575029,0.00758577575029,0.00758577575029,0.00758577575029,0.00758577575029,0.00758577575029,0.00758577575029,1,X96 X106 X107 X117,0.692244444444,0.0124136660984,0.692244444444,0.0124136660984
0.00758577575029,0.00758577575029,0.00758577575029,0.00758577575029,0.00758577575029,0.00758577575029,0.00758577575029,0.00758577575029,0.00758577575029,0.00758577575029,0.00758577575029,0.00758577575029,0.00758577575029,0.00758577575029,0.00758577575029,0.00758577575029,0.00758577575029,0.00758577575029,1,X97 X107 X108 X118,0.692266666667,0.0135664675633,0.692266666667,0.0135664675633
0.00758577575029,0.00758577575029,0.00758577575029,0.00758577575029,0.00758577575029,0.00758577575029,0.00758577575029,0.00758577575029,0.00758577575029,0.00758577575029,0.00758577575029,0.00758577575029,0.00758577575029,0.00758577575029,0.00758577575029,0.00758577575029,0.00758577575029,0.00758577575029,1,X98 X108 X109 X119,0.692311111111,0.0133697586739,0.692311111111,0.0133697586739
0.00758577575029,0.00758577575029,0.00758577575029,0.00758577575029,0.00758577575029,0.00758577575029,0.00758577575029,0.00758577575029,0.00758577575029,0.00758577575029,0.00758577575029,0.00758577575029,0.00758577575029,0.00758577575029,0.00758577575029,0.00758577575029,0.00758577575029,0.00758577575029,1,X99 X109 X110 X120,0.688111111111,0.0117079183125,0.688111111111,0.0117079183125
0.00758577575029,0.00758577575029,0.00758577575029,0.00758577575029,0.00758577575029,0.00758577575029,0.00758577575029,0.00758577575029,0.00758577575029,0.00758577575029,0.00758577575029,0.00758577575029,0.00758577575029,0.00758577575029,0.00758577575029,0.00758577575029,0.00758577575029,0.00758577575029,1,Z0 Z11 Z21,0.81,0.0113448217634,0.81,0.0113448217634
0.00758577575029,0.00758577575029,0.00758577575029,0.00758577575029,0.00758577575029,0.00758577575029,0.00758577575029,0.00758577575029,0.00758577575029,0.00758577575029,0.00758577575029,0.00758577575029,0.00758577575029,0.00758577575029,0.00758577575029,0.00758577575029,0.00758577575029,0.00758577575029,1,Z1 Z11 Z12 Z22,0.655533333333,0.0156456449818,0.655533333333,0.0156456449818
0.00758577575029,0.00758577575029,0.00758577575029,0.00758577575029,0.00758577575029,0.00758577575029,0.00758577575029,0.00758577575029,0.00758577575029,0.00758577575029,0.00758577575029,0.00758577575029,0.00758577575029,0.00758577575029,0.00758577575029,0.00758577575029,0.00758577575029,0.00758577575029,1,Z10 Z20 Z31,0.280355555556,0.0163259268531,0.280355555556,0.0163259268531
0.00758577575029,0.00758577575029,0.00758577575029,0.00758577575029,0.00758577575029,0.00758577575029,0.00758577575029,0.00758577575029,0.00758577575029,0.00758577575029,0.00758577575029,0.00758577575029,0.00758577575029,0.00758577575029,0.00758577575029,0.00758577575029,0.00758577575029,0.00758577575029,1,Z105 Z116 Z126,0.775044444444,0.0120149119778,0.775044444444,0.0120149119778
0.00758577575029,0.00758577575029,0.00758577575029,0.00758577575029,0.00758577575029,0.00758577575029,0.00758577575029,0.00758577575029,0.00758577575029,0.00758577575029,0.00758577575029,0.00758577575029,0.00758577575029,0.00758577575029,0.00758577575029,0.00758577575029,0.00758577575029,0.00758577575029,1,Z106 Z116 Z117 Z127,0.743222222222,0.0138166242622,0.743222222222,0.0138166242622
0.00758577575029,0.00758577575029,0.00758577575029,0.00758577575029,0.00758577575029,0.00758577575029,0.00758577575029,0.00758577575029,0.00758577575029,0.00758577575029,0.00758577575029,0.00758577575029,0.00758577575029,0.00758577575029,0.00758577575029,0.00758577575029,0.00758577575029,0.00758577575029,1,Z107 Z117 Z118 Z128,0.737755555556,0.0126618058832,0.737755555556,0.0126618058832
0.00758577575029,0.00758577575029,0.00758577575029,0.00758577575029,0.00758577575029,0.00758577575029,0.00758577575029,0.00758577575029,0.00758577575029,0.00758577575029,0.00758577575029,0.00758577575029,0.00758577575029,0.00758577575029,0.00758577575029,0.00758577575029,0.00758577575029,0.00758577575029,1,Z108 Z118 Z119 Z129,0.737955555556,0.00952823323644,0.737955555556,0.00952823323644
0.00758577575029,0.00758577575029,0.00758577575029,0.00758577575029,0.00758577575029,0.00758577575029,0.00758577575029,0.00758577575029,0.00758577575029,0.00758577575029,0.00758577575029,0.00758577575029,0.00758577575029,0.00758577575029,0.00758577575029,0.00758577575029,0.00758577575029,0.00758577575029,1,Z109 Z119 Z120 Z130,0.739444444444,0.0134182163975,0.739444444444,0.0134182163975
0.00758577575029,0.00758577575029,0.00758577575029,0.00758577575029,0.00758577575029,0.00758577575029,0.00758577575029,0.00758577575029,0.00758577575029,0.00758577575029,0.00758577575029,0.00758577575029,0.00758577575029,0.00758577575029,0.00758577575029,0.00758577575029,0.00758577575029,0.00758577575029,1,Z110 Z120 Z121 Z131,0.740755555556,0.0100477531593,0.740755555556,0.0100477531593
0.00758577575029,0.00758577575029,0.00758577575029,0.00758577575029,0.00758577575029,0.00758577575029,0.00758577575029,0.00758577575029,0.00758577575029,0.00758577575029,0.00758577575029,0.00758577575029,0.00758577575029,0.00758577575029,0.00758577575029,0.00758577575029,0.00758577575029,0.00758577575029,1,Z111 Z121 Z122 Z132,0.738422222222,0.00923674709014,0.738422222222,0.00923674709014
0.00758577575029,0.00758577575029,0.00758577575029,0.00758577575029,0.00758577575029,0.00758577575029,0.00758577575029,0.00758577575029,0.00758577575029,0.00758577575029,0.00758577575029,0.00758577575029,0.00758577575029,0.00758577575029,0.00758577575029,0.00758577575029,0.00758577575029,0.00758577575029,1,Z112 Z122 Z123 Z133,0.745044444444,0.0128435124083,0.745044444444,0.0128435124083
0.00758577575029,0.00758577575029,0.00758577575029,0.00758577575029,0.00758577575029,0.00758577575029,0.00758577575029,0.00758577575029,0.00758577575029,0.00758577575029,0.00758577575029,0.00758577575029,0.00758577575029,0.00758577575029,0.00758577575029,0.00758577575029,0.00758577575029,0.00758577575029,1,Z113 Z123 Z124 Z134,0.741866666667,0.0140534284278,0.741866666667,0.0140534284278
0.00758577575029,0.00758577575029,0.00758577575029,0.00758577575029,0.00758577575029,0.00758577575029,0.00758577575029,0.00758577575029,0.00758577575029,0.00758577575029,0.00758577575029,0.00758577575029,0.00758577575029,0.00758577575029,0.00758577575029,0.00758577575029,0.00758577575029,0.00758577575029,1,Z114 Z124 Z125 Z135,0.264266666667,0.0177099664561,0.264266666667,0.0177099664561
0.00758577575029,0.00758577575029,0.00758577575029,0.00758577575029,0.00758577575029,0.00758577575029,0.00758577575029,0.00758577575029,0.00758577575029,0.00758577575029,0.00758577575029,0.00758577575029,0.00758577575029,0.00758577575029,0.00758577575029,0.00758577575029,0.00758577575029,0.00758577575029,1,Z115 Z125 Z136,0.292311111111,0.0150031754834,0.292311111111,0.0150031754834
0.00758577575029,0.00758577575029,0.00758577575029,0.00758577575029,0.00758577575029,0.00758577575029,0.00758577575029,0.00758577575029,0.00758577575029,0.00758577575029,0.00758577575029,0.00758577575029,0.00758577575029,0.00758577575029,0.00758577575029,0.00758577575029,0.00758577575029,0.00758577575029,1,Z126 Z137 Z147,0.765888888889,0.0121296739882,0.765888888889,0.0121296739882
0.00758577575029,0.00758577575029,0.00758577575029,0.00758577575029,0.00758577575029,0.00758577575029,0.00758577575029,0.00758577575029,0.00758577575029,0.00758577575029,0.00758577575029,0.00758577575029,0.00758577575029,0.00758577575029,0.00758577575029,0.00758577575029,0.00758577575029,0.00758577575029,1,Z127 Z137 Z138 Z148,0.739155555556,0.0143165454569,0.739155555556,0.0143165454569
0.00758577575029,0.00758577575029,0.00758577575029,0.00758577575029,0.00758577575029,0.00758577575029,0.00758577575029,0.00758577575029,0.00758577575029,0.00758577575029,0.00758577575029,0.00758577575029,0.00758577575029,0.00758577575029,0.00758577575029,0.00758577575029,0.00758577575029,0.00758577575029,1,Z128 Z138 Z139 Z149,0.741377777778,0.0118753853201,0.741377777778,0.0118753853201
0.00758577575029,0.00758577575029,0.00758577575029,0.00758577575029,0.00758577575029,0.00758577575029,0.00758577575029,0.00758577575029,0.00758577575029,0.00758577575029,0.00758577575029,0.00758577575029,0.00758577575029,0.00758577575029,0.00758577575029,0.00758577575029,0.00758577575029,0.00758577575029,1,Z129 Z139 Z140 Z150,0.743244444444,0.0114560406971,0.743244444444,0.0114560406971
0.00758577575029,0.00758577575029,0.00758577575029,0.00758577575029,0.00758577575029,0.00758577575029,0.00758577575029,0.00758577575029,0.00758577575029,0.00758577575029,0.00758577575029,0.00758577575029,0.00758577575029,0.00758577575029,0.00758577575029,0.00758577575029,0.00758577575029,0.00758577575029,1,Z130 Z140 Z141 Z151,0.7426,0.0114782486282,0.7426,0.0114782486282
0.00758577575029,0.00758577575029,0.00758577575029,0.00758577575029,0.00758577575029,0.00758577575029,0.00758577575029,0.00758577575029,0.00758577575029,0.00758577575029,0.00758577575029,0.00758577575029,0.00758577575029,0.00758577575029,0.00758577575029,0.00758577575029,0.00758577575029,0.00758577575029,1,Z131 Z141 Z142 Z152,0.738822222222,0.0148325864033,0.738822222222,0.0148325864033
0.00758577575029,0.00758577575029,0.00758577575029,0.00758577575029,0.00758577575029,0.00758577575029,0.00758577575029,0.00758577575029,0.00758577575029,0.00758577575029,0.00758577575029,0.00758577575029,0.00758577575029,0.00758577575029,0.00758577575029,0.00758577575029,0.00758577575029,0.00758577575029,1,Z132 Z142 Z143 Z153,0.738711111111,0.0116091301542,0.738711111111,0.0116091301542
0.00758577575029,0.00758577575029,0.00758577575029,0.00758577575029,0.00758577575029,0.00758577575029,0.00758577575029,0.00758577575029,0.00758577575029,0.00758577575029,0.00758577575029,0.00758577575029,0.00758577575029,0.00758577575029,0.00758577575029,0.00758577575029,0.00758577575029,0.00758577575029,1,Z133 Z143 Z144 Z154,0.741088888889,0.0122333422072,0.741088888889,0.0122333422072
0.00758577575029,0.00758577575029,0.00758577575029,0.00758577575029,0.00758577575029,0.00758577575029,0.00758577575029,0.00758577575029,0.00758577575029,0.00758577575029,0.00758577575029,0.00758577575029,0.00758577575029,0.00758577575029,0.00758577575029,0.00758577575029,0.00758577575029,0.00758577575029,1,Z134 Z144 Z145 Z155,0.740311111111,0.0127345228226,0.740311111111,0.0127345228226
0.00758577575029,0.00758577575029,0.00758577575029,0.00758577575029,0.00758577575029,0.00758577575029,0.00758577575029,0.00758577575029,0.00758577575029,0.00758577575029,0.00758577575029,0.00758577575029,0.00758577575029,0.00758577575029,0.00758577575029,0.00758577575029,0.00758577575029,0.00758577575029,1,Z135 Z145 Z146 Z156,0.262933333333,0.0142076553753,0.262933333333,0.0142076553753
0.00758577575029,0.00758577575029,0.00758577575029,0.00758577575029,0.00758577575029,0.00758577575029,0.00758577575029,0.00758577575029,0.00758577575029,0.00758577575029,0.00758577575029,0.00758577575029,0.00758577575029,0.00758577575029,0.00758577575029,0.00758577575029,0.00758577575029,0.00758577575029,1,Z136 Z146 Z157,0.296133333333,0.0191916329151,0.296133333333,0.0191916329151
0.00758577575029,0.00758577575029,0.00758577575029,0.00758577575029,0.00758577575029,0.00758577575029,0.00758577575029,0.00758577575029,0.00758577575029,0.00758577575029,0.00758577575029,0.00758577575029,0.00758577575029,0.00758577575029,0.00758577575029,0.00758577575029,0.00758577575029,0.00758577575029,1,Z147 Z158 Z168,0.760422222222,0.014125310381,0.760422222222,0.014125310381
0.00758577575029,0.00758577575029,0.00758577575029,0.00758577575029,0.00758577575029,0.00758577575029,0.00758577575029,0.00758577575029,0.00758577575029,0.00758577575029,0.00758577575029,0.00758577575029,0.00758577575029,0.00758577575029,0.00758577575029,0.00758577575029,0.00758577575029,0.00758577575029,1,Z148 Z158 Z159 Z169,0.743777777778,0.0141879376033,0.743777777778,0.0141879376033
0.00758577575029,0.00758577575029,0.00758577575029,0.00758577575029,0.00758577575029,0.00758577575029,0.00758577575029,0.00758577575029,0.00758577575029,0.00758577575029,0.00758577575029,0.00758577575029,0.00758577575029,0.00758577575029,0.00758577575029,0.00758577575029,0.00758577575029,0.00758577575029,1,Z149 Z159 Z160 Z170,0.737888888889,0.0111843943459,0.737888888889,0.0111843943459
0.00758577575029,0.00758577575029,0.00758577575029,0.00758577575029,0.00758577575029,0.00758577575029,0.00758577575029,0.00758577575029,0.00758577575029,0.00758577575029,0.00758577575029,0.00758577575029,0.00758577575029,0.00758577575029,0.00758577575029,0.00758577575029,0.00758577575029,0.00758577575029,1,Z150 Z160 Z161 Z171,0.743355555556,0.0154071022418,0.743355555556,0.0154071022418
0.00758577575029,0.00758577575029,0.00758577575029,0.00758577575029,0.00758577575029,0.00758577575029,0.00758577575029,0.00758577575029,0.00758577575029,0.00758577575029,0.00758577575029,0.00758577575029,0.00758577575029,0.00758577575029,0.00758577575029,0.00758577575029,0.00758577575029,0.00758577575029,1,Z151 Z161 Z162 Z172,0.741933333333,0.013098331326,0.741933333333,0.013098331326
0.00758577575029,0.00758577575029,0.00758577575029,0.00758577575029,0.00758577575029,0.00758577575029,0.00758577575029,0.00758577575029,0.00758577575029,0.00758577575029,0.00758577575029,0.00758577575029,0.00758577575029,0.00758577575029,0.00758577575029,0.00758577575029,0.00758577575029,0.00758577575029,1,Z152 Z162 Z163 Z173,0.739488888889,0.0146621553494,0.739488888889,0.0146621553494
0.00758577575029,0.00758577575029,0.00758577575029,0.00758577575029,0.00758577575029,0.00758577575029,0.00758577575029,0.00758577575029,0.00758577575029,0.00758577575029,0.00758577575029,0.00758577575029,0.00758577575029,0.00758577575029,0.00758577575029,0.00758577575029,0.00758577575029,0.00758577575029,1,Z153 Z163 Z164 Z174,0.744133333333,0.00973896860959,0.744133333333,0.00973896860959
0.00758577575029,0.00758577575029,0.00758577575029,0.00758577575029,0.00758577575029,0.00758577575029,0.00758577575029,0.00758577575029,0.00758577575029,0.00758577575029,0.00758577575029,0.00758577575029,0.00758577575029,0.00758577575029,0.00758577575029,0.00758577575029,0.00758577575029,0.00758577575029,1,Z154 Z164 Z165 Z175,0.742111111111,0.0142340408269,0.742111111111,0.0142340408269
0.00758577575029,0.00758577575029,0.00758577575029,0.00758577575029,0.00758577575029,0.00758577575029,0.00758577575029,0.00758577575029,0.00758577575029,0.00758577575029,0.00758577575029,0.00758577575029,0.00758577575029,0.00758577575029,0.00758577575029,0.00758577575029,0.00758577575029,0.00758577575029,1,Z155 Z165 Z166 Z176,0.743155555556,0.0115522246894,0.743155555556,0.0115522246894
0.00758577575029,0.00758577575029,0.00758577575029,0.00758577575029,0.00758577575029,0.00758577575029,0.00758577575029,0.00758577575029,0.00758577575029,0.00758577575029,0.00758577575029,0.00758577575029,0.00758577575029,0.00758577575029,0.00758577575029,0.00758577575029,0.00758577575029,0.00758577575029,1,Z156 Z166 Z167 Z177,0.256,0.0129910077948,0.256,0.0129910077948
0.00758577575029,0.00758577575029,0.00758577575029,0.00758577575029,0.00758577575029,0.00758577575029,0.00758577575029,0.00758577575029,0.00758577575029,0.00758577575029,0.00758577575029,0.00758577575029,0.00758577575029,0.00758577575029,0.00758577575029,0.00758577575029,0.00758577575029,0.00758577575029,1,Z157 Z167 Z178,0.301044444444,0.0193604117411,0.301044444444,0.0193604117411
0.00758577575029,0.00758577575029,0.00758577575029,0.00758577575029,0.00758577575029,0.00758577575029,0.00758577575029,0.00758577575029,0.00758577575029,0.00758577575029,0.00758577575029,0.00758577575029,0.00758577575029,0.00758577575029,0.00758577575029,0.00758577575029,0.00758577575029,0.00758577575029,1,Z168 Z179 Z189,0.754533333333,0.0111793460353,0.754533333333,0.0111793460353
0.00758577575029,0.00758577575029,0.00758577575029,0.00758577575029,0.00758577575029,0.00758577575029,0.00758577575029,0.00758577575029,0.00758577575029,0.00758577575029,0.00758577575029,0.00758577575029,0.00758577575029,0.00758577575029,0.00758577575029,0.00758577575029,0.00758577575029,0.00758577575029,1,Z169 Z179 Z180 Z190,0.7378,0.0140477019841,0.7378,0.0140477019841
0.00758577575029,0.00758577575029,0.00758577575029,0.00758577575029,0.00758577575029,0.00758577575029,0.00758577575029,0.00758577575029,0.00758577575029,0.00758577575029,0.00758577575029,0.00758577575029,0.00758577575029,0.00758577575029,0.00758577575029,0.00758577575029,0.00758577575029,0.00758577575029,1,Z170 Z180 Z181 Z191,0.744888888889,0.0143276741925,0.744888888889,0.0143276741925
0.00758577575029,0.00758577575029,0.00758577575029,0.00758577575029,0.00758577575029,0.00758577575029,0.00758577575029,0.00758577575029,0.00758577575029,0.00758577575029,0.00758577575029,0.00758577575029,0.00758577575029,0.00758577575029,0.00758577575029,0.00758577575029,0.00758577575029,0.00758577575029,1,Z171 Z181 Z182 Z192,0.743822222222,0.0114696779437,0.743822222222,0.0114696779437
0.00758577575029,0.00758577575029,0.00758577575029,0.00758577575029,0.00758577575029,0.00758577575029,0.00758577575029,0.00758577575029,0.00758577575029,0.00758577575029,0.00758577575029,0.00758577575029,0.00758577575029,0.00758577575029,0.00758577575029,0.00758577575029,0.00758577575029,0.00758577575029,1,Z172 Z182 Z183 Z193,0.741711111111,0.0124988070951,0.741711111111,0.0124988070951
0.00758577575029,0.00758577575029,0.00758577575029,0.00758577575029,0.00758577575029,0.00758577575029,0.00758577575029,0.00758577575029,0.00758577575029,0.00758577575029,0.00758577575029,0.00758577575029,0.00758577575029,0.00758577575029,0.00758577575029,0.00758577575029,0.00758577575029,0.00758577575029,1,Z173 Z183 Z184 Z194,0.742466666667,0.0126904193506,0.742466666667,0.0126904193506
0.00758577575029,0.00758577575029,0.00758577575029,0.00758577575029,0.00758577575029,0.00758577575029,0.00758577575029,0.00758577575029,0.00758577575029,0.00758577575029,0.00758577575029,0.00758577575029,0.00758577575029,0.00758577575029,0.00758577575029,0.00758577575029,0.00758577575029,0.00758577575029,1,Z174 Z184 Z185 Z195,0.743377777778,0.0095201875981,0.743377777778,0.0095201875981
0.00758577575029,0.00758577575029,0.00758577575029,0.00758577575029,0.00758577575029,0.00758577575029,0.00758577575029,0.00758577575029,0.00758577575029,0.00758577575029,0.00758577575029,0.00758577575029,0.00758577575029,0.00758577575029,0.00758577575029,0.00758577575029,0.00758577575029,0.00758577575029,1,Z175 Z185 Z186 Z196,0.7414,0.0124836751637,0.7414,0.0124836751637
0.00758577575029,0.00758577575029,0.00758577575029,0.00758577575029,0.00758577575029,0.00758577575029,0.00758577575029,0.00758577575029,0.00758577575029,0.00758577575029,0.00758577575029,0.00758577575029,0.00758577575029,0.00758577575029,0.00758577575029,0.00758577575029,0.00758577575029,0.00758577575029,1,Z176 Z186 Z187 Z197,0.742133333333,0.0142451443633,0.742133333333,0.0142451443633
0.00758577575029,0.00758577575029,0.00758577575029,0.00758577575029,0.00758577575029,0.00758577575029,0.00758577575029,0.00758577575029,0.00758577575029,0.00758577575029,0.00758577575029,0.00758577575029,0.00758577575029,0.00758577575029,0.00758577575029,0.00758577575029,0.00758577575029,0.00758577575029,1,Z177 Z187 Z188 Z198,0.2482,0.0166617464002,0.2482,0.0166617464002
0.00758577575029,0.00758577575029,0.00758577575029,0.00758577575029,0.00758577575029,0.00758577575029,0.00758577575029,0.00758577575029,0.00758577575029,0.00758577575029,0.00758577575029,0.00758577575029,0.00758577575029,0.00758577575029,0.00758577575029,0.00758577575029,0.00758577575029,0.00758577575029,1,Z178 Z188 Z199,0.297955555556,0.0198761940692,0.297955555556,0.0198761940692
0.00758577575029,0.00758577575029,0.00758577575029,0.00758577575029,0.00758577575029,0.00758577575029,0.00758577575029,0.00758577575029,0.00758577575029,0.00758577575029,0.00758577575029,0.00758577575029,0.00758577575029,0.00758577575029,0.00758577575029,0.00758577575029,0.00758577575029,0.00758577575029,1,Z189 Z200 Z210,0.752511111111,0.011717862493,0.752511111111,0.011717862493
0.00758577575029,0.00758577575029,0.00758577575029,0.00758577575029,0.00758577575029,0.00758577575029,0.00758577575029,0.00758577575029,0.00758577575029,0.00758577575029,0.00758577575029,0.00758577575029,0.00758577575029,0.00758577575029,0.00758577575029,0.00758577575029,0.00758577575029,0.00758577575029,1,Z190 Z200 Z201 Z211,0.747288888889,0.0104971199602,0.747288888889,0.0104971199602
0.00758577575029,0.00758577575029,0.00758577575029,0.00758577575029,0.00758577575029,0.00758577575029,0.00758577575029,0.00758577575029,0.00758577575029,0.00758577575029,0.00758577575029,0.00758577575029,0.00758577575029,0.00758577575029,0.00758577575029,0.00758577575029,0.00758577575029,0.00758577575029,1,Z191 Z201 Z202 Z212,0.748777777778,0.013582819138,0.748777777778,0.013582819138
0.00758577575029,0.00758577575029,0.00758577575029,0.00758577575029,0.00758577575029,0.00758577575029,0.00758577575029,0.00758577575029,0.00758577575029,0.00758577575029,0.00758577575029,0.00758577575029,0.00758577575029,0.00758577575029,0.00758577575029,0.00758577575029,0.00758577575029,0.00758577575029,1,Z192 Z202 Z203 Z213,0.748133333333,0.0139845563423,0.748133333333,0.0139845563423
0.00758577575029,0.00758577575029,0.00758577575029,0.00758577575029,0.00758577575029,0.00758577575029,0.00758577575029,0.00758577575029,0.00758577575029,0.00758577575029,0.00758577575029,0.00758577575029,0.00758577575029,0.00758577575029,0.00758577575029,0.00758577575029,0.00758577575029,0.00758577575029,1,Z193 Z203 Z204 Z214,0.747977777778,0.0102930000145,0.747977777778,0.0102930000145
0.00758577575029,0.00758577575029,0.00758577575029,0.00758577575029,0.00758577575029,0.00758577575029,0.00758577575029,0.00758577575029,0.00758577575029,0.00758577575029,0.00758577575029,0.00758577575029,0.00758577575029,0.00758577575029,0.00758577575029,0.00758577575029,0.00758577575029,0.00758577575029,1,Z194 Z204 Z205 Z215,0.748866666667,0.0127950541211,0.748866666667,0.0127950541211
0.00758577575029,0.00758577575029,0.00758577575029,0.00758577575029,0.00758577575029,0.00758577575029,0.00758577575029,0.00758577575029,0.00758577575029,0.00758577575029,0.00758577575029,0.00758577575029,0.00758577575029,0.00758577575029,0.00758577575029,0.00758577575029,0.00758577575029,0.00758577575029,1,Z195 Z205 Z206 Z216,0.747133333333,0.0115073190103,0.747133333333,0.0115073190103
0.00758577575029,0.00758577575029,0.00758577575029,0.00758577575029,0.00758577575029,0.00758577575029,0.00758577575029,0.00758577575029,0.00758577575029,0.00758577575029,0.00758577575029,0.00758577575029,0.00758577575029,0.00758577575029,0.00758577575029,0.00758577575029,0.00758577575029,0.00758577575029,1,Z196 Z206 Z207 Z217,0.750888888889,0.0120042563758,0.750888888889,0.0120042563758
0.00758577575029,0.00758577575029,0.00758577575029,0.00758577575029,0.00758577575029,0.00758577575029,0.00758577575029,0.00758577575029,0.00758577575029,0.00758577575029,0.00758577575029,0.00758577575029,0.00758577575029,0.00758577575029,0.00758577575029,0.00758577575029,0.00758577575029,0.00758577575029,1,Z197 Z207 Z208 Z218,0.7512,0.00980483890232,0.7512,0.00980483890232
0.00758577575029,0.00758577575029,0.00758577575029,0.00758577575029,0.00758577575029,0.00758577575029,0.00758577575029,0.00758577575029,0.00758577575029,0.00758577575029,0.00758577575029,0.00758577575029,0.00758577575029,0.00758577575029,0.00758577575029,0.00758577575029,0.00758577575029,0.00758577575029,1,Z198 Z208 Z209 Z219,0.247333333333,0.0148793358728,0.247333333333,0.0148793358728
0.00758577575029,0.00758577575029,0.00758577575029,0.00758577575029,0.00758577575029,0.00758577575029,0.00758577575029,0.00758577575029,0.00758577575029,0.00758577575029,0.00758577575029,0.00758577575029,0.00758577575029,0.00758577575029,0.00758577575029,0.00758577575029,0.00758577575029,0.00758577575029,1,Z199 Z209 Z220,0.0988444444444,0.0157848885817,0.0988444444444,0.0157848885817
0.00758577575029,0.00758577575029,0.00758577575029,0.00758577575029,0.00758577575029,0.00758577575029,0.00758577575029,0.00758577575029,0.00758577575029,0.00758577575029,0.00758577575029,0.00758577575029,0.00758577575029,0.00758577575029,0.00758577575029,0.00758577575029,0.00758577575029,0.00758577575029,1,Z2 Z12 Z13 Z23,0.592577777778,0.0148254036233,0.592577777778,0.0148254036233
0.00758577575029,0.00758577575029,0.00758577575029,0.00758577575029,0.00758577575029,0.00758577575029,0.00758577575029,0.00758577575029,0.00758577575029,0.00758577575029,0.00758577575029,0.00758577575029,0.00758577575029,0.00758577575029,0.00758577575029,0.00758577575029,0.00758577575029,0.00758577575029,1,Z21 Z32 Z42,0.810777777778,0.00750189418396,0.810777777778,0.00750189418396
0.00758577575029,0.00758577575029,0.00758577575029,0.00758577575029,0.00758577575029,0.00758577575029,0.00758577575029,0.00758577575029,0.00758577575029,0.00758577575029,0.00758577575029,0.00758577575029,0.00758577575029,0.00758577575029,0.00758577575029,0.00758577575029,0.00758577575029,0.00758577575029,1,Z22 Z32 Z33 Z43,0.743955555556,0.0107780582181,0.743955555556,0.0107780582181
0.00758577575029,0.00758577575029,0.00758577575029,0.00758577575029,0.00758577575029,0.00758577575029,0.00758577575029,0.00758577575029,0.00758577575029,0.00758577575029,0.00758577575029,0.00758577575029,0.00758577575029,0.00758577575029,0.00758577575029,0.00758577575029,0.00758577575029,0.00758577575029,1,Z23 Z33 Z34 Z44,0.740177777778,0.0103486106322,0.740177777778,0.0103486106322
0.00758577575029,0.00758577575029,0.00758577575029,0.00758577575029,0.00758577575029,0.00758577575029,0.00758577575029,0.00758577575029,0.00758577575029,0.00758577575029,0.00758577575029,0.00758577575029,0.00758577575029,0.00758577575029,0.00758577575029,0.00758577575029,0.00758577575029,0.00758577575029,1,Z24 Z34 Z35 Z45,0.743311111111,0.014129649632,0.743311111111,0.014129649632
0.00758577575029,0.00758577575029,0.00758577575029,0.00758577575029,0.00758577575029,0.00758577575029,0.00758577575029,0.00758577575029,0.00758577575029,0.00758577575029,0.00758577575029,0.00758577575029,0.00758577575029,0.00758577575029,0.00758577575029,0.00758577575029,0.00758577575029,0.00758577575029,1,Z25 Z35 Z36 Z46,0.738444444444,0.0101019073095,0.738444444444,0.0101019073095
0.00758577575029,0.00758577575029,0.00758577575029,0.00758577575029,0.00758577575029,0.00758577575029,0.00758577575029,0.00758577575029,0.00758577575029,0.00758577575029,0.00758577575029,0.00758577575029,0.00758577575029,0.00758577575029,0.00758577575029,0.00758577575029,0.00758577575029,0.00758577575029,1,Z26 Z36 Z37 Z47,0.742688888889,0.0104686846775,0.742688888889,0.0104686846775
0.00758577575029,0.00758577575029,0.00758577575029,0.00758577575029,0.00758577575029,0.00758577575029,0.00758577575029,0.00758577575029,0.00758577575029,0.00758577575029,0.00758577575029,0.00758577575029,0.00758577575029,0.00758577575029,0.00758577575029,0.00758577575029,0.00758577575029,0.00758577575029,1,Z27 Z37 Z38 Z48,0.738222222222,0.0139064563228,0.738222222222,0.0139064563228
0.00758577575029,0.00758577575029,0.00758577575029,0.00758577575029,0.00758577575029,0.00758577575029,0.00758577575029,0.00758577575029,0.00758577575029,0.00758577575029,0.00758577575029,0.00758577575029,0.00758577575029,0.00758577575029,0.00758577575029,0.00758577575029,0.00758577575029,0.00758577575029,1,Z28 Z38 Z39 Z49,0.744222222222,0.0101759740074,0.744222222222,0.0101759740074
0.00758577575029,0.00758577575029,0.00758577575029,0.00758577575029,0.00758577575029,0.00758577575029,0.00758577575029,0.00758577575029,0.00758577575029,0.00758577575029,0.00758577575029,0.00758577575029,0.00758577575029,0.00758577575029,0.00758577575029,0.00758577575029,0.00758577575029,0.00758577575029,1,Z29 Z39 Z40 Z50,0.741911111111,0.0133330268164,0.741911111111,0.0133330268164
0.00758577575029,0.00758577575029,0.00758577575029,0.00758577575029,0.00758577575029,0.00758577575029,0.00758577575029,0.00758577575029,0.00758577575029,0.00758577575029,0.00758577575029,0.00758577575029,0.00758577575029,0.00758577575029,0.00758577575029,0.00758577575029,0.00758577575029,0.00758577575029,1,Z3 Z13 Z14 Z24,0.529711111111,0.0163352645664,0.529711111111,0.0163352645664
0.00758577575029,0.00758577575029,0.00758577575029,0.00758577575029,0.00758577575029,0.00758577575029,0.00758577575029,0.00758577575029,0.00758577575029,0.00758577575029,0.00758577575029,0.00758577575029,0.00758577575029,0.00758577575029,0.00758577575029,0.00758577575029,0.00758577575029,0.00758577575029,1,Z30 Z40 Z41 Z51,0.287666666667,0.0168370600177,0.287666666667,0.0168370600177
0.00758577575029,0.00758577575029,0.00758577575029,0.00758577575029,0.00758577575029,0.00758577575029,0.00758577575029,0.00758577575029,0.00758577575029,0.00758577575029,0.00758577575029,0.00758577575029,0.00758577575029,0.00758577575029,0.00758577575029,0.00758577575029,0.00758577575029,0.00758577575029,1,Z31 Z41 Z52,0.280444444444,0.0181895792097,0.280444444444,0.0181895792097
0.00758577575029,0.00758577575029,0.00758577575029,0.00758577575029,0.00758577575029,0.00758577575029,0.00758577575029,0.00758577575029,0.00758577575029,0.00758577575029,0.00758577575029,0.00758577575029,0.00758577575029,0.00758577575029,0.00758577575029,0.00758577575029,0.00758577575029,0.00758577575029,1,Z4 Z14 Z15 Z25,0.464711111111,0.0142306488446,0.464711111111,0.0142306488446
0.00758577575029,0.00758577575029,0.00758577575029,0.00758577575029,0.00758577575029,0.00758577575029,0.00758577575029,0.00758577575029,0.00758577575029,0.00758577575029,0.00758577575029,0.00758577575029,0.00758577575029,0.00758577575029,0.00758577575029,0.00758577575029,0.00758577575029,0.00758577575029,1,Z42 Z53 Z63,0.800555555556,0.00838550717152,0.800555555556,0.00838550717152
0.00758577575029,0.00758577575029,0.00758577575029,0.00758577575029,0.00758577575029,0.00758577575029,0.00758577575029,0.00758577575029,0.00758577575029,0.00758577575029,0.00758577575029,0.00758577575029,0.00758577575029,0.00758577575029,0.00758577575029,0.00758577575029,0.00758577575029,0.00758577575029,1,Z43 Z53 Z54 Z64,0.739177777778,0.0152171342561,0.739177777778,0.0152171342561
0.00758577575029,0.00758577575029,0.00758577575029,0.00758577575029,0.00758577575029,0.00758577575029,0.00758577575029,0.00758577575029,0.00758577575029,0.00758577575029,0.00758577575029,0.00758577575029,0.00758577575029,0.00758577575029,0.00758577575029,0.00758577575029,0.00758577575029,0.00758577575029,1,Z44 Z54 Z55 Z65,0.743044444444,0.012574599872,0.743044444444,0.012574599872
0.00758577575029,0.00758577575029,0.00758577575029,0.00758577575029,0.00758577575029,0.00758577575029,0.00758577575029,0.00758577575029,0.00758577575029,0.00758577575029,0.00758577575029,0.00758577575029,0.00758577575029,0.00758577575029,0.00758577575029,0.00758577575029,0.00758577575029,0.00758577575029,1,Z45 Z55 Z56 Z66,0.740288888889,0.00983805004093,0.740288888889,0.00983805004093
0.00758577575029,0.00758577575029,0.00758577575029,0.00758577575029,0.00758577575029,0.00758577575029,0.00758577575029,0.00758577575029,0.00758577575029,0.00758577575029,0.00758577575029,0.00758577575029,0.00758577575029,0.00758577575029,0.00758577575029,0.00758577575029,0.00758577575029,0.00758577575029,1,Z46 Z56 Z57 Z67,0.743422222222,0.0158969221179,0.743422222222,0.0158969221179
0.00758577575029,0.00758577575029,0.00758577575029,0.00758577575029,0.00758577575029,0.00758577575029,0.00758577575029,0.00758577575029,0.00758577575029,0.00758577575029,0.00758577575029,0.00758577575029,0.00758577575029,0.00758577575029,0.00758577575029,0.00758577575029,0.00758577575029,0.00758577575029,1,Z47 Z57 Z58 Z68,0.743955555556,0.0109445601643,0.743955555556,0.0109445601643
0.00758577575029,0.00758577575029,0.00758577575029,0.00758577575029,0.00758577575029,0.00758577575029,0.00758577575029,0.00758577575029,0.00758577575029,0.00758577575029,0.00758577575029,0.00758577575029,0.00758577575029,0.00758577575029,0.00758577575029,0.00758577575029,0.00758577575029,0.00758577575029,1,Z48 Z58 Z59 Z69,0.739977777778,0.013336187434,0.739977777778,0.013336187434
0.00758577575029,0.00758577575029,0.00758577575029,0.00758577575029,0.00758577575029,0.00758577575029,0.00758577575029,0.00758577575029,0.00758577575029,0.00758577575029,0.00758577575029,0.00758577575029,0.00758577575029,0.00758577575029,0.00758577575029,0.00758577575029,0.00758577575029,0.00758577575029,1,Z49 Z59 Z60 Z70,0.741888888889,0.0121750745105,0.741888888889,0.0121750745105
0.00758577575029,0.00758577575029,0.00758577575029,0.00758577575029,0.00758577575029,0.00758577575029,0.00758577575029,0.00758577575029,0.00758577575029,0.00758577575029,0.00758577575029,0.00758577575029,0.00758577575029,0.00758577575029,0.00758577575029,0.00758577575029,0.00758577575029,0.00758577575029,1,Z5 Z15 Z16 Z26,0.419955555556,0.0162866405854,0.419955555556,0.0162866405854
0.00758577575029,0.00758577575029,0.00758577575029,0.00758577575029,0.00758577575029,0.00758577575029,0.00758577575029,0.00758577575029,0.00758577575029,0.00758577575029,0.00758577575029,0.00758577575029,0.00758577575029,0.00758577575029,0.00758577575029,0.00758577575029,0.00758577575029,0.00758577575029,1,Z50 Z60 Z61 Z71,0.745,0.00932142096941,0.745,0.00932142096941
0.00758577575029,0.00758577575029,0.00758577575029,0.00758577575029,0.00758577575029,0.00758577575029,0.00758577575029,0.00758577575029,0.00758577575029,0.00758577575029,0.00758577575029,0.00758577575029,0.00758577575029,0.00758577575029,0.00758577575029,0.00758577575029,0.00758577575029,0.00758577575029,1,Z51 Z61 Z62 Z72,0.286355555556,0.0141635042673,0.286355555556,0.0141635042673
0.00758577575029,0.00758577575029,0.00758577575029,0.00758577575029,0.00758577575029,0.00758577575029,0.00758577575029,0.00758577575029,0.00758577575029,0.00758577575029,0.00758577575029,0.00758577575029,0.00758577575029,0.00758577575029,0.00758577575029,0.00758577575029,0.00758577575029,0.00758577575029,1,Z52 Z62 Z73,0.285444444444,0.0167103641718,0.285444444444,0.0167103641718
0.00758577575029,0.00758577575029,0.00758577575029,0.00758577575029,0.00758577575029,0.00758577575029,0.00758577575029,0.00758577575029,0.00758577575029,0.00758577575029,0.00758577575029,0.00758577575029,0.00758577575029,0.00758577575029,0.00758577575029,0.00758577575029,0.00758577575029,0.00758577575029,1,Z6 Z16 Z17 Z27,0.3764,0.0167465670983,0.3764,0.0167465670983
0.00758577575029,0.00758577575029,0.00758577575029,0.00758577575029,0.00758577575029,0.00758577575029,0.00758577575029,0.00758577575029,0.00758577575029,0.00758577575029,0.00758577575029,0.00758577575029,0.00758577575029,0.00758577575029,0.00758577575029,0.00758577575029,0.00758577575029,0.00758577575029,1,Z63 Z74 Z84,0.793466666667,0.0131252732137,0.793466666667,0.0131252732137
0.00758577575029,0.00758577575029,0.00758577575029,0.00758577575029,0.00758577575029,0.00758577575029,0.00758577575029,0.00758577575029,0.00758577575029,0.00758577575029,0.00758577575029,0.00758577575029,0.00758577575029,0.00758577575029,0.00758577575029,0.00758577575029,0.00758577575029,0.00758577575029,1,Z64 Z74 Z75 Z85,0.741688888889,0.0133019554157,0.741688888889,0.0133019554157
0.00758577575029,0.00758577575029,0.00758577575029,0.00758577575029,0.00758577575029,0.00758577575029,0.00758577575029,0.00758577575029,0.00758577575029,0.00758577575029,0.00758577575029,0.00758577575029,0.00758577575029,0.00758577575029,0.00758577575029,0.00758577575029,0.00758577575029,0.00758577575029,1,Z65 Z75 Z76 Z86,0.736933333333,0.00898973446051,0.736933333333,0.00898973446051
0.00758577575029,0.00758577575029,0.00758577575029,0.00758577575029,0.00758577575029,0.00758577575029,0.00758577575029,0.00758577575029,0.00758577575029,0.00758577575029,0.00758577575029,0.00758577575029,0.00758577575029,0.00758577575029,0.00758577575029,0.00758577575029,0.00758577575029,0.00758577575029,1,Z66 Z76 Z77 Z87,0.742733333333,0.0124184388923,0.742733333333,0.0124184388923
0.00758577575029,0.00758577575029,0.00758577575029,0.00758577575029,0.00758577575029,0.00758577575029,0.00758577575029,0.00758577575029,0.00758577575029,0.00758577575029,0.00758577575029,0.00758577575029,0.00758577575029,0.00758577575029,0.00758577575029,0.00758577575029,0.00758577575029,0.00758577575029,1,Z67 Z77 Z78 Z88,0.742688888889,0.01075321687,0.742688888889,0.01075321687
0.00758577575029,0.00758577575029,0.00758577575029,0.00758577575029,0.00758577575029,0.00758577575029,0.00758577575029,0.00758577575029,0.00758577575029,0.00758577575029,0.00758577575029,0.00758577575029,0.00758577575029,0.00758577575029,0.00758577575029,0.00758577575029,0.00758577575029,0.00758577575029,1,Z68 Z78 Z79 Z89,0.743622222222,0.0081587380388,0.743622222222,0.0081587380388
0.00758577575029,0.00758577575029,0.00758577575029,0.00758577575029,0.00758577575029,0.00758577575029,0.00758577575029,0.00758577575029,0.00758577575029,0.00758577575029,0.00758577575029,0.00758577575029,0.00758577575029,0.00758577575029,0.00758577575029,0.00758577575029,0.00758577575029,0.00758577575029,1,Z69 Z79 Z80 Z90,0.740311111111,0.0142852530486,0.740311111111,0.0142852530486
0.00758577575029,0.00758577575029,0.00758577575029,0.00758577575029,0.00758577575029,0.00758577575029,0.00758577575029,0.00758577575029,0.00758577575029,0.00758577575029,0.00758577575029,0.00758577575029,0.00758577575029,0.00758577575029,0.00758577575029,0.00758577575029,0.00758577575029,0.00758577575029,1,Z7 Z17 Z18 Z28,0.337066666667,0.020617739637,0.337066666667,0.020617739637
0.00758577575029,0.00758577575029,0.00758577575029,0.00758577575029,0.00758577575029,0.00758577575029,0.00758577575029,0.00758577575029,0.00758577575029,0.00758577575029,0.00758577575029,0.00758577575029,0.00758577575029,0.00758577575029,0.00758577575029,0.00758577575029,0.00758577575029,0.00758577575029,1,Z70 Z80 Z81 Z91,0.7438,0.0115272789903,0.7438,0.0115272789903
0.00758577575029,0.00758577575029,0.00758577575029,0.00758577575029,0.00758577575029,0.00758577575029,0.00758577575029,0.00758577575029,0.00758577575029,0.00758577575029,0.00758577575029,0.00758577575029,0.00758577575029,0.00758577575029,0.00758577575029,0.00758577575029,0.00758577575029,0.00758577575029,1,Z71 Z81 Z82 Z92,0.740088888889,0.00981785586276,0.740088888889,0.00981785586276
0.00758577575029,0.00758577575029,0.00758577575029,0.00758577575029,0.00758577575029,0.00758577575029,0.00758577575029,0.00758577575029,0.00758577575029,0.00758577575029,0.00758577575029,0.00758577575029,0.00758577575029,0.00758577575029,0.00758577575029,0.00758577575029,0.00758577575029,0.00758577575029,1,Z72 Z82 Z83 Z93,0.271355555556,0.0155693808295,0.271355555556,0.0155693808295
0.00758577575029,0.00758577575029,0.00758577575029,0.00758577575029,0.00758577575029,0.00758577575029,0.00758577575029,0.00758577575029,0.00758577575029,0.00758577575029,0.00758577575029,0.00758577575029,0.00758577575029,0.00758577575029,0.00758577575029,0.00758577575029,0.00758577575029,0.00758577575029,1,Z73 Z83 Z94,0.286555555556,0.0175984006007,0.286555555556,0.0175984006007
0.00758577575029,0.00758577575029,0.00758577575029,0.00758577575029,0.00758577575029,0.00758577575029,0.00758577575029,0.00758577575029,0.00758577575029,0.00758577575029,0.00758577575029,0.00758577575029,0.00758577575029,0.00758577575029,0.00758577575029,0.00758577575029,0.00758577575029,0.00758577575029,1,Z8 Z18 Z19 Z29,0.304022222222,0.0242404831163,0.304022222222,0.0242404831163
0.00758577575029,0.00758577575029,0.00758577575029,0.00758577575029,0.00758577575029,0.00758577575029,0.00758577575029,0.00758577575029,0.00758577575029,0.00758577575029,0.00758577575029,0.00758577575029,0.00758577575029,0.00758577575029,0.00758577575029,0.00758577575029,0.00758577575029,0.00758577575029,1,Z84 Z95 Z105,0.783177777778,0.0112576013769,0.783177777778,0.0112576013769
0.00758577575029,0.00758577575029,0.00758577575029,0.00758577575029,0.00758577575029,0.00758577575029,0.00758577575029,0.00758577575029,0.00758577575029,0.00758577575029,0.00758577575029,0.00758577575029,0.00758577575029,0.00758577575029,0.00758577575029,0.00758577575029,0.00758577575029,0.00758577575029,1,Z85 Z95 Z96 Z106,0.743422222222,0.0130518956311,0.743422222222,0.0130518956311
0.00758577575029,0.00758577575029,0.00758577575029,0.00758577575029,0.00758577575029,0.00758577575029,0.00758577575029,0.00758577575029,0.00758577575029,0.00758577575029,0.00758577575029,0.00758577575029,0.00758577575029,0.00758577575029,0.00758577575029,0.00758577575029,0.00758577575029,0.00758577575029,1,Z86 Z96 Z97 Z107,0.741733333333,0.0120606386162,0.741733333333,0.0120606386162
0.00758577575029,0.00758577575029,0.00758577575029,0.00758577575029,0.00758577575029,0.00758577575029,0.00758577575029,0.00758577575029,0.00758577575029,0.00758577575029,0.00758577575029,0.00758577575029,0.00758577575029,0.00758577575029,0.00758577575029,0.00758577575029,0.00758577575029,0.00758577575029,1,Z87 Z97 Z98 Z108,0.743044444444,0.0104220269733,0.743044444444,0.0104220269733
0.00758577575029,0.00758577575029,0.00758577575029,0.00758577575029,0.00758577575029,0.00758577575029,0.00758577575029,0.00758577575029,0.00758577575029,0.00758577575029,0.00758577575029,0.00758577575029,0.00758577575029,0.00758577575029,0.00758577575029,0.00758577575029,0.00758577575029,0.00758577575029,1,Z88 Z98 Z99 Z109,0.741755555556,0.0111643704393,0.741755555556,0.0111643704393
0.00758577575029,0.00758577575029,0.00758577575029,0.00758577575029,0.00758577575029,0.00758577575029,0.00758577575029,0.00758577575029,0.00758577575029,0.00758577575029,0.00758577575029,0.00758577575029,0.00758577575029,0.00758577575029,0.00758577575029,0.00758577575029,0.00758577575029,0.00758577575029,1,Z89 Z99 Z100 Z110,0.742111111111,0.0136098717084,0.742111111111,0.0136098717084
0.00758577575029,0.00758577575029,0.00758577575029,0.00758577575029,0.00758577575029,0.00758577575029,0.00758577575029,0.00758577575029,0.00758577575029,0.00758577575029,0.00758577575029,0.00758577575029,0.00758577575029,0.00758577575029,0.00758577575029,0.00758577575029,0.00758577575029,0.00758577575029,1,Z9 Z19 Z20 Z30,0.105955555556,0.0171367574139,0.105955555556,0.0171367574139
0.00758577575029,0.00758577575029,0.00758577575029,0.00758577575029,0.00758577575029,0.00758577575029,0.00758577575029,0.00758577575029,0.00758577575029,0.00758577575029,0.00758577575029,0.00758577575029,0.00758577575029,0.00758577575029,0.00758577575029,0.00758577575029,0.00758577575029,0.00758577575029,1,Z90 Z100 Z101 Z111,0.7422,0.0121145870087,0.7422,0.0121145870087
0.00758577575029,0.00758577575029,0.00758577575029,0.00758577575029,0.00758577575029,0.00758577575029,0.00758577575029,0.00758577575029,0.00758577575029,0.00758577575029,0.00758577575029,0.00758577575029,0.00758577575029,0.00758577575029,0.00758577575029,0.00758577575029,0.00758577575029,0.00758577575029,1,Z91 Z101 Z102 Z112,0.7422,0.0130441631227,0.7422,0.0130441631227
0.00758577575029,0.00758577575029,0.00758577575029,0.00758577575029,0.00758577575029,0.00758577575029,0.00758577575029,0.00758577575029,0.00758577575029,0.00758577575029,0.00758577575029,0.00758577575029,0.00758577575029,0.00758577575029,0.00758577575029,0.00758577575029,0.00758577575029,0.00758577575029,1,Z92 Z102 Z103 Z113,0.745355555556,0.0096537501233,0.745355555556,0.0096537501233
0.00758577575029,0.00758577575029,0.00758577575029,0.00758577575029,0.00758577575029,0.00758577575029,0.00758577575029,0.00758577575029,0.00758577575029,0.00758577575029,0.00758577575029,0.00758577575029,0.00758577575029,0.00758577575029,0.00758577575029,0.00758577575029,0.00758577575029,0.00758577575029,1,Z93 Z103 Z104 Z114,0.270133333333,0.0130538525016,0.270133333333,0.0130538525016
0.00758577575029,0.00758577575029,0.00758577575029,0.00758577575029,0.00758577575029,0.00758577575029,0.00758577575029,0.00758577575029,0.00758577575029,0.00758577575029,0.00758577575029,0.00758577575029,0.00758577575029,0.00758577575029,0.00758577575029,0.00758577575029,0.00758577575029,0.00758577575029,1,Z94 Z104 Z115,0.293133333333,0.0186322753797,0.293133333333,0.0186322753797
0.00758577575029,0.00758577575029,0.00758577575029,0.00758577575029,0.00758577575029,0.00758577575029,0.00758577575029,0.00758577575029,0.00758577575029,0.00758577575029,0.00758577575029,0.00758577575029,0.00758577575029,0.00758577575029,0.00758577575029,0.00758577575029,0.00758577575029,0.00758577575029,5,Logical X,0.503888888889,0.0168891661603,0.506288888889,0.0137661735831
0.00758577575029,0.00758577575029,0.00758577575029,0.00758577575029,0.00758577575029,0.00758577575029,0.00758577575029,0.00758577575029,0.00758577575029,0.00758577575029,0.00758577575029,0.00758577575029,0.00758577575029,0.00758577575029,0.00758577575029,0.00758577575029,0.00758577575029,0.00758577575029,5,Logical Y,0.0127111111111,0.0102324453294,-0.00166666666667,0.021587388116
0.00758577575029,0.00758577575029,0.00758577575029,0.00758577575029,0.00758577575029,0.00758577575029,0.00758577575029,0.00758577575029,0.00758577575029,0.00758577575029,0.00758577575029,0.00758577575029,0.00758577575029,0.00758577575029,0.00758577575029,0.00758577575029,0.00758577575029,0.00758577575029,5,Logical Z,0.0144222222222,0.0132323571062,0.0022,0.0218031246662
0.00758577575029,0.00758577575029,0.00758577575029,0.00758577575029,0.00758577575029,0.00758577575029,0.00758577575029,0.00758577575029,0.00758577575029,0.00758577575029,0.00758577575029,0.00758577575029,0.00758577575029,0.00758577575029,0.00758577575029,0.00758577575029,0.00758577575029,0.00758577575029,5,X0 X1 X11,0.710044444444,0.0147665702323,0.710044444444,0.0147665702323
0.00758577575029,0.00758577575029,0.00758577575029,0.00758577575029,0.00758577575029,0.00758577575029,0.00758577575029,0.00758577575029,0.00758577575029,0.00758577575029,0.00758577575029,0.00758577575029,0.00758577575029,0.00758577575029,0.00758577575029,0.00758577575029,0.00758577575029,0.00758577575029,5,X1 X2 X12,0.573333333333,0.0107282703844,0.573333333333,0.0107282703844
0.00758577575029,0.00758577575029,0.00758577575029,0.00758577575029,0.00758577575029,0.00758577575029,0.00758577575029,0.00758577575029,0.00758577575029,0.00758577575029,0.00758577575029,0.00758577575029,0.00758577575029,0.00758577575029,0.00758577575029,0.00758577575029,0.00758577575029,0.00758577575029,5,X100 X110 X111 X121,0.695466666667,0.0158473561618,0.695466666667,0.0158473561618
0.00758577575029,0.00758577575029,0.00758577575029,0.00758577575029,0.00758577575029,0.00758577575029,0.00758577575029,0.00758577575029,0.00758577575029,0.00758577575029,0.00758577575029,0.00758577575029,0.00758577575029,0.00758577575029,0.00758577575029,0.00758577575029,0.00758577575029,0.00758577575029,5,X101 X111 X112 X122,0.692222222222,0.0105020827467,0.692222222222,0.0105020827467
0.00758577575029,0.00758577575029,0.00758577575029,0.00758577575029,0.00758577575029,0.00758577575029,0.00758577575029,0.00758577575029,0.00758577575029,0.00758577575029,0.00758577575029,0.00758577575029,0.00758577575029,0.00758577575029,0.00758577575029,0.00758577575029,0.00758577575029,0.00758577575029,5,X102 X112 X113 X123,0.6936,0.0119097500223,0.6936,0.0119097500223
0.00758577575029,0.00758577575029,0.00758577575029,0.00758577575029,0.00758577575029,0.00758577575029,0.00758577575029,0.00758577575029,0.00758577575029,0.00758577575029,0.00758577575029,0.00758577575029,0.00758577575029,0.00758577575029,0.00758577575029,0.00758577575029,0.00758577575029,0.00758577575029,5,X103 X113 X114 X124,0.693066666667,0.0152944033537,0.693066666667,0.0152944033537
0.00758577575029,0.00758577575029,0.00758577575029,0.00758577575029,0.00758577575029,0.00758577575029,0.00758577575029,0.00758577575029,0.00758577575029,0.00758577575029,0.00758577575029,0.00758577575029,0.00758577575029,0.00758577575029,0.00758577575029,0.00758577575029,0.00758577575029,0.00758577575029,5,X104 X114 X115 X125,0.0947111111111,0.0199976499258,0.0947111111111,0.0199976499258
0.00758577575029,0.00758577575029,0.00758577575029,0.00758577575029,0.00758577575029,0.00758577575029,0.00758577575029,0.00758577575029,0.00758577575029,0.00758577575029,0.00758577575029,0.00758577575029,0.00758577575029,0.00758577575029,0.00758577575029,0.00758577575029,0.00758577575029,0.00758577575029,5,X11 X21 X22 X32,0.692266666667,0.0152311437346,0.692266666667,0.0152311437346
0.00758577575029,0.00758577575029,0.00758577575029,0.00758577575029,0.00758577575029,0.00758577575029,0.00758577575029,0.00758577575029,0.00758577575029,0.00758577575029,0.00758577575029,0.00758577575029,0.00758577575029,0.00758577575029,0.00758577575029,0.00758577575029,0.00758577575029,0.00758577575029,5,X116 X126 X127 X137,0.687377777778,0.0126792838955,0.687377777778,0.0126792838955
0.00758577575029,0.00758577575029,0.00758577575029,0.00758577575029,0.00758577575029,0.00758577575029,0.00758577575029,0.00758577575029,0.00758577575029,0.00758577575029,0.00758577575029,0.00758577575029,0.00758577575029,0.00758577575029,0.00758577575029,0.00758577575029,0.00758577575029,0.00758577575029,5,X117 X127 X128 X138,0.690177777778,0.0121446370654,0.690177777778,0.0121446370654
0.00758577575029,0.00758577575029,0.00758577575029,0.00758577575029,0.00758577575029,0.00758577575029,0.00758577575029,0.00758577575029,0.00758577575029,0.00758577575029,0.00758577575029,0.00758577575029,0.00758577575029,0.00758577575029,0.00758577575029,0.00758577575029,0.00758577575029,0.00758577575029,5,X118 X128 X129 X139,0.692688888889,0.0138657861495,0.692688888889,0.0138657861495
0.00758577575029,0.00758577575029,0.00758577575029,0.00758577575029,0.00758577575029,0.00758577575029,0.00758577575029,0.00758577575029,0.00758577575029,0.00758577575029,0.00758577575029,0.00758577575029,0.00758577575029,0.00758577575029,0.00758577575029,0.00758577575029,0.00758577575029,0.00758577575029,5,X119 X129 X130 X140,0.689,0.0140418094914,0.689,0.0140418094914
0.00758577575029,0.00758577575029,0.00758577575029,0.00758577575029,0.00758577575029,0.00758577575029,0.00758577575029,0.00758577575029,0.00758577575029,0.00758577575029,0.00758577575029,0.00758577575029,0.00758577575029,0.00758577575029,0.00758577575029,0.00758577575029,0.00758577575029,0.00758577575029,5,X12 X22 X23 X33,0.688111111111,0.0120472674867,0.688111111111,0.0120472674867
0.00758577575029,0.00758577575029,0.00758577575029,0.00758577575029,0.00758577575029,0.00758577575029,0.00758577575029,0.00758577575029,0.00758577575029,0.00758577575029,0.00758577575029,0.00758577575029,0.00758577575029,0.00758577575029,0.00758577575029,0.00758577575029,0.00758577575029,0.00758577575029,5,X120 X130 X131 X141,0.694333333333,0.012788584469,0.694333333333,0.012788584469
0.00758577575029,0.00758577575029,0.00758577575029,0.00758577575029,0.00758577575029,0.00758577575029,0.00758577575029,0.00758577575029,0.00758577575029,0.00758577575029,0.00758577575029,0.00758577575029,0.00758577575029,0.00758577575029,0.00758577575029,0.00758577575029,0.00758577575029,0.00758577575029,5,X121 X131 X132 X142,0.691755555556,0.0130797533965,0.691755555556,0.0130797533965
0.00758577575029,0.00758577575029,0.00758577575029,0.00758577575029,0.00758577575029,0.00758577575029,0.00758577575029,0.00758577575029,0.00758577575029,0.00758577575029,0.00758577575029,0.00758577575029,0.00758577575029,0.00758577575029,0.00758577575029,0.00758577575029,0.00758577575029,0.00758577575029,5,X122 X132 X133 X143,0.69,0.0136322808238,0.69,0.0136322808238
0.00758577575029,0.00758577575029,0.00758577575029,0.00758577575029,0.00758577575029,0.00758577575029,0.00758577575029,0.00758577575029,0.00758577575029,0.00758577575029,0.00758577575029,0.00758577575029,0.00758577575029,0.00758577575029,0.00758577575029,0.00758577575029,0.00758577575029,0.00758577575029,5,X123 X133 X134 X144,0.692222222222,0.0137646705667,0.692222222222,0.0137646705667
0.00758577575029,0.00758577575029,0.00758577575029,0.00758577575029,0.00758577575029,0.00758577575029,0.00758577575029,0.00758577575029,0.00758577575029,0.00758577575029,0.00758577575029,0.00758577575029,0.00758577575029,0.00758577575029,0.00758577575029,0.00758577575029,0.00758577575029,0.00758577575029,5,X124 X134 X135 X145,0.692222222222,0.0136045218236,0.692222222222,0.0136045218236
0.00758577575029,0.00758577575029,0.00758577575029,0.00758577575029,0.00758577575029,0.00758577575029,0.00758577575029,0.00758577575029,0.00758577575029,0.00758577575029,0.00758577575029,0.00758577575029,0.00758577575029,0.00758577575029,0.00758577575029,0.00758577575029,0.00758577575029,0.00758577575029,5,X125 X135 X136 X146,0.0901111111111,0.0203359397865,0.0901111111111,0.0203359397865
0.00758577575029,0.00758577575029,0.00758577575029,0.00758577575029,0.00758577575029,0.00758577575029,0.00758577575029,0.00758577575029,0.00758577575029,0.00758577575029,0.00758577575029,0.00758577575029,0.00758577575029,0.00758577575029,0.00758577575029,0.00758577575029,0.00758577575029,0.00758577575029,5,X13 X23 X24 X34,0.689044444444,0.0171918927105,0.689044444444,0.0171918927105
0.00758577575029,0.00758577575029,0.00758577575029,0.00758577575029,0.00758577575029,0.00758577575029,0.00758577575029,0.00758577575029,0.00758577575029,0.00758577575029,0.00758577575029,0.00758577575029,0.00758577575029,0.00758577575029,0.00758577575029,0.00758577575029,0.00758577575029,0.00758577575029,5,X137 X147 X148 X158,0.691155555556,0.0131980880228,0.691155555556,0.0131980880228
0.00758577575029,0.00758577575029,0.00758577575029,0.00758577575029,0.00758577575029,0.00758577575029,0.00758577575029,0.00758577575029,0.00758577575029,0.00758577575029,0.00758577575029,0.00758577575029,0.00758577575029,0.00758577575029,0.00758577575029,0.00758577575029,0.00758577575029,0.00758577575029,5,X138 X148 X149 X159,0.6894,0.0125754123657,0.6894,0.0125754123657
0.00758577575029,0.00758577575029,0.00758577575029,0.00758577575029,0.00758577575029,0.00758577575029,0.00758577575029,0.00758577575029,0.00758577575029,0.00758577575029,0.00758577575029,0.00758577575029,0.00758577575029,0.00758577575029,0.00758577575029,0.00758577575029,0.00758577575029,0.00758577575029,5,X139 X149 X150 X160,0.690288888889,0.0103940497764,0.690288888889,0.0103940497764
0.00758577575029,0.00758577575029,0.00758577575029,0.00758577575029,0.00758577575029,0.00758577575029,0.00758577575029,0.00758577575029,0.00758577575029,0.00758577575029,0.00758577575029,0.00758577575029,0.00758577575029,0.00758577575029,0.00758577575029,0.00758577575029,0.00758577575029,0.00758577575029,5,X14 X24 X25 X35,0.6912,0.0106614929982,0.6912,0.0106614929982
0.00758577575029,0.00758577575029,0.00758577575029,0.00758577575029,0.00758577575029,0.00758577575029,0.00758577575029,0.00758577575029,0.00758577575029,0.00758577575029,0.00758577575029,0.00758577575029,0.00758577575029,0.00758577575029,0.00758577575029,0.00758577575029,0.00758577575029,0.00758577575029,5,X140 X150 X151 X161,0.694555555556,0.0121775917988,0.694555555556,0.0121775917988
0.00758577575029,0.00758577575029,0.00758577575029,0.00758577575029,0.00758577575029,0.00758577575029,0.00758577575029,0.00758577575029,0.00758577575029,0.00758577575029,0.00758577575029,0.00758577575029,0.00758577575029,0.00758577575029,0.00758577575029,0.00758577575029,0.00758577575029,0.00758577575029,5,X141 X151 X152 X162,0.694111111111,0.0124168755929,0.694111111111,0.0124168755929
0.00758577575029,0.00758577575029,0.00758577575029,0.00758577575029,0.00758577575029,0.00758577575029,0.00758577575029,0.00758577575029,0.00758577575029,0.00758577575029,0.00758577575029,0.00758577575029,0.00758577575029,0.00758577575029,0.00758577575029,0.00758577575029,0.00758577575029,0.00758577575029,5,X142 X152 X153 X163,0.690466666667,0.0134091522471,0.690466666667,0.0134091522471
0.00758577575029,0.00758577575029,0.00758577575029,0.00758577575029,0.00758577575029,0.00758577575029,0.00758577575029,0.00758577575029,0.00758577575029,0.00758577575029,0.00758577575029,0.00758577575029,0.00758577575029,0.00758577575029,0.00758577575029,0.00758577575029,0.00758577575029,0.00758577575029,5,X143 X153 X154 X164,0.687244444444,0.0132453804087,0.687244444444,0.0132453804087
0.00758577575029,0.00758577575029,0.00758577575029,0.00758577575029,0.00758577575029,0.00758577575029,0.00758577575029,0.00758577575029,0.00758577575029,0.00758577575029,0.00758577575029,0.00758577575029,0.00758577575029,0.00758577575029,0.00758577575029,0.00758577575029,0.00758577575029,0.00758577575029,5,X144 X154 X155 X165,0.689088888889,0.0164127633106,0.689088888889,0.0164127633106
0.00758577575029,0.00758577575029,0.00758577575029,0.00758577575029,0.00758577575029,0.00758577575029,0.00758577575029,0.00758577575029,0.00758577575029,0.00758577575029,0.00758577575029,0.00758577575029,0.00758577575029,0.00758577575029,0.00758577575029,0.00758577575029,0.00758577575029,0.00758577575029,5,X145 X155 X156 X166,0.696155555556,0.0146715596157,0.696155555556,0.0146715596157
0.00758577575029,0.00758577575029,0.00758577575029,0.00758577575029,0.00758577575029,0.00758577575029,0.00758577575029,0.00758577575029,0.00758577575029,0.00758577575029,0.00758577575029,0.00758577575029,0.00758577575029,0.00758577575029,0.00758577575029,0.00758577575029,0.00758577575029,0.00758577575029,5,X146 X156 X157 X167,0.0829111111111,0.0183248534899,0.0829111111111,0.0183248534899
0.00758577575029,0.00758577575029,0.00758577575029,0.00758577575029,0.00758577575029,0.00758577575029,0.00758577575029,0.00758577575029,0.00758577575029,0.00758577575029,0.00758577575029,0.00758577575029,0.00758577575029,0.00758577575029,0.00758577575029,0.00758577575029,0.00758577575029,0.00758577575029,5,X15 X25 X26 X36,0.689755555556,0.0150335342478,0.689755555556,0.0150335342478
0.00758577575029,0.00758577575029,0.00758577575029,0.00758577575029,0.00758577575029,0.00758577575029,0.00758577575029,0.00758577575029,0.00758577575029,0.00758577575029,0.00758577575029,0.00758577575029,0.00758577575029,0.00758577575029,0.00758577575029,0.00758577575029,0.00758577575029,0.00758577575029,5,X158 X168 X169 X179,0.696888888889,0.012321781895,0.696888888889,0.012321781895
0.00758577575029,0.00758577575029,0.00758577575029,0.00758577575029,0.00758577575029,0.00758577575029,0.00758577575029,0.00758577575029,0.00758577575029,0.00758577575029,0.00758577575029,0.00758577575029,0.00758577575029,0.00758577575029,0.00758577575029,0.00758577575029,0.00758577575029,0.00758577575029,5,X159 X169 X170 X180,0.692333333333,0.0126899362787,0.692333333333,0.0126899362787
0.00758577575029,0.00758577575029,0.00758577575029,0.00758577575029,0.00758577575029,0.00758577575029,0.00758577575029,0.00758577575029,0.00758577575029,0.00758577575029,0.00758577575029,0.00758577575029,0.00758577575029,0.00758577575029,0.00758577575029,0.00758577575029,0.00758577575029,0.00758577575029,5,X16 X26 X27 X37,0.694933333333,0.0149928207596,0.694933333333,0.0149928207596
0.00758577575029,0.00758577575029,0.00758577575029,0.00758577575029,0.00758577575029,0.00758577575029,0.00758577575029,0.00758577575029,0.00758577575029,0.00758577575029,0.00758577575029,0.00758577575029,0.00758577575029,0.00758577575029,0.00758577575029,0.00758577575029,0.00758577575029,0.00758577575029,5,X160 X170 X171 X181,0.6896,0.0142152042072,0.6896,0.0142152042072
0.00758577575029,0.00758577575029,0.00758577575029,0.00758577575029,0.00758577575029,0.00758577575029,0.00758577575029,0.00758577575029,0.00758577575029,0.00758577575029,0.00758577575029,0.00758577575029,0.00758577575029,0.00758577575029,0.00758577575029,0.00758577575029,0.00758577575029,0.00758577575029,5,X161 X171 X172 X182,0.691222222222,0.0119642934071,0.691222222222,0.0119642934071
0.00758577575029,0.00758577575029,0.00758577575029,0.00758577575029,0.00758577575029,0.00758577575029,0.00758577575029,0.00758577575029,0.00758577575029,0.00758577575029,0.00758577575029,0.00758577575029,0.00758577575029,0.00758577575029,0.00758577575029,0.00758577575029,0.00758577575029,0.00758577575029,5,X162 X172 X173 X183,0.690533333333,0.0142655709108,0.690533333333,0.0142655709108
0.00758577575029,0.00758577575029,0.00758577575029,0.00758577575029,0.00758577575029,0.00758577575029,0.00758577575029,0.00758577575029,0.00758577575029,0.00758577575029,0.00758577575029,0.00758577575029,0.00758577575029,0.00758577575029,0.00758577575029,0.00758577575029,0.00758577575029,0.00758577575029,5,X163 X173 X174 X184,0.689911111111,0.010129783609,0.689911111111,0.010129783609
0.00758577575029,0.00758577575029,0.00758577575029,0.00758577575029,0.00758577575029,0.00758577575029,0.00758577575029,0.00758577575029,0.00758577575029,0.00758577575029,0.00758577575029,0.00758577575029,0.00758577575029,0.00758577575029,0.00758577575029,0.00758577575029,0.00758577575029,0.00758577575029,5,X164 X174 X175 X185,0.692066666667,0.0112162307135,0.692066666667,0.0112162307135
0.00758577575029,0.00758577575029,0.00758577575029,0.00758577575029,0.00758577575029,0.00758577575029,0.00758577575029,0.00758577575029,0.00758577575029,0.00758577575029,0.00758577575029,0.00758577575029,0.00758577575029,0.00758577575029,0.00758577575029,0.00758577575029,0.00758577575029,0.00758577575029,5,X165 X175 X176 X186,0.690511111111,0.0131419405057,0.690511111111,0.0131419405057
0.00758577575029,0.00758577575029,0.00758577575029,0.00758577575029,0.00758577575029,0.00758577575029,0.00758577575029,0.00758577575029,0.00758577575029,0.00758577575029,0.00758577575029,0.00758577575029,0.00758577575029,0.00758577575029,0.00758577575029,0.00758577575029,0.00758577575029,0.00758577575029,5,X166 X176 X177 X187,0.694755555556,0.0121140598892,0.694755555556,0.0121140598892
0.00758577575029,0.00758577575029,0.00758577575029,0.00758577575029,0.00758577575029,0.00758577575029,0.00758577575029,0.00758577575029,0.00758577575029,0.00758577575029,0.00758577575029,0.00758577575029,0.00758577575029,0.00758577575029,0.00758577575029,0.00758577575029,0.00758577575029,0.00758577575029,5,X167 X177 X178 X188,0.0800666666667,0.0179068256855,0.0800666666667,0.0179068256855
0.00758577575029,0.00758577575029,0.00758577575029,0.00758577575029,0.00758577575029,0.00758577575029,0.00758577575029,0.00758577575029,0.00758577575029,0.00758577575029,0.00758577575029,0.00758577575029,0.00758577575029,0.00758577575029,0.00758577575029,0.00758577575029,0.00758577575029,0.00758577575029,5,X17 X27 X28 X38,0.691488888889,0.0101584132066,0.691488888889,0.0101584132066
0.00758577575029,0.00758577575029,0.00758577575029,0.00758577575029,0.00758577575029,0.00758577575029,0.00758577575029,0.00758577575029,0.00758577575029,0.00758577575029,0.00758577575029,0.00758577575029,0.00758577575029,0.00758577575029,0.00758577575029,0.00758577575029,0.00758577575029,0.00758577575029,5,X179 X189 X190 X200,0.696377777778,0.0123644321597,0.696377777778,0.0123644321597
0.00758577575029,0.00758577575029,0.00758577575029,0.00758577575029,0.00758577575029,0.00758577575029,0.00758577575029,0.00758577575029,0.00758577575029,0.00758577575029,0.00758577575029,0.00758577575029,0.00758577575029,0.00758577575029,0.00758577575029,0.00758577575029,0.00758577575029,0.00758577575029,5,X18 X28 X29 X39,0.693888888889,0.0130933381714,0.693888888889,0.0130933381714
0.00758577575029,0.00758577575029,0.00758577575029,0.00758577575029,0.00758577575029,0.00758577575029,0.00758577575029,0.00758577575029,0.00758577575029,0.00758577575029,0.00758577575029,0.00758577575029,0.00758577575029,0.00758577575029,0.00758577575029,0.00758577575029,0.00758577575029,0.00758577575029,5,X180 X190 X191 X201,0.689222222222,0.0143562589534,0.689222222222,0.0143562589534
0.00758577575029,0.00758577575029,0.00758577575029,0.00758577575029,0.00758577575029,0.00758577575029,0.00758577575029,0.00758577575029,0.00758577575029,0.00758577575029,0.00758577575029,0.00758577575029,0.00758577575029,0.00758577575029,0.00758577575029,0.00758577575029,0.00758577575029,0.00758577575029,5,X181 X191 X192 X202,0.692755555556,0.0137940331743,0.692755555556,0.0137940331743
0.00758577575029,0.00758577575029,0.00758577575029,0.00758577575029,0.00758577575029,0.00758577575029,0.00758577575029,0.00758577575029,0.00758577575029,0.00758577575029,0.00758577575029,0.00758577575029,0.00758577575029,0.00758577575029,0.00758577575029,0.00758577575029,0.00758577575029,0.00758577575029,5,X182 X192 X193 X203,0.6904,0.0160024902277,0.6904,0.0160024902277
0.00758577575029,0.00758577575029,0.00758577575029,0.00758577575029,0.00758577575029,0.00758577575029,0.00758577575029,0.00758577575029,0.00758577575029,0.00758577575029,0.00758577575029,0.00758577575029,0.00758577575029,0.00758577575029,0.00758577575029,0.00758577575029,0.00758577575029,0.00758577575029,5,X183 X193 X194 X204,0.692555555556,0.0120942446441,0.692555555556,0.0120942446441
0.00758577575029,0.00758577575029,0.00758577575029,0.00758577575029,0.00758577575029,0.00758577575029,0.00758577575029,0.00758577575029,0.00758577575029,0.00758577575029,0.00758577575029,0.00758577575029,0.00758577575029,0.00758577575029,0.00758577575029,0.00758577575029,0.00758577575029,0.00758577575029,5,X184 X194 X195 X205,0.691577777778,0.0100960647595,0.691577777778,0.0100960647595
0.00758577575029,0.00758577575029,0.00758577575029,0.00758577575029,0.00758577575029,0.00758577575029,0.00758577575029,0.00758577575029,0.00758577575029,0.00758577575029,0.00758577575029,0.00758577575029,0.00758577575029,0.00758577575029,0.00758577575029,0.00758577575029,0.00758577575029,0.00758577575029,5,X185 X195 X196 X206,0.687933333333,0.0193807187828,0.687933333333,0.0193807187828
0.00758577575029,0.00758577575029,0.00758577575029,0.00758577575029,0.00758577575029,0.00758577575029,0.00758577575029,0.00758577575029,0.00758577575029,0.00758577575029,0.00758577575029,0.00758577575029,0.00758577575029,0.00758577575029,0.00758577575029,0.00758577575029,0.00758577575029,0.00758577575029,5,X186 X196 X197 X207,0.691911111111,0.0130999497918,0.691911111111,0.0130999497918
0.00758577575029,0.00758577575029,0.00758577575029,0.00758577575029,0.00758577575029,0.00758577575029,0.00758577575029,0.00758577575029,0.00758577575029,0.00758577575029,0.00758577575029,0.00758577575029,0.00758577575029,0.00758577575029,0.00758577575029,0.00758577575029,0.00758577575029,0.00758577575029,5,X187 X197 X198 X208,0.693133333333,0.0157072353194,0.693133333333,0.0157072353194
0.00758577575029,0.00758577575029,0.00758577575029,0.00758577575029,0.00758577575029,0.00758577575029,0.00758577575029,0.00758577575029,0.00758577575029,0.00758577575029,0.00758577575029,0.00758577575029,0.00758577575029,0.00758577575029,0.00758577575029,0.00758577575029,0.00758577575029,0.00758577575029,5,X188 X198 X199 X209,0.0849777777778,0.0162034321451,0.0849777777778,0.0162034321451
0.00758577575029,0.00758577575029,0.00758577575029,0.00758577575029,0.00758577575029,0.00758577575029,0.00758577575029,0.00758577575029,0.00758577575029,0.00758577575029,0.00758577575029,0.00758577575029,0.00758577575029,0.00758577575029,0.00758577575029,0.00758577575029,0.00758577575029,0.00758577575029,5,X19 X29 X30 X40,0.694488888889,0.0123672207124,0.694488888889,0.0123672207124
0.00758577575029,0.00758577575029,0.00758577575029,0.00758577575029,0.00758577575029,0.00758577575029,0.00758577575029,0.00758577575029,0.00758577575029,0.00758577575029,0.00758577575029,0.00758577575029,0.00758577575029,0.00758577575029,0.00758577575029,0.00758577575029,0.00758577575029,0.00758577575029,5,X2 X3 X13,0.460644444444,0.0139857435166,0.460644444444,0.0139857435166
0.00758577575029,0.00758577575029,0.00758577575029,0.00758577575029,0.00758577575029,0.00758577575029,0.00758577575029,0.00758577575029,0.00758577575029,0.00758577575029,0.00758577575029,0.00758577575029,0.00758577575029,0.00758577575029,0.00758577575029,0.00758577575029,0.00758577575029,0.00758577575029,5,X20 X30 X31 X41,0.102511111111,0.0165153436921,0.102511111111,0.0165153436921
0.00758577575029,0.00758577575029,0.00758577575029,0.00758577575029,0.00758577575029,0.00758577575029,0.00758577575029,0.00758577575029,0.00758577575029,0.00758577575029,0.00758577575029,0.00758577575029,0.00758577575029,0.00758577575029,0.00758577575029,0.00758577575029,0.00758577575029,0.00758577575029,5,X200 X210 X211,0.724733333333,0.0169636528272,0.724733333333,0.0169636528272
0.00758577575029,0.00758577575029,0.00758577575029,0.00758577575029,0.00758577575029,0.00758577575029,0.00758577575029,0.00758577575029,0.00758577575029,0.00758577575029,0.00758577575029,0.00758577575029,0.00758577575029,0.00758577575029,0.00758577575029,0.00758577575029,0.00758577575029,0.00758577575029,5,X201 X211 X212,0.731866666667,0.0134960189958,0.731866666667,0.0134960189958
0.00758577575029,0.00758577575029,0.00758577575029,0.00758577575029,0.00758577575029,0.00758577575029,0.00758577575029,0.00758577575029,0.00758577575029,0.00758577575029,0.00758577575029,0.00758577575029,0.00758577575029,0.00758577575029,0.00758577575029,0.00758577575029,0.00758577575029,0.00758577575029,5,X202 X212 X213,0.729977777778,0.0132716773687,0.729977777778,0.0132716773687
0.00758577575029,0.00758577575029,0.00758577575029,0.00758577575029,0.00758577575029,0.00758577575029,0.00758577575029,0.00758577575029,0.00758577575029,0.00758577575029,0.00758577575029,0.00758577575029,0.00758577575029,0.00758577575029,0.00758577575029,0.00758577575029,0.00758577575029,0.00758577575029,5,X203 X213 X214,0.732577777778,0.0149694281899,0.732577777778,0.0149694281899
0.00758577575029,0.00758577575029,0.00758577575029,0.00758577575029,0.00758577575029,0.00758577575029,0.00758577575029,0.00758577575029,0.00758577575029,0.00758577575029,0.00758577575029,0.00758577575029,0.00758577575029,0.00758577575029,0.00758577575029,0.00758577575029,0.00758577575029,0.00758577575029,5,X204 X214 X215,0.735355555556,0.0107246746446,0.735355555556,0.0107246746446
0.00758577575029,0.00758577575029,0.00758577575029,0.00758577575029,0.00758577575029,0.00758577575029,0.00758577575029,0.00758577575029,0.00758577575029,0.00758577575029,0.00758577575029,0.00758577575029,0.00758577575029,0.00758577575029,0.00758577575029,0.00758577575029,0.00758577575029,0.00758577575029,5,X205 X215 X216,0.729955555556,0.0133424489912,0.729955555556,0.0133424489912
0.00758577575029,0.00758577575029,0.00758577575029,0.00758577575029,0.00758577575029,0.00758577575029,0.00758577575029,0.00758577575029,0.00758577575029,0.00758577575029,0.00758577575029,0.00758577575029,0.00758577575029,0.00758577575029,0.00758577575029,0.00758577575029,0.00758577575029,0.00758577575029,5,X206 X216 X217,0.7338,0.0126238234913,0.7338,0.0126238234913
0.00758577575029,0.00758577575029,0.00758577575029,0.00758577575029,0.00758577575029,0.00758577575029,0.00758577575029,0.00758577575029,0.00758577575029,0.00758577575029,0.00758577575029,0.00758577575029,0.00758577575029,0.00758577575029,0.00758577575029,0.00758577575029,0.00758577575029,0.00758577575029,5,X207 X217 X218,0.729555555556,0.0113533742122,0.729555555556,0.0113533742122
0.00758577575029,0.00758577575029,0.00758577575029,0.00758577575029,0.00758577575029,0.00758577575029,0.00758577575029,0.00758577575029,0.00758577575029,0.00758577575029,0.00758577575029,0.00758577575029,0.00758577575029,0.00758577575029,0.00758577575029,0.00758577575029,0.00758577575029,0.00758577575029,5,X208 X218 X219,0.735466666667,0.0119017690819,0.735466666667,0.0119017690819
0.00758577575029,0.00758577575029,0.00758577575029,0.00758577575029,0.00758577575029,0.00758577575029,0.00758577575029,0.00758577575029,0.00758577575029,0.00758577575029,0.00758577575029,0.00758577575029,0.00758577575029,0.00758577575029,0.00758577575029,0.00758577575029,0.00758577575029,0.00758577575029,5,X209 X219 X220,0.0893333333333,0.0167194566265,0.0893333333333,0.0167194566265
0.00758577575029,0.00758577575029,0.00758577575029,0.00758577575029,0.00758577575029,0.00758577575029,0.00758577575029,0.00758577575029,0.00758577575029,0.00758577575029,0.00758577575029,0.00758577575029,0.00758577575029,0.00758577575029,0.00758577575029,0.00758577575029,0.00758577575029,0.00758577575029,5,X3 X4 X14,0.363822222222,0.0197182711492,0.363822222222,0.0197182711492
0.00758577575029,0.00758577575029,0.00758577575029,0.00758577575029,0.00758577575029,0.00758577575029,0.00758577575029,0.00758577575029,0.00758577575029,0.00758577575029,0.00758577575029,0.00758577575029,0.00758577575029,0.00758577575029,0.00758577575029,0.00758577575029,0.00758577575029,0.00758577575029,5,X32 X42 X43 X53,0.692888888889,0.01259244234,0.692888888889,0.01259244234
0.00758577575029,0.00758577575029,0.00758577575029,0.00758577575029,0.00758577575029,0.00758577575029,0.00758577575029,0.00758577575029,0.00758577575029,0.00758577575029,0.00758577575029,0.00758577575029,0.00758577575029,0.00758577575029,0.00758577575029,0.00758577575029,0.00758577575029,0.00758577575029,5,X33 X43 X44 X54,0.686977777778,0.0135700067433,0.686977777778,0.0135700067433
0.00758577575029,0.00758577575029,0.00758577575029,0.00758577575029,0.00758577575029,0.00758577575029,0.00758577575029,0.00758577575029,0.00758577575029,0.00758577575029,0.00758577575029,0.00758577575029,0.00758577575029,0.00758577575029,0.00758577575029,0.00758577575029,0.00758577575029,0.00758577575029,5,X34 X44 X45 X55,0.691488888889,0.0138914051361,0.691488888889,0.0138914051361
0.00758577575029,0.00758577575029,0.00758577575029,0.00758577575029,0.00758577575029,0.00758577575029,0.00758577575029,0.00758577575029,0.00758577575029,0.00758577575029,0.00758577575029,0.00758577575029,0.00758577575029,0.00758577575029,0.00758577575029,0.00758577575029,0.00758577575029,0.00758577575029,5,X35 X45 X46 X56,0.690822222222,0.0117752690164,0.690822222222,0.0117752690164
0.00758577575029,0.00758577575029,0.00758577575029,0.00758577575029,0.00758577575029,0.00758577575029,0.00758577575029,0.00758577575029,0.00758577575029,0.00758577575029,0.00758577575029,0.00758577575029,0.00758577575029,0.00758577575029,0.00758577575029,0.00758577575029,0.00758577575029,0.00758577575029,5,X36 X46 X47 X57,0.688377777778,0.0111040820679,0.688377777778,0.0111040820679
0.00758577575029,0.00758577575029,0.00758577575029,0.00758577575029,0.00758577575029,0.00758577575029,0.00758577575029,0.00758577575029,0.00758577575029,0.00758577575029,0.00758577575029,0.00758577575029,0.00758577575029,0.00758577575029,0.00758577575029,0.00758577575029,0.00758577575029,0.00758577575029,5,X37 X47 X48 X58,0.690244444444,0.0140142055279,0.690244444444,0.0140142055279
0.00758577575029,0.00758577575029,0.00758577575029,0.00758577575029,0.00758577575029,0.00758577575029,0.00758577575029,0.00758577575029,0.00758577575029,0.00758577575029,0.00758577575029,0.00758577575029,0.00758577575029,0.00758577575029,0.00758577575029,0.00758577575029,0.00758577575029,0.00758577575029,5,X38 X48 X49 X59,0.692933333333,0.0132116284551,0.692933333333,0.0132116284551
0.00758577575029,0.00758577575029,0.00758577575029,0.00758577575029,0.00758577575029,0.00758577575029,0.00758577575029,0.00758577575029,0.00758577575029,0.00758577575029,0.00758577575029,0.00758577575029,0.00758577575029,0.00758577575029,0.00758577575029,0.00758577575029,0.00758577575029,0.00758577575029,5,X39 X49 X50 X60,0.683577777778,0.0126751131346,0.683577777778,0.0126751131346
0.00758577575029,0.00758577575029,0.00758577575029,0.00758577575029,0.00758577575029,0.00758577575029,0.00758577575029,0.00758577575029,0.00758577575029,0.00758577575029,0.00758577575029,0.00758577575029,0.00758577575029,0.00758577575029,0.00758577575029,0.00758577575029,0.00758577575029,0.00758577575029,5,X4 X5 X15,0.294822222222,0.016076143848,0.294822222222,0.016076143848
0.00758577575029,0.00758577575029,0.00758577575029,0.00758577575029,0.00758577575029,0.00758577575029,0.00758577575029,0.00758577575029,0.00758577575029,0.00758577575029,0.00758577575029,0.00758577575029,0.00758577575029,0.00758577575029,0.00758577575029,0.00758577575029,0.00758577575029,0.00758577575029,5,X40 X50 X51 X61,0.692133333333,0.0121427019534,0.692133333333,0.0121427019534
0.00758577575029,0.00758577575029,0.00758577575029,0.00758577575029,0.00758577575029,0.00758577575029,0.00758577575029,0.00758577575029,0.00758577575029,0.00758577575029,0.00758577575029,0.00758577575029,0.00758577575029,0.00758577575029,0.00758577575029,0.00758577575029,0.00758577575029,0.00758577575029,5,X41 X51 X52 X62,0.0981111111111,0.0170364345498,0.0981111111111,0.0170364345498
0.00758577575029,0.00758577575029,0.00758577575029,0.00758577575029,0.00758577575029,0.00758577575029,0.00758577575029,0.00758577575029,0.00758577575029,0.00758577575029,0.00758577575029,0.00758577575029,0.00758577575029,0.00758577575029,0.00758577575029,0.00758577575029,0.00758577575029,0.00758577575029,5,X5 X6 X16,0.234533333333,0.0185111750446,0.234533333333,0.0185111750446
0.00758577575029,0.00758577575029,0.00758577575029,0.00758577575029,0.00758577575029,0.00758577575029,0.00758577575029,0.00758577575029,0.00758577575029,0.00758577575029,0.00758577575029,0.00758577575029,0.00758577575029,0.00758577575029,0.00758577575029,0.00758577575029,0.00758577575029,0.00758577575029,5,X53 X63 X64 X74,0.693977777778,0.0147036975914,0.693977777778,0.0147036975914
0.00758577575029,0.00758577575029,0.00758577575029,0.00758577575029,0.00758577575029,0.00758577575029,0.00758577575029,0.00758577575029,0.00758577575029,0.00758577575029,0.00758577575029,0.00758577575029,0.00758577575029,0.00758577575029,0.00758577575029,0.00758577575029,0.00758577575029,0.00758577575029,5,X54 X64 X65 X75,0.695755555556,0.0145759822743,0.695755555556,0.0145759822743
0.00758577575029,0.00758577575029,0.00758577575029,0.00758577575029,0.00758577575029,0.00758577575029,0.00758577575029,0.00758577575029,0.00758577575029,0.00758577575029,0.00758577575029,0.00758577575029,0.00758577575029,0.00758577575029,0.00758577575029,0.00758577575029,0.00758577575029,0.00758577575029,5,X55 X65 X66 X76,0.694222222222,0.0159753961531,0.694222222222,0.0159753961531
0.00758577575029,0.00758577575029,0.00758577575029,0.00758577575029,0.00758577575029,0.00758577575029,0.00758577575029,0.00758577575029,0.00758577575029,0.00758577575029,0.00758577575029,0.00758577575029,0.00758577575029,0.00758577575029,0.00758577575029,0.00758577575029,0.00758577575029,0.00758577575029,5,X56 X66 X67 X77,0.690111111111,0.0140421732971,0.690111111111,0.0140421732971
0.00758577575029,0.00758577575029,0.00758577575029,0.00758577575029,0.00758577575029,0.00758577575029,0.00758577575029,0.00758577575029,0.00758577575029,0.00758577575029,0.00758577575029,0.00758577575029,0.00758577575029,0.00758577575029,0.00758577575029,0.00758577575029,0.00758577575029,0.00758577575029,5,X57 X67 X68 X78,0.689222222222,0.0146385135578,0.689222222222,0.0146385135578
0.00758577575029,0.00758577575029,0.00758577575029,0.00758577575029,0.00758577575029,0.00758577575029,0.00758577575029,0.00758577575029,0.00758577575029,0.00758577575029,0.00758577575029,0.00758577575029,0.00758577575029,0.00758577575029,0.00758577575029,0.00758577575029,0.00758577575029,0.00758577575029,5,X58 X68 X69 X79,0.689288888889,0.0128306784336,0.689288888889,0.0128306784336
0.00758577575029,0.00758577575029,0.00758577575029,0.00758577575029,0.00758577575029,0.00758577575029,0.00758577575029,0.00758577575029,0.00758577575029,0.00758577575029,0.00758577575029,0.00758577575029,0.00758577575029,0.00758577575029,0.00758577575029,0.00758577575029,0.00758577575029,0.00758577575029,5,X59 X69 X70 X80,0.694511111111,0.0106230189348,0.694511111111,0.0106230189348
0.00758577575029,0.00758577575029,0.00758577575029,0.00758577575029,0.00758577575029,0.00758577575029,0.00758577575029,0.00758577575029,0.00758577575029,0.00758577575029,0.00758577575029,0.00758577575029,0.00758577575029,0.00758577575029,0.00758577575029,0.00758577575029,0.00758577575029,0.00758577575029,5,X6 X7 X17,0.185888888889,0.015979952319,0.185888888889,0.015979952319
0.00758577575029,0.00758577575029,0.00758577575029,0.00758577575029,0.00758577575029,0.00758577575029,0.00758577575029,0.00758577575029,0.00758577575029,0.00758577575029,0.00758577575029,0.00758577575029,0.00758577575029,0.00758577575029,0.00758577575029,0.00758577575029,0.00758577575029,0.00758577575029,5,X60 X70 X71 X81,0.6922,0.0183938603783,0.6922,0.0183938603783
0.00758577575029,0.00758577575029,0.00758577575029,0.00758577575029,0.00758577575029,0.00758577575029,0.00758577575029,0.00758577575029,0.00758577575029,0.00758577575029,0.00758577575029,0.00758577575029,0.00758577575029,0.00758577575029,0.00758577575029,0.00758577575029,0.00758577575029,0.00758577575029,5,X61 X71 X72 X82,0.694977777778,0.0148811210937,0.694977777778,0.0148811210937
0.00758577575029,0.00758577575029,0.00758577575029,0.00758577575029,0.00758577575029,0.00758577575029,0.00758577575029,0.00758577575029,0.00758577575029,0.00758577575029,0.00758577575029,0.00758577575029,0.00758577575029,0.00758577575029,0.00758577575029,0.00758577575029,0.00758577575029,0.00758577575029,5,X62 X72 X73 X83,0.0966444444444,0.022890365611,0.0966444444444,0.022890365611
0.00758577575029,0.00758577575029,0.00758577575029,0.00758577575029,0.00758577575029,0.00758577575029,0.00758577575029,0.00758577575029,0.00758577575029,0.00758577575029,0.00758577575029,0.00758577575029,0.00758577575029,0.00758577575029,0.00758577575029,0.00758577575029,0.00758577575029,0.00758577575029,5,X7 X8 X18,0.147866666667,0.0156918603983,0.147866666667,0.0156918603983
0.00758577575029,0.00758577575029,0.00758577575029,0.00758577575029,0.00758577575029,0.00758577575029,0.00758577575029,0.00758577575029,0.00758577575029,0.00758577575029,0.00758577575029,0.00758577575029,0.00758577575029,0.00758577575029,0.00758577575029,0.00758577575029,0.00758577575029,0.00758577575029,5,X74 X84 X85 X95,0.6928,0.0123727546436,0.6928,0.0123727546436
0.00758577575029,0.00758577575029,0.00758577575029,0.00758577575029,0.00758577575029,0.00758577575029,0.00758577575029,0.00758577575029,0.00758577575029,0.00758577575029,0.00758577575029,0.00758577575029,0.00758577575029,0.00758577575029,0.00758577575029,0.00758577575029,0.00758577575029,0.00758577575029,5,X75 X85 X86 X96,0.693688888889,0.0116562953354,0.693688888889,0.0116562953354
0.00758577575029,0.00758577575029,0.00758577575029,0.00758577575029,0.00758577575029,0.00758577575029,0.00758577575029,0.00758577575029,0.00758577575029,0.00758577575029,0.00758577575029,0.00758577575029,0.00758577575029,0.00758577575029,0.00758577575029,0.00758577575029,0.00758577575029,0.00758577575029,5,X76 X86 X87 X97,0.689955555556,0.0114429229357,0.689955555556,0.0114429229357
0.00758577575029,0.00758577575029,0.00758577575029,0.00758577575029,0.00758577575029,0.00758577575029,0.00758577575029,0.00758577575029,0.00758577575029,0.00758577575029,0.00758577575029,0.00758577575029,0.00758577575029,0.00758577575029,0.00758577575029,0.00758577575029,0.00758577575029,0.00758577575029,5,X77 X87 X88 X98,0.687622222222,0.0125831284396,0.687622222222,0.0125831284396
0.00758577575029,0.00758577575029,0.00758577575029,0.00758577575029,0.00758577575029,0.00758577575029,0.00758577575029,0.00758577575029,0.00758577575029,0.00758577575029,0.00758577575029,0.00758577575029,0.00758577575029,0.00758577575029,0.00758577575029,0.00758577575029,0.00758577575029,0.00758577575029,5,X78 X88 X89 X99,0.691155555556,0.0155096641071,0.691155555556,0.0155096641071
0.00758577575029,0.00758577575029,0.00758577575029,0.00758577575029,0.00758577575029,0.00758577575029,0.00758577575029,0.00758577575029,0.00758577575029,0.00758577575029,0.00758577575029,0.00758577575029,0.00758577575029,0.00758577575029,0.00758577575029,0.00758577575029,0.00758577575029,0.00758577575029,5,X79 X89 X90 X100,0.691511111111,0.0138098008767,0.691511111111,0.0138098008767
0.00758577575029,0.00758577575029,0.00758577575029,0.00758577575029,0.00758577575029,0.00758577575029,0.00758577575029,0.00758577575029,0.00758577575029,0.00758577575029,0.00758577575029,0.00758577575029,0.00758577575029,0.00758577575029,0.00758577575029,0.00758577575029,0.00758577575029,0.00758577575029,5,X8 X9 X19,0.111666666667,0.0207593398636,0.111666666667,0.0207593398636
0.00758577575029,0.00758577575029,0.00758577575029,0.00758577575029,0.00758577575029,0.00758577575029,0.00758577575029,0.00758577575029,0.00758577575029,0.00758577575029,0.00758577575029,0.00758577575029,0.00758577575029,0.00758577575029,0.00758577575029,0.00758577575029,0.00758577575029,0.00758577575029,5,X80 X90 X91 X101,0.689244444444,0.0189710271806,0.689244444444,0.0189710271806
0.00758577575029,0.00758577575029,0.00758577575029,0.00758577575029,0.00758577575029,0.00758577575029,0.00758577575029,0.00758577575029,0.00758577575029,0.00758577575029,0.00758577575029,0.00758577575029,0.00758577575029,0.00758577575029,0.00758577575029,0.00758577575029,0.00758577575029,0.00758577575029,5,X81 X91 X92 X102,0.6924,0.0141979438369,0.6924,0.0141979438369
0.00758577575029,0.00758577575029,0.00758577575029,0.00758577575029,0.00758577575029,0.00758577575029,0.00758577575029,0.00758577575029,0.00758577575029,0.00758577575029,0.00758577575029,0.00758577575029,0.00758577575029,0.00758577575029,0.00758577575029,0.00758577575029,0.00758577575029,0.00758577575029,5,X82 X92 X93 X103,0.692622222222,0.0134693445993,0.692622222222,0.0134693445993
0.00758577575029,0.00758577575029,0.00758577575029,0.00758577575029,0.00758577575029,0.00758577575029,0.00758577575029,0.00758577575029,0.00758577575029,0.00758577575029,0.00758577575029,0.00758577575029,0.00758577575029,0.00758577575029,0.00758577575029,0.00758577575029,0.00758577575029,0.00758577575029,5,X83 X93 X94 X104,0.0990222222222,0.0152292653673,0.0990222222222,0.0152292653673
0.00758577575029,0.00758577575029,0.00758577575029,0.00758577575029,0.00758577575029,0.00758577575029,0.00758577575029,0.00758577575029,0.00758577575029,0.00758577575029,0.00758577575029,0.00758577575029,0.00758577575029,0.00758577575029,0.00758577575029,0.00758577575029,0.00758577575029,0.00758577575029,5,X9 X10 X20,0.108555555556,0.0186108223229,0.108555555556,0.0186108223229
0.00758577575029,0.00758577575029,0.00758577575029,0.00758577575029,0.00758577575029,0.00758577575029,0.00758577575029,0.00758577575029,0.00758577575029,0.00758577575029,0.00758577575029,0.00758577575029,0.00758577575029,0.00758577575029,0.00758577575029,0.00758577575029,0.00758577575029,0.00758577575029,5,X95 X105 X106 X116,0.690444444444,0.011729170282,0.690444444444,0.011729170282
0.00758577575029,0.00758577575029,0.00758577575029,0.00758577575029,0.00758577575029,0.00758577575029,0.00758577575029,0.00758577575029,0.00758577575029,0.00758577575029,0.00758577575029,0.00758577575029,0.00758577575029,0.00758577575029,0.00758577575029,0.00758577575029,0.00758577575029,0.00758577575029,5,X96 X106 X107 X117,0.6956,0.0106026816531,0.6956,0.0106026816531
0.00758577575029,0.00758577575029,0.00758577575029,0.00758577575029,0.00758577575029,0.00758577575029,0.00758577575029,0.00758577575029,0.00758577575029,0.00758577575029,0.00758577575029,0.00758577575029,0.00758577575029,0.00758577575029,0.00758577575029,0.00758577575029,0.00758577575029,0.00758577575029,5,X97 X107 X108 X118,0.693888888889,0.0109335622815,0.693888888889,0.0109335622815
0.00758577575029,0.00758577575029,0.00758577575029,0.00758577575029,0.00758577575029,0.00758577575029,0.00758577575029,0.00758577575029,0.00758577575029,0.00758577575029,0.00758577575029,0.00758577575029,0.00758577575029,0.00758577575029,0.00758577575029,0.00758577575029,0.00758577575029,0.00758577575029,5,X98 X108 X109 X119,0.691822222222,0.0138364096658,0.691822222222,0.0138364096658
0.00758577575029,0.00758577575029,0.00758577575029,0.00758577575029,0.00758577575029,0.00758577575029,0.00758577575029,0.00758577575029,0.00758577575029,0.00758577575029,0.00758577575029,0.00758577575029,0.00758577575029,0.00758577575029,0.00758577575029,0.00758577575029,0.00758577575029,0.00758577575029,5,X99 X109 X110 X120,0.6892,0.015179538557,0.6892,0.015179538557
0.00758577575029,0.00758577575029,0.00758577575029,0.00758577575029,0.00758577575029,0.00758577575029,0.00758577575029,0.00758577575029,0.00758577575029,0.00758577575029,0.00758577575029,0.00758577575029,0.00758577575029,0.00758577575029,0.00758577575029,0.00758577575029,0.00758577575029,0.00758577575029,5,Z0 Z11 Z21,0.809777777778,0.00980004430881,0.809777777778,0.00980004430881
0.00758577575029,0.00758577575029,0.00758577575029,0.00758577575029,0.00758577575029,0.00758577575029,0.00758577575029,0.00758577575029,0.00758577575029,0.00758577575029,0.00758577575029,0.00758577575029,0.00758577575029,0.00758577575029,0.00758577575029,0.00758577575029,0.00758577575029,0.00758577575029,5,Z1 Z11 Z12 Z22,0.6584,0.0143866690103,0.6584,0.0143866690103
0.00758577575029,0.00758577575029,0.00758577575029,0.00758577575029,0.00758577575029,0.00758577575029,0.00758577575029,0.00758577575029,0.00758577575029,0.00758577575029,0.00758577575029,0.00758577575029,0.00758577575029,0.00758577575029,0.00758577575029,0.00758577575029,0.00758577575029,0.00758577575029,5,Z10 Z20 Z31,0.274888888889,0.0187275962364,0.274888888889,0.0187275962364
0.00758577575029,0.00758577575029,0.00758577575029,0.00758577575029,0.00758577575029,0.00758577575029,0.00758577575029,0.00758577575029,0.00758577575029,0.00758577575029,0.00758577575029,0.00758577575029,0.00758577575029,0.00758577575029,0.00758577575029,0.00758577575029,0.00758577575029,0.00758577575029,5,Z105 Z116 Z126,0.773977777778,0.0115582593359,0.773977777778,0.0115582593359
0.00758577575029,0.00758577575029,0.00758577575029,0.00758577575029,0.00758577575029,0.00758577575029,0.00758577575029,0.00758577575029,0.00758577575029,0.00758577575029,0.00758577575029,0.00758577575029,0.00758577575029,0.00758577575029,0.00758577575029,0.00758577575029,0.00758577575029,0.00758577575029,5,Z106 Z116 Z117 Z127,0.742644444444,0.0108327350262,0.742644444444,0.0108327350262
0.00758577575029,0.00758577575029,0.00758577575029,0.00758577575029,0.00758577575029,0.00758577575029,0.00758577575029,0.00758577575029,0.00758577575029,0.00758577575029,0.00758577575029,0.00758577575029,0.00758577575029,0.00758577575029,0.00758577575029,0.00758577575029,0.00758577575029,0.00758577575029,5,Z107 Z117 Z118 Z128,0.743688888889,0.0126257455554,0.743688888889,0.0126257455554
0.00758577575029,0.00758577575029,0.00758577575029,0.00758577575029,0.00758577575029,0.00758577575029,0.00758577575029,0.00758577575029,0.00758577575029,0.00758577575029,0.00758577575029,0.00758577575029,0.00758577575029,0.00758577575029,0.00758577575029,0.00758577575029,0.00758577575029,0.00758577575029,5,Z108 Z118 Z119 Z129,0.746866666667,0.00879071261915,0.746866666667,0.00879071261915
0.00758577575029,0.00758577575029,0.00758577575029,0.00758577575029,0.00758577575029,0.00758577575029,0.00758577575029,0.00758577575029,0.00758577575029,0.00758577575029,0.00758577575029,0.00758577575029,0.00758577575029,0.00758577575029,0.00758577575029,0.00758577575029,0.00758577575029,0.00758577575029,5,Z109 Z119 Z120 Z130,0.747066666667,0.0117321315999,0.747066666667,0.0117321315999
0.00758577575029,0.00758577575029,0.00758577575029,0.00758577575029,0.00758577575029,0.00758577575029,0.00758577575029,0.00758577575029,0.00758577575029,0.00758577575029,0.00758577575029,0.00758577575029,0.00758577575029,0.00758577575029,0.00758577575029,0.00758577575029,0.00758577575029,0.00758577575029,5,Z110 Z120 Z121 Z131,0.736244444444,0.0119121732814,0.736244444444,0.0119121732814
0.00758577575029,0.00758577575029,0.00758577575029,0.00758577575029,0.00758577575029,0.00758577575029,0.00758577575029,0.00758577575029,0.00758577575029,0.00758577575029,0.00758577575029,0.00758577575029,0.00758577575029,0.00758577575029,0.00758577575029,0.00758577575029,0.00758577575029,0.00758577575029,5,Z111 Z121 Z122 Z132,0.739755555556,0.0133763482389,0.739755555556,0.0133763482389
0.00758577575029,0.00758577575029,0.00758577575029,0.00758577575029,0.00758577575029,0.00758577575029,0.00758577575029,0.00758577575029,0.00758577575029,0.00758577575029,0.00758577575029,0.00758577575029,0.00758577575029,0.00758577575029,0.00758577575029,0.00758577575029,0.00758577575029,0.00758577575029,5,Z112 Z122 Z123 Z133,0.742444444444,0.00788097925209,0.742444444444,0.00788097925209
0.00758577575029,0.00758577575029,0.00758577575029,0.00758577575029,0.00758577575029,0.00758577575029,0.00758577575029,0.00758577575029,0.00758577575029,0.00758577575029,0.00758577575029,0.00758577575029,0.00758577575029,0.00758577575029,0.00758577575029,0.00758577575029,0.00758577575029,0.00758577575029,5,Z113 Z123 Z124 Z134,0.740577777778,0.0120696996675,0.740577777778,0.0120696996675
0.00758577575029,0.00758577575029,0.00758577575029,0.00758577575029,0.00758577575029,0.00758577575029,0.00758577575029,0.00758577575029,0.00758577575029,0.00758577575029,0.00758577575029,0.00758577575029,0.00758577575029,0.00758577575029,0.00758577575029,0.00758577575029,0.00758577575029,0.00758577575029,5,Z114 Z124 Z125 Z135,0.264111111111,0.0198940360214,0.264111111111,0.0198940360214
0.00758577575029,0.00758577575029,0.00758577575029,0.00758577575029,0.00758577575029,0.00758577575029,0.00758577575029,0.00758577575029,0.00758577575029,0.00758577575029,0.00758577575029,0.00758577575029,0.00758577575029,0.00758577575029,0.00758577575029,0.00758577575029,0.00758577575029,0.00758577575029,5,Z115 Z125 Z136,0.287622222222,0.0150734430223,0.287622222222,0.0150734430223
0.00758577575029,0.00758577575029,0.00758577575029,0.00758577575029,0.00758577575029,0.00758577575029,0.00758577575029,0.00758577575029,0.00758577575029,0.00758577575029,0.00758577575029,0.00758577575029,0.00758577575029,0.00758577575029,0.00758577575029,0.00758577575029,0.00758577575029,0.00758577575029,5,Z126 Z137 Z147,0.767022222222,0.0076648840173,0.767022222222,0.0076648840173
0.00758577575029,0.00758577575029,0.00758577575029,0.00758577575029,0.00758577575029,0.00758577575029,0.00758577575029,0.00758577575029,0.00758577575029,0.00758577575029,0.00758577575029,0.00758577575029,0.00758577575029,0.00758577575029,0.00758577575029,0.00758577575029,0.00758577575029,0.00758577575029,5,Z127 Z137 Z138 Z148,0.744977777778,0.0108189323675,0.744977777778,0.0108189323675
0.00758577575029,0.00758577575029,0.00758577575029,0.00758577575029,0.00758577575029,0.00758577575029,0.00758577575029,0.00758577575029,0.00758577575029,0.00758577575029,0.00758577575029,0.00758577575029,0.00758577575029,0.00758577575029,0.00758577575029,0.00758577575029,0.00758577575029,0.00758577575029,5,Z128 Z138 Z139 Z149,0.743733333333,0.0129076887598,0.743733333333,0.0129076887598
0.00758577575029,0.00758577575029,0.00758577575029,0.00758577575029,0.00758577575029,0.00758577575029,0.00758577575029,0.00758577575029,0.00758577575029,0.00758577575029,0.00758577575029,0.00758577575029,0.00758577575029,0.00758577575029,0.00758577575029,0.00758577575029,0.00758577575029,0.00758577575029,5,Z129 Z139 Z140 Z150,0.7458,0.0139216747132,0.7458,0.0139216747132
0.00758577575029,0.00758577575029,0.00758577575029,0.00758577575029,0.00758577575029,0.00758577575029,0.00758577575029,0.00758577575029,0.00758577575029,0.00758577575029,0.00758577575029,0.00758577575029,0.00758577575029,0.00758577575029,0.00758577575029,0.00758577575029,0.00758577575029,0.00758577575029,5,Z130 Z140 Z141 Z151,0.748088888889,0.0120379137121,0.748088888889,0.0120379137121
0.00758577575029,0.00758577575029,0.00758577575029,0.00758577575029,0.00758577575029,0.00758577575029,0.00758577575029,0.00758577575029,0.00758577575029,0.00758577575029,0.00758577575029,0.00758577575029,0.00758577575029,0.00758577575029,0.00758577575029,0.00758577575029,0.00758577575029,0.00758577575029,5,Z131 Z141 Z142 Z152,0.741222222222,0.0140072048602,0.741222222222,0.0140072048602
0.00758577575029,0.00758577575029,0.00758577575029,0.00758577575029,0.00758577575029,0.00758577575029,0.00758577575029,0.00758577575029,0.00758577575029,0.00758577575029,0.00758577575029,0.00758577575029,0.00758577575029,0.00758577575029,0.00758577575029,0.00758577575029,0.00758577575029,0.00758577575029,5,Z132 Z142 Z143 Z153,0.742244444444,0.0123840007194,0.742244444444,0.0123840007194
0.00758577575029,0.00758577575029,0.00758577575029,0.00758577575029,0.00758577575029,0.00758577575029,0.00758577575029,0.00758577575029,0.00758577575029,0.00758577575029,0.00758577575029,0.00758577575029,0.00758577575029,0.00758577575029,0.00758577575029,0.00758577575029,0.00758577575029,0.00758577575029,5,Z133 Z143 Z144 Z154,0.746755555556,0.0113079273497,0.746755555556,0.0113079273497
0.00758577575029,0.00758577575029,0.00758577575029,0.00758577575029,0.00758577575029,0.00758577575029,0.00758577575029,0.00758577575029,0.00758577575029,0.00758577575029,0.00758577575029,0.00758577575029,0.00758577575029,0.00758577575029,0.00758577575029,0.00758577575029,0.00758577575029,0.00758577575029,5,Z134 Z144 Z145 Z155,0.741377777778,0.011169105355,0.741377777778,0.011169105355
0.00758577575029,0.00758577575029,0.00758577575029,0.00758577575029,0.00758577575029,0.00758577575029,0.00758577575029,0.00758577575029,0.00758577575029,0.00758577575029,0.00758577575029,0.00758577575029,0.00758577575029,0.00758577575029,0.00758577575029,0.00758577575029,0.00758577575029,0.00758577575029,5,Z135 Z145 Z146 Z156,0.256333333333,0.0182311677884,0.256333333333,0.0182311677884
0.00758577575029,0.00758577575029,0.00758577575029,0.00758577575029,0.00758577575029,0.00758577575029,0.00758577575029,0.00758577575029,0.00758577575029,0.00758577575029,0.00758577575029,0.00758577575029,0.00758577575029,0.00758577575029,0.00758577575029,0.00758577575029,0.00758577575029,0.00758577575029,5,Z136 Z146 Z157,0.291488888889,0.0160131012773,0.291488888889,0.0160131012773
0.00758577575029,0.00758577575029,0.00758577575029,0.00758577575029,0.00758577575029,0.00758577575029,0.00758577575029,0.00758577575029,0.00758577575029,0.00758577575029,0.00758577575029,0.00758577575029,0.00758577575029,0.00758577575029,0.00758577575029,0.00758577575029,0.00758577575029,0.00758577575029,5,Z147 Z158 Z168,0.759933333333,0.0103299586629,0.759933333333,0.0103299586629
0.00758577575029,0.00758577575029,0.00758577575029,0.00758577575029,0.00758577575029,0.00758577575029,0.00758577575029,0.00758577575029,0.00758577575029,0.00758577575029,0.00758577575029,0.00758577575029,0.00758577575029,0.00758577575029,0.00758577575029,0.00758577575029,0.00758577575029,0.00758577575029,5,Z148 Z158 Z159 Z169,0.740488888889,0.0166495851164,0.740488888889,0.0166495851164
0.00758577575029,0.00758577575029,0.00758577575029,0.00758577575029,0.00758577575029,0.00758577575029,0.00758577575029,0.00758577575029,0.00758577575029,0.00758577575029,0.00758577575029,0.00758577575029,0.00758577575029,0.00758577575029,0.00758577575029,0.00758577575029,0.00758577575029,0.00758577575029,5,Z149 Z159 Z160 Z170,0.743777777778,0.0129831406544,0.743777777778,0.0129831406544
0.00758577575029,0.00758577575029,0.00758577575029,0.00758577575029,0.00758577575029,0.00758577575029,0.00758577575029,0.00758577575029,0.00758577575029,0.00758577575029,0.00758577575029,0.00758577575029,0.00758577575029,0.00758577575029,0.00758577575029,0.00758577575029,0.00758577575029,0.00758577575029,5,Z150 Z160 Z161 Z171,0.739444444444,0.013726483431,0.739444444444,0.013726483431
0.00758577575029,0.00758577575029,0.00758577575029,0.00758577575029,0.00758577575029,0.00758577575029,0.00758577575029,0.00758577575029,0.00758577575029,0.00758577575029,0.00758577575029,0.00758577575029,0.00758577575029,0.00758577575029,0.00758577575029,0.00758577575029,0.00758577575029,0.00758577575029,5,Z151 Z161 Z162 Z172,0.742,0.012647898982,0.742,0.012647898982
0.00758577575029,0.00758577575029,0.00758577575029,0.00758577575029,0.00758577575029,0.00758577575029,0.00758577575029,0.00758577575029,0.00758577575029,0.00758577575029,0.00758577575029,0.00758577575029,0.00758577575029,0.00758577575029,0.00758577575029,0.00758577575029,0.00758577575029,0.00758577575029,5,Z152 Z162 Z163 Z173,0.742155555556,0.0125855641117,0.742155555556,0.0125855641117
0.00758577575029,0.00758577575029,0.00758577575029,0.00758577575029,0.00758577575029,0.00758577575029,0.00758577575029,0.00758577575029,0.00758577575029,0.00758577575029,0.00758577575029,0.00758577575029,0.00758577575029,0.00758577575029,0.00758577575029,0.00758577575029,0.00758577575029,0.00758577575029,5,Z153 Z163 Z164 Z174,0.738555555556,0.008596681768,0.738555555556,0.008596681768
0.00758577575029,0.00758577575029,0.00758577575029,0.00758577575029,0.00758577575029,0.00758577575029,0.00758577575029,0.00758577575029,0.00758577575029,0.00758577575029,0.00758577575029,0.00758577575029,0.00758577575029,0.00758577575029,0.00758577575029,0.00758577575029,0.00758577575029,0.00758577575029,5,Z154 Z164 Z165 Z175,0.742666666667,0.0105931373722,0.742666666667,0.0105931373722
0.00758577575029,0.00758577575029,0.00758577575029,0.00758577575029,0.00758577575029,0.00758577575029,0.00758577575029,0.00758577575029,0.00758577575029,0.00758577575029,0.00758577575029,0.00758577575029,0.00758577575029,0.00758577575029,0.00758577575029,0.00758577575029,0.00758577575029,0.00758577575029,5,Z155 Z165 Z166 Z176,0.743688888889,0.00983501187051,0.743688888889,0.00983501187051
0.00758577575029,0.00758577575029,0.00758577575029,0.00758577575029,0.00758577575029,0.00758577575029,0.00758577575029,0.00758577575029,0.00758577575029,0.00758577575029,0.00758577575029,0.00758577575029,0.00758577575029,0.00758577575029,0.00758577575029,0.00758577575029,0.00758577575029,0.00758577575029,5,Z156 Z166 Z167 Z177,0.252266666667,0.01758055352,0.252266666667,0.01758055352
0.00758577575029,0.00758577575029,0.00758577575029,0.00758577575029,0.00758577575029,0.00758577575029,0.00758577575029,0.00758577575029,0.00758577575029,0.00758577575029,0.00758577575029,0.00758577575029,0.00758577575029,0.00758577575029,0.00758577575029,0.00758577575029,0.00758577575029,0.00758577575029,5,Z157 Z167 Z178,0.301,0.0169151590405,0.301,0.0169151590405
0.00758577575029,0.00758577575029,0.00758577575029,0.00758577575029,0.00758577575029,0.00758577575029,0.00758577575029,0.00758577575029,0.00758577575029,0.00758577575029,0.00758577575029,0.00758577575029,0.00758577575029,0.00758577575029,0.00758577575029,0.00758577575029,0.00758577575029,0.00758577575029,5,Z168 Z179 Z189,0.751666666667,0.0120671810394,0.751666666667,0.0120671810394
0.00758577575029,0.00758577575029,0.00758577575029,0.00758577575029,0.00758577575029,0.00758577575029,0.00758577575029,0.00758577575029,0.00758577575029,0.00758577575029,0.00758577575029,0.00758577575029,0.00758577575029,0.00758577575029,0.00758577575029,0.00758577575029,0.00758577575029,0.00758577575029,5,Z169 Z179 Z180 Z190,0.740688888889,0.0121415449456,0.740688888889,0.0121415449456
0.00758577575029,0.00758577575029,0.00758577575029,0.00758577575029,0.00758577575029,0.00758577575029,0.00758577575029,0.00758577575029,0.00758577575029,0.00758577575029,0.00758577575029,0.00758577575029,0.00758577575029,0.00758577575029,0.00758577575029,0.00758577575029,0.00758577575029,0.00758577575029,5,Z170 Z180 Z181 Z191,0.739111111111,0.011803413148,0.739111111111,0.011803413148
0.00758577575029,0.00758577575029,0.00758577575029,0.00758577575029,0.00758577575029,0.00758577575029,0.00758577575029,0.00758577575029,0.00758577575029,0.00758577575029,0.00758577575029,0.00758577575029,0.00758577575029,0.00758577575029,0.00758577575029,0.00758577575029,0.00758577575029,0.00758577575029,5,Z171 Z181 Z182 Z192,0.741955555556,0.0092590365235,0.741955555556,0.0092590365235
0.00758577575029,0.00758577575029,0.00758577575029,0.00758577575029,0.00758577575029,0.00758577575029,0.00758577575029,0.00758577575029,0.00758577575029,0.00758577575029,0.00758577575029,0.00758577575029,0.00758577575029,0.00758577575029,0.00758577575029,0.00758577575029,0.00758577575029,0.00758577575029,5,Z172 Z182 Z183 Z193,0.740333333333,0.0103424135114,0.740333333333,0.0103424135114
0.00758577575029,0.00758577575029,0.00758577575029,0.00758577575029,0.00758577575029,0.00758577575029,0.00758577575029,0.00758577575029,0.00758577575029,0.00758577575029,0.00758577575029,0.00758577575029,0.00758577575029,0.00758577575029,0.00758577575029,0.00758577575029,0.00758577575029,0.00758577575029,5,Z173 Z183 Z184 Z194,0.744044444444,0.0109473604066,0.744044444444,0.0109473604066
0.00758577575029,0.00758577575029,0.00758577575029,0.00758577575029,0.00758577575029,0.00758577575029,0.00758577575029,0.00758577575029,0.00758577575029,0.00758577575029,0.00758577575029,0.00758577575029,0.00758577575029,0.00758577575029,0.00758577575029,0.00758577575029,0.00758577575029,0.00758577575029,5,Z174 Z184 Z185 Z195,0.745777777778,0.0113749517563,0.745777777778,0.0113749517563
0.00758577575029,0.00758577575029,0.00758577575029,0.00758577575029,0.00758577575029,0.00758577575029,0.00758577575029,0.00758577575029,0.00758577575029,0.00758577575029,0.00758577575029,0.00758577575029,0.00758577575029,0.00758577575029,0.00758577575029,0.00758577575029,0.00758577575029,0.00758577575029,5,Z175 Z185 Z186 Z196,0.739466666667,0.0149208897252,0.739466666667,0.0149208897252
0.00758577575029,0.00758577575029,0.00758577575029,0.00758577575029,0.00758577575029,0.00758577575029,0.00758577575029,0.00758577575029,0.00758577575029,0.00758577575029,0.00758577575029,0.00758577575029,0.00758577575029,0.00758577575029,0.00758577575029,0.00758577575029,0.00758577575029,0.00758577575029,5,Z176 Z186 Z187 Z197,0.738911111111,0.00806958878077,0.738911111111,0.00806958878077
0.00758577575029,0.00758577575029,0.00758577575029,0.00758577575029,0.00758577575029,0.00758577575029,0.00758577575029,0.00758577575029,0.00758577575029,0.00758577575029,0.00758577575029,0.00758577575029,0.00758577575029,0.00758577575029,0.00758577575029,0.00758577575029,0.00758577575029,0.00758577575029,5,Z177 Z187 Z188 Z198,0.248844444444,0.0213038109902,0.248844444444,0.0213038109902
0.00758577575029,0.00758577575029,0.00758577575029,0.00758577575029,0.00758577575029,0.00758577575029,0.00758577575029,0.00758577575029,0.00758577575029,0.00758577575029,0.00758577575029,0.00758577575029,0.00758577575029,0.00758577575029,0.00758577575029,0.00758577575029,0.00758577575029,0.00758577575029,5,Z178 Z188 Z199,0.301444444444,0.0180277209558,0.301444444444,0.0180277209558
0.00758577575029,0.00758577575029,0.00758577575029,0.00758577575029,0.00758577575029,0.00758577575029,0.00758577575029,0.00758577575029,0.00758577575029,0.00758577575029,0.00758577575029,0.00758577575029,0.00758577575029,0.00758577575029,0.00758577575029,0.00758577575029,0.00758577575029,0.00758577575029,5,Z189 Z200 Z210,0.749133333333,0.0111694026499,0.749133333333,0.0111694026499
0.00758577575029,0.00758577575029,0.00758577575029,0.00758577575029,0.00758577575029,0.00758577575029,0.00758577575029,0.00758577575029,0.00758577575029,0.00758577575029,0.00758577575029,0.00758577575029,0.00758577575029,0.00758577575029,0.00758577575029,0.00758577575029,0.00758577575029,0.00758577575029,5,Z190 Z200 Z201 Z211,0.748555555556,0.0146521174789,0.748555555556,0.0146521174789
0.00758577575029,0.00758577575029,0.00758577575029,0.00758577575029,0.00758577575029,0.00758577575029,0.00758577575029,0.00758577575029,0.00758577575029,0.00758577575029,0.00758577575029,0.00758577575029,0.00758577575029,0.00758577575029,0.00758577575029,0.00758577575029,0.00758577575029,0.00758577575029,5,Z191 Z201 Z202 Z212,0.750222222222,0.0119068328795,0.750222222222,0.0119068328795
0.00758577575029,0.00758577575029,0.00758577575029,0.00758577575029,0.00758577575029,0.00758577575029,0.00758577575029,0.00758577575029,0.00758577575029,0.00758577575029,0.00758577575029,0.00758577575029,0.00758577575029,0.00758577575029,0.00758577575029,0.00758577575029,0.00758577575029,0.00758577575029,5,Z192 Z202 Z203 Z213,0.748266666667,0.0126182984566,0.748266666667,0.0126182984566
0.00758577575029,0.00758577575029,0.00758577575029,0.00758577575029,0.00758577575029,0.00758577575029,0.00758577575029,0.00758577575029,0.00758577575029,0.00758577575029,0.00758577575029,0.00758577575029,0.00758577575029,0.00758577575029,0.00758577575029,0.00758577575029,0.00758577575029,0.00758577575029,5,Z193 Z203 Z204 Z214,0.748155555556,0.00999568233737,0.748155555556,0.00999568233737
0.00758577575029,0.00758577575029,0.00758577575029,0.00758577575029,0.00758577575029,0.00758577575029,0.00758577575029,0.00758577575029,0.00758577575029,0.00758577575029,0.00758577575029,0.00758577575029,0.00758577575029,0.00758577575029,0.00758577575029,0.00758577575029,0.00758577575029,0.00758577575029,5,Z194 Z204 Z205 Z215,0.747155555556,0.0140747139735,0.747155555556,0.0140747139735
0.00758577575029,0.00758577575029,0.00758577575029,0.00758577575029,0.00758577575029,0.00758577575029,0.00758577575029,0.00758577575029,0.00758577575029,0.00758577575029,0.00758577575029,0.00758577575029,0.00758577575029,0.00758577575029,0.00758577575029,0.00758577575029,0.00758577575029,0.00758577575029,5,Z195 Z205 Z206 Z216,0.7482,0.0119374487221,0.7482,0.0119374487221
0.00758577575029,0.00758577575029,0.00758577575029,0.00758577575029,0.00758577575029,0.00758577575029,0.00758577575029,0.00758577575029,0.00758577575029,0.00758577575029,0.00758577575029,0.00758577575029,0.00758577575029,0.00758577575029,0.00758577575029,0.00758577575029,0.00758577575029,0.00758577575029,5,Z196 Z206 Z207 Z217,0.747288888889,0.0101103995371,0.747288888889,0.0101103995371
0.00758577575029,0.00758577575029,0.00758577575029,0.00758577575029,0.00758577575029,0.00758577575029,0.00758577575029,0.00758577575029,0.00758577575029,0.00758577575029,0.00758577575029,0.00758577575029,0.00758577575029,0.00758577575029,0.00758577575029,0.00758577575029,0.00758577575029,0.00758577575029,5,Z197 Z207 Z208 Z218,0.751533333333,0.0132943683522,0.751533333333,0.0132943683522
0.00758577575029,0.00758577575029,0.00758577575029,0.00758577575029,0.00758577575029,0.00758577575029,0.00758577575029,0.00758577575029,0.00758577575029,0.00758577575029,0.00758577575029,0.00758577575029,0.00758577575029,0.00758577575029,0.00758577575029,0.00758577575029,0.00758577575029,0.00758577575029,5,Z198 Z208 Z209 Z219,0.2454,0.01613577449,0.2454,0.01613577449
0.00758577575029,0.00758577575029,0.00758577575029,0.00758577575029,0.00758577575029,0.00758577575029,0.00758577575029,0.00758577575029,0.00758577575029,0.00758577575029,0.00758577575029,0.00758577575029,0.00758577575029,0.00758577575029,0.00758577575029,0.00758577575029,0.00758577575029,0.00758577575029,5,Z199 Z209 Z220,0.102355555556,0.0190926222604,0.102355555556,0.0190926222604
0.00758577575029,0.00758577575029,0.00758577575029,0.00758577575029,0.00758577575029,0.00758577575029,0.00758577575029,0.00758577575029,0.00758577575029,0.00758577575029,0.00758577575029,0.00758577575029,0.00758577575029,0.00758577575029,0.00758577575029,0.00758577575029,0.00758577575029,0.00758577575029,5,Z2 Z12 Z13 Z23,0.593177777778,0.014856331992,0.593177777778,0.014856331992
0.00758577575029,0.00758577575029,0.00758577575029,0.00758577575029,0.00758577575029,0.00758577575029,0.00758577575029,0.00758577575029,0.00758577575029,0.00758577575029,0.00758577575029,0.00758577575029,0.00758577575029,0.00758577575029,0.00758577575029,0.00758577575029,0.00758577575029,0.00758577575029,5,Z21 Z32 Z42,0.807866666667,0.00889168538386,0.807866666667,0.00889168538386
0.00758577575029,0.00758577575029,0.00758577575029,0.00758577575029,0.00758577575029,0.00758577575029,0.00758577575029,0.00758577575029,0.00758577575029,0.00758577575029,0.00758577575029,0.00758577575029,0.00758577575029,0.00758577575029,0.00758577575029,0.00758577575029,0.00758577575029,0.00758577575029,5,Z22 Z32 Z33 Z43,0.741911111111,0.0111275893137,0.741911111111,0.0111275893137
0.00758577575029,0.00758577575029,0.00758577575029,0.00758577575029,0.00758577575029,0.00758577575029,0.00758577575029,0.00758577575029,0.00758577575029,0.00758577575029,0.00758577575029,0.00758577575029,0.00758577575029,0.00758577575029,0.00758577575029,0.00758577575029,0.00758577575029,0.00758577575029,5,Z23 Z33 Z34 Z44,0.7382,0.0114083386858,0.7382,0.0114083386858
0.00758577575029,0.00758577575029,0.00758577575029,0.00758577575029,0.00758577575029,0.00758577575029,0.00758577575029,0.00758577575029,0.00758577575029,0.00758577575029,0.00758577575029,0.00758577575029,0.00758577575029,0.00758577575029,0.00758577575029,0.00758577575029,0.00758577575029,0.00758577575029,5,Z24 Z34 Z35 Z45,0.741,0.00937878914486,0.741,0.00937878914486
0.00758577575029,0.00758577575029,0.00758577575029,0.00758577575029,0.00758577575029,0.00758577575029,0.00758577575029,0.00758577575029,0.00758577575029,0.00758577575029,0.00758577575029,0.00758577575029,0.00758577575029,0.00758577575029,0.00758577575029,0.00758577575029,0.00758577575029,0.00758577575029,5,Z25 Z35 Z36 Z46,0.741444444444,0.0124882575753,0.741444444444,0.0124882575753
0.00758577575029,0.00758577575029,0.00758577575029,0.00758577575029,0.00758577575029,0.00758577575029,0.00758577575029,0.00758577575029,0.00758577575029,0.00758577575029,0.00758577575029,0.00758577575029,0.00758577575029,0.00758577575029,0.00758577575029,0.00758577575029,0.00758577575029,0.00758577575029,5,Z26 Z36 Z37 Z47,0.741266666667,0.0095256861862,0.741266666667,0.0095256861862
0.00758577575029,0.00758577575029,0.00758577575029,0.00758577575029,0.00758577575029,0.00758577575029,0.00758577575029,0.00758577575029,0.00758577575029,0.00758577575029,0.00758577575029,0.00758577575029,0.00758577575029,0.00758577575029,0.00758577575029,0.00758577575029,0.00758577575029,0.00758577575029,5,Z27 Z37 Z38 Z48,0.741422222222,0.0126099557254,0.741422222222,0.0126099557254
0.00758577575029,0.00758577575029,0.00758577575029,0.00758577575029,0.00758577575029,0.00758577575029,0.00758577575029,0.00758577575029,0.00758577575029,0.00758577575029,0.00758577575029,0.00758577575029,0.00758577575029,0.00758577575029,0.00758577575029,0.00758577575029,0.00758577575029,0.00758577575029,5,Z28 Z38 Z39 Z49,0.741533333333,0.0136549150485,0.741533333333,0.0136549150485
0.00758577575029,0.00758577575029,0.00758577575029,0.00758577575029,0.00758577575029,0.00758577575029,0.00758577575029,0.00758577575029,0.00758577575029,0.00758577575029,0.00758577575029,0.00758577575029,0.00758577575029,0.00758577575029,0.00758577575029,0.00758577575029,0.00758577575029,0.00758577575029,5,Z29 Z39 Z40 Z50,0.741844444444,0.0123582331231,0.741844444444,0.0123582331231
0.00758577575029,0.00758577575029,0.00758577575029,0.00758577575029,0.00758577575029,0.00758577575029,0.00758577575029,0.00758577575029,0.00758577575029,0.00758577575029,0.00758577575029,0.00758577575029,0.00758577575029,0.00758577575029,0.00758577575029,0.00758577575029,0.00758577575029,0.00758577575029,5,Z3 Z13 Z14 Z24,0.529488888889,0.0153375140061,0.529488888889,0.0153375140061
0.00758577575029,0.00758577575029,0.00758577575029,0.00758577575029,0.00758577575029,0.00758577575029,0.00758577575029,0.00758577575029,0.00758577575029,0.00758577575029,0.00758577575029,0.00758577575029,0.00758577575029,0.00758577575029,0.00758577575029,0.00758577575029,0.00758577575029,0.00758577575029,5,Z30 Z40 Z41 Z51,0.286244444444,0.0145254258076,0.286244444444,0.0145254258076
0.00758577575029,0.00758577575029,0.00758577575029,0.00758577575029,0.00758577575029,0.00758577575029,0.00758577575029,0.00758577575029,0.00758577575029,0.00758577575029,0.00758577575029,0.00758577575029,0.00758577575029,0.00758577575029,0.00758577575029,0.00758577575029,0.00758577575029,0.00758577575029,5,Z31 Z41 Z52,0.281666666667,0.0162629258936,0.281666666667,0.0162629258936
0.00758577575029,0.00758577575029,0.00758577575029,0.00758577575029,0.00758577575029,0.00758577575029,0.00758577575029,0.00758577575029,0.00758577575029,0.00758577575029,0.00758577575029,0.00758577575029,0.00758577575029,0.00758577575029,0.00758577575029,0.00758577575029,0.00758577575029,0.00758577575029,5,Z4 Z14 Z15 Z25,0.469288888889,0.0177223657497,0.469288888889,0.0177223657497
0.00758577575029,0.00758577575029,0.00758577575029,0.00758577575029,0.00758577575029,0.00758577575029,0.00758577575029,0.00758577575029,0.00758577575029,0.00758577575029,0.00758577575029,0.00758577575029,0.00758577575029,0.00758577575029,0.00758577575029,0.00758577575029,0.00758577575029,0.00758577575029,5,Z42 Z53 Z63,0.799133333333,0.0103814600439,0.799133333333,0.0103814600439
0.00758577575029,0.00758577575029,0.00758577575029,0.00758577575029,0.00758577575029,0.00758577575029,0.00758577575029,0.00758577575029,0.00758577575029,0.00758577575029,0.00758577575029,0.00758577575029,0.00758577575029,0.00758577575029,0.00758577575029,0.00758577575029,0.00758577575029,0.00758577575029,5,Z43 Z53 Z54 Z64,0.7444,0.00961894682026,0.7444,0.00961894682026
0.00758577575029,0.00758577575029,0.00758577575029,0.00758577575029,0.00758577575029,0.00758577575029,0.00758577575029,0.00758577575029,0.00758577575029,0.00758577575029,0.00758577575029,0.00758577575029,0.00758577575029,0.00758577575029,0.00758577575029,0.00758577575029,0.00758577575029,0.00758577575029,5,Z44 Z54 Z55 Z65,0.738955555556,0.0130353875364,0.738955555556,0.0130353875364
0.00758577575029,0.00758577575029,0.00758577575029,0.00758577575029,0.00758577575029,0.00758577575029,0.00758577575029,0.00758577575029,0.00758577575029,0.00758577575029,0.00758577575029,0.00758577575029,0.00758577575029,0.00758577575029,0.00758577575029,0.00758577575029,0.00758577575029,0.00758577575029,5,Z45 Z55 Z56 Z66,0.743755555556,0.0106039583924,0.743755555556,0.0106039583924
0.00758577575029,0.00758577575029,0.00758577575029,0.00758577575029,0.00758577575029,0.00758577575029,0.00758577575029,0.00758577575029,0.00758577575029,0.00758577575029,0.00758577575029,0.00758577575029,0.00758577575029,0.00758577575029,0.00758577575029,0.00758577575029,0.00758577575029,0.00758577575029,5,Z46 Z56 Z57 Z67,0.742266666667,0.010284236347,0.742266666667,0.010284236347
0.00758577575029,0.00758577575029,0.00758577575029,0.00758577575029,0.00758577575029,0.00758577575029,0.00758577575029,0.00758577575029,0.00758577575029,0.00758577575029,0.00758577575029,0.00758577575029,0.00758577575029,0.00758577575029,0.00758577575029,0.00758577575029,0.00758577575029,0.00758577575029,5,Z47 Z57 Z58 Z68,0.745755555556,0.0103019297874,0.745755555556,0.0103019297874
0.00758577575029,0.00758577575029,0.00758577575029,0.00758577575029,0.00758577575029,0.00758577575029,0.00758577575029,0.00758577575029,0.00758577575029,0.00758577575029,0.00758577575029,0.00758577575029,0.00758577575029,0.00758577575029,0.00758577575029,0.00758577575029,0.00758577575029,0.00758577575029,5,Z48 Z58 Z59 Z69,0.742133333333,0.0131637491311,0.742133333333,0.0131637491311
0.00758577575029,0.00758577575029,0.00758577575029,0.00758577575029,0.00758577575029,0.00758577575029,0.00758577575029,0.00758577575029,0.00758577575029,0.00758577575029,0.00758577575029,0.00758577575029,0.00758577575029,0.00758577575029,0.00758577575029,0.00758577575029,0.00758577575029,0.00758577575029,5,Z49 Z59 Z60 Z70,0.742155555556,0.0114532979183,0.742155555556,0.0114532979183
0.00758577575029,0.00758577575029,0.00758577575029,0.00758577575029,0.00758577575029,0.00758577575029,0.00758577575029,0.00758577575029,0.00758577575029,0.00758577575029,0.00758577575029,0.00758577575029,0.00758577575029,0.00758577575029,0.00758577575029,0.00758577575029,0.00758577575029,0.00758577575029,5,Z5 Z15 Z16 Z26,0.419488888889,0.0155005211464,0.419488888889,0.0155005211464
0.00758577575029,0.00758577575029,0.00758577575029,0.00758577575029,0.00758577575029,0.00758577575029,0.00758577575029,0.00758577575029,0.00758577575029,0.00758577575029,0.00758577575029,0.00758577575029,0.00758577575029,0.00758577575029,0.00758577575029,0.00758577575029,0.00758577575029,0.00758577575029,5,Z50 Z60 Z61 Z71,0.742555555556,0.0105526715157,0.742555555556,0.0105526715157
0.00758577575029,0.00758577575029,0.00758577575029,0.00758577575029,0.00758577575029,0.00758577575029,0.00758577575029,0.00758577575029,0.00758577575029,0.00758577575029,0.00758577575029,0.00758577575029,0.00758577575029,0.00758577575029,0.00758577575029,0.00758577575029,0.00758577575029,0.00758577575029,5,Z51 Z61 Z62 Z72,0.275844444444,0.0189167835499,0.275844444444,0.0189167835499
0.00758577575029,0.00758577575029,0.00758577575029,0.00758577575029,0.00758577575029,0.00758577575029,0.00758577575029,0.00758577575029,0.00758577575029,0.00758577575029,0.00758577575029,0.00758577575029,0.00758577575029,0.00758577575029,0.00758577575029,0.00758577575029,0.00758577575029,0.00758577575029,5,Z52 Z62 Z73,0.279688888889,0.0193295543935,0.279688888889,0.0193295543935
0.00758577575029,0.00758577575029,0.00758577575029,0.00758577575029,0.00758577575029,0.00758577575029,0.00758577575029,0.00758577575029,0.00758577575029,0.00758577575029,0.00758577575029,0.00758577575029,0.00758577575029,0.00758577575029,0.00758577575029,0.00758577575029,0.00758577575029,0.00758577575029,5,Z6 Z16 Z17 Z27,0.375888888889,0.015997206014,0.375888888889,0.015997206014
0.00758577575029,0.00758577575029,0.00758577575029,0.00758577575029,0.00758577575029,0.00758577575029,0.00758577575029,0.00758577575029,0.00758577575029,0.00758577575029,0.00758577575029,0.00758577575029,0.00758577575029,0.00758577575029,0.00758577575029,0.00758577575029,0.00758577575029,0.00758577575029,5,Z63 Z74 Z84,0.792844444444,0.0089098220946,0.792844444444,0.0089098220946
0.00758577575029,0.00758577575029,0.00758577575029,0.00758577575029,0.00758577575029,0.00758577575029,0.00758577575029,0.00758577575029,0.00758577575029,0.00758577575029,0.00758577575029,0.00758577575029,0.00758577575029,0.00758577575029,0.00758577575029,0.00758577575029,0.00758577575029,0.00758577575029,5,Z64 Z74 Z75 Z85,0.740644444444,0.0123008062326,0.740644444444,0.0123008062326
0.00758577575029,0.00758577575029,0.00758577575029,0.00758577575029,0.00758577575029,0.00758577575029,0.00758577575029,0.00758577575029,0.00758577575029,0.00758577575029,0.00758577575029,0.00758577575029,0.00758577575029,0.00758577575029,0.00758577575029,0.00758577575029,0.00758577575029,0.00758577575029,5,Z65 Z75 Z76 Z86,0.743555555556,0.0124627670259,0.743555555556,0.0124627670259
0.00758577575029,0.00758577575029,0.00758577575029,0.00758577575029,0.00758577575029,0.00758577575029,0.00758577575029,0.00758577575029,0.00758577575029,0.00758577575029,0.00758577575029,0.00758577575029,0.00758577575029,0.00758577575029,0.00758577575029,0.00758577575029,0.00758577575029,0.00758577575029,5,Z66 Z76 Z77 Z87,0.741,0.0106749249641,0.741,0.0106749249641
0.00758577575029,0.00758577575029,0.00758577575029,0.00758577575029,0.00758577575029,0.00758577575029,0.00758577575029,0.00758577575029,0.00758577575029,0.00758577575029,0.00758577575029,0.00758577575029,0.00758577575029,0.00758577575029,0.00758577575029,0.00758577575029,0.00758577575029,0.00758577575029,5,Z67 Z77 Z78 Z88,0.744266666667,0.0139221700867,0.744266666667,0.0139221700867
0.00758577575029,0.00758577575029,0.00758577575029,0.00758577575029,0.00758577575029,0.00758577575029,0.00758577575029,0.00758577575029,0.00758577575029,0.00758577575029,0.00758577575029,0.00758577575029,0.00758577575029,0.00758577575029,0.00758577575029,0.00758577575029,0.00758577575029,0.00758577575029,5,Z68 Z78 Z79 Z89,0.743466666667,0.0112735407174,0.743466666667,0.0112735407174
0.00758577575029,0.00758577575029,0.00758577575029,0.00758577575029,0.00758577575029,0.00758577575029,0.00758577575029,0.00758577575029,0.00758577575029,0.00758577575029,0.00758577575029,0.00758577575029,0.00758577575029,0.00758577575029,0.00758577575029,0.00758577575029,0.00758577575029,0.00758577575029,5,Z69 Z79 Z80 Z90,0.742222222222,0.0113668649773,0.742222222222,0.0113668649773
0.00758577575029,0.00758577575029,0.00758577575029,0.00758577575029,0.00758577575029,0.00758577575029,0.00758577575029,0.00758577575029,0.00758577575029,0.00758577575029,0.00758577575029,0.00758577575029,0.00758577575029,0.00758577575029,0.00758577575029,0.00758577575029,0.00758577575029,0.00758577575029,5,Z7 Z17 Z18 Z28,0.336022222222,0.0160071663389,0.336022222222,0.0160071663389
0.00758577575029,0.00758577575029,0.00758577575029,0.00758577575029,0.00758577575029,0.00758577575029,0.00758577575029,0.00758577575029,0.00758577575029,0.00758577575029,0.00758577575029,0.00758577575029,0.00758577575029,0.00758577575029,0.00758577575029,0.00758577575029,0.00758577575029,0.00758577575029,5,Z70 Z80 Z81 Z91,0.739266666667,0.0116649916696,0.739266666667,0.0116649916696
0.00758577575029,0.00758577575029,0.00758577575029,0.00758577575029,0.00758577575029,0.00758577575029,0.00758577575029,0.00758577575029,0.00758577575029,0.00758577575029,0.00758577575029,0.00758577575029,0.00758577575029,0.00758577575029,0.00758577575029,0.00758577575029,0.00758577575029,0.00758577575029,5,Z71 Z81 Z82 Z92,0.742422222222,0.00971862111742,0.742422222222,0.00971862111742
0.00758577575029,0.00758577575029,0.00758577575029,0.00758577575029,0.00758577575029,0.00758577575029,0.00758577575029,0.00758577575029,0.00758577575029,0.00758577575029,0.00758577575029,0.00758577575029,0.00758577575029,0.00758577575029,0.00758577575029,0.00758577575029,0.00758577575029,0.00758577575029,5,Z72 Z82 Z83 Z93,0.275688888889,0.0176233329601,0.275688888889,0.0176233329601
0.00758577575029,0.00758577575029,0.00758577575029,0.00758577575029,0.00758577575029,0.00758577575029,0.00758577575029,0.00758577575029,0.00758577575029,0.00758577575029,0.00758577575029,0.00758577575029,0.00758577575029,0.00758577575029,0.00758577575029,0.00758577575029,0.00758577575029,0.00758577575029,5,Z73 Z83 Z94,0.286022222222,0.0181264044684,0.286022222222,0.0181264044684
0.00758577575029,0.00758577575029,0.00758577575029,0.00758577575029,0.00758577575029,0.00758577575029,0.00758577575029,0.00758577575029,0.00758577575029,0.00758577575029,0.00758577575029,0.00758577575029,0.00758577575029,0.00758577575029,0.00758577575029,0.00758577575029,0.00758577575029,0.00758577575029,5,Z8 Z18 Z19 Z29,0.297688888889,0.0138439395245,0.297688888889,0.0138439395245
0.00758577575029,0.00758577575029,0.00758577575029,0.00758577575029,0.00758577575029,0.00758577575029,0.00758577575029,0.00758577575029,0.00758577575029,0.00758577575029,0.00758577575029,0.00758577575029,0.00758577575029,0.00758577575029,0.00758577575029,0.00758577575029,0.00758577575029,0.00758577575029,5,Z84 Z95 Z105,0.782,0.0101483252681,0.782,0.0101483252681
0.00758577575029,0.00758577575029,0.00758577575029,0.00758577575029,0.00758577575029,0.00758577575029,0.00758577575029,0.00758577575029,0.00758577575029,0.00758577575029,0.00758577575029,0.00758577575029,0.00758577575029,0.00758577575029,0.00758577575029,0.00758577575029,0.00758577575029,0.00758577575029,5,Z85 Z95 Z96 Z106,0.743377777778,0.0123088397147,0.743377777778,0.0123088397147
0.00758577575029,0.00758577575029,0.00758577575029,0.00758577575029,0.00758577575029,0.00758577575029,0.00758577575029,0.00758577575029,0.00758577575029,0.00758577575029,0.00758577575029,0.00758577575029,0.00758577575029,0.00758577575029,0.00758577575029,0.00758577575029,0.00758577575029,0.00758577575029,5,Z86 Z96 Z97 Z107,0.739933333333,0.0110607517776,0.739933333333,0.0110607517776
0.00758577575029,0.00758577575029,0.00758577575029,0.00758577575029,0.00758577575029,0.00758577575029,0.00758577575029,0.00758577575029,0.00758577575029,0.00758577575029,0.00758577575029,0.00758577575029,0.00758577575029,0.00758577575029,0.00758577575029,0.00758577575029,0.00758577575029,0.00758577575029,5,Z87 Z97 Z98 Z108,0.740533333333,0.0141880096158,0.740533333333,0.0141880096158
0.00758577575029,0.00758577575029,0.00758577575029,0.00758577575029,0.00758577575029,0.00758577575029,0.00758577575029,0.00758577575029,0.00758577575029,0.00758577575029,0.00758577575029,0.00758577575029,0.00758577575029,0.00758577575029,0.00758577575029,0.00758577575029,0.00758577575029,0.00758577575029,5,Z88 Z98 Z99 Z109,0.742822222222,0.0114973704584,0.742822222222,0.0114973704584
0.00758577575029,0.00758577575029,0.00758577575029,0.00758577575029,0.00758577575029,0.00758577575029,0.00758577575029,0.00758577575029,0.00758577575029,0.00758577575029,0.00758577575029,0.00758577575029,0.00758577575029,0.00758577575029,0.00758577575029,0.00758577575029,0.00758577575029,0.00758577575029,5,Z89 Z99 Z100 Z110,0.744533333333,0.0137691976744,0.744533333333,0.0137691976744
0.00758577575029,0.00758577575029,0.00758577575029,0.00758577575029,0.00758577575029,0.00758577575029,0.00758577575029,0.00758577575029,0.00758577575029,0.00758577575029,0.00758577575029,0.00758577575029,0.00758577575029,0.00758577575029,0.00758577575029,0.00758577575029,0.00758577575029,0.00758577575029,5,Z9 Z19 Z20 Z30,0.107222222222,0.0196451925102,0.107222222222,0.0196451925102
0.00758577575029,0.00758577575029,0.00758577575029,0.00758577575029,0.00758577575029,0.00758577575029,0.00758577575029,0.00758577575029,0.00758577575029,0.00758577575029,0.00758577575029,0.00758577575029,0.00758577575029,0.00758577575029,0.00758577575029,0.00758577575029,0.00758577575029,0.00758577575029,5,Z90 Z100 Z101 Z111,0.742155555556,0.00896768713303,0.742155555556,0.00896768713303
0.00758577575029,0.00758577575029,0.00758577575029,0.00758577575029,0.00758577575029,0.00758577575029,0.00758577575029,0.00758577575029,0.00758577575029,0.00758577575029,0.00758577575029,0.00758577575029,0.00758577575029,0.00758577575029,0.00758577575029,0.00758577575029,0.00758577575029,0.00758577575029,5,Z91 Z101 Z102 Z112,0.742222222222,0.012750879568,0.742222222222,0.012750879568
0.00758577575029,0.00758577575029,0.00758577575029,0.00758577575029,0.00758577575029,0.00758577575029,0.00758577575029,0.00758577575029,0.00758577575029,0.00758577575029,0.00758577575029,0.00758577575029,0.00758577575029,0.00758577575029,0.00758577575029,0.00758577575029,0.00758577575029,0.00758577575029,5,Z92 Z102 Z103 Z113,0.741044444444,0.0123085284371,0.741044444444,0.0123085284371
0.00758577575029,0.00758577575029,0.00758577575029,0.00758577575029,0.00758577575029,0.00758577575029,0.00758577575029,0.00758577575029,0.00758577575029,0.00758577575029,0.00758577575029,0.00758577575029,0.00758577575029,0.00758577575029,0.00758577575029,0.00758577575029,0.00758577575029,0.00758577575029,5,Z93 Z103 Z104 Z114,0.2704,0.0151565015828,0.2704,0.0151565015828
0.00758577575029,0.00758577575029,0.00758577575029,0.00758577575029,0.00758577575029,0.00758577575029,0.00758577575029,0.00758577575029,0.00758577575029,0.00758577575029,0.00758577575029,0.00758577575029,0.00758577575029,0.00758577575029,0.00758577575029,0.00758577575029,0.00758577575029,0.00758577575029,5,Z94 Z104 Z115,0.282688888889,0.0190433933463,0.282688888889,0.0190433933463
0.00758577575029,0.00758577575029,0.00758577575029,0.00758577575029,0.00758577575029,0.00758577575029,0.00758577575029,0.00758577575029,0.00758577575029,0.00758577575029,0.00758577575029,0.00758577575029,0.00758577575029,0.00758577575029,0.00758577575029,0.00758577575029,0.00758577575029,0.00758577575029,10,Logical X,0.500422222222,0.0137893104619,0.504844444444,0.0139423370055
0.00758577575029,0.00758577575029,0.00758577575029,0.00758577575029,0.00758577575029,0.00758577575029,0.00758577575029,0.00758577575029,0.00758577575029,0.00758577575029,0.00758577575029,0.00758577575029,0.00758577575029,0.00758577575029,0.00758577575029,0.00758577575029,0.00758577575029,0.00758577575029,10,Logical Y,0.0174666666667,0.0128693999836,0.00211111111111,0.0181851552725
0.00758577575029,0.00758577575029,0.00758577575029,0.00758577575029,0.00758577575029,0.00758577575029,0.00758577575029,0.00758577575029,0.00758577575029,0.00758577575029,0.00758577575029,0.00758577575029,0.00758577575029,0.00758577575029,0.00758577575029,0.00758577575029,0.00758577575029,0.00758577575029,10,Logical Z,0.0150888888889,0.0107332452818,0.00764444444444,0.0149520134943
0.00758577575029,0.00758577575029,0.00758577575029,0.00758577575029,0.00758577575029,0.00758577575029,0.00758577575029,0.00758577575029,0.00758577575029,0.00758577575029,0.00758577575029,0.00758577575029,0.00758577575029,0.00758577575029,0.00758577575029,0.00758577575029,0.00758577575029,0.00758577575029,10,X0 X1 X11,0.707777777778,0.0116122980566,0.707777777778,0.0116122980566
0.00758577575029,0.00758577575029,0.00758577575029,0.00758577575029,0.00758577575029,0.00758577575029,0.00758577575029,0.00758577575029,0.00758577575029,0.00758577575029,0.00758577575029,0.00758577575029,0.00758577575029,0.00758577575029,0.00758577575029,0.00758577575029,0.00758577575029,0.00758577575029,10,X1 X2 X12,0.569111111111,0.0149905035925,0.569111111111,0.0149905035925
0.00758577575029,0.00758577575029,0.00758577575029,0.00758577575029,0.00758577575029,0.00758577575029,0.00758577575029,0.00758577575029,0.00758577575029,0.00758577575029,0.00758577575029,0.00758577575029,0.00758577575029,0.00758577575029,0.00758577575029,0.00758577575029,0.00758577575029,0.00758577575029,10,X100 X110 X111 X121,0.688088888889,0.0157905188424,0.688088888889,0.0157905188424
0.00758577575029,0.00758577575029,0.00758577575029,0.00758577575029,0.00758577575029,0.00758577575029,0.00758577575029,0.00758577575029,0.00758577575029,0.00758577575029,0.00758577575029,0.00758577575029,0.00758577575029,0.00758577575029,0.00758577575029,0.00758577575029,0.00758577575029,0.00758577575029,10,X101 X111 X112 X122,0.687933333333,0.0150964713849,0.687933333333,0.0150964713849
0.00758577575029,0.00758577575029,0.00758577575029,0.00758577575029,0.00758577575029,0.00758577575029,0.00758577575029,0.00758577575029,0.00758577575029,0.00758577575029,0.00758577575029,0.00758577575029,0.00758577575029,0.00758577575029,0.00758577575029,0.00758577575029,0.00758577575029,0.00758577575029,10,X102 X112 X113 X123,0.694133333333,0.0152148344631,0.694133333333,0.0152148344631
0.00758577575029,0.00758577575029,0.00758577575029,0.00758577575029,0.00758577575029,0.00758577575029,0.00758577575029,0.00758577575029,0.00758577575029,0.00758577575029,0.00758577575029,0.00758577575029,0.00758577575029,0.00758577575029,0.00758577575029,0.00758577575029,0.00758577575029,0.00758577575029,10,X103 X113 X114 X124,0.695111111111,0.0120602997533,0.695111111111,0.0120602997533
0.00758577575029,0.00758577575029,0.00758577575029,0.00758577575029,0.00758577575029,0.00758577575029,0.00758577575029,0.00758577575029,0.00758577575029,0.00758577575029,0.00758577575029,0.00758577575029,0.00758577575029,0.00758577575029,0.00758577575029,0.00758577575029,0.00758577575029,0.00758577575029,10,X104 X114 X115 X125,0.0961555555556,0.019336649207,0.0961555555556,0.019336649207
0.00758577575029,0.00758577575029,0.00758577575029,0.00758577575029,0.00758577575029,0.00758577575029,0.00758577575029,0.00758577575029,0.00758577575029,0.00758577575029,0.00758577575029,0.00758577575029,0.00758577575029,0.00758577575029,0.00758577575029,0.00758577575029,0.00758577575029,0.00758577575029,10,X11 X21 X22 X32,0.693555555556,0.0166121714445,0.693555555556,0.0166121714445
0.00758577575029,0.00758577575029,0.00758577575029,0.00758577575029,0.00758577575029,0.00758577575029,0.00758577575029,0.00758577575029,0.00758577575029,0.00758577575029,0.00758577575029,0.00758577575029,0.00758577575029,0.00758577575029,0.00758577575029,0.00758577575029,0.00758577575029,0.00758577575029,10,X116 X126 X127 X137,0.688488888889,0.0149624647439,0.688488888889,0.0149624647439
0.00758577575029,0.00758577575029,0.00758577575029,0.00758577575029,0.00758577575029,0.00758577575029,0.00758577575029,0.00758577575029,0.00758577575029,0.00758577575029,0.00758577575029,0.00758577575029,0.00758577575029,0.00758577575029,0.00758577575029,0.00758577575029,0.00758577575029,0.00758577575029,10,X117 X127 X128 X138,0.687933333333,0.0133049698317,0.687933333333,0.0133049698317
0.00758577575029,0.00758577575029,0.00758577575029,0.00758577575029,0.00758577575029,0.00758577575029,0.00758577575029,0.00758577575029,0.00758577575029,0.00758577575029,0.00758577575029,0.00758577575029,0.00758577575029,0.00758577575029,0.00758577575029,0.00758577575029,0.00758577575029,0.00758577575029,10,X118 X128 X129 X139,0.690577777778,0.0132719660568,0.690577777778,0.0132719660568
0.00758577575029,0.00758577575029,0.00758577575029,0.00758577575029,0.00758577575029,0.00758577575029,0.00758577575029,0.00758577575029,0.00758577575029,0.00758577575029,0.00758577575029,0.00758577575029,0.00758577575029,0.00758577575029,0.00758577575029,0.00758577575029,0.00758577575029,0.00758577575029,10,X119 X129 X130 X140,0.694488888889,0.0117090309101,0.694488888889,0.0117090309101
0.00758577575029,0.00758577575029,0.00758577575029,0.00758577575029,0.00758577575029,0.00758577575029,0.00758577575029,0.00758577575029,0.00758577575029,0.00758577575029,0.00758577575029,0.00758577575029,0.00758577575029,0.00758577575029,0.00758577575029,0.00758577575029,0.00758577575029,0.00758577575029,10,X12 X22 X23 X33,0.692533333333,0.0103773995517,0.692533333333,0.0103773995517
0.00758577575029,0.00758577575029,0.00758577575029,0.00758577575029,0.00758577575029,0.00758577575029,0.00758577575029,0.00758577575029,0.00758577575029,0.00758577575029,0.00758577575029,0.00758577575029,0.00758577575029,0.00758577575029,0.00758577575029,0.00758577575029,0.00758577575029,0.00758577575029,10,X120 X130 X131 X141,0.692044444444,0.0120813758488,0.692044444444,0.0120813758488
0.00758577575029,0.00758577575029,0.00758577575029,0.00758577575029,0.00758577575029,0.00758577575029,0.00758577575029,0.00758577575029,0.00758577575029,0.00758577575029,0.00758577575029,0.00758577575029,0.00758577575029,0.00758577575029,0.00758577575029,0.00758577575029,0.00758577575029,0.00758577575029,10,X121 X131 X132 X142,0.694044444444,0.0142155635754,0.694044444444,0.0142155635754
0.00758577575029,0.00758577575029,0.00758577575029,0.00758577575029,0.00758577575029,0.00758577575029,0.00758577575029,0.00758577575029,0.00758577575029,0.00758577575029,0.00758577575029,0.00758577575029,0.00758577575029,0.00758577575029,0.00758577575029,0.00758577575029,0.00758577575029,0.00758577575029,10,X122 X132 X133 X143,0.690866666667,0.0144626881547,0.690866666667,0.0144626881547
0.00758577575029,0.00758577575029,0.00758577575029,0.00758577575029,0.00758577575029,0.00758577575029,0.00758577575029,0.00758577575029,0.00758577575029,0.00758577575029,0.00758577575029,0.00758577575029,0.00758577575029,0.00758577575029,0.00758577575029,0.00758577575029,0.00758577575029,0.00758577575029,10,X123 X133 X134 X144,0.686977777778,0.011979207188,0.686977777778,0.011979207188
0.00758577575029,0.00758577575029,0.00758577575029,0.00758577575029,0.00758577575029,0.00758577575029,0.00758577575029,0.00758577575029,0.00758577575029,0.00758577575029,0.00758577575029,0.00758577575029,0.00758577575029,0.00758577575029,0.00758577575029,0.00758577575029,0.00758577575029,0.00758577575029,10,X124 X134 X135 X145,0.689,0.0121317796151,0.689,0.0121317796151
0.00758577575029,0.00758577575029,0.00758577575029,0.00758577575029,0.00758577575029,0.00758577575029,0.00758577575029,0.00758577575029,0.00758577575029,0.00758577575029,0.00758577575029,0.00758577575029,0.00758577575029,0.00758577575029,0.00758577575029,0.00758577575029,0.00758577575029,0.00758577575029,10,X125 X135 X136 X146,0.0854222222222,0.0204566513616,0.0854222222222,0.0204566513616
0.00758577575029,0.00758577575029,0.00758577575029,0.00758577575029,0.00758577575029,0.00758577575029,0.00758577575029,0.00758577575029,0.00758577575029,0.00758577575029,0.00758577575029,0.00758577575029,0.00758577575029,0.00758577575029,0.00758577575029,0.00758577575029,0.00758577575029,0.00758577575029,10,X13 X23 X24 X34,0.693088888889,0.0133292905748,0.693088888889,0.0133292905748
0.00758577575029,0.00758577575029,0.00758577575029,0.00758577575029,0.00758577575029,0.00758577575029,0.00758577575029,0.00758577575029,0.00758577575029,0.00758577575029,0.00758577575029,0.00758577575029,0.00758577575029,0.00758577575029,0.00758577575029,0.00758577575029,0.00758577575029,0.00758577575029,10,X137 X147 X148 X158,0.691488888889,0.0122423588909,0.691488888889,0.0122423588909
0.00758577575029,0.00758577575029,0.00758577575029,0.00758577575029,0.00758577575029,0.00758577575029,0.00758577575029,0.00758577575029,0.00758577575029,0.00758577575029,0.00758577575029,0.00758577575029,0.00758577575029,0.00758577575029,0.00758577575029,0.00758577575029,0.00758577575029,0.00758577575029,10,X138 X148 X149 X159,0.694822222222,0.0131489356338,0.694822222222,0.0131489356338
0.00758577575029,0.00758577575029,0.00758577575029,0.00758577575029,0.00758577575029,0.00758577575029,0.00758577575029,0.00758577575029,0.00758577575029,0.00758577575029,0.00758577575029,0.00758577575029,0.00758577575029,0.00758577575029,0.00758577575029,0.00758577575029,0.00758577575029,0.00758577575029,10,X139 X149 X150 X160,0.688466666667,0.0135603094484,0.688466666667,0.0135603094484
0.00758577575029,0.00758577575029,0.00758577575029,0.00758577575029,0.00758577575029,0.00758577575029,0.00758577575029,0.00758577575029,0.00758577575029,0.00758577575029,0.00758577575029,0.00758577575029,0.00758577575029,0.00758577575029,0.00758577575029,0.00758577575029,0.00758577575029,0.00758577575029,10,X14 X24 X25 X35,0.686577777778,0.0166466393081,0.686577777778,0.0166466393081
0.00758577575029,0.00758577575029,0.00758577575029,0.00758577575029,0.00758577575029,0.00758577575029,0.00758577575029,0.00758577575029,0.00758577575029,0.00758577575029,0.00758577575029,0.00758577575029,0.00758577575029,0.00758577575029,0.00758577575029,0.00758577575029,0.00758577575029,0.00758577575029,10,X140 X150 X151 X161,0.694333333333,0.0152182084928,0.694333333333,0.0152182084928
0.00758577575029,0.00758577575029,0.00758577575029,0.00758577575029,0.00758577575029,0.00758577575029,0.00758577575029,0.00758577575029,0.00758577575029,0.00758577575029,0.00758577575029,0.00758577575029,0.00758577575029,0.00758577575029,0.00758577575029,0.00758577575029,0.00758577575029,0.00758577575029,10,X141 X151 X152 X162,0.691755555556,0.0126847823672,0.691755555556,0.0126847823672
0.00758577575029,0.00758577575029,0.00758577575029,0.00758577575029,0.00758577575029,0.00758577575029,0.00758577575029,0.00758577575029,0.00758577575029,0.00758577575029,0.00758577575029,0.00758577575029,0.00758577575029,0.00758577575029,0.00758577575029,0.00758577575029,0.00758577575029,0.00758577575029,10,X142 X152 X153 X163,0.694,0.013557879331,0.694,0.013557879331
0.00758577575029,0.00758577575029,0.00758577575029,0.00758577575029,0.00758577575029,0.00758577575029,0.00758577575029,0.00758577575029,0.00758577575029,0.00758577575029,0.00758577575029,0.00758577575029,0.00758577575029,0.00758577575029,0.00758577575029,0.00758577575029,0.00758577575029,0.00758577575029,10,X143 X153 X154 X164,0.691733333333,0.0155024160767,0.691733333333,0.0155024160767
0.00758577575029,0.00758577575029,0.00758577575029,0.00758577575029,0.00758577575029,0.00758577575029,0.00758577575029,0.00758577575029,0.00758577575029,0.00758577575029,0.00758577575029,0.00758577575029,0.00758577575029,0.00758577575029,0.00758577575029,0.00758577575029,0.00758577575029,0.00758577575029,10,X144 X154 X155 X165,0.688933333333,0.0113172299388,0.688933333333,0.0113172299388
0.00758577575029,0.00758577575029,0.00758577575029,0.00758577575029,0.00758577575029,0.00758577575029,0.00758577575029,0.00758577575029,0.00758577575029,0.00758577575029,0.00758577575029,0.00758577575029,0.00758577575029,0.00758577575029,0.00758577575029,0.00758577575029,0.00758577575029,0.00758577575029,10,X145 X155 X156 X166,0.689555555556,0.0124097765604,0.689555555556,0.0124097765604
0.00758577575029,0.00758577575029,0.00758577575029,0.00758577575029,0.00758577575029,0.00758577575029,0.00758577575029,0.00758577575029,0.00758577575029,0.00758577575029,0.00758577575029,0.00758577575029,0.00758577575029,0.00758577575029,0.00758577575029,0.00758577575029,0.00758577575029,0.00758577575029,10,X146 X156 X157 X167,0.0880444444444,0.020928583789,0.0880444444444,0.020928583789
0.00758577575029,0.00758577575029,0.00758577575029,0.00758577575029,0.00758577575029,0.00758577575029,0.00758577575029,0.00758577575029,0.00758577575029,0.00758577575029,0.00758577575029,0.00758577575029,0.00758577575029,0.00758577575029,0.00758577575029,0.00758577575029,0.00758577575029,0.00758577575029,10,X15 X25 X26 X36,0.6938,0.0139700281254,0.6938,0.0139700281254
0.00758577575029,0.00758577575029,0.00758577575029,0.00758577575029,0.00758577575029,0.00758577575029,0.00758577575029,0.00758577575029,0.00758577575029,0.00758577575029,0.00758577575029,0.00758577575029,0.00758577575029,0.00758577575029,0.00758577575029,0.00758577575029,0.00758577575029,0.00758577575029,10,X158 X168 X169 X179,0.690622222222,0.013523849611,0.690622222222,0.013523849611
0.00758577575029,0.00758577575029,0.00758577575029,0.00758577575029,0.00758577575029,0.00758577575029,0.00758577575029,0.00758577575029,0.00758577575029,0.00758577575029,0.00758577575029,0.00758577575029,0.00758577575029,0.00758577575029,0.00758577575029,0.00758577575029,0.00758577575029,0.00758577575029,10,X159 X169 X170 X180,0.690311111111,0.0130882455332,0.690311111111,0.0130882455332
0.00758577575029,0.00758577575029,0.00758577575029,0.00758577575029,0.00758577575029,0.00758577575029,0.00758577575029,0.00758577575029,0.00758577575029,0.00758577575029,0.00758577575029,0.00758577575029,0.00758577575029,0.00758577575029,0.00758577575029,0.00758577575029,0.00758577575029,0.00758577575029,10,X16 X26 X27 X37,0.692288888889,0.0131629147378,0.692288888889,0.0131629147378
0.00758577575029,0.00758577575029,0.00758577575029,0.00758577575029,0.00758577575029,0.00758577575029,0.00758577575029,0.00758577575029,0.00758577575029,0.00758577575029,0.00758577575029,0.00758577575029,0.00758577575029,0.00758577575029,0.00758577575029,0.00758577575029,0.00758577575029,0.00758577575029,10,X160 X170 X171 X181,0.689955555556,0.0126611401535,0.689955555556,0.0126611401535
0.00758577575029,0.00758577575029,0.00758577575029,0.00758577575029,0.00758577575029,0.00758577575029,0.00758577575029,0.00758577575029,0.00758577575029,0.00758577575029,0.00758577575029,0.00758577575029,0.00758577575029,0.00758577575029,0.00758577575029,0.00758577575029,0.00758577575029,0.00758577575029,10,X161 X171 X172 X182,0.688022222222,0.0131521987537,0.688022222222,0.0131521987537
0.00758577575029,0.00758577575029,0.00758577575029,0.00758577575029,0.00758577575029,0.00758577575029,0.00758577575029,0.00758577575029,0.00758577575029,0.00758577575029,0.00758577575029,0.00758577575029,0.00758577575029,0.00758577575029,0.00758577575029,0.00758577575029,0.00758577575029,0.00758577575029,10,X162 X172 X173 X183,0.691311111111,0.014732853098,0.691311111111,0.014732853098
0.00758577575029,0.00758577575029,0.00758577575029,0.00758577575029,0.00758577575029,0.00758577575029,0.00758577575029,0.00758577575029,0.00758577575029,0.00758577575029,0.00758577575029,0.00758577575029,0.00758577575029,0.00758577575029,0.00758577575029,0.00758577575029,0.00758577575029,0.00758577575029,10,X163 X173 X174 X184,0.691866666667,0.0178141964138,0.691866666667,0.0178141964138
0.00758577575029,0.00758577575029,0.00758577575029,0.00758577575029,0.00758577575029,0.00758577575029,0.00758577575029,0.00758577575029,0.00758577575029,0.00758577575029,0.00758577575029,0.00758577575029,0.00758577575029,0.00758577575029,0.00758577575029,0.00758577575029,0.00758577575029,0.00758577575029,10,X164 X174 X175 X185,0.694155555556,0.0117348527404,0.694155555556,0.0117348527404
0.00758577575029,0.00758577575029,0.00758577575029,0.00758577575029,0.00758577575029,0.00758577575029,0.00758577575029,0.00758577575029,0.00758577575029,0.00758577575029,0.00758577575029,0.00758577575029,0.00758577575029,0.00758577575029,0.00758577575029,0.00758577575029,0.00758577575029,0.00758577575029,10,X165 X175 X176 X186,0.692044444444,0.00920092171517,0.692044444444,0.00920092171517
0.00758577575029,0.00758577575029,0.00758577575029,0.00758577575029,0.00758577575029,0.00758577575029,0.00758577575029,0.00758577575029,0.00758577575029,0.00758577575029,0.00758577575029,0.00758577575029,0.00758577575029,0.00758577575029,0.00758577575029,0.00758577575029,0.00758577575029,0.00758577575029,10,X166 X176 X177 X187,0.690333333333,0.0108458371695,0.690333333333,0.0108458371695
0.00758577575029,0.00758577575029,0.00758577575029,0.00758577575029,0.00758577575029,0.00758577575029,0.00758577575029,0.00758577575029,0.00758577575029,0.00758577575029,0.00758577575029,0.00758577575029,0.00758577575029,0.00758577575029,0.00758577575029,0.00758577575029,0.00758577575029,0.00758577575029,10,X167 X177 X178 X188,0.0835111111111,0.0150217551901,0.0835111111111,0.0150217551901
0.00758577575029,0.00758577575029,0.00758577575029,0.00758577575029,0.00758577575029,0.00758577575029,0.00758577575029,0.00758577575029,0.00758577575029,0.00758577575029,0.00758577575029,0.00758577575029,0.00758577575029,0.00758577575029,0.00758577575029,0.00758577575029,0.00758577575029,0.00758577575029,10,X17 X27 X28 X38,0.693711111111,0.0131326078723,0.693711111111,0.0131326078723
0.00758577575029,0.00758577575029,0.00758577575029,0.00758577575029,0.00758577575029,0.00758577575029,0.00758577575029,0.00758577575029,0.00758577575029,0.00758577575029,0.00758577575029,0.00758577575029,0.00758577575029,0.00758577575029,0.00758577575029,0.00758577575029,0.00758577575029,0.00758577575029,10,X179 X189 X190 X200,0.691266666667,0.0139471910409,0.691266666667,0.0139471910409
0.00758577575029,0.00758577575029,0.00758577575029,0.00758577575029,0.00758577575029,0.00758577575029,0.00758577575029,0.00758577575029,0.00758577575029,0.00758577575029,0.00758577575029,0.00758577575029,0.00758577575029,0.00758577575029,0.00758577575029,0.00758577575029,0.00758577575029,0.00758577575029,10,X18 X28 X29 X39,0.693044444444,0.0139607367691,0.693044444444,0.0139607367691
0.00758577575029,0.00758577575029,0.00758577575029,0.00758577575029,0.00758577575029,0.00758577575029,0.00758577575029,0.00758577575029,0.00758577575029,0.00758577575029,0.00758577575029,0.00758577575029,0.00758577575029,0.00758577575029,0.00758577575029,0.00758577575029,0.00758577575029,0.00758577575029,10,X180 X190 X191 X201,0.692755555556,0.0126233176363,0.692755555556,0.0126233176363
0.00758577575029,0.00758577575029,0.00758577575029,0.00758577575029,0.00758577575029,0.00758577575029,0.00758577575029,0.00758577575029,0.00758577575029,0.00758577575029,0.00758577575029,0.00758577575029,0.00758577575029,0.00758577575029,0.00758577575029,0.00758577575029,0.00758577575029,0.00758577575029,10,X181 X191 X192 X202,0.692377777778,0.0137539219996,0.692377777778,0.0137539219996
0.00758577575029,0.00758577575029,0.00758577575029,0.00758577575029,0.00758577575029,0.00758577575029,0.00758577575029,0.00758577575029,0.00758577575029,0.00758577575029,0.00758577575029,0.00758577575029,0.00758577575029,0.00758577575029,0.00758577575029,0.00758577575029,0.00758577575029,0.00758577575029,10,X182 X192 X193 X203,0.690866666667,0.00970547106442,0.690866666667,0.00970547106442
0.00758577575029,0.00758577575029,0.00758577575029,0.00758577575029,0.00758577575029,0.00758577575029,0.00758577575029,0.00758577575029,0.00758577575029,0.00758577575029,0.00758577575029,0.00758577575029,0.00758577575029,0.00758577575029,0.00758577575029,0.00758577575029,0.00758577575029,0.00758577575029,10,X183 X193 X194 X204,0.688977777778,0.0122035524422,0.688977777778,0.0122035524422
0.00758577575029,0.00758577575029,0.00758577575029,0.00758577575029,0.00758577575029,0.00758577575029,0.00758577575029,0.00758577575029,0.00758577575029,0.00758577575029,0.00758577575029,0.00758577575029,0.00758577575029,0.00758577575029,0.00758577575029,0.00758577575029,0.00758577575029,0.00758577575029,10,X184 X194 X195 X205,0.694088888889,0.00985680360294,0.694088888889,0.00985680360294
0.00758577575029,0.00758577575029,0.00758577575029,0.00758577575029,0.00758577575029,0.00758577575029,0.00758577575029,0.00758577575029,0.00758577575029,0.00758577575029,0.00758577575029,0.00758577575029,0.00758577575029,0.00758577575029,0.00758577575029,0.00758577575029,0.00758577575029,0.00758577575029,10,X185 X195 X196 X206,0.696844444444,0.0123275019869,0.696844444444,0.0123275019869
0.00758577575029,0.00758577575029,0.00758577575029,0.00758577575029,0.00758577575029,0.00758577575029,0.00758577575029,0.00758577575029,0.00758577575029,0.00758577575029,0.00758577575029,0.00758577575029,0.00758577575029,0.00758577575029,0.00758577575029,0.00758577575029,0.00758577575029,0.00758577575029,10,X186 X196 X197 X207,0.696844444444,0.00961947789876,0.696844444444,0.00961947789876
0.00758577575029,0.00758577575029,0.00758577575029,0.00758577575029,0.00758577575029,0.00758577575029,0.00758577575029,0.00758577575029,0.00758577575029,0.00758577575029,0.00758577575029,0.00758577575029,0.00758577575029,0.00758577575029,0.00758577575029,0.00758577575029,0.00758577575029,0.00758577575029,10,X187 X197 X198 X208,0.690355555556,0.0134429212905,0.690355555556,0.0134429212905
0.00758577575029,0.00758577575029,0.00758577575029,0.00758577575029,0.00758577575029,0.00758577575029,0.00758577575029,0.00758577575029,0.00758577575029,0.00758577575029,0.00758577575029,0.00758577575029,0.00758577575029,0.00758577575029,0.00758577575029,0.00758577575029,0.00758577575029,0.00758577575029,10,X188 X198 X199 X209,0.0795555555556,0.0221671347861,0.0795555555556,0.0221671347861
0.00758577575029,0.00758577575029,0.00758577575029,0.00758577575029,0.00758577575029,0.00758577575029,0.00758577575029,0.00758577575029,0.00758577575029,0.00758577575029,0.00758577575029,0.00758577575029,0.00758577575029,0.00758577575029,0.00758577575029,0.00758577575029,0.00758577575029,0.00758577575029,10,X19 X29 X30 X40,0.693177777778,0.0106230189348,0.693177777778,0.0106230189348
0.00758577575029,0.00758577575029,0.00758577575029,0.00758577575029,0.00758577575029,0.00758577575029,0.00758577575029,0.00758577575029,0.00758577575029,0.00758577575029,0.00758577575029,0.00758577575029,0.00758577575029,0.00758577575029,0.00758577575029,0.00758577575029,0.00758577575029,0.00758577575029,10,X2 X3 X13,0.453777777778,0.0177425896967,0.453777777778,0.0177425896967
0.00758577575029,0.00758577575029,0.00758577575029,0.00758577575029,0.00758577575029,0.00758577575029,0.00758577575029,0.00758577575029,0.00758577575029,0.00758577575029,0.00758577575029,0.00758577575029,0.00758577575029,0.00758577575029,0.00758577575029,0.00758577575029,0.00758577575029,0.00758577575029,10,X20 X30 X31 X41,0.104177777778,0.0213663059365,0.104177777778,0.0213663059365
0.00758577575029,0.00758577575029,0.00758577575029,0.00758577575029,0.00758577575029,0.00758577575029,0.00758577575029,0.00758577575029,0.00758577575029,0.00758577575029,0.00758577575029,0.00758577575029,0.00758577575029,0.00758577575029,0.00758577575029,0.00758577575029,0.00758577575029,0.00758577575029,10,X200 X210 X211,0.721888888889,0.0151053347084,0.721888888889,0.0151053347084
0.00758577575029,0.00758577575029,0.00758577575029,0.00758577575029,0.00758577575029,0.00758577575029,0.00758577575029,0.00758577575029,0.00758577575029,0.00758577575029,0.00758577575029,0.00758577575029,0.00758577575029,0.00758577575029,0.00758577575029,0.00758577575029,0.00758577575029,0.00758577575029,10,X201 X211 X212,0.727666666667,0.0124804828475,0.727666666667,0.0124804828475
0.00758577575029,0.00758577575029,0.00758577575029,0.00758577575029,0.00758577575029,0.00758577575029,0.00758577575029,0.00758577575029,0.00758577575029,0.00758577575029,0.00758577575029,0.00758577575029,0.00758577575029,0.00758577575029,0.00758577575029,0.00758577575029,0.00758577575029,0.00758577575029,10,X202 X212 X213,0.730088888889,0.0121771513109,0.730088888889,0.0121771513109
0.00758577575029,0.00758577575029,0.00758577575029,0.00758577575029,0.00758577575029,0.00758577575029,0.00758577575029,0.00758577575029,0.00758577575029,0.00758577575029,0.00758577575029,0.00758577575029,0.00758577575029,0.00758577575029,0.00758577575029,0.00758577575029,0.00758577575029,0.00758577575029,10,X203 X213 X214,0.733,0.013367484998,0.733,0.013367484998
0.00758577575029,0.00758577575029,0.00758577575029,0.00758577575029,0.00758577575029,0.00758577575029,0.00758577575029,0.00758577575029,0.00758577575029,0.00758577575029,0.00758577575029,0.00758577575029,0.00758577575029,0.00758577575029,0.00758577575029,0.00758577575029,0.00758577575029,0.00758577575029,10,X204 X214 X215,0.7308,0.00988113260761,0.7308,0.00988113260761
0.00758577575029,0.00758577575029,0.00758577575029,0.00758577575029,0.00758577575029,0.00758577575029,0.00758577575029,0.00758577575029,0.00758577575029,0.00758577575029,0.00758577575029,0.00758577575029,0.00758577575029,0.00758577575029,0.00758577575029,0.00758577575029,0.00758577575029,0.00758577575029,10,X205 X215 X216,0.733155555556,0.0100526328811,0.733155555556,0.0100526328811
0.00758577575029,0.00758577575029,0.00758577575029,0.00758577575029,0.00758577575029,0.00758577575029,0.00758577575029,0.00758577575029,0.00758577575029,0.00758577575029,0.00758577575029,0.00758577575029,0.00758577575029,0.00758577575029,0.00758577575029,0.00758577575029,0.00758577575029,0.00758577575029,10,X206 X216 X217,0.733133333333,0.0122529533542,0.733133333333,0.0122529533542
0.00758577575029,0.00758577575029,0.00758577575029,0.00758577575029,0.00758577575029,0.00758577575029,0.00758577575029,0.00758577575029,0.00758577575029,0.00758577575029,0.00758577575029,0.00758577575029,0.00758577575029,0.00758577575029,0.00758577575029,0.00758577575029,0.00758577575029,0.00758577575029,10,X207 X217 X218,0.732377777778,0.0120391231123,0.732377777778,0.0120391231123
0.00758577575029,0.00758577575029,0.00758577575029,0.00758577575029,0.00758577575029,0.00758577575029,0.00758577575029,0.00758577575029,0.00758577575029,0.00758577575029,0.00758577575029,0.00758577575029,0.00758577575029,0.00758577575029,0.00758577575029,0.00758577575029,0.00758577575029,0.00758577575029,10,X208 X218 X219,0.732133333333,0.0119107794315,0.732133333333,0.0119107794315
0.00758577575029,0.00758577575029,0.00758577575029,0.00758577575029,0.00758577575029,0.00758577575029,0.00758577575029,0.00758577575029,0.00758577575029,0.00758577575029,0.00758577575029,0.00758577575029,0.00758577575029,0.00758577575029,0.00758577575029,0.00758577575029,0.00758577575029,0.00758577575029,10,X209 X219 X220,0.0867555555556,0.0169694188164,0.0867555555556,0.0169694188164
0.00758577575029,0.00758577575029,0.00758577575029,0.00758577575029,0.00758577575029,0.00758577575029,0.00758577575029,0.00758577575029,0.00758577575029,0.00758577575029,0.00758577575029,0.00758577575029,0.00758577575029,0.00758577575029,0.00758577575029,0.00758577575029,0.00758577575029,0.00758577575029,10,X3 X4 X14,0.361622222222,0.0160417877042,0.361622222222,0.0160417877042
0.00758577575029,0.00758577575029,0.00758577575029,0.00758577575029,0.00758577575029,0.00758577575029,0.00758577575029,0.00758577575029,0.00758577575029,0.00758577575029,0.00758577575029,0.00758577575029,0.00758577575029,0.00758577575029,0.00758577575029,0.00758577575029,0.00758577575029,0.00758577575029,10,X32 X42 X43 X53,0.688177777778,0.0160037671172,0.688177777778,0.0160037671172
0.00758577575029,0.00758577575029,0.00758577575029,0.00758577575029,0.00758577575029,0.00758577575029,0.00758577575029,0.00758577575029,0.00758577575029,0.00758577575029,0.00758577575029,0.00758577575029,0.00758577575029,0.00758577575029,0.00758577575029,0.00758577575029,0.00758577575029,0.00758577575029,10,X33 X43 X44 X54,0.691022222222,0.0147611723603,0.691022222222,0.0147611723603
0.00758577575029,0.00758577575029,0.00758577575029,0.00758577575029,0.00758577575029,0.00758577575029,0.00758577575029,0.00758577575029,0.00758577575029,0.00758577575029,0.00758577575029,0.00758577575029,0.00758577575029,0.00758577575029,0.00758577575029,0.00758577575029,0.00758577575029,0.00758577575029,10,X34 X44 X45 X55,0.691733333333,0.0119174684241,0.691733333333,0.0119174684241
0.00758577575029,0.00758577575029,0.00758577575029,0.00758577575029,0.00758577575029,0.00758577575029,0.00758577575029,0.00758577575029,0.00758577575029,0.00758577575029,0.00758577575029,0.00758577575029,0.00758577575029,0.00758577575029,0.00758577575029,0.00758577575029,0.00758577575029,0.00758577575029,10,X35 X45 X46 X56,0.688466666667,0.0115737184109,0.688466666667,0.0115737184109
0.00758577575029,0.00758577575029,0.00758577575029,0.00758577575029,0.00758577575029,0.00758577575029,0.00758577575029,0.00758577575029,0.00758577575029,0.00758577575029,0.00758577575029,0.00758577575029,0.00758577575029,0.00758577575029,0.00758577575029,0.00758577575029,0.00758577575029,0.00758577575029,10,X36 X46 X47 X57,0.693466666667,0.0129572240535,0.693466666667,0.0129572240535
0.00758577575029,0.00758577575029,0.00758577575029,0.00758577575029,0.00758577575029,0.00758577575029,0.00758577575029,0.00758577575029,0.00758577575029,0.00758577575029,0.00758577575029,0.00758577575029,0.00758577575029,0.00758577575029,0.00758577575029,0.00758577575029,0.00758577575029,0.00758577575029,10,X37 X47 X48 X58,0.689866666667,0.0134174359028,0.689866666667,0.0134174359028
0.00758577575029,0.00758577575029,0.00758577575029,0.00758577575029,0.00758577575029,0.00758577575029,0.00758577575029,0.00758577575029,0.00758577575029,0.00758577575029,0.00758577575029,0.00758577575029,0.00758577575029,0.00758577575029,0.00758577575029,0.00758577575029,0.00758577575029,0.00758577575029,10,X38 X48 X49 X59,0.690244444444,0.0132393044617,0.690244444444,0.0132393044617
0.00758577575029,0.00758577575029,0.00758577575029,0.00758577575029,0.00758577575029,0.00758577575029,0.00758577575029,0.00758577575029,0.00758577575029,0.00758577575029,0.00758577575029,0.00758577575029,0.00758577575029,0.00758577575029,0.00758577575029,0.00758577575029,0.00758577575029,0.00758577575029,10,X39 X49 X50 X60,0.692266666667,0.0151352522962,0.692266666667,0.0151352522962
0.00758577575029,0.00758577575029,0.00758577575029,0.00758577575029,0.00758577575029,0.00758577575029,0.00758577575029,0.00758577575029,0.00758577575029,0.00758577575029,0.00758577575029,0.00758577575029,0.00758577575029,0.00758577575029,0.00758577575029,0.00758577575029,0.00758577575029,0.00758577575029,10,X4 X5 X15,0.289111111111,0.0172831575565,0.289111111111,0.0172831575565
0.00758577575029,0.00758577575029,0.00758577575029,0.00758577575029,0.00758577575029,0.00758577575029,0.00758577575029,0.00758577575029,0.00758577575029,0.00758577575029,0.00758577575029,0.00758577575029,0.00758577575029,0.00758577575029,0.00758577575029,0.00758577575029,0.00758577575029,0.00758577575029,10,X40 X50 X51 X61,0.691755555556,0.0128289463567,0.691755555556,0.0128289463567
0.00758577575029,0.00758577575029,0.00758577575029,0.00758577575029,0.00758577575029,0.00758577575029,0.00758577575029,0.00758577575029,0.00758577575029,0.00758577575029,0.00758577575029,0.00758577575029,0.00758577575029,0.00758577575029,0.00758577575029,0.00758577575029,0.00758577575029,0.00758577575029,10,X41 X51 X52 X62,0.0940666666667,0.0156859504699,0.0940666666667,0.0156859504699
0.00758577575029,0.00758577575029,0.00758577575029,0.00758577575029,0.00758577575029,0.00758577575029,0.00758577575029,0.00758577575029,0.00758577575029,0.00758577575029,0.00758577575029,0.00758577575029,0.00758577575029,0.00758577575029,0.00758577575029,0.00758577575029,0.00758577575029,0.00758577575029,10,X5 X6 X16,0.235844444444,0.0167484735585,0.235844444444,0.0167484735585
0.00758577575029,0.00758577575029,0.00758577575029,0.00758577575029,0.00758577575029,0.00758577575029,0.00758577575029,0.00758577575029,0.00758577575029,0.00758577575029,0.00758577575029,0.00758577575029,0.00758577575029,0.00758577575029,0.00758577575029,0.00758577575029,0.00758577575029,0.00758577575029,10,X53 X63 X64 X74,0.692822222222,0.0141146735781,0.692822222222,0.0141146735781
0.00758577575029,0.00758577575029,0.00758577575029,0.00758577575029,0.00758577575029,0.00758577575029,0.00758577575029,0.00758577575029,0.00758577575029,0.00758577575029,0.00758577575029,0.00758577575029,0.00758577575029,0.00758577575029,0.00758577575029,0.00758577575029,0.00758577575029,0.00758577575029,10,X54 X64 X65 X75,0.694444444444,0.0123018652086,0.694444444444,0.0123018652086
0.00758577575029,0.00758577575029,0.00758577575029,0.00758577575029,0.00758577575029,0.00758577575029,0.00758577575029,0.00758577575029,0.00758577575029,0.00758577575029,0.00758577575029,0.00758577575029,0.00758577575029,0.00758577575029,0.00758577575029,0.00758577575029,0.00758577575029,0.00758577575029,10,X55 X65 X66 X76,0.688711111111,0.0129826684744,0.688711111111,0.0129826684744
0.00758577575029,0.00758577575029,0.00758577575029,0.00758577575029,0.00758577575029,0.00758577575029,0.00758577575029,0.00758577575029,0.00758577575029,0.00758577575029,0.00758577575029,0.00758577575029,0.00758577575029,0.00758577575029,0.00758577575029,0.00758577575029,0.00758577575029,0.00758577575029,10,X56 X66 X67 X77,0.689177777778,0.0145824997025,0.689177777778,0.0145824997025
0.00758577575029,0.00758577575029,0.00758577575029,0.00758577575029,0.00758577575029,0.00758577575029,0.00758577575029,0.00758577575029,0.00758577575029,0.00758577575029,0.00758577575029,0.00758577575029,0.00758577575029,0.00758577575029,0.00758577575029,0.00758577575029,0.00758577575029,0.00758577575029,10,X57 X67 X68 X78,0.689755555556,0.011637544386,0.689755555556,0.011637544386
0.00758577575029,0.00758577575029,0.00758577575029,0.00758577575029,0.00758577575029,0.00758577575029,0.00758577575029,0.00758577575029,0.00758577575029,0.00758577575029,0.00758577575029,0.00758577575029,0.00758577575029,0.00758577575029,0.00758577575029,0.00758577575029,0.00758577575029,0.00758577575029,10,X58 X68 X69 X79,0.694177777778,0.012087716869,0.694177777778,0.012087716869
0.00758577575029,0.00758577575029,0.00758577575029,0.00758577575029,0.00758577575029,0.00758577575029,0.00758577575029,0.00758577575029,0.00758577575029,0.00758577575029,0.00758577575029,0.00758577575029,0.00758577575029,0.00758577575029,0.00758577575029,0.00758577575029,0.00758577575029,0.00758577575029,10,X59 X69 X70 X80,0.689066666667,0.0132695023828,0.689066666667,0.0132695023828
0.00758577575029,0.00758577575029,0.00758577575029,0.00758577575029,0.00758577575029,0.00758577575029,0.00758577575029,0.00758577575029,0.00758577575029,0.00758577575029,0.00758577575029,0.00758577575029,0.00758577575029,0.00758577575029,0.00758577575029,0.00758577575029,0.00758577575029,0.00758577575029,10,X6 X7 X17,0.180444444444,0.0129322826132,0.180444444444,0.0129322826132
0.00758577575029,0.00758577575029,0.00758577575029,0.00758577575029,0.00758577575029,0.00758577575029,0.00758577575029,0.00758577575029,0.00758577575029,0.00758577575029,0.00758577575029,0.00758577575029,0.00758577575029,0.00758577575029,0.00758577575029,0.00758577575029,0.00758577575029,0.00758577575029,10,X60 X70 X71 X81,0.688533333333,0.0142677193725,0.688533333333,0.0142677193725
0.00758577575029,0.00758577575029,0.00758577575029,0.00758577575029,0.00758577575029,0.00758577575029,0.00758577575029,0.00758577575029,0.00758577575029,0.00758577575029,0.00758577575029,0.00758577575029,0.00758577575029,0.00758577575029,0.00758577575029,0.00758577575029,0.00758577575029,0.00758577575029,10,X61 X71 X72 X82,0.692622222222,0.0119692240514,0.692622222222,0.0119692240514
0.00758577575029,0.00758577575029,0.00758577575029,0.00758577575029,0.00758577575029,0.00758577575029,0.00758577575029,0.00758577575029,0.00758577575029,0.00758577575029,0.00758577575029,0.00758577575029,0.00758577575029,0.00758577575029,0.00758577575029,0.00758577575029,0.00758577575029,0.00758577575029,10,X62 X72 X73 X83,0.0954666666667,0.0163246751624,0.0954666666667,0.0163246751624
0.00758577575029,0.00758577575029,0.00758577575029,0.00758577575029,0.00758577575029,0.00758577575029,0.00758577575029,0.00758577575029,0.00758577575029,0.00758577575029,0.00758577575029,0.00758577575029,0.00758577575029,0.00758577575029,0.00758577575029,0.00758577575029,0.00758577575029,0.00758577575029,10,X7 X8 X18,0.152844444444,0.0173544816461,0.152844444444,0.0173544816461
0.00758577575029,0.00758577575029,0.00758577575029,0.00758577575029,0.00758577575029,0.00758577575029,0.00758577575029,0.00758577575029,0.00758577575029,0.00758577575029,0.00758577575029,0.00758577575029,0.00758577575029,0.00758577575029,0.00758577575029,0.00758577575029,0.00758577575029,0.00758577575029,10,X74 X84 X85 X95,0.690577777778,0.0148770010299,0.690577777778,0.0148770010299
0.00758577575029,0.00758577575029,0.00758577575029,0.00758577575029,0.00758577575029,0.00758577575029,0.00758577575029,0.00758577575029,0.00758577575029,0.00758577575029,0.00758577575029,0.00758577575029,0.00758577575029,0.00758577575029,0.00758577575029,0.00758577575029,0.00758577575029,0.00758577575029,10,X75 X85 X86 X96,0.691844444444,0.0112807207907,0.691844444444,0.0112807207907
0.00758577575029,0.00758577575029,0.00758577575029,0.00758577575029,0.00758577575029,0.00758577575029,0.00758577575029,0.00758577575029,0.00758577575029,0.00758577575029,0.00758577575029,0.00758577575029,0.00758577575029,0.00758577575029,0.00758577575029,0.00758577575029,0.00758577575029,0.00758577575029,10,X76 X86 X87 X97,0.694755555556,0.0114037478995,0.694755555556,0.0114037478995
0.00758577575029,0.00758577575029,0.00758577575029,0.00758577575029,0.00758577575029,0.00758577575029,0.00758577575029,0.00758577575029,0.00758577575029,0.00758577575029,0.00758577575029,0.00758577575029,0.00758577575029,0.00758577575029,0.00758577575029,0.00758577575029,0.00758577575029,0.00758577575029,10,X77 X87 X88 X98,0.694133333333,0.0116255762433,0.694133333333,0.0116255762433
0.00758577575029,0.00758577575029,0.00758577575029,0.00758577575029,0.00758577575029,0.00758577575029,0.00758577575029,0.00758577575029,0.00758577575029,0.00758577575029,0.00758577575029,0.00758577575029,0.00758577575029,0.00758577575029,0.00758577575029,0.00758577575029,0.00758577575029,0.00758577575029,10,X78 X88 X89 X99,0.688688888889,0.0138458766933,0.688688888889,0.0138458766933
0.00758577575029,0.00758577575029,0.00758577575029,0.00758577575029,0.00758577575029,0.00758577575029,0.00758577575029,0.00758577575029,0.00758577575029,0.00758577575029,0.00758577575029,0.00758577575029,0.00758577575029,0.00758577575029,0.00758577575029,0.00758577575029,0.00758577575029,0.00758577575029,10,X79 X89 X90 X100,0.694088888889,0.0114547028383,0.694088888889,0.0114547028383
0.00758577575029,0.00758577575029,0.00758577575029,0.00758577575029,0.00758577575029,0.00758577575029,0.00758577575029,0.00758577575029,0.00758577575029,0.00758577575029,0.00758577575029,0.00758577575029,0.00758577575029,0.00758577575029,0.00758577575029,0.00758577575029,0.00758577575029,0.00758577575029,10,X8 X9 X19,0.114755555556,0.0193176578015,0.114755555556,0.0193176578015
0.00758577575029,0.00758577575029,0.00758577575029,0.00758577575029,0.00758577575029,0.00758577575029,0.00758577575029,0.00758577575029,0.00758577575029,0.00758577575029,0.00758577575029,0.00758577575029,0.00758577575029,0.00758577575029,0.00758577575029,0.00758577575029,0.00758577575029,0.00758577575029,10,X80 X90 X91 X101,0.692688888889,0.0140774903429,0.692688888889,0.0140774903429
0.00758577575029,0.00758577575029,0.00758577575029,0.00758577575029,0.00758577575029,0.00758577575029,0.00758577575029,0.00758577575029,0.00758577575029,0.00758577575029,0.00758577575029,0.00758577575029,0.00758577575029,0.00758577575029,0.00758577575029,0.00758577575029,0.00758577575029,0.00758577575029,10,X81 X91 X92 X102,0.691266666667,0.0130889675986,0.691266666667,0.0130889675986
0.00758577575029,0.00758577575029,0.00758577575029,0.00758577575029,0.00758577575029,0.00758577575029,0.00758577575029,0.00758577575029,0.00758577575029,0.00758577575029,0.00758577575029,0.00758577575029,0.00758577575029,0.00758577575029,0.00758577575029,0.00758577575029,0.00758577575029,0.00758577575029,10,X82 X92 X93 X103,0.689088888889,0.0108058212399,0.689088888889,0.0108058212399
0.00758577575029,0.00758577575029,0.00758577575029,0.00758577575029,0.00758577575029,0.00758577575029,0.00758577575029,0.00758577575029,0.00758577575029,0.00758577575029,0.00758577575029,0.00758577575029,0.00758577575029,0.00758577575029,0.00758577575029,0.00758577575029,0.00758577575029,0.00758577575029,10,X83 X93 X94 X104,0.0959333333333,0.0204406251638,0.0959333333333,0.0204406251638
0.00758577575029,0.00758577575029,0.00758577575029,0.00758577575029,0.00758577575029,0.00758577575029,0.00758577575029,0.00758577575029,0.00758577575029,0.00758577575029,0.00758577575029,0.00758577575029,0.00758577575029,0.00758577575029,0.00758577575029,0.00758577575029,0.00758577575029,0.00758577575029,10,X9 X10 X20,0.104355555556,0.0193699481528,0.104355555556,0.0193699481528
0.00758577575029,0.00758577575029,0.00758577575029,0.00758577575029,0.00758577575029,0.00758577575029,0.00758577575029,0.00758577575029,0.00758577575029,0.00758577575029,0.00758577575029,0.00758577575029,0.00758577575029,0.00758577575029,0.00758577575029,0.00758577575029,0.00758577575029,0.00758577575029,10,X95 X105 X106 X116,0.690866666667,0.0130312327437,0.690866666667,0.0130312327437
0.00758577575029,0.00758577575029,0.00758577575029,0.00758577575029,0.00758577575029,0.00758577575029,0.00758577575029,0.00758577575029,0.00758577575029,0.00758577575029,0.00758577575029,0.00758577575029,0.00758577575029,0.00758577575029,0.00758577575029,0.00758577575029,0.00758577575029,0.00758577575029,10,X96 X106 X107 X117,0.6936,0.0154697579154,0.6936,0.0154697579154
0.00758577575029,0.00758577575029,0.00758577575029,0.00758577575029,0.00758577575029,0.00758577575029,0.00758577575029,0.00758577575029,0.00758577575029,0.00758577575029,0.00758577575029,0.00758577575029,0.00758577575029,0.00758577575029,0.00758577575029,0.00758577575029,0.00758577575029,0.00758577575029,10,X97 X107 X108 X118,0.692333333333,0.0117401625894,0.692333333333,0.0117401625894
0.00758577575029,0.00758577575029,0.00758577575029,0.00758577575029,0.00758577575029,0.00758577575029,0.00758577575029,0.00758577575029,0.00758577575029,0.00758577575029,0.00758577575029,0.00758577575029,0.00758577575029,0.00758577575029,0.00758577575029,0.00758577575029,0.00758577575029,0.00758577575029,10,X98 X108 X109 X119,0.688755555556,0.0130248607948,0.688755555556,0.0130248607948
0.00758577575029,0.00758577575029,0.00758577575029,0.00758577575029,0.00758577575029,0.00758577575029,0.00758577575029,0.00758577575029,0.00758577575029,0.00758577575029,0.00758577575029,0.00758577575029,0.00758577575029,0.00758577575029,0.00758577575029,0.00758577575029,0.00758577575029,0.00758577575029,10,X99 X109 X110 X120,0.687155555556,0.013528381783,0.687155555556,0.013528381783
0.00758577575029,0.00758577575029,0.00758577575029,0.00758577575029,0.00758577575029,0.00758577575029,0.00758577575029,0.00758577575029,0.00758577575029,0.00758577575029,0.00758577575029,0.00758577575029,0.00758577575029,0.00758577575029,0.00758577575029,0.00758577575029,0.00758577575029,0.00758577575029,10,Z0 Z11 Z21,0.809177777778,0.00868818431064,0.809177777778,0.00868818431064
0.00758577575029,0.00758577575029,0.00758577575029,0.00758577575029,0.00758577575029,0.00758577575029,0.00758577575029,0.00758577575029,0.00758577575029,0.00758577575029,0.00758577575029,0.00758577575029,0.00758577575029,0.00758577575029,0.00758577575029,0.00758577575029,0.00758577575029,0.00758577575029,10,Z1 Z11 Z12 Z22,0.656288888889,0.0114184542886,0.656288888889,0.0114184542886
0.00758577575029,0.00758577575029,0.00758577575029,0.00758577575029,0.00758577575029,0.00758577575029,0.00758577575029,0.00758577575029,0.00758577575029,0.00758577575029,0.00758577575029,0.00758577575029,0.00758577575029,0.00758577575029,0.00758577575029,0.00758577575029,0.00758577575029,0.00758577575029,10,Z10 Z20 Z31,0.274888888889,0.016699584351,0.274888888889,0.016699584351
0.00758577575029,0.00758577575029,0.00758577575029,0.00758577575029,0.00758577575029,0.00758577575029,0.00758577575029,0.00758577575029,0.00758577575029,0.00758577575029,0.00758577575029,0.00758577575029,0.00758577575029,0.00758577575029,0.00758577575029,0.00758577575029,0.00758577575029,0.00758577575029,10,Z105 Z116 Z126,0.773,0.0105608980229,0.773,0.0105608980229
0.00758577575029,0.00758577575029,0.00758577575029,0.00758577575029,0.00758577575029,0.00758577575029,0.00758577575029,0.00758577575029,0.00758577575029,0.00758577575029,0.00758577575029,0.00758577575029,0.00758577575029,0.00758577575029,0.00758577575029,0.00758577575029,0.00758577575029,0.00758577575029,10,Z106 Z116 Z117 Z127,0.741555555556,0.0122844116195,0.741555555556,0.0122844116195
0.00758577575029,0.00758577575029,0.00758577575029,0.00758577575029,0.00758577575029,0.00758577575029,0.00758577575029,0.00758577575029,0.00758577575029,0.00758577575029,0.00758577575029,0.00758577575029,0.00758577575029,0.00758577575029,0.00758577575029,0.00758577575029,0.00758577575029,0.00758577575029,10,Z107 Z117 Z118 Z128,0.740844444444,0.0130673860151,0.740844444444,0.0130673860151
0.00758577575029,0.00758577575029,0.00758577575029,0.00758577575029,0.00758577575029,0.00758577575029,0.00758577575029,0.00758577575029,0.00758577575029,0.00758577575029,0.00758577575029,0.00758577575029,0.00758577575029,0.00758577575029,0.00758577575029,0.00758577575029,0.00758577575029,0.00758577575029,10,Z108 Z118 Z119 Z129,0.7428,0.0109424128266,0.7428,0.0109424128266
0.00758577575029,0.00758577575029,0.00758577575029,0.00758577575029,0.00758577575029,0.00758577575029,0.00758577575029,0.00758577575029,0.00758577575029,0.00758577575029,0.00758577575029,0.00758577575029,0.00758577575029,0.00758577575029,0.00758577575029,0.00758577575029,0.00758577575029,0.00758577575029,10,Z109 Z119 Z120 Z130,0.742044444444,0.0143507601447,0.742044444444,0.0143507601447
0.00758577575029,0.00758577575029,0.00758577575029,0.00758577575029,0.00758577575029,0.00758577575029,0.00758577575029,0.00758577575029,0.00758577575029,0.00758577575029,0.00758577575029,0.00758577575029,0.00758577575029,0.00758577575029,0.00758577575029,0.00758577575029,0.00758577575029,0.00758577575029,10,Z110 Z120 Z121 Z131,0.738266666667,0.0115318648989,0.738266666667,0.0115318648989
0.00758577575029,0.00758577575029,0.00758577575029,0.00758577575029,0.00758577575029,0.00758577575029,0.00758577575029,0.00758577575029,0.00758577575029,0.00758577575029,0.00758577575029,0.00758577575029,0.00758577575029,0.00758577575029,0.00758577575029,0.00758577575029,0.00758577575029,0.00758577575029,10,Z111 Z121 Z122 Z132,0.743733333333,0.0119828741139,0.743733333333,0.0119828741139
0.00758577575029,0.00758577575029,0.00758577575029,0.00758577575029,0.00758577575029,0.00758577575029,0.00758577575029,0.00758577575029,0.00758577575029,0.00758577575029,0.00758577575029,0.00758577575029,0.00758577575029,0.00758577575029,0.00758577575029,0.00758577575029,0.00758577575029,0.00758577575029,10,Z112 Z122 Z123 Z133,0.745177777778,0.0116641157583,0.745177777778,0.0116641157583
0.00758577575029,0.00758577575029,0.00758577575029,0.00758577575029,0.00758577575029,0.00758577575029,0.00758577575029,0.00758577575029,0.00758577575029,0.00758577575029,0.00758577575029,0.00758577575029,0.00758577575029,0.00758577575029,0.00758577575029,0.00758577575029,0.00758577575029,0.00758577575029,10,Z113 Z123 Z124 Z134,0.739,0.013095288849,0.739,0.013095288849
0.00758577575029,0.00758577575029,0.00758577575029,0.00758577575029,0.00758577575029,0.00758577575029,0.00758577575029,0.00758577575029,0.00758577575029,0.00758577575029,0.00758577575029,0.00758577575029,0.00758577575029,0.00758577575029,0.00758577575029,0.00758577575029,0.00758577575029,0.00758577575029,10,Z114 Z124 Z125 Z135,0.269177777778,0.017147262403,0.269177777778,0.017147262403
0.00758577575029,0.00758577575029,0.00758577575029,0.00758577575029,0.00758577575029,0.00758577575029,0.00758577575029,0.00758577575029,0.00758577575029,0.00758577575029,0.00758577575029,0.00758577575029,0.00758577575029,0.00758577575029,0.00758577575029,0.00758577575029,0.00758577575029,0.00758577575029,10,Z115 Z125 Z136,0.285777777778,0.0216466456275,0.285777777778,0.0216466456275
0.00758577575029,0.00758577575029,0.00758577575029,0.00758577575029,0.00758577575029,0.00758577575029,0.00758577575029,0.00758577575029,0.00758577575029,0.00758577575029,0.00758577575029,0.00758577575029,0.00758577575029,0.00758577575029,0.00758577575029,0.00758577575029,0.00758577575029,0.00758577575029,10,Z126 Z137 Z147,0.768222222222,0.00976400981215,0.768222222222,0.00976400981215
0.00758577575029,0.00758577575029,0.00758577575029,0.00758577575029,0.00758577575029,0.00758577575029,0.00758577575029,0.00758577575029,0.00758577575029,0.00758577575029,0.00758577575029,0.00758577575029,0.00758577575029,0.00758577575029,0.00758577575029,0.00758577575029,0.00758577575029,0.00758577575029,10,Z127 Z137 Z138 Z148,0.739511111111,0.0127467923494,0.739511111111,0.0127467923494
0.00758577575029,0.00758577575029,0.00758577575029,0.00758577575029,0.00758577575029,0.00758577575029,0.00758577575029,0.00758577575029,0.00758577575029,0.00758577575029,0.00758577575029,0.00758577575029,0.00758577575029,0.00758577575029,0.00758577575029,0.00758577575029,0.00758577575029,0.00758577575029,10,Z128 Z138 Z139 Z149,0.7406,0.0140435556729,0.7406,0.0140435556729
0.00758577575029,0.00758577575029,0.00758577575029,0.00758577575029,0.00758577575029,0.00758577575029,0.00758577575029,0.00758577575029,0.00758577575029,0.00758577575029,0.00758577575029,0.00758577575029,0.00758577575029,0.00758577575029,0.00758577575029,0.00758577575029,0.00758577575029,0.00758577575029,10,Z129 Z139 Z140 Z150,0.741555555556,0.0125863556037,0.741555555556,0.0125863556037
0.00758577575029,0.00758577575029,0.00758577575029,0.00758577575029,0.00758577575029,0.00758577575029,0.00758577575029,0.00758577575029,0.00758577575029,0.00758577575029,0.00758577575029,0.00758577575029,0.00758577575029,0.00758577575029,0.00758577575029,0.00758577575029,0.00758577575029,0.00758577575029,10,Z130 Z140 Z141 Z151,0.740711111111,0.0107709462095,0.740711111111,0.0107709462095
0.00758577575029,0.00758577575029,0.00758577575029,0.00758577575029,0.00758577575029,0.00758577575029,0.00758577575029,0.00758577575029,0.00758577575029,0.00758577575029,0.00758577575029,0.00758577575029,0.00758577575029,0.00758577575029,0.00758577575029,0.00758577575029,0.00758577575029,0.00758577575029,10,Z131 Z141 Z142 Z152,0.741266666667,0.0102644720747,0.741266666667,0.0102644720747
0.00758577575029,0.00758577575029,0.00758577575029,0.00758577575029,0.00758577575029,0.00758577575029,0.00758577575029,0.00758577575029,0.00758577575029,0.00758577575029,0.00758577575029,0.00758577575029,0.00758577575029,0.00758577575029,0.00758577575029,0.00758577575029,0.00758577575029,0.00758577575029,10,Z132 Z142 Z143 Z153,0.739244444444,0.0125172473604,0.739244444444,0.0125172473604
0.00758577575029,0.00758577575029,0.00758577575029,0.00758577575029,0.00758577575029,0.00758577575029,0.00758577575029,0.00758577575029,0.00758577575029,0.00758577575029,0.00758577575029,0.00758577575029,0.00758577575029,0.00758577575029,0.00758577575029,0.00758577575029,0.00758577575029,0.00758577575029,10,Z133 Z143 Z144 Z154,0.741377777778,0.0156101286829,0.741377777778,0.0156101286829
0.00758577575029,0.00758577575029,0.00758577575029,0.00758577575029,0.00758577575029,0.00758577575029,0.00758577575029,0.00758577575029,0.00758577575029,0.00758577575029,0.00758577575029,0.00758577575029,0.00758577575029,0.00758577575029,0.00758577575029,0.00758577575029,0.00758577575029,0.00758577575029,10,Z134 Z144 Z145 Z155,0.7394,0.0123602998141,0.7394,0.0123602998141
0.00758577575029,0.00758577575029,0.00758577575029,0.00758577575029,0.00758577575029,0.00758577575029,0.00758577575029,0.00758577575029,0.00758577575029,0.00758577575029,0.00758577575029,0.00758577575029,0.00758577575029,0.00758577575029,0.00758577575029,0.00758577575029,0.00758577575029,0.00758577575029,10,Z135 Z145 Z146 Z156,0.262755555556,0.0198629274683,0.262755555556,0.0198629274683
0.00758577575029,0.00758577575029,0.00758577575029,0.00758577575029,0.00758577575029,0.00758577575029,0.00758577575029,0.00758577575029,0.00758577575029,0.00758577575029,0.00758577575029,0.00758577575029,0.00758577575029,0.00758577575029,0.00758577575029,0.00758577575029,0.00758577575029,0.00758577575029,10,Z136 Z146 Z157,0.292777777778,0.0136132494997,0.292777777778,0.0136132494997
0.00758577575029,0.00758577575029,0.00758577575029,0.00758577575029,0.00758577575029,0.00758577575029,0.00758577575029,0.00758577575029,0.00758577575029,0.00758577575029,0.00758577575029,0.00758577575029,0.00758577575029,0.00758577575029,0.00758577575029,0.00758577575029,0.00758577575029,0.00758577575029,10,Z147 Z158 Z168,0.7604,0.013854857925,0.7604,0.013854857925
0.00758577575029,0.00758577575029,0.00758577575029,0.00758577575029,0.00758577575029,0.00758577575029,0.00758577575029,0.00758577575029,0.00758577575029,0.00758577575029,0.00758577575029,0.00758577575029,0.00758577575029,0.00758577575029,0.00758577575029,0.00758577575029,0.00758577575029,0.00758577575029,10,Z148 Z158 Z159 Z169,0.743377777778,0.0125321757026,0.743377777778,0.0125321757026
0.00758577575029,0.00758577575029,0.00758577575029,0.00758577575029,0.00758577575029,0.00758577575029,0.00758577575029,0.00758577575029,0.00758577575029,0.00758577575029,0.00758577575029,0.00758577575029,0.00758577575029,0.00758577575029,0.00758577575029,0.00758577575029,0.00758577575029,0.00758577575029,10,Z149 Z159 Z160 Z170,0.742733333333,0.0142805496959,0.742733333333,0.0142805496959
0.00758577575029,0.00758577575029,0.00758577575029,0.00758577575029,0.00758577575029,0.00758577575029,0.00758577575029,0.00758577575029,0.00758577575029,0.00758577575029,0.00758577575029,0.00758577575029,0.00758577575029,0.00758577575029,0.00758577575029,0.00758577575029,0.00758577575029,0.00758577575029,10,Z150 Z160 Z161 Z171,0.739844444444,0.0131768790116,0.739844444444,0.0131768790116
0.00758577575029,0.00758577575029,0.00758577575029,0.00758577575029,0.00758577575029,0.00758577575029,0.00758577575029,0.00758577575029,0.00758577575029,0.00758577575029,0.00758577575029,0.00758577575029,0.00758577575029,0.00758577575029,0.00758577575029,0.00758577575029,0.00758577575029,0.00758577575029,10,Z151 Z161 Z162 Z172,0.7428,0.00986250300468,0.7428,0.00986250300468
0.00758577575029,0.00758577575029,0.00758577575029,0.00758577575029,0.00758577575029,0.00758577575029,0.00758577575029,0.00758577575029,0.00758577575029,0.00758577575029,0.00758577575029,0.00758577575029,0.00758577575029,0.00758577575029,0.00758577575029,0.00758577575029,0.00758577575029,0.00758577575029,10,Z152 Z162 Z163 Z173,0.742355555556,0.0116746879924,0.742355555556,0.0116746879924
0.00758577575029,0.00758577575029,0.00758577575029,0.00758577575029,0.00758577575029,0.00758577575029,0.00758577575029,0.00758577575029,0.00758577575029,0.00758577575029,0.00758577575029,0.00758577575029,0.00758577575029,0.00758577575029,0.00758577575029,0.00758577575029,0.00758577575029,0.00758577575029,10,Z153 Z163 Z164 Z174,0.743777777778,0.0136337797002,0.743777777778,0.0136337797002
0.00758577575029,0.00758577575029,0.00758577575029,0.00758577575029,0.00758577575029,0.00758577575029,0.00758577575029,0.00758577575029,0.00758577575029,0.00758577575029,0.00758577575029,0.00758577575029,0.00758577575029,0.00758577575029,0.00758577575029,0.00758577575029,0.00758577575029,0.00758577575029,10,Z154 Z164 Z165 Z175,0.743333333333,0.0115057873161,0.743333333333,0.0115057873161
0.00758577575029,0.00758577575029,0.00758577575029,0.00758577575029,0.00758577575029,0.00758577575029,0.00758577575029,0.00758577575029,0.00758577575029,0.00758577575029,0.00758577575029,0.00758577575029,0.00758577575029,0.00758577575029,0.00758577575029,0.00758577575029,0.00758577575029,0.00758577575029,10,Z155 Z165 Z166 Z176,0.741911111111,0.010987604766,0.741911111111,0.010987604766
0.00758577575029,0.00758577575029,0.00758577575029,0.00758577575029,0.00758577575029,0.00758577575029,0.00758577575029,0.00758577575029,0.00758577575029,0.00758577575029,0.00758577575029,0.00758577575029,0.00758577575029,0.00758577575029,0.00758577575029,0.00758577575029,0.00758577575029,0.00758577575029,10,Z156 Z166 Z167 Z177,0.251355555556,0.0202811528184,0.251355555556,0.0202811528184
0.00758577575029,0.00758577575029,0.00758577575029,0.00758577575029,0.00758577575029,0.00758577575029,0.00758577575029,0.00758577575029,0.00758577575029,0.00758577575029,0.00758577575029,0.00758577575029,0.00758577575029,0.00758577575029,0.00758577575029,0.00758577575029,0.00758577575029,0.00758577575029,10,Z157 Z167 Z178,0.295711111111,0.0200487400992,0.295711111111,0.0200487400992
0.00758577575029,0.00758577575029,0.00758577575029,0.00758577575029,0.00758577575029,0.00758577575029,0.00758577575029,0.00758577575029,0.00758577575029,0.00758577575029,0.00758577575029,0.00758577575029,0.00758577575029,0.00758577575029,0.00758577575029,0.00758577575029,0.00758577575029,0.00758577575029,10,Z168 Z179 Z189,0.7542,0.0110674006127,0.7542,0.0110674006127
0.00758577575029,0.00758577575029,0.00758577575029,0.00758577575029,0.00758577575029,0.00758577575029,0.00758577575029,0.00758577575029,0.00758577575029,0.00758577575029,0.00758577575029,0.00758577575029,0.00758577575029,0.00758577575029,0.00758577575029,0.00758577575029,0.00758577575029,0.00758577575029,10,Z169 Z179 Z180 Z190,0.742555555556,0.0151731597402,0.742555555556,0.0151731597402
0.00758577575029,0.00758577575029,0.00758577575029,0.00758577575029,0.00758577575029,0.00758577575029,0.00758577575029,0.00758577575029,0.00758577575029,0.00758577575029,0.00758577575029,0.00758577575029,0.00758577575029,0.00758577575029,0.00758577575029,0.00758577575029,0.00758577575029,0.00758577575029,10,Z170 Z180 Z181 Z191,0.738311111111,0.0130718419652,0.738311111111,0.0130718419652
0.00758577575029,0.00758577575029,0.00758577575029,0.00758577575029,0.00758577575029,0.00758577575029,0.00758577575029,0.00758577575029,0.00758577575029,0.00758577575029,0.00758577575029,0.00758577575029,0.00758577575029,0.00758577575029,0.00758577575029,0.00758577575029,0.00758577575029,0.00758577575029,10,Z171 Z181 Z182 Z192,0.741755555556,0.0122483663258,0.741755555556,0.0122483663258
0.00758577575029,0.00758577575029,0.00758577575029,0.00758577575029,0.00758577575029,0.00758577575029,0.00758577575029,0.00758577575029,0.00758577575029,0.00758577575029,0.00758577575029,0.00758577575029,0.00758577575029,0.00758577575029,0.00758577575029,0.00758577575029,0.00758577575029,0.00758577575029,10,Z172 Z182 Z183 Z193,0.743711111111,0.0116193567305,0.743711111111,0.0116193567305
0.00758577575029,0.00758577575029,0.00758577575029,0.00758577575029,0.00758577575029,0.00758577575029,0.00758577575029,0.00758577575029,0.00758577575029,0.00758577575029,0.00758577575029,0.00758577575029,0.00758577575029,0.00758577575029,0.00758577575029,0.00758577575029,0.00758577575029,0.00758577575029,10,Z173 Z183 Z184 Z194,0.738555555556,0.0108222607724,0.738555555556,0.0108222607724
0.00758577575029,0.00758577575029,0.00758577575029,0.00758577575029,0.00758577575029,0.00758577575029,0.00758577575029,0.00758577575029,0.00758577575029,0.00758577575029,0.00758577575029,0.00758577575029,0.00758577575029,0.00758577575029,0.00758577575029,0.00758577575029,0.00758577575029,0.00758577575029,10,Z174 Z184 Z185 Z195,0.744266666667,0.0118167359724,0.744266666667,0.0118167359724
0.00758577575029,0.00758577575029,0.00758577575029,0.00758577575029,0.00758577575029,0.00758577575029,0.00758577575029,0.00758577575029,0.00758577575029,0.00758577575029,0.00758577575029,0.00758577575029,0.00758577575029,0.00758577575029,0.00758577575029,0.00758577575029,0.00758577575029,0.00758577575029,10,Z175 Z185 Z186 Z196,0.738177777778,0.0125712477803,0.738177777778,0.0125712477803
0.00758577575029,0.00758577575029,0.00758577575029,0.00758577575029,0.00758577575029,0.00758577575029,0.00758577575029,0.00758577575029,0.00758577575029,0.00758577575029,0.00758577575029,0.00758577575029,0.00758577575029,0.00758577575029,0.00758577575029,0.00758577575029,0.00758577575029,0.00758577575029,10,Z176 Z186 Z187 Z197,0.743177777778,0.0128399321244,0.743177777778,0.0128399321244
0.00758577575029,0.00758577575029,0.00758577575029,0.00758577575029,0.00758577575029,0.00758577575029,0.00758577575029,0.00758577575029,0.00758577575029,0.00758577575029,0.00758577575029,0.00758577575029,0.00758577575029,0.00758577575029,0.00758577575029,0.00758577575029,0.00758577575029,0.00758577575029,10,Z177 Z187 Z188 Z198,0.249422222222,0.0142325872192,0.249422222222,0.0142325872192
0.00758577575029,0.00758577575029,0.00758577575029,0.00758577575029,0.00758577575029,0.00758577575029,0.00758577575029,0.00758577575029,0.00758577575029,0.00758577575029,0.00758577575029,0.00758577575029,0.00758577575029,0.00758577575029,0.00758577575029,0.00758577575029,0.00758577575029,0.00758577575029,10,Z178 Z188 Z199,0.298577777778,0.0149612355641,0.298577777778,0.0149612355641
0.00758577575029,0.00758577575029,0.00758577575029,0.00758577575029,0.00758577575029,0.00758577575029,0.00758577575029,0.00758577575029,0.00758577575029,0.00758577575029,0.00758577575029,0.00758577575029,0.00758577575029,0.00758577575029,0.00758577575029,0.00758577575029,0.00758577575029,0.00758577575029,10,Z189 Z200 Z210,0.744955555556,0.00983181688417,0.744955555556,0.00983181688417
0.00758577575029,0.00758577575029,0.00758577575029,0.00758577575029,0.00758577575029,0.00758577575029,0.00758577575029,0.00758577575029,0.00758577575029,0.00758577575029,0.00758577575029,0.00758577575029,0.00758577575029,0.00758577575029,0.00758577575029,0.00758577575029,0.00758577575029,0.00758577575029,10,Z190 Z200 Z201 Z211,0.747444444444,0.0128308576007,0.747444444444,0.0128308576007
0.00758577575029,0.00758577575029,0.00758577575029,0.00758577575029,0.00758577575029,0.00758577575029,0.00758577575029,0.00758577575029,0.00758577575029,0.00758577575029,0.00758577575029,0.00758577575029,0.00758577575029,0.00758577575029,0.00758577575029,0.00758577575029,0.00758577575029,0.00758577575029,10,Z191 Z201 Z202 Z212,0.748022222222,0.014493738464,0.748022222222,0.014493738464
0.00758577575029,0.00758577575029,0.00758577575029,0.00758577575029,0.00758577575029,0.00758577575029,0.00758577575029,0.00758577575029,0.00758577575029,0.00758577575029,0.00758577575029,0.00758577575029,0.00758577575029,0.00758577575029,0.00758577575029,0.00758577575029,0.00758577575029,0.00758577575029,10,Z192 Z202 Z203 Z213,0.7476,0.0130834047146,0.7476,0.0130834047146
0.00758577575029,0.00758577575029,0.00758577575029,0.00758577575029,0.00758577575029,0.00758577575029,0.00758577575029,0.00758577575029,0.00758577575029,0.00758577575029,0.00758577575029,0.00758577575029,0.00758577575029,0.00758577575029,0.00758577575029,0.00758577575029,0.00758577575029,0.00758577575029,10,Z193 Z203 Z204 Z214,0.742822222222,0.0108188615393,0.742822222222,0.0108188615393
0.00758577575029,0.00758577575029,0.00758577575029,0.00758577575029,0.00758577575029,0.00758577575029,0.00758577575029,0.00758577575029,0.00758577575029,0.00758577575029,0.00758577575029,0.00758577575029,0.00758577575029,0.00758577575029,0.00758577575029,0.00758577575029,0.00758577575029,0.00758577575029,10,Z194 Z204 Z205 Z215,0.747688888889,0.0135846807267,0.747688888889,0.0135846807267
0.00758577575029,0.00758577575029,0.00758577575029,0.00758577575029,0.00758577575029,0.00758577575029,0.00758577575029,0.00758577575029,0.00758577575029,0.00758577575029,0.00758577575029,0.00758577575029,0.00758577575029,0.00758577575029,0.00758577575029,0.00758577575029,0.00758577575029,0.00758577575029,10,Z195 Z205 Z206 Z216,0.745866666667,0.0122832471651,0.745866666667,0.0122832471651
0.00758577575029,0.00758577575029,0.00758577575029,0.00758577575029,0.00758577575029,0.00758577575029,0.00758577575029,0.00758577575029,0.00758577575029,0.00758577575029,0.00758577575029,0.00758577575029,0.00758577575029,0.00758577575029,0.00758577575029,0.00758577575029,0.00758577575029,0.00758577575029,10,Z196 Z206 Z207 Z217,0.747844444444,0.0107178132003,0.747844444444,0.0107178132003
0.00758577575029,0.00758577575029,0.00758577575029,0.00758577575029,0.00758577575029,0.00758577575029,0.00758577575029,0.00758577575029,0.00758577575029,0.00758577575029,0.00758577575029,0.00758577575029,0.00758577575029,0.00758577575029,0.00758577575029,0.00758577575029,0.00758577575029,0.00758577575029,10,Z197 Z207 Z208 Z218,0.746066666667,0.0135887602867,0.746066666667,0.0135887602867
0.00758577575029,0.00758577575029,0.00758577575029,0.00758577575029,0.00758577575029,0.00758577575029,0.00758577575029,0.00758577575029,0.00758577575029,0.00758577575029,0.00758577575029,0.00758577575029,0.00758577575029,0.00758577575029,0.00758577575029,0.00758577575029,0.00758577575029,0.00758577575029,10,Z198 Z208 Z209 Z219,0.248911111111,0.0175070720977,0.248911111111,0.0175070720977
0.00758577575029,0.00758577575029,0.00758577575029,0.00758577575029,0.00758577575029,0.00758577575029,0.00758577575029,0.00758577575029,0.00758577575029,0.00758577575029,0.00758577575029,0.00758577575029,0.00758577575029,0.00758577575029,0.00758577575029,0.00758577575029,0.00758577575029,0.00758577575029,10,Z199 Z209 Z220,0.0990888888889,0.0159130620179,0.0990888888889,0.0159130620179
0.00758577575029,0.00758577575029,0.00758577575029,0.00758577575029,0.00758577575029,0.00758577575029,0.00758577575029,0.00758577575029,0.00758577575029,0.00758577575029,0.00758577575029,0.00758577575029,0.00758577575029,0.00758577575029,0.00758577575029,0.00758577575029,0.00758577575029,0.00758577575029,10,Z2 Z12 Z13 Z23,0.592888888889,0.0146303975096,0.592888888889,0.0146303975096
0.00758577575029,0.00758577575029,0.00758577575029,0.00758577575029,0.00758577575029,0.00758577575029,0.00758577575029,0.00758577575029,0.00758577575029,0.00758577575029,0.00758577575029,0.00758577575029,0.00758577575029,0.00758577575029,0.00758577575029,0.00758577575029,0.00758577575029,0.00758577575029,10,Z21 Z32 Z42,0.808244444444,0.0114329406901,0.808244444444,0.0114329406901
0.00758577575029,0.00758577575029,0.00758577575029,0.00758577575029,0.00758577575029,0.00758577575029,0.00758577575029,0.00758577575029,0.00758577575029,0.00758577575029,0.00758577575029,0.00758577575029,0.00758577575029,0.00758577575029,0.00758577575029,0.00758577575029,0.00758577575029,0.00758577575029,10,Z22 Z32 Z33 Z43,0.738977777778,0.00930329045458,0.738977777778,0.00930329045458
0.00758577575029,0.00758577575029,0.00758577575029,0.00758577575029,0.00758577575029,0.00758577575029,0.00758577575029,0.00758577575029,0.00758577575029,0.00758577575029,0.00758577575029,0.00758577575029,0.00758577575029,0.00758577575029,0.00758577575029,0.00758577575029,0.00758577575029,0.00758577575029,10,Z23 Z33 Z34 Z44,0.744644444444,0.0133923788396,0.744644444444,0.0133923788396
0.00758577575029,0.00758577575029,0.00758577575029,0.00758577575029,0.00758577575029,0.00758577575029,0.00758577575029,0.00758577575029,0.00758577575029,0.00758577575029,0.00758577575029,0.00758577575029,0.00758577575029,0.00758577575029,0.00758577575029,0.00758577575029,0.00758577575029,0.00758577575029,10,Z24 Z34 Z35 Z45,0.739822222222,0.0126369079749,0.739822222222,0.0126369079749
0.00758577575029,0.00758577575029,0.00758577575029,0.00758577575029,0.00758577575029,0.00758577575029,0.00758577575029,0.00758577575029,0.00758577575029,0.00758577575029,0.00758577575029,0.00758577575029,0.00758577575029,0.00758577575029,0.00758577575029,0.00758577575029,0.00758577575029,0.00758577575029,10,Z25 Z35 Z36 Z46,0.739488888889,0.0121481068747,0.739488888889,0.0121481068747
0.00758577575029,0.00758577575029,0.00758577575029,0.00758577575029,0.00758577575029,0.00758577575029,0.00758577575029,0.00758577575029,0.00758577575029,0.00758577575029,0.00758577575029,0.00758577575029,0.00758577575029,0.00758577575029,0.00758577575029,0.00758577575029,0.00758577575029,0.00758577575029,10,Z26 Z36 Z37 Z47,0.743288888889,0.0107865864387,0.743288888889,0.0107865864387
0.00758577575029,0.00758577575029,0.00758577575029,0.00758577575029,0.00758577575029,0.00758577575029,0.00758577575029,0.00758577575029,0.00758577575029,0.00758577575029,0.00758577575029,0.00758577575029,0.00758577575029,0.00758577575029,0.00758577575029,0.00758577575029,0.00758577575029,0.00758577575029,10,Z27 Z37 Z38 Z48,0.7412,0.0106110619645,0.7412,0.0106110619645
0.00758577575029,0.00758577575029,0.00758577575029,0.00758577575029,0.00758577575029,0.00758577575029,0.00758577575029,0.00758577575029,0.00758577575029,0.00758577575029,0.00758577575029,0.00758577575029,0.00758577575029,0.00758577575029,0.00758577575029,0.00758577575029,0.00758577575029,0.00758577575029,10,Z28 Z38 Z39 Z49,0.742222222222,0.0139108638417,0.742222222222,0.0139108638417
0.00758577575029,0.00758577575029,0.00758577575029,0.00758577575029,0.00758577575029,0.00758577575029,0.00758577575029,0.00758577575029,0.00758577575029,0.00758577575029,0.00758577575029,0.00758577575029,0.00758577575029,0.00758577575029,0.00758577575029,0.00758577575029,0.00758577575029,0.00758577575029,10,Z29 Z39 Z40 Z50,0.743088888889,0.0133923788396,0.743088888889,0.0133923788396
0.00758577575029,0.00758577575029,0.00758577575029,0.00758577575029,0.00758577575029,0.00758577575029,0.00758577575029,0.00758577575029,0.00758577575029,0.00758577575029,0.00758577575029,0.00758577575029,0.00758577575029,0.00758577575029,0.00758577575029,0.00758577575029,0.00758577575029,0.00758577575029,10,Z3 Z13 Z14 Z24,0.528511111111,0.0164241512977,0.528511111111,0.0164241512977
0.00758577575029,0.00758577575029,0.00758577575029,0.00758577575029,0.00758577575029,0.00758577575029,0.00758577575029,0.00758577575029,0.00758577575029,0.00758577575029,0.00758577575029,0.00758577575029,0.00758577575029,0.00758577575029,0.00758577575029,0.00758577575029,0.00758577575029,0.00758577575029,10,Z30 Z40 Z41 Z51,0.292066666667,0.0167179441072,0.292066666667,0.0167179441072
0.00758577575029,0.00758577575029,0.00758577575029,0.00758577575029,0.00758577575029,0.00758577575029,0.00758577575029,0.00758577575029,0.00758577575029,0.00758577575029,0.00758577575029,0.00758577575029,0.00758577575029,0.00758577575029,0.00758577575029,0.00758577575029,0.00758577575029,0.00758577575029,10,Z31 Z41 Z52,0.276333333333,0.0167467043707,0.276333333333,0.0167467043707
0.00758577575029,0.00758577575029,0.00758577575029,0.00758577575029,0.00758577575029,0.00758577575029,0.00758577575029,0.00758577575029,0.00758577575029,0.00758577575029,0.00758577575029,0.00758577575029,0.00758577575029,0.00758577575029,0.00758577575029,0.00758577575029,0.00758577575029,0.00758577575029,10,Z4 Z14 Z15 Z25,0.473622222222,0.0213201707478,0.473622222222,0.0213201707478
0.00758577575029,0.00758577575029,0.00758577575029,0.00758577575029,0.00758577575029,0.00758577575029,0.00758577575029,0.00758577575029,0.00758577575029,0.00758577575029,0.00758577575029,0.00758577575029,0.00758577575029,0.00758577575029,0.00758577575029,0.00758577575029,0.00758577575029,0.00758577575029,10,Z42 Z53 Z63,0.7992,0.0131497709142,0.7992,0.0131497709142
0.00758577575029,0.00758577575029,0.00758577575029,0.00758577575029,0.00758577575029,0.00758577575029,0.00758577575029,0.00758577575029,0.00758577575029,0.00758577575029,0.00758577575029,0.00758577575029,0.00758577575029,0.00758577575029,0.00758577575029,0.00758577575029,0.00758577575029,0.00758577575029,10,Z43 Z53 Z54 Z64,0.741488888889,0.0110293003475,0.741488888889,0.0110293003475
0.00758577575029,0.00758577575029,0.00758577575029,0.00758577575029,0.00758577575029,0.00758577575029,0.00758577575029,0.00758577575029,0.00758577575029,0.00758577575029,0.00758577575029,0.00758577575029,0.00758577575029,0.00758577575029,0.00758577575029,0.00758577575029,0.00758577575029,0.00758577575029,10,Z44 Z54 Z55 Z65,0.742577777778,0.0122711802457,0.742577777778,0.0122711802457
0.00758577575029,0.00758577575029,0.00758577575029,0.00758577575029,0.00758577575029,0.00758577575029,0.00758577575029,0.00758577575029,0.00758577575029,0.00758577575029,0.00758577575029,0.00758577575029,0.00758577575029,0.00758577575029,0.00758577575029,0.00758577575029,0.00758577575029,0.00758577575029,10,Z45 Z55 Z56 Z66,0.739133333333,0.0118640446541,0.739133333333,0.0118640446541
0.00758577575029,0.00758577575029,0.00758577575029,0.00758577575029,0.00758577575029,0.00758577575029,0.00758577575029,0.00758577575029,0.00758577575029,0.00758577575029,0.00758577575029,0.00758577575029,0.00758577575029,0.00758577575029,0.00758577575029,0.00758577575029,0.00758577575029,0.00758577575029,10,Z46 Z56 Z57 Z67,0.743266666667,0.0143544084568,0.743266666667,0.0143544084568
0.00758577575029,0.00758577575029,0.00758577575029,0.00758577575029,0.00758577575029,0.00758577575029,0.00758577575029,0.00758577575029,0.00758577575029,0.00758577575029,0.00758577575029,0.00758577575029,0.00758577575029,0.00758577575029,0.00758577575029,0.00758577575029,0.00758577575029,0.00758577575029,10,Z47 Z57 Z58 Z68,0.740466666667,0.0108943375218,0.740466666667,0.0108943375218
0.00758577575029,0.00758577575029,0.00758577575029,0.00758577575029,0.00758577575029,0.00758577575029,0.00758577575029,0.00758577575029,0.00758577575029,0.00758577575029,0.00758577575029,0.00758577575029,0.00758577575029,0.00758577575029,0.00758577575029,0.00758577575029,0.00758577575029,0.00758577575029,10,Z48 Z58 Z59 Z69,0.742533333333,0.0105473208452,0.742533333333,0.0105473208452
0.00758577575029,0.00758577575029,0.00758577575029,0.00758577575029,0.00758577575029,0.00758577575029,0.00758577575029,0.00758577575029,0.00758577575029,0.00758577575029,0.00758577575029,0.00758577575029,0.00758577575029,0.00758577575029,0.00758577575029,0.00758577575029,0.00758577575029,0.00758577575029,10,Z49 Z59 Z60 Z70,0.742155555556,0.0121619762123,0.742155555556,0.0121619762123
0.00758577575029,0.00758577575029,0.00758577575029,0.00758577575029,0.00758577575029,0.00758577575029,0.00758577575029,0.00758577575029,0.00758577575029,0.00758577575029,0.00758577575029,0.00758577575029,0.00758577575029,0.00758577575029,0.00758577575029,0.00758577575029,0.00758577575029,0.00758577575029,10,Z5 Z15 Z16 Z26,0.420955555556,0.0151757856465,0.420955555556,0.0151757856465
0.00758577575029,0.00758577575029,0.00758577575029,0.00758577575029,0.00758577575029,0.00758577575029,0.00758577575029,0.00758577575029,0.00758577575029,0.00758577575029,0.00758577575029,0.00758577575029,0.00758577575029,0.00758577575029,0.00758577575029,0.00758577575029,0.00758577575029,0.00758577575029,10,Z50 Z60 Z61 Z71,0.741511111111,0.0141528961696,0.741511111111,0.0141528961696
0.00758577575029,0.00758577575029,0.00758577575029,0.00758577575029,0.00758577575029,0.00758577575029,0.00758577575029,0.00758577575029,0.00758577575029,0.00758577575029,0.00758577575029,0.00758577575029,0.00758577575029,0.00758577575029,0.00758577575029,0.00758577575029,0.00758577575029,0.00758577575029,10,Z51 Z61 Z62 Z72,0.280377777778,0.0210321289222,0.280377777778,0.0210321289222
0.00758577575029,0.00758577575029,0.00758577575029,0.00758577575029,0.00758577575029,0.00758577575029,0.00758577575029,0.00758577575029,0.00758577575029,0.00758577575029,0.00758577575029,0.00758577575029,0.00758577575029,0.00758577575029,0.00758577575029,0.00758577575029,0.00758577575029,0.00758577575029,10,Z52 Z62 Z73,0.285177777778,0.0149304218563,0.285177777778,0.0149304218563
0.00758577575029,0.00758577575029,0.00758577575029,0.00758577575029,0.00758577575029,0.00758577575029,0.00758577575029,0.00758577575029,0.00758577575029,0.00758577575029,0.00758577575029,0.00758577575029,0.00758577575029,0.00758577575029,0.00758577575029,0.00758577575029,0.00758577575029,0.00758577575029,10,Z6 Z16 Z17 Z27,0.371955555556,0.0142360325668,0.371955555556,0.0142360325668
0.00758577575029,0.00758577575029,0.00758577575029,0.00758577575029,0.00758577575029,0.00758577575029,0.00758577575029,0.00758577575029,0.00758577575029,0.00758577575029,0.00758577575029,0.00758577575029,0.00758577575029,0.00758577575029,0.00758577575029,0.00758577575029,0.00758577575029,0.00758577575029,10,Z63 Z74 Z84,0.794511111111,0.0119496816461,0.794511111111,0.0119496816461
0.00758577575029,0.00758577575029,0.00758577575029,0.00758577575029,0.00758577575029,0.00758577575029,0.00758577575029,0.00758577575029,0.00758577575029,0.00758577575029,0.00758577575029,0.00758577575029,0.00758577575029,0.00758577575029,0.00758577575029,0.00758577575029,0.00758577575029,0.00758577575029,10,Z64 Z74 Z75 Z85,0.738666666667,0.0134398047787,0.738666666667,0.0134398047787
0.00758577575029,0.00758577575029,0.00758577575029,0.00758577575029,0.00758577575029,0.00758577575029,0.00758577575029,0.00758577575029,0.00758577575029,0.00758577575029,0.00758577575029,0.00758577575029,0.00758577575029,0.00758577575029,0.00758577575029,0.00758577575029,0.00758577575029,0.00758577575029,10,Z65 Z75 Z76 Z86,0.742911111111,0.0133534139975,0.742911111111,0.0133534139975
0.00758577575029,0.00758577575029,0.00758577575029,0.00758577575029,0.00758577575029,0.00758577575029,0.00758577575029,0.00758577575029,0.00758577575029,0.00758577575029,0.00758577575029,0.00758577575029,0.00758577575029,0.00758577575029,0.00758577575029,0.00758577575029,0.00758577575029,0.00758577575029,10,Z66 Z76 Z77 Z87,0.742244444444,0.0117541655886,0.742244444444,0.0117541655886
0.00758577575029,0.00758577575029,0.00758577575029,0.00758577575029,0.00758577575029,0.00758577575029,0.00758577575029,0.00758577575029,0.00758577575029,0.00758577575029,0.00758577575029,0.00758577575029,0.00758577575029,0.00758577575029,0.00758577575029,0.00758577575029,0.00758577575029,0.00758577575029,10,Z67 Z77 Z78 Z88,0.742066666667,0.0162134705832,0.742066666667,0.0162134705832
0.00758577575029,0.00758577575029,0.00758577575029,0.00758577575029,0.00758577575029,0.00758577575029,0.00758577575029,0.00758577575029,0.00758577575029,0.00758577575029,0.00758577575029,0.00758577575029,0.00758577575029,0.00758577575029,0.00758577575029,0.00758577575029,0.00758577575029,0.00758577575029,10,Z68 Z78 Z79 Z89,0.743,0.014136445114,0.743,0.014136445114
0.00758577575029,0.00758577575029,0.00758577575029,0.00758577575029,0.00758577575029,0.00758577575029,0.00758577575029,0.00758577575029,0.00758577575029,0.00758577575029,0.00758577575029,0.00758577575029,0.00758577575029,0.00758577575029,0.00758577575029,0.00758577575029,0.00758577575029,0.00758577575029,10,Z69 Z79 Z80 Z90,0.741822222222,0.0142779559301,0.741822222222,0.0142779559301
0.00758577575029,0.00758577575029,0.00758577575029,0.00758577575029,0.00758577575029,0.00758577575029,0.00758577575029,0.00758577575029,0.00758577575029,0.00758577575029,0.00758577575029,0.00758577575029,0.00758577575029,0.00758577575029,0.00758577575029,0.00758577575029,0.00758577575029,0.00758577575029,10,Z7 Z17 Z18 Z28,0.332422222222,0.0183524317103,0.332422222222,0.0183524317103
0.00758577575029,0.00758577575029,0.00758577575029,0.00758577575029,0.00758577575029,0.00758577575029,0.00758577575029,0.00758577575029,0.00758577575029,0.00758577575029,0.00758577575029,0.00758577575029,0.00758577575029,0.00758577575029,0.00758577575029,0.00758577575029,0.00758577575029,0.00758577575029,10,Z70 Z80 Z81 Z91,0.743555555556,0.0104347391118,0.743555555556,0.0104347391118
0.00758577575029,0.00758577575029,0.00758577575029,0.00758577575029,0.00758577575029,0.00758577575029,0.00758577575029,0.00758577575029,0.00758577575029,0.00758577575029,0.00758577575029,0.00758577575029,0.00758577575029,0.00758577575029,0.00758577575029,0.00758577575029,0.00758577575029,0.00758577575029,10,Z71 Z81 Z82 Z92,0.739755555556,0.0128229718832,0.739755555556,0.0128229718832
0.00758577575029,0.00758577575029,0.00758577575029,0.00758577575029,0.00758577575029,0.00758577575029,0.00758577575029,0.00758577575029,0.00758577575029,0.00758577575029,0.00758577575029,0.00758577575029,0.00758577575029,0.00758577575029,0.00758577575029,0.00758577575029,0.00758577575029,0.00758577575029,10,Z72 Z82 Z83 Z93,0.280888888889,0.0185011821789,0.280888888889,0.0185011821789
0.00758577575029,0.00758577575029,0.00758577575029,0.00758577575029,0.00758577575029,0.00758577575029,0.00758577575029,0.00758577575029,0.00758577575029,0.00758577575029,0.00758577575029,0.00758577575029,0.00758577575029,0.00758577575029,0.00758577575029,0.00758577575029,0.00758577575029,0.00758577575029,10,Z73 Z83 Z94,0.286377777778,0.0197956482182,0.286377777778,0.0197956482182
0.00758577575029,0.00758577575029,0.00758577575029,0.00758577575029,0.00758577575029,0.00758577575029,0.00758577575029,0.00758577575029,0.00758577575029,0.00758577575029,0.00758577575029,0.00758577575029,0.00758577575029,0.00758577575029,0.00758577575029,0.00758577575029,0.00758577575029,0.00758577575029,10,Z8 Z18 Z19 Z29,0.302844444444,0.0169370557347,0.302844444444,0.0169370557347
0.00758577575029,0.00758577575029,0.00758577575029,0.00758577575029,0.00758577575029,0.00758577575029,0.00758577575029,0.00758577575029,0.00758577575029,0.00758577575029,0.00758577575029,0.00758577575029,0.00758577575029,0.00758577575029,0.00758577575029,0.00758577575029,0.00758577575029,0.00758577575029,10,Z84 Z95 Z105,0.783844444444,0.0104425937873,0.783844444444,0.0104425937873
0.00758577575029,0.00758577575029,0.00758577575029,0.00758577575029,0.00758577575029,0.00758577575029,0.00758577575029,0.00758577575029,0.00758577575029,0.00758577575029,0.00758577575029,0.00758577575029,0.00758577575029,0.00758577575029,0.00758577575029,0.00758577575029,0.00758577575029,0.00758577575029,10,Z85 Z95 Z96 Z106,0.742666666667,0.0110588810725,0.742666666667,0.0110588810725
0.00758577575029,0.00758577575029,0.00758577575029,0.00758577575029,0.00758577575029,0.00758577575029,0.00758577575029,0.00758577575029,0.00758577575029,0.00758577575029,0.00758577575029,0.00758577575029,0.00758577575029,0.00758577575029,0.00758577575029,0.00758577575029,0.00758577575029,0.00758577575029,10,Z86 Z96 Z97 Z107,0.742733333333,0.0122344279005,0.742733333333,0.0122344279005
0.00758577575029,0.00758577575029,0.00758577575029,0.00758577575029,0.00758577575029,0.00758577575029,0.00758577575029,0.00758577575029,0.00758577575029,0.00758577575029,0.00758577575029,0.00758577575029,0.00758577575029,0.00758577575029,0.00758577575029,0.00758577575029,0.00758577575029,0.00758577575029,10,Z87 Z97 Z98 Z108,0.744511111111,0.00868465566005,0.744511111111,0.00868465566005
0.00758577575029,0.00758577575029,0.00758577575029,0.00758577575029,0.00758577575029,0.00758577575029,0.00758577575029,0.00758577575029,0.00758577575029,0.00758577575029,0.00758577575029,0.00758577575029,0.00758577575029,0.00758577575029,0.00758577575029,0.00758577575029,0.00758577575029,0.00758577575029,10,Z88 Z98 Z99 Z109,0.741688888889,0.0097662070165,0.741688888889,0.0097662070165
0.00758577575029,0.00758577575029,0.00758577575029,0.00758577575029,0.00758577575029,0.00758577575029,0.00758577575029,0.00758577575029,0.00758577575029,0.00758577575029,0.00758577575029,0.00758577575029,0.00758577575029,0.00758577575029,0.00758577575029,0.00758577575029,0.00758577575029,0.00758577575029,10,Z89 Z99 Z100 Z110,0.742733333333,0.0126725334266,0.742733333333,0.0126725334266
0.00758577575029,0.00758577575029,0.00758577575029,0.00758577575029,0.00758577575029,0.00758577575029,0.00758577575029,0.00758577575029,0.00758577575029,0.00758577575029,0.00758577575029,0.00758577575029,0.00758577575029,0.00758577575029,0.00758577575029,0.00758577575029,0.00758577575029,0.00758577575029,10,Z9 Z19 Z20 Z30,0.107444444444,0.017870614878,0.107444444444,0.017870614878
0.00758577575029,0.00758577575029,0.00758577575029,0.00758577575029,0.00758577575029,0.00758577575029,0.00758577575029,0.00758577575029,0.00758577575029,0.00758577575029,0.00758577575029,0.00758577575029,0.00758577575029,0.00758577575029,0.00758577575029,0.00758577575029,0.00758577575029,0.00758577575029,10,Z90 Z100 Z101 Z111,0.741888888889,0.00975262351316,0.741888888889,0.00975262351316
0.00758577575029,0.00758577575029,0.00758577575029,0.00758577575029,0.00758577575029,0.00758577575029,0.00758577575029,0.00758577575029,0.00758577575029,0.00758577575029,0.00758577575029,0.00758577575029,0.00758577575029,0.00758577575029,0.00758577575029,0.00758577575029,0.00758577575029,0.00758577575029,10,Z91 Z101 Z102 Z112,0.741266666667,0.0111422017126,0.741266666667,0.0111422017126
0.00758577575029,0.00758577575029,0.00758577575029,0.00758577575029,0.00758577575029,0.00758577575029,0.00758577575029,0.00758577575029,0.00758577575029,0.00758577575029,0.00758577575029,0.00758577575029,0.00758577575029,0.00758577575029,0.00758577575029,0.00758577575029,0.00758577575029,0.00758577575029,10,Z92 Z102 Z103 Z113,0.740888888889,0.0135492102478,0.740888888889,0.0135492102478
0.00758577575029,0.00758577575029,0.00758577575029,0.00758577575029,0.00758577575029,0.00758577575029,0.00758577575029,0.00758577575029,0.00758577575029,0.00758577575029,0.00758577575029,0.00758577575029,0.00758577575029,0.00758577575029,0.00758577575029,0.00758577575029,0.00758577575029,0.00758577575029,10,Z93 Z103 Z104 Z114,0.269311111111,0.0165698182283,0.269311111111,0.0165698182283
0.00758577575029,0.00758577575029,0.00758577575029,0.00758577575029,0.00758577575029,0.00758577575029,0.00758577575029,0.00758577575029,0.00758577575029,0.00758577575029,0.00758577575029,0.00758577575029,0.00758577575029,0.00758577575029,0.00758577575029,0.00758577575029,0.00758577575029,0.00758577575029,10,Z94 Z104 Z115,0.2892,0.0217194935131,0.2892,0.0217194935131
