g1_x,g1_y,g1_z,IX,IY,IZ,XI,XX,XY,XZ,YI,YX,YY,YZ,ZI,ZX,ZY,ZZ,round,operator,mean,std,mean_signed,std_signed
0.0229086765277,0.0229086765277,0.0229086765277,0.0229086765277,0.0229086765277,0.0229086765277,0.0229086765277,0.0229086765277,0.0229086765277,0.0229086765277,0.0229086765277,0.0229086765277,0.0229086765277,0.0229086765277,0.0229086765277,0.0229086765277,0.0229086765277,0.0229086765277,1,Logical X,0.129022222222,0.0148790612044,0.124444444444,0.0146743275012
0.0229086765277,0.0229086765277,0.0229086765277,0.0229086765277,0.0229086765277,0.0229086765277,0.0229086765277,0.0229086765277,0.0229086765277,0.0229086765277,0.0229086765277,0.0229086765277,0.0229086765277,0.0229086765277,0.0229086765277,0.0229086765277,0.0229086765277,0.0229086765277,1,Logical Y,0.0155111111111,0.0103115206683,-0.00264444444444,0.0172095343202
0.0229086765277,0.0229086765277,0.0229086765277,0.0229086765277,0.0229086765277,0.0229086765277,0.0229086765277,0.0229086765277,0.0229086765277,0.0229086765277,0.0229086765277,0.0229086765277,0.0229086765277,0.0229086765277,0.0229086765277,0.0229086765277,0.0229086765277,0.0229086765277,1,Logical Z,0.0157555555556,0.0121200676924,-0.00146666666667,0.0153452227768
0.0229086765277,0.0229086765277,0.0229086765277,0.0229086765277,0.0229086765277,0.0229086765277,0.0229086765277,0.0229086765277,0.0229086765277,0.0229086765277,0.0229086765277,0.0229086765277,0.0229086765277,0.0229086765277,0.0229086765277,0.0229086765277,0.0229086765277,0.0229086765277,1,X0 X1 X11,0.356266666667,0.0186663382566,0.356266666667,0.0186663382566
0.0229086765277,0.0229086765277,0.0229086765277,0.0229086765277,0.0229086765277,0.0229086765277,0.0229086765277,0.0229086765277,0.0229086765277,0.0229086765277,0.0229086765277,0.0229086765277,0.0229086765277,0.0229086765277,0.0229086765277,0.0229086765277,0.0229086765277,0.0229086765277,1,X1 X2 X12,0.182244444444,0.0180144542504,0.182244444444,0.0180144542504
0.0229086765277,0.0229086765277,0.0229086765277,0.0229086765277,0.0229086765277,0.0229086765277,0.0229086765277,0.0229086765277,0.0229086765277,0.0229086765277,0.0229086765277,0.0229086765277,0.0229086765277,0.0229086765277,0.0229086765277,0.0229086765277,0.0229086765277,0.0229086765277,1,X100 X110 X111 X121,0.3266,0.0169202320573,0.3266,0.0169202320573
0.0229086765277,0.0229086765277,0.0229086765277,0.0229086765277,0.0229086765277,0.0229086765277,0.0229086765277,0.0229086765277,0.0229086765277,0.0229086765277,0.0229086765277,0.0229086765277,0.0229086765277,0.0229086765277,0.0229086765277,0.0229086765277,0.0229086765277,0.0229086765277,1,X101 X111 X112 X122,0.323044444444,0.0172106029275,0.323044444444,0.0172106029275
0.0229086765277,0.0229086765277,0.0229086765277,0.0229086765277,0.0229086765277,0.0229086765277,0.0229086765277,0.0229086765277,0.0229086765277,0.0229086765277,0.0229086765277,0.0229086765277,0.0229086765277,0.0229086765277,0.0229086765277,0.0229086765277,0.0229086765277,0.0229086765277,1,X102 X112 X113 X123,0.330822222222,0.0120327564842,0.330822222222,0.0120327564842
0.0229086765277,0.0229086765277,0.0229086765277,0.0229086765277,0.0229086765277,0.0229086765277,0.0229086765277,0.0229086765277,0.0229086765277,0.0229086765277,0.0229086765277,0.0229086765277,0.0229086765277,0.0229086765277,0.0229086765277,0.0229086765277,0.0229086765277,0.0229086765277,1,X103 X113 X114 X124,0.326355555556,0.0193303472393,0.326355555556,0.0193303472393
0.0229086765277,0.0229086765277,0.0229086765277,0.0229086765277,0.0229086765277,0.0229086765277,0.0229086765277,0.0229086765277,0.0229086765277,0.0229086765277,0.0229086765277,0.0229086765277,0.0229086765277,0.0229086765277,0.0229086765277,0.0229086765277,0.0229086765277,0.0229086765277,1,X104 X114 X115 X125,0.0130222222222,0.011801335509,0.0130222222222,0.011801335509
0.0229086765277,0.0229086765277,0.0229086765277,0.0229086765277,0.0229086765277,0.0229086765277,0.0229086765277,0.0229086765277,0.0229086765277,0.0229086765277,0.0229086765277,0.0229086765277,0.0229086765277,0.0229086765277,0.0229086765277,0.0229086765277,0.0229086765277,0.0229086765277,1,X11 X21 X22 X32,0.330866666667,0.0186758187745,0.330866666667,0.0186758187745
0.0229086765277,0.0229086765277,0.0229086765277,0.0229086765277,0.0229086765277,0.0229086765277,0.0229086765277,0.0229086765277,0.0229086765277,0.0229086765277,0.0229086765277,0.0229086765277,0.0229086765277,0.0229086765277,0.0229086765277,0.0229086765277,0.0229086765277,0.0229086765277,1,X116 X126 X127 X137,0.3302,0.0169209566499,0.3302,0.0169209566499
0.0229086765277,0.0229086765277,0.0229086765277,0.0229086765277,0.0229086765277,0.0229086765277,0.0229086765277,0.0229086765277,0.0229086765277,0.0229086765277,0.0229086765277,0.0229086765277,0.0229086765277,0.0229086765277,0.0229086765277,0.0229086765277,0.0229086765277,0.0229086765277,1,X117 X127 X128 X138,0.324822222222,0.017806695829,0.324822222222,0.017806695829
0.0229086765277,0.0229086765277,0.0229086765277,0.0229086765277,0.0229086765277,0.0229086765277,0.0229086765277,0.0229086765277,0.0229086765277,0.0229086765277,0.0229086765277,0.0229086765277,0.0229086765277,0.0229086765277,0.0229086765277,0.0229086765277,0.0229086765277,0.0229086765277,1,X118 X128 X129 X139,0.3274,0.0163948875313,0.3274,0.0163948875313
0.0229086765277,0.0229086765277,0.0229086765277,0.0229086765277,0.0229086765277,0.0229086765277,0.0229086765277,0.0229086765277,0.0229086765277,0.0229086765277,0.0229086765277,0.0229086765277,0.0229086765277,0.0229086765277,0.0229086765277,0.0229086765277,0.0229086765277,0.0229086765277,1,X119 X129 X130 X140,0.3278,0.0163366405284,0.3278,0.0163366405284
0.0229086765277,0.0229086765277,0.0229086765277,0.0229086765277,0.0229086765277,0.0229086765277,0.0229086765277,0.0229086765277,0.0229086765277,0.0229086765277,0.0229086765277,0.0229086765277,0.0229086765277,0.0229086765277,0.0229086765277,0.0229086765277,0.0229086765277,0.0229086765277,1,X12 X22 X23 X33,0.324066666667,0.0231081747324,0.324066666667,0.0231081747324
0.0229086765277,0.0229086765277,0.0229086765277,0.0229086765277,0.0229086765277,0.0229086765277,0.0229086765277,0.0229086765277,0.0229086765277,0.0229086765277,0.0229086765277,0.0229086765277,0.0229086765277,0.0229086765277,0.0229086765277,0.0229086765277,0.0229086765277,0.0229086765277,1,X120 X130 X131 X141,0.327333333333,0.0152847807008,0.327333333333,0.0152847807008
0.0229086765277,0.0229086765277,0.0229086765277,0.0229086765277,0.0229086765277,0.0229086765277,0.0229086765277,0.0229086765277,0.0229086765277,0.0229086765277,0.0229086765277,0.0229086765277,0.0229086765277,0.0229086765277,0.0229086765277,0.0229086765277,0.0229086765277,0.0229086765277,1,X121 X131 X132 X142,0.325666666667,0.0154083621622,0.325666666667,0.0154083621622
0.0229086765277,0.0229086765277,0.0229086765277,0.0229086765277,0.0229086765277,0.0229086765277,0.0229086765277,0.0229086765277,0.0229086765277,0.0229086765277,0.0229086765277,0.0229086765277,0.0229086765277,0.0229086765277,0.0229086765277,0.0229086765277,0.0229086765277,0.0229086765277,1,X122 X132 X133 X143,0.328888888889,0.0130161506906,0.328888888889,0.0130161506906
0.0229086765277,0.0229086765277,0.0229086765277,0.0229086765277,0.0229086765277,0.0229086765277,0.0229086765277,0.0229086765277,0.0229086765277,0.0229086765277,0.0229086765277,0.0229086765277,0.0229086765277,0.0229086765277,0.0229086765277,0.0229086765277,0.0229086765277,0.0229086765277,1,X123 X133 X134 X144,0.332577777778,0.0157107312163,0.332577777778,0.0157107312163
0.0229086765277,0.0229086765277,0.0229086765277,0.0229086765277,0.0229086765277,0.0229086765277,0.0229086765277,0.0229086765277,0.0229086765277,0.0229086765277,0.0229086765277,0.0229086765277,0.0229086765277,0.0229086765277,0.0229086765277,0.0229086765277,0.0229086765277,0.0229086765277,1,X124 X134 X135 X145,0.331111111111,0.0186036154632,0.331111111111,0.0186036154632
0.0229086765277,0.0229086765277,0.0229086765277,0.0229086765277,0.0229086765277,0.0229086765277,0.0229086765277,0.0229086765277,0.0229086765277,0.0229086765277,0.0229086765277,0.0229086765277,0.0229086765277,0.0229086765277,0.0229086765277,0.0229086765277,0.0229086765277,0.0229086765277,1,X125 X135 X136 X146,0.0113777777778,0.0102174568269,0.0113777777778,0.0102174568269
0.0229086765277,0.0229086765277,0.0229086765277,0.0229086765277,0.0229086765277,0.0229086765277,0.0229086765277,0.0229086765277,0.0229086765277,0.0229086765277,0.0229086765277,0.0229086765277,0.0229086765277,0.0229086765277,0.0229086765277,0.0229086765277,0.0229086765277,0.0229086765277,1,X13 X23 X24 X34,0.324066666667,0.0177719482779,0.324066666667,0.0177719482779
0.0229086765277,0.0229086765277,0.0229086765277,0.0229086765277,0.0229086765277,0.0229086765277,0.0229086765277,0.0229086765277,0.0229086765277,0.0229086765277,0.0229086765277,0.0229086765277,0.0229086765277,0.0229086765277,0.0229086765277,0.0229086765277,0.0229086765277,0.0229086765277,1,X137 X147 X148 X158,0.3266,0.0164750827764,0.3266,0.0164750827764
0.0229086765277,0.0229086765277,0.0229086765277,0.0229086765277,0.0229086765277,0.0229086765277,0.0229086765277,0.0229086765277,0.0229086765277,0.0229086765277,0.0229086765277,0.0229086765277,0.0229086765277,0.0229086765277,0.0229086765277,0.0229086765277,0.0229086765277,0.0229086765277,1,X138 X148 X149 X159,0.325177777778,0.0168906179796,0.325177777778,0.0168906179796
0.0229086765277,0.0229086765277,0.0229086765277,0.0229086765277,0.0229086765277,0.0229086765277,0.0229086765277,0.0229086765277,0.0229086765277,0.0229086765277,0.0229086765277,0.0229086765277,0.0229086765277,0.0229086765277,0.0229086765277,0.0229086765277,0.0229086765277,0.0229086765277,1,X139 X149 X150 X160,0.327422222222,0.0177921015093,0.327422222222,0.0177921015093
0.0229086765277,0.0229086765277,0.0229086765277,0.0229086765277,0.0229086765277,0.0229086765277,0.0229086765277,0.0229086765277,0.0229086765277,0.0229086765277,0.0229086765277,0.0229086765277,0.0229086765277,0.0229086765277,0.0229086765277,0.0229086765277,0.0229086765277,0.0229086765277,1,X14 X24 X25 X35,0.329977777778,0.01821917085,0.329977777778,0.01821917085
0.0229086765277,0.0229086765277,0.0229086765277,0.0229086765277,0.0229086765277,0.0229086765277,0.0229086765277,0.0229086765277,0.0229086765277,0.0229086765277,0.0229086765277,0.0229086765277,0.0229086765277,0.0229086765277,0.0229086765277,0.0229086765277,0.0229086765277,0.0229086765277,1,X140 X150 X151 X161,0.328355555556,0.0166880169763,0.328355555556,0.0166880169763
0.0229086765277,0.0229086765277,0.0229086765277,0.0229086765277,0.0229086765277,0.0229086765277,0.0229086765277,0.0229086765277,0.0229086765277,0.0229086765277,0.0229086765277,0.0229086765277,0.0229086765277,0.0229086765277,0.0229086765277,0.0229086765277,0.0229086765277,0.0229086765277,1,X141 X151 X152 X162,0.3258,0.0160078046099,0.3258,0.0160078046099
0.0229086765277,0.0229086765277,0.0229086765277,0.0229086765277,0.0229086765277,0.0229086765277,0.0229086765277,0.0229086765277,0.0229086765277,0.0229086765277,0.0229086765277,0.0229086765277,0.0229086765277,0.0229086765277,0.0229086765277,0.0229086765277,0.0229086765277,0.0229086765277,1,X142 X152 X153 X163,0.330777777778,0.0128833057005,0.330777777778,0.0128833057005
0.0229086765277,0.0229086765277,0.0229086765277,0.0229086765277,0.0229086765277,0.0229086765277,0.0229086765277,0.0229086765277,0.0229086765277,0.0229086765277,0.0229086765277,0.0229086765277,0.0229086765277,0.0229086765277,0.0229086765277,0.0229086765277,0.0229086765277,0.0229086765277,1,X143 X153 X154 X164,0.324488888889,0.0179406713469,0.324488888889,0.0179406713469
0.0229086765277,0.0229086765277,0.0229086765277,0.0229086765277,0.0229086765277,0.0229086765277,0.0229086765277,0.0229086765277,0.0229086765277,0.0229086765277,0.0229086765277,0.0229086765277,0.0229086765277,0.0229086765277,0.0229086765277,0.0229086765277,0.0229086765277,0.0229086765277,1,X144 X154 X155 X165,0.325244444444,0.0191519300336,0.325244444444,0.0191519300336
0.0229086765277,0.0229086765277,0.0229086765277,0.0229086765277,0.0229086765277,0.0229086765277,0.0229086765277,0.0229086765277,0.0229086765277,0.0229086765277,0.0229086765277,0.0229086765277,0.0229086765277,0.0229086765277,0.0229086765277,0.0229086765277,0.0229086765277,0.0229086765277,1,X145 X155 X156 X166,0.329488888889,0.0174089274084,0.329488888889,0.0174089274084
0.0229086765277,0.0229086765277,0.0229086765277,0.0229086765277,0.0229086765277,0.0229086765277,0.0229086765277,0.0229086765277,0.0229086765277,0.0229086765277,0.0229086765277,0.0229086765277,0.0229086765277,0.0229086765277,0.0229086765277,0.0229086765277,0.0229086765277,0.0229086765277,1,X146 X156 X157 X167,0.0152888888889,0.0127166989299,0.0152888888889,0.0127166989299
0.0229086765277,0.0229086765277,0.0229086765277,0.0229086765277,0.0229086765277,0.0229086765277,0.0229086765277,0.0229086765277,0.0229086765277,0.0229086765277,0.0229086765277,0.0229086765277,0.0229086765277,0.0229086765277,0.0229086765277,0.0229086765277,0.0229086765277,0.0229086765277,1,X15 X25 X26 X36,0.332444444444,0.0139669377894,0.332444444444,0.0139669377894
0.0229086765277,0.0229086765277,0.0229086765277,0.0229086765277,0.0229086765277,0.0229086765277,0.0229086765277,0.0229086765277,0.0229086765277,0.0229086765277,0.0229086765277,0.0229086765277,0.0229086765277,0.0229086765277,0.0229086765277,0.0229086765277,0.0229086765277,0.0229086765277,1,X158 X168 X169 X179,0.325977777778,0.0171274092655,0.325977777778,0.0171274092655
0.0229086765277,0.0229086765277,0.0229086765277,0.0229086765277,0.0229086765277,0.0229086765277,0.0229086765277,0.0229086765277,0.0229086765277,0.0229086765277,0.0229086765277,0.0229086765277,0.0229086765277,0.0229086765277,0.0229086765277,0.0229086765277,0.0229086765277,0.0229086765277,1,X159 X169 X170 X180,0.330377777778,0.0152453078852,0.330377777778,0.0152453078852
0.0229086765277,0.0229086765277,0.0229086765277,0.0229086765277,0.0229086765277,0.0229086765277,0.0229086765277,0.0229086765277,0.0229086765277,0.0229086765277,0.0229086765277,0.0229086765277,0.0229086765277,0.0229086765277,0.0229086765277,0.0229086765277,0.0229086765277,0.0229086765277,1,X16 X26 X27 X37,0.327266666667,0.0195288174922,0.327266666667,0.0195288174922
0.0229086765277,0.0229086765277,0.0229086765277,0.0229086765277,0.0229086765277,0.0229086765277,0.0229086765277,0.0229086765277,0.0229086765277,0.0229086765277,0.0229086765277,0.0229086765277,0.0229086765277,0.0229086765277,0.0229086765277,0.0229086765277,0.0229086765277,0.0229086765277,1,X160 X170 X171 X181,0.326755555556,0.0165459845306,0.326755555556,0.0165459845306
0.0229086765277,0.0229086765277,0.0229086765277,0.0229086765277,0.0229086765277,0.0229086765277,0.0229086765277,0.0229086765277,0.0229086765277,0.0229086765277,0.0229086765277,0.0229086765277,0.0229086765277,0.0229086765277,0.0229086765277,0.0229086765277,0.0229086765277,0.0229086765277,1,X161 X171 X172 X182,0.3302,0.0176445534996,0.3302,0.0176445534996
0.0229086765277,0.0229086765277,0.0229086765277,0.0229086765277,0.0229086765277,0.0229086765277,0.0229086765277,0.0229086765277,0.0229086765277,0.0229086765277,0.0229086765277,0.0229086765277,0.0229086765277,0.0229086765277,0.0229086765277,0.0229086765277,0.0229086765277,0.0229086765277,1,X162 X172 X173 X183,0.3264,0.0157534646192,0.3264,0.0157534646192
0.0229086765277,0.0229086765277,0.0229086765277,0.0229086765277,0.0229086765277,0.0229086765277,0.0229086765277,0.0229086765277,0.0229086765277,0.0229086765277,0.0229086765277,0.0229086765277,0.0229086765277,0.0229086765277,0.0229086765277,0.0229086765277,0.0229086765277,0.0229086765277,1,X163 X173 X174 X184,0.3332,0.0175760198878,0.3332,0.0175760198878
0.0229086765277,0.0229086765277,0.0229086765277,0.0229086765277,0.0229086765277,0.0229086765277,0.0229086765277,0.0229086765277,0.0229086765277,0.0229086765277,0.0229086765277,0.0229086765277,0.0229086765277,0.0229086765277,0.0229086765277,0.0229086765277,0.0229086765277,0.0229086765277,1,X164 X174 X175 X185,0.328955555556,0.0169232509882,0.328955555556,0.0169232509882
0.0229086765277,0.0229086765277,0.0229086765277,0.0229086765277,0.0229086765277,0.0229086765277,0.0229086765277,0.0229086765277,0.0229086765277,0.0229086765277,0.0229086765277,0.0229086765277,0.0229086765277,0.0229086765277,0.0229086765277,0.0229086765277,0.0229086765277,0.0229086765277,1,X165 X175 X176 X186,0.328466666667,0.0155670838508,0.328466666667,0.0155670838508
0.0229086765277,0.0229086765277,0.0229086765277,0.0229086765277,0.0229086765277,0.0229086765277,0.0229086765277,0.0229086765277,0.0229086765277,0.0229086765277,0.0229086765277,0.0229086765277,0.0229086765277,0.0229086765277,0.0229086765277,0.0229086765277,0.0229086765277,0.0229086765277,1,X166 X176 X177 X187,0.330777777778,0.0192312671121,0.330777777778,0.0192312671121
0.0229086765277,0.0229086765277,0.0229086765277,0.0229086765277,0.0229086765277,0.0229086765277,0.0229086765277,0.0229086765277,0.0229086765277,0.0229086765277,0.0229086765277,0.0229086765277,0.0229086765277,0.0229086765277,0.0229086765277,0.0229086765277,0.0229086765277,0.0229086765277,1,X167 X177 X178 X188,0.0160444444444,0.0124671932194,0.0160444444444,0.0124671932194
0.0229086765277,0.0229086765277,0.0229086765277,0.0229086765277,0.0229086765277,0.0229086765277,0.0229086765277,0.0229086765277,0.0229086765277,0.0229086765277,0.0229086765277,0.0229086765277,0.0229086765277,0.0229086765277,0.0229086765277,0.0229086765277,0.0229086765277,0.0229086765277,1,X17 X27 X28 X38,0.332422222222,0.0185021347703,0.332422222222,0.0185021347703
0.0229086765277,0.0229086765277,0.0229086765277,0.0229086765277,0.0229086765277,0.0229086765277,0.0229086765277,0.0229086765277,0.0229086765277,0.0229086765277,0.0229086765277,0.0229086765277,0.0229086765277,0.0229086765277,0.0229086765277,0.0229086765277,0.0229086765277,0.0229086765277,1,X179 X189 X190 X200,0.3324,0.0163530024661,0.3324,0.0163530024661
0.0229086765277,0.0229086765277,0.0229086765277,0.0229086765277,0.0229086765277,0.0229086765277,0.0229086765277,0.0229086765277,0.0229086765277,0.0229086765277,0.0229086765277,0.0229086765277,0.0229086765277,0.0229086765277,0.0229086765277,0.0229086765277,0.0229086765277,0.0229086765277,1,X18 X28 X29 X39,0.325466666667,0.015659597329,0.325466666667,0.015659597329
0.0229086765277,0.0229086765277,0.0229086765277,0.0229086765277,0.0229086765277,0.0229086765277,0.0229086765277,0.0229086765277,0.0229086765277,0.0229086765277,0.0229086765277,0.0229086765277,0.0229086765277,0.0229086765277,0.0229086765277,0.0229086765277,0.0229086765277,0.0229086765277,1,X180 X190 X191 X201,0.333866666667,0.0154109977151,0.333866666667,0.0154109977151
0.0229086765277,0.0229086765277,0.0229086765277,0.0229086765277,0.0229086765277,0.0229086765277,0.0229086765277,0.0229086765277,0.0229086765277,0.0229086765277,0.0229086765277,0.0229086765277,0.0229086765277,0.0229086765277,0.0229086765277,0.0229086765277,0.0229086765277,0.0229086765277,1,X181 X191 X192 X202,0.320733333333,0.019270488425,0.320733333333,0.019270488425
0.0229086765277,0.0229086765277,0.0229086765277,0.0229086765277,0.0229086765277,0.0229086765277,0.0229086765277,0.0229086765277,0.0229086765277,0.0229086765277,0.0229086765277,0.0229086765277,0.0229086765277,0.0229086765277,0.0229086765277,0.0229086765277,0.0229086765277,0.0229086765277,1,X182 X192 X193 X203,0.329844444444,0.0125514216909,0.329844444444,0.0125514216909
0.0229086765277,0.0229086765277,0.0229086765277,0.0229086765277,0.0229086765277,0.0229086765277,0.0229086765277,0.0229086765277,0.0229086765277,0.0229086765277,0.0229086765277,0.0229086765277,0.0229086765277,0.0229086765277,0.0229086765277,0.0229086765277,0.0229086765277,0.0229086765277,1,X183 X193 X194 X204,0.327244444444,0.0184633702467,0.327244444444,0.0184633702467
0.0229086765277,0.0229086765277,0.0229086765277,0.0229086765277,0.0229086765277,0.0229086765277,0.0229086765277,0.0229086765277,0.0229086765277,0.0229086765277,0.0229086765277,0.0229086765277,0.0229086765277,0.0229086765277,0.0229086765277,0.0229086765277,0.0229086765277,0.0229086765277,1,X184 X194 X195 X205,0.329311111111,0.0124050210244,0.329311111111,0.0124050210244
0.0229086765277,0.0229086765277,0.0229086765277,0.0229086765277,0.0229086765277,0.0229086765277,0.0229086765277,0.0229086765277,0.0229086765277,0.0229086765277,0.0229086765277,0.0229086765277,0.0229086765277,0.0229086765277,0.0229086765277,0.0229086765277,0.0229086765277,0.0229086765277,1,X185 X195 X196 X206,0.330688888889,0.0156400932211,0.330688888889,0.0156400932211
0.0229086765277,0.0229086765277,0.0229086765277,0.0229086765277,0.0229086765277,0.0229086765277,0.0229086765277,0.0229086765277,0.0229086765277,0.0229086765277,0.0229086765277,0.0229086765277,0.0229086765277,0.0229086765277,0.0229086765277,0.0229086765277,0.0229086765277,0.0229086765277,1,X186 X196 X197 X207,0.326422222222,0.0195540185742,0.326422222222,0.0195540185742
0.0229086765277,0.0229086765277,0.0229086765277,0.0229086765277,0.0229086765277,0.0229086765277,0.0229086765277,0.0229086765277,0.0229086765277,0.0229086765277,0.0229086765277,0.0229086765277,0.0229086765277,0.0229086765277,0.0229086765277,0.0229086765277,0.0229086765277,0.0229086765277,1,X187 X197 X198 X208,0.326622222222,0.0143058365854,0.326622222222,0.0143058365854
0.0229086765277,0.0229086765277,0.0229086765277,0.0229086765277,0.0229086765277,0.0229086765277,0.0229086765277,0.0229086765277,0.0229086765277,0.0229086765277,0.0229086765277,0.0229086765277,0.0229086765277,0.0229086765277,0.0229086765277,0.0229086765277,0.0229086765277,0.0229086765277,1,X188 X198 X199 X209,0.0179333333333,0.0106225380289,0.0179333333333,0.0106225380289
0.0229086765277,0.0229086765277,0.0229086765277,0.0229086765277,0.0229086765277,0.0229086765277,0.0229086765277,0.0229086765277,0.0229086765277,0.0229086765277,0.0229086765277,0.0229086765277,0.0229086765277,0.0229086765277,0.0229086765277,0.0229086765277,0.0229086765277,0.0229086765277,1,X19 X29 X30 X40,0.324644444444,0.0172788563313,0.324644444444,0.0172788563313
0.0229086765277,0.0229086765277,0.0229086765277,0.0229086765277,0.0229086765277,0.0229086765277,0.0229086765277,0.0229086765277,0.0229086765277,0.0229086765277,0.0229086765277,0.0229086765277,0.0229086765277,0.0229086765277,0.0229086765277,0.0229086765277,0.0229086765277,0.0229086765277,1,X2 X3 X13,0.0909333333333,0.0239722700594,0.0909333333333,0.0239722700594
0.0229086765277,0.0229086765277,0.0229086765277,0.0229086765277,0.0229086765277,0.0229086765277,0.0229086765277,0.0229086765277,0.0229086765277,0.0229086765277,0.0229086765277,0.0229086765277,0.0229086765277,0.0229086765277,0.0229086765277,0.0229086765277,0.0229086765277,0.0229086765277,1,X20 X30 X31 X41,0.0138666666667,0.0111532686823,0.0138666666667,0.0111532686823
0.0229086765277,0.0229086765277,0.0229086765277,0.0229086765277,0.0229086765277,0.0229086765277,0.0229086765277,0.0229086765277,0.0229086765277,0.0229086765277,0.0229086765277,0.0229086765277,0.0229086765277,0.0229086765277,0.0229086765277,0.0229086765277,0.0229086765277,0.0229086765277,1,X200 X210 X211,0.378333333333,0.0204686471766,0.378333333333,0.0204686471766
0.0229086765277,0.0229086765277,0.0229086765277,0.0229086765277,0.0229086765277,0.0229086765277,0.0229086765277,0.0229086765277,0.0229086765277,0.0229086765277,0.0229086765277,0.0229086765277,0.0229086765277,0.0229086765277,0.0229086765277,0.0229086765277,0.0229086765277,0.0229086765277,1,X201 X211 X212,0.390266666667,0.0180680705227,0.390266666667,0.0180680705227
0.0229086765277,0.0229086765277,0.0229086765277,0.0229086765277,0.0229086765277,0.0229086765277,0.0229086765277,0.0229086765277,0.0229086765277,0.0229086765277,0.0229086765277,0.0229086765277,0.0229086765277,0.0229086765277,0.0229086765277,0.0229086765277,0.0229086765277,0.0229086765277,1,X202 X212 X213,0.391755555556,0.0159803359368,0.391755555556,0.0159803359368
0.0229086765277,0.0229086765277,0.0229086765277,0.0229086765277,0.0229086765277,0.0229086765277,0.0229086765277,0.0229086765277,0.0229086765277,0.0229086765277,0.0229086765277,0.0229086765277,0.0229086765277,0.0229086765277,0.0229086765277,0.0229086765277,0.0229086765277,0.0229086765277,1,X203 X213 X214,0.386577777778,0.0166134629737,0.386577777778,0.0166134629737
0.0229086765277,0.0229086765277,0.0229086765277,0.0229086765277,0.0229086765277,0.0229086765277,0.0229086765277,0.0229086765277,0.0229086765277,0.0229086765277,0.0229086765277,0.0229086765277,0.0229086765277,0.0229086765277,0.0229086765277,0.0229086765277,0.0229086765277,0.0229086765277,1,X204 X214 X215,0.390666666667,0.0173129854041,0.390666666667,0.0173129854041
0.0229086765277,0.0229086765277,0.0229086765277,0.0229086765277,0.0229086765277,0.0229086765277,0.0229086765277,0.0229086765277,0.0229086765277,0.0229086765277,0.0229086765277,0.0229086765277,0.0229086765277,0.0229086765277,0.0229086765277,0.0229086765277,0.0229086765277,0.0229086765277,1,X205 X215 X216,0.387711111111,0.0151586080228,0.387711111111,0.0151586080228
0.0229086765277,0.0229086765277,0.0229086765277,0.0229086765277,0.0229086765277,0.0229086765277,0.0229086765277,0.0229086765277,0.0229086765277,0.0229086765277,0.0229086765277,0.0229086765277,0.0229086765277,0.0229086765277,0.0229086765277,0.0229086765277,0.0229086765277,0.0229086765277,1,X206 X216 X217,0.389133333333,0.0199955167389,0.389133333333,0.0199955167389
0.0229086765277,0.0229086765277,0.0229086765277,0.0229086765277,0.0229086765277,0.0229086765277,0.0229086765277,0.0229086765277,0.0229086765277,0.0229086765277,0.0229086765277,0.0229086765277,0.0229086765277,0.0229086765277,0.0229086765277,0.0229086765277,0.0229086765277,0.0229086765277,1,X207 X217 X218,0.3896,0.0143717475081,0.3896,0.0143717475081
0.0229086765277,0.0229086765277,0.0229086765277,0.0229086765277,0.0229086765277,0.0229086765277,0.0229086765277,0.0229086765277,0.0229086765277,0.0229086765277,0.0229086765277,0.0229086765277,0.0229086765277,0.0229086765277,0.0229086765277,0.0229086765277,0.0229086765277,0.0229086765277,1,X208 X218 X219,0.389377777778,0.0176156786081,0.389377777778,0.0176156786081
0.0229086765277,0.0229086765277,0.0229086765277,0.0229086765277,0.0229086765277,0.0229086765277,0.0229086765277,0.0229086765277,0.0229086765277,0.0229086765277,0.0229086765277,0.0229086765277,0.0229086765277,0.0229086765277,0.0229086765277,0.0229086765277,0.0229086765277,0.0229086765277,1,X209 X219 X220,0.0124222222222,0.00827215860089,0.0124222222222,0.00827215860089
0.0229086765277,0.0229086765277,0.0229086765277,0.0229086765277,0.0229086765277,0.0229086765277,0.0229086765277,0.0229086765277,0.0229086765277,0.0229086765277,0.0229086765277,0.0229086765277,0.0229086765277,0.0229086765277,0.0229086765277,0.0229086765277,0.0229086765277,0.0229086765277,1,X3 X4 X14,0.0430888888889,0.016761096475,0.0430888888889,0.016761096475
0.0229086765277,0.0229086765277,0.0229086765277,0.0229086765277,0.0229086765277,0.0229086765277,0.0229086765277,0.0229086765277,0.0229086765277,0.0229086765277,0.0229086765277,0.0229086765277,0.0229086765277,0.0229086765277,0.0229086765277,0.0229086765277,0.0229086765277,0.0229086765277,1,X32 X42 X43 X53,0.326622222222,0.0145585706567,0.326622222222,0.0145585706567
0.0229086765277,0.0229086765277,0.0229086765277,0.0229086765277,0.0229086765277,0.0229086765277,0.0229086765277,0.0229086765277,0.0229086765277,0.0229086765277,0.0229086765277,0.0229086765277,0.0229086765277,0.0229086765277,0.0229086765277,0.0229086765277,0.0229086765277,0.0229086765277,1,X33 X43 X44 X54,0.3286,0.0218432942093,0.3286,0.0218432942093
0.0229086765277,0.0229086765277,0.0229086765277,0.0229086765277,0.0229086765277,0.0229086765277,0.0229086765277,0.0229086765277,0.0229086765277,0.0229086765277,0.0229086765277,0.0229086765277,0.0229086765277,0.0229086765277,0.0229086765277,0.0229086765277,0.0229086765277,0.0229086765277,1,X34 X44 X45 X55,0.326044444444,0.0154790015551,0.326044444444,0.0154790015551
0.0229086765277,0.0229086765277,0.0229086765277,0.0229086765277,0.0229086765277,0.0229086765277,0.0229086765277,0.0229086765277,0.0229086765277,0.0229086765277,0.0229086765277,0.0229086765277,0.0229086765277,0.0229086765277,0.0229086765277,0.0229086765277,0.0229086765277,0.0229086765277,1,X35 X45 X46 X56,0.330066666667,0.0165687699583,0.330066666667,0.0165687699583
0.0229086765277,0.0229086765277,0.0229086765277,0.0229086765277,0.0229086765277,0.0229086765277,0.0229086765277,0.0229086765277,0.0229086765277,0.0229086765277,0.0229086765277,0.0229086765277,0.0229086765277,0.0229086765277,0.0229086765277,0.0229086765277,0.0229086765277,0.0229086765277,1,X36 X46 X47 X57,0.331,0.0165663648531,0.331,0.0165663648531
0.0229086765277,0.0229086765277,0.0229086765277,0.0229086765277,0.0229086765277,0.0229086765277,0.0229086765277,0.0229086765277,0.0229086765277,0.0229086765277,0.0229086765277,0.0229086765277,0.0229086765277,0.0229086765277,0.0229086765277,0.0229086765277,0.0229086765277,0.0229086765277,1,X37 X47 X48 X58,0.332844444444,0.0164001059088,0.332844444444,0.0164001059088
0.0229086765277,0.0229086765277,0.0229086765277,0.0229086765277,0.0229086765277,0.0229086765277,0.0229086765277,0.0229086765277,0.0229086765277,0.0229086765277,0.0229086765277,0.0229086765277,0.0229086765277,0.0229086765277,0.0229086765277,0.0229086765277,0.0229086765277,0.0229086765277,1,X38 X48 X49 X59,0.329533333333,0.0145787858263,0.329533333333,0.0145787858263
0.0229086765277,0.0229086765277,0.0229086765277,0.0229086765277,0.0229086765277,0.0229086765277,0.0229086765277,0.0229086765277,0.0229086765277,0.0229086765277,0.0229086765277,0.0229086765277,0.0229086765277,0.0229086765277,0.0229086765277,0.0229086765277,0.0229086765277,0.0229086765277,1,X39 X49 X50 X60,0.328155555556,0.0181797608264,0.328155555556,0.0181797608264
0.0229086765277,0.0229086765277,0.0229086765277,0.0229086765277,0.0229086765277,0.0229086765277,0.0229086765277,0.0229086765277,0.0229086765277,0.0229086765277,0.0229086765277,0.0229086765277,0.0229086765277,0.0229086765277,0.0229086765277,0.0229086765277,0.0229086765277,0.0229086765277,1,X4 X5 X15,0.0245555555556,0.0163899635988,0.0245555555556,0.0163899635988
0.0229086765277,0.0229086765277,0.0229086765277,0.0229086765277,0.0229086765277,0.0229086765277,0.0229086765277,0.0229086765277,0.0229086765277,0.0229086765277,0.0229086765277,0.0229086765277,0.0229086765277,0.0229086765277,0.0229086765277,0.0229086765277,0.0229086765277,0.0229086765277,1,X40 X50 X51 X61,0.327777777778,0.0161547434011,0.327777777778,0.0161547434011
0.0229086765277,0.0229086765277,0.0229086765277,0.0229086765277,0.0229086765277,0.0229086765277,0.0229086765277,0.0229086765277,0.0229086765277,0.0229086765277,0.0229086765277,0.0229086765277,0.0229086765277,0.0229086765277,0.0229086765277,0.0229086765277,0.0229086765277,0.0229086765277,1,X41 X51 X52 X62,0.0120666666667,0.00747378560466,0.0120666666667,0.00747378560466
0.0229086765277,0.0229086765277,0.0229086765277,0.0229086765277,0.0229086765277,0.0229086765277,0.0229086765277,0.0229086765277,0.0229086765277,0.0229086765277,0.0229086765277,0.0229086765277,0.0229086765277,0.0229086765277,0.0229086765277,0.0229086765277,0.0229086765277,0.0229086765277,1,X5 X6 X16,0.0167333333333,0.0126277077822,0.0167333333333,0.0126277077822
0.0229086765277,0.0229086765277,0.0229086765277,0.0229086765277,0.0229086765277,0.0229086765277,0.0229086765277,0.0229086765277,0.0229086765277,0.0229086765277,0.0229086765277,0.0229086765277,0.0229086765277,0.0229086765277,0.0229086765277,0.0229086765277,0.0229086765277,0.0229086765277,1,X53 X63 X64 X74,0.335955555556,0.015725551683,0.335955555556,0.015725551683
0.0229086765277,0.0229086765277,0.0229086765277,0.0229086765277,0.0229086765277,0.0229086765277,0.0229086765277,0.0229086765277,0.0229086765277,0.0229086765277,0.0229086765277,0.0229086765277,0.0229086765277,0.0229086765277,0.0229086765277,0.0229086765277,0.0229086765277,0.0229086765277,1,X54 X64 X65 X75,0.327955555556,0.0176243764778,0.327955555556,0.0176243764778
0.0229086765277,0.0229086765277,0.0229086765277,0.0229086765277,0.0229086765277,0.0229086765277,0.0229086765277,0.0229086765277,0.0229086765277,0.0229086765277,0.0229086765277,0.0229086765277,0.0229086765277,0.0229086765277,0.0229086765277,0.0229086765277,0.0229086765277,0.0229086765277,1,X55 X65 X66 X76,0.332511111111,0.016047518836,0.332511111111,0.016047518836
0.0229086765277,0.0229086765277,0.0229086765277,0.0229086765277,0.0229086765277,0.0229086765277,0.0229086765277,0.0229086765277,0.0229086765277,0.0229086765277,0.0229086765277,0.0229086765277,0.0229086765277,0.0229086765277,0.0229086765277,0.0229086765277,0.0229086765277,0.0229086765277,1,X56 X66 X67 X77,0.330688888889,0.0141934994924,0.330688888889,0.0141934994924
0.0229086765277,0.0229086765277,0.0229086765277,0.0229086765277,0.0229086765277,0.0229086765277,0.0229086765277,0.0229086765277,0.0229086765277,0.0229086765277,0.0229086765277,0.0229086765277,0.0229086765277,0.0229086765277,0.0229086765277,0.0229086765277,0.0229086765277,0.0229086765277,1,X57 X67 X68 X78,0.326333333333,0.0161342547471,0.326333333333,0.0161342547471
0.0229086765277,0.0229086765277,0.0229086765277,0.0229086765277,0.0229086765277,0.0229086765277,0.0229086765277,0.0229086765277,0.0229086765277,0.0229086765277,0.0229086765277,0.0229086765277,0.0229086765277,0.0229086765277,0.0229086765277,0.0229086765277,0.0229086765277,0.0229086765277,1,X58 X68 X69 X79,0.326377777778,0.014751773277,0.326377777778,0.014751773277
0.0229086765277,0.0229086765277,0.0229086765277,0.0229086765277,0.0229086765277,0.0229086765277,0.0229086765277,0.0229086765277,0.0229086765277,0.0229086765277,0.0229086765277,0.0229086765277,0.0229086765277,0.0229086765277,0.0229086765277,0.0229086765277,0.0229086765277,0.0229086765277,1,X59 X69 X70 X80,0.328,0.015028963098,0.328,0.015028963098
0.0229086765277,0.0229086765277,0.0229086765277,0.0229086765277,0.0229086765277,0.0229086765277,0.0229086765277,0.0229086765277,0.0229086765277,0.0229086765277,0.0229086765277,0.0229086765277,0.0229086765277,0.0229086765277,0.0229086765277,0.0229086765277,0.0229086765277,0.0229086765277,1,X6 X7 X17,0.0162666666667,0.0110624836299,0.0162666666667,0.0110624836299
0.0229086765277,0.0229086765277,0.0229086765277,0.0229086765277,0.0229086765277,0.0229086765277,0.0229086765277,0.0229086765277,0.0229086765277,0.0229086765277,0.0229086765277,0.0229086765277,0.0229086765277,0.0229086765277,0.0229086765277,0.0229086765277,0.0229086765277,0.0229086765277,1,X60 X70 X71 X81,0.331533333333,0.0166414982379,0.331533333333,0.0166414982379
0.0229086765277,0.0229086765277,0.0229086765277,0.0229086765277,0.0229086765277,0.0229086765277,0.0229086765277,0.0229086765277,0.0229086765277,0.0229086765277,0.0229086765277,0.0229086765277,0.0229086765277,0.0229086765277,0.0229086765277,0.0229086765277,0.0229086765277,0.0229086765277,1,X61 X71 X72 X82,0.331777777778,0.0153041534776,0.331777777778,0.0153041534776
0.0229086765277,0.0229086765277,0.0229086765277,0.0229086765277,0.0229086765277,0.0229086765277,0.0229086765277,0.0229086765277,0.0229086765277,0.0229086765277,0.0229086765277,0.0229086765277,0.0229086765277,0.0229086765277,0.0229086765277,0.0229086765277,0.0229086765277,0.0229086765277,1,X62 X72 X73 X83,0.012,0.00993619491298,0.012,0.00993619491298
0.0229086765277,0.0229086765277,0.0229086765277,0.0229086765277,0.0229086765277,0.0229086765277,0.0229086765277,0.0229086765277,0.0229086765277,0.0229086765277,0.0229086765277,0.0229086765277,0.0229086765277,0.0229086765277,0.0229086765277,0.0229086765277,0.0229086765277,0.0229086765277,1,X7 X8 X18,0.0152666666667,0.0114086073576,0.0152666666667,0.0114086073576
0.0229086765277,0.0229086765277,0.0229086765277,0.0229086765277,0.0229086765277,0.0229086765277,0.0229086765277,0.0229086765277,0.0229086765277,0.0229086765277,0.0229086765277,0.0229086765277,0.0229086765277,0.0229086765277,0.0229086765277,0.0229086765277,0.0229086765277,0.0229086765277,1,X74 X84 X85 X95,0.328155555556,0.0166235611156,0.328155555556,0.0166235611156
0.0229086765277,0.0229086765277,0.0229086765277,0.0229086765277,0.0229086765277,0.0229086765277,0.0229086765277,0.0229086765277,0.0229086765277,0.0229086765277,0.0229086765277,0.0229086765277,0.0229086765277,0.0229086765277,0.0229086765277,0.0229086765277,0.0229086765277,0.0229086765277,1,X75 X85 X86 X96,0.330111111111,0.0180896730416,0.330111111111,0.0180896730416
0.0229086765277,0.0229086765277,0.0229086765277,0.0229086765277,0.0229086765277,0.0229086765277,0.0229086765277,0.0229086765277,0.0229086765277,0.0229086765277,0.0229086765277,0.0229086765277,0.0229086765277,0.0229086765277,0.0229086765277,0.0229086765277,0.0229086765277,0.0229086765277,1,X76 X86 X87 X97,0.322333333333,0.0187148393188,0.322333333333,0.0187148393188
0.0229086765277,0.0229086765277,0.0229086765277,0.0229086765277,0.0229086765277,0.0229086765277,0.0229086765277,0.0229086765277,0.0229086765277,0.0229086765277,0.0229086765277,0.0229086765277,0.0229086765277,0.0229086765277,0.0229086765277,0.0229086765277,0.0229086765277,0.0229086765277,1,X77 X87 X88 X98,0.329777777778,0.0155889078685,0.329777777778,0.0155889078685
0.0229086765277,0.0229086765277,0.0229086765277,0.0229086765277,0.0229086765277,0.0229086765277,0.0229086765277,0.0229086765277,0.0229086765277,0.0229086765277,0.0229086765277,0.0229086765277,0.0229086765277,0.0229086765277,0.0229086765277,0.0229086765277,0.0229086765277,0.0229086765277,1,X78 X88 X89 X99,0.328,0.0178095501523,0.328,0.0178095501523
0.0229086765277,0.0229086765277,0.0229086765277,0.0229086765277,0.0229086765277,0.0229086765277,0.0229086765277,0.0229086765277,0.0229086765277,0.0229086765277,0.0229086765277,0.0229086765277,0.0229086765277,0.0229086765277,0.0229086765277,0.0229086765277,0.0229086765277,0.0229086765277,1,X79 X89 X90 X100,0.326066666667,0.0211575733929,0.326066666667,0.0211575733929
0.0229086765277,0.0229086765277,0.0229086765277,0.0229086765277,0.0229086765277,0.0229086765277,0.0229086765277,0.0229086765277,0.0229086765277,0.0229086765277,0.0229086765277,0.0229086765277,0.0229086765277,0.0229086765277,0.0229086765277,0.0229086765277,0.0229086765277,0.0229086765277,1,X8 X9 X19,0.0148666666667,0.0147335465736,0.0148666666667,0.0147335465736
0.0229086765277,0.0229086765277,0.0229086765277,0.0229086765277,0.0229086765277,0.0229086765277,0.0229086765277,0.0229086765277,0.0229086765277,0.0229086765277,0.0229086765277,0.0229086765277,0.0229086765277,0.0229086765277,0.0229086765277,0.0229086765277,0.0229086765277,0.0229086765277,1,X80 X90 X91 X101,0.333266666667,0.0204143665136,0.333266666667,0.0204143665136
0.0229086765277,0.0229086765277,0.0229086765277,0.0229086765277,0.0229086765277,0.0229086765277,0.0229086765277,0.0229086765277,0.0229086765277,0.0229086765277,0.0229086765277,0.0229086765277,0.0229086765277,0.0229086765277,0.0229086765277,0.0229086765277,0.0229086765277,0.0229086765277,1,X81 X91 X92 X102,0.330755555556,0.0153874440862,0.330755555556,0.0153874440862
0.0229086765277,0.0229086765277,0.0229086765277,0.0229086765277,0.0229086765277,0.0229086765277,0.0229086765277,0.0229086765277,0.0229086765277,0.0229086765277,0.0229086765277,0.0229086765277,0.0229086765277,0.0229086765277,0.0229086765277,0.0229086765277,0.0229086765277,0.0229086765277,1,X82 X92 X93 X103,0.327,0.0180435828268,0.327,0.0180435828268
0.0229086765277,0.0229086765277,0.0229086765277,0.0229086765277,0.0229086765277,0.0229086765277,0.0229086765277,0.0229086765277,0.0229086765277,0.0229086765277,0.0229086765277,0.0229086765277,0.0229086765277,0.0229086765277,0.0229086765277,0.0229086765277,0.0229086765277,0.0229086765277,1,X83 X93 X94 X104,0.0157111111111,0.0137661735831,0.0157111111111,0.0137661735831
0.0229086765277,0.0229086765277,0.0229086765277,0.0229086765277,0.0229086765277,0.0229086765277,0.0229086765277,0.0229086765277,0.0229086765277,0.0229086765277,0.0229086765277,0.0229086765277,0.0229086765277,0.0229086765277,0.0229086765277,0.0229086765277,0.0229086765277,0.0229086765277,1,X9 X10 X20,0.0191555555556,0.0155284273574,0.0191555555556,0.0155284273574
0.0229086765277,0.0229086765277,0.0229086765277,0.0229086765277,0.0229086765277,0.0229086765277,0.0229086765277,0.0229086765277,0.0229086765277,0.0229086765277,0.0229086765277,0.0229086765277,0.0229086765277,0.0229086765277,0.0229086765277,0.0229086765277,0.0229086765277,0.0229086765277,1,X95 X105 X106 X116,0.323444444444,0.0147936854432,0.323444444444,0.0147936854432
0.0229086765277,0.0229086765277,0.0229086765277,0.0229086765277,0.0229086765277,0.0229086765277,0.0229086765277,0.0229086765277,0.0229086765277,0.0229086765277,0.0229086765277,0.0229086765277,0.0229086765277,0.0229086765277,0.0229086765277,0.0229086765277,0.0229086765277,0.0229086765277,1,X96 X106 X107 X117,0.327266666667,0.0173936615927,0.327266666667,0.0173936615927
0.0229086765277,0.0229086765277,0.0229086765277,0.0229086765277,0.0229086765277,0.0229086765277,0.0229086765277,0.0229086765277,0.0229086765277,0.0229086765277,0.0229086765277,0.0229086765277,0.0229086765277,0.0229086765277,0.0229086765277,0.0229086765277,0.0229086765277,0.0229086765277,1,X97 X107 X108 X118,0.328288888889,0.012601384505,0.328288888889,0.012601384505
0.0229086765277,0.0229086765277,0.0229086765277,0.0229086765277,0.0229086765277,0.0229086765277,0.0229086765277,0.0229086765277,0.0229086765277,0.0229086765277,0.0229086765277,0.0229086765277,0.0229086765277,0.0229086765277,0.0229086765277,0.0229086765277,0.0229086765277,0.0229086765277,1,X98 X108 X109 X119,0.325777777778,0.0160452743866,0.325777777778,0.0160452743866
0.0229086765277,0.0229086765277,0.0229086765277,0.0229086765277,0.0229086765277,0.0229086765277,0.0229086765277,0.0229086765277,0.0229086765277,0.0229086765277,0.0229086765277,0.0229086765277,0.0229086765277,0.0229086765277,0.0229086765277,0.0229086765277,0.0229086765277,0.0229086765277,1,X99 X109 X110 X120,0.328488888889,0.0167925666216,0.328488888889,0.0167925666216
0.0229086765277,0.0229086765277,0.0229086765277,0.0229086765277,0.0229086765277,0.0229086765277,0.0229086765277,0.0229086765277,0.0229086765277,0.0229086765277,0.0229086765277,0.0229086765277,0.0229086765277,0.0229086765277,0.0229086765277,0.0229086765277,0.0229086765277,0.0229086765277,1,Z0 Z11 Z21,0.5346,0.0147939616967,0.5346,0.0147939616967
0.0229086765277,0.0229086765277,0.0229086765277,0.0229086765277,0.0229086765277,0.0229086765277,0.0229086765277,0.0229086765277,0.0229086765277,0.0229086765277,0.0229086765277,0.0229086765277,0.0229086765277,0.0229086765277,0.0229086765277,0.0229086765277,0.0229086765277,0.0229086765277,1,Z1 Z11 Z12 Z22,0.282133333333,0.0146388450856,0.282133333333,0.0146388450856
0.0229086765277,0.0229086765277,0.0229086765277,0.0229086765277,0.0229086765277,0.0229086765277,0.0229086765277,0.0229086765277,0.0229086765277,0.0229086765277,0.0229086765277,0.0229086765277,0.0229086765277,0.0229086765277,0.0229086765277,0.0229086765277,0.0229086765277,0.0229086765277,1,Z10 Z20 Z31,0.0256222222222,0.0179028312437,0.0256222222222,0.0179028312437
0.0229086765277,0.0229086765277,0.0229086765277,0.0229086765277,0.0229086765277,0.0229086765277,0.0229086765277,0.0229086765277,0.0229086765277,0.0229086765277,0.0229086765277,0.0229086765277,0.0229086765277,0.0229086765277,0.0229086765277,0.0229086765277,0.0229086765277,0.0229086765277,1,Z105 Z116 Z126,0.476688888889,0.0137313951688,0.476688888889,0.0137313951688
0.0229086765277,0.0229086765277,0.0229086765277,0.0229086765277,0.0229086765277,0.0229086765277,0.0229086765277,0.0229086765277,0.0229086765277,0.0229086765277,0.0229086765277,0.0229086765277,0.0229086765277,0.0229086765277,0.0229086765277,0.0229086765277,0.0229086765277,0.0229086765277,1,Z106 Z116 Z117 Z127,0.415288888889,0.0138020303169,0.415288888889,0.0138020303169
0.0229086765277,0.0229086765277,0.0229086765277,0.0229086765277,0.0229086765277,0.0229086765277,0.0229086765277,0.0229086765277,0.0229086765277,0.0229086765277,0.0229086765277,0.0229086765277,0.0229086765277,0.0229086765277,0.0229086765277,0.0229086765277,0.0229086765277,0.0229086765277,1,Z107 Z117 Z118 Z128,0.418422222222,0.0177055380936,0.418422222222,0.0177055380936
0.0229086765277,0.0229086765277,0.0229086765277,0.0229086765277,0.0229086765277,0.0229086765277,0.0229086765277,0.0229086765277,0.0229086765277,0.0229086765277,0.0229086765277,0.0229086765277,0.0229086765277,0.0229086765277,0.0229086765277,0.0229086765277,0.0229086765277,0.0229086765277,1,Z108 Z118 Z119 Z129,0.422466666667,0.0175304005239,0.422466666667,0.0175304005239
0.0229086765277,0.0229086765277,0.0229086765277,0.0229086765277,0.0229086765277,0.0229086765277,0.0229086765277,0.0229086765277,0.0229086765277,0.0229086765277,0.0229086765277,0.0229086765277,0.0229086765277,0.0229086765277,0.0229086765277,0.0229086765277,0.0229086765277,0.0229086765277,1,Z109 Z119 Z120 Z130,0.407355555556,0.018481415193,0.407355555556,0.018481415193
0.0229086765277,0.0229086765277,0.0229086765277,0.0229086765277,0.0229086765277,0.0229086765277,0.0229086765277,0.0229086765277,0.0229086765277,0.0229086765277,0.0229086765277,0.0229086765277,0.0229086765277,0.0229086765277,0.0229086765277,0.0229086765277,0.0229086765277,0.0229086765277,1,Z110 Z120 Z121 Z131,0.412888888889,0.0118629896581,0.412888888889,0.0118629896581
0.0229086765277,0.0229086765277,0.0229086765277,0.0229086765277,0.0229086765277,0.0229086765277,0.0229086765277,0.0229086765277,0.0229086765277,0.0229086765277,0.0229086765277,0.0229086765277,0.0229086765277,0.0229086765277,0.0229086765277,0.0229086765277,0.0229086765277,0.0229086765277,1,Z111 Z121 Z122 Z132,0.416866666667,0.0145861425866,0.416866666667,0.0145861425866
0.0229086765277,0.0229086765277,0.0229086765277,0.0229086765277,0.0229086765277,0.0229086765277,0.0229086765277,0.0229086765277,0.0229086765277,0.0229086765277,0.0229086765277,0.0229086765277,0.0229086765277,0.0229086765277,0.0229086765277,0.0229086765277,0.0229086765277,0.0229086765277,1,Z112 Z122 Z123 Z133,0.409911111111,0.0160399246454,0.409911111111,0.0160399246454
0.0229086765277,0.0229086765277,0.0229086765277,0.0229086765277,0.0229086765277,0.0229086765277,0.0229086765277,0.0229086765277,0.0229086765277,0.0229086765277,0.0229086765277,0.0229086765277,0.0229086765277,0.0229086765277,0.0229086765277,0.0229086765277,0.0229086765277,0.0229086765277,1,Z113 Z123 Z124 Z134,0.414511111111,0.0141958747808,0.414511111111,0.0141958747808
0.0229086765277,0.0229086765277,0.0229086765277,0.0229086765277,0.0229086765277,0.0229086765277,0.0229086765277,0.0229086765277,0.0229086765277,0.0229086765277,0.0229086765277,0.0229086765277,0.0229086765277,0.0229086765277,0.0229086765277,0.0229086765277,0.0229086765277,0.0229086765277,1,Z114 Z124 Z125 Z135,0.0209111111111,0.0148509667457,0.0209111111111,0.0148509667457
0.0229086765277,0.0229086765277,0.0229086765277,0.0229086765277,0.0229086765277,0.0229086765277,0.0229086765277,0.0229086765277,0.0229086765277,0.0229086765277,0.0229086765277,0.0229086765277,0.0229086765277,0.0229086765277,0.0229086765277,0.0229086765277,0.0229086765277,0.0229086765277,1,Z115 Z125 Z136,0.0275333333333,0.0163984393239,0.0275333333333,0.0163984393239
0.0229086765277,0.0229086765277,0.0229086765277,0.0229086765277,0.0229086765277,0.0229086765277,0.0229086765277,0.0229086765277,0.0229086765277,0.0229086765277,0.0229086765277,0.0229086765277,0.0229086765277,0.0229086765277,0.0229086765277,0.0229086765277,0.0229086765277,0.0229086765277,1,Z126 Z137 Z147,0.460511111111,0.0118995583592,0.460511111111,0.0118995583592
0.0229086765277,0.0229086765277,0.0229086765277,0.0229086765277,0.0229086765277,0.0229086765277,0.0229086765277,0.0229086765277,0.0229086765277,0.0229086765277,0.0229086765277,0.0229086765277,0.0229086765277,0.0229086765277,0.0229086765277,0.0229086765277,0.0229086765277,0.0229086765277,1,Z127 Z137 Z138 Z148,0.4148,0.0194439167963,0.4148,0.0194439167963
0.0229086765277,0.0229086765277,0.0229086765277,0.0229086765277,0.0229086765277,0.0229086765277,0.0229086765277,0.0229086765277,0.0229086765277,0.0229086765277,0.0229086765277,0.0229086765277,0.0229086765277,0.0229086765277,0.0229086765277,0.0229086765277,0.0229086765277,0.0229086765277,1,Z128 Z138 Z139 Z149,0.417177777778,0.0169386391663,0.417177777778,0.0169386391663
0.0229086765277,0.0229086765277,0.0229086765277,0.0229086765277,0.0229086765277,0.0229086765277,0.0229086765277,0.0229086765277,0.0229086765277,0.0229086765277,0.0229086765277,0.0229086765277,0.0229086765277,0.0229086765277,0.0229086765277,0.0229086765277,0.0229086765277,0.0229086765277,1,Z129 Z139 Z140 Z150,0.413377777778,0.018278336178,0.413377777778,0.018278336178
0.0229086765277,0.0229086765277,0.0229086765277,0.0229086765277,0.0229086765277,0.0229086765277,0.0229086765277,0.0229086765277,0.0229086765277,0.0229086765277,0.0229086765277,0.0229086765277,0.0229086765277,0.0229086765277,0.0229086765277,0.0229086765277,0.0229086765277,0.0229086765277,1,Z130 Z140 Z141 Z151,0.419333333333,0.018387068586,0.419333333333,0.018387068586
0.0229086765277,0.0229086765277,0.0229086765277,0.0229086765277,0.0229086765277,0.0229086765277,0.0229086765277,0.0229086765277,0.0229086765277,0.0229086765277,0.0229086765277,0.0229086765277,0.0229086765277,0.0229086765277,0.0229086765277,0.0229086765277,0.0229086765277,0.0229086765277,1,Z131 Z141 Z142 Z152,0.417266666667,0.0169853215873,0.417266666667,0.0169853215873
0.0229086765277,0.0229086765277,0.0229086765277,0.0229086765277,0.0229086765277,0.0229086765277,0.0229086765277,0.0229086765277,0.0229086765277,0.0229086765277,0.0229086765277,0.0229086765277,0.0229086765277,0.0229086765277,0.0229086765277,0.0229086765277,0.0229086765277,0.0229086765277,1,Z132 Z142 Z143 Z153,0.418822222222,0.0184325909379,0.418822222222,0.0184325909379
0.0229086765277,0.0229086765277,0.0229086765277,0.0229086765277,0.0229086765277,0.0229086765277,0.0229086765277,0.0229086765277,0.0229086765277,0.0229086765277,0.0229086765277,0.0229086765277,0.0229086765277,0.0229086765277,0.0229086765277,0.0229086765277,0.0229086765277,0.0229086765277,1,Z133 Z143 Z144 Z154,0.411755555556,0.0178177089861,0.411755555556,0.0178177089861
0.0229086765277,0.0229086765277,0.0229086765277,0.0229086765277,0.0229086765277,0.0229086765277,0.0229086765277,0.0229086765277,0.0229086765277,0.0229086765277,0.0229086765277,0.0229086765277,0.0229086765277,0.0229086765277,0.0229086765277,0.0229086765277,0.0229086765277,0.0229086765277,1,Z134 Z144 Z145 Z155,0.415066666667,0.0142141260481,0.415066666667,0.0142141260481
0.0229086765277,0.0229086765277,0.0229086765277,0.0229086765277,0.0229086765277,0.0229086765277,0.0229086765277,0.0229086765277,0.0229086765277,0.0229086765277,0.0229086765277,0.0229086765277,0.0229086765277,0.0229086765277,0.0229086765277,0.0229086765277,0.0229086765277,0.0229086765277,1,Z135 Z145 Z146 Z156,0.0240222222222,0.0187326283938,0.0240222222222,0.0187326283938
0.0229086765277,0.0229086765277,0.0229086765277,0.0229086765277,0.0229086765277,0.0229086765277,0.0229086765277,0.0229086765277,0.0229086765277,0.0229086765277,0.0229086765277,0.0229086765277,0.0229086765277,0.0229086765277,0.0229086765277,0.0229086765277,0.0229086765277,0.0229086765277,1,Z136 Z146 Z157,0.0237777777778,0.0149372463401,0.0237777777778,0.0149372463401
0.0229086765277,0.0229086765277,0.0229086765277,0.0229086765277,0.0229086765277,0.0229086765277,0.0229086765277,0.0229086765277,0.0229086765277,0.0229086765277,0.0229086765277,0.0229086765277,0.0229086765277,0.0229086765277,0.0229086765277,0.0229086765277,0.0229086765277,0.0229086765277,1,Z147 Z158 Z168,0.447355555556,0.0188655117906,0.447355555556,0.0188655117906
0.0229086765277,0.0229086765277,0.0229086765277,0.0229086765277,0.0229086765277,0.0229086765277,0.0229086765277,0.0229086765277,0.0229086765277,0.0229086765277,0.0229086765277,0.0229086765277,0.0229086765277,0.0229086765277,0.0229086765277,0.0229086765277,0.0229086765277,0.0229086765277,1,Z148 Z158 Z159 Z169,0.423688888889,0.0182966054958,0.423688888889,0.0182966054958
0.0229086765277,0.0229086765277,0.0229086765277,0.0229086765277,0.0229086765277,0.0229086765277,0.0229086765277,0.0229086765277,0.0229086765277,0.0229086765277,0.0229086765277,0.0229086765277,0.0229086765277,0.0229086765277,0.0229086765277,0.0229086765277,0.0229086765277,0.0229086765277,1,Z149 Z159 Z160 Z170,0.4158,0.0197688946429,0.4158,0.0197688946429
0.0229086765277,0.0229086765277,0.0229086765277,0.0229086765277,0.0229086765277,0.0229086765277,0.0229086765277,0.0229086765277,0.0229086765277,0.0229086765277,0.0229086765277,0.0229086765277,0.0229086765277,0.0229086765277,0.0229086765277,0.0229086765277,0.0229086765277,0.0229086765277,1,Z150 Z160 Z161 Z171,0.413822222222,0.0132906596803,0.413822222222,0.0132906596803
0.0229086765277,0.0229086765277,0.0229086765277,0.0229086765277,0.0229086765277,0.0229086765277,0.0229086765277,0.0229086765277,0.0229086765277,0.0229086765277,0.0229086765277,0.0229086765277,0.0229086765277,0.0229086765277,0.0229086765277,0.0229086765277,0.0229086765277,0.0229086765277,1,Z151 Z161 Z162 Z172,0.415533333333,0.0141531307883,0.415533333333,0.0141531307883
0.0229086765277,0.0229086765277,0.0229086765277,0.0229086765277,0.0229086765277,0.0229086765277,0.0229086765277,0.0229086765277,0.0229086765277,0.0229086765277,0.0229086765277,0.0229086765277,0.0229086765277,0.0229086765277,0.0229086765277,0.0229086765277,0.0229086765277,0.0229086765277,1,Z152 Z162 Z163 Z173,0.415533333333,0.0179511043001,0.415533333333,0.0179511043001
0.0229086765277,0.0229086765277,0.0229086765277,0.0229086765277,0.0229086765277,0.0229086765277,0.0229086765277,0.0229086765277,0.0229086765277,0.0229086765277,0.0229086765277,0.0229086765277,0.0229086765277,0.0229086765277,0.0229086765277,0.0229086765277,0.0229086765277,0.0229086765277,1,Z153 Z163 Z164 Z174,0.413555555556,0.0165020220132,0.413555555556,0.0165020220132
0.0229086765277,0.0229086765277,0.0229086765277,0.0229086765277,0.0229086765277,0.0229086765277,0.0229086765277,0.0229086765277,0.0229086765277,0.0229086765277,0.0229086765277,0.0229086765277,0.0229086765277,0.0229086765277,0.0229086765277,0.0229086765277,0.0229086765277,0.0229086765277,1,Z154 Z164 Z165 Z175,0.4154,0.0202750058463,0.4154,0.0202750058463
0.0229086765277,0.0229086765277,0.0229086765277,0.0229086765277,0.0229086765277,0.0229086765277,0.0229086765277,0.0229086765277,0.0229086765277,0.0229086765277,0.0229086765277,0.0229086765277,0.0229086765277,0.0229086765277,0.0229086765277,0.0229086765277,0.0229086765277,0.0229086765277,1,Z155 Z165 Z166 Z176,0.414044444444,0.019239115116,0.414044444444,0.019239115116
0.0229086765277,0.0229086765277,0.0229086765277,0.0229086765277,0.0229086765277,0.0229086765277,0.0229086765277,0.0229086765277,0.0229086765277,0.0229086765277,0.0229086765277,0.0229086765277,0.0229086765277,0.0229086765277,0.0229086765277,0.0229086765277,0.0229086765277,0.0229086765277,1,Z156 Z166 Z167 Z177,0.02,0.0136906154059,0.02,0.0136906154059
0.0229086765277,0.0229086765277,0.0229086765277,0.0229086765277,0.0229086765277,0.0229086765277,0.0229086765277,0.0229086765277,0.0229086765277,0.0229086765277,0.0229086765277,0.0229086765277,0.0229086765277,0.0229086765277,0.0229086765277,0.0229086765277,0.0229086765277,0.0229086765277,1,Z157 Z167 Z178,0.0231555555556,0.0152052958443,0.0231555555556,0.0152052958443
0.0229086765277,0.0229086765277,0.0229086765277,0.0229086765277,0.0229086765277,0.0229086765277,0.0229086765277,0.0229086765277,0.0229086765277,0.0229086765277,0.0229086765277,0.0229086765277,0.0229086765277,0.0229086765277,0.0229086765277,0.0229086765277,0.0229086765277,0.0229086765277,1,Z168 Z179 Z189,0.430755555556,0.010597091097,0.430755555556,0.010597091097
0.0229086765277,0.0229086765277,0.0229086765277,0.0229086765277,0.0229086765277,0.0229086765277,0.0229086765277,0.0229086765277,0.0229086765277,0.0229086765277,0.0229086765277,0.0229086765277,0.0229086765277,0.0229086765277,0.0229086765277,0.0229086765277,0.0229086765277,0.0229086765277,1,Z169 Z179 Z180 Z190,0.412088888889,0.016823385779,0.412088888889,0.016823385779
0.0229086765277,0.0229086765277,0.0229086765277,0.0229086765277,0.0229086765277,0.0229086765277,0.0229086765277,0.0229086765277,0.0229086765277,0.0229086765277,0.0229086765277,0.0229086765277,0.0229086765277,0.0229086765277,0.0229086765277,0.0229086765277,0.0229086765277,0.0229086765277,1,Z170 Z180 Z181 Z191,0.416133333333,0.0198008475379,0.416133333333,0.0198008475379
0.0229086765277,0.0229086765277,0.0229086765277,0.0229086765277,0.0229086765277,0.0229086765277,0.0229086765277,0.0229086765277,0.0229086765277,0.0229086765277,0.0229086765277,0.0229086765277,0.0229086765277,0.0229086765277,0.0229086765277,0.0229086765277,0.0229086765277,0.0229086765277,1,Z171 Z181 Z182 Z192,0.419266666667,0.0198201491966,0.419266666667,0.0198201491966
0.0229086765277,0.0229086765277,0.0229086765277,0.0229086765277,0.0229086765277,0.0229086765277,0.0229086765277,0.0229086765277,0.0229086765277,0.0229086765277,0.0229086765277,0.0229086765277,0.0229086765277,0.0229086765277,0.0229086765277,0.0229086765277,0.0229086765277,0.0229086765277,1,Z172 Z182 Z183 Z193,0.419444444444,0.0163300098269,0.419444444444,0.0163300098269
0.0229086765277,0.0229086765277,0.0229086765277,0.0229086765277,0.0229086765277,0.0229086765277,0.0229086765277,0.0229086765277,0.0229086765277,0.0229086765277,0.0229086765277,0.0229086765277,0.0229086765277,0.0229086765277,0.0229086765277,0.0229086765277,0.0229086765277,0.0229086765277,1,Z173 Z183 Z184 Z194,0.414488888889,0.015998978256,0.414488888889,0.015998978256
0.0229086765277,0.0229086765277,0.0229086765277,0.0229086765277,0.0229086765277,0.0229086765277,0.0229086765277,0.0229086765277,0.0229086765277,0.0229086765277,0.0229086765277,0.0229086765277,0.0229086765277,0.0229086765277,0.0229086765277,0.0229086765277,0.0229086765277,0.0229086765277,1,Z174 Z184 Z185 Z195,0.416755555556,0.0147372734455,0.416755555556,0.0147372734455
0.0229086765277,0.0229086765277,0.0229086765277,0.0229086765277,0.0229086765277,0.0229086765277,0.0229086765277,0.0229086765277,0.0229086765277,0.0229086765277,0.0229086765277,0.0229086765277,0.0229086765277,0.0229086765277,0.0229086765277,0.0229086765277,0.0229086765277,0.0229086765277,1,Z175 Z185 Z186 Z196,0.421933333333,0.0179939112733,0.421933333333,0.0179939112733
0.0229086765277,0.0229086765277,0.0229086765277,0.0229086765277,0.0229086765277,0.0229086765277,0.0229086765277,0.0229086765277,0.0229086765277,0.0229086765277,0.0229086765277,0.0229086765277,0.0229086765277,0.0229086765277,0.0229086765277,0.0229086765277,0.0229086765277,0.0229086765277,1,Z176 Z186 Z187 Z197,0.411888888889,0.016867373874,0.411888888889,0.016867373874
0.0229086765277,0.0229086765277,0.0229086765277,0.0229086765277,0.0229086765277,0.0229086765277,0.0229086765277,0.0229086765277,0.0229086765277,0.0229086765277,0.0229086765277,0.0229086765277,0.0229086765277,0.0229086765277,0.0229086765277,0.0229086765277,0.0229086765277,0.0229086765277,1,Z177 Z187 Z188 Z198,0.0209333333333,0.0122234621454,0.0209333333333,0.0122234621454
0.0229086765277,0.0229086765277,0.0229086765277,0.0229086765277,0.0229086765277,0.0229086765277,0.0229086765277,0.0229086765277,0.0229086765277,0.0229086765277,0.0229086765277,0.0229086765277,0.0229086765277,0.0229086765277,0.0229086765277,0.0229086765277,0.0229086765277,0.0229086765277,1,Z178 Z188 Z199,0.0198444444444,0.0119175755889,0.0198444444444,0.0119175755889
0.0229086765277,0.0229086765277,0.0229086765277,0.0229086765277,0.0229086765277,0.0229086765277,0.0229086765277,0.0229086765277,0.0229086765277,0.0229086765277,0.0229086765277,0.0229086765277,0.0229086765277,0.0229086765277,0.0229086765277,0.0229086765277,0.0229086765277,0.0229086765277,1,Z189 Z200 Z210,0.428377777778,0.0165329656367,0.428377777778,0.0165329656367
0.0229086765277,0.0229086765277,0.0229086765277,0.0229086765277,0.0229086765277,0.0229086765277,0.0229086765277,0.0229086765277,0.0229086765277,0.0229086765277,0.0229086765277,0.0229086765277,0.0229086765277,0.0229086765277,0.0229086765277,0.0229086765277,0.0229086765277,0.0229086765277,1,Z190 Z200 Z201 Z211,0.427866666667,0.0172565940531,0.427866666667,0.0172565940531
0.0229086765277,0.0229086765277,0.0229086765277,0.0229086765277,0.0229086765277,0.0229086765277,0.0229086765277,0.0229086765277,0.0229086765277,0.0229086765277,0.0229086765277,0.0229086765277,0.0229086765277,0.0229086765277,0.0229086765277,0.0229086765277,0.0229086765277,0.0229086765277,1,Z191 Z201 Z202 Z212,0.425666666667,0.0189459808817,0.425666666667,0.0189459808817
0.0229086765277,0.0229086765277,0.0229086765277,0.0229086765277,0.0229086765277,0.0229086765277,0.0229086765277,0.0229086765277,0.0229086765277,0.0229086765277,0.0229086765277,0.0229086765277,0.0229086765277,0.0229086765277,0.0229086765277,0.0229086765277,0.0229086765277,0.0229086765277,1,Z192 Z202 Z203 Z213,0.424333333333,0.0179789148535,0.424333333333,0.0179789148535
0.0229086765277,0.0229086765277,0.0229086765277,0.0229086765277,0.0229086765277,0.0229086765277,0.0229086765277,0.0229086765277,0.0229086765277,0.0229086765277,0.0229086765277,0.0229086765277,0.0229086765277,0.0229086765277,0.0229086765277,0.0229086765277,0.0229086765277,0.0229086765277,1,Z193 Z203 Z204 Z214,0.426888888889,0.0150099158371,0.426888888889,0.0150099158371
0.0229086765277,0.0229086765277,0.0229086765277,0.0229086765277,0.0229086765277,0.0229086765277,0.0229086765277,0.0229086765277,0.0229086765277,0.0229086765277,0.0229086765277,0.0229086765277,0.0229086765277,0.0229086765277,0.0229086765277,0.0229086765277,0.0229086765277,0.0229086765277,1,Z194 Z204 Z205 Z215,0.4282,0.0155187687626,0.4282,0.0155187687626
0.0229086765277,0.0229086765277,0.0229086765277,0.0229086765277,0.0229086765277,0.0229086765277,0.0229086765277,0.0229086765277,0.0229086765277,0.0229086765277,0.0229086765277,0.0229086765277,0.0229086765277,0.0229086765277,0.0229086765277,0.0229086765277,0.0229086765277,0.0229086765277,1,Z195 Z205 Z206 Z216,0.422177777778,0.0143111920228,0.422177777778,0.0143111920228
0.0229086765277,0.0229086765277,0.0229086765277,0.0229086765277,0.0229086765277,0.0229086765277,0.0229086765277,0.0229086765277,0.0229086765277,0.0229086765277,0.0229086765277,0.0229086765277,0.0229086765277,0.0229086765277,0.0229086765277,0.0229086765277,0.0229086765277,0.0229086765277,1,Z196 Z206 Z207 Z217,0.424088888889,0.0143184722032,0.424088888889,0.0143184722032
0.0229086765277,0.0229086765277,0.0229086765277,0.0229086765277,0.0229086765277,0.0229086765277,0.0229086765277,0.0229086765277,0.0229086765277,0.0229086765277,0.0229086765277,0.0229086765277,0.0229086765277,0.0229086765277,0.0229086765277,0.0229086765277,0.0229086765277,0.0229086765277,1,Z197 Z207 Z208 Z218,0.425,0.0181764446953,0.425,0.0181764446953
0.0229086765277,0.0229086765277,0.0229086765277,0.0229086765277,0.0229086765277,0.0229086765277,0.0229086765277,0.0229086765277,0.0229086765277,0.0229086765277,0.0229086765277,0.0229086765277,0.0229086765277,0.0229086765277,0.0229086765277,0.0229086765277,0.0229086765277,0.0229086765277,1,Z198 Z208 Z209 Z219,0.0236,0.0169539380477,0.0236,0.0169539380477
0.0229086765277,0.0229086765277,0.0229086765277,0.0229086765277,0.0229086765277,0.0229086765277,0.0229086765277,0.0229086765277,0.0229086765277,0.0229086765277,0.0229086765277,0.0229086765277,0.0229086765277,0.0229086765277,0.0229086765277,0.0229086765277,0.0229086765277,0.0229086765277,1,Z199 Z209 Z220,0.0136444444444,0.0109722510791,0.0136444444444,0.0109722510791
0.0229086765277,0.0229086765277,0.0229086765277,0.0229086765277,0.0229086765277,0.0229086765277,0.0229086765277,0.0229086765277,0.0229086765277,0.0229086765277,0.0229086765277,0.0229086765277,0.0229086765277,0.0229086765277,0.0229086765277,0.0229086765277,0.0229086765277,0.0229086765277,1,Z2 Z12 Z13 Z23,0.201955555556,0.0167560210104,0.201955555556,0.0167560210104
0.0229086765277,0.0229086765277,0.0229086765277,0.0229086765277,0.0229086765277,0.0229086765277,0.0229086765277,0.0229086765277,0.0229086765277,0.0229086765277,0.0229086765277,0.0229086765277,0.0229086765277,0.0229086765277,0.0229086765277,0.0229086765277,0.0229086765277,0.0229086765277,1,Z21 Z32 Z42,0.535377777778,0.0143400768241,0.535377777778,0.0143400768241
0.0229086765277,0.0229086765277,0.0229086765277,0.0229086765277,0.0229086765277,0.0229086765277,0.0229086765277,0.0229086765277,0.0229086765277,0.0229086765277,0.0229086765277,0.0229086765277,0.0229086765277,0.0229086765277,0.0229086765277,0.0229086765277,0.0229086765277,0.0229086765277,1,Z22 Z32 Z33 Z43,0.415933333333,0.019044895536,0.415933333333,0.019044895536
0.0229086765277,0.0229086765277,0.0229086765277,0.0229086765277,0.0229086765277,0.0229086765277,0.0229086765277,0.0229086765277,0.0229086765277,0.0229086765277,0.0229086765277,0.0229086765277,0.0229086765277,0.0229086765277,0.0229086765277,0.0229086765277,0.0229086765277,0.0229086765277,1,Z23 Z33 Z34 Z44,0.411844444444,0.0132961358525,0.411844444444,0.0132961358525
0.0229086765277,0.0229086765277,0.0229086765277,0.0229086765277,0.0229086765277,0.0229086765277,0.0229086765277,0.0229086765277,0.0229086765277,0.0229086765277,0.0229086765277,0.0229086765277,0.0229086765277,0.0229086765277,0.0229086765277,0.0229086765277,0.0229086765277,0.0229086765277,1,Z24 Z34 Z35 Z45,0.409977777778,0.0161548857024,0.409977777778,0.0161548857024
0.0229086765277,0.0229086765277,0.0229086765277,0.0229086765277,0.0229086765277,0.0229086765277,0.0229086765277,0.0229086765277,0.0229086765277,0.0229086765277,0.0229086765277,0.0229086765277,0.0229086765277,0.0229086765277,0.0229086765277,0.0229086765277,0.0229086765277,0.0229086765277,1,Z25 Z35 Z36 Z46,0.415311111111,0.0211395533349,0.415311111111,0.0211395533349
0.0229086765277,0.0229086765277,0.0229086765277,0.0229086765277,0.0229086765277,0.0229086765277,0.0229086765277,0.0229086765277,0.0229086765277,0.0229086765277,0.0229086765277,0.0229086765277,0.0229086765277,0.0229086765277,0.0229086765277,0.0229086765277,0.0229086765277,0.0229086765277,1,Z26 Z36 Z37 Z47,0.419222222222,0.019356770046,0.419222222222,0.019356770046
0.0229086765277,0.0229086765277,0.0229086765277,0.0229086765277,0.0229086765277,0.0229086765277,0.0229086765277,0.0229086765277,0.0229086765277,0.0229086765277,0.0229086765277,0.0229086765277,0.0229086765277,0.0229086765277,0.0229086765277,0.0229086765277,0.0229086765277,0.0229086765277,1,Z27 Z37 Z38 Z48,0.418377777778,0.0143044974128,0.418377777778,0.0143044974128
0.0229086765277,0.0229086765277,0.0229086765277,0.0229086765277,0.0229086765277,0.0229086765277,0.0229086765277,0.0229086765277,0.0229086765277,0.0229086765277,0.0229086765277,0.0229086765277,0.0229086765277,0.0229086765277,0.0229086765277,0.0229086765277,0.0229086765277,0.0229086765277,1,Z28 Z38 Z39 Z49,0.419644444444,0.012648787543,0.419644444444,0.012648787543
0.0229086765277,0.0229086765277,0.0229086765277,0.0229086765277,0.0229086765277,0.0229086765277,0.0229086765277,0.0229086765277,0.0229086765277,0.0229086765277,0.0229086765277,0.0229086765277,0.0229086765277,0.0229086765277,0.0229086765277,0.0229086765277,0.0229086765277,0.0229086765277,1,Z29 Z39 Z40 Z50,0.415666666667,0.0189888049293,0.415666666667,0.0189888049293
0.0229086765277,0.0229086765277,0.0229086765277,0.0229086765277,0.0229086765277,0.0229086765277,0.0229086765277,0.0229086765277,0.0229086765277,0.0229086765277,0.0229086765277,0.0229086765277,0.0229086765277,0.0229086765277,0.0229086765277,0.0229086765277,0.0229086765277,0.0229086765277,1,Z3 Z13 Z14 Z24,0.145577777778,0.0178675272853,0.145577777778,0.0178675272853
0.0229086765277,0.0229086765277,0.0229086765277,0.0229086765277,0.0229086765277,0.0229086765277,0.0229086765277,0.0229086765277,0.0229086765277,0.0229086765277,0.0229086765277,0.0229086765277,0.0229086765277,0.0229086765277,0.0229086765277,0.0229086765277,0.0229086765277,0.0229086765277,1,Z30 Z40 Z41 Z51,0.0206,0.0151279093019,0.0206,0.0151279093019
0.0229086765277,0.0229086765277,0.0229086765277,0.0229086765277,0.0229086765277,0.0229086765277,0.0229086765277,0.0229086765277,0.0229086765277,0.0229086765277,0.0229086765277,0.0229086765277,0.0229086765277,0.0229086765277,0.0229086765277,0.0229086765277,0.0229086765277,0.0229086765277,1,Z31 Z41 Z52,0.0185333333333,0.0147712052909,0.0185333333333,0.0147712052909
0.0229086765277,0.0229086765277,0.0229086765277,0.0229086765277,0.0229086765277,0.0229086765277,0.0229086765277,0.0229086765277,0.0229086765277,0.0229086765277,0.0229086765277,0.0229086765277,0.0229086765277,0.0229086765277,0.0229086765277,0.0229086765277,0.0229086765277,0.0229086765277,1,Z4 Z14 Z15 Z25,0.103111111111,0.0165789261361,0.103111111111,0.0165789261361
0.0229086765277,0.0229086765277,0.0229086765277,0.0229086765277,0.0229086765277,0.0229086765277,0.0229086765277,0.0229086765277,0.0229086765277,0.0229086765277,0.0229086765277,0.0229086765277,0.0229086765277,0.0229086765277,0.0229086765277,0.0229086765277,0.0229086765277,0.0229086765277,1,Z42 Z53 Z63,0.5244,0.0149692916829,0.5244,0.0149692916829
0.0229086765277,0.0229086765277,0.0229086765277,0.0229086765277,0.0229086765277,0.0229086765277,0.0229086765277,0.0229086765277,0.0229086765277,0.0229086765277,0.0229086765277,0.0229086765277,0.0229086765277,0.0229086765277,0.0229086765277,0.0229086765277,0.0229086765277,0.0229086765277,1,Z43 Z53 Z54 Z64,0.417488888889,0.0164166846568,0.417488888889,0.0164166846568
0.0229086765277,0.0229086765277,0.0229086765277,0.0229086765277,0.0229086765277,0.0229086765277,0.0229086765277,0.0229086765277,0.0229086765277,0.0229086765277,0.0229086765277,0.0229086765277,0.0229086765277,0.0229086765277,0.0229086765277,0.0229086765277,0.0229086765277,0.0229086765277,1,Z44 Z54 Z55 Z65,0.419422222222,0.0146454740654,0.419422222222,0.0146454740654
0.0229086765277,0.0229086765277,0.0229086765277,0.0229086765277,0.0229086765277,0.0229086765277,0.0229086765277,0.0229086765277,0.0229086765277,0.0229086765277,0.0229086765277,0.0229086765277,0.0229086765277,0.0229086765277,0.0229086765277,0.0229086765277,0.0229086765277,0.0229086765277,1,Z45 Z55 Z56 Z66,0.415355555556,0.0147847735004,0.415355555556,0.0147847735004
0.0229086765277,0.0229086765277,0.0229086765277,0.0229086765277,0.0229086765277,0.0229086765277,0.0229086765277,0.0229086765277,0.0229086765277,0.0229086765277,0.0229086765277,0.0229086765277,0.0229086765277,0.0229086765277,0.0229086765277,0.0229086765277,0.0229086765277,0.0229086765277,1,Z46 Z56 Z57 Z67,0.417888888889,0.0171395742767,0.417888888889,0.0171395742767
0.0229086765277,0.0229086765277,0.0229086765277,0.0229086765277,0.0229086765277,0.0229086765277,0.0229086765277,0.0229086765277,0.0229086765277,0.0229086765277,0.0229086765277,0.0229086765277,0.0229086765277,0.0229086765277,0.0229086765277,0.0229086765277,0.0229086765277,0.0229086765277,1,Z47 Z57 Z58 Z68,0.421288888889,0.0193122622657,0.421288888889,0.0193122622657
0.0229086765277,0.0229086765277,0.0229086765277,0.0229086765277,0.0229086765277,0.0229086765277,0.0229086765277,0.0229086765277,0.0229086765277,0.0229086765277,0.0229086765277,0.0229086765277,0.0229086765277,0.0229086765277,0.0229086765277,0.0229086765277,0.0229086765277,0.0229086765277,1,Z48 Z58 Z59 Z69,0.4168,0.0152972088206,0.4168,0.0152972088206
0.0229086765277,0.0229086765277,0.0229086765277,0.0229086765277,0.0229086765277,0.0229086765277,0.0229086765277,0.0229086765277,0.0229086765277,0.0229086765277,0.0229086765277,0.0229086765277,0.0229086765277,0.0229086765277,0.0229086765277,0.0229086765277,0.0229086765277,0.0229086765277,1,Z49 Z59 Z60 Z70,0.412311111111,0.0134770795446,0.412311111111,0.0134770795446
0.0229086765277,0.0229086765277,0.0229086765277,0.0229086765277,0.0229086765277,0.0229086765277,0.0229086765277,0.0229086765277,0.0229086765277,0.0229086765277,0.0229086765277,0.0229086765277,0.0229086765277,0.0229086765277,0.0229086765277,0.0229086765277,0.0229086765277,0.0229086765277,1,Z5 Z15 Z16 Z26,0.0753777777778,0.0181968237162,0.0753777777778,0.0181968237162
0.0229086765277,0.0229086765277,0.0229086765277,0.0229086765277,0.0229086765277,0.0229086765277,0.0229086765277,0.0229086765277,0.0229086765277,0.0229086765277,0.0229086765277,0.0229086765277,0.0229086765277,0.0229086765277,0.0229086765277,0.0229086765277,0.0229086765277,0.0229086765277,1,Z50 Z60 Z61 Z71,0.413444444444,0.0173872577057,0.413444444444,0.0173872577057
0.0229086765277,0.0229086765277,0.0229086765277,0.0229086765277,0.0229086765277,0.0229086765277,0.0229086765277,0.0229086765277,0.0229086765277,0.0229086765277,0.0229086765277,0.0229086765277,0.0229086765277,0.0229086765277,0.0229086765277,0.0229086765277,0.0229086765277,0.0229086765277,1,Z51 Z61 Z62 Z72,0.0241111111111,0.0161279209439,0.0241111111111,0.0161279209439
0.0229086765277,0.0229086765277,0.0229086765277,0.0229086765277,0.0229086765277,0.0229086765277,0.0229086765277,0.0229086765277,0.0229086765277,0.0229086765277,0.0229086765277,0.0229086765277,0.0229086765277,0.0229086765277,0.0229086765277,0.0229086765277,0.0229086765277,0.0229086765277,1,Z52 Z62 Z73,0.023,0.0148553691417,0.023,0.0148553691417
0.0229086765277,0.0229086765277,0.0229086765277,0.0229086765277,0.0229086765277,0.0229086765277,0.0229086765277,0.0229086765277,0.0229086765277,0.0229086765277,0.0229086765277,0.0229086765277,0.0229086765277,0.0229086765277,0.0229086765277,0.0229086765277,0.0229086765277,0.0229086765277,1,Z6 Z16 Z17 Z27,0.0510888888889,0.0206139359426,0.0510888888889,0.0206139359426
0.0229086765277,0.0229086765277,0.0229086765277,0.0229086765277,0.0229086765277,0.0229086765277,0.0229086765277,0.0229086765277,0.0229086765277,0.0229086765277,0.0229086765277,0.0229086765277,0.0229086765277,0.0229086765277,0.0229086765277,0.0229086765277,0.0229086765277,0.0229086765277,1,Z63 Z74 Z84,0.505444444444,0.0189527206335,0.505444444444,0.0189527206335
0.0229086765277,0.0229086765277,0.0229086765277,0.0229086765277,0.0229086765277,0.0229086765277,0.0229086765277,0.0229086765277,0.0229086765277,0.0229086765277,0.0229086765277,0.0229086765277,0.0229086765277,0.0229086765277,0.0229086765277,0.0229086765277,0.0229086765277,0.0229086765277,1,Z64 Z74 Z75 Z85,0.418933333333,0.0194503789521,0.418933333333,0.0194503789521
0.0229086765277,0.0229086765277,0.0229086765277,0.0229086765277,0.0229086765277,0.0229086765277,0.0229086765277,0.0229086765277,0.0229086765277,0.0229086765277,0.0229086765277,0.0229086765277,0.0229086765277,0.0229086765277,0.0229086765277,0.0229086765277,0.0229086765277,0.0229086765277,1,Z65 Z75 Z76 Z86,0.4168,0.0162409066806,0.4168,0.0162409066806
0.0229086765277,0.0229086765277,0.0229086765277,0.0229086765277,0.0229086765277,0.0229086765277,0.0229086765277,0.0229086765277,0.0229086765277,0.0229086765277,0.0229086765277,0.0229086765277,0.0229086765277,0.0229086765277,0.0229086765277,0.0229086765277,0.0229086765277,0.0229086765277,1,Z66 Z76 Z77 Z87,0.412044444444,0.0153367645669,0.412044444444,0.0153367645669
0.0229086765277,0.0229086765277,0.0229086765277,0.0229086765277,0.0229086765277,0.0229086765277,0.0229086765277,0.0229086765277,0.0229086765277,0.0229086765277,0.0229086765277,0.0229086765277,0.0229086765277,0.0229086765277,0.0229086765277,0.0229086765277,0.0229086765277,0.0229086765277,1,Z67 Z77 Z78 Z88,0.416155555556,0.0161180352409,0.416155555556,0.0161180352409
0.0229086765277,0.0229086765277,0.0229086765277,0.0229086765277,0.0229086765277,0.0229086765277,0.0229086765277,0.0229086765277,0.0229086765277,0.0229086765277,0.0229086765277,0.0229086765277,0.0229086765277,0.0229086765277,0.0229086765277,0.0229086765277,0.0229086765277,0.0229086765277,1,Z68 Z78 Z79 Z89,0.4174,0.0169365278913,0.4174,0.0169365278913
0.0229086765277,0.0229086765277,0.0229086765277,0.0229086765277,0.0229086765277,0.0229086765277,0.0229086765277,0.0229086765277,0.0229086765277,0.0229086765277,0.0229086765277,0.0229086765277,0.0229086765277,0.0229086765277,0.0229086765277,0.0229086765277,0.0229086765277,0.0229086765277,1,Z69 Z79 Z80 Z90,0.4178,0.0168401545301,0.4178,0.0168401545301
0.0229086765277,0.0229086765277,0.0229086765277,0.0229086765277,0.0229086765277,0.0229086765277,0.0229086765277,0.0229086765277,0.0229086765277,0.0229086765277,0.0229086765277,0.0229086765277,0.0229086765277,0.0229086765277,0.0229086765277,0.0229086765277,0.0229086765277,0.0229086765277,1,Z7 Z17 Z18 Z28,0.0378222222222,0.0169714055964,0.0378222222222,0.0169714055964
0.0229086765277,0.0229086765277,0.0229086765277,0.0229086765277,0.0229086765277,0.0229086765277,0.0229086765277,0.0229086765277,0.0229086765277,0.0229086765277,0.0229086765277,0.0229086765277,0.0229086765277,0.0229086765277,0.0229086765277,0.0229086765277,0.0229086765277,0.0229086765277,1,Z70 Z80 Z81 Z91,0.417311111111,0.0189417201219,0.417311111111,0.0189417201219
0.0229086765277,0.0229086765277,0.0229086765277,0.0229086765277,0.0229086765277,0.0229086765277,0.0229086765277,0.0229086765277,0.0229086765277,0.0229086765277,0.0229086765277,0.0229086765277,0.0229086765277,0.0229086765277,0.0229086765277,0.0229086765277,0.0229086765277,0.0229086765277,1,Z71 Z81 Z82 Z92,0.413022222222,0.0222033329681,0.413022222222,0.0222033329681
0.0229086765277,0.0229086765277,0.0229086765277,0.0229086765277,0.0229086765277,0.0229086765277,0.0229086765277,0.0229086765277,0.0229086765277,0.0229086765277,0.0229086765277,0.0229086765277,0.0229086765277,0.0229086765277,0.0229086765277,0.0229086765277,0.0229086765277,0.0229086765277,1,Z72 Z82 Z83 Z93,0.0210222222222,0.0128733689093,0.0210222222222,0.0128733689093
0.0229086765277,0.0229086765277,0.0229086765277,0.0229086765277,0.0229086765277,0.0229086765277,0.0229086765277,0.0229086765277,0.0229086765277,0.0229086765277,0.0229086765277,0.0229086765277,0.0229086765277,0.0229086765277,0.0229086765277,0.0229086765277,0.0229086765277,0.0229086765277,1,Z73 Z83 Z94,0.0242444444444,0.0143950644302,0.0242444444444,0.0143950644302
0.0229086765277,0.0229086765277,0.0229086765277,0.0229086765277,0.0229086765277,0.0229086765277,0.0229086765277,0.0229086765277,0.0229086765277,0.0229086765277,0.0229086765277,0.0229086765277,0.0229086765277,0.0229086765277,0.0229086765277,0.0229086765277,0.0229086765277,0.0229086765277,1,Z8 Z18 Z19 Z29,0.0246666666667,0.0178344880924,0.0246666666667,0.0178344880924
0.0229086765277,0.0229086765277,0.0229086765277,0.0229086765277,0.0229086765277,0.0229086765277,0.0229086765277,0.0229086765277,0.0229086765277,0.0229086765277,0.0229086765277,0.0229086765277,0.0229086765277,0.0229086765277,0.0229086765277,0.0229086765277,0.0229086765277,0.0229086765277,1,Z84 Z95 Z105,0.493177777778,0.0188762319551,0.493177777778,0.0188762319551
0.0229086765277,0.0229086765277,0.0229086765277,0.0229086765277,0.0229086765277,0.0229086765277,0.0229086765277,0.0229086765277,0.0229086765277,0.0229086765277,0.0229086765277,0.0229086765277,0.0229086765277,0.0229086765277,0.0229086765277,0.0229086765277,0.0229086765277,0.0229086765277,1,Z85 Z95 Z96 Z106,0.412777777778,0.0171851163737,0.412777777778,0.0171851163737
0.0229086765277,0.0229086765277,0.0229086765277,0.0229086765277,0.0229086765277,0.0229086765277,0.0229086765277,0.0229086765277,0.0229086765277,0.0229086765277,0.0229086765277,0.0229086765277,0.0229086765277,0.0229086765277,0.0229086765277,0.0229086765277,0.0229086765277,0.0229086765277,1,Z86 Z96 Z97 Z107,0.418488888889,0.0146320734496,0.418488888889,0.0146320734496
0.0229086765277,0.0229086765277,0.0229086765277,0.0229086765277,0.0229086765277,0.0229086765277,0.0229086765277,0.0229086765277,0.0229086765277,0.0229086765277,0.0229086765277,0.0229086765277,0.0229086765277,0.0229086765277,0.0229086765277,0.0229086765277,0.0229086765277,0.0229086765277,1,Z87 Z97 Z98 Z108,0.412622222222,0.0144603390297,0.412622222222,0.0144603390297
0.0229086765277,0.0229086765277,0.0229086765277,0.0229086765277,0.0229086765277,0.0229086765277,0.0229086765277,0.0229086765277,0.0229086765277,0.0229086765277,0.0229086765277,0.0229086765277,0.0229086765277,0.0229086765277,0.0229086765277,0.0229086765277,0.0229086765277,0.0229086765277,1,Z88 Z98 Z99 Z109,0.418222222222,0.0123080926352,0.418222222222,0.0123080926352
0.0229086765277,0.0229086765277,0.0229086765277,0.0229086765277,0.0229086765277,0.0229086765277,0.0229086765277,0.0229086765277,0.0229086765277,0.0229086765277,0.0229086765277,0.0229086765277,0.0229086765277,0.0229086765277,0.0229086765277,0.0229086765277,0.0229086765277,0.0229086765277,1,Z89 Z99 Z100 Z110,0.415711111111,0.0134645080019,0.415711111111,0.0134645080019
0.0229086765277,0.0229086765277,0.0229086765277,0.0229086765277,0.0229086765277,0.0229086765277,0.0229086765277,0.0229086765277,0.0229086765277,0.0229086765277,0.0229086765277,0.0229086765277,0.0229086765277,0.0229086765277,0.0229086765277,0.0229086765277,0.0229086765277,0.0229086765277,1,Z9 Z19 Z20 Z30,0.0131555555556,0.0108220483516,0.0131555555556,0.0108220483516
0.0229086765277,0.0229086765277,0.0229086765277,0.0229086765277,0.0229086765277,0.0229086765277,0.0229086765277,0.0229086765277,0.0229086765277,0.0229086765277,0.0229086765277,0.0229086765277,0.0229086765277,0.0229086765277,0.0229086765277,0.0229086765277,0.0229086765277,0.0229086765277,1,Z90 Z100 Z101 Z111,0.4108,0.0166389654851,0.4108,0.0166389654851
0.0229086765277,0.0229086765277,0.0229086765277,0.0229086765277,0.0229086765277,0.0229086765277,0.0229086765277,0.0229086765277,0.0229086765277,0.0229086765277,0.0229086765277,0.0229086765277,0.0229086765277,0.0229086765277,0.0229086765277,0.0229086765277,0.0229086765277,0.0229086765277,1,Z91 Z101 Z102 Z112,0.416577777778,0.0157526214648,0.416577777778,0.0157526214648
0.0229086765277,0.0229086765277,0.0229086765277,0.0229086765277,0.0229086765277,0.0229086765277,0.0229086765277,0.0229086765277,0.0229086765277,0.0229086765277,0.0229086765277,0.0229086765277,0.0229086765277,0.0229086765277,0.0229086765277,0.0229086765277,0.0229086765277,0.0229086765277,1,Z92 Z102 Z103 Z113,0.415444444444,0.0138021968748,0.415444444444,0.0138021968748
0.0229086765277,0.0229086765277,0.0229086765277,0.0229086765277,0.0229086765277,0.0229086765277,0.0229086765277,0.0229086765277,0.0229086765277,0.0229086765277,0.0229086765277,0.0229086765277,0.0229086765277,0.0229086765277,0.0229086765277,0.0229086765277,0.0229086765277,0.0229086765277,1,Z93 Z103 Z104 Z114,0.0204666666667,0.0139271778737,0.0204666666667,0.0139271778737
0.0229086765277,0.0229086765277,0.0229086765277,0.0229086765277,0.0229086765277,0.0229086765277,0.0229086765277,0.0229086765277,0.0229086765277,0.0229086765277,0.0229086765277,0.0229086765277,0.0229086765277,0.0229086765277,0.0229086765277,0.0229086765277,0.0229086765277,0.0229086765277,1,Z94 Z104 Z115,0.0308444444444,0.0141648026721,0.0308444444444,0.0141648026721
0.0229086765277,0.0229086765277,0.0229086765277,0.0229086765277,0.0229086765277,0.0229086765277,0.0229086765277,0.0229086765277,0.0229086765277,0.0229086765277,0.0229086765277,0.0229086765277,0.0229086765277,0.0229086765277,0.0229086765277,0.0229086765277,0.0229086765277,0.0229086765277,5,Logical X,0.126222222222,0.0178973945177,0.1224,0.0184483123858
0.0229086765277,0.0229086765277,0.0229086765277,0.0229086765277,0.0229086765277,0.0229086765277,0.0229086765277,0.0229086765277,0.0229086765277,0.0229086765277,0.0229086765277,0.0229086765277,0.0229086765277,0.0229086765277,0.0229086765277,0.0229086765277,0.0229086765277,0.0229086765277,5,Logical Y,0.0174222222222,0.0101343213876,0.000866666666667,0.0191474616426
0.0229086765277,0.0229086765277,0.0229086765277,0.0229086765277,0.0229086765277,0.0229086765277,0.0229086765277,0.0229086765277,0.0229086765277,0.0229086765277,0.0229086765277,0.0229086765277,0.0229086765277,0.0229086765277,0.0229086765277,0.0229086765277,0.0229086765277,0.0229086765277,5,Logical Z,0.0124888888889,0.00976338194866,-0.00117777777778,0.0189976270616
0.0229086765277,0.0229086765277,0.0229086765277,0.0229086765277,0.0229086765277,0.0229086765277,0.0229086765277,0.0229086765277,0.0229086765277,0.0229086765277,0.0229086765277,0.0229086765277,0.0229086765277,0.0229086765277,0.0229086765277,0.0229086765277,0.0229086765277,0.0229086765277,5,X0 X1 X11,0.350377777778,0.0186795385286,0.350377777778,0.0186795385286
0.0229086765277,0.0229086765277,0.0229086765277,0.0229086765277,0.0229086765277,0.0229086765277,0.0229086765277,0.0229086765277,0.0229086765277,0.0229086765277,0.0229086765277,0.0229086765277,0.0229086765277,0.0229086765277,0.0229086765277,0.0229086765277,0.0229086765277,0.0229086765277,5,X1 X2 X12,0.181511111111,0.020133602292,0.181511111111,0.020133602292
0.0229086765277,0.0229086765277,0.0229086765277,0.0229086765277,0.0229086765277,0.0229086765277,0.0229086765277,0.0229086765277,0.0229086765277,0.0229086765277,0.0229086765277,0.0229086765277,0.0229086765277,0.0229086765277,0.0229086765277,0.0229086765277,0.0229086765277,0.0229086765277,5,X100 X110 X111 X121,0.324888888889,0.0184563964415,0.324888888889,0.0184563964415
0.0229086765277,0.0229086765277,0.0229086765277,0.0229086765277,0.0229086765277,0.0229086765277,0.0229086765277,0.0229086765277,0.0229086765277,0.0229086765277,0.0229086765277,0.0229086765277,0.0229086765277,0.0229086765277,0.0229086765277,0.0229086765277,0.0229086765277,0.0229086765277,5,X101 X111 X112 X122,0.332711111111,0.0142467939079,0.332711111111,0.0142467939079
0.0229086765277,0.0229086765277,0.0229086765277,0.0229086765277,0.0229086765277,0.0229086765277,0.0229086765277,0.0229086765277,0.0229086765277,0.0229086765277,0.0229086765277,0.0229086765277,0.0229086765277,0.0229086765277,0.0229086765277,0.0229086765277,0.0229086765277,0.0229086765277,5,X102 X112 X113 X123,0.330377777778,0.0149796115162,0.330377777778,0.0149796115162
0.0229086765277,0.0229086765277,0.0229086765277,0.0229086765277,0.0229086765277,0.0229086765277,0.0229086765277,0.0229086765277,0.0229086765277,0.0229086765277,0.0229086765277,0.0229086765277,0.0229086765277,0.0229086765277,0.0229086765277,0.0229086765277,0.0229086765277,0.0229086765277,5,X103 X113 X114 X124,0.3284,0.0143845383148,0.3284,0.0143845383148
0.0229086765277,0.0229086765277,0.0229086765277,0.0229086765277,0.0229086765277,0.0229086765277,0.0229086765277,0.0229086765277,0.0229086765277,0.0229086765277,0.0229086765277,0.0229086765277,0.0229086765277,0.0229086765277,0.0229086765277,0.0229086765277,0.0229086765277,0.0229086765277,5,X104 X114 X115 X125,0.0133555555556,0.00845177137267,0.0133555555556,0.00845177137267
0.0229086765277,0.0229086765277,0.0229086765277,0.0229086765277,0.0229086765277,0.0229086765277,0.0229086765277,0.0229086765277,0.0229086765277,0.0229086765277,0.0229086765277,0.0229086765277,0.0229086765277,0.0229086765277,0.0229086765277,0.0229086765277,0.0229086765277,0.0229086765277,5,X11 X21 X22 X32,0.325355555556,0.0196906989992,0.325355555556,0.0196906989992
0.0229086765277,0.0229086765277,0.0229086765277,0.0229086765277,0.0229086765277,0.0229086765277,0.0229086765277,0.0229086765277,0.0229086765277,0.0229086765277,0.0229086765277,0.0229086765277,0.0229086765277,0.0229086765277,0.0229086765277,0.0229086765277,0.0229086765277,0.0229086765277,5,X116 X126 X127 X137,0.327044444444,0.017467810205,0.327044444444,0.017467810205
0.0229086765277,0.0229086765277,0.0229086765277,0.0229086765277,0.0229086765277,0.0229086765277,0.0229086765277,0.0229086765277,0.0229086765277,0.0229086765277,0.0229086765277,0.0229086765277,0.0229086765277,0.0229086765277,0.0229086765277,0.0229086765277,0.0229086765277,0.0229086765277,5,X117 X127 X128 X138,0.329577777778,0.0175420531032,0.329577777778,0.0175420531032
0.0229086765277,0.0229086765277,0.0229086765277,0.0229086765277,0.0229086765277,0.0229086765277,0.0229086765277,0.0229086765277,0.0229086765277,0.0229086765277,0.0229086765277,0.0229086765277,0.0229086765277,0.0229086765277,0.0229086765277,0.0229086765277,0.0229086765277,0.0229086765277,5,X118 X128 X129 X139,0.324444444444,0.0167280097163,0.324444444444,0.0167280097163
0.0229086765277,0.0229086765277,0.0229086765277,0.0229086765277,0.0229086765277,0.0229086765277,0.0229086765277,0.0229086765277,0.0229086765277,0.0229086765277,0.0229086765277,0.0229086765277,0.0229086765277,0.0229086765277,0.0229086765277,0.0229086765277,0.0229086765277,0.0229086765277,5,X119 X129 X130 X140,0.328555555556,0.0209608892015,0.328555555556,0.0209608892015
0.0229086765277,0.0229086765277,0.0229086765277,0.0229086765277,0.0229086765277,0.0229086765277,0.0229086765277,0.0229086765277,0.0229086765277,0.0229086765277,0.0229086765277,0.0229086765277,0.0229086765277,0.0229086765277,0.0229086765277,0.0229086765277,0.0229086765277,0.0229086765277,5,X12 X22 X23 X33,0.325044444444,0.0144515926904,0.325044444444,0.0144515926904
0.0229086765277,0.0229086765277,0.0229086765277,0.0229086765277,0.0229086765277,0.0229086765277,0.0229086765277,0.0229086765277,0.0229086765277,0.0229086765277,0.0229086765277,0.0229086765277,0.0229086765277,0.0229086765277,0.0229086765277,0.0229086765277,0.0229086765277,0.0229086765277,5,X120 X130 X131 X141,0.328577777778,0.0158911366735,0.328577777778,0.0158911366735
0.0229086765277,0.0229086765277,0.0229086765277,0.0229086765277,0.0229086765277,0.0229086765277,0.0229086765277,0.0229086765277,0.0229086765277,0.0229086765277,0.0229086765277,0.0229086765277,0.0229086765277,0.0229086765277,0.0229086765277,0.0229086765277,0.0229086765277,0.0229086765277,5,X121 X131 X132 X142,0.327733333333,0.0179361148123,0.327733333333,0.0179361148123
0.0229086765277,0.0229086765277,0.0229086765277,0.0229086765277,0.0229086765277,0.0229086765277,0.0229086765277,0.0229086765277,0.0229086765277,0.0229086765277,0.0229086765277,0.0229086765277,0.0229086765277,0.0229086765277,0.0229086765277,0.0229086765277,0.0229086765277,0.0229086765277,5,X122 X132 X133 X143,0.327888888889,0.0193298318933,0.327888888889,0.0193298318933
0.0229086765277,0.0229086765277,0.0229086765277,0.0229086765277,0.0229086765277,0.0229086765277,0.0229086765277,0.0229086765277,0.0229086765277,0.0229086765277,0.0229086765277,0.0229086765277,0.0229086765277,0.0229086765277,0.0229086765277,0.0229086765277,0.0229086765277,0.0229086765277,5,X123 X133 X134 X144,0.330844444444,0.015615036798,0.330844444444,0.015615036798
0.0229086765277,0.0229086765277,0.0229086765277,0.0229086765277,0.0229086765277,0.0229086765277,0.0229086765277,0.0229086765277,0.0229086765277,0.0229086765277,0.0229086765277,0.0229086765277,0.0229086765277,0.0229086765277,0.0229086765277,0.0229086765277,0.0229086765277,0.0229086765277,5,X124 X134 X135 X145,0.327066666667,0.0150967251784,0.327066666667,0.0150967251784
0.0229086765277,0.0229086765277,0.0229086765277,0.0229086765277,0.0229086765277,0.0229086765277,0.0229086765277,0.0229086765277,0.0229086765277,0.0229086765277,0.0229086765277,0.0229086765277,0.0229086765277,0.0229086765277,0.0229086765277,0.0229086765277,0.0229086765277,0.0229086765277,5,X125 X135 X136 X146,0.0165111111111,0.0130764721986,0.0165111111111,0.0130764721986
0.0229086765277,0.0229086765277,0.0229086765277,0.0229086765277,0.0229086765277,0.0229086765277,0.0229086765277,0.0229086765277,0.0229086765277,0.0229086765277,0.0229086765277,0.0229086765277,0.0229086765277,0.0229086765277,0.0229086765277,0.0229086765277,0.0229086765277,0.0229086765277,5,X13 X23 X24 X34,0.327,0.0151049965091,0.327,0.0151049965091
0.0229086765277,0.0229086765277,0.0229086765277,0.0229086765277,0.0229086765277,0.0229086765277,0.0229086765277,0.0229086765277,0.0229086765277,0.0229086765277,0.0229086765277,0.0229086765277,0.0229086765277,0.0229086765277,0.0229086765277,0.0229086765277,0.0229086765277,0.0229086765277,5,X137 X147 X148 X158,0.333177777778,0.0175684176172,0.333177777778,0.0175684176172
0.0229086765277,0.0229086765277,0.0229086765277,0.0229086765277,0.0229086765277,0.0229086765277,0.0229086765277,0.0229086765277,0.0229086765277,0.0229086765277,0.0229086765277,0.0229086765277,0.0229086765277,0.0229086765277,0.0229086765277,0.0229086765277,0.0229086765277,0.0229086765277,5,X138 X148 X149 X159,0.330444444444,0.016813908978,0.330444444444,0.016813908978
0.0229086765277,0.0229086765277,0.0229086765277,0.0229086765277,0.0229086765277,0.0229086765277,0.0229086765277,0.0229086765277,0.0229086765277,0.0229086765277,0.0229086765277,0.0229086765277,0.0229086765277,0.0229086765277,0.0229086765277,0.0229086765277,0.0229086765277,0.0229086765277,5,X139 X149 X150 X160,0.322622222222,0.0177284180668,0.322622222222,0.0177284180668
0.0229086765277,0.0229086765277,0.0229086765277,0.0229086765277,0.0229086765277,0.0229086765277,0.0229086765277,0.0229086765277,0.0229086765277,0.0229086765277,0.0229086765277,0.0229086765277,0.0229086765277,0.0229086765277,0.0229086765277,0.0229086765277,0.0229086765277,0.0229086765277,5,X14 X24 X25 X35,0.326355555556,0.0190282978087,0.326355555556,0.0190282978087
0.0229086765277,0.0229086765277,0.0229086765277,0.0229086765277,0.0229086765277,0.0229086765277,0.0229086765277,0.0229086765277,0.0229086765277,0.0229086765277,0.0229086765277,0.0229086765277,0.0229086765277,0.0229086765277,0.0229086765277,0.0229086765277,0.0229086765277,0.0229086765277,5,X140 X150 X151 X161,0.327533333333,0.0128154002184,0.327533333333,0.0128154002184
0.0229086765277,0.0229086765277,0.0229086765277,0.0229086765277,0.0229086765277,0.0229086765277,0.0229086765277,0.0229086765277,0.0229086765277,0.0229086765277,0.0229086765277,0.0229086765277,0.0229086765277,0.0229086765277,0.0229086765277,0.0229086765277,0.0229086765277,0.0229086765277,5,X141 X151 X152 X162,0.333866666667,0.0157931067945,0.333866666667,0.0157931067945
0.0229086765277,0.0229086765277,0.0229086765277,0.0229086765277,0.0229086765277,0.0229086765277,0.0229086765277,0.0229086765277,0.0229086765277,0.0229086765277,0.0229086765277,0.0229086765277,0.0229086765277,0.0229086765277,0.0229086765277,0.0229086765277,0.0229086765277,0.0229086765277,5,X142 X152 X153 X163,0.3322,0.021860687436,0.3322,0.021860687436
0.0229086765277,0.0229086765277,0.0229086765277,0.0229086765277,0.0229086765277,0.0229086765277,0.0229086765277,0.0229086765277,0.0229086765277,0.0229086765277,0.0229086765277,0.0229086765277,0.0229086765277,0.0229086765277,0.0229086765277,0.0229086765277,0.0229086765277,0.0229086765277,5,X143 X153 X154 X164,0.329266666667,0.0189003030647,0.329266666667,0.0189003030647
0.0229086765277,0.0229086765277,0.0229086765277,0.0229086765277,0.0229086765277,0.0229086765277,0.0229086765277,0.0229086765277,0.0229086765277,0.0229086765277,0.0229086765277,0.0229086765277,0.0229086765277,0.0229086765277,0.0229086765277,0.0229086765277,0.0229086765277,0.0229086765277,5,X144 X154 X155 X165,0.325755555556,0.0200554658726,0.325755555556,0.0200554658726
0.0229086765277,0.0229086765277,0.0229086765277,0.0229086765277,0.0229086765277,0.0229086765277,0.0229086765277,0.0229086765277,0.0229086765277,0.0229086765277,0.0229086765277,0.0229086765277,0.0229086765277,0.0229086765277,0.0229086765277,0.0229086765277,0.0229086765277,0.0229086765277,5,X145 X155 X156 X166,0.326822222222,0.0203612458375,0.326822222222,0.0203612458375
0.0229086765277,0.0229086765277,0.0229086765277,0.0229086765277,0.0229086765277,0.0229086765277,0.0229086765277,0.0229086765277,0.0229086765277,0.0229086765277,0.0229086765277,0.0229086765277,0.0229086765277,0.0229086765277,0.0229086765277,0.0229086765277,0.0229086765277,0.0229086765277,5,X146 X156 X157 X167,0.0126222222222,0.00867450279399,0.0126222222222,0.00867450279399
0.0229086765277,0.0229086765277,0.0229086765277,0.0229086765277,0.0229086765277,0.0229086765277,0.0229086765277,0.0229086765277,0.0229086765277,0.0229086765277,0.0229086765277,0.0229086765277,0.0229086765277,0.0229086765277,0.0229086765277,0.0229086765277,0.0229086765277,0.0229086765277,5,X15 X25 X26 X36,0.329688888889,0.0155597804881,0.329688888889,0.0155597804881
0.0229086765277,0.0229086765277,0.0229086765277,0.0229086765277,0.0229086765277,0.0229086765277,0.0229086765277,0.0229086765277,0.0229086765277,0.0229086765277,0.0229086765277,0.0229086765277,0.0229086765277,0.0229086765277,0.0229086765277,0.0229086765277,0.0229086765277,0.0229086765277,5,X158 X168 X169 X179,0.327422222222,0.0218239092293,0.327422222222,0.0218239092293
0.0229086765277,0.0229086765277,0.0229086765277,0.0229086765277,0.0229086765277,0.0229086765277,0.0229086765277,0.0229086765277,0.0229086765277,0.0229086765277,0.0229086765277,0.0229086765277,0.0229086765277,0.0229086765277,0.0229086765277,0.0229086765277,0.0229086765277,0.0229086765277,5,X159 X169 X170 X180,0.324622222222,0.0143069078333,0.324622222222,0.0143069078333
0.0229086765277,0.0229086765277,0.0229086765277,0.0229086765277,0.0229086765277,0.0229086765277,0.0229086765277,0.0229086765277,0.0229086765277,0.0229086765277,0.0229086765277,0.0229086765277,0.0229086765277,0.0229086765277,0.0229086765277,0.0229086765277,0.0229086765277,0.0229086765277,5,X16 X26 X27 X37,0.3272,0.01813478696,0.3272,0.01813478696
0.0229086765277,0.0229086765277,0.0229086765277,0.0229086765277,0.0229086765277,0.0229086765277,0.0229086765277,0.0229086765277,0.0229086765277,0.0229086765277,0.0229086765277,0.0229086765277,0.0229086765277,0.0229086765277,0.0229086765277,0.0229086765277,0.0229086765277,0.0229086765277,5,X160 X170 X171 X181,0.332688888889,0.0196150566402,0.332688888889,0.0196150566402
0.0229086765277,0.0229086765277,0.0229086765277,0.0229086765277,0.0229086765277,0.0229086765277,0.0229086765277,0.0229086765277,0.0229086765277,0.0229086765277,0.0229086765277,0.0229086765277,0.0229086765277,0.0229086765277,0.0229086765277,0.0229086765277,0.0229086765277,0.0229086765277,5,X161 X171 X172 X182,0.3254,0.0169039205138,0.3254,0.0169039205138
0.0229086765277,0.0229086765277,0.0229086765277,0.0229086765277,0.0229086765277,0.0229086765277,0.0229086765277,0.0229086765277,0.0229086765277,0.0229086765277,0.0229086765277,0.0229086765277,0.0229086765277,0.0229086765277,0.0229086765277,0.0229086765277,0.0229086765277,0.0229086765277,5,X162 X172 X173 X183,0.3284,0.0173780149125,0.3284,0.0173780149125
0.0229086765277,0.0229086765277,0.0229086765277,0.0229086765277,0.0229086765277,0.0229086765277,0.0229086765277,0.0229086765277,0.0229086765277,0.0229086765277,0.0229086765277,0.0229086765277,0.0229086765277,0.0229086765277,0.0229086765277,0.0229086765277,0.0229086765277,0.0229086765277,5,X163 X173 X174 X184,0.328,0.0161601183562,0.328,0.0161601183562
0.0229086765277,0.0229086765277,0.0229086765277,0.0229086765277,0.0229086765277,0.0229086765277,0.0229086765277,0.0229086765277,0.0229086765277,0.0229086765277,0.0229086765277,0.0229086765277,0.0229086765277,0.0229086765277,0.0229086765277,0.0229086765277,0.0229086765277,0.0229086765277,5,X164 X174 X175 X185,0.331244444444,0.0218147781702,0.331244444444,0.0218147781702
0.0229086765277,0.0229086765277,0.0229086765277,0.0229086765277,0.0229086765277,0.0229086765277,0.0229086765277,0.0229086765277,0.0229086765277,0.0229086765277,0.0229086765277,0.0229086765277,0.0229086765277,0.0229086765277,0.0229086765277,0.0229086765277,0.0229086765277,0.0229086765277,5,X165 X175 X176 X186,0.3276,0.0166179517943,0.3276,0.0166179517943
0.0229086765277,0.0229086765277,0.0229086765277,0.0229086765277,0.0229086765277,0.0229086765277,0.0229086765277,0.0229086765277,0.0229086765277,0.0229086765277,0.0229086765277,0.0229086765277,0.0229086765277,0.0229086765277,0.0229086765277,0.0229086765277,0.0229086765277,0.0229086765277,5,X166 X176 X177 X187,0.334777777778,0.0172429858766,0.334777777778,0.0172429858766
0.0229086765277,0.0229086765277,0.0229086765277,0.0229086765277,0.0229086765277,0.0229086765277,0.0229086765277,0.0229086765277,0.0229086765277,0.0229086765277,0.0229086765277,0.0229086765277,0.0229086765277,0.0229086765277,0.0229086765277,0.0229086765277,0.0229086765277,0.0229086765277,5,X167 X177 X178 X188,0.0144,0.0120199068599,0.0144,0.0120199068599
0.0229086765277,0.0229086765277,0.0229086765277,0.0229086765277,0.0229086765277,0.0229086765277,0.0229086765277,0.0229086765277,0.0229086765277,0.0229086765277,0.0229086765277,0.0229086765277,0.0229086765277,0.0229086765277,0.0229086765277,0.0229086765277,0.0229086765277,0.0229086765277,5,X17 X27 X28 X38,0.328622222222,0.014540663904,0.328622222222,0.014540663904
0.0229086765277,0.0229086765277,0.0229086765277,0.0229086765277,0.0229086765277,0.0229086765277,0.0229086765277,0.0229086765277,0.0229086765277,0.0229086765277,0.0229086765277,0.0229086765277,0.0229086765277,0.0229086765277,0.0229086765277,0.0229086765277,0.0229086765277,0.0229086765277,5,X179 X189 X190 X200,0.319155555556,0.0164486274063,0.319155555556,0.0164486274063
0.0229086765277,0.0229086765277,0.0229086765277,0.0229086765277,0.0229086765277,0.0229086765277,0.0229086765277,0.0229086765277,0.0229086765277,0.0229086765277,0.0229086765277,0.0229086765277,0.0229086765277,0.0229086765277,0.0229086765277,0.0229086765277,0.0229086765277,0.0229086765277,5,X18 X28 X29 X39,0.327533333333,0.0170490839744,0.327533333333,0.0170490839744
0.0229086765277,0.0229086765277,0.0229086765277,0.0229086765277,0.0229086765277,0.0229086765277,0.0229086765277,0.0229086765277,0.0229086765277,0.0229086765277,0.0229086765277,0.0229086765277,0.0229086765277,0.0229086765277,0.0229086765277,0.0229086765277,0.0229086765277,0.0229086765277,5,X180 X190 X191 X201,0.328444444444,0.0131625072241,0.328444444444,0.0131625072241
0.0229086765277,0.0229086765277,0.0229086765277,0.0229086765277,0.0229086765277,0.0229086765277,0.0229086765277,0.0229086765277,0.0229086765277,0.0229086765277,0.0229086765277,0.0229086765277,0.0229086765277,0.0229086765277,0.0229086765277,0.0229086765277,0.0229086765277,0.0229086765277,5,X181 X191 X192 X202,0.328711111111,0.0142672180937,0.328711111111,0.0142672180937
0.0229086765277,0.0229086765277,0.0229086765277,0.0229086765277,0.0229086765277,0.0229086765277,0.0229086765277,0.0229086765277,0.0229086765277,0.0229086765277,0.0229086765277,0.0229086765277,0.0229086765277,0.0229086765277,0.0229086765277,0.0229086765277,0.0229086765277,0.0229086765277,5,X182 X192 X193 X203,0.323288888889,0.0162055128346,0.323288888889,0.0162055128346
0.0229086765277,0.0229086765277,0.0229086765277,0.0229086765277,0.0229086765277,0.0229086765277,0.0229086765277,0.0229086765277,0.0229086765277,0.0229086765277,0.0229086765277,0.0229086765277,0.0229086765277,0.0229086765277,0.0229086765277,0.0229086765277,0.0229086765277,0.0229086765277,5,X183 X193 X194 X204,0.328688888889,0.0171578056214,0.328688888889,0.0171578056214
0.0229086765277,0.0229086765277,0.0229086765277,0.0229086765277,0.0229086765277,0.0229086765277,0.0229086765277,0.0229086765277,0.0229086765277,0.0229086765277,0.0229086765277,0.0229086765277,0.0229086765277,0.0229086765277,0.0229086765277,0.0229086765277,0.0229086765277,0.0229086765277,5,X184 X194 X195 X205,0.330888888889,0.0160424086757,0.330888888889,0.0160424086757
0.0229086765277,0.0229086765277,0.0229086765277,0.0229086765277,0.0229086765277,0.0229086765277,0.0229086765277,0.0229086765277,0.0229086765277,0.0229086765277,0.0229086765277,0.0229086765277,0.0229086765277,0.0229086765277,0.0229086765277,0.0229086765277,0.0229086765277,0.0229086765277,5,X185 X195 X196 X206,0.332022222222,0.0154359220126,0.332022222222,0.0154359220126
0.0229086765277,0.0229086765277,0.0229086765277,0.0229086765277,0.0229086765277,0.0229086765277,0.0229086765277,0.0229086765277,0.0229086765277,0.0229086765277,0.0229086765277,0.0229086765277,0.0229086765277,0.0229086765277,0.0229086765277,0.0229086765277,0.0229086765277,0.0229086765277,5,X186 X196 X197 X207,0.326822222222,0.0189046272049,0.326822222222,0.0189046272049
0.0229086765277,0.0229086765277,0.0229086765277,0.0229086765277,0.0229086765277,0.0229086765277,0.0229086765277,0.0229086765277,0.0229086765277,0.0229086765277,0.0229086765277,0.0229086765277,0.0229086765277,0.0229086765277,0.0229086765277,0.0229086765277,0.0229086765277,0.0229086765277,5,X187 X197 X198 X208,0.327733333333,0.0149036239775,0.327733333333,0.0149036239775
0.0229086765277,0.0229086765277,0.0229086765277,0.0229086765277,0.0229086765277,0.0229086765277,0.0229086765277,0.0229086765277,0.0229086765277,0.0229086765277,0.0229086765277,0.0229086765277,0.0229086765277,0.0229086765277,0.0229086765277,0.0229086765277,0.0229086765277,0.0229086765277,5,X188 X198 X199 X209,0.0139555555556,0.0121383257802,0.0139555555556,0.0121383257802
0.0229086765277,0.0229086765277,0.0229086765277,0.0229086765277,0.0229086765277,0.0229086765277,0.0229086765277,0.0229086765277,0.0229086765277,0.0229086765277,0.0229086765277,0.0229086765277,0.0229086765277,0.0229086765277,0.0229086765277,0.0229086765277,0.0229086765277,0.0229086765277,5,X19 X29 X30 X40,0.328377777778,0.0154955767594,0.328377777778,0.0154955767594
0.0229086765277,0.0229086765277,0.0229086765277,0.0229086765277,0.0229086765277,0.0229086765277,0.0229086765277,0.0229086765277,0.0229086765277,0.0229086765277,0.0229086765277,0.0229086765277,0.0229086765277,0.0229086765277,0.0229086765277,0.0229086765277,0.0229086765277,0.0229086765277,5,X2 X3 X13,0.0912888888889,0.0195590731772,0.0912888888889,0.0195590731772
0.0229086765277,0.0229086765277,0.0229086765277,0.0229086765277,0.0229086765277,0.0229086765277,0.0229086765277,0.0229086765277,0.0229086765277,0.0229086765277,0.0229086765277,0.0229086765277,0.0229086765277,0.0229086765277,0.0229086765277,0.0229086765277,0.0229086765277,0.0229086765277,5,X20 X30 X31 X41,0.0164888888889,0.00991447462814,0.0164888888889,0.00991447462814
0.0229086765277,0.0229086765277,0.0229086765277,0.0229086765277,0.0229086765277,0.0229086765277,0.0229086765277,0.0229086765277,0.0229086765277,0.0229086765277,0.0229086765277,0.0229086765277,0.0229086765277,0.0229086765277,0.0229086765277,0.0229086765277,0.0229086765277,0.0229086765277,5,X200 X210 X211,0.380377777778,0.0159651760237,0.380377777778,0.0159651760237
0.0229086765277,0.0229086765277,0.0229086765277,0.0229086765277,0.0229086765277,0.0229086765277,0.0229086765277,0.0229086765277,0.0229086765277,0.0229086765277,0.0229086765277,0.0229086765277,0.0229086765277,0.0229086765277,0.0229086765277,0.0229086765277,0.0229086765277,0.0229086765277,5,X201 X211 X212,0.388155555556,0.0171141610458,0.388155555556,0.0171141610458
0.0229086765277,0.0229086765277,0.0229086765277,0.0229086765277,0.0229086765277,0.0229086765277,0.0229086765277,0.0229086765277,0.0229086765277,0.0229086765277,0.0229086765277,0.0229086765277,0.0229086765277,0.0229086765277,0.0229086765277,0.0229086765277,0.0229086765277,0.0229086765277,5,X202 X212 X213,0.390777777778,0.0171216815636,0.390777777778,0.0171216815636
0.0229086765277,0.0229086765277,0.0229086765277,0.0229086765277,0.0229086765277,0.0229086765277,0.0229086765277,0.0229086765277,0.0229086765277,0.0229086765277,0.0229086765277,0.0229086765277,0.0229086765277,0.0229086765277,0.0229086765277,0.0229086765277,0.0229086765277,0.0229086765277,5,X203 X213 X214,0.393066666667,0.0203867585303,0.393066666667,0.0203867585303
0.0229086765277,0.0229086765277,0.0229086765277,0.0229086765277,0.0229086765277,0.0229086765277,0.0229086765277,0.0229086765277,0.0229086765277,0.0229086765277,0.0229086765277,0.0229086765277,0.0229086765277,0.0229086765277,0.0229086765277,0.0229086765277,0.0229086765277,0.0229086765277,5,X204 X214 X215,0.389688888889,0.0164614802511,0.389688888889,0.0164614802511
0.0229086765277,0.0229086765277,0.0229086765277,0.0229086765277,0.0229086765277,0.0229086765277,0.0229086765277,0.0229086765277,0.0229086765277,0.0229086765277,0.0229086765277,0.0229086765277,0.0229086765277,0.0229086765277,0.0229086765277,0.0229086765277,0.0229086765277,0.0229086765277,5,X205 X215 X216,0.387555555556,0.0149434010945,0.387555555556,0.0149434010945
0.0229086765277,0.0229086765277,0.0229086765277,0.0229086765277,0.0229086765277,0.0229086765277,0.0229086765277,0.0229086765277,0.0229086765277,0.0229086765277,0.0229086765277,0.0229086765277,0.0229086765277,0.0229086765277,0.0229086765277,0.0229086765277,0.0229086765277,0.0229086765277,5,X206 X216 X217,0.386955555556,0.0164110824468,0.386955555556,0.0164110824468
0.0229086765277,0.0229086765277,0.0229086765277,0.0229086765277,0.0229086765277,0.0229086765277,0.0229086765277,0.0229086765277,0.0229086765277,0.0229086765277,0.0229086765277,0.0229086765277,0.0229086765277,0.0229086765277,0.0229086765277,0.0229086765277,0.0229086765277,0.0229086765277,5,X207 X217 X218,0.390911111111,0.0122132812996,0.390911111111,0.0122132812996
0.0229086765277,0.0229086765277,0.0229086765277,0.0229086765277,0.0229086765277,0.0229086765277,0.0229086765277,0.0229086765277,0.0229086765277,0.0229086765277,0.0229086765277,0.0229086765277,0.0229086765277,0.0229086765277,0.0229086765277,0.0229086765277,0.0229086765277,0.0229086765277,5,X208 X218 X219,0.393088888889,0.0170403922511,0.393088888889,0.0170403922511
0.0229086765277,0.0229086765277,0.0229086765277,0.0229086765277,0.0229086765277,0.0229086765277,0.0229086765277,0.0229086765277,0.0229086765277,0.0229086765277,0.0229086765277,0.0229086765277,0.0229086765277,0.0229086765277,0.0229086765277,0.0229086765277,0.0229086765277,0.0229086765277,5,X209 X219 X220,0.0144666666667,0.0132712924414,0.0144666666667,0.0132712924414
0.0229086765277,0.0229086765277,0.0229086765277,0.0229086765277,0.0229086765277,0.0229086765277,0.0229086765277,0.0229086765277,0.0229086765277,0.0229086765277,0.0229086765277,0.0229086765277,0.0229086765277,0.0229086765277,0.0229086765277,0.0229086765277,0.0229086765277,0.0229086765277,5,X3 X4 X14,0.0442,0.0183579980377,0.0442,0.0183579980377
0.0229086765277,0.0229086765277,0.0229086765277,0.0229086765277,0.0229086765277,0.0229086765277,0.0229086765277,0.0229086765277,0.0229086765277,0.0229086765277,0.0229086765277,0.0229086765277,0.0229086765277,0.0229086765277,0.0229086765277,0.0229086765277,0.0229086765277,0.0229086765277,5,X32 X42 X43 X53,0.330466666667,0.0171235313435,0.330466666667,0.0171235313435
0.0229086765277,0.0229086765277,0.0229086765277,0.0229086765277,0.0229086765277,0.0229086765277,0.0229086765277,0.0229086765277,0.0229086765277,0.0229086765277,0.0229086765277,0.0229086765277,0.0229086765277,0.0229086765277,0.0229086765277,0.0229086765277,0.0229086765277,0.0229086765277,5,X33 X43 X44 X54,0.324533333333,0.0168440218712,0.324533333333,0.0168440218712
0.0229086765277,0.0229086765277,0.0229086765277,0.0229086765277,0.0229086765277,0.0229086765277,0.0229086765277,0.0229086765277,0.0229086765277,0.0229086765277,0.0229086765277,0.0229086765277,0.0229086765277,0.0229086765277,0.0229086765277,0.0229086765277,0.0229086765277,0.0229086765277,5,X34 X44 X45 X55,0.320444444444,0.0183990115788,0.320444444444,0.0183990115788
0.0229086765277,0.0229086765277,0.0229086765277,0.0229086765277,0.0229086765277,0.0229086765277,0.0229086765277,0.0229086765277,0.0229086765277,0.0229086765277,0.0229086765277,0.0229086765277,0.0229086765277,0.0229086765277,0.0229086765277,0.0229086765277,0.0229086765277,0.0229086765277,5,X35 X45 X46 X56,0.323555555556,0.0175497832307,0.323555555556,0.0175497832307
0.0229086765277,0.0229086765277,0.0229086765277,0.0229086765277,0.0229086765277,0.0229086765277,0.0229086765277,0.0229086765277,0.0229086765277,0.0229086765277,0.0229086765277,0.0229086765277,0.0229086765277,0.0229086765277,0.0229086765277,0.0229086765277,0.0229086765277,0.0229086765277,5,X36 X46 X47 X57,0.328,0.0178353473994,0.328,0.0178353473994
0.0229086765277,0.0229086765277,0.0229086765277,0.0229086765277,0.0229086765277,0.0229086765277,0.0229086765277,0.0229086765277,0.0229086765277,0.0229086765277,0.0229086765277,0.0229086765277,0.0229086765277,0.0229086765277,0.0229086765277,0.0229086765277,0.0229086765277,0.0229086765277,5,X37 X47 X48 X58,0.325555555556,0.0208540510014,0.325555555556,0.0208540510014
0.0229086765277,0.0229086765277,0.0229086765277,0.0229086765277,0.0229086765277,0.0229086765277,0.0229086765277,0.0229086765277,0.0229086765277,0.0229086765277,0.0229086765277,0.0229086765277,0.0229086765277,0.0229086765277,0.0229086765277,0.0229086765277,0.0229086765277,0.0229086765277,5,X38 X48 X49 X59,0.330311111111,0.0177593390969,0.330311111111,0.0177593390969
0.0229086765277,0.0229086765277,0.0229086765277,0.0229086765277,0.0229086765277,0.0229086765277,0.0229086765277,0.0229086765277,0.0229086765277,0.0229086765277,0.0229086765277,0.0229086765277,0.0229086765277,0.0229086765277,0.0229086765277,0.0229086765277,0.0229086765277,0.0229086765277,5,X39 X49 X50 X60,0.321777777778,0.017249428517,0.321777777778,0.017249428517
0.0229086765277,0.0229086765277,0.0229086765277,0.0229086765277,0.0229086765277,0.0229086765277,0.0229086765277,0.0229086765277,0.0229086765277,0.0229086765277,0.0229086765277,0.0229086765277,0.0229086765277,0.0229086765277,0.0229086765277,0.0229086765277,0.0229086765277,0.0229086765277,5,X4 X5 X15,0.0255777777778,0.0166169219324,0.0255777777778,0.0166169219324
0.0229086765277,0.0229086765277,0.0229086765277,0.0229086765277,0.0229086765277,0.0229086765277,0.0229086765277,0.0229086765277,0.0229086765277,0.0229086765277,0.0229086765277,0.0229086765277,0.0229086765277,0.0229086765277,0.0229086765277,0.0229086765277,0.0229086765277,0.0229086765277,5,X40 X50 X51 X61,0.329666666667,0.0207696728512,0.329666666667,0.0207696728512
0.0229086765277,0.0229086765277,0.0229086765277,0.0229086765277,0.0229086765277,0.0229086765277,0.0229086765277,0.0229086765277,0.0229086765277,0.0229086765277,0.0229086765277,0.0229086765277,0.0229086765277,0.0229086765277,0.0229086765277,0.0229086765277,0.0229086765277,0.0229086765277,5,X41 X51 X52 X62,0.0122,0.0113315076285,0.0122,0.0113315076285
0.0229086765277,0.0229086765277,0.0229086765277,0.0229086765277,0.0229086765277,0.0229086765277,0.0229086765277,0.0229086765277,0.0229086765277,0.0229086765277,0.0229086765277,0.0229086765277,0.0229086765277,0.0229086765277,0.0229086765277,0.0229086765277,0.0229086765277,0.0229086765277,5,X5 X6 X16,0.0171555555556,0.011897304287,0.0171555555556,0.011897304287
0.0229086765277,0.0229086765277,0.0229086765277,0.0229086765277,0.0229086765277,0.0229086765277,0.0229086765277,0.0229086765277,0.0229086765277,0.0229086765277,0.0229086765277,0.0229086765277,0.0229086765277,0.0229086765277,0.0229086765277,0.0229086765277,0.0229086765277,0.0229086765277,5,X53 X63 X64 X74,0.331622222222,0.0202359138526,0.331622222222,0.0202359138526
0.0229086765277,0.0229086765277,0.0229086765277,0.0229086765277,0.0229086765277,0.0229086765277,0.0229086765277,0.0229086765277,0.0229086765277,0.0229086765277,0.0229086765277,0.0229086765277,0.0229086765277,0.0229086765277,0.0229086765277,0.0229086765277,0.0229086765277,0.0229086765277,5,X54 X64 X65 X75,0.324955555556,0.0205403505947,0.324955555556,0.0205403505947
0.0229086765277,0.0229086765277,0.0229086765277,0.0229086765277,0.0229086765277,0.0229086765277,0.0229086765277,0.0229086765277,0.0229086765277,0.0229086765277,0.0229086765277,0.0229086765277,0.0229086765277,0.0229086765277,0.0229086765277,0.0229086765277,0.0229086765277,0.0229086765277,5,X55 X65 X66 X76,0.329355555556,0.0168768206529,0.329355555556,0.0168768206529
0.0229086765277,0.0229086765277,0.0229086765277,0.0229086765277,0.0229086765277,0.0229086765277,0.0229086765277,0.0229086765277,0.0229086765277,0.0229086765277,0.0229086765277,0.0229086765277,0.0229086765277,0.0229086765277,0.0229086765277,0.0229086765277,0.0229086765277,0.0229086765277,5,X56 X66 X67 X77,0.336355555556,0.0179422089162,0.336355555556,0.0179422089162
0.0229086765277,0.0229086765277,0.0229086765277,0.0229086765277,0.0229086765277,0.0229086765277,0.0229086765277,0.0229086765277,0.0229086765277,0.0229086765277,0.0229086765277,0.0229086765277,0.0229086765277,0.0229086765277,0.0229086765277,0.0229086765277,0.0229086765277,0.0229086765277,5,X57 X67 X68 X78,0.326688888889,0.0154031228692,0.326688888889,0.0154031228692
0.0229086765277,0.0229086765277,0.0229086765277,0.0229086765277,0.0229086765277,0.0229086765277,0.0229086765277,0.0229086765277,0.0229086765277,0.0229086765277,0.0229086765277,0.0229086765277,0.0229086765277,0.0229086765277,0.0229086765277,0.0229086765277,0.0229086765277,0.0229086765277,5,X58 X68 X69 X79,0.325044444444,0.016353080564,0.325044444444,0.016353080564
0.0229086765277,0.0229086765277,0.0229086765277,0.0229086765277,0.0229086765277,0.0229086765277,0.0229086765277,0.0229086765277,0.0229086765277,0.0229086765277,0.0229086765277,0.0229086765277,0.0229086765277,0.0229086765277,0.0229086765277,0.0229086765277,0.0229086765277,0.0229086765277,5,X59 X69 X70 X80,0.3266,0.0206576546906,0.3266,0.0206576546906
0.0229086765277,0.0229086765277,0.0229086765277,0.0229086765277,0.0229086765277,0.0229086765277,0.0229086765277,0.0229086765277,0.0229086765277,0.0229086765277,0.0229086765277,0.0229086765277,0.0229086765277,0.0229086765277,0.0229086765277,0.0229086765277,0.0229086765277,0.0229086765277,5,X6 X7 X17,0.0184666666667,0.0116922871391,0.0184666666667,0.0116922871391
0.0229086765277,0.0229086765277,0.0229086765277,0.0229086765277,0.0229086765277,0.0229086765277,0.0229086765277,0.0229086765277,0.0229086765277,0.0229086765277,0.0229086765277,0.0229086765277,0.0229086765277,0.0229086765277,0.0229086765277,0.0229086765277,0.0229086765277,0.0229086765277,5,X60 X70 X71 X81,0.327933333333,0.0165326566417,0.327933333333,0.0165326566417
0.0229086765277,0.0229086765277,0.0229086765277,0.0229086765277,0.0229086765277,0.0229086765277,0.0229086765277,0.0229086765277,0.0229086765277,0.0229086765277,0.0229086765277,0.0229086765277,0.0229086765277,0.0229086765277,0.0229086765277,0.0229086765277,0.0229086765277,0.0229086765277,5,X61 X71 X72 X82,0.332155555556,0.016536673127,0.332155555556,0.016536673127
0.0229086765277,0.0229086765277,0.0229086765277,0.0229086765277,0.0229086765277,0.0229086765277,0.0229086765277,0.0229086765277,0.0229086765277,0.0229086765277,0.0229086765277,0.0229086765277,0.0229086765277,0.0229086765277,0.0229086765277,0.0229086765277,0.0229086765277,0.0229086765277,5,X62 X72 X73 X83,0.0179555555556,0.016095436952,0.0179555555556,0.016095436952
0.0229086765277,0.0229086765277,0.0229086765277,0.0229086765277,0.0229086765277,0.0229086765277,0.0229086765277,0.0229086765277,0.0229086765277,0.0229086765277,0.0229086765277,0.0229086765277,0.0229086765277,0.0229086765277,0.0229086765277,0.0229086765277,0.0229086765277,0.0229086765277,5,X7 X8 X18,0.0169333333333,0.0154469553349,0.0169333333333,0.0154469553349
0.0229086765277,0.0229086765277,0.0229086765277,0.0229086765277,0.0229086765277,0.0229086765277,0.0229086765277,0.0229086765277,0.0229086765277,0.0229086765277,0.0229086765277,0.0229086765277,0.0229086765277,0.0229086765277,0.0229086765277,0.0229086765277,0.0229086765277,0.0229086765277,5,X74 X84 X85 X95,0.327244444444,0.0156364181779,0.327244444444,0.0156364181779
0.0229086765277,0.0229086765277,0.0229086765277,0.0229086765277,0.0229086765277,0.0229086765277,0.0229086765277,0.0229086765277,0.0229086765277,0.0229086765277,0.0229086765277,0.0229086765277,0.0229086765277,0.0229086765277,0.0229086765277,0.0229086765277,0.0229086765277,0.0229086765277,5,X75 X85 X86 X96,0.329955555556,0.0228350294417,0.329955555556,0.0228350294417
0.0229086765277,0.0229086765277,0.0229086765277,0.0229086765277,0.0229086765277,0.0229086765277,0.0229086765277,0.0229086765277,0.0229086765277,0.0229086765277,0.0229086765277,0.0229086765277,0.0229086765277,0.0229086765277,0.0229086765277,0.0229086765277,0.0229086765277,0.0229086765277,5,X76 X86 X87 X97,0.327711111111,0.0164828328977,0.327711111111,0.0164828328977
0.0229086765277,0.0229086765277,0.0229086765277,0.0229086765277,0.0229086765277,0.0229086765277,0.0229086765277,0.0229086765277,0.0229086765277,0.0229086765277,0.0229086765277,0.0229086765277,0.0229086765277,0.0229086765277,0.0229086765277,0.0229086765277,0.0229086765277,0.0229086765277,5,X77 X87 X88 X98,0.329733333333,0.0168332821212,0.329733333333,0.0168332821212
0.0229086765277,0.0229086765277,0.0229086765277,0.0229086765277,0.0229086765277,0.0229086765277,0.0229086765277,0.0229086765277,0.0229086765277,0.0229086765277,0.0229086765277,0.0229086765277,0.0229086765277,0.0229086765277,0.0229086765277,0.0229086765277,0.0229086765277,0.0229086765277,5,X78 X88 X89 X99,0.323911111111,0.0149643083244,0.323911111111,0.0149643083244
0.0229086765277,0.0229086765277,0.0229086765277,0.0229086765277,0.0229086765277,0.0229086765277,0.0229086765277,0.0229086765277,0.0229086765277,0.0229086765277,0.0229086765277,0.0229086765277,0.0229086765277,0.0229086765277,0.0229086765277,0.0229086765277,0.0229086765277,0.0229086765277,5,X79 X89 X90 X100,0.328466666667,0.0162217865894,0.328466666667,0.0162217865894
0.0229086765277,0.0229086765277,0.0229086765277,0.0229086765277,0.0229086765277,0.0229086765277,0.0229086765277,0.0229086765277,0.0229086765277,0.0229086765277,0.0229086765277,0.0229086765277,0.0229086765277,0.0229086765277,0.0229086765277,0.0229086765277,0.0229086765277,0.0229086765277,5,X8 X9 X19,0.0108444444444,0.00811966693036,0.0108444444444,0.00811966693036
0.0229086765277,0.0229086765277,0.0229086765277,0.0229086765277,0.0229086765277,0.0229086765277,0.0229086765277,0.0229086765277,0.0229086765277,0.0229086765277,0.0229086765277,0.0229086765277,0.0229086765277,0.0229086765277,0.0229086765277,0.0229086765277,0.0229086765277,0.0229086765277,5,X80 X90 X91 X101,0.3294,0.0206465233684,0.3294,0.0206465233684
0.0229086765277,0.0229086765277,0.0229086765277,0.0229086765277,0.0229086765277,0.0229086765277,0.0229086765277,0.0229086765277,0.0229086765277,0.0229086765277,0.0229086765277,0.0229086765277,0.0229086765277,0.0229086765277,0.0229086765277,0.0229086765277,0.0229086765277,0.0229086765277,5,X81 X91 X92 X102,0.329222222222,0.0182272444252,0.329222222222,0.0182272444252
0.0229086765277,0.0229086765277,0.0229086765277,0.0229086765277,0.0229086765277,0.0229086765277,0.0229086765277,0.0229086765277,0.0229086765277,0.0229086765277,0.0229086765277,0.0229086765277,0.0229086765277,0.0229086765277,0.0229086765277,0.0229086765277,0.0229086765277,0.0229086765277,5,X82 X92 X93 X103,0.325177777778,0.0134337407124,0.325177777778,0.0134337407124
0.0229086765277,0.0229086765277,0.0229086765277,0.0229086765277,0.0229086765277,0.0229086765277,0.0229086765277,0.0229086765277,0.0229086765277,0.0229086765277,0.0229086765277,0.0229086765277,0.0229086765277,0.0229086765277,0.0229086765277,0.0229086765277,0.0229086765277,0.0229086765277,5,X83 X93 X94 X104,0.0177333333333,0.0110277949082,0.0177333333333,0.0110277949082
0.0229086765277,0.0229086765277,0.0229086765277,0.0229086765277,0.0229086765277,0.0229086765277,0.0229086765277,0.0229086765277,0.0229086765277,0.0229086765277,0.0229086765277,0.0229086765277,0.0229086765277,0.0229086765277,0.0229086765277,0.0229086765277,0.0229086765277,0.0229086765277,5,X9 X10 X20,0.0162,0.0112159574335,0.0162,0.0112159574335
0.0229086765277,0.0229086765277,0.0229086765277,0.0229086765277,0.0229086765277,0.0229086765277,0.0229086765277,0.0229086765277,0.0229086765277,0.0229086765277,0.0229086765277,0.0229086765277,0.0229086765277,0.0229086765277,0.0229086765277,0.0229086765277,0.0229086765277,0.0229086765277,5,X95 X105 X106 X116,0.331311111111,0.017711596161,0.331311111111,0.017711596161
0.0229086765277,0.0229086765277,0.0229086765277,0.0229086765277,0.0229086765277,0.0229086765277,0.0229086765277,0.0229086765277,0.0229086765277,0.0229086765277,0.0229086765277,0.0229086765277,0.0229086765277,0.0229086765277,0.0229086765277,0.0229086765277,0.0229086765277,0.0229086765277,5,X96 X106 X107 X117,0.327533333333,0.0154027912085,0.327533333333,0.0154027912085
0.0229086765277,0.0229086765277,0.0229086765277,0.0229086765277,0.0229086765277,0.0229086765277,0.0229086765277,0.0229086765277,0.0229086765277,0.0229086765277,0.0229086765277,0.0229086765277,0.0229086765277,0.0229086765277,0.0229086765277,0.0229086765277,0.0229086765277,0.0229086765277,5,X97 X107 X108 X118,0.326222222222,0.00985151575685,0.326222222222,0.00985151575685
0.0229086765277,0.0229086765277,0.0229086765277,0.0229086765277,0.0229086765277,0.0229086765277,0.0229086765277,0.0229086765277,0.0229086765277,0.0229086765277,0.0229086765277,0.0229086765277,0.0229086765277,0.0229086765277,0.0229086765277,0.0229086765277,0.0229086765277,0.0229086765277,5,X98 X108 X109 X119,0.326711111111,0.0167074749447,0.326711111111,0.0167074749447
0.0229086765277,0.0229086765277,0.0229086765277,0.0229086765277,0.0229086765277,0.0229086765277,0.0229086765277,0.0229086765277,0.0229086765277,0.0229086765277,0.0229086765277,0.0229086765277,0.0229086765277,0.0229086765277,0.0229086765277,0.0229086765277,0.0229086765277,0.0229086765277,5,X99 X109 X110 X120,0.3284,0.0132405970395,0.3284,0.0132405970395
0.0229086765277,0.0229086765277,0.0229086765277,0.0229086765277,0.0229086765277,0.0229086765277,0.0229086765277,0.0229086765277,0.0229086765277,0.0229086765277,0.0229086765277,0.0229086765277,0.0229086765277,0.0229086765277,0.0229086765277,0.0229086765277,0.0229086765277,0.0229086765277,5,Z0 Z11 Z21,0.537755555556,0.0150508546195,0.537755555556,0.0150508546195
0.0229086765277,0.0229086765277,0.0229086765277,0.0229086765277,0.0229086765277,0.0229086765277,0.0229086765277,0.0229086765277,0.0229086765277,0.0229086765277,0.0229086765277,0.0229086765277,0.0229086765277,0.0229086765277,0.0229086765277,0.0229086765277,0.0229086765277,0.0229086765277,5,Z1 Z11 Z12 Z22,0.285266666667,0.0185929167084,0.285266666667,0.0185929167084
0.0229086765277,0.0229086765277,0.0229086765277,0.0229086765277,0.0229086765277,0.0229086765277,0.0229086765277,0.0229086765277,0.0229086765277,0.0229086765277,0.0229086765277,0.0229086765277,0.0229086765277,0.0229086765277,0.0229086765277,0.0229086765277,0.0229086765277,0.0229086765277,5,Z10 Z20 Z31,0.0248,0.0178245171032,0.0248,0.0178245171032
0.0229086765277,0.0229086765277,0.0229086765277,0.0229086765277,0.0229086765277,0.0229086765277,0.0229086765277,0.0229086765277,0.0229086765277,0.0229086765277,0.0229086765277,0.0229086765277,0.0229086765277,0.0229086765277,0.0229086765277,0.0229086765277,0.0229086765277,0.0229086765277,5,Z105 Z116 Z126,0.4766,0.0157726665943,0.4766,0.0157726665943
0.0229086765277,0.0229086765277,0.0229086765277,0.0229086765277,0.0229086765277,0.0229086765277,0.0229086765277,0.0229086765277,0.0229086765277,0.0229086765277,0.0229086765277,0.0229086765277,0.0229086765277,0.0229086765277,0.0229086765277,0.0229086765277,0.0229086765277,0.0229086765277,5,Z106 Z116 Z117 Z127,0.417266666667,0.0177158067394,0.417266666667,0.0177158067394
0.0229086765277,0.0229086765277,0.0229086765277,0.0229086765277,0.0229086765277,0.0229086765277,0.0229086765277,0.0229086765277,0.0229086765277,0.0229086765277,0.0229086765277,0.0229086765277,0.0229086765277,0.0229086765277,0.0229086765277,0.0229086765277,0.0229086765277,0.0229086765277,5,Z107 Z117 Z118 Z128,0.419955555556,0.0167989539296,0.419955555556,0.0167989539296
0.0229086765277,0.0229086765277,0.0229086765277,0.0229086765277,0.0229086765277,0.0229086765277,0.0229086765277,0.0229086765277,0.0229086765277,0.0229086765277,0.0229086765277,0.0229086765277,0.0229086765277,0.0229086765277,0.0229086765277,0.0229086765277,0.0229086765277,0.0229086765277,5,Z108 Z118 Z119 Z129,0.415533333333,0.0186832028562,0.415533333333,0.0186832028562
0.0229086765277,0.0229086765277,0.0229086765277,0.0229086765277,0.0229086765277,0.0229086765277,0.0229086765277,0.0229086765277,0.0229086765277,0.0229086765277,0.0229086765277,0.0229086765277,0.0229086765277,0.0229086765277,0.0229086765277,0.0229086765277,0.0229086765277,0.0229086765277,5,Z109 Z119 Z120 Z130,0.412066666667,0.0188336944325,0.412066666667,0.0188336944325
0.0229086765277,0.0229086765277,0.0229086765277,0.0229086765277,0.0229086765277,0.0229086765277,0.0229086765277,0.0229086765277,0.0229086765277,0.0229086765277,0.0229086765277,0.0229086765277,0.0229086765277,0.0229086765277,0.0229086765277,0.0229086765277,0.0229086765277,0.0229086765277,5,Z110 Z120 Z121 Z131,0.418511111111,0.0212582611093,0.418511111111,0.0212582611093
0.0229086765277,0.0229086765277,0.0229086765277,0.0229086765277,0.0229086765277,0.0229086765277,0.0229086765277,0.0229086765277,0.0229086765277,0.0229086765277,0.0229086765277,0.0229086765277,0.0229086765277,0.0229086765277,0.0229086765277,0.0229086765277,0.0229086765277,0.0229086765277,5,Z111 Z121 Z122 Z132,0.415444444444,0.0209118444015,0.415444444444,0.0209118444015
0.0229086765277,0.0229086765277,0.0229086765277,0.0229086765277,0.0229086765277,0.0229086765277,0.0229086765277,0.0229086765277,0.0229086765277,0.0229086765277,0.0229086765277,0.0229086765277,0.0229086765277,0.0229086765277,0.0229086765277,0.0229086765277,0.0229086765277,0.0229086765277,5,Z112 Z122 Z123 Z133,0.414977777778,0.018263069814,0.414977777778,0.018263069814
0.0229086765277,0.0229086765277,0.0229086765277,0.0229086765277,0.0229086765277,0.0229086765277,0.0229086765277,0.0229086765277,0.0229086765277,0.0229086765277,0.0229086765277,0.0229086765277,0.0229086765277,0.0229086765277,0.0229086765277,0.0229086765277,0.0229086765277,0.0229086765277,5,Z113 Z123 Z124 Z134,0.4164,0.0169077732696,0.4164,0.0169077732696
0.0229086765277,0.0229086765277,0.0229086765277,0.0229086765277,0.0229086765277,0.0229086765277,0.0229086765277,0.0229086765277,0.0229086765277,0.0229086765277,0.0229086765277,0.0229086765277,0.0229086765277,0.0229086765277,0.0229086765277,0.0229086765277,0.0229086765277,0.0229086765277,5,Z114 Z124 Z125 Z135,0.0210444444444,0.0163596394618,0.0210444444444,0.0163596394618
0.0229086765277,0.0229086765277,0.0229086765277,0.0229086765277,0.0229086765277,0.0229086765277,0.0229086765277,0.0229086765277,0.0229086765277,0.0229086765277,0.0229086765277,0.0229086765277,0.0229086765277,0.0229086765277,0.0229086765277,0.0229086765277,0.0229086765277,0.0229086765277,5,Z115 Z125 Z136,0.0204444444444,0.0141414131462,0.0204444444444,0.0141414131462
0.0229086765277,0.0229086765277,0.0229086765277,0.0229086765277,0.0229086765277,0.0229086765277,0.0229086765277,0.0229086765277,0.0229086765277,0.0229086765277,0.0229086765277,0.0229086765277,0.0229086765277,0.0229086765277,0.0229086765277,0.0229086765277,0.0229086765277,0.0229086765277,5,Z126 Z137 Z147,0.461111111111,0.0182476227042,0.461111111111,0.0182476227042
0.0229086765277,0.0229086765277,0.0229086765277,0.0229086765277,0.0229086765277,0.0229086765277,0.0229086765277,0.0229086765277,0.0229086765277,0.0229086765277,0.0229086765277,0.0229086765277,0.0229086765277,0.0229086765277,0.0229086765277,0.0229086765277,0.0229086765277,0.0229086765277,5,Z127 Z137 Z138 Z148,0.411622222222,0.0171990228122,0.411622222222,0.0171990228122
0.0229086765277,0.0229086765277,0.0229086765277,0.0229086765277,0.0229086765277,0.0229086765277,0.0229086765277,0.0229086765277,0.0229086765277,0.0229086765277,0.0229086765277,0.0229086765277,0.0229086765277,0.0229086765277,0.0229086765277,0.0229086765277,0.0229086765277,0.0229086765277,5,Z128 Z138 Z139 Z149,0.414511111111,0.0192341357894,0.414511111111,0.0192341357894
0.0229086765277,0.0229086765277,0.0229086765277,0.0229086765277,0.0229086765277,0.0229086765277,0.0229086765277,0.0229086765277,0.0229086765277,0.0229086765277,0.0229086765277,0.0229086765277,0.0229086765277,0.0229086765277,0.0229086765277,0.0229086765277,0.0229086765277,0.0229086765277,5,Z129 Z139 Z140 Z150,0.416555555556,0.01355571258,0.416555555556,0.01355571258
0.0229086765277,0.0229086765277,0.0229086765277,0.0229086765277,0.0229086765277,0.0229086765277,0.0229086765277,0.0229086765277,0.0229086765277,0.0229086765277,0.0229086765277,0.0229086765277,0.0229086765277,0.0229086765277,0.0229086765277,0.0229086765277,0.0229086765277,0.0229086765277,5,Z130 Z140 Z141 Z151,0.415088888889,0.0194037428418,0.415088888889,0.0194037428418
0.0229086765277,0.0229086765277,0.0229086765277,0.0229086765277,0.0229086765277,0.0229086765277,0.0229086765277,0.0229086765277,0.0229086765277,0.0229086765277,0.0229086765277,0.0229086765277,0.0229086765277,0.0229086765277,0.0229086765277,0.0229086765277,0.0229086765277,0.0229086765277,5,Z131 Z141 Z142 Z152,0.415644444444,0.0118777080666,0.415644444444,0.0118777080666
0.0229086765277,0.0229086765277,0.0229086765277,0.0229086765277,0.0229086765277,0.0229086765277,0.0229086765277,0.0229086765277,0.0229086765277,0.0229086765277,0.0229086765277,0.0229086765277,0.0229086765277,0.0229086765277,0.0229086765277,0.0229086765277,0.0229086765277,0.0229086765277,5,Z132 Z142 Z143 Z153,0.412888888889,0.0157833350528,0.412888888889,0.0157833350528
0.0229086765277,0.0229086765277,0.0229086765277,0.0229086765277,0.0229086765277,0.0229086765277,0.0229086765277,0.0229086765277,0.0229086765277,0.0229086765277,0.0229086765277,0.0229086765277,0.0229086765277,0.0229086765277,0.0229086765277,0.0229086765277,0.0229086765277,0.0229086765277,5,Z133 Z143 Z144 Z154,0.413733333333,0.0156548989798,0.413733333333,0.0156548989798
0.0229086765277,0.0229086765277,0.0229086765277,0.0229086765277,0.0229086765277,0.0229086765277,0.0229086765277,0.0229086765277,0.0229086765277,0.0229086765277,0.0229086765277,0.0229086765277,0.0229086765277,0.0229086765277,0.0229086765277,0.0229086765277,0.0229086765277,0.0229086765277,5,Z134 Z144 Z145 Z155,0.4194,0.0164462202624,0.4194,0.0164462202624
0.0229086765277,0.0229086765277,0.0229086765277,0.0229086765277,0.0229086765277,0.0229086765277,0.0229086765277,0.0229086765277,0.0229086765277,0.0229086765277,0.0229086765277,0.0229086765277,0.0229086765277,0.0229086765277,0.0229086765277,0.0229086765277,0.0229086765277,0.0229086765277,5,Z135 Z145 Z146 Z156,0.0183777777778,0.0140548278702,0.0183777777778,0.0140548278702
0.0229086765277,0.0229086765277,0.0229086765277,0.0229086765277,0.0229086765277,0.0229086765277,0.0229086765277,0.0229086765277,0.0229086765277,0.0229086765277,0.0229086765277,0.0229086765277,0.0229086765277,0.0229086765277,0.0229086765277,0.0229086765277,0.0229086765277,0.0229086765277,5,Z136 Z146 Z157,0.0224666666667,0.0129296949498,0.0224666666667,0.0129296949498
0.0229086765277,0.0229086765277,0.0229086765277,0.0229086765277,0.0229086765277,0.0229086765277,0.0229086765277,0.0229086765277,0.0229086765277,0.0229086765277,0.0229086765277,0.0229086765277,0.0229086765277,0.0229086765277,0.0229086765277,0.0229086765277,0.0229086765277,0.0229086765277,5,Z147 Z158 Z168,0.446844444444,0.0130450834335,0.446844444444,0.0130450834335
0.0229086765277,0.0229086765277,0.0229086765277,0.0229086765277,0.0229086765277,0.0229086765277,0.0229086765277,0.0229086765277,0.0229086765277,0.0229086765277,0.0229086765277,0.0229086765277,0.0229086765277,0.0229086765277,0.0229086765277,0.0229086765277,0.0229086765277,0.0229086765277,5,Z148 Z158 Z159 Z169,0.416066666667,0.0154139311024,0.416066666667,0.0154139311024
0.0229086765277,0.0229086765277,0.0229086765277,0.0229086765277,0.0229086765277,0.0229086765277,0.0229086765277,0.0229086765277,0.0229086765277,0.0229086765277,0.0229086765277,0.0229086765277,0.0229086765277,0.0229086765277,0.0229086765277,0.0229086765277,0.0229086765277,0.0229086765277,5,Z149 Z159 Z160 Z170,0.418444444444,0.0145041501085,0.418444444444,0.0145041501085
0.0229086765277,0.0229086765277,0.0229086765277,0.0229086765277,0.0229086765277,0.0229086765277,0.0229086765277,0.0229086765277,0.0229086765277,0.0229086765277,0.0229086765277,0.0229086765277,0.0229086765277,0.0229086765277,0.0229086765277,0.0229086765277,0.0229086765277,0.0229086765277,5,Z150 Z160 Z161 Z171,0.420666666667,0.0135454393507,0.420666666667,0.0135454393507
0.0229086765277,0.0229086765277,0.0229086765277,0.0229086765277,0.0229086765277,0.0229086765277,0.0229086765277,0.0229086765277,0.0229086765277,0.0229086765277,0.0229086765277,0.0229086765277,0.0229086765277,0.0229086765277,0.0229086765277,0.0229086765277,0.0229086765277,0.0229086765277,5,Z151 Z161 Z162 Z172,0.421022222222,0.0189435405005,0.421022222222,0.0189435405005
0.0229086765277,0.0229086765277,0.0229086765277,0.0229086765277,0.0229086765277,0.0229086765277,0.0229086765277,0.0229086765277,0.0229086765277,0.0229086765277,0.0229086765277,0.0229086765277,0.0229086765277,0.0229086765277,0.0229086765277,0.0229086765277,0.0229086765277,0.0229086765277,5,Z152 Z162 Z163 Z173,0.4114,0.0119428395964,0.4114,0.0119428395964
0.0229086765277,0.0229086765277,0.0229086765277,0.0229086765277,0.0229086765277,0.0229086765277,0.0229086765277,0.0229086765277,0.0229086765277,0.0229086765277,0.0229086765277,0.0229086765277,0.0229086765277,0.0229086765277,0.0229086765277,0.0229086765277,0.0229086765277,0.0229086765277,5,Z153 Z163 Z164 Z174,0.416755555556,0.0185222106153,0.416755555556,0.0185222106153
0.0229086765277,0.0229086765277,0.0229086765277,0.0229086765277,0.0229086765277,0.0229086765277,0.0229086765277,0.0229086765277,0.0229086765277,0.0229086765277,0.0229086765277,0.0229086765277,0.0229086765277,0.0229086765277,0.0229086765277,0.0229086765277,0.0229086765277,0.0229086765277,5,Z154 Z164 Z165 Z175,0.415577777778,0.0191861087466,0.415577777778,0.0191861087466
0.0229086765277,0.0229086765277,0.0229086765277,0.0229086765277,0.0229086765277,0.0229086765277,0.0229086765277,0.0229086765277,0.0229086765277,0.0229086765277,0.0229086765277,0.0229086765277,0.0229086765277,0.0229086765277,0.0229086765277,0.0229086765277,0.0229086765277,0.0229086765277,5,Z155 Z165 Z166 Z176,0.4222,0.0178818172167,0.4222,0.0178818172167
0.0229086765277,0.0229086765277,0.0229086765277,0.0229086765277,0.0229086765277,0.0229086765277,0.0229086765277,0.0229086765277,0.0229086765277,0.0229086765277,0.0229086765277,0.0229086765277,0.0229086765277,0.0229086765277,0.0229086765277,0.0229086765277,0.0229086765277,0.0229086765277,5,Z156 Z166 Z167 Z177,0.0134444444444,0.0126782564441,0.0134444444444,0.0126782564441
0.0229086765277,0.0229086765277,0.0229086765277,0.0229086765277,0.0229086765277,0.0229086765277,0.0229086765277,0.0229086765277,0.0229086765277,0.0229086765277,0.0229086765277,0.0229086765277,0.0229086765277,0.0229086765277,0.0229086765277,0.0229086765277,0.0229086765277,0.0229086765277,5,Z157 Z167 Z178,0.0257333333333,0.0173647813745,0.0257333333333,0.0173647813745
0.0229086765277,0.0229086765277,0.0229086765277,0.0229086765277,0.0229086765277,0.0229086765277,0.0229086765277,0.0229086765277,0.0229086765277,0.0229086765277,0.0229086765277,0.0229086765277,0.0229086765277,0.0229086765277,0.0229086765277,0.0229086765277,0.0229086765277,0.0229086765277,5,Z168 Z179 Z189,0.431933333333,0.0161490661391,0.431933333333,0.0161490661391
0.0229086765277,0.0229086765277,0.0229086765277,0.0229086765277,0.0229086765277,0.0229086765277,0.0229086765277,0.0229086765277,0.0229086765277,0.0229086765277,0.0229086765277,0.0229086765277,0.0229086765277,0.0229086765277,0.0229086765277,0.0229086765277,0.0229086765277,0.0229086765277,5,Z169 Z179 Z180 Z190,0.417777777778,0.0155278351804,0.417777777778,0.0155278351804
0.0229086765277,0.0229086765277,0.0229086765277,0.0229086765277,0.0229086765277,0.0229086765277,0.0229086765277,0.0229086765277,0.0229086765277,0.0229086765277,0.0229086765277,0.0229086765277,0.0229086765277,0.0229086765277,0.0229086765277,0.0229086765277,0.0229086765277,0.0229086765277,5,Z170 Z180 Z181 Z191,0.4204,0.0128087613693,0.4204,0.0128087613693
0.0229086765277,0.0229086765277,0.0229086765277,0.0229086765277,0.0229086765277,0.0229086765277,0.0229086765277,0.0229086765277,0.0229086765277,0.0229086765277,0.0229086765277,0.0229086765277,0.0229086765277,0.0229086765277,0.0229086765277,0.0229086765277,0.0229086765277,0.0229086765277,5,Z171 Z181 Z182 Z192,0.417622222222,0.0139947262463,0.417622222222,0.0139947262463
0.0229086765277,0.0229086765277,0.0229086765277,0.0229086765277,0.0229086765277,0.0229086765277,0.0229086765277,0.0229086765277,0.0229086765277,0.0229086765277,0.0229086765277,0.0229086765277,0.0229086765277,0.0229086765277,0.0229086765277,0.0229086765277,0.0229086765277,0.0229086765277,5,Z172 Z182 Z183 Z193,0.417,0.012892422557,0.417,0.012892422557
0.0229086765277,0.0229086765277,0.0229086765277,0.0229086765277,0.0229086765277,0.0229086765277,0.0229086765277,0.0229086765277,0.0229086765277,0.0229086765277,0.0229086765277,0.0229086765277,0.0229086765277,0.0229086765277,0.0229086765277,0.0229086765277,0.0229086765277,0.0229086765277,5,Z173 Z183 Z184 Z194,0.420622222222,0.0170137950189,0.420622222222,0.0170137950189
0.0229086765277,0.0229086765277,0.0229086765277,0.0229086765277,0.0229086765277,0.0229086765277,0.0229086765277,0.0229086765277,0.0229086765277,0.0229086765277,0.0229086765277,0.0229086765277,0.0229086765277,0.0229086765277,0.0229086765277,0.0229086765277,0.0229086765277,0.0229086765277,5,Z174 Z184 Z185 Z195,0.4194,0.0183848596713,0.4194,0.0183848596713
0.0229086765277,0.0229086765277,0.0229086765277,0.0229086765277,0.0229086765277,0.0229086765277,0.0229086765277,0.0229086765277,0.0229086765277,0.0229086765277,0.0229086765277,0.0229086765277,0.0229086765277,0.0229086765277,0.0229086765277,0.0229086765277,0.0229086765277,0.0229086765277,5,Z175 Z185 Z186 Z196,0.410133333333,0.0181753063922,0.410133333333,0.0181753063922
0.0229086765277,0.0229086765277,0.0229086765277,0.0229086765277,0.0229086765277,0.0229086765277,0.0229086765277,0.0229086765277,0.0229086765277,0.0229086765277,0.0229086765277,0.0229086765277,0.0229086765277,0.0229086765277,0.0229086765277,0.0229086765277,0.0229086765277,0.0229086765277,5,Z176 Z186 Z187 Z197,0.415533333333,0.0164255198137,0.415533333333,0.0164255198137
0.0229086765277,0.0229086765277,0.0229086765277,0.0229086765277,0.0229086765277,0.0229086765277,0.0229086765277,0.0229086765277,0.0229086765277,0.0229086765277,0.0229086765277,0.0229086765277,0.0229086765277,0.0229086765277,0.0229086765277,0.0229086765277,0.0229086765277,0.0229086765277,5,Z177 Z187 Z188 Z198,0.0189555555556,0.0144261186431,0.0189555555556,0.0144261186431
0.0229086765277,0.0229086765277,0.0229086765277,0.0229086765277,0.0229086765277,0.0229086765277,0.0229086765277,0.0229086765277,0.0229086765277,0.0229086765277,0.0229086765277,0.0229086765277,0.0229086765277,0.0229086765277,0.0229086765277,0.0229086765277,0.0229086765277,0.0229086765277,5,Z178 Z188 Z199,0.0231555555556,0.0161761693445,0.0231555555556,0.0161761693445
0.0229086765277,0.0229086765277,0.0229086765277,0.0229086765277,0.0229086765277,0.0229086765277,0.0229086765277,0.0229086765277,0.0229086765277,0.0229086765277,0.0229086765277,0.0229086765277,0.0229086765277,0.0229086765277,0.0229086765277,0.0229086765277,0.0229086765277,0.0229086765277,5,Z189 Z200 Z210,0.4338,0.0165870743196,0.4338,0.0165870743196
0.0229086765277,0.0229086765277,0.0229086765277,0.0229086765277,0.0229086765277,0.0229086765277,0.0229086765277,0.0229086765277,0.0229086765277,0.0229086765277,0.0229086765277,0.0229086765277,0.0229086765277,0.0229086765277,0.0229086765277,0.0229086765277,0.0229086765277,0.0229086765277,5,Z190 Z200 Z201 Z211,0.4276,0.0159977009843,0.4276,0.0159977009843
0.0229086765277,0.0229086765277,0.0229086765277,0.0229086765277,0.0229086765277,0.0229086765277,0.0229086765277,0.0229086765277,0.0229086765277,0.0229086765277,0.0229086765277,0.0229086765277,0.0229086765277,0.0229086765277,0.0229086765277,0.0229086765277,0.0229086765277,0.0229086765277,5,Z191 Z201 Z202 Z212,0.424,0.0141139315973,0.424,0.0141139315973
0.0229086765277,0.0229086765277,0.0229086765277,0.0229086765277,0.0229086765277,0.0229086765277,0.0229086765277,0.0229086765277,0.0229086765277,0.0229086765277,0.0229086765277,0.0229086765277,0.0229086765277,0.0229086765277,0.0229086765277,0.0229086765277,0.0229086765277,0.0229086765277,5,Z192 Z202 Z203 Z213,0.424555555556,0.0161450165101,0.424555555556,0.0161450165101
0.0229086765277,0.0229086765277,0.0229086765277,0.0229086765277,0.0229086765277,0.0229086765277,0.0229086765277,0.0229086765277,0.0229086765277,0.0229086765277,0.0229086765277,0.0229086765277,0.0229086765277,0.0229086765277,0.0229086765277,0.0229086765277,0.0229086765277,0.0229086765277,5,Z193 Z203 Z204 Z214,0.425244444444,0.0168288507366,0.425244444444,0.0168288507366
0.0229086765277,0.0229086765277,0.0229086765277,0.0229086765277,0.0229086765277,0.0229086765277,0.0229086765277,0.0229086765277,0.0229086765277,0.0229086765277,0.0229086765277,0.0229086765277,0.0229086765277,0.0229086765277,0.0229086765277,0.0229086765277,0.0229086765277,0.0229086765277,5,Z194 Z204 Z205 Z215,0.427244444444,0.015588317989,0.427244444444,0.015588317989
0.0229086765277,0.0229086765277,0.0229086765277,0.0229086765277,0.0229086765277,0.0229086765277,0.0229086765277,0.0229086765277,0.0229086765277,0.0229086765277,0.0229086765277,0.0229086765277,0.0229086765277,0.0229086765277,0.0229086765277,0.0229086765277,0.0229086765277,0.0229086765277,5,Z195 Z205 Z206 Z216,0.419622222222,0.0160790035464,0.419622222222,0.0160790035464
0.0229086765277,0.0229086765277,0.0229086765277,0.0229086765277,0.0229086765277,0.0229086765277,0.0229086765277,0.0229086765277,0.0229086765277,0.0229086765277,0.0229086765277,0.0229086765277,0.0229086765277,0.0229086765277,0.0229086765277,0.0229086765277,0.0229086765277,0.0229086765277,5,Z196 Z206 Z207 Z217,0.424866666667,0.0139952372851,0.424866666667,0.0139952372851
0.0229086765277,0.0229086765277,0.0229086765277,0.0229086765277,0.0229086765277,0.0229086765277,0.0229086765277,0.0229086765277,0.0229086765277,0.0229086765277,0.0229086765277,0.0229086765277,0.0229086765277,0.0229086765277,0.0229086765277,0.0229086765277,0.0229086765277,0.0229086765277,5,Z197 Z207 Z208 Z218,0.428577777778,0.0167741210397,0.428577777778,0.0167741210397
0.0229086765277,0.0229086765277,0.0229086765277,0.0229086765277,0.0229086765277,0.0229086765277,0.0229086765277,0.0229086765277,0.0229086765277,0.0229086765277,0.0229086765277,0.0229086765277,0.0229086765277,0.0229086765277,0.0229086765277,0.0229086765277,0.0229086765277,0.0229086765277,5,Z198 Z208 Z209 Z219,0.0166222222222,0.012142112945,0.0166222222222,0.012142112945
0.0229086765277,0.0229086765277,0.0229086765277,0.0229086765277,0.0229086765277,0.0229086765277,0.0229086765277,0.0229086765277,0.0229086765277,0.0229086765277,0.0229086765277,0.0229086765277,0.0229086765277,0.0229086765277,0.0229086765277,0.0229086765277,0.0229086765277,0.0229086765277,5,Z199 Z209 Z220,0.0150444444444,0.0139486560781,0.0150444444444,0.0139486560781
0.0229086765277,0.0229086765277,0.0229086765277,0.0229086765277,0.0229086765277,0.0229086765277,0.0229086765277,0.0229086765277,0.0229086765277,0.0229086765277,0.0229086765277,0.0229086765277,0.0229086765277,0.0229086765277,0.0229086765277,0.0229086765277,0.0229086765277,0.0229086765277,5,Z2 Z12 Z13 Z23,0.201822222222,0.0177595116889,0.201822222222,0.0177595116889
0.0229086765277,0.0229086765277,0.0229086765277,0.0229086765277,0.0229086765277,0.0229086765277,0.0229086765277,0.0229086765277,0.0229086765277,0.0229086765277,0.0229086765277,0.0229086765277,0.0229086765277,0.0229086765277,0.0229086765277,0.0229086765277,0.0229086765277,0.0229086765277,5,Z21 Z32 Z42,0.534844444444,0.0143368702755,0.534844444444,0.0143368702755
0.0229086765277,0.0229086765277,0.0229086765277,0.0229086765277,0.0229086765277,0.0229086765277,0.0229086765277,0.0229086765277,0.0229086765277,0.0229086765277,0.0229086765277,0.0229086765277,0.0229086765277,0.0229086765277,0.0229086765277,0.0229086765277,0.0229086765277,0.0229086765277,5,Z22 Z32 Z33 Z43,0.415466666667,0.0165002264004,0.415466666667,0.0165002264004
0.0229086765277,0.0229086765277,0.0229086765277,0.0229086765277,0.0229086765277,0.0229086765277,0.0229086765277,0.0229086765277,0.0229086765277,0.0229086765277,0.0229086765277,0.0229086765277,0.0229086765277,0.0229086765277,0.0229086765277,0.0229086765277,0.0229086765277,0.0229086765277,5,Z23 Z33 Z34 Z44,0.4208,0.016834920831,0.4208,0.016834920831
0.0229086765277,0.0229086765277,0.0229086765277,0.0229086765277,0.0229086765277,0.0229086765277,0.0229086765277,0.0229086765277,0.0229086765277,0.0229086765277,0.0229086765277,0.0229086765277,0.0229086765277,0.0229086765277,0.0229086765277,0.0229086765277,0.0229086765277,0.0229086765277,5,Z24 Z34 Z35 Z45,0.416866666667,0.0167012514731,0.416866666667,0.0167012514731
0.0229086765277,0.0229086765277,0.0229086765277,0.0229086765277,0.0229086765277,0.0229086765277,0.0229086765277,0.0229086765277,0.0229086765277,0.0229086765277,0.0229086765277,0.0229086765277,0.0229086765277,0.0229086765277,0.0229086765277,0.0229086765277,0.0229086765277,0.0229086765277,5,Z25 Z35 Z36 Z46,0.4162,0.013999616853,0.4162,0.013999616853
0.0229086765277,0.0229086765277,0.0229086765277,0.0229086765277,0.0229086765277,0.0229086765277,0.0229086765277,0.0229086765277,0.0229086765277,0.0229086765277,0.0229086765277,0.0229086765277,0.0229086765277,0.0229086765277,0.0229086765277,0.0229086765277,0.0229086765277,0.0229086765277,5,Z26 Z36 Z37 Z47,0.417533333333,0.0197463998368,0.417533333333,0.0197463998368
0.0229086765277,0.0229086765277,0.0229086765277,0.0229086765277,0.0229086765277,0.0229086765277,0.0229086765277,0.0229086765277,0.0229086765277,0.0229086765277,0.0229086765277,0.0229086765277,0.0229086765277,0.0229086765277,0.0229086765277,0.0229086765277,0.0229086765277,0.0229086765277,5,Z27 Z37 Z38 Z48,0.415955555556,0.0147800562873,0.415955555556,0.0147800562873
0.0229086765277,0.0229086765277,0.0229086765277,0.0229086765277,0.0229086765277,0.0229086765277,0.0229086765277,0.0229086765277,0.0229086765277,0.0229086765277,0.0229086765277,0.0229086765277,0.0229086765277,0.0229086765277,0.0229086765277,0.0229086765277,0.0229086765277,0.0229086765277,5,Z28 Z38 Z39 Z49,0.413133333333,0.0131483139953,0.413133333333,0.0131483139953
0.0229086765277,0.0229086765277,0.0229086765277,0.0229086765277,0.0229086765277,0.0229086765277,0.0229086765277,0.0229086765277,0.0229086765277,0.0229086765277,0.0229086765277,0.0229086765277,0.0229086765277,0.0229086765277,0.0229086765277,0.0229086765277,0.0229086765277,0.0229086765277,5,Z29 Z39 Z40 Z50,0.414622222222,0.0192136073535,0.414622222222,0.0192136073535
0.0229086765277,0.0229086765277,0.0229086765277,0.0229086765277,0.0229086765277,0.0229086765277,0.0229086765277,0.0229086765277,0.0229086765277,0.0229086765277,0.0229086765277,0.0229086765277,0.0229086765277,0.0229086765277,0.0229086765277,0.0229086765277,0.0229086765277,0.0229086765277,5,Z3 Z13 Z14 Z24,0.1452,0.0156752483222,0.1452,0.0156752483222
0.0229086765277,0.0229086765277,0.0229086765277,0.0229086765277,0.0229086765277,0.0229086765277,0.0229086765277,0.0229086765277,0.0229086765277,0.0229086765277,0.0229086765277,0.0229086765277,0.0229086765277,0.0229086765277,0.0229086765277,0.0229086765277,0.0229086765277,0.0229086765277,5,Z30 Z40 Z41 Z51,0.0255555555556,0.0120641114121,0.0255555555556,0.0120641114121
0.0229086765277,0.0229086765277,0.0229086765277,0.0229086765277,0.0229086765277,0.0229086765277,0.0229086765277,0.0229086765277,0.0229086765277,0.0229086765277,0.0229086765277,0.0229086765277,0.0229086765277,0.0229086765277,0.0229086765277,0.0229086765277,0.0229086765277,0.0229086765277,5,Z31 Z41 Z52,0.0204222222222,0.0121263884802,0.0204222222222,0.0121263884802
0.0229086765277,0.0229086765277,0.0229086765277,0.0229086765277,0.0229086765277,0.0229086765277,0.0229086765277,0.0229086765277,0.0229086765277,0.0229086765277,0.0229086765277,0.0229086765277,0.0229086765277,0.0229086765277,0.0229086765277,0.0229086765277,0.0229086765277,0.0229086765277,5,Z4 Z14 Z15 Z25,0.103488888889,0.0185345764351,0.103488888889,0.0185345764351
0.0229086765277,0.0229086765277,0.0229086765277,0.0229086765277,0.0229086765277,0.0229086765277,0.0229086765277,0.0229086765277,0.0229086765277,0.0229086765277,0.0229086765277,0.0229086765277,0.0229086765277,0.0229086765277,0.0229086765277,0.0229086765277,0.0229086765277,0.0229086765277,5,Z42 Z53 Z63,0.522844444444,0.0137129112004,0.522844444444,0.0137129112004
0.0229086765277,0.0229086765277,0.0229086765277,0.0229086765277,0.0229086765277,0.0229086765277,0.0229086765277,0.0229086765277,0.0229086765277,0.0229086765277,0.0229086765277,0.0229086765277,0.0229086765277,0.0229086765277,0.0229086765277,0.0229086765277,0.0229086765277,0.0229086765277,5,Z43 Z53 Z54 Z64,0.415022222222,0.0195957093852,0.415022222222,0.0195957093852
0.0229086765277,0.0229086765277,0.0229086765277,0.0229086765277,0.0229086765277,0.0229086765277,0.0229086765277,0.0229086765277,0.0229086765277,0.0229086765277,0.0229086765277,0.0229086765277,0.0229086765277,0.0229086765277,0.0229086765277,0.0229086765277,0.0229086765277,0.0229086765277,5,Z44 Z54 Z55 Z65,0.414266666667,0.0154865904175,0.414266666667,0.0154865904175
0.0229086765277,0.0229086765277,0.0229086765277,0.0229086765277,0.0229086765277,0.0229086765277,0.0229086765277,0.0229086765277,0.0229086765277,0.0229086765277,0.0229086765277,0.0229086765277,0.0229086765277,0.0229086765277,0.0229086765277,0.0229086765277,0.0229086765277,0.0229086765277,5,Z45 Z55 Z56 Z66,0.416822222222,0.0176128508755,0.416822222222,0.0176128508755
0.0229086765277,0.0229086765277,0.0229086765277,0.0229086765277,0.0229086765277,0.0229086765277,0.0229086765277,0.0229086765277,0.0229086765277,0.0229086765277,0.0229086765277,0.0229086765277,0.0229086765277,0.0229086765277,0.0229086765277,0.0229086765277,0.0229086765277,0.0229086765277,5,Z46 Z56 Z57 Z67,0.420644444444,0.0191541304997,0.420644444444,0.0191541304997
0.0229086765277,0.0229086765277,0.0229086765277,0.0229086765277,0.0229086765277,0.0229086765277,0.0229086765277,0.0229086765277,0.0229086765277,0.0229086765277,0.0229086765277,0.0229086765277,0.0229086765277,0.0229086765277,0.0229086765277,0.0229086765277,0.0229086765277,0.0229086765277,5,Z47 Z57 Z58 Z68,0.416866666667,0.0175461296777,0.416866666667,0.0175461296777
0.0229086765277,0.0229086765277,0.0229086765277,0.0229086765277,0.0229086765277,0.0229086765277,0.0229086765277,0.0229086765277,0.0229086765277,0.0229086765277,0.0229086765277,0.0229086765277,0.0229086765277,0.0229086765277,0.0229086765277,0.0229086765277,0.0229086765277,0.0229086765277,5,Z48 Z58 Z59 Z69,0.414022222222,0.0199512688567,0.414022222222,0.0199512688567
0.0229086765277,0.0229086765277,0.0229086765277,0.0229086765277,0.0229086765277,0.0229086765277,0.0229086765277,0.0229086765277,0.0229086765277,0.0229086765277,0.0229086765277,0.0229086765277,0.0229086765277,0.0229086765277,0.0229086765277,0.0229086765277,0.0229086765277,0.0229086765277,5,Z49 Z59 Z60 Z70,0.421711111111,0.0177558437487,0.421711111111,0.0177558437487
0.0229086765277,0.0229086765277,0.0229086765277,0.0229086765277,0.0229086765277,0.0229086765277,0.0229086765277,0.0229086765277,0.0229086765277,0.0229086765277,0.0229086765277,0.0229086765277,0.0229086765277,0.0229086765277,0.0229086765277,0.0229086765277,0.0229086765277,0.0229086765277,5,Z5 Z15 Z16 Z26,0.0675111111111,0.0188301000853,0.0675111111111,0.0188301000853
0.0229086765277,0.0229086765277,0.0229086765277,0.0229086765277,0.0229086765277,0.0229086765277,0.0229086765277,0.0229086765277,0.0229086765277,0.0229086765277,0.0229086765277,0.0229086765277,0.0229086765277,0.0229086765277,0.0229086765277,0.0229086765277,0.0229086765277,0.0229086765277,5,Z50 Z60 Z61 Z71,0.419244444444,0.0185255200047,0.419244444444,0.0185255200047
0.0229086765277,0.0229086765277,0.0229086765277,0.0229086765277,0.0229086765277,0.0229086765277,0.0229086765277,0.0229086765277,0.0229086765277,0.0229086765277,0.0229086765277,0.0229086765277,0.0229086765277,0.0229086765277,0.0229086765277,0.0229086765277,0.0229086765277,0.0229086765277,5,Z51 Z61 Z62 Z72,0.0247333333333,0.0134902831499,0.0247333333333,0.0134902831499
0.0229086765277,0.0229086765277,0.0229086765277,0.0229086765277,0.0229086765277,0.0229086765277,0.0229086765277,0.0229086765277,0.0229086765277,0.0229086765277,0.0229086765277,0.0229086765277,0.0229086765277,0.0229086765277,0.0229086765277,0.0229086765277,0.0229086765277,0.0229086765277,5,Z52 Z62 Z73,0.0228888888889,0.0130349760359,0.0228888888889,0.0130349760359
0.0229086765277,0.0229086765277,0.0229086765277,0.0229086765277,0.0229086765277,0.0229086765277,0.0229086765277,0.0229086765277,0.0229086765277,0.0229086765277,0.0229086765277,0.0229086765277,0.0229086765277,0.0229086765277,0.0229086765277,0.0229086765277,0.0229086765277,0.0229086765277,5,Z6 Z16 Z17 Z27,0.0524888888889,0.0150268554826,0.0524888888889,0.0150268554826
0.0229086765277,0.0229086765277,0.0229086765277,0.0229086765277,0.0229086765277,0.0229086765277,0.0229086765277,0.0229086765277,0.0229086765277,0.0229086765277,0.0229086765277,0.0229086765277,0.0229086765277,0.0229086765277,0.0229086765277,0.0229086765277,0.0229086765277,0.0229086765277,5,Z63 Z74 Z84,0.503266666667,0.0117995389221,0.503266666667,0.0117995389221
0.0229086765277,0.0229086765277,0.0229086765277,0.0229086765277,0.0229086765277,0.0229086765277,0.0229086765277,0.0229086765277,0.0229086765277,0.0229086765277,0.0229086765277,0.0229086765277,0.0229086765277,0.0229086765277,0.0229086765277,0.0229086765277,0.0229086765277,0.0229086765277,5,Z64 Z74 Z75 Z85,0.408888888889,0.0195758341393,0.408888888889,0.0195758341393
0.0229086765277,0.0229086765277,0.0229086765277,0.0229086765277,0.0229086765277,0.0229086765277,0.0229086765277,0.0229086765277,0.0229086765277,0.0229086765277,0.0229086765277,0.0229086765277,0.0229086765277,0.0229086765277,0.0229086765277,0.0229086765277,0.0229086765277,0.0229086765277,5,Z65 Z75 Z76 Z86,0.413822222222,0.0179021891967,0.413822222222,0.0179021891967
0.0229086765277,0.0229086765277,0.0229086765277,0.0229086765277,0.0229086765277,0.0229086765277,0.0229086765277,0.0229086765277,0.0229086765277,0.0229086765277,0.0229086765277,0.0229086765277,0.0229086765277,0.0229086765277,0.0229086765277,0.0229086765277,0.0229086765277,0.0229086765277,5,Z66 Z76 Z77 Z87,0.414711111111,0.0194766258049,0.414711111111,0.0194766258049
0.0229086765277,0.0229086765277,0.0229086765277,0.0229086765277,0.0229086765277,0.0229086765277,0.0229086765277,0.0229086765277,0.0229086765277,0.0229086765277,0.0229086765277,0.0229086765277,0.0229086765277,0.0229086765277,0.0229086765277,0.0229086765277,0.0229086765277,0.0229086765277,5,Z67 Z77 Z78 Z88,0.416155555556,0.0193580368003,0.416155555556,0.0193580368003
0.0229086765277,0.0229086765277,0.0229086765277,0.0229086765277,0.0229086765277,0.0229086765277,0.0229086765277,0.0229086765277,0.0229086765277,0.0229086765277,0.0229086765277,0.0229086765277,0.0229086765277,0.0229086765277,0.0229086765277,0.0229086765277,0.0229086765277,0.0229086765277,5,Z68 Z78 Z79 Z89,0.411066666667,0.0129562777872,0.411066666667,0.0129562777872
0.0229086765277,0.0229086765277,0.0229086765277,0.0229086765277,0.0229086765277,0.0229086765277,0.0229086765277,0.0229086765277,0.0229086765277,0.0229086765277,0.0229086765277,0.0229086765277,0.0229086765277,0.0229086765277,0.0229086765277,0.0229086765277,0.0229086765277,0.0229086765277,5,Z69 Z79 Z80 Z90,0.414755555556,0.0179720799499,0.414755555556,0.0179720799499
0.0229086765277,0.0229086765277,0.0229086765277,0.0229086765277,0.0229086765277,0.0229086765277,0.0229086765277,0.0229086765277,0.0229086765277,0.0229086765277,0.0229086765277,0.0229086765277,0.0229086765277,0.0229086765277,0.0229086765277,0.0229086765277,0.0229086765277,0.0229086765277,5,Z7 Z17 Z18 Z28,0.0384888888889,0.0183310831082,0.0384888888889,0.0183310831082
0.0229086765277,0.0229086765277,0.0229086765277,0.0229086765277,0.0229086765277,0.0229086765277,0.0229086765277,0.0229086765277,0.0229086765277,0.0229086765277,0.0229086765277,0.0229086765277,0.0229086765277,0.0229086765277,0.0229086765277,0.0229086765277,0.0229086765277,0.0229086765277,5,Z70 Z80 Z81 Z91,0.414422222222,0.0176483169361,0.414422222222,0.0176483169361
0.0229086765277,0.0229086765277,0.0229086765277,0.0229086765277,0.0229086765277,0.0229086765277,0.0229086765277,0.0229086765277,0.0229086765277,0.0229086765277,0.0229086765277,0.0229086765277,0.0229086765277,0.0229086765277,0.0229086765277,0.0229086765277,0.0229086765277,0.0229086765277,5,Z71 Z81 Z82 Z92,0.417733333333,0.0149744098445,0.417733333333,0.0149744098445
0.0229086765277,0.0229086765277,0.0229086765277,0.0229086765277,0.0229086765277,0.0229086765277,0.0229086765277,0.0229086765277,0.0229086765277,0.0229086765277,0.0229086765277,0.0229086765277,0.0229086765277,0.0229086765277,0.0229086765277,0.0229086765277,0.0229086765277,0.0229086765277,5,Z72 Z82 Z83 Z93,0.0227555555556,0.0128924027447,0.0227555555556,0.0128924027447
0.0229086765277,0.0229086765277,0.0229086765277,0.0229086765277,0.0229086765277,0.0229086765277,0.0229086765277,0.0229086765277,0.0229086765277,0.0229086765277,0.0229086765277,0.0229086765277,0.0229086765277,0.0229086765277,0.0229086765277,0.0229086765277,0.0229086765277,0.0229086765277,5,Z73 Z83 Z94,0.0184222222222,0.0145812384921,0.0184222222222,0.0145812384921
0.0229086765277,0.0229086765277,0.0229086765277,0.0229086765277,0.0229086765277,0.0229086765277,0.0229086765277,0.0229086765277,0.0229086765277,0.0229086765277,0.0229086765277,0.0229086765277,0.0229086765277,0.0229086765277,0.0229086765277,0.0229086765277,0.0229086765277,0.0229086765277,5,Z8 Z18 Z19 Z29,0.0268222222222,0.0175133738352,0.0268222222222,0.0175133738352
0.0229086765277,0.0229086765277,0.0229086765277,0.0229086765277,0.0229086765277,0.0229086765277,0.0229086765277,0.0229086765277,0.0229086765277,0.0229086765277,0.0229086765277,0.0229086765277,0.0229086765277,0.0229086765277,0.0229086765277,0.0229086765277,0.0229086765277,0.0229086765277,5,Z84 Z95 Z105,0.488266666667,0.013665517193,0.488266666667,0.013665517193
0.0229086765277,0.0229086765277,0.0229086765277,0.0229086765277,0.0229086765277,0.0229086765277,0.0229086765277,0.0229086765277,0.0229086765277,0.0229086765277,0.0229086765277,0.0229086765277,0.0229086765277,0.0229086765277,0.0229086765277,0.0229086765277,0.0229086765277,0.0229086765277,5,Z85 Z95 Z96 Z106,0.412111111111,0.0158673460043,0.412111111111,0.0158673460043
0.0229086765277,0.0229086765277,0.0229086765277,0.0229086765277,0.0229086765277,0.0229086765277,0.0229086765277,0.0229086765277,0.0229086765277,0.0229086765277,0.0229086765277,0.0229086765277,0.0229086765277,0.0229086765277,0.0229086765277,0.0229086765277,0.0229086765277,0.0229086765277,5,Z86 Z96 Z97 Z107,0.414888888889,0.0154069530339,0.414888888889,0.0154069530339
0.0229086765277,0.0229086765277,0.0229086765277,0.0229086765277,0.0229086765277,0.0229086765277,0.0229086765277,0.0229086765277,0.0229086765277,0.0229086765277,0.0229086765277,0.0229086765277,0.0229086765277,0.0229086765277,0.0229086765277,0.0229086765277,0.0229086765277,0.0229086765277,5,Z87 Z97 Z98 Z108,0.409133333333,0.01746734227,0.409133333333,0.01746734227
0.0229086765277,0.0229086765277,0.0229086765277,0.0229086765277,0.0229086765277,0.0229086765277,0.0229086765277,0.0229086765277,0.0229086765277,0.0229086765277,0.0229086765277,0.0229086765277,0.0229086765277,0.0229086765277,0.0229086765277,0.0229086765277,0.0229086765277,0.0229086765277,5,Z88 Z98 Z99 Z109,0.417444444444,0.014786431943,0.417444444444,0.014786431943
0.0229086765277,0.0229086765277,0.0229086765277,0.0229086765277,0.0229086765277,0.0229086765277,0.0229086765277,0.0229086765277,0.0229086765277,0.0229086765277,0.0229086765277,0.0229086765277,0.0229086765277,0.0229086765277,0.0229086765277,0.0229086765277,0.0229086765277,0.0229086765277,5,Z89 Z99 Z100 Z110,0.4146,0.0179879482856,0.4146,0.0179879482856
0.0229086765277,0.0229086765277,0.0229086765277,0.0229086765277,0.0229086765277,0.0229086765277,0.0229086765277,0.0229086765277,0.0229086765277,0.0229086765277,0.0229086765277,0.0229086765277,0.0229086765277,0.0229086765277,0.0229086765277,0.0229086765277,0.0229086765277,0.0229086765277,5,Z9 Z19 Z20 Z30,0.0173111111111,0.0134232409347,0.0173111111111,0.0134232409347
0.0229086765277,0.0229086765277,0.0229086765277,0.0229086765277,0.0229086765277,0.0229086765277,0.0229086765277,0.0229086765277,0.0229086765277,0.0229086765277,0.0229086765277,0.0229086765277,0.0229086765277,0.0229086765277,0.0229086765277,0.0229086765277,0.0229086765277,0.0229086765277,5,Z90 Z100 Z101 Z111,0.412777777778,0.0157286212828,0.412777777778,0.0157286212828
0.0229086765277,0.0229086765277,0.0229086765277,0.0229086765277,0.0229086765277,0.0229086765277,0.0229086765277,0.0229086765277,0.0229086765277,0.0229086765277,0.0229086765277,0.0229086765277,0.0229086765277,0.0229086765277,0.0229086765277,0.0229086765277,0.0229086765277,0.0229086765277,5,Z91 Z101 Z102 Z112,0.415844444444,0.00903409180908,0.415844444444,0.00903409180908
0.0229086765277,0.0229086765277,0.0229086765277,0.0229086765277,0.0229086765277,0.0229086765277,0.0229086765277,0.0229086765277,0.0229086765277,0.0229086765277,0.0229086765277,0.0229086765277,0.0229086765277,0.0229086765277,0.0229086765277,0.0229086765277,0.0229086765277,0.0229086765277,5,Z92 Z102 Z103 Z113,0.416844444444,0.0191976477912,0.416844444444,0.0191976477912
0.0229086765277,0.0229086765277,0.0229086765277,0.0229086765277,0.0229086765277,0.0229086765277,0.0229086765277,0.0229086765277,0.0229086765277,0.0229086765277,0.0229086765277,0.0229086765277,0.0229086765277,0.0229086765277,0.0229086765277,0.0229086765277,0.0229086765277,0.0229086765277,5,Z93 Z103 Z104 Z114,0.0182444444444,0.012427239064,0.0182444444444,0.012427239064
0.0229086765277,0.0229086765277,0.0229086765277,0.0229086765277,0.0229086765277,0.0229086765277,0.0229086765277,0.0229086765277,0.0229086765277,0.0229086765277,0.0229086765277,0.0229086765277,0.0229086765277,0.0229086765277,0.0229086765277,0.0229086765277,0.0229086765277,0.0229086765277,5,Z94 Z104 Z115,0.0251111111111,0.0174358887675,0.0251111111111,0.0174358887675
0.0229086765277,0.0229086765277,0.0229086765277,0.0229086765277,0.0229086765277,0.0229086765277,0.0229086765277,0.0229086765277,0.0229086765277,0.0229086765277,0.0229086765277,0.0229086765277,0.0229086765277,0.0229086765277,0.0229086765277,0.0229086765277,0.0229086765277,0.0229086765277,10,Logical X,0.127666666667,0.0182193951643,0.123688888889,0.0161494299232
0.0229086765277,0.0229086765277,0.0229086765277,0.0229086765277,0.0229086765277,0.0229086765277,0.0229086765277,0.0229086765277,0.0229086765277,0.0229086765277,0.0229086765277,0.0229086765277,0.0229086765277,0.0229086765277,0.0229086765277,0.0229086765277,0.0229086765277,0.0229086765277,10,Logical Y,0.0183333333333,0.0134998226184,0.0014,0.0164154398865
0.0229086765277,0.0229086765277,0.0229086765277,0.0229086765277,0.0229086765277,0.0229086765277,0.0229086765277,0.0229086765277,0.0229086765277,0.0229086765277,0.0229086765277,0.0229086765277,0.0229086765277,0.0229086765277,0.0229086765277,0.0229086765277,0.0229086765277,0.0229086765277,10,Logical Z,0.0166888888889,0.010529991225,0.00397777777778,0.0209333797008
0.0229086765277,0.0229086765277,0.0229086765277,0.0229086765277,0.0229086765277,0.0229086765277,0.0229086765277,0.0229086765277,0.0229086765277,0.0229086765277,0.0229086765277,0.0229086765277,0.0229086765277,0.0229086765277,0.0229086765277,0.0229086765277,0.0229086765277,0.0229086765277,10,X0 X1 X11,0.357866666667,0.0188970998606,0.357866666667,0.0188970998606
0.0229086765277,0.0229086765277,0.0229086765277,0.0229086765277,0.0229086765277,0.0229086765277,0.0229086765277,0.0229086765277,0.0229086765277,0.0229086765277,0.0229086765277,0.0229086765277,0.0229086765277,0.0229086765277,0.0229086765277,0.0229086765277,0.0229086765277,0.0229086765277,10,X1 X2 X12,0.178311111111,0.0202230726948,0.178311111111,0.0202230726948
0.0229086765277,0.0229086765277,0.0229086765277,0.0229086765277,0.0229086765277,0.0229086765277,0.0229086765277,0.0229086765277,0.0229086765277,0.0229086765277,0.0229086765277,0.0229086765277,0.0229086765277,0.0229086765277,0.0229086765277,0.0229086765277,0.0229086765277,0.0229086765277,10,X100 X110 X111 X121,0.3282,0.0153768996272,0.3282,0.0153768996272
0.0229086765277,0.0229086765277,0.0229086765277,0.0229086765277,0.0229086765277,0.0229086765277,0.0229086765277,0.0229086765277,0.0229086765277,0.0229086765277,0.0229086765277,0.0229086765277,0.0229086765277,0.0229086765277,0.0229086765277,0.0229086765277,0.0229086765277,0.0229086765277,10,X101 X111 X112 X122,0.327644444444,0.0179456252651,0.327644444444,0.0179456252651
0.0229086765277,0.0229086765277,0.0229086765277,0.0229086765277,0.0229086765277,0.0229086765277,0.0229086765277,0.0229086765277,0.0229086765277,0.0229086765277,0.0229086765277,0.0229086765277,0.0229086765277,0.0229086765277,0.0229086765277,0.0229086765277,0.0229086765277,0.0229086765277,10,X102 X112 X113 X123,0.330355555556,0.0193509498283,0.330355555556,0.0193509498283
0.0229086765277,0.0229086765277,0.0229086765277,0.0229086765277,0.0229086765277,0.0229086765277,0.0229086765277,0.0229086765277,0.0229086765277,0.0229086765277,0.0229086765277,0.0229086765277,0.0229086765277,0.0229086765277,0.0229086765277,0.0229086765277,0.0229086765277,0.0229086765277,10,X103 X113 X114 X124,0.324533333333,0.0156400115628,0.324533333333,0.0156400115628
0.0229086765277,0.0229086765277,0.0229086765277,0.0229086765277,0.0229086765277,0.0229086765277,0.0229086765277,0.0229086765277,0.0229086765277,0.0229086765277,0.0229086765277,0.0229086765277,0.0229086765277,0.0229086765277,0.0229086765277,0.0229086765277,0.0229086765277,0.0229086765277,10,X104 X114 X115 X125,0.0122666666667,0.00896241620405,0.0122666666667,0.00896241620405
0.0229086765277,0.0229086765277,0.0229086765277,0.0229086765277,0.0229086765277,0.0229086765277,0.0229086765277,0.0229086765277,0.0229086765277,0.0229086765277,0.0229086765277,0.0229086765277,0.0229086765277,0.0229086765277,0.0229086765277,0.0229086765277,0.0229086765277,0.0229086765277,10,X11 X21 X22 X32,0.329622222222,0.0138969202832,0.329622222222,0.0138969202832
0.0229086765277,0.0229086765277,0.0229086765277,0.0229086765277,0.0229086765277,0.0229086765277,0.0229086765277,0.0229086765277,0.0229086765277,0.0229086765277,0.0229086765277,0.0229086765277,0.0229086765277,0.0229086765277,0.0229086765277,0.0229086765277,0.0229086765277,0.0229086765277,10,X116 X126 X127 X137,0.327822222222,0.0176287238034,0.327822222222,0.0176287238034
0.0229086765277,0.0229086765277,0.0229086765277,0.0229086765277,0.0229086765277,0.0229086765277,0.0229086765277,0.0229086765277,0.0229086765277,0.0229086765277,0.0229086765277,0.0229086765277,0.0229086765277,0.0229086765277,0.0229086765277,0.0229086765277,0.0229086765277,0.0229086765277,10,X117 X127 X128 X138,0.331555555556,0.0195727023398,0.331555555556,0.0195727023398
0.0229086765277,0.0229086765277,0.0229086765277,0.0229086765277,0.0229086765277,0.0229086765277,0.0229086765277,0.0229086765277,0.0229086765277,0.0229086765277,0.0229086765277,0.0229086765277,0.0229086765277,0.0229086765277,0.0229086765277,0.0229086765277,0.0229086765277,0.0229086765277,10,X118 X128 X129 X139,0.328244444444,0.0197031481883,0.328244444444,0.0197031481883
0.0229086765277,0.0229086765277,0.0229086765277,0.0229086765277,0.0229086765277,0.0229086765277,0.0229086765277,0.0229086765277,0.0229086765277,0.0229086765277,0.0229086765277,0.0229086765277,0.0229086765277,0.0229086765277,0.0229086765277,0.0229086765277,0.0229086765277,0.0229086765277,10,X119 X129 X130 X140,0.329422222222,0.0158814895827,0.329422222222,0.0158814895827
0.0229086765277,0.0229086765277,0.0229086765277,0.0229086765277,0.0229086765277,0.0229086765277,0.0229086765277,0.0229086765277,0.0229086765277,0.0229086765277,0.0229086765277,0.0229086765277,0.0229086765277,0.0229086765277,0.0229086765277,0.0229086765277,0.0229086765277,0.0229086765277,10,X12 X22 X23 X33,0.327422222222,0.0165986966514,0.327422222222,0.0165986966514
0.0229086765277,0.0229086765277,0.0229086765277,0.0229086765277,0.0229086765277,0.0229086765277,0.0229086765277,0.0229086765277,0.0229086765277,0.0229086765277,0.0229086765277,0.0229086765277,0.0229086765277,0.0229086765277,0.0229086765277,0.0229086765277,0.0229086765277,0.0229086765277,10,X120 X130 X131 X141,0.324644444444,0.0158009489344,0.324644444444,0.0158009489344
0.0229086765277,0.0229086765277,0.0229086765277,0.0229086765277,0.0229086765277,0.0229086765277,0.0229086765277,0.0229086765277,0.0229086765277,0.0229086765277,0.0229086765277,0.0229086765277,0.0229086765277,0.0229086765277,0.0229086765277,0.0229086765277,0.0229086765277,0.0229086765277,10,X121 X131 X132 X142,0.326533333333,0.0172530412667,0.326533333333,0.0172530412667
0.0229086765277,0.0229086765277,0.0229086765277,0.0229086765277,0.0229086765277,0.0229086765277,0.0229086765277,0.0229086765277,0.0229086765277,0.0229086765277,0.0229086765277,0.0229086765277,0.0229086765277,0.0229086765277,0.0229086765277,0.0229086765277,0.0229086765277,0.0229086765277,10,X122 X132 X133 X143,0.332177777778,0.0156111104294,0.332177777778,0.0156111104294
0.0229086765277,0.0229086765277,0.0229086765277,0.0229086765277,0.0229086765277,0.0229086765277,0.0229086765277,0.0229086765277,0.0229086765277,0.0229086765277,0.0229086765277,0.0229086765277,0.0229086765277,0.0229086765277,0.0229086765277,0.0229086765277,0.0229086765277,0.0229086765277,10,X123 X133 X134 X144,0.324644444444,0.012602357419,0.324644444444,0.012602357419
0.0229086765277,0.0229086765277,0.0229086765277,0.0229086765277,0.0229086765277,0.0229086765277,0.0229086765277,0.0229086765277,0.0229086765277,0.0229086765277,0.0229086765277,0.0229086765277,0.0229086765277,0.0229086765277,0.0229086765277,0.0229086765277,0.0229086765277,0.0229086765277,10,X124 X134 X135 X145,0.331422222222,0.0177386158698,0.331422222222,0.0177386158698
0.0229086765277,0.0229086765277,0.0229086765277,0.0229086765277,0.0229086765277,0.0229086765277,0.0229086765277,0.0229086765277,0.0229086765277,0.0229086765277,0.0229086765277,0.0229086765277,0.0229086765277,0.0229086765277,0.0229086765277,0.0229086765277,0.0229086765277,0.0229086765277,10,X125 X135 X136 X146,0.0144,0.0108865272285,0.0144,0.0108865272285
0.0229086765277,0.0229086765277,0.0229086765277,0.0229086765277,0.0229086765277,0.0229086765277,0.0229086765277,0.0229086765277,0.0229086765277,0.0229086765277,0.0229086765277,0.0229086765277,0.0229086765277,0.0229086765277,0.0229086765277,0.0229086765277,0.0229086765277,0.0229086765277,10,X13 X23 X24 X34,0.329355555556,0.0150284362219,0.329355555556,0.0150284362219
0.0229086765277,0.0229086765277,0.0229086765277,0.0229086765277,0.0229086765277,0.0229086765277,0.0229086765277,0.0229086765277,0.0229086765277,0.0229086765277,0.0229086765277,0.0229086765277,0.0229086765277,0.0229086765277,0.0229086765277,0.0229086765277,0.0229086765277,0.0229086765277,10,X137 X147 X148 X158,0.324333333333,0.0191327285739,0.324333333333,0.0191327285739
0.0229086765277,0.0229086765277,0.0229086765277,0.0229086765277,0.0229086765277,0.0229086765277,0.0229086765277,0.0229086765277,0.0229086765277,0.0229086765277,0.0229086765277,0.0229086765277,0.0229086765277,0.0229086765277,0.0229086765277,0.0229086765277,0.0229086765277,0.0229086765277,10,X138 X148 X149 X159,0.329288888889,0.0216229857359,0.329288888889,0.0216229857359
0.0229086765277,0.0229086765277,0.0229086765277,0.0229086765277,0.0229086765277,0.0229086765277,0.0229086765277,0.0229086765277,0.0229086765277,0.0229086765277,0.0229086765277,0.0229086765277,0.0229086765277,0.0229086765277,0.0229086765277,0.0229086765277,0.0229086765277,0.0229086765277,10,X139 X149 X150 X160,0.327822222222,0.0220065704806,0.327822222222,0.0220065704806
0.0229086765277,0.0229086765277,0.0229086765277,0.0229086765277,0.0229086765277,0.0229086765277,0.0229086765277,0.0229086765277,0.0229086765277,0.0229086765277,0.0229086765277,0.0229086765277,0.0229086765277,0.0229086765277,0.0229086765277,0.0229086765277,0.0229086765277,0.0229086765277,10,X14 X24 X25 X35,0.325222222222,0.022368617407,0.325222222222,0.022368617407
0.0229086765277,0.0229086765277,0.0229086765277,0.0229086765277,0.0229086765277,0.0229086765277,0.0229086765277,0.0229086765277,0.0229086765277,0.0229086765277,0.0229086765277,0.0229086765277,0.0229086765277,0.0229086765277,0.0229086765277,0.0229086765277,0.0229086765277,0.0229086765277,10,X140 X150 X151 X161,0.318666666667,0.0158759559401,0.318666666667,0.0158759559401
0.0229086765277,0.0229086765277,0.0229086765277,0.0229086765277,0.0229086765277,0.0229086765277,0.0229086765277,0.0229086765277,0.0229086765277,0.0229086765277,0.0229086765277,0.0229086765277,0.0229086765277,0.0229086765277,0.0229086765277,0.0229086765277,0.0229086765277,0.0229086765277,10,X141 X151 X152 X162,0.324577777778,0.0169928840941,0.324577777778,0.0169928840941
0.0229086765277,0.0229086765277,0.0229086765277,0.0229086765277,0.0229086765277,0.0229086765277,0.0229086765277,0.0229086765277,0.0229086765277,0.0229086765277,0.0229086765277,0.0229086765277,0.0229086765277,0.0229086765277,0.0229086765277,0.0229086765277,0.0229086765277,0.0229086765277,10,X142 X152 X153 X163,0.3278,0.0224977819256,0.3278,0.0224977819256
0.0229086765277,0.0229086765277,0.0229086765277,0.0229086765277,0.0229086765277,0.0229086765277,0.0229086765277,0.0229086765277,0.0229086765277,0.0229086765277,0.0229086765277,0.0229086765277,0.0229086765277,0.0229086765277,0.0229086765277,0.0229086765277,0.0229086765277,0.0229086765277,10,X143 X153 X154 X164,0.330733333333,0.0152981605585,0.330733333333,0.0152981605585
0.0229086765277,0.0229086765277,0.0229086765277,0.0229086765277,0.0229086765277,0.0229086765277,0.0229086765277,0.0229086765277,0.0229086765277,0.0229086765277,0.0229086765277,0.0229086765277,0.0229086765277,0.0229086765277,0.0229086765277,0.0229086765277,0.0229086765277,0.0229086765277,10,X144 X154 X155 X165,0.329044444444,0.0138350250547,0.329044444444,0.0138350250547
0.0229086765277,0.0229086765277,0.0229086765277,0.0229086765277,0.0229086765277,0.0229086765277,0.0229086765277,0.0229086765277,0.0229086765277,0.0229086765277,0.0229086765277,0.0229086765277,0.0229086765277,0.0229086765277,0.0229086765277,0.0229086765277,0.0229086765277,0.0229086765277,10,X145 X155 X156 X166,0.332088888889,0.0181122369958,0.332088888889,0.0181122369958
0.0229086765277,0.0229086765277,0.0229086765277,0.0229086765277,0.0229086765277,0.0229086765277,0.0229086765277,0.0229086765277,0.0229086765277,0.0229086765277,0.0229086765277,0.0229086765277,0.0229086765277,0.0229086765277,0.0229086765277,0.0229086765277,0.0229086765277,0.0229086765277,10,X146 X156 X157 X167,0.0164444444444,0.0120806147028,0.0164444444444,0.0120806147028
0.0229086765277,0.0229086765277,0.0229086765277,0.0229086765277,0.0229086765277,0.0229086765277,0.0229086765277,0.0229086765277,0.0229086765277,0.0229086765277,0.0229086765277,0.0229086765277,0.0229086765277,0.0229086765277,0.0229086765277,0.0229086765277,0.0229086765277,0.0229086765277,10,X15 X25 X26 X36,0.3292,0.0170699709445,0.3292,0.0170699709445
0.0229086765277,0.0229086765277,0.0229086765277,0.0229086765277,0.0229086765277,0.0229086765277,0.0229086765277,0.0229086765277,0.0229086765277,0.0229086765277,0.0229086765277,0.0229086765277,0.0229086765277,0.0229086765277,0.0229086765277,0.0229086765277,0.0229086765277,0.0229086765277,10,X158 X168 X169 X179,0.325888888889,0.0176271154179,0.325888888889,0.0176271154179
0.0229086765277,0.0229086765277,0.0229086765277,0.0229086765277,0.0229086765277,0.0229086765277,0.0229086765277,0.0229086765277,0.0229086765277,0.0229086765277,0.0229086765277,0.0229086765277,0.0229086765277,0.0229086765277,0.0229086765277,0.0229086765277,0.0229086765277,0.0229086765277,10,X159 X169 X170 X180,0.330622222222,0.0200527529059,0.330622222222,0.0200527529059
0.0229086765277,0.0229086765277,0.0229086765277,0.0229086765277,0.0229086765277,0.0229086765277,0.0229086765277,0.0229086765277,0.0229086765277,0.0229086765277,0.0229086765277,0.0229086765277,0.0229086765277,0.0229086765277,0.0229086765277,0.0229086765277,0.0229086765277,0.0229086765277,10,X16 X26 X27 X37,0.327933333333,0.0209961499846,0.327933333333,0.0209961499846
0.0229086765277,0.0229086765277,0.0229086765277,0.0229086765277,0.0229086765277,0.0229086765277,0.0229086765277,0.0229086765277,0.0229086765277,0.0229086765277,0.0229086765277,0.0229086765277,0.0229086765277,0.0229086765277,0.0229086765277,0.0229086765277,0.0229086765277,0.0229086765277,10,X160 X170 X171 X181,0.325866666667,0.0155259269008,0.325866666667,0.0155259269008
0.0229086765277,0.0229086765277,0.0229086765277,0.0229086765277,0.0229086765277,0.0229086765277,0.0229086765277,0.0229086765277,0.0229086765277,0.0229086765277,0.0229086765277,0.0229086765277,0.0229086765277,0.0229086765277,0.0229086765277,0.0229086765277,0.0229086765277,0.0229086765277,10,X161 X171 X172 X182,0.324955555556,0.0159996966766,0.324955555556,0.0159996966766
0.0229086765277,0.0229086765277,0.0229086765277,0.0229086765277,0.0229086765277,0.0229086765277,0.0229086765277,0.0229086765277,0.0229086765277,0.0229086765277,0.0229086765277,0.0229086765277,0.0229086765277,0.0229086765277,0.0229086765277,0.0229086765277,0.0229086765277,0.0229086765277,10,X162 X172 X173 X183,0.331222222222,0.0173705024408,0.331222222222,0.0173705024408
0.0229086765277,0.0229086765277,0.0229086765277,0.0229086765277,0.0229086765277,0.0229086765277,0.0229086765277,0.0229086765277,0.0229086765277,0.0229086765277,0.0229086765277,0.0229086765277,0.0229086765277,0.0229086765277,0.0229086765277,0.0229086765277,0.0229086765277,0.0229086765277,10,X163 X173 X174 X184,0.329577777778,0.0154914222547,0.329577777778,0.0154914222547
0.0229086765277,0.0229086765277,0.0229086765277,0.0229086765277,0.0229086765277,0.0229086765277,0.0229086765277,0.0229086765277,0.0229086765277,0.0229086765277,0.0229086765277,0.0229086765277,0.0229086765277,0.0229086765277,0.0229086765277,0.0229086765277,0.0229086765277,0.0229086765277,10,X164 X174 X175 X185,0.332066666667,0.0136607500509,0.332066666667,0.0136607500509
0.0229086765277,0.0229086765277,0.0229086765277,0.0229086765277,0.0229086765277,0.0229086765277,0.0229086765277,0.0229086765277,0.0229086765277,0.0229086765277,0.0229086765277,0.0229086765277,0.0229086765277,0.0229086765277,0.0229086765277,0.0229086765277,0.0229086765277,0.0229086765277,10,X165 X175 X176 X186,0.329622222222,0.0159151806692,0.329622222222,0.0159151806692
0.0229086765277,0.0229086765277,0.0229086765277,0.0229086765277,0.0229086765277,0.0229086765277,0.0229086765277,0.0229086765277,0.0229086765277,0.0229086765277,0.0229086765277,0.0229086765277,0.0229086765277,0.0229086765277,0.0229086765277,0.0229086765277,0.0229086765277,0.0229086765277,10,X166 X176 X177 X187,0.329155555556,0.0173677230321,0.329155555556,0.0173677230321
0.0229086765277,0.0229086765277,0.0229086765277,0.0229086765277,0.0229086765277,0.0229086765277,0.0229086765277,0.0229086765277,0.0229086765277,0.0229086765277,0.0229086765277,0.0229086765277,0.0229086765277,0.0229086765277,0.0229086765277,0.0229086765277,0.0229086765277,0.0229086765277,10,X167 X177 X178 X188,0.0124444444444,0.00997980080013,0.0124444444444,0.00997980080013
0.0229086765277,0.0229086765277,0.0229086765277,0.0229086765277,0.0229086765277,0.0229086765277,0.0229086765277,0.0229086765277,0.0229086765277,0.0229086765277,0.0229086765277,0.0229086765277,0.0229086765277,0.0229086765277,0.0229086765277,0.0229086765277,0.0229086765277,0.0229086765277,10,X17 X27 X28 X38,0.333088888889,0.0198820146942,0.333088888889,0.0198820146942
0.0229086765277,0.0229086765277,0.0229086765277,0.0229086765277,0.0229086765277,0.0229086765277,0.0229086765277,0.0229086765277,0.0229086765277,0.0229086765277,0.0229086765277,0.0229086765277,0.0229086765277,0.0229086765277,0.0229086765277,0.0229086765277,0.0229086765277,0.0229086765277,10,X179 X189 X190 X200,0.321911111111,0.0145457221617,0.321911111111,0.0145457221617
0.0229086765277,0.0229086765277,0.0229086765277,0.0229086765277,0.0229086765277,0.0229086765277,0.0229086765277,0.0229086765277,0.0229086765277,0.0229086765277,0.0229086765277,0.0229086765277,0.0229086765277,0.0229086765277,0.0229086765277,0.0229086765277,0.0229086765277,0.0229086765277,10,X18 X28 X29 X39,0.333711111111,0.0171874348948,0.333711111111,0.0171874348948
0.0229086765277,0.0229086765277,0.0229086765277,0.0229086765277,0.0229086765277,0.0229086765277,0.0229086765277,0.0229086765277,0.0229086765277,0.0229086765277,0.0229086765277,0.0229086765277,0.0229086765277,0.0229086765277,0.0229086765277,0.0229086765277,0.0229086765277,0.0229086765277,10,X180 X190 X191 X201,0.327622222222,0.0205201953292,0.327622222222,0.0205201953292
0.0229086765277,0.0229086765277,0.0229086765277,0.0229086765277,0.0229086765277,0.0229086765277,0.0229086765277,0.0229086765277,0.0229086765277,0.0229086765277,0.0229086765277,0.0229086765277,0.0229086765277,0.0229086765277,0.0229086765277,0.0229086765277,0.0229086765277,0.0229086765277,10,X181 X191 X192 X202,0.332733333333,0.0209098411266,0.332733333333,0.0209098411266
0.0229086765277,0.0229086765277,0.0229086765277,0.0229086765277,0.0229086765277,0.0229086765277,0.0229086765277,0.0229086765277,0.0229086765277,0.0229086765277,0.0229086765277,0.0229086765277,0.0229086765277,0.0229086765277,0.0229086765277,0.0229086765277,0.0229086765277,0.0229086765277,10,X182 X192 X193 X203,0.324955555556,0.0209064204575,0.324955555556,0.0209064204575
0.0229086765277,0.0229086765277,0.0229086765277,0.0229086765277,0.0229086765277,0.0229086765277,0.0229086765277,0.0229086765277,0.0229086765277,0.0229086765277,0.0229086765277,0.0229086765277,0.0229086765277,0.0229086765277,0.0229086765277,0.0229086765277,0.0229086765277,0.0229086765277,10,X183 X193 X194 X204,0.326266666667,0.0181239664787,0.326266666667,0.0181239664787
0.0229086765277,0.0229086765277,0.0229086765277,0.0229086765277,0.0229086765277,0.0229086765277,0.0229086765277,0.0229086765277,0.0229086765277,0.0229086765277,0.0229086765277,0.0229086765277,0.0229086765277,0.0229086765277,0.0229086765277,0.0229086765277,0.0229086765277,0.0229086765277,10,X184 X194 X195 X205,0.325044444444,0.017708307753,0.325044444444,0.017708307753
0.0229086765277,0.0229086765277,0.0229086765277,0.0229086765277,0.0229086765277,0.0229086765277,0.0229086765277,0.0229086765277,0.0229086765277,0.0229086765277,0.0229086765277,0.0229086765277,0.0229086765277,0.0229086765277,0.0229086765277,0.0229086765277,0.0229086765277,0.0229086765277,10,X185 X195 X196 X206,0.322155555556,0.0172399636711,0.322155555556,0.0172399636711
0.0229086765277,0.0229086765277,0.0229086765277,0.0229086765277,0.0229086765277,0.0229086765277,0.0229086765277,0.0229086765277,0.0229086765277,0.0229086765277,0.0229086765277,0.0229086765277,0.0229086765277,0.0229086765277,0.0229086765277,0.0229086765277,0.0229086765277,0.0229086765277,10,X186 X196 X197 X207,0.325644444444,0.0201790706288,0.325644444444,0.0201790706288
0.0229086765277,0.0229086765277,0.0229086765277,0.0229086765277,0.0229086765277,0.0229086765277,0.0229086765277,0.0229086765277,0.0229086765277,0.0229086765277,0.0229086765277,0.0229086765277,0.0229086765277,0.0229086765277,0.0229086765277,0.0229086765277,0.0229086765277,0.0229086765277,10,X187 X197 X198 X208,0.334511111111,0.0189596735453,0.334511111111,0.0189596735453
0.0229086765277,0.0229086765277,0.0229086765277,0.0229086765277,0.0229086765277,0.0229086765277,0.0229086765277,0.0229086765277,0.0229086765277,0.0229086765277,0.0229086765277,0.0229086765277,0.0229086765277,0.0229086765277,0.0229086765277,0.0229086765277,0.0229086765277,0.0229086765277,10,X188 X198 X199 X209,0.0112888888889,0.0118041921683,0.0112888888889,0.0118041921683
0.0229086765277,0.0229086765277,0.0229086765277,0.0229086765277,0.0229086765277,0.0229086765277,0.0229086765277,0.0229086765277,0.0229086765277,0.0229086765277,0.0229086765277,0.0229086765277,0.0229086765277,0.0229086765277,0.0229086765277,0.0229086765277,0.0229086765277,0.0229086765277,10,X19 X29 X30 X40,0.328911111111,0.0183064449287,0.328911111111,0.0183064449287
0.0229086765277,0.0229086765277,0.0229086765277,0.0229086765277,0.0229086765277,0.0229086765277,0.0229086765277,0.0229086765277,0.0229086765277,0.0229086765277,0.0229086765277,0.0229086765277,0.0229086765277,0.0229086765277,0.0229086765277,0.0229086765277,0.0229086765277,0.0229086765277,10,X2 X3 X13,0.0943333333333,0.0167759634654,0.0943333333333,0.0167759634654
0.0229086765277,0.0229086765277,0.0229086765277,0.0229086765277,0.0229086765277,0.0229086765277,0.0229086765277,0.0229086765277,0.0229086765277,0.0229086765277,0.0229086765277,0.0229086765277,0.0229086765277,0.0229086765277,0.0229086765277,0.0229086765277,0.0229086765277,0.0229086765277,10,X20 X30 X31 X41,0.0126666666667,0.0120331598039,0.0126666666667,0.0120331598039
0.0229086765277,0.0229086765277,0.0229086765277,0.0229086765277,0.0229086765277,0.0229086765277,0.0229086765277,0.0229086765277,0.0229086765277,0.0229086765277,0.0229086765277,0.0229086765277,0.0229086765277,0.0229086765277,0.0229086765277,0.0229086765277,0.0229086765277,0.0229086765277,10,X200 X210 X211,0.384666666667,0.0156366795429,0.384666666667,0.0156366795429
0.0229086765277,0.0229086765277,0.0229086765277,0.0229086765277,0.0229086765277,0.0229086765277,0.0229086765277,0.0229086765277,0.0229086765277,0.0229086765277,0.0229086765277,0.0229086765277,0.0229086765277,0.0229086765277,0.0229086765277,0.0229086765277,0.0229086765277,0.0229086765277,10,X201 X211 X212,0.390266666667,0.0177566349371,0.390266666667,0.0177566349371
0.0229086765277,0.0229086765277,0.0229086765277,0.0229086765277,0.0229086765277,0.0229086765277,0.0229086765277,0.0229086765277,0.0229086765277,0.0229086765277,0.0229086765277,0.0229086765277,0.0229086765277,0.0229086765277,0.0229086765277,0.0229086765277,0.0229086765277,0.0229086765277,10,X202 X212 X213,0.398511111111,0.0181426305893,0.398511111111,0.0181426305893
0.0229086765277,0.0229086765277,0.0229086765277,0.0229086765277,0.0229086765277,0.0229086765277,0.0229086765277,0.0229086765277,0.0229086765277,0.0229086765277,0.0229086765277,0.0229086765277,0.0229086765277,0.0229086765277,0.0229086765277,0.0229086765277,0.0229086765277,0.0229086765277,10,X203 X213 X214,0.394022222222,0.0147536431849,0.394022222222,0.0147536431849
0.0229086765277,0.0229086765277,0.0229086765277,0.0229086765277,0.0229086765277,0.0229086765277,0.0229086765277,0.0229086765277,0.0229086765277,0.0229086765277,0.0229086765277,0.0229086765277,0.0229086765277,0.0229086765277,0.0229086765277,0.0229086765277,0.0229086765277,0.0229086765277,10,X204 X214 X215,0.396533333333,0.0127148508819,0.396533333333,0.0127148508819
0.0229086765277,0.0229086765277,0.0229086765277,0.0229086765277,0.0229086765277,0.0229086765277,0.0229086765277,0.0229086765277,0.0229086765277,0.0229086765277,0.0229086765277,0.0229086765277,0.0229086765277,0.0229086765277,0.0229086765277,0.0229086765277,0.0229086765277,0.0229086765277,10,X205 X215 X216,0.390177777778,0.0189121245412,0.390177777778,0.0189121245412
0.0229086765277,0.0229086765277,0.0229086765277,0.0229086765277,0.0229086765277,0.0229086765277,0.0229086765277,0.0229086765277,0.0229086765277,0.0229086765277,0.0229086765277,0.0229086765277,0.0229086765277,0.0229086765277,0.0229086765277,0.0229086765277,0.0229086765277,0.0229086765277,10,X206 X216 X217,0.394511111111,0.0167612793459,0.394511111111,0.0167612793459
0.0229086765277,0.0229086765277,0.0229086765277,0.0229086765277,0.0229086765277,0.0229086765277,0.0229086765277,0.0229086765277,0.0229086765277,0.0229086765277,0.0229086765277,0.0229086765277,0.0229086765277,0.0229086765277,0.0229086765277,0.0229086765277,0.0229086765277,0.0229086765277,10,X207 X217 X218,0.388222222222,0.016293602471,0.388222222222,0.016293602471
0.0229086765277,0.0229086765277,0.0229086765277,0.0229086765277,0.0229086765277,0.0229086765277,0.0229086765277,0.0229086765277,0.0229086765277,0.0229086765277,0.0229086765277,0.0229086765277,0.0229086765277,0.0229086765277,0.0229086765277,0.0229086765277,0.0229086765277,0.0229086765277,10,X208 X218 X219,0.389133333333,0.0149339798711,0.389133333333,0.0149339798711
0.0229086765277,0.0229086765277,0.0229086765277,0.0229086765277,0.0229086765277,0.0229086765277,0.0229086765277,0.0229086765277,0.0229086765277,0.0229086765277,0.0229086765277,0.0229086765277,0.0229086765277,0.0229086765277,0.0229086765277,0.0229086765277,0.0229086765277,0.0229086765277,10,X209 X219 X220,0.0157333333333,0.011916182371,0.0157333333333,0.011916182371
0.0229086765277,0.0229086765277,0.0229086765277,0.0229086765277,0.0229086765277,0.0229086765277,0.0229086765277,0.0229086765277,0.0229086765277,0.0229086765277,0.0229086765277,0.0229086765277,0.0229086765277,0.0229086765277,0.0229086765277,0.0229086765277,0.0229086765277,0.0229086765277,10,X3 X4 X14,0.0419333333333,0.014035914525,0.0419333333333,0.014035914525
0.0229086765277,0.0229086765277,0.0229086765277,0.0229086765277,0.0229086765277,0.0229086765277,0.0229086765277,0.0229086765277,0.0229086765277,0.0229086765277,0.0229086765277,0.0229086765277,0.0229086765277,0.0229086765277,0.0229086765277,0.0229086765277,0.0229086765277,0.0229086765277,10,X32 X42 X43 X53,0.326888888889,0.0156242598803,0.326888888889,0.0156242598803
0.0229086765277,0.0229086765277,0.0229086765277,0.0229086765277,0.0229086765277,0.0229086765277,0.0229086765277,0.0229086765277,0.0229086765277,0.0229086765277,0.0229086765277,0.0229086765277,0.0229086765277,0.0229086765277,0.0229086765277,0.0229086765277,0.0229086765277,0.0229086765277,10,X33 X43 X44 X54,0.323777777778,0.0218320537193,0.323777777778,0.0218320537193
0.0229086765277,0.0229086765277,0.0229086765277,0.0229086765277,0.0229086765277,0.0229086765277,0.0229086765277,0.0229086765277,0.0229086765277,0.0229086765277,0.0229086765277,0.0229086765277,0.0229086765277,0.0229086765277,0.0229086765277,0.0229086765277,0.0229086765277,0.0229086765277,10,X34 X44 X45 X55,0.3242,0.0164804772464,0.3242,0.0164804772464
0.0229086765277,0.0229086765277,0.0229086765277,0.0229086765277,0.0229086765277,0.0229086765277,0.0229086765277,0.0229086765277,0.0229086765277,0.0229086765277,0.0229086765277,0.0229086765277,0.0229086765277,0.0229086765277,0.0229086765277,0.0229086765277,0.0229086765277,0.0229086765277,10,X35 X45 X46 X56,0.327711111111,0.0161863509346,0.327711111111,0.0161863509346
0.0229086765277,0.0229086765277,0.0229086765277,0.0229086765277,0.0229086765277,0.0229086765277,0.0229086765277,0.0229086765277,0.0229086765277,0.0229086765277,0.0229086765277,0.0229086765277,0.0229086765277,0.0229086765277,0.0229086765277,0.0229086765277,0.0229086765277,0.0229086765277,10,X36 X46 X47 X57,0.333377777778,0.0157440576477,0.333377777778,0.0157440576477
0.0229086765277,0.0229086765277,0.0229086765277,0.0229086765277,0.0229086765277,0.0229086765277,0.0229086765277,0.0229086765277,0.0229086765277,0.0229086765277,0.0229086765277,0.0229086765277,0.0229086765277,0.0229086765277,0.0229086765277,0.0229086765277,0.0229086765277,0.0229086765277,10,X37 X47 X48 X58,0.327488888889,0.0168924325784,0.327488888889,0.0168924325784
0.0229086765277,0.0229086765277,0.0229086765277,0.0229086765277,0.0229086765277,0.0229086765277,0.0229086765277,0.0229086765277,0.0229086765277,0.0229086765277,0.0229086765277,0.0229086765277,0.0229086765277,0.0229086765277,0.0229086765277,0.0229086765277,0.0229086765277,0.0229086765277,10,X38 X48 X49 X59,0.3272,0.0214896571398,0.3272,0.0214896571398
0.0229086765277,0.0229086765277,0.0229086765277,0.0229086765277,0.0229086765277,0.0229086765277,0.0229086765277,0.0229086765277,0.0229086765277,0.0229086765277,0.0229086765277,0.0229086765277,0.0229086765277,0.0229086765277,0.0229086765277,0.0229086765277,0.0229086765277,0.0229086765277,10,X39 X49 X50 X60,0.329822222222,0.0185413968511,0.329822222222,0.0185413968511
0.0229086765277,0.0229086765277,0.0229086765277,0.0229086765277,0.0229086765277,0.0229086765277,0.0229086765277,0.0229086765277,0.0229086765277,0.0229086765277,0.0229086765277,0.0229086765277,0.0229086765277,0.0229086765277,0.0229086765277,0.0229086765277,0.0229086765277,0.0229086765277,10,X4 X5 X15,0.0251333333333,0.0154475010068,0.0251333333333,0.0154475010068
0.0229086765277,0.0229086765277,0.0229086765277,0.0229086765277,0.0229086765277,0.0229086765277,0.0229086765277,0.0229086765277,0.0229086765277,0.0229086765277,0.0229086765277,0.0229086765277,0.0229086765277,0.0229086765277,0.0229086765277,0.0229086765277,0.0229086765277,0.0229086765277,10,X40 X50 X51 X61,0.328511111111,0.014834652746,0.328511111111,0.014834652746
0.0229086765277,0.0229086765277,0.0229086765277,0.0229086765277,0.0229086765277,0.0229086765277,0.0229086765277,0.0229086765277,0.0229086765277,0.0229086765277,0.0229086765277,0.0229086765277,0.0229086765277,0.0229086765277,0.0229086765277,0.0229086765277,0.0229086765277,0.0229086765277,10,X41 X51 X52 X62,0.0154,0.0120565080754,0.0154,0.0120565080754
0.0229086765277,0.0229086765277,0.0229086765277,0.0229086765277,0.0229086765277,0.0229086765277,0.0229086765277,0.0229086765277,0.0229086765277,0.0229086765277,0.0229086765277,0.0229086765277,0.0229086765277,0.0229086765277,0.0229086765277,0.0229086765277,0.0229086765277,0.0229086765277,10,X5 X6 X16,0.0165777777778,0.011366055983,0.0165777777778,0.011366055983
0.0229086765277,0.0229086765277,0.0229086765277,0.0229086765277,0.0229086765277,0.0229086765277,0.0229086765277,0.0229086765277,0.0229086765277,0.0229086765277,0.0229086765277,0.0229086765277,0.0229086765277,0.0229086765277,0.0229086765277,0.0229086765277,0.0229086765277,0.0229086765277,10,X53 X63 X64 X74,0.329111111111,0.0178175799651,0.329111111111,0.0178175799651
0.0229086765277,0.0229086765277,0.0229086765277,0.0229086765277,0.0229086765277,0.0229086765277,0.0229086765277,0.0229086765277,0.0229086765277,0.0229086765277,0.0229086765277,0.0229086765277,0.0229086765277,0.0229086765277,0.0229086765277,0.0229086765277,0.0229086765277,0.0229086765277,10,X54 X64 X65 X75,0.326555555556,0.0188334774348,0.326555555556,0.0188334774348
0.0229086765277,0.0229086765277,0.0229086765277,0.0229086765277,0.0229086765277,0.0229086765277,0.0229086765277,0.0229086765277,0.0229086765277,0.0229086765277,0.0229086765277,0.0229086765277,0.0229086765277,0.0229086765277,0.0229086765277,0.0229086765277,0.0229086765277,0.0229086765277,10,X55 X65 X66 X76,0.329844444444,0.0116180376781,0.329844444444,0.0116180376781
0.0229086765277,0.0229086765277,0.0229086765277,0.0229086765277,0.0229086765277,0.0229086765277,0.0229086765277,0.0229086765277,0.0229086765277,0.0229086765277,0.0229086765277,0.0229086765277,0.0229086765277,0.0229086765277,0.0229086765277,0.0229086765277,0.0229086765277,0.0229086765277,10,X56 X66 X67 X77,0.327666666667,0.0173560858627,0.327666666667,0.0173560858627
0.0229086765277,0.0229086765277,0.0229086765277,0.0229086765277,0.0229086765277,0.0229086765277,0.0229086765277,0.0229086765277,0.0229086765277,0.0229086765277,0.0229086765277,0.0229086765277,0.0229086765277,0.0229086765277,0.0229086765277,0.0229086765277,0.0229086765277,0.0229086765277,10,X57 X67 X68 X78,0.332044444444,0.0181318570506,0.332044444444,0.0181318570506
0.0229086765277,0.0229086765277,0.0229086765277,0.0229086765277,0.0229086765277,0.0229086765277,0.0229086765277,0.0229086765277,0.0229086765277,0.0229086765277,0.0229086765277,0.0229086765277,0.0229086765277,0.0229086765277,0.0229086765277,0.0229086765277,0.0229086765277,0.0229086765277,10,X58 X68 X69 X79,0.328711111111,0.0233513449912,0.328711111111,0.0233513449912
0.0229086765277,0.0229086765277,0.0229086765277,0.0229086765277,0.0229086765277,0.0229086765277,0.0229086765277,0.0229086765277,0.0229086765277,0.0229086765277,0.0229086765277,0.0229086765277,0.0229086765277,0.0229086765277,0.0229086765277,0.0229086765277,0.0229086765277,0.0229086765277,10,X59 X69 X70 X80,0.324488888889,0.014247869595,0.324488888889,0.014247869595
0.0229086765277,0.0229086765277,0.0229086765277,0.0229086765277,0.0229086765277,0.0229086765277,0.0229086765277,0.0229086765277,0.0229086765277,0.0229086765277,0.0229086765277,0.0229086765277,0.0229086765277,0.0229086765277,0.0229086765277,0.0229086765277,0.0229086765277,0.0229086765277,10,X6 X7 X17,0.0148888888889,0.0113344601649,0.0148888888889,0.0113344601649
0.0229086765277,0.0229086765277,0.0229086765277,0.0229086765277,0.0229086765277,0.0229086765277,0.0229086765277,0.0229086765277,0.0229086765277,0.0229086765277,0.0229086765277,0.0229086765277,0.0229086765277,0.0229086765277,0.0229086765277,0.0229086765277,0.0229086765277,0.0229086765277,10,X60 X70 X71 X81,0.325488888889,0.0106359951748,0.325488888889,0.0106359951748
0.0229086765277,0.0229086765277,0.0229086765277,0.0229086765277,0.0229086765277,0.0229086765277,0.0229086765277,0.0229086765277,0.0229086765277,0.0229086765277,0.0229086765277,0.0229086765277,0.0229086765277,0.0229086765277,0.0229086765277,0.0229086765277,0.0229086765277,0.0229086765277,10,X61 X71 X72 X82,0.329488888889,0.0154013318162,0.329488888889,0.0154013318162
0.0229086765277,0.0229086765277,0.0229086765277,0.0229086765277,0.0229086765277,0.0229086765277,0.0229086765277,0.0229086765277,0.0229086765277,0.0229086765277,0.0229086765277,0.0229086765277,0.0229086765277,0.0229086765277,0.0229086765277,0.0229086765277,0.0229086765277,0.0229086765277,10,X62 X72 X73 X83,0.0137333333333,0.0103924523157,0.0137333333333,0.0103924523157
0.0229086765277,0.0229086765277,0.0229086765277,0.0229086765277,0.0229086765277,0.0229086765277,0.0229086765277,0.0229086765277,0.0229086765277,0.0229086765277,0.0229086765277,0.0229086765277,0.0229086765277,0.0229086765277,0.0229086765277,0.0229086765277,0.0229086765277,0.0229086765277,10,X7 X8 X18,0.0133777777778,0.0110601744332,0.0133777777778,0.0110601744332
0.0229086765277,0.0229086765277,0.0229086765277,0.0229086765277,0.0229086765277,0.0229086765277,0.0229086765277,0.0229086765277,0.0229086765277,0.0229086765277,0.0229086765277,0.0229086765277,0.0229086765277,0.0229086765277,0.0229086765277,0.0229086765277,0.0229086765277,0.0229086765277,10,X74 X84 X85 X95,0.331911111111,0.0148181656491,0.331911111111,0.0148181656491
0.0229086765277,0.0229086765277,0.0229086765277,0.0229086765277,0.0229086765277,0.0229086765277,0.0229086765277,0.0229086765277,0.0229086765277,0.0229086765277,0.0229086765277,0.0229086765277,0.0229086765277,0.0229086765277,0.0229086765277,0.0229086765277,0.0229086765277,0.0229086765277,10,X75 X85 X86 X96,0.323644444444,0.0148223020671,0.323644444444,0.0148223020671
0.0229086765277,0.0229086765277,0.0229086765277,0.0229086765277,0.0229086765277,0.0229086765277,0.0229086765277,0.0229086765277,0.0229086765277,0.0229086765277,0.0229086765277,0.0229086765277,0.0229086765277,0.0229086765277,0.0229086765277,0.0229086765277,0.0229086765277,0.0229086765277,10,X76 X86 X87 X97,0.322222222222,0.0229337432023,0.322222222222,0.0229337432023
0.0229086765277,0.0229086765277,0.0229086765277,0.0229086765277,0.0229086765277,0.0229086765277,0.0229086765277,0.0229086765277,0.0229086765277,0.0229086765277,0.0229086765277,0.0229086765277,0.0229086765277,0.0229086765277,0.0229086765277,0.0229086765277,0.0229086765277,0.0229086765277,10,X77 X87 X88 X98,0.329088888889,0.0165873823009,0.329088888889,0.0165873823009
0.0229086765277,0.0229086765277,0.0229086765277,0.0229086765277,0.0229086765277,0.0229086765277,0.0229086765277,0.0229086765277,0.0229086765277,0.0229086765277,0.0229086765277,0.0229086765277,0.0229086765277,0.0229086765277,0.0229086765277,0.0229086765277,0.0229086765277,0.0229086765277,10,X78 X88 X89 X99,0.329088888889,0.0165642678097,0.329088888889,0.0165642678097
0.0229086765277,0.0229086765277,0.0229086765277,0.0229086765277,0.0229086765277,0.0229086765277,0.0229086765277,0.0229086765277,0.0229086765277,0.0229086765277,0.0229086765277,0.0229086765277,0.0229086765277,0.0229086765277,0.0229086765277,0.0229086765277,0.0229086765277,0.0229086765277,10,X79 X89 X90 X100,0.324622222222,0.0186106988003,0.324622222222,0.0186106988003
0.0229086765277,0.0229086765277,0.0229086765277,0.0229086765277,0.0229086765277,0.0229086765277,0.0229086765277,0.0229086765277,0.0229086765277,0.0229086765277,0.0229086765277,0.0229086765277,0.0229086765277,0.0229086765277,0.0229086765277,0.0229086765277,0.0229086765277,0.0229086765277,10,X8 X9 X19,0.0112444444444,0.00831880726297,0.0112444444444,0.00831880726297
0.0229086765277,0.0229086765277,0.0229086765277,0.0229086765277,0.0229086765277,0.0229086765277,0.0229086765277,0.0229086765277,0.0229086765277,0.0229086765277,0.0229086765277,0.0229086765277,0.0229086765277,0.0229086765277,0.0229086765277,0.0229086765277,0.0229086765277,0.0229086765277,10,X80 X90 X91 X101,0.3298,0.020687901586,0.3298,0.020687901586
0.0229086765277,0.0229086765277,0.0229086765277,0.0229086765277,0.0229086765277,0.0229086765277,0.0229086765277,0.0229086765277,0.0229086765277,0.0229086765277,0.0229086765277,0.0229086765277,0.0229086765277,0.0229086765277,0.0229086765277,0.0229086765277,0.0229086765277,0.0229086765277,10,X81 X91 X92 X102,0.326666666667,0.0193051717209,0.326666666667,0.0193051717209
0.0229086765277,0.0229086765277,0.0229086765277,0.0229086765277,0.0229086765277,0.0229086765277,0.0229086765277,0.0229086765277,0.0229086765277,0.0229086765277,0.0229086765277,0.0229086765277,0.0229086765277,0.0229086765277,0.0229086765277,0.0229086765277,0.0229086765277,0.0229086765277,10,X82 X92 X93 X103,0.327755555556,0.0149404779023,0.327755555556,0.0149404779023
0.0229086765277,0.0229086765277,0.0229086765277,0.0229086765277,0.0229086765277,0.0229086765277,0.0229086765277,0.0229086765277,0.0229086765277,0.0229086765277,0.0229086765277,0.0229086765277,0.0229086765277,0.0229086765277,0.0229086765277,0.0229086765277,0.0229086765277,0.0229086765277,10,X83 X93 X94 X104,0.0164,0.0120708000795,0.0164,0.0120708000795
0.0229086765277,0.0229086765277,0.0229086765277,0.0229086765277,0.0229086765277,0.0229086765277,0.0229086765277,0.0229086765277,0.0229086765277,0.0229086765277,0.0229086765277,0.0229086765277,0.0229086765277,0.0229086765277,0.0229086765277,0.0229086765277,0.0229086765277,0.0229086765277,10,X9 X10 X20,0.0122222222222,0.0101246383345,0.0122222222222,0.0101246383345
0.0229086765277,0.0229086765277,0.0229086765277,0.0229086765277,0.0229086765277,0.0229086765277,0.0229086765277,0.0229086765277,0.0229086765277,0.0229086765277,0.0229086765277,0.0229086765277,0.0229086765277,0.0229086765277,0.0229086765277,0.0229086765277,0.0229086765277,0.0229086765277,10,X95 X105 X106 X116,0.3298,0.0152879388015,0.3298,0.0152879388015
0.0229086765277,0.0229086765277,0.0229086765277,0.0229086765277,0.0229086765277,0.0229086765277,0.0229086765277,0.0229086765277,0.0229086765277,0.0229086765277,0.0229086765277,0.0229086765277,0.0229086765277,0.0229086765277,0.0229086765277,0.0229086765277,0.0229086765277,0.0229086765277,10,X96 X106 X107 X117,0.326711111111,0.0164439680991,0.326711111111,0.0164439680991
0.0229086765277,0.0229086765277,0.0229086765277,0.0229086765277,0.0229086765277,0.0229086765277,0.0229086765277,0.0229086765277,0.0229086765277,0.0229086765277,0.0229086765277,0.0229086765277,0.0229086765277,0.0229086765277,0.0229086765277,0.0229086765277,0.0229086765277,0.0229086765277,10,X97 X107 X108 X118,0.326888888889,0.018518569604,0.326888888889,0.018518569604
0.0229086765277,0.0229086765277,0.0229086765277,0.0229086765277,0.0229086765277,0.0229086765277,0.0229086765277,0.0229086765277,0.0229086765277,0.0229086765277,0.0229086765277,0.0229086765277,0.0229086765277,0.0229086765277,0.0229086765277,0.0229086765277,0.0229086765277,0.0229086765277,10,X98 X108 X109 X119,0.328333333333,0.0226820434658,0.328333333333,0.0226820434658
0.0229086765277,0.0229086765277,0.0229086765277,0.0229086765277,0.0229086765277,0.0229086765277,0.0229086765277,0.0229086765277,0.0229086765277,0.0229086765277,0.0229086765277,0.0229086765277,0.0229086765277,0.0229086765277,0.0229086765277,0.0229086765277,0.0229086765277,0.0229086765277,10,X99 X109 X110 X120,0.327422222222,0.0177074855555,0.327422222222,0.0177074855555
0.0229086765277,0.0229086765277,0.0229086765277,0.0229086765277,0.0229086765277,0.0229086765277,0.0229086765277,0.0229086765277,0.0229086765277,0.0229086765277,0.0229086765277,0.0229086765277,0.0229086765277,0.0229086765277,0.0229086765277,0.0229086765277,0.0229086765277,0.0229086765277,10,Z0 Z11 Z21,0.536422222222,0.0187039720275,0.536422222222,0.0187039720275
0.0229086765277,0.0229086765277,0.0229086765277,0.0229086765277,0.0229086765277,0.0229086765277,0.0229086765277,0.0229086765277,0.0229086765277,0.0229086765277,0.0229086765277,0.0229086765277,0.0229086765277,0.0229086765277,0.0229086765277,0.0229086765277,0.0229086765277,0.0229086765277,10,Z1 Z11 Z12 Z22,0.284066666667,0.019097932728,0.284066666667,0.019097932728
0.0229086765277,0.0229086765277,0.0229086765277,0.0229086765277,0.0229086765277,0.0229086765277,0.0229086765277,0.0229086765277,0.0229086765277,0.0229086765277,0.0229086765277,0.0229086765277,0.0229086765277,0.0229086765277,0.0229086765277,0.0229086765277,0.0229086765277,0.0229086765277,10,Z10 Z20 Z31,0.0269111111111,0.0147193237948,0.0269111111111,0.0147193237948
0.0229086765277,0.0229086765277,0.0229086765277,0.0229086765277,0.0229086765277,0.0229086765277,0.0229086765277,0.0229086765277,0.0229086765277,0.0229086765277,0.0229086765277,0.0229086765277,0.0229086765277,0.0229086765277,0.0229086765277,0.0229086765277,0.0229086765277,0.0229086765277,10,Z105 Z116 Z126,0.477266666667,0.0145358323276,0.477266666667,0.0145358323276
0.0229086765277,0.0229086765277,0.0229086765277,0.0229086765277,0.0229086765277,0.0229086765277,0.0229086765277,0.0229086765277,0.0229086765277,0.0229086765277,0.0229086765277,0.0229086765277,0.0229086765277,0.0229086765277,0.0229086765277,0.0229086765277,0.0229086765277,0.0229086765277,10,Z106 Z116 Z117 Z127,0.414533333333,0.0137836596022,0.414533333333,0.0137836596022
0.0229086765277,0.0229086765277,0.0229086765277,0.0229086765277,0.0229086765277,0.0229086765277,0.0229086765277,0.0229086765277,0.0229086765277,0.0229086765277,0.0229086765277,0.0229086765277,0.0229086765277,0.0229086765277,0.0229086765277,0.0229086765277,0.0229086765277,0.0229086765277,10,Z107 Z117 Z118 Z128,0.420133333333,0.0143245361937,0.420133333333,0.0143245361937
0.0229086765277,0.0229086765277,0.0229086765277,0.0229086765277,0.0229086765277,0.0229086765277,0.0229086765277,0.0229086765277,0.0229086765277,0.0229086765277,0.0229086765277,0.0229086765277,0.0229086765277,0.0229086765277,0.0229086765277,0.0229086765277,0.0229086765277,0.0229086765277,10,Z108 Z118 Z119 Z129,0.416577777778,0.0173198296943,0.416577777778,0.0173198296943
0.0229086765277,0.0229086765277,0.0229086765277,0.0229086765277,0.0229086765277,0.0229086765277,0.0229086765277,0.0229086765277,0.0229086765277,0.0229086765277,0.0229086765277,0.0229086765277,0.0229086765277,0.0229086765277,0.0229086765277,0.0229086765277,0.0229086765277,0.0229086765277,10,Z109 Z119 Z120 Z130,0.419577777778,0.0194163760194,0.419577777778,0.0194163760194
0.0229086765277,0.0229086765277,0.0229086765277,0.0229086765277,0.0229086765277,0.0229086765277,0.0229086765277,0.0229086765277,0.0229086765277,0.0229086765277,0.0229086765277,0.0229086765277,0.0229086765277,0.0229086765277,0.0229086765277,0.0229086765277,0.0229086765277,0.0229086765277,10,Z110 Z120 Z121 Z131,0.413222222222,0.016068897001,0.413222222222,0.016068897001
0.0229086765277,0.0229086765277,0.0229086765277,0.0229086765277,0.0229086765277,0.0229086765277,0.0229086765277,0.0229086765277,0.0229086765277,0.0229086765277,0.0229086765277,0.0229086765277,0.0229086765277,0.0229086765277,0.0229086765277,0.0229086765277,0.0229086765277,0.0229086765277,10,Z111 Z121 Z122 Z132,0.416155555556,0.0165357463324,0.416155555556,0.0165357463324
0.0229086765277,0.0229086765277,0.0229086765277,0.0229086765277,0.0229086765277,0.0229086765277,0.0229086765277,0.0229086765277,0.0229086765277,0.0229086765277,0.0229086765277,0.0229086765277,0.0229086765277,0.0229086765277,0.0229086765277,0.0229086765277,0.0229086765277,0.0229086765277,10,Z112 Z122 Z123 Z133,0.414,0.016723122772,0.414,0.016723122772
0.0229086765277,0.0229086765277,0.0229086765277,0.0229086765277,0.0229086765277,0.0229086765277,0.0229086765277,0.0229086765277,0.0229086765277,0.0229086765277,0.0229086765277,0.0229086765277,0.0229086765277,0.0229086765277,0.0229086765277,0.0229086765277,0.0229086765277,0.0229086765277,10,Z113 Z123 Z124 Z134,0.4154,0.0155387046113,0.4154,0.0155387046113
0.0229086765277,0.0229086765277,0.0229086765277,0.0229086765277,0.0229086765277,0.0229086765277,0.0229086765277,0.0229086765277,0.0229086765277,0.0229086765277,0.0229086765277,0.0229086765277,0.0229086765277,0.0229086765277,0.0229086765277,0.0229086765277,0.0229086765277,0.0229086765277,10,Z114 Z124 Z125 Z135,0.0221777777778,0.0167120607866,0.0221777777778,0.0167120607866
0.0229086765277,0.0229086765277,0.0229086765277,0.0229086765277,0.0229086765277,0.0229086765277,0.0229086765277,0.0229086765277,0.0229086765277,0.0229086765277,0.0229086765277,0.0229086765277,0.0229086765277,0.0229086765277,0.0229086765277,0.0229086765277,0.0229086765277,0.0229086765277,10,Z115 Z125 Z136,0.0254,0.0148012115068,0.0254,0.0148012115068
0.0229086765277,0.0229086765277,0.0229086765277,0.0229086765277,0.0229086765277,0.0229086765277,0.0229086765277,0.0229086765277,0.0229086765277,0.0229086765277,0.0229086765277,0.0229086765277,0.0229086765277,0.0229086765277,0.0229086765277,0.0229086765277,0.0229086765277,0.0229086765277,10,Z126 Z137 Z147,0.463155555556,0.0164960771683,0.463155555556,0.0164960771683
0.0229086765277,0.0229086765277,0.0229086765277,0.0229086765277,0.0229086765277,0.0229086765277,0.0229086765277,0.0229086765277,0.0229086765277,0.0229086765277,0.0229086765277,0.0229086765277,0.0229086765277,0.0229086765277,0.0229086765277,0.0229086765277,0.0229086765277,0.0229086765277,10,Z127 Z137 Z138 Z148,0.419266666667,0.0128228125258,0.419266666667,0.0128228125258
0.0229086765277,0.0229086765277,0.0229086765277,0.0229086765277,0.0229086765277,0.0229086765277,0.0229086765277,0.0229086765277,0.0229086765277,0.0229086765277,0.0229086765277,0.0229086765277,0.0229086765277,0.0229086765277,0.0229086765277,0.0229086765277,0.0229086765277,0.0229086765277,10,Z128 Z138 Z139 Z149,0.415733333333,0.0153653837947,0.415733333333,0.0153653837947
0.0229086765277,0.0229086765277,0.0229086765277,0.0229086765277,0.0229086765277,0.0229086765277,0.0229086765277,0.0229086765277,0.0229086765277,0.0229086765277,0.0229086765277,0.0229086765277,0.0229086765277,0.0229086765277,0.0229086765277,0.0229086765277,0.0229086765277,0.0229086765277,10,Z129 Z139 Z140 Z150,0.409466666667,0.0173919433499,0.409466666667,0.0173919433499
0.0229086765277,0.0229086765277,0.0229086765277,0.0229086765277,0.0229086765277,0.0229086765277,0.0229086765277,0.0229086765277,0.0229086765277,0.0229086765277,0.0229086765277,0.0229086765277,0.0229086765277,0.0229086765277,0.0229086765277,0.0229086765277,0.0229086765277,0.0229086765277,10,Z130 Z140 Z141 Z151,0.413911111111,0.0174098517346,0.413911111111,0.0174098517346
0.0229086765277,0.0229086765277,0.0229086765277,0.0229086765277,0.0229086765277,0.0229086765277,0.0229086765277,0.0229086765277,0.0229086765277,0.0229086765277,0.0229086765277,0.0229086765277,0.0229086765277,0.0229086765277,0.0229086765277,0.0229086765277,0.0229086765277,0.0229086765277,10,Z131 Z141 Z142 Z152,0.417533333333,0.0174690969617,0.417533333333,0.0174690969617
0.0229086765277,0.0229086765277,0.0229086765277,0.0229086765277,0.0229086765277,0.0229086765277,0.0229086765277,0.0229086765277,0.0229086765277,0.0229086765277,0.0229086765277,0.0229086765277,0.0229086765277,0.0229086765277,0.0229086765277,0.0229086765277,0.0229086765277,0.0229086765277,10,Z132 Z142 Z143 Z153,0.414622222222,0.0167596791576,0.414622222222,0.0167596791576
0.0229086765277,0.0229086765277,0.0229086765277,0.0229086765277,0.0229086765277,0.0229086765277,0.0229086765277,0.0229086765277,0.0229086765277,0.0229086765277,0.0229086765277,0.0229086765277,0.0229086765277,0.0229086765277,0.0229086765277,0.0229086765277,0.0229086765277,0.0229086765277,10,Z133 Z143 Z144 Z154,0.414577777778,0.0144282963081,0.414577777778,0.0144282963081
0.0229086765277,0.0229086765277,0.0229086765277,0.0229086765277,0.0229086765277,0.0229086765277,0.0229086765277,0.0229086765277,0.0229086765277,0.0229086765277,0.0229086765277,0.0229086765277,0.0229086765277,0.0229086765277,0.0229086765277,0.0229086765277,0.0229086765277,0.0229086765277,10,Z134 Z144 Z145 Z155,0.419066666667,0.0128123503636,0.419066666667,0.0128123503636
0.0229086765277,0.0229086765277,0.0229086765277,0.0229086765277,0.0229086765277,0.0229086765277,0.0229086765277,0.0229086765277,0.0229086765277,0.0229086765277,0.0229086765277,0.0229086765277,0.0229086765277,0.0229086765277,0.0229086765277,0.0229086765277,0.0229086765277,0.0229086765277,10,Z135 Z145 Z146 Z156,0.0192666666667,0.0132101783584,0.0192666666667,0.0132101783584
0.0229086765277,0.0229086765277,0.0229086765277,0.0229086765277,0.0229086765277,0.0229086765277,0.0229086765277,0.0229086765277,0.0229086765277,0.0229086765277,0.0229086765277,0.0229086765277,0.0229086765277,0.0229086765277,0.0229086765277,0.0229086765277,0.0229086765277,0.0229086765277,10,Z136 Z146 Z157,0.0222444444444,0.0151148688138,0.0222444444444,0.0151148688138
0.0229086765277,0.0229086765277,0.0229086765277,0.0229086765277,0.0229086765277,0.0229086765277,0.0229086765277,0.0229086765277,0.0229086765277,0.0229086765277,0.0229086765277,0.0229086765277,0.0229086765277,0.0229086765277,0.0229086765277,0.0229086765277,0.0229086765277,0.0229086765277,10,Z147 Z158 Z168,0.443022222222,0.0122186131906,0.443022222222,0.0122186131906
0.0229086765277,0.0229086765277,0.0229086765277,0.0229086765277,0.0229086765277,0.0229086765277,0.0229086765277,0.0229086765277,0.0229086765277,0.0229086765277,0.0229086765277,0.0229086765277,0.0229086765277,0.0229086765277,0.0229086765277,0.0229086765277,0.0229086765277,0.0229086765277,10,Z148 Z158 Z159 Z169,0.420466666667,0.017090384023,0.420466666667,0.017090384023
0.0229086765277,0.0229086765277,0.0229086765277,0.0229086765277,0.0229086765277,0.0229086765277,0.0229086765277,0.0229086765277,0.0229086765277,0.0229086765277,0.0229086765277,0.0229086765277,0.0229086765277,0.0229086765277,0.0229086765277,0.0229086765277,0.0229086765277,0.0229086765277,10,Z149 Z159 Z160 Z170,0.412511111111,0.0160646999639,0.412511111111,0.0160646999639
0.0229086765277,0.0229086765277,0.0229086765277,0.0229086765277,0.0229086765277,0.0229086765277,0.0229086765277,0.0229086765277,0.0229086765277,0.0229086765277,0.0229086765277,0.0229086765277,0.0229086765277,0.0229086765277,0.0229086765277,0.0229086765277,0.0229086765277,0.0229086765277,10,Z150 Z160 Z161 Z171,0.4202,0.0148969898474,0.4202,0.0148969898474
0.0229086765277,0.0229086765277,0.0229086765277,0.0229086765277,0.0229086765277,0.0229086765277,0.0229086765277,0.0229086765277,0.0229086765277,0.0229086765277,0.0229086765277,0.0229086765277,0.0229086765277,0.0229086765277,0.0229086765277,0.0229086765277,0.0229086765277,0.0229086765277,10,Z151 Z161 Z162 Z172,0.422466666667,0.0185737836913,0.422466666667,0.0185737836913
0.0229086765277,0.0229086765277,0.0229086765277,0.0229086765277,0.0229086765277,0.0229086765277,0.0229086765277,0.0229086765277,0.0229086765277,0.0229086765277,0.0229086765277,0.0229086765277,0.0229086765277,0.0229086765277,0.0229086765277,0.0229086765277,0.0229086765277,0.0229086765277,10,Z152 Z162 Z163 Z173,0.415533333333,0.017037394077,0.415533333333,0.017037394077
0.0229086765277,0.0229086765277,0.0229086765277,0.0229086765277,0.0229086765277,0.0229086765277,0.0229086765277,0.0229086765277,0.0229086765277,0.0229086765277,0.0229086765277,0.0229086765277,0.0229086765277,0.0229086765277,0.0229086765277,0.0229086765277,0.0229086765277,0.0229086765277,10,Z153 Z163 Z164 Z174,0.412511111111,0.0135620422894,0.412511111111,0.0135620422894
0.0229086765277,0.0229086765277,0.0229086765277,0.0229086765277,0.0229086765277,0.0229086765277,0.0229086765277,0.0229086765277,0.0229086765277,0.0229086765277,0.0229086765277,0.0229086765277,0.0229086765277,0.0229086765277,0.0229086765277,0.0229086765277,0.0229086765277,0.0229086765277,10,Z154 Z164 Z165 Z175,0.413222222222,0.0132931386482,0.413222222222,0.0132931386482
0.0229086765277,0.0229086765277,0.0229086765277,0.0229086765277,0.0229086765277,0.0229086765277,0.0229086765277,0.0229086765277,0.0229086765277,0.0229086765277,0.0229086765277,0.0229086765277,0.0229086765277,0.0229086765277,0.0229086765277,0.0229086765277,0.0229086765277,0.0229086765277,10,Z155 Z165 Z166 Z176,0.411933333333,0.0181042955467,0.411933333333,0.0181042955467
0.0229086765277,0.0229086765277,0.0229086765277,0.0229086765277,0.0229086765277,0.0229086765277,0.0229086765277,0.0229086765277,0.0229086765277,0.0229086765277,0.0229086765277,0.0229086765277,0.0229086765277,0.0229086765277,0.0229086765277,0.0229086765277,0.0229086765277,0.0229086765277,10,Z156 Z166 Z167 Z177,0.0166444444444,0.0100823936423,0.0166444444444,0.0100823936423
0.0229086765277,0.0229086765277,0.0229086765277,0.0229086765277,0.0229086765277,0.0229086765277,0.0229086765277,0.0229086765277,0.0229086765277,0.0229086765277,0.0229086765277,0.0229086765277,0.0229086765277,0.0229086765277,0.0229086765277,0.0229086765277,0.0229086765277,0.0229086765277,10,Z157 Z167 Z178,0.0298888888889,0.0165092179832,0.0298888888889,0.0165092179832
0.0229086765277,0.0229086765277,0.0229086765277,0.0229086765277,0.0229086765277,0.0229086765277,0.0229086765277,0.0229086765277,0.0229086765277,0.0229086765277,0.0229086765277,0.0229086765277,0.0229086765277,0.0229086765277,0.0229086765277,0.0229086765277,0.0229086765277,0.0229086765277,10,Z168 Z179 Z189,0.433844444444,0.0151656835183,0.433844444444,0.0151656835183
0.0229086765277,0.0229086765277,0.0229086765277,0.0229086765277,0.0229086765277,0.0229086765277,0.0229086765277,0.0229086765277,0.0229086765277,0.0229086765277,0.0229086765277,0.0229086765277,0.0229086765277,0.0229086765277,0.0229086765277,0.0229086765277,0.0229086765277,0.0229086765277,10,Z169 Z179 Z180 Z190,0.4148,0.0155091370918,0.4148,0.0155091370918
0.0229086765277,0.0229086765277,0.0229086765277,0.0229086765277,0.0229086765277,0.0229086765277,0.0229086765277,0.0229086765277,0.0229086765277,0.0229086765277,0.0229086765277,0.0229086765277,0.0229086765277,0.0229086765277,0.0229086765277,0.0229086765277,0.0229086765277,0.0229086765277,10,Z170 Z180 Z181 Z191,0.422044444444,0.0216088057355,0.422044444444,0.0216088057355
0.0229086765277,0.0229086765277,0.0229086765277,0.0229086765277,0.0229086765277,0.0229086765277,0.0229086765277,0.0229086765277,0.0229086765277,0.0229086765277,0.0229086765277,0.0229086765277,0.0229086765277,0.0229086765277,0.0229086765277,0.0229086765277,0.0229086765277,0.0229086765277,10,Z171 Z181 Z182 Z192,0.416511111111,0.0144037918947,0.416511111111,0.0144037918947
0.0229086765277,0.0229086765277,0.0229086765277,0.0229086765277,0.0229086765277,0.0229086765277,0.0229086765277,0.0229086765277,0.0229086765277,0.0229086765277,0.0229086765277,0.0229086765277,0.0229086765277,0.0229086765277,0.0229086765277,0.0229086765277,0.0229086765277,0.0229086765277,10,Z172 Z182 Z183 Z193,0.417733333333,0.0172709753644,0.417733333333,0.0172709753644
0.0229086765277,0.0229086765277,0.0229086765277,0.0229086765277,0.0229086765277,0.0229086765277,0.0229086765277,0.0229086765277,0.0229086765277,0.0229086765277,0.0229086765277,0.0229086765277,0.0229086765277,0.0229086765277,0.0229086765277,0.0229086765277,0.0229086765277,0.0229086765277,10,Z173 Z183 Z184 Z194,0.411155555556,0.0132860464162,0.411155555556,0.0132860464162
0.0229086765277,0.0229086765277,0.0229086765277,0.0229086765277,0.0229086765277,0.0229086765277,0.0229086765277,0.0229086765277,0.0229086765277,0.0229086765277,0.0229086765277,0.0229086765277,0.0229086765277,0.0229086765277,0.0229086765277,0.0229086765277,0.0229086765277,0.0229086765277,10,Z174 Z184 Z185 Z195,0.413222222222,0.0173810865925,0.413222222222,0.0173810865925
0.0229086765277,0.0229086765277,0.0229086765277,0.0229086765277,0.0229086765277,0.0229086765277,0.0229086765277,0.0229086765277,0.0229086765277,0.0229086765277,0.0229086765277,0.0229086765277,0.0229086765277,0.0229086765277,0.0229086765277,0.0229086765277,0.0229086765277,0.0229086765277,10,Z175 Z185 Z186 Z196,0.415111111111,0.0207878046575,0.415111111111,0.0207878046575
0.0229086765277,0.0229086765277,0.0229086765277,0.0229086765277,0.0229086765277,0.0229086765277,0.0229086765277,0.0229086765277,0.0229086765277,0.0229086765277,0.0229086765277,0.0229086765277,0.0229086765277,0.0229086765277,0.0229086765277,0.0229086765277,0.0229086765277,0.0229086765277,10,Z176 Z186 Z187 Z197,0.415266666667,0.0170618437869,0.415266666667,0.0170618437869
0.0229086765277,0.0229086765277,0.0229086765277,0.0229086765277,0.0229086765277,0.0229086765277,0.0229086765277,0.0229086765277,0.0229086765277,0.0229086765277,0.0229086765277,0.0229086765277,0.0229086765277,0.0229086765277,0.0229086765277,0.0229086765277,0.0229086765277,0.0229086765277,10,Z177 Z187 Z188 Z198,0.0198,0.0140716829319,0.0198,0.0140716829319
0.0229086765277,0.0229086765277,0.0229086765277,0.0229086765277,0.0229086765277,0.0229086765277,0.0229086765277,0.0229086765277,0.0229086765277,0.0229086765277,0.0229086765277,0.0229086765277,0.0229086765277,0.0229086765277,0.0229086765277,0.0229086765277,0.0229086765277,0.0229086765277,10,Z178 Z188 Z199,0.0276,0.0195156681331,0.0276,0.0195156681331
0.0229086765277,0.0229086765277,0.0229086765277,0.0229086765277,0.0229086765277,0.0229086765277,0.0229086765277,0.0229086765277,0.0229086765277,0.0229086765277,0.0229086765277,0.0229086765277,0.0229086765277,0.0229086765277,0.0229086765277,0.0229086765277,0.0229086765277,0.0229086765277,10,Z189 Z200 Z210,0.429977777778,0.0143609552968,0.429977777778,0.0143609552968
0.0229086765277,0.0229086765277,0.0229086765277,0.0229086765277,0.0229086765277,0.0229086765277,0.0229086765277,0.0229086765277,0.0229086765277,0.0229086765277,0.0229086765277,0.0229086765277,0.0229086765277,0.0229086765277,0.0229086765277,0.0229086765277,0.0229086765277,0.0229086765277,10,Z190 Z200 Z201 Z211,0.424911111111,0.0129253480899,0.424911111111,0.0129253480899
0.0229086765277,0.0229086765277,0.0229086765277,0.0229086765277,0.0229086765277,0.0229086765277,0.0229086765277,0.0229086765277,0.0229086765277,0.0229086765277,0.0229086765277,0.0229086765277,0.0229086765277,0.0229086765277,0.0229086765277,0.0229086765277,0.0229086765277,0.0229086765277,10,Z191 Z201 Z202 Z212,0.427066666667,0.0169665887585,0.427066666667,0.0169665887585
0.0229086765277,0.0229086765277,0.0229086765277,0.0229086765277,0.0229086765277,0.0229086765277,0.0229086765277,0.0229086765277,0.0229086765277,0.0229086765277,0.0229086765277,0.0229086765277,0.0229086765277,0.0229086765277,0.0229086765277,0.0229086765277,0.0229086765277,0.0229086765277,10,Z192 Z202 Z203 Z213,0.425688888889,0.0166106952882,0.425688888889,0.0166106952882
0.0229086765277,0.0229086765277,0.0229086765277,0.0229086765277,0.0229086765277,0.0229086765277,0.0229086765277,0.0229086765277,0.0229086765277,0.0229086765277,0.0229086765277,0.0229086765277,0.0229086765277,0.0229086765277,0.0229086765277,0.0229086765277,0.0229086765277,0.0229086765277,10,Z193 Z203 Z204 Z214,0.425466666667,0.0108241251759,0.425466666667,0.0108241251759
0.0229086765277,0.0229086765277,0.0229086765277,0.0229086765277,0.0229086765277,0.0229086765277,0.0229086765277,0.0229086765277,0.0229086765277,0.0229086765277,0.0229086765277,0.0229086765277,0.0229086765277,0.0229086765277,0.0229086765277,0.0229086765277,0.0229086765277,0.0229086765277,10,Z194 Z204 Z205 Z215,0.425622222222,0.0168888031859,0.425622222222,0.0168888031859
0.0229086765277,0.0229086765277,0.0229086765277,0.0229086765277,0.0229086765277,0.0229086765277,0.0229086765277,0.0229086765277,0.0229086765277,0.0229086765277,0.0229086765277,0.0229086765277,0.0229086765277,0.0229086765277,0.0229086765277,0.0229086765277,0.0229086765277,0.0229086765277,10,Z195 Z205 Z206 Z216,0.427422222222,0.0134986683984,0.427422222222,0.0134986683984
0.0229086765277,0.0229086765277,0.0229086765277,0.0229086765277,0.0229086765277,0.0229086765277,0.0229086765277,0.0229086765277,0.0229086765277,0.0229086765277,0.0229086765277,0.0229086765277,0.0229086765277,0.0229086765277,0.0229086765277,0.0229086765277,0.0229086765277,0.0229086765277,10,Z196 Z206 Z207 Z217,0.426355555556,0.0186327551847,0.426355555556,0.0186327551847
0.0229086765277,0.0229086765277,0.0229086765277,0.0229086765277,0.0229086765277,0.0229086765277,0.0229086765277,0.0229086765277,0.0229086765277,0.0229086765277,0.0229086765277,0.0229086765277,0.0229086765277,0.0229086765277,0.0229086765277,0.0229086765277,0.0229086765277,0.0229086765277,10,Z197 Z207 Z208 Z218,0.430155555556,0.0136352971447,0.430155555556,0.0136352971447
0.0229086765277,0.0229086765277,0.0229086765277,0.0229086765277,0.0229086765277,0.0229086765277,0.0229086765277,0.0229086765277,0.0229086765277,0.0229086765277,0.0229086765277,0.0229086765277,0.0229086765277,0.0229086765277,0.0229086765277,0.0229086765277,0.0229086765277,0.0229086765277,10,Z198 Z208 Z209 Z219,0.0190888888889,0.0139528305903,0.0190888888889,0.0139528305903
0.0229086765277,0.0229086765277,0.0229086765277,0.0229086765277,0.0229086765277,0.0229086765277,0.0229086765277,0.0229086765277,0.0229086765277,0.0229086765277,0.0229086765277,0.0229086765277,0.0229086765277,0.0229086765277,0.0229086765277,0.0229086765277,0.0229086765277,0.0229086765277,10,Z199 Z209 Z220,0.0123333333333,0.0108965880983,0.0123333333333,0.0108965880983
0.0229086765277,0.0229086765277,0.0229086765277,0.0229086765277,0.0229086765277,0.0229086765277,0.0229086765277,0.0229086765277,0.0229086765277,0.0229086765277,0.0229086765277,0.0229086765277,0.0229086765277,0.0229086765277,0.0229086765277,0.0229086765277,0.0229086765277,0.0229086765277,10,Z2 Z12 Z13 Z23,0.2048,0.0222493015087,0.2048,0.0222493015087
0.0229086765277,0.0229086765277,0.0229086765277,0.0229086765277,0.0229086765277,0.0229086765277,0.0229086765277,0.0229086765277,0.0229086765277,0.0229086765277,0.0229086765277,0.0229086765277,0.0229086765277,0.0229086765277,0.0229086765277,0.0229086765277,0.0229086765277,0.0229086765277,10,Z21 Z32 Z42,0.538822222222,0.0149765418956,0.538822222222,0.0149765418956
0.0229086765277,0.0229086765277,0.0229086765277,0.0229086765277,0.0229086765277,0.0229086765277,0.0229086765277,0.0229086765277,0.0229086765277,0.0229086765277,0.0229086765277,0.0229086765277,0.0229086765277,0.0229086765277,0.0229086765277,0.0229086765277,0.0229086765277,0.0229086765277,10,Z22 Z32 Z33 Z43,0.413377777778,0.0156650117329,0.413377777778,0.0156650117329
0.0229086765277,0.0229086765277,0.0229086765277,0.0229086765277,0.0229086765277,0.0229086765277,0.0229086765277,0.0229086765277,0.0229086765277,0.0229086765277,0.0229086765277,0.0229086765277,0.0229086765277,0.0229086765277,0.0229086765277,0.0229086765277,0.0229086765277,0.0229086765277,10,Z23 Z33 Z34 Z44,0.417022222222,0.0218533834994,0.417022222222,0.0218533834994
0.0229086765277,0.0229086765277,0.0229086765277,0.0229086765277,0.0229086765277,0.0229086765277,0.0229086765277,0.0229086765277,0.0229086765277,0.0229086765277,0.0229086765277,0.0229086765277,0.0229086765277,0.0229086765277,0.0229086765277,0.0229086765277,0.0229086765277,0.0229086765277,10,Z24 Z34 Z35 Z45,0.417266666667,0.0145368866267,0.417266666667,0.0145368866267
0.0229086765277,0.0229086765277,0.0229086765277,0.0229086765277,0.0229086765277,0.0229086765277,0.0229086765277,0.0229086765277,0.0229086765277,0.0229086765277,0.0229086765277,0.0229086765277,0.0229086765277,0.0229086765277,0.0229086765277,0.0229086765277,0.0229086765277,0.0229086765277,10,Z25 Z35 Z36 Z46,0.419955555556,0.0193194030935,0.419955555556,0.0193194030935
0.0229086765277,0.0229086765277,0.0229086765277,0.0229086765277,0.0229086765277,0.0229086765277,0.0229086765277,0.0229086765277,0.0229086765277,0.0229086765277,0.0229086765277,0.0229086765277,0.0229086765277,0.0229086765277,0.0229086765277,0.0229086765277,0.0229086765277,0.0229086765277,10,Z26 Z36 Z37 Z47,0.412844444444,0.015466124974,0.412844444444,0.015466124974
0.0229086765277,0.0229086765277,0.0229086765277,0.0229086765277,0.0229086765277,0.0229086765277,0.0229086765277,0.0229086765277,0.0229086765277,0.0229086765277,0.0229086765277,0.0229086765277,0.0229086765277,0.0229086765277,0.0229086765277,0.0229086765277,0.0229086765277,0.0229086765277,10,Z27 Z37 Z38 Z48,0.418555555556,0.0187821414595,0.418555555556,0.0187821414595
0.0229086765277,0.0229086765277,0.0229086765277,0.0229086765277,0.0229086765277,0.0229086765277,0.0229086765277,0.0229086765277,0.0229086765277,0.0229086765277,0.0229086765277,0.0229086765277,0.0229086765277,0.0229086765277,0.0229086765277,0.0229086765277,0.0229086765277,0.0229086765277,10,Z28 Z38 Z39 Z49,0.407711111111,0.0144770219131,0.407711111111,0.0144770219131
0.0229086765277,0.0229086765277,0.0229086765277,0.0229086765277,0.0229086765277,0.0229086765277,0.0229086765277,0.0229086765277,0.0229086765277,0.0229086765277,0.0229086765277,0.0229086765277,0.0229086765277,0.0229086765277,0.0229086765277,0.0229086765277,0.0229086765277,0.0229086765277,10,Z29 Z39 Z40 Z50,0.4172,0.0125888718115,0.4172,0.0125888718115
0.0229086765277,0.0229086765277,0.0229086765277,0.0229086765277,0.0229086765277,0.0229086765277,0.0229086765277,0.0229086765277,0.0229086765277,0.0229086765277,0.0229086765277,0.0229086765277,0.0229086765277,0.0229086765277,0.0229086765277,0.0229086765277,0.0229086765277,0.0229086765277,10,Z3 Z13 Z14 Z24,0.143555555556,0.0142622759742,0.143555555556,0.0142622759742
0.0229086765277,0.0229086765277,0.0229086765277,0.0229086765277,0.0229086765277,0.0229086765277,0.0229086765277,0.0229086765277,0.0229086765277,0.0229086765277,0.0229086765277,0.0229086765277,0.0229086765277,0.0229086765277,0.0229086765277,0.0229086765277,0.0229086765277,0.0229086765277,10,Z30 Z40 Z41 Z51,0.0265555555556,0.0179262715946,0.0265555555556,0.0179262715946
0.0229086765277,0.0229086765277,0.0229086765277,0.0229086765277,0.0229086765277,0.0229086765277,0.0229086765277,0.0229086765277,0.0229086765277,0.0229086765277,0.0229086765277,0.0229086765277,0.0229086765277,0.0229086765277,0.0229086765277,0.0229086765277,0.0229086765277,0.0229086765277,10,Z31 Z41 Z52,0.0224,0.0147952565662,0.0224,0.0147952565662
0.0229086765277,0.0229086765277,0.0229086765277,0.0229086765277,0.0229086765277,0.0229086765277,0.0229086765277,0.0229086765277,0.0229086765277,0.0229086765277,0.0229086765277,0.0229086765277,0.0229086765277,0.0229086765277,0.0229086765277,0.0229086765277,0.0229086765277,0.0229086765277,10,Z4 Z14 Z15 Z25,0.101844444444,0.0199683146199,0.101844444444,0.0199683146199
0.0229086765277,0.0229086765277,0.0229086765277,0.0229086765277,0.0229086765277,0.0229086765277,0.0229086765277,0.0229086765277,0.0229086765277,0.0229086765277,0.0229086765277,0.0229086765277,0.0229086765277,0.0229086765277,0.0229086765277,0.0229086765277,0.0229086765277,0.0229086765277,10,Z42 Z53 Z63,0.523133333333,0.0149103579416,0.523133333333,0.0149103579416
0.0229086765277,0.0229086765277,0.0229086765277,0.0229086765277,0.0229086765277,0.0229086765277,0.0229086765277,0.0229086765277,0.0229086765277,0.0229086765277,0.0229086765277,0.0229086765277,0.0229086765277,0.0229086765277,0.0229086765277,0.0229086765277,0.0229086765277,0.0229086765277,10,Z43 Z53 Z54 Z64,0.414377777778,0.0172390746863,0.414377777778,0.0172390746863
0.0229086765277,0.0229086765277,0.0229086765277,0.0229086765277,0.0229086765277,0.0229086765277,0.0229086765277,0.0229086765277,0.0229086765277,0.0229086765277,0.0229086765277,0.0229086765277,0.0229086765277,0.0229086765277,0.0229086765277,0.0229086765277,0.0229086765277,0.0229086765277,10,Z44 Z54 Z55 Z65,0.410577777778,0.0159219680846,0.410577777778,0.0159219680846
0.0229086765277,0.0229086765277,0.0229086765277,0.0229086765277,0.0229086765277,0.0229086765277,0.0229086765277,0.0229086765277,0.0229086765277,0.0229086765277,0.0229086765277,0.0229086765277,0.0229086765277,0.0229086765277,0.0229086765277,0.0229086765277,0.0229086765277,0.0229086765277,10,Z45 Z55 Z56 Z66,0.413733333333,0.015061152485,0.413733333333,0.015061152485
0.0229086765277,0.0229086765277,0.0229086765277,0.0229086765277,0.0229086765277,0.0229086765277,0.0229086765277,0.0229086765277,0.0229086765277,0.0229086765277,0.0229086765277,0.0229086765277,0.0229086765277,0.0229086765277,0.0229086765277,0.0229086765277,0.0229086765277,0.0229086765277,10,Z46 Z56 Z57 Z67,0.411177777778,0.0153135137608,0.411177777778,0.0153135137608
0.0229086765277,0.0229086765277,0.0229086765277,0.0229086765277,0.0229086765277,0.0229086765277,0.0229086765277,0.0229086765277,0.0229086765277,0.0229086765277,0.0229086765277,0.0229086765277,0.0229086765277,0.0229086765277,0.0229086765277,0.0229086765277,0.0229086765277,0.0229086765277,10,Z47 Z57 Z58 Z68,0.4204,0.0184541266191,0.4204,0.0184541266191
0.0229086765277,0.0229086765277,0.0229086765277,0.0229086765277,0.0229086765277,0.0229086765277,0.0229086765277,0.0229086765277,0.0229086765277,0.0229086765277,0.0229086765277,0.0229086765277,0.0229086765277,0.0229086765277,0.0229086765277,0.0229086765277,0.0229086765277,0.0229086765277,10,Z48 Z58 Z59 Z69,0.414,0.015452312007,0.414,0.015452312007
0.0229086765277,0.0229086765277,0.0229086765277,0.0229086765277,0.0229086765277,0.0229086765277,0.0229086765277,0.0229086765277,0.0229086765277,0.0229086765277,0.0229086765277,0.0229086765277,0.0229086765277,0.0229086765277,0.0229086765277,0.0229086765277,0.0229086765277,0.0229086765277,10,Z49 Z59 Z60 Z70,0.418577777778,0.0158776291052,0.418577777778,0.0158776291052
0.0229086765277,0.0229086765277,0.0229086765277,0.0229086765277,0.0229086765277,0.0229086765277,0.0229086765277,0.0229086765277,0.0229086765277,0.0229086765277,0.0229086765277,0.0229086765277,0.0229086765277,0.0229086765277,0.0229086765277,0.0229086765277,0.0229086765277,0.0229086765277,10,Z5 Z15 Z16 Z26,0.0704666666667,0.0191170221635,0.0704666666667,0.0191170221635
0.0229086765277,0.0229086765277,0.0229086765277,0.0229086765277,0.0229086765277,0.0229086765277,0.0229086765277,0.0229086765277,0.0229086765277,0.0229086765277,0.0229086765277,0.0229086765277,0.0229086765277,0.0229086765277,0.0229086765277,0.0229086765277,0.0229086765277,0.0229086765277,10,Z50 Z60 Z61 Z71,0.413177777778,0.0182294304031,0.413177777778,0.0182294304031
0.0229086765277,0.0229086765277,0.0229086765277,0.0229086765277,0.0229086765277,0.0229086765277,0.0229086765277,0.0229086765277,0.0229086765277,0.0229086765277,0.0229086765277,0.0229086765277,0.0229086765277,0.0229086765277,0.0229086765277,0.0229086765277,0.0229086765277,0.0229086765277,10,Z51 Z61 Z62 Z72,0.0230888888889,0.0128932942663,0.0230888888889,0.0128932942663
0.0229086765277,0.0229086765277,0.0229086765277,0.0229086765277,0.0229086765277,0.0229086765277,0.0229086765277,0.0229086765277,0.0229086765277,0.0229086765277,0.0229086765277,0.0229086765277,0.0229086765277,0.0229086765277,0.0229086765277,0.0229086765277,0.0229086765277,0.0229086765277,10,Z52 Z62 Z73,0.0244666666667,0.013461624184,0.0244666666667,0.013461624184
0.0229086765277,0.0229086765277,0.0229086765277,0.0229086765277,0.0229086765277,0.0229086765277,0.0229086765277,0.0229086765277,0.0229086765277,0.0229086765277,0.0229086765277,0.0229086765277,0.0229086765277,0.0229086765277,0.0229086765277,0.0229086765277,0.0229086765277,0.0229086765277,10,Z6 Z16 Z17 Z27,0.0560444444444,0.0214957419526,0.0560444444444,0.0214957419526
0.0229086765277,0.0229086765277,0.0229086765277,0.0229086765277,0.0229086765277,0.0229086765277,0.0229086765277,0.0229086765277,0.0229086765277,0.0229086765277,0.0229086765277,0.0229086765277,0.0229086765277,0.0229086765277,0.0229086765277,0.0229086765277,0.0229086765277,0.0229086765277,10,Z63 Z74 Z84,0.504533333333,0.0172121315143,0.504533333333,0.0172121315143
0.0229086765277,0.0229086765277,0.0229086765277,0.0229086765277,0.0229086765277,0.0229086765277,0.0229086765277,0.0229086765277,0.0229086765277,0.0229086765277,0.0229086765277,0.0229086765277,0.0229086765277,0.0229086765277,0.0229086765277,0.0229086765277,0.0229086765277,0.0229086765277,10,Z64 Z74 Z75 Z85,0.418,0.0125956873967,0.418,0.0125956873967
0.0229086765277,0.0229086765277,0.0229086765277,0.0229086765277,0.0229086765277,0.0229086765277,0.0229086765277,0.0229086765277,0.0229086765277,0.0229086765277,0.0229086765277,0.0229086765277,0.0229086765277,0.0229086765277,0.0229086765277,0.0229086765277,0.0229086765277,0.0229086765277,10,Z65 Z75 Z76 Z86,0.411377777778,0.0191792778767,0.411377777778,0.0191792778767
0.0229086765277,0.0229086765277,0.0229086765277,0.0229086765277,0.0229086765277,0.0229086765277,0.0229086765277,0.0229086765277,0.0229086765277,0.0229086765277,0.0229086765277,0.0229086765277,0.0229086765277,0.0229086765277,0.0229086765277,0.0229086765277,0.0229086765277,0.0229086765277,10,Z66 Z76 Z77 Z87,0.414755555556,0.0165144621012,0.414755555556,0.0165144621012
0.0229086765277,0.0229086765277,0.0229086765277,0.0229086765277,0.0229086765277,0.0229086765277,0.0229086765277,0.0229086765277,0.0229086765277,0.0229086765277,0.0229086765277,0.0229086765277,0.0229086765277,0.0229086765277,0.0229086765277,0.0229086765277,0.0229086765277,0.0229086765277,10,Z67 Z77 Z78 Z88,0.413177777778,0.0145709345212,0.413177777778,0.0145709345212
0.0229086765277,0.0229086765277,0.0229086765277,0.0229086765277,0.0229086765277,0.0229086765277,0.0229086765277,0.0229086765277,0.0229086765277,0.0229086765277,0.0229086765277,0.0229086765277,0.0229086765277,0.0229086765277,0.0229086765277,0.0229086765277,0.0229086765277,0.0229086765277,10,Z68 Z78 Z79 Z89,0.414822222222,0.0143568994543,0.414822222222,0.0143568994543
0.0229086765277,0.0229086765277,0.0229086765277,0.0229086765277,0.0229086765277,0.0229086765277,0.0229086765277,0.0229086765277,0.0229086765277,0.0229086765277,0.0229086765277,0.0229086765277,0.0229086765277,0.0229086765277,0.0229086765277,0.0229086765277,0.0229086765277,0.0229086765277,10,Z69 Z79 Z80 Z90,0.417822222222,0.0132027320212,0.417822222222,0.0132027320212
0.0229086765277,0.0229086765277,0.0229086765277,0.0229086765277,0.0229086765277,0.0229086765277,0.0229086765277,0.0229086765277,0.0229086765277,0.0229086765277,0.0229086765277,0.0229086765277,0.0229086765277,0.0229086765277,0.0229086765277,0.0229086765277,0.0229086765277,0.0229086765277,10,Z7 Z17 Z18 Z28,0.0404222222222,0.0184706318274,0.0404222222222,0.0184706318274
0.0229086765277,0.0229086765277,0.0229086765277,0.0229086765277,0.0229086765277,0.0229086765277,0.0229086765277,0.0229086765277,0.0229086765277,0.0229086765277,0.0229086765277,0.0229086765277,0.0229086765277,0.0229086765277,0.0229086765277,0.0229086765277,0.0229086765277,0.0229086765277,10,Z70 Z80 Z81 Z91,0.415955555556,0.0161723792096,0.415955555556,0.0161723792096
0.0229086765277,0.0229086765277,0.0229086765277,0.0229086765277,0.0229086765277,0.0229086765277,0.0229086765277,0.0229086765277,0.0229086765277,0.0229086765277,0.0229086765277,0.0229086765277,0.0229086765277,0.0229086765277,0.0229086765277,0.0229086765277,0.0229086765277,0.0229086765277,10,Z71 Z81 Z82 Z92,0.414244444444,0.0165984658233,0.414244444444,0.0165984658233
0.0229086765277,0.0229086765277,0.0229086765277,0.0229086765277,0.0229086765277,0.0229086765277,0.0229086765277,0.0229086765277,0.0229086765277,0.0229086765277,0.0229086765277,0.0229086765277,0.0229086765277,0.0229086765277,0.0229086765277,0.0229086765277,0.0229086765277,0.0229086765277,10,Z72 Z82 Z83 Z93,0.02,0.0145365176307,0.02,0.0145365176307
0.0229086765277,0.0229086765277,0.0229086765277,0.0229086765277,0.0229086765277,0.0229086765277,0.0229086765277,0.0229086765277,0.0229086765277,0.0229086765277,0.0229086765277,0.0229086765277,0.0229086765277,0.0229086765277,0.0229086765277,0.0229086765277,0.0229086765277,0.0229086765277,10,Z73 Z83 Z94,0.0260444444444,0.0140747139735,0.0260444444444,0.0140747139735
0.0229086765277,0.0229086765277,0.0229086765277,0.0229086765277,0.0229086765277,0.0229086765277,0.0229086765277,0.0229086765277,0.0229086765277,0.0229086765277,0.0229086765277,0.0229086765277,0.0229086765277,0.0229086765277,0.0229086765277,0.0229086765277,0.0229086765277,0.0229086765277,10,Z8 Z18 Z19 Z29,0.0323111111111,0.0173012375996,0.0323111111111,0.0173012375996
0.0229086765277,0.0229086765277,0.0229086765277,0.0229086765277,0.0229086765277,0.0229086765277,0.0229086765277,0.0229086765277,0.0229086765277,0.0229086765277,0.0229086765277,0.0229086765277,0.0229086765277,0.0229086765277,0.0229086765277,0.0229086765277,0.0229086765277,0.0229086765277,10,Z84 Z95 Z105,0.484733333333,0.0171228153234,0.484733333333,0.0171228153234
0.0229086765277,0.0229086765277,0.0229086765277,0.0229086765277,0.0229086765277,0.0229086765277,0.0229086765277,0.0229086765277,0.0229086765277,0.0229086765277,0.0229086765277,0.0229086765277,0.0229086765277,0.0229086765277,0.0229086765277,0.0229086765277,0.0229086765277,0.0229086765277,10,Z85 Z95 Z96 Z106,0.413977777778,0.0187498011909,0.413977777778,0.0187498011909
0.0229086765277,0.0229086765277,0.0229086765277,0.0229086765277,0.0229086765277,0.0229086765277,0.0229086765277,0.0229086765277,0.0229086765277,0.0229086765277,0.0229086765277,0.0229086765277,0.0229086765277,0.0229086765277,0.0229086765277,0.0229086765277,0.0229086765277,0.0229086765277,10,Z86 Z96 Z97 Z107,0.415244444444,0.0151960201821,0.415244444444,0.0151960201821
0.0229086765277,0.0229086765277,0.0229086765277,0.0229086765277,0.0229086765277,0.0229086765277,0.0229086765277,0.0229086765277,0.0229086765277,0.0229086765277,0.0229086765277,0.0229086765277,0.0229086765277,0.0229086765277,0.0229086765277,0.0229086765277,0.0229086765277,0.0229086765277,10,Z87 Z97 Z98 Z108,0.413933333333,0.0182954467463,0.413933333333,0.0182954467463
0.0229086765277,0.0229086765277,0.0229086765277,0.0229086765277,0.0229086765277,0.0229086765277,0.0229086765277,0.0229086765277,0.0229086765277,0.0229086765277,0.0229086765277,0.0229086765277,0.0229086765277,0.0229086765277,0.0229086765277,0.0229086765277,0.0229086765277,0.0229086765277,10,Z88 Z98 Z99 Z109,0.415066666667,0.0152059677738,0.415066666667,0.0152059677738
0.0229086765277,0.0229086765277,0.0229086765277,0.0229086765277,0.0229086765277,0.0229086765277,0.0229086765277,0.0229086765277,0.0229086765277,0.0229086765277,0.0229086765277,0.0229086765277,0.0229086765277,0.0229086765277,0.0229086765277,0.0229086765277,0.0229086765277,0.0229086765277,10,Z89 Z99 Z100 Z110,0.413488888889,0.018431759475,0.413488888889,0.018431759475
0.0229086765277,0.0229086765277,0.0229086765277,0.0229086765277,0.0229086765277,0.0229086765277,0.0229086765277,0.0229086765277,0.0229086765277,0.0229086765277,0.0229086765277,0.0229086765277,0.0229086765277,0.0229086765277,0.0229086765277,0.0229086765277,0.0229086765277,0.0229086765277,10,Z9 Z19 Z20 Z30,0.016,0.0117078092287,0.016,0.0117078092287
0.0229086765277,0.0229086765277,0.0229086765277,0.0229086765277,0.0229086765277,0.0229086765277,0.0229086765277,0.0229086765277,0.0229086765277,0.0229086765277,0.0229086765277,0.0229086765277,0.0229086765277,0.0229086765277,0.0229086765277,0.0229086765277,0.0229086765277,0.0229086765277,10,Z90 Z100 Z101 Z111,0.4158,0.0132273373022,0.4158,0.0132273373022
0.0229086765277,0.0229086765277,0.0229086765277,0.0229086765277,0.0229086765277,0.0229086765277,0.0229086765277,0.0229086765277,0.0229086765277,0.0229086765277,0.0229086765277,0.0229086765277,0.0229086765277,0.0229086765277,0.0229086765277,0.0229086765277,0.0229086765277,0.0229086765277,10,Z91 Z101 Z102 Z112,0.416533333333,0.0123789464082,0.416533333333,0.0123789464082
0.0229086765277,0.0229086765277,0.0229086765277,0.0229086765277,0.0229086765277,0.0229086765277,0.0229086765277,0.0229086765277,0.0229086765277,0.0229086765277,0.0229086765277,0.0229086765277,0.0229086765277,0.0229086765277,0.0229086765277,0.0229086765277,0.0229086765277,0.0229086765277,10,Z92 Z102 Z103 Z113,0.414955555556,0.0213395704484,0.414955555556,0.0213395704484
0.0229086765277,0.0229086765277,0.0229086765277,0.0229086765277,0.0229086765277,0.0229086765277,0.0229086765277,0.0229086765277,0.0229086765277,0.0229086765277,0.0229086765277,0.0229086765277,0.0229086765277,0.0229086765277,0.0229086765277,0.0229086765277,0.0229086765277,0.0229086765277,10,Z93 Z103 Z104 Z114,0.0186444444444,0.01771246143,0.0186444444444,0.01771246143
0.0229086765277,0.0229086765277,0.0229086765277,0.0229086765277,0.0229086765277,0.0229086765277,0.0229086765277,0.0229086765277,0.0229086765277,0.0229086765277,0.0229086765277,0.0229086765277,0.0229086765277,0.0229086765277,0.0229086765277,0.0229086765277,0.0229086765277,0.0229086765277,10,Z94 Z104 Z115,0.0274222222222,0.0172985799549,0.0274222222222,0.0172985799549
