g1_x,g1_y,g1_z,IX,IY,IZ,XI,XX,XY,XZ,YI,YX,YY,YZ,ZI,ZX,ZY,ZZ,round,operator,mean,std,mean_signed,std_signed
1e-05,1e-05,1e-05,1e-05,1e-05,1e-05,1e-05,1e-05,1e-05,1e-05,1e-05,1e-05,1e-05,1e-05,1e-05,1e-05,1e-05,1e-05,1,Logical X,0.993733333333,0.00187420481222,0.9946,0.00210345455687
1e-05,1e-05,1e-05,1e-05,1e-05,1e-05,1e-05,1e-05,1e-05,1e-05,1e-05,1e-05,1e-05,1e-05,1e-05,1e-05,1e-05,1e-05,1,Logical Y,0.0148888888889,0.0120093620355,-0.000555555555556,0.016854648695
1e-05,1e-05,1e-05,1e-05,1e-05,1e-05,1e-05,1e-05,1e-05,1e-05,1e-05,1e-05,1e-05,1e-05,1e-05,1e-05,1e-05,1e-05,1,Logical Z,0.0136888888889,0.0122110851383,0.00246666666667,0.0175967168655
1e-05,1e-05,1e-05,1e-05,1e-05,1e-05,1e-05,1e-05,1e-05,1e-05,1e-05,1e-05,1e-05,1e-05,1e-05,1e-05,1e-05,1e-05,1,X0 X1 X11,0.9942,0.00217368447907,0.9942,0.00217368447907
1e-05,1e-05,1e-05,1e-05,1e-05,1e-05,1e-05,1e-05,1e-05,1e-05,1e-05,1e-05,1e-05,1e-05,1e-05,1e-05,1e-05,1e-05,1,X1 X2 X12,0.994311111111,0.00163986106629,0.994311111111,0.00163986106629
1e-05,1e-05,1e-05,1e-05,1e-05,1e-05,1e-05,1e-05,1e-05,1e-05,1e-05,1e-05,1e-05,1e-05,1e-05,1e-05,1e-05,1e-05,1,X100 X110 X111 X121,0.994,0.00181099240379,0.994,0.00181099240379
1e-05,1e-05,1e-05,1e-05,1e-05,1e-05,1e-05,1e-05,1e-05,1e-05,1e-05,1e-05,1e-05,1e-05,1e-05,1e-05,1e-05,1e-05,1,X101 X111 X112 X122,0.993955555556,0.00221408471759,0.993955555556,0.00221408471759
1e-05,1e-05,1e-05,1e-05,1e-05,1e-05,1e-05,1e-05,1e-05,1e-05,1e-05,1e-05,1e-05,1e-05,1e-05,1e-05,1e-05,1e-05,1,X102 X112 X113 X123,0.994088888889,0.0018171876999,0.994088888889,0.0018171876999
1e-05,1e-05,1e-05,1e-05,1e-05,1e-05,1e-05,1e-05,1e-05,1e-05,1e-05,1e-05,1e-05,1e-05,1e-05,1e-05,1e-05,1e-05,1,X103 X113 X114 X124,0.994355555556,0.00180873430765,0.994355555556,0.00180873430765
1e-05,1e-05,1e-05,1e-05,1e-05,1e-05,1e-05,1e-05,1e-05,1e-05,1e-05,1e-05,1e-05,1e-05,1e-05,1e-05,1e-05,1e-05,1,X104 X114 X115 X125,0.992511111111,0.00183355972131,0.992511111111,0.00183355972131
1e-05,1e-05,1e-05,1e-05,1e-05,1e-05,1e-05,1e-05,1e-05,1e-05,1e-05,1e-05,1e-05,1e-05,1e-05,1e-05,1e-05,1e-05,1,X11 X21 X22 X32,0.994422222222,0.00179811168157,0.994422222222,0.00179811168157
1e-05,1e-05,1e-05,1e-05,1e-05,1e-05,1e-05,1e-05,1e-05,1e-05,1e-05,1e-05,1e-05,1e-05,1e-05,1e-05,1e-05,1e-05,1,X116 X126 X127 X137,0.9944,0.00196209286965,0.9944,0.00196209286965
1e-05,1e-05,1e-05,1e-05,1e-05,1e-05,1e-05,1e-05,1e-05,1e-05,1e-05,1e-05,1e-05,1e-05,1e-05,1e-05,1e-05,1e-05,1,X117 X127 X128 X138,0.993555555556,0.00191251841618,0.993555555556,0.00191251841618
1e-05,1e-05,1e-05,1e-05,1e-05,1e-05,1e-05,1e-05,1e-05,1e-05,1e-05,1e-05,1e-05,1e-05,1e-05,1e-05,1e-05,1e-05,1,X118 X128 X129 X139,0.9944,0.0022529673919,0.9944,0.0022529673919
1e-05,1e-05,1e-05,1e-05,1e-05,1e-05,1e-05,1e-05,1e-05,1e-05,1e-05,1e-05,1e-05,1e-05,1e-05,1e-05,1e-05,1e-05,1,X119 X129 X130 X140,0.994133333333,0.00210381882296,0.994133333333,0.00210381882296
1e-05,1e-05,1e-05,1e-05,1e-05,1e-05,1e-05,1e-05,1e-05,1e-05,1e-05,1e-05,1e-05,1e-05,1e-05,1e-05,1e-05,1e-05,1,X12 X22 X23 X33,0.994822222222,0.00185020105221,0.994822222222,0.00185020105221
1e-05,1e-05,1e-05,1e-05,1e-05,1e-05,1e-05,1e-05,1e-05,1e-05,1e-05,1e-05,1e-05,1e-05,1e-05,1e-05,1e-05,1e-05,1,X120 X130 X131 X141,0.994244444444,0.00195335124807,0.994244444444,0.00195335124807
1e-05,1e-05,1e-05,1e-05,1e-05,1e-05,1e-05,1e-05,1e-05,1e-05,1e-05,1e-05,1e-05,1e-05,1e-05,1e-05,1e-05,1e-05,1,X121 X131 X132 X142,0.994533333333,0.00174549227871,0.994533333333,0.00174549227871
1e-05,1e-05,1e-05,1e-05,1e-05,1e-05,1e-05,1e-05,1e-05,1e-05,1e-05,1e-05,1e-05,1e-05,1e-05,1e-05,1e-05,1e-05,1,X122 X132 X133 X143,0.994333333333,0.00170417562457,0.994333333333,0.00170417562457
1e-05,1e-05,1e-05,1e-05,1e-05,1e-05,1e-05,1e-05,1e-05,1e-05,1e-05,1e-05,1e-05,1e-05,1e-05,1e-05,1e-05,1e-05,1,X123 X133 X134 X144,0.994644444444,0.00184854366067,0.994644444444,0.00184854366067
1e-05,1e-05,1e-05,1e-05,1e-05,1e-05,1e-05,1e-05,1e-05,1e-05,1e-05,1e-05,1e-05,1e-05,1e-05,1e-05,1e-05,1e-05,1,X124 X134 X135 X145,0.993688888889,0.00221961532916,0.993688888889,0.00221961532916
1e-05,1e-05,1e-05,1e-05,1e-05,1e-05,1e-05,1e-05,1e-05,1e-05,1e-05,1e-05,1e-05,1e-05,1e-05,1e-05,1e-05,1e-05,1,X125 X135 X136 X146,0.990688888889,0.00181507804279,0.990688888889,0.00181507804279
1e-05,1e-05,1e-05,1e-05,1e-05,1e-05,1e-05,1e-05,1e-05,1e-05,1e-05,1e-05,1e-05,1e-05,1e-05,1e-05,1e-05,1e-05,1,X13 X23 X24 X34,0.994577777778,0.00231426251393,0.994577777778,0.00231426251393
1e-05,1e-05,1e-05,1e-05,1e-05,1e-05,1e-05,1e-05,1e-05,1e-05,1e-05,1e-05,1e-05,1e-05,1e-05,1e-05,1e-05,1e-05,1,X137 X147 X148 X158,0.994155555556,0.00217039172857,0.994155555556,0.00217039172857
1e-05,1e-05,1e-05,1e-05,1e-05,1e-05,1e-05,1e-05,1e-05,1e-05,1e-05,1e-05,1e-05,1e-05,1e-05,1e-05,1e-05,1e-05,1,X138 X148 X149 X159,0.9938,0.00163440030831,0.9938,0.00163440030831
1e-05,1e-05,1e-05,1e-05,1e-05,1e-05,1e-05,1e-05,1e-05,1e-05,1e-05,1e-05,1e-05,1e-05,1e-05,1e-05,1e-05,1e-05,1,X139 X149 X150 X160,0.993422222222,0.00145147126661,0.993422222222,0.00145147126661
1e-05,1e-05,1e-05,1e-05,1e-05,1e-05,1e-05,1e-05,1e-05,1e-05,1e-05,1e-05,1e-05,1e-05,1e-05,1e-05,1e-05,1e-05,1,X14 X24 X25 X35,0.994177777778,0.00226201912539,0.994177777778,0.00226201912539
1e-05,1e-05,1e-05,1e-05,1e-05,1e-05,1e-05,1e-05,1e-05,1e-05,1e-05,1e-05,1e-05,1e-05,1e-05,1e-05,1e-05,1e-05,1,X140 X150 X151 X161,0.994,0.00198847252646,0.994,0.00198847252646
1e-05,1e-05,1e-05,1e-05,1e-05,1e-05,1e-05,1e-05,1e-05,1e-05,1e-05,1e-05,1e-05,1e-05,1e-05,1e-05,1e-05,1e-05,1,X141 X151 X152 X162,0.994466666667,0.00170776904053,0.994466666667,0.00170776904053
1e-05,1e-05,1e-05,1e-05,1e-05,1e-05,1e-05,1e-05,1e-05,1e-05,1e-05,1e-05,1e-05,1e-05,1e-05,1e-05,1e-05,1e-05,1,X142 X152 X153 X163,0.994355555556,0.0018256019494,0.994355555556,0.0018256019494
1e-05,1e-05,1e-05,1e-05,1e-05,1e-05,1e-05,1e-05,1e-05,1e-05,1e-05,1e-05,1e-05,1e-05,1e-05,1e-05,1e-05,1e-05,1,X143 X153 X154 X164,0.994311111111,0.00163986106629,0.994311111111,0.00163986106629
1e-05,1e-05,1e-05,1e-05,1e-05,1e-05,1e-05,1e-05,1e-05,1e-05,1e-05,1e-05,1e-05,1e-05,1e-05,1e-05,1e-05,1e-05,1,X144 X154 X155 X165,0.9938,0.00210927526549,0.9938,0.00210927526549
1e-05,1e-05,1e-05,1e-05,1e-05,1e-05,1e-05,1e-05,1e-05,1e-05,1e-05,1e-05,1e-05,1e-05,1e-05,1e-05,1e-05,1e-05,1,X145 X155 X156 X166,0.9936,0.00183286305358,0.9936,0.00183286305358
1e-05,1e-05,1e-05,1e-05,1e-05,1e-05,1e-05,1e-05,1e-05,1e-05,1e-05,1e-05,1e-05,1e-05,1e-05,1e-05,1e-05,1e-05,1,X146 X156 X157 X167,0.990888888889,0.00194430760329,0.990888888889,0.00194430760329
1e-05,1e-05,1e-05,1e-05,1e-05,1e-05,1e-05,1e-05,1e-05,1e-05,1e-05,1e-05,1e-05,1e-05,1e-05,1e-05,1e-05,1e-05,1,X15 X25 X26 X36,0.9942,0.0019663841605,0.9942,0.0019663841605
1e-05,1e-05,1e-05,1e-05,1e-05,1e-05,1e-05,1e-05,1e-05,1e-05,1e-05,1e-05,1e-05,1e-05,1e-05,1e-05,1e-05,1e-05,1,X158 X168 X169 X179,0.994711111111,0.00173256688035,0.994711111111,0.00173256688035
1e-05,1e-05,1e-05,1e-05,1e-05,1e-05,1e-05,1e-05,1e-05,1e-05,1e-05,1e-05,1e-05,1e-05,1e-05,1e-05,1e-05,1e-05,1,X159 X169 X170 X180,0.994666666667,0.00163299316186,0.994666666667,0.00163299316186
1e-05,1e-05,1e-05,1e-05,1e-05,1e-05,1e-05,1e-05,1e-05,1e-05,1e-05,1e-05,1e-05,1e-05,1e-05,1e-05,1e-05,1e-05,1,X16 X26 X27 X37,0.994444444444,0.00182224091197,0.994444444444,0.00182224091197
1e-05,1e-05,1e-05,1e-05,1e-05,1e-05,1e-05,1e-05,1e-05,1e-05,1e-05,1e-05,1e-05,1e-05,1e-05,1e-05,1e-05,1e-05,1,X160 X170 X171 X181,0.994355555556,0.00193165470791,0.994355555556,0.00193165470791
1e-05,1e-05,1e-05,1e-05,1e-05,1e-05,1e-05,1e-05,1e-05,1e-05,1e-05,1e-05,1e-05,1e-05,1e-05,1e-05,1e-05,1e-05,1,X161 X171 X172 X182,0.994155555556,0.0018083106007,0.994155555556,0.0018083106007
1e-05,1e-05,1e-05,1e-05,1e-05,1e-05,1e-05,1e-05,1e-05,1e-05,1e-05,1e-05,1e-05,1e-05,1e-05,1e-05,1e-05,1e-05,1,X162 X172 X173 X183,0.994177777778,0.00204870454037,0.994177777778,0.00204870454037
1e-05,1e-05,1e-05,1e-05,1e-05,1e-05,1e-05,1e-05,1e-05,1e-05,1e-05,1e-05,1e-05,1e-05,1e-05,1e-05,1e-05,1e-05,1,X163 X173 X174 X184,0.994155555556,0.00190730262952,0.994155555556,0.00190730262952
1e-05,1e-05,1e-05,1e-05,1e-05,1e-05,1e-05,1e-05,1e-05,1e-05,1e-05,1e-05,1e-05,1e-05,1e-05,1e-05,1e-05,1e-05,1,X164 X174 X175 X185,0.993844444444,0.0018418991809,0.993844444444,0.0018418991809
1e-05,1e-05,1e-05,1e-05,1e-05,1e-05,1e-05,1e-05,1e-05,1e-05,1e-05,1e-05,1e-05,1e-05,1e-05,1e-05,1e-05,1e-05,1,X165 X175 X176 X186,0.994355555556,0.00179170787621,0.994355555556,0.00179170787621
1e-05,1e-05,1e-05,1e-05,1e-05,1e-05,1e-05,1e-05,1e-05,1e-05,1e-05,1e-05,1e-05,1e-05,1e-05,1e-05,1e-05,1e-05,1,X166 X176 X177 X187,0.993911111111,0.00191572107276,0.993911111111,0.00191572107276
1e-05,1e-05,1e-05,1e-05,1e-05,1e-05,1e-05,1e-05,1e-05,1e-05,1e-05,1e-05,1e-05,1e-05,1e-05,1e-05,1e-05,1e-05,1,X167 X177 X178 X188,0.992,0.00228940588589,0.992,0.00228940588589
1e-05,1e-05,1e-05,1e-05,1e-05,1e-05,1e-05,1e-05,1e-05,1e-05,1e-05,1e-05,1e-05,1e-05,1e-05,1e-05,1e-05,1e-05,1,X17 X27 X28 X38,0.994555555556,0.00210151073798,0.994555555556,0.00210151073798
1e-05,1e-05,1e-05,1e-05,1e-05,1e-05,1e-05,1e-05,1e-05,1e-05,1e-05,1e-05,1e-05,1e-05,1e-05,1e-05,1e-05,1e-05,1,X179 X189 X190 X200,0.9938,0.00199731620698,0.9938,0.00199731620698
1e-05,1e-05,1e-05,1e-05,1e-05,1e-05,1e-05,1e-05,1e-05,1e-05,1e-05,1e-05,1e-05,1e-05,1e-05,1e-05,1e-05,1e-05,1,X18 X28 X29 X39,0.994533333333,0.00167377793242,0.994533333333,0.00167377793242
1e-05,1e-05,1e-05,1e-05,1e-05,1e-05,1e-05,1e-05,1e-05,1e-05,1e-05,1e-05,1e-05,1e-05,1e-05,1e-05,1e-05,1e-05,1,X180 X190 X191 X201,0.994044444444,0.00220019736721,0.994044444444,0.00220019736721
1e-05,1e-05,1e-05,1e-05,1e-05,1e-05,1e-05,1e-05,1e-05,1e-05,1e-05,1e-05,1e-05,1e-05,1e-05,1e-05,1e-05,1e-05,1,X181 X191 X192 X202,0.994066666667,0.00195230485654,0.994066666667,0.00195230485654
1e-05,1e-05,1e-05,1e-05,1e-05,1e-05,1e-05,1e-05,1e-05,1e-05,1e-05,1e-05,1e-05,1e-05,1e-05,1e-05,1e-05,1e-05,1,X182 X192 X193 X203,0.993711111111,0.00150282832544,0.993711111111,0.00150282832544
1e-05,1e-05,1e-05,1e-05,1e-05,1e-05,1e-05,1e-05,1e-05,1e-05,1e-05,1e-05,1e-05,1e-05,1e-05,1e-05,1e-05,1e-05,1,X183 X193 X194 X204,0.994044444444,0.00194903126214,0.994044444444,0.00194903126214
1e-05,1e-05,1e-05,1e-05,1e-05,1e-05,1e-05,1e-05,1e-05,1e-05,1e-05,1e-05,1e-05,1e-05,1e-05,1e-05,1e-05,1e-05,1,X184 X194 X195 X205,0.993911111111,0.001883449459,0.993911111111,0.001883449459
1e-05,1e-05,1e-05,1e-05,1e-05,1e-05,1e-05,1e-05,1e-05,1e-05,1e-05,1e-05,1e-05,1e-05,1e-05,1e-05,1e-05,1e-05,1,X185 X195 X196 X206,0.993933333333,0.00193654113586,0.993933333333,0.00193654113586
1e-05,1e-05,1e-05,1e-05,1e-05,1e-05,1e-05,1e-05,1e-05,1e-05,1e-05,1e-05,1e-05,1e-05,1e-05,1e-05,1e-05,1e-05,1,X186 X196 X197 X207,0.993866666667,0.0017802664573,0.993866666667,0.0017802664573
1e-05,1e-05,1e-05,1e-05,1e-05,1e-05,1e-05,1e-05,1e-05,1e-05,1e-05,1e-05,1e-05,1e-05,1e-05,1e-05,1e-05,1e-05,1,X187 X197 X198 X208,0.994066666667,0.00235116340322,0.994066666667,0.00235116340322
1e-05,1e-05,1e-05,1e-05,1e-05,1e-05,1e-05,1e-05,1e-05,1e-05,1e-05,1e-05,1e-05,1e-05,1e-05,1e-05,1e-05,1e-05,1,X188 X198 X199 X209,0.992244444444,0.00227923044977,0.992244444444,0.00227923044977
1e-05,1e-05,1e-05,1e-05,1e-05,1e-05,1e-05,1e-05,1e-05,1e-05,1e-05,1e-05,1e-05,1e-05,1e-05,1e-05,1e-05,1e-05,1,X19 X29 X30 X40,0.994755555556,0.00186710449162,0.994755555556,0.00186710449162
1e-05,1e-05,1e-05,1e-05,1e-05,1e-05,1e-05,1e-05,1e-05,1e-05,1e-05,1e-05,1e-05,1e-05,1e-05,1e-05,1e-05,1e-05,1,X2 X3 X13,0.9934,0.00199885024423,0.9934,0.00199885024423
1e-05,1e-05,1e-05,1e-05,1e-05,1e-05,1e-05,1e-05,1e-05,1e-05,1e-05,1e-05,1e-05,1e-05,1e-05,1e-05,1e-05,1e-05,1,X20 X30 X31 X41,0.992177777778,0.00246932651456,0.992177777778,0.00246932651456
1e-05,1e-05,1e-05,1e-05,1e-05,1e-05,1e-05,1e-05,1e-05,1e-05,1e-05,1e-05,1e-05,1e-05,1e-05,1e-05,1e-05,1e-05,1,X200 X210 X211,0.9948,0.00195269731908,0.9948,0.00195269731908
1e-05,1e-05,1e-05,1e-05,1e-05,1e-05,1e-05,1e-05,1e-05,1e-05,1e-05,1e-05,1e-05,1e-05,1e-05,1e-05,1e-05,1e-05,1,X201 X211 X212,0.994444444444,0.00215373387495,0.994444444444,0.00215373387495
1e-05,1e-05,1e-05,1e-05,1e-05,1e-05,1e-05,1e-05,1e-05,1e-05,1e-05,1e-05,1e-05,1e-05,1e-05,1e-05,1e-05,1e-05,1,X202 X212 X213,0.994466666667,0.00161553758416,0.994466666667,0.00161553758416
1e-05,1e-05,1e-05,1e-05,1e-05,1e-05,1e-05,1e-05,1e-05,1e-05,1e-05,1e-05,1e-05,1e-05,1e-05,1e-05,1e-05,1e-05,1,X203 X213 X214,0.994111111111,0.00173389321933,0.994111111111,0.00173389321933
1e-05,1e-05,1e-05,1e-05,1e-05,1e-05,1e-05,1e-05,1e-05,1e-05,1e-05,1e-05,1e-05,1e-05,1e-05,1e-05,1e-05,1e-05,1,X204 X214 X215,0.994155555556,0.00194706446363,0.994155555556,0.00194706446363
1e-05,1e-05,1e-05,1e-05,1e-05,1e-05,1e-05,1e-05,1e-05,1e-05,1e-05,1e-05,1e-05,1e-05,1e-05,1e-05,1e-05,1e-05,1,X205 X215 X216,0.994466666667,0.00155757941687,0.994466666667,0.00155757941687
1e-05,1e-05,1e-05,1e-05,1e-05,1e-05,1e-05,1e-05,1e-05,1e-05,1e-05,1e-05,1e-05,1e-05,1e-05,1e-05,1e-05,1e-05,1,X206 X216 X217,0.994377777778,0.00200904722531,0.994377777778,0.00200904722531
1e-05,1e-05,1e-05,1e-05,1e-05,1e-05,1e-05,1e-05,1e-05,1e-05,1e-05,1e-05,1e-05,1e-05,1e-05,1e-05,1e-05,1e-05,1,X207 X217 X218,0.994111111111,0.00191051402951,0.994111111111,0.00191051402951
1e-05,1e-05,1e-05,1e-05,1e-05,1e-05,1e-05,1e-05,1e-05,1e-05,1e-05,1e-05,1e-05,1e-05,1e-05,1e-05,1e-05,1e-05,1,X208 X218 X219,0.994111111111,0.00195805308992,0.994111111111,0.00195805308992
1e-05,1e-05,1e-05,1e-05,1e-05,1e-05,1e-05,1e-05,1e-05,1e-05,1e-05,1e-05,1e-05,1e-05,1e-05,1e-05,1e-05,1e-05,1,X209 X219 X220,0.991622222222,0.00215622298787,0.991622222222,0.00215622298787
1e-05,1e-05,1e-05,1e-05,1e-05,1e-05,1e-05,1e-05,1e-05,1e-05,1e-05,1e-05,1e-05,1e-05,1e-05,1e-05,1e-05,1e-05,1,X3 X4 X14,0.993266666667,0.00213957420478,0.993266666667,0.00213957420478
1e-05,1e-05,1e-05,1e-05,1e-05,1e-05,1e-05,1e-05,1e-05,1e-05,1e-05,1e-05,1e-05,1e-05,1e-05,1e-05,1e-05,1e-05,1,X32 X42 X43 X53,0.994111111111,0.00200446500317,0.994111111111,0.00200446500317
1e-05,1e-05,1e-05,1e-05,1e-05,1e-05,1e-05,1e-05,1e-05,1e-05,1e-05,1e-05,1e-05,1e-05,1e-05,1e-05,1e-05,1e-05,1,X33 X43 X44 X54,0.993444444444,0.00201969864854,0.993444444444,0.00201969864854
1e-05,1e-05,1e-05,1e-05,1e-05,1e-05,1e-05,1e-05,1e-05,1e-05,1e-05,1e-05,1e-05,1e-05,1e-05,1e-05,1e-05,1e-05,1,X34 X44 X45 X55,0.993977777778,0.00270367046289,0.993977777778,0.00270367046289
1e-05,1e-05,1e-05,1e-05,1e-05,1e-05,1e-05,1e-05,1e-05,1e-05,1e-05,1e-05,1e-05,1e-05,1e-05,1e-05,1e-05,1e-05,1,X35 X45 X46 X56,0.994466666667,0.00193495770049,0.994466666667,0.00193495770049
1e-05,1e-05,1e-05,1e-05,1e-05,1e-05,1e-05,1e-05,1e-05,1e-05,1e-05,1e-05,1e-05,1e-05,1e-05,1e-05,1e-05,1e-05,1,X36 X46 X47 X57,0.994177777778,0.00163236737407,0.994177777778,0.00163236737407
1e-05,1e-05,1e-05,1e-05,1e-05,1e-05,1e-05,1e-05,1e-05,1e-05,1e-05,1e-05,1e-05,1e-05,1e-05,1e-05,1e-05,1e-05,1,X37 X47 X48 X58,0.994488888889,0.00172369853916,0.994488888889,0.00172369853916
1e-05,1e-05,1e-05,1e-05,1e-05,1e-05,1e-05,1e-05,1e-05,1e-05,1e-05,1e-05,1e-05,1e-05,1e-05,1e-05,1e-05,1e-05,1,X38 X48 X49 X59,0.994755555556,0.00173079684732,0.994755555556,0.00173079684732
1e-05,1e-05,1e-05,1e-05,1e-05,1e-05,1e-05,1e-05,1e-05,1e-05,1e-05,1e-05,1e-05,1e-05,1e-05,1e-05,1e-05,1e-05,1,X39 X49 X50 X60,0.993555555556,0.00229163618928,0.993555555556,0.00229163618928
1e-05,1e-05,1e-05,1e-05,1e-05,1e-05,1e-05,1e-05,1e-05,1e-05,1e-05,1e-05,1e-05,1e-05,1e-05,1e-05,1e-05,1e-05,1,X4 X5 X15,0.9936,0.00181606285442,0.9936,0.00181606285442
1e-05,1e-05,1e-05,1e-05,1e-05,1e-05,1e-05,1e-05,1e-05,1e-05,1e-05,1e-05,1e-05,1e-05,1e-05,1e-05,1e-05,1e-05,1,X40 X50 X51 X61,0.993666666667,0.00179185043163,0.993666666667,0.00179185043163
1e-05,1e-05,1e-05,1e-05,1e-05,1e-05,1e-05,1e-05,1e-05,1e-05,1e-05,1e-05,1e-05,1e-05,1e-05,1e-05,1e-05,1e-05,1,X41 X51 X52 X62,0.991511111111,0.00298108125789,0.991511111111,0.00298108125789
1e-05,1e-05,1e-05,1e-05,1e-05,1e-05,1e-05,1e-05,1e-05,1e-05,1e-05,1e-05,1e-05,1e-05,1e-05,1e-05,1e-05,1e-05,1,X5 X6 X16,0.992711111111,0.00258455971385,0.992711111111,0.00258455971385
1e-05,1e-05,1e-05,1e-05,1e-05,1e-05,1e-05,1e-05,1e-05,1e-05,1e-05,1e-05,1e-05,1e-05,1e-05,1e-05,1e-05,1e-05,1,X53 X63 X64 X74,0.994688888889,0.00171969286515,0.994688888889,0.00171969286515
1e-05,1e-05,1e-05,1e-05,1e-05,1e-05,1e-05,1e-05,1e-05,1e-05,1e-05,1e-05,1e-05,1e-05,1e-05,1e-05,1e-05,1e-05,1,X54 X64 X65 X75,0.993888888889,0.00236891318556,0.993888888889,0.00236891318556
1e-05,1e-05,1e-05,1e-05,1e-05,1e-05,1e-05,1e-05,1e-05,1e-05,1e-05,1e-05,1e-05,1e-05,1e-05,1e-05,1e-05,1e-05,1,X55 X65 X66 X76,0.993644444444,0.00218481932994,0.993644444444,0.00218481932994
1e-05,1e-05,1e-05,1e-05,1e-05,1e-05,1e-05,1e-05,1e-05,1e-05,1e-05,1e-05,1e-05,1e-05,1e-05,1e-05,1e-05,1e-05,1,X56 X66 X67 X77,0.994177777778,0.00193324084863,0.994177777778,0.00193324084863
1e-05,1e-05,1e-05,1e-05,1e-05,1e-05,1e-05,1e-05,1e-05,1e-05,1e-05,1e-05,1e-05,1e-05,1e-05,1e-05,1e-05,1e-05,1,X57 X67 X68 X78,0.994266666667,0.00180760420175,0.994266666667,0.00180760420175
1e-05,1e-05,1e-05,1e-05,1e-05,1e-05,1e-05,1e-05,1e-05,1e-05,1e-05,1e-05,1e-05,1e-05,1e-05,1e-05,1e-05,1e-05,1,X58 X68 X69 X79,0.994044444444,0.00231558658909,0.994044444444,0.00231558658909
1e-05,1e-05,1e-05,1e-05,1e-05,1e-05,1e-05,1e-05,1e-05,1e-05,1e-05,1e-05,1e-05,1e-05,1e-05,1e-05,1e-05,1e-05,1,X59 X69 X70 X80,0.994066666667,0.00201412635672,0.994066666667,0.00201412635672
1e-05,1e-05,1e-05,1e-05,1e-05,1e-05,1e-05,1e-05,1e-05,1e-05,1e-05,1e-05,1e-05,1e-05,1e-05,1e-05,1e-05,1e-05,1,X6 X7 X17,0.992088888889,0.00175716013775,0.992088888889,0.00175716013775
1e-05,1e-05,1e-05,1e-05,1e-05,1e-05,1e-05,1e-05,1e-05,1e-05,1e-05,1e-05,1e-05,1e-05,1e-05,1e-05,1e-05,1e-05,1,X60 X70 X71 X81,0.994822222222,0.00200140436007,0.994822222222,0.00200140436007
1e-05,1e-05,1e-05,1e-05,1e-05,1e-05,1e-05,1e-05,1e-05,1e-05,1e-05,1e-05,1e-05,1e-05,1e-05,1e-05,1e-05,1e-05,1,X61 X71 X72 X82,0.994111111111,0.00237537386988,0.994111111111,0.00237537386988
1e-05,1e-05,1e-05,1e-05,1e-05,1e-05,1e-05,1e-05,1e-05,1e-05,1e-05,1e-05,1e-05,1e-05,1e-05,1e-05,1e-05,1e-05,1,X62 X72 X73 X83,0.991177777778,0.00248016396277,0.991177777778,0.00248016396277
1e-05,1e-05,1e-05,1e-05,1e-05,1e-05,1e-05,1e-05,1e-05,1e-05,1e-05,1e-05,1e-05,1e-05,1e-05,1e-05,1e-05,1e-05,1,X7 X8 X18,0.992044444444,0.00238085166727,0.992044444444,0.00238085166727
1e-05,1e-05,1e-05,1e-05,1e-05,1e-05,1e-05,1e-05,1e-05,1e-05,1e-05,1e-05,1e-05,1e-05,1e-05,1e-05,1e-05,1e-05,1,X74 X84 X85 X95,0.994222222222,0.00170941349834,0.994222222222,0.00170941349834
1e-05,1e-05,1e-05,1e-05,1e-05,1e-05,1e-05,1e-05,1e-05,1e-05,1e-05,1e-05,1e-05,1e-05,1e-05,1e-05,1e-05,1e-05,1,X75 X85 X86 X96,0.994577777778,0.00185887811371,0.994577777778,0.00185887811371
1e-05,1e-05,1e-05,1e-05,1e-05,1e-05,1e-05,1e-05,1e-05,1e-05,1e-05,1e-05,1e-05,1e-05,1e-05,1e-05,1e-05,1e-05,1,X76 X86 X87 X97,0.995,0.0016022015505,0.995,0.0016022015505
1e-05,1e-05,1e-05,1e-05,1e-05,1e-05,1e-05,1e-05,1e-05,1e-05,1e-05,1e-05,1e-05,1e-05,1e-05,1e-05,1e-05,1e-05,1,X77 X87 X88 X98,0.9942,0.00220170606089,0.9942,0.00220170606089
1e-05,1e-05,1e-05,1e-05,1e-05,1e-05,1e-05,1e-05,1e-05,1e-05,1e-05,1e-05,1e-05,1e-05,1e-05,1e-05,1e-05,1e-05,1,X78 X88 X89 X99,0.994533333333,0.00171001109091,0.994533333333,0.00171001109091
1e-05,1e-05,1e-05,1e-05,1e-05,1e-05,1e-05,1e-05,1e-05,1e-05,1e-05,1e-05,1e-05,1e-05,1e-05,1e-05,1e-05,1e-05,1,X79 X89 X90 X100,0.9944,0.00181606285442,0.9944,0.00181606285442
1e-05,1e-05,1e-05,1e-05,1e-05,1e-05,1e-05,1e-05,1e-05,1e-05,1e-05,1e-05,1e-05,1e-05,1e-05,1e-05,1e-05,1e-05,1,X8 X9 X19,0.991866666667,0.00208185004668,0.991866666667,0.00208185004668
1e-05,1e-05,1e-05,1e-05,1e-05,1e-05,1e-05,1e-05,1e-05,1e-05,1e-05,1e-05,1e-05,1e-05,1e-05,1e-05,1e-05,1e-05,1,X80 X90 X91 X101,0.994022222222,0.00184854366067,0.994022222222,0.00184854366067
1e-05,1e-05,1e-05,1e-05,1e-05,1e-05,1e-05,1e-05,1e-05,1e-05,1e-05,1e-05,1e-05,1e-05,1e-05,1e-05,1e-05,1e-05,1,X81 X91 X92 X102,0.9942,0.00253798725575,0.9942,0.00253798725575
1e-05,1e-05,1e-05,1e-05,1e-05,1e-05,1e-05,1e-05,1e-05,1e-05,1e-05,1e-05,1e-05,1e-05,1e-05,1e-05,1e-05,1e-05,1,X82 X92 X93 X103,0.994133333333,0.00167377793242,0.994133333333,0.00167377793242
1e-05,1e-05,1e-05,1e-05,1e-05,1e-05,1e-05,1e-05,1e-05,1e-05,1e-05,1e-05,1e-05,1e-05,1e-05,1e-05,1e-05,1e-05,1,X83 X93 X94 X104,0.991822222222,0.00237440588791,0.991822222222,0.00237440588791
1e-05,1e-05,1e-05,1e-05,1e-05,1e-05,1e-05,1e-05,1e-05,1e-05,1e-05,1e-05,1e-05,1e-05,1e-05,1e-05,1e-05,1e-05,1,X9 X10 X20,0.9922,0.00238867057721,0.9922,0.00238867057721
1e-05,1e-05,1e-05,1e-05,1e-05,1e-05,1e-05,1e-05,1e-05,1e-05,1e-05,1e-05,1e-05,1e-05,1e-05,1e-05,1e-05,1e-05,1,X95 X105 X106 X116,0.993977777778,0.00239080828175,0.993977777778,0.00239080828175
1e-05,1e-05,1e-05,1e-05,1e-05,1e-05,1e-05,1e-05,1e-05,1e-05,1e-05,1e-05,1e-05,1e-05,1e-05,1e-05,1e-05,1e-05,1,X96 X106 X107 X117,0.994066666667,0.00163627462121,0.994066666667,0.00163627462121
1e-05,1e-05,1e-05,1e-05,1e-05,1e-05,1e-05,1e-05,1e-05,1e-05,1e-05,1e-05,1e-05,1e-05,1e-05,1e-05,1e-05,1e-05,1,X97 X107 X108 X118,0.993577777778,0.00250353517611,0.993577777778,0.00250353517611
1e-05,1e-05,1e-05,1e-05,1e-05,1e-05,1e-05,1e-05,1e-05,1e-05,1e-05,1e-05,1e-05,1e-05,1e-05,1e-05,1e-05,1e-05,1,X98 X108 X109 X119,0.994244444444,0.00161869663603,0.994244444444,0.00161869663603
1e-05,1e-05,1e-05,1e-05,1e-05,1e-05,1e-05,1e-05,1e-05,1e-05,1e-05,1e-05,1e-05,1e-05,1e-05,1e-05,1e-05,1e-05,1,X99 X109 X110 X120,0.994022222222,0.00217603339318,0.994022222222,0.00217603339318
1e-05,1e-05,1e-05,1e-05,1e-05,1e-05,1e-05,1e-05,1e-05,1e-05,1e-05,1e-05,1e-05,1e-05,1e-05,1e-05,1e-05,1e-05,1,Z0 Z11 Z21,0.987155555556,0.00332612246871,0.987155555556,0.00332612246871
1e-05,1e-05,1e-05,1e-05,1e-05,1e-05,1e-05,1e-05,1e-05,1e-05,1e-05,1e-05,1e-05,1e-05,1e-05,1e-05,1e-05,1e-05,1,Z1 Z11 Z12 Z22,0.982466666667,0.0029615673597,0.982466666667,0.0029615673597
1e-05,1e-05,1e-05,1e-05,1e-05,1e-05,1e-05,1e-05,1e-05,1e-05,1e-05,1e-05,1e-05,1e-05,1e-05,1e-05,1e-05,1e-05,1,Z10 Z20 Z31,0.984511111111,0.00401408758076,0.984511111111,0.00401408758076
1e-05,1e-05,1e-05,1e-05,1e-05,1e-05,1e-05,1e-05,1e-05,1e-05,1e-05,1e-05,1e-05,1e-05,1e-05,1e-05,1e-05,1e-05,1,Z105 Z116 Z126,0.986266666667,0.00301007249057,0.986266666667,0.00301007249057
1e-05,1e-05,1e-05,1e-05,1e-05,1e-05,1e-05,1e-05,1e-05,1e-05,1e-05,1e-05,1e-05,1e-05,1e-05,1e-05,1e-05,1e-05,1,Z106 Z116 Z117 Z127,0.982844444444,0.00259639203442,0.982844444444,0.00259639203442
1e-05,1e-05,1e-05,1e-05,1e-05,1e-05,1e-05,1e-05,1e-05,1e-05,1e-05,1e-05,1e-05,1e-05,1e-05,1e-05,1e-05,1e-05,1,Z107 Z117 Z118 Z128,0.984644444444,0.00310472798931,0.984644444444,0.00310472798931
1e-05,1e-05,1e-05,1e-05,1e-05,1e-05,1e-05,1e-05,1e-05,1e-05,1e-05,1e-05,1e-05,1e-05,1e-05,1e-05,1e-05,1e-05,1,Z108 Z118 Z119 Z129,0.983577777778,0.00331481445807,0.983577777778,0.00331481445807
1e-05,1e-05,1e-05,1e-05,1e-05,1e-05,1e-05,1e-05,1e-05,1e-05,1e-05,1e-05,1e-05,1e-05,1e-05,1e-05,1e-05,1e-05,1,Z109 Z119 Z120 Z130,0.983933333333,0.00399750880279,0.983933333333,0.00399750880279
1e-05,1e-05,1e-05,1e-05,1e-05,1e-05,1e-05,1e-05,1e-05,1e-05,1e-05,1e-05,1e-05,1e-05,1e-05,1e-05,1e-05,1e-05,1,Z110 Z120 Z121 Z131,0.9828,0.00355105078615,0.9828,0.00355105078615
1e-05,1e-05,1e-05,1e-05,1e-05,1e-05,1e-05,1e-05,1e-05,1e-05,1e-05,1e-05,1e-05,1e-05,1e-05,1e-05,1e-05,1e-05,1,Z111 Z121 Z122 Z132,0.983622222222,0.00294877509908,0.983622222222,0.00294877509908
1e-05,1e-05,1e-05,1e-05,1e-05,1e-05,1e-05,1e-05,1e-05,1e-05,1e-05,1e-05,1e-05,1e-05,1e-05,1e-05,1e-05,1e-05,1,Z112 Z122 Z123 Z133,0.982644444444,0.00295811544716,0.982644444444,0.00295811544716
1e-05,1e-05,1e-05,1e-05,1e-05,1e-05,1e-05,1e-05,1e-05,1e-05,1e-05,1e-05,1e-05,1e-05,1e-05,1e-05,1e-05,1e-05,1,Z113 Z123 Z124 Z134,0.9838,0.00419505273304,0.9838,0.00419505273304
1e-05,1e-05,1e-05,1e-05,1e-05,1e-05,1e-05,1e-05,1e-05,1e-05,1e-05,1e-05,1e-05,1e-05,1e-05,1e-05,1e-05,1e-05,1,Z114 Z124 Z125 Z135,0.982933333333,0.00317364627067,0.982933333333,0.00317364627067
1e-05,1e-05,1e-05,1e-05,1e-05,1e-05,1e-05,1e-05,1e-05,1e-05,1e-05,1e-05,1e-05,1e-05,1e-05,1e-05,1e-05,1e-05,1,Z115 Z125 Z136,0.985177777778,0.00307097814529,0.985177777778,0.00307097814529
1e-05,1e-05,1e-05,1e-05,1e-05,1e-05,1e-05,1e-05,1e-05,1e-05,1e-05,1e-05,1e-05,1e-05,1e-05,1e-05,1e-05,1e-05,1,Z126 Z137 Z147,0.985955555556,0.00265476270246,0.985955555556,0.00265476270246
1e-05,1e-05,1e-05,1e-05,1e-05,1e-05,1e-05,1e-05,1e-05,1e-05,1e-05,1e-05,1e-05,1e-05,1e-05,1e-05,1e-05,1e-05,1,Z127 Z137 Z138 Z148,0.983311111111,0.00301964618634,0.983311111111,0.00301964618634
1e-05,1e-05,1e-05,1e-05,1e-05,1e-05,1e-05,1e-05,1e-05,1e-05,1e-05,1e-05,1e-05,1e-05,1e-05,1e-05,1e-05,1e-05,1,Z128 Z138 Z139 Z149,0.983822222222,0.00362170271055,0.983822222222,0.00362170271055
1e-05,1e-05,1e-05,1e-05,1e-05,1e-05,1e-05,1e-05,1e-05,1e-05,1e-05,1e-05,1e-05,1e-05,1e-05,1e-05,1e-05,1e-05,1,Z129 Z139 Z140 Z150,0.983555555556,0.00297284431489,0.983555555556,0.00297284431489
1e-05,1e-05,1e-05,1e-05,1e-05,1e-05,1e-05,1e-05,1e-05,1e-05,1e-05,1e-05,1e-05,1e-05,1e-05,1e-05,1e-05,1e-05,1,Z130 Z140 Z141 Z151,0.983822222222,0.00287642462899,0.983822222222,0.00287642462899
1e-05,1e-05,1e-05,1e-05,1e-05,1e-05,1e-05,1e-05,1e-05,1e-05,1e-05,1e-05,1e-05,1e-05,1e-05,1e-05,1e-05,1e-05,1,Z131 Z141 Z142 Z152,0.983577777778,0.00271498372995,0.983577777778,0.00271498372995
1e-05,1e-05,1e-05,1e-05,1e-05,1e-05,1e-05,1e-05,1e-05,1e-05,1e-05,1e-05,1e-05,1e-05,1e-05,1e-05,1e-05,1e-05,1,Z132 Z142 Z143 Z153,0.982888888889,0.0035808487332,0.982888888889,0.0035808487332
1e-05,1e-05,1e-05,1e-05,1e-05,1e-05,1e-05,1e-05,1e-05,1e-05,1e-05,1e-05,1e-05,1e-05,1e-05,1e-05,1e-05,1e-05,1,Z133 Z143 Z144 Z154,0.984466666667,0.00286155652524,0.984466666667,0.00286155652524
1e-05,1e-05,1e-05,1e-05,1e-05,1e-05,1e-05,1e-05,1e-05,1e-05,1e-05,1e-05,1e-05,1e-05,1e-05,1e-05,1e-05,1e-05,1,Z134 Z144 Z145 Z155,0.9824,0.00322632847092,0.9824,0.00322632847092
1e-05,1e-05,1e-05,1e-05,1e-05,1e-05,1e-05,1e-05,1e-05,1e-05,1e-05,1e-05,1e-05,1e-05,1e-05,1e-05,1e-05,1e-05,1,Z135 Z145 Z146 Z156,0.982488888889,0.00322316012245,0.982488888889,0.00322316012245
1e-05,1e-05,1e-05,1e-05,1e-05,1e-05,1e-05,1e-05,1e-05,1e-05,1e-05,1e-05,1e-05,1e-05,1e-05,1e-05,1e-05,1e-05,1,Z136 Z146 Z157,0.985022222222,0.00313542768516,0.985022222222,0.00313542768516
1e-05,1e-05,1e-05,1e-05,1e-05,1e-05,1e-05,1e-05,1e-05,1e-05,1e-05,1e-05,1e-05,1e-05,1e-05,1e-05,1e-05,1e-05,1,Z147 Z158 Z168,0.986088888889,0.00224023352185,0.986088888889,0.00224023352185
1e-05,1e-05,1e-05,1e-05,1e-05,1e-05,1e-05,1e-05,1e-05,1e-05,1e-05,1e-05,1e-05,1e-05,1e-05,1e-05,1e-05,1e-05,1,Z148 Z158 Z159 Z169,0.983377777778,0.00281176146824,0.983377777778,0.00281176146824
1e-05,1e-05,1e-05,1e-05,1e-05,1e-05,1e-05,1e-05,1e-05,1e-05,1e-05,1e-05,1e-05,1e-05,1e-05,1e-05,1e-05,1e-05,1,Z149 Z159 Z160 Z170,0.983577777778,0.00319234397043,0.983577777778,0.00319234397043
1e-05,1e-05,1e-05,1e-05,1e-05,1e-05,1e-05,1e-05,1e-05,1e-05,1e-05,1e-05,1e-05,1e-05,1e-05,1e-05,1e-05,1e-05,1,Z150 Z160 Z161 Z171,0.984177777778,0.00353172087837,0.984177777778,0.00353172087837
1e-05,1e-05,1e-05,1e-05,1e-05,1e-05,1e-05,1e-05,1e-05,1e-05,1e-05,1e-05,1e-05,1e-05,1e-05,1e-05,1e-05,1e-05,1,Z151 Z161 Z162 Z172,0.983688888889,0.0033298065634,0.983688888889,0.0033298065634
1e-05,1e-05,1e-05,1e-05,1e-05,1e-05,1e-05,1e-05,1e-05,1e-05,1e-05,1e-05,1e-05,1e-05,1e-05,1e-05,1e-05,1e-05,1,Z152 Z162 Z163 Z173,0.983111111111,0.00419206816553,0.983111111111,0.00419206816553
1e-05,1e-05,1e-05,1e-05,1e-05,1e-05,1e-05,1e-05,1e-05,1e-05,1e-05,1e-05,1e-05,1e-05,1e-05,1e-05,1e-05,1e-05,1,Z153 Z163 Z164 Z174,0.984688888889,0.00320671390188,0.984688888889,0.00320671390188
1e-05,1e-05,1e-05,1e-05,1e-05,1e-05,1e-05,1e-05,1e-05,1e-05,1e-05,1e-05,1e-05,1e-05,1e-05,1e-05,1e-05,1e-05,1,Z154 Z164 Z165 Z175,0.984,0.00261443092128,0.984,0.00261443092128
1e-05,1e-05,1e-05,1e-05,1e-05,1e-05,1e-05,1e-05,1e-05,1e-05,1e-05,1e-05,1e-05,1e-05,1e-05,1e-05,1e-05,1e-05,1,Z155 Z165 Z166 Z176,0.983044444444,0.00416768569914,0.983044444444,0.00416768569914
1e-05,1e-05,1e-05,1e-05,1e-05,1e-05,1e-05,1e-05,1e-05,1e-05,1e-05,1e-05,1e-05,1e-05,1e-05,1e-05,1e-05,1e-05,1,Z156 Z166 Z167 Z177,0.982333333333,0.00312571830825,0.982333333333,0.00312571830825
1e-05,1e-05,1e-05,1e-05,1e-05,1e-05,1e-05,1e-05,1e-05,1e-05,1e-05,1e-05,1e-05,1e-05,1e-05,1e-05,1e-05,1e-05,1,Z157 Z167 Z178,0.9858,0.00260944350433,0.9858,0.00260944350433
1e-05,1e-05,1e-05,1e-05,1e-05,1e-05,1e-05,1e-05,1e-05,1e-05,1e-05,1e-05,1e-05,1e-05,1e-05,1e-05,1e-05,1e-05,1,Z168 Z179 Z189,0.986955555556,0.00257713692655,0.986955555556,0.00257713692655
1e-05,1e-05,1e-05,1e-05,1e-05,1e-05,1e-05,1e-05,1e-05,1e-05,1e-05,1e-05,1e-05,1e-05,1e-05,1e-05,1e-05,1e-05,1,Z169 Z179 Z180 Z190,0.9826,0.00355945667213,0.9826,0.00355945667213
1e-05,1e-05,1e-05,1e-05,1e-05,1e-05,1e-05,1e-05,1e-05,1e-05,1e-05,1e-05,1e-05,1e-05,1e-05,1e-05,1e-05,1e-05,1,Z170 Z180 Z181 Z191,0.984533333333,0.00378502797633,0.984533333333,0.00378502797633
1e-05,1e-05,1e-05,1e-05,1e-05,1e-05,1e-05,1e-05,1e-05,1e-05,1e-05,1e-05,1e-05,1e-05,1e-05,1e-05,1e-05,1e-05,1,Z171 Z181 Z182 Z192,0.983311111111,0.00390493678437,0.983311111111,0.00390493678437
1e-05,1e-05,1e-05,1e-05,1e-05,1e-05,1e-05,1e-05,1e-05,1e-05,1e-05,1e-05,1e-05,1e-05,1e-05,1e-05,1e-05,1e-05,1,Z172 Z182 Z183 Z193,0.983822222222,0.00249402862844,0.983822222222,0.00249402862844
1e-05,1e-05,1e-05,1e-05,1e-05,1e-05,1e-05,1e-05,1e-05,1e-05,1e-05,1e-05,1e-05,1e-05,1e-05,1e-05,1e-05,1e-05,1,Z173 Z183 Z184 Z194,0.984066666667,0.0028733149318,0.984066666667,0.0028733149318
1e-05,1e-05,1e-05,1e-05,1e-05,1e-05,1e-05,1e-05,1e-05,1e-05,1e-05,1e-05,1e-05,1e-05,1e-05,1e-05,1e-05,1e-05,1,Z174 Z184 Z185 Z195,0.984644444444,0.00207509097494,0.984644444444,0.00207509097494
1e-05,1e-05,1e-05,1e-05,1e-05,1e-05,1e-05,1e-05,1e-05,1e-05,1e-05,1e-05,1e-05,1e-05,1e-05,1e-05,1e-05,1e-05,1,Z175 Z185 Z186 Z196,0.983955555556,0.00360473648963,0.983955555556,0.00360473648963
1e-05,1e-05,1e-05,1e-05,1e-05,1e-05,1e-05,1e-05,1e-05,1e-05,1e-05,1e-05,1e-05,1e-05,1e-05,1e-05,1e-05,1e-05,1,Z176 Z186 Z187 Z197,0.984333333333,0.00281076202155,0.984333333333,0.00281076202155
1e-05,1e-05,1e-05,1e-05,1e-05,1e-05,1e-05,1e-05,1e-05,1e-05,1e-05,1e-05,1e-05,1e-05,1e-05,1e-05,1e-05,1e-05,1,Z177 Z187 Z188 Z198,0.982933333333,0.00303542305181,0.982933333333,0.00303542305181
1e-05,1e-05,1e-05,1e-05,1e-05,1e-05,1e-05,1e-05,1e-05,1e-05,1e-05,1e-05,1e-05,1e-05,1e-05,1e-05,1e-05,1e-05,1,Z178 Z188 Z199,0.985266666667,0.00243442740323,0.985266666667,0.00243442740323
1e-05,1e-05,1e-05,1e-05,1e-05,1e-05,1e-05,1e-05,1e-05,1e-05,1e-05,1e-05,1e-05,1e-05,1e-05,1e-05,1e-05,1e-05,1,Z189 Z200 Z210,0.985466666667,0.00233185503253,0.985466666667,0.00233185503253
1e-05,1e-05,1e-05,1e-05,1e-05,1e-05,1e-05,1e-05,1e-05,1e-05,1e-05,1e-05,1e-05,1e-05,1e-05,1e-05,1e-05,1e-05,1,Z190 Z200 Z201 Z211,0.9842,0.00341800506446,0.9842,0.00341800506446
1e-05,1e-05,1e-05,1e-05,1e-05,1e-05,1e-05,1e-05,1e-05,1e-05,1e-05,1e-05,1e-05,1e-05,1e-05,1e-05,1e-05,1e-05,1,Z191 Z201 Z202 Z212,0.983933333333,0.0031820858722,0.983933333333,0.0031820858722
1e-05,1e-05,1e-05,1e-05,1e-05,1e-05,1e-05,1e-05,1e-05,1e-05,1e-05,1e-05,1e-05,1e-05,1e-05,1e-05,1e-05,1e-05,1,Z192 Z202 Z203 Z213,0.981866666667,0.0038293082316,0.981866666667,0.0038293082316
1e-05,1e-05,1e-05,1e-05,1e-05,1e-05,1e-05,1e-05,1e-05,1e-05,1e-05,1e-05,1e-05,1e-05,1e-05,1e-05,1e-05,1e-05,1,Z193 Z203 Z204 Z214,0.984066666667,0.00299859481778,0.984066666667,0.00299859481778
1e-05,1e-05,1e-05,1e-05,1e-05,1e-05,1e-05,1e-05,1e-05,1e-05,1e-05,1e-05,1e-05,1e-05,1e-05,1e-05,1e-05,1e-05,1,Z194 Z204 Z205 Z215,0.982933333333,0.00343343934665,0.982933333333,0.00343343934665
1e-05,1e-05,1e-05,1e-05,1e-05,1e-05,1e-05,1e-05,1e-05,1e-05,1e-05,1e-05,1e-05,1e-05,1e-05,1e-05,1e-05,1e-05,1,Z195 Z205 Z206 Z216,0.983644444444,0.00294383352297,0.983644444444,0.00294383352297
1e-05,1e-05,1e-05,1e-05,1e-05,1e-05,1e-05,1e-05,1e-05,1e-05,1e-05,1e-05,1e-05,1e-05,1e-05,1e-05,1e-05,1e-05,1,Z196 Z206 Z207 Z217,0.983755555556,0.00324472260394,0.983755555556,0.00324472260394
1e-05,1e-05,1e-05,1e-05,1e-05,1e-05,1e-05,1e-05,1e-05,1e-05,1e-05,1e-05,1e-05,1e-05,1e-05,1e-05,1e-05,1e-05,1,Z197 Z207 Z208 Z218,0.9846,0.00354219232069,0.9846,0.00354219232069
1e-05,1e-05,1e-05,1e-05,1e-05,1e-05,1e-05,1e-05,1e-05,1e-05,1e-05,1e-05,1e-05,1e-05,1e-05,1e-05,1e-05,1e-05,1,Z198 Z208 Z209 Z219,0.982222222222,0.00285181038599,0.982222222222,0.00285181038599
1e-05,1e-05,1e-05,1e-05,1e-05,1e-05,1e-05,1e-05,1e-05,1e-05,1e-05,1e-05,1e-05,1e-05,1e-05,1e-05,1e-05,1e-05,1,Z199 Z209 Z220,0.983155555556,0.00337642642861,0.983155555556,0.00337642642861
1e-05,1e-05,1e-05,1e-05,1e-05,1e-05,1e-05,1e-05,1e-05,1e-05,1e-05,1e-05,1e-05,1e-05,1e-05,1e-05,1e-05,1e-05,1,Z2 Z12 Z13 Z23,0.985177777778,0.00332035788743,0.985177777778,0.00332035788743
1e-05,1e-05,1e-05,1e-05,1e-05,1e-05,1e-05,1e-05,1e-05,1e-05,1e-05,1e-05,1e-05,1e-05,1e-05,1e-05,1e-05,1e-05,1,Z21 Z32 Z42,0.986666666667,0.00193376927309,0.986666666667,0.00193376927309
1e-05,1e-05,1e-05,1e-05,1e-05,1e-05,1e-05,1e-05,1e-05,1e-05,1e-05,1e-05,1e-05,1e-05,1e-05,1e-05,1e-05,1e-05,1,Z22 Z32 Z33 Z43,0.983066666667,0.00337491308246,0.983066666667,0.00337491308246
1e-05,1e-05,1e-05,1e-05,1e-05,1e-05,1e-05,1e-05,1e-05,1e-05,1e-05,1e-05,1e-05,1e-05,1e-05,1e-05,1e-05,1e-05,1,Z23 Z33 Z34 Z44,0.983311111111,0.00314396988147,0.983311111111,0.00314396988147
1e-05,1e-05,1e-05,1e-05,1e-05,1e-05,1e-05,1e-05,1e-05,1e-05,1e-05,1e-05,1e-05,1e-05,1e-05,1e-05,1e-05,1e-05,1,Z24 Z34 Z35 Z45,0.983111111111,0.00297799507413,0.983111111111,0.00297799507413
1e-05,1e-05,1e-05,1e-05,1e-05,1e-05,1e-05,1e-05,1e-05,1e-05,1e-05,1e-05,1e-05,1e-05,1e-05,1e-05,1e-05,1e-05,1,Z25 Z35 Z36 Z46,0.983555555556,0.00273663010228,0.983555555556,0.00273663010228
1e-05,1e-05,1e-05,1e-05,1e-05,1e-05,1e-05,1e-05,1e-05,1e-05,1e-05,1e-05,1e-05,1e-05,1e-05,1e-05,1e-05,1e-05,1,Z26 Z36 Z37 Z47,0.983222222222,0.00368941047875,0.983222222222,0.00368941047875
1e-05,1e-05,1e-05,1e-05,1e-05,1e-05,1e-05,1e-05,1e-05,1e-05,1e-05,1e-05,1e-05,1e-05,1e-05,1e-05,1e-05,1e-05,1,Z27 Z37 Z38 Z48,0.983577777778,0.00316340828531,0.983577777778,0.00316340828531
1e-05,1e-05,1e-05,1e-05,1e-05,1e-05,1e-05,1e-05,1e-05,1e-05,1e-05,1e-05,1e-05,1e-05,1e-05,1e-05,1e-05,1e-05,1,Z28 Z38 Z39 Z49,0.983311111111,0.00361979798058,0.983311111111,0.00361979798058
1e-05,1e-05,1e-05,1e-05,1e-05,1e-05,1e-05,1e-05,1e-05,1e-05,1e-05,1e-05,1e-05,1e-05,1e-05,1e-05,1e-05,1e-05,1,Z29 Z39 Z40 Z50,0.984711111111,0.00391845357461,0.984711111111,0.00391845357461
1e-05,1e-05,1e-05,1e-05,1e-05,1e-05,1e-05,1e-05,1e-05,1e-05,1e-05,1e-05,1e-05,1e-05,1e-05,1e-05,1e-05,1e-05,1,Z3 Z13 Z14 Z24,0.9828,0.00353374536743,0.9828,0.00353374536743
1e-05,1e-05,1e-05,1e-05,1e-05,1e-05,1e-05,1e-05,1e-05,1e-05,1e-05,1e-05,1e-05,1e-05,1e-05,1e-05,1e-05,1e-05,1,Z30 Z40 Z41 Z51,0.981888888889,0.00348431992115,0.981888888889,0.00348431992115
1e-05,1e-05,1e-05,1e-05,1e-05,1e-05,1e-05,1e-05,1e-05,1e-05,1e-05,1e-05,1e-05,1e-05,1e-05,1e-05,1e-05,1e-05,1,Z31 Z41 Z52,0.984911111111,0.00315370405992,0.984911111111,0.00315370405992
1e-05,1e-05,1e-05,1e-05,1e-05,1e-05,1e-05,1e-05,1e-05,1e-05,1e-05,1e-05,1e-05,1e-05,1e-05,1e-05,1e-05,1e-05,1,Z4 Z14 Z15 Z25,0.983488888889,0.00347815661457,0.983488888889,0.00347815661457
1e-05,1e-05,1e-05,1e-05,1e-05,1e-05,1e-05,1e-05,1e-05,1e-05,1e-05,1e-05,1e-05,1e-05,1e-05,1e-05,1e-05,1e-05,1,Z42 Z53 Z63,0.985666666667,0.00287544765797,0.985666666667,0.00287544765797
1e-05,1e-05,1e-05,1e-05,1e-05,1e-05,1e-05,1e-05,1e-05,1e-05,1e-05,1e-05,1e-05,1e-05,1e-05,1e-05,1e-05,1e-05,1,Z43 Z53 Z54 Z64,0.984066666667,0.00362346545667,0.984066666667,0.00362346545667
1e-05,1e-05,1e-05,1e-05,1e-05,1e-05,1e-05,1e-05,1e-05,1e-05,1e-05,1e-05,1e-05,1e-05,1e-05,1e-05,1e-05,1e-05,1,Z44 Z54 Z55 Z65,0.983311111111,0.00298390745562,0.983311111111,0.00298390745562
1e-05,1e-05,1e-05,1e-05,1e-05,1e-05,1e-05,1e-05,1e-05,1e-05,1e-05,1e-05,1e-05,1e-05,1e-05,1e-05,1e-05,1e-05,1,Z45 Z55 Z56 Z66,0.983377777778,0.00310201187136,0.983377777778,0.00310201187136
1e-05,1e-05,1e-05,1e-05,1e-05,1e-05,1e-05,1e-05,1e-05,1e-05,1e-05,1e-05,1e-05,1e-05,1e-05,1e-05,1e-05,1e-05,1,Z46 Z56 Z57 Z67,0.982866666667,0.00278006036485,0.982866666667,0.00278006036485
1e-05,1e-05,1e-05,1e-05,1e-05,1e-05,1e-05,1e-05,1e-05,1e-05,1e-05,1e-05,1e-05,1e-05,1e-05,1e-05,1e-05,1e-05,1,Z47 Z57 Z58 Z68,0.984044444444,0.00347485034638,0.984044444444,0.00347485034638
1e-05,1e-05,1e-05,1e-05,1e-05,1e-05,1e-05,1e-05,1e-05,1e-05,1e-05,1e-05,1e-05,1e-05,1e-05,1e-05,1e-05,1e-05,1,Z48 Z58 Z59 Z69,0.983511111111,0.00318970246073,0.983511111111,0.00318970246073
1e-05,1e-05,1e-05,1e-05,1e-05,1e-05,1e-05,1e-05,1e-05,1e-05,1e-05,1e-05,1e-05,1e-05,1e-05,1e-05,1e-05,1e-05,1,Z49 Z59 Z60 Z70,0.983466666667,0.00278694273505,0.983466666667,0.00278694273505
1e-05,1e-05,1e-05,1e-05,1e-05,1e-05,1e-05,1e-05,1e-05,1e-05,1e-05,1e-05,1e-05,1e-05,1e-05,1e-05,1e-05,1e-05,1,Z5 Z15 Z16 Z26,0.983844444444,0.0029539678275,0.983844444444,0.0029539678275
1e-05,1e-05,1e-05,1e-05,1e-05,1e-05,1e-05,1e-05,1e-05,1e-05,1e-05,1e-05,1e-05,1e-05,1e-05,1e-05,1e-05,1e-05,1,Z50 Z60 Z61 Z71,0.983777777778,0.00348981367542,0.983777777778,0.00348981367542
1e-05,1e-05,1e-05,1e-05,1e-05,1e-05,1e-05,1e-05,1e-05,1e-05,1e-05,1e-05,1e-05,1e-05,1e-05,1e-05,1e-05,1e-05,1,Z51 Z61 Z62 Z72,0.982377777778,0.00520737270835,0.982377777778,0.00520737270835
1e-05,1e-05,1e-05,1e-05,1e-05,1e-05,1e-05,1e-05,1e-05,1e-05,1e-05,1e-05,1e-05,1e-05,1e-05,1e-05,1e-05,1e-05,1,Z52 Z62 Z73,0.9844,0.00310530383013,0.9844,0.00310530383013
1e-05,1e-05,1e-05,1e-05,1e-05,1e-05,1e-05,1e-05,1e-05,1e-05,1e-05,1e-05,1e-05,1e-05,1e-05,1e-05,1e-05,1e-05,1,Z6 Z16 Z17 Z27,0.983533333333,0.00411761936949,0.983533333333,0.00411761936949
1e-05,1e-05,1e-05,1e-05,1e-05,1e-05,1e-05,1e-05,1e-05,1e-05,1e-05,1e-05,1e-05,1e-05,1e-05,1e-05,1e-05,1e-05,1,Z63 Z74 Z84,0.986377777778,0.00320766960841,0.986377777778,0.00320766960841
1e-05,1e-05,1e-05,1e-05,1e-05,1e-05,1e-05,1e-05,1e-05,1e-05,1e-05,1e-05,1e-05,1e-05,1e-05,1e-05,1e-05,1e-05,1,Z64 Z74 Z75 Z85,0.984511111111,0.00330184359664,0.984511111111,0.00330184359664
1e-05,1e-05,1e-05,1e-05,1e-05,1e-05,1e-05,1e-05,1e-05,1e-05,1e-05,1e-05,1e-05,1e-05,1e-05,1e-05,1e-05,1e-05,1,Z65 Z75 Z76 Z86,0.983911111111,0.00355680054831,0.983911111111,0.00355680054831
1e-05,1e-05,1e-05,1e-05,1e-05,1e-05,1e-05,1e-05,1e-05,1e-05,1e-05,1e-05,1e-05,1e-05,1e-05,1e-05,1e-05,1e-05,1,Z66 Z76 Z77 Z87,0.9834,0.00312865877768,0.9834,0.00312865877768
1e-05,1e-05,1e-05,1e-05,1e-05,1e-05,1e-05,1e-05,1e-05,1e-05,1e-05,1e-05,1e-05,1e-05,1e-05,1e-05,1e-05,1e-05,1,Z67 Z77 Z78 Z88,0.984177777778,0.00322316012245,0.984177777778,0.00322316012245
1e-05,1e-05,1e-05,1e-05,1e-05,1e-05,1e-05,1e-05,1e-05,1e-05,1e-05,1e-05,1e-05,1e-05,1e-05,1e-05,1e-05,1e-05,1,Z68 Z78 Z79 Z89,0.984133333333,0.00304449758043,0.984133333333,0.00304449758043
1e-05,1e-05,1e-05,1e-05,1e-05,1e-05,1e-05,1e-05,1e-05,1e-05,1e-05,1e-05,1e-05,1e-05,1e-05,1e-05,1e-05,1e-05,1,Z69 Z79 Z80 Z90,0.984133333333,0.00426120339882,0.984133333333,0.00426120339882
1e-05,1e-05,1e-05,1e-05,1e-05,1e-05,1e-05,1e-05,1e-05,1e-05,1e-05,1e-05,1e-05,1e-05,1e-05,1e-05,1e-05,1e-05,1,Z7 Z17 Z18 Z28,0.982866666667,0.00375963640534,0.982866666667,0.00375963640534
1e-05,1e-05,1e-05,1e-05,1e-05,1e-05,1e-05,1e-05,1e-05,1e-05,1e-05,1e-05,1e-05,1e-05,1e-05,1e-05,1e-05,1e-05,1,Z70 Z80 Z81 Z91,0.984244444444,0.0029684591425,0.984244444444,0.0029684591425
1e-05,1e-05,1e-05,1e-05,1e-05,1e-05,1e-05,1e-05,1e-05,1e-05,1e-05,1e-05,1e-05,1e-05,1e-05,1e-05,1e-05,1e-05,1,Z71 Z81 Z82 Z92,0.984933333333,0.00342450041103,0.984933333333,0.00342450041103
1e-05,1e-05,1e-05,1e-05,1e-05,1e-05,1e-05,1e-05,1e-05,1e-05,1e-05,1e-05,1e-05,1e-05,1e-05,1e-05,1e-05,1e-05,1,Z72 Z82 Z83 Z93,0.982866666667,0.00332712064716,0.982866666667,0.00332712064716
1e-05,1e-05,1e-05,1e-05,1e-05,1e-05,1e-05,1e-05,1e-05,1e-05,1e-05,1e-05,1e-05,1e-05,1e-05,1e-05,1e-05,1e-05,1,Z73 Z83 Z94,0.984,0.00332642963245,0.984,0.00332642963245
1e-05,1e-05,1e-05,1e-05,1e-05,1e-05,1e-05,1e-05,1e-05,1e-05,1e-05,1e-05,1e-05,1e-05,1e-05,1e-05,1e-05,1e-05,1,Z8 Z18 Z19 Z29,0.982555555556,0.00345339339287,0.982555555556,0.00345339339287
1e-05,1e-05,1e-05,1e-05,1e-05,1e-05,1e-05,1e-05,1e-05,1e-05,1e-05,1e-05,1e-05,1e-05,1e-05,1e-05,1e-05,1e-05,1,Z84 Z95 Z105,0.987155555556,0.00284427681498,0.987155555556,0.00284427681498
1e-05,1e-05,1e-05,1e-05,1e-05,1e-05,1e-05,1e-05,1e-05,1e-05,1e-05,1e-05,1e-05,1e-05,1e-05,1e-05,1e-05,1e-05,1,Z85 Z95 Z96 Z106,0.984,0.00285001848485,0.984,0.00285001848485
1e-05,1e-05,1e-05,1e-05,1e-05,1e-05,1e-05,1e-05,1e-05,1e-05,1e-05,1e-05,1e-05,1e-05,1e-05,1e-05,1e-05,1e-05,1,Z86 Z96 Z97 Z107,0.984177777778,0.00363437539979,0.984177777778,0.00363437539979
1e-05,1e-05,1e-05,1e-05,1e-05,1e-05,1e-05,1e-05,1e-05,1e-05,1e-05,1e-05,1e-05,1e-05,1e-05,1e-05,1e-05,1e-05,1,Z87 Z97 Z98 Z108,0.983822222222,0.0036512038988,0.983822222222,0.0036512038988
1e-05,1e-05,1e-05,1e-05,1e-05,1e-05,1e-05,1e-05,1e-05,1e-05,1e-05,1e-05,1e-05,1e-05,1e-05,1e-05,1e-05,1e-05,1,Z88 Z98 Z99 Z109,0.982866666667,0.00369383871392,0.982866666667,0.00369383871392
1e-05,1e-05,1e-05,1e-05,1e-05,1e-05,1e-05,1e-05,1e-05,1e-05,1e-05,1e-05,1e-05,1e-05,1e-05,1e-05,1e-05,1e-05,1,Z89 Z99 Z100 Z110,0.984488888889,0.00348366008843,0.984488888889,0.00348366008843
1e-05,1e-05,1e-05,1e-05,1e-05,1e-05,1e-05,1e-05,1e-05,1e-05,1e-05,1e-05,1e-05,1e-05,1e-05,1e-05,1e-05,1e-05,1,Z9 Z19 Z20 Z30,0.981688888889,0.00356970365205,0.981688888889,0.00356970365205
1e-05,1e-05,1e-05,1e-05,1e-05,1e-05,1e-05,1e-05,1e-05,1e-05,1e-05,1e-05,1e-05,1e-05,1e-05,1e-05,1e-05,1e-05,1,Z90 Z100 Z101 Z111,0.984511111111,0.00311064583275,0.984511111111,0.00311064583275
1e-05,1e-05,1e-05,1e-05,1e-05,1e-05,1e-05,1e-05,1e-05,1e-05,1e-05,1e-05,1e-05,1e-05,1e-05,1e-05,1e-05,1e-05,1,Z91 Z101 Z102 Z112,0.984066666667,0.00320607660593,0.984066666667,0.00320607660593
1e-05,1e-05,1e-05,1e-05,1e-05,1e-05,1e-05,1e-05,1e-05,1e-05,1e-05,1e-05,1e-05,1e-05,1e-05,1e-05,1e-05,1e-05,1,Z92 Z102 Z103 Z113,0.983533333333,0.00293035376364,0.983533333333,0.00293035376364
1e-05,1e-05,1e-05,1e-05,1e-05,1e-05,1e-05,1e-05,1e-05,1e-05,1e-05,1e-05,1e-05,1e-05,1e-05,1e-05,1e-05,1e-05,1,Z93 Z103 Z104 Z114,0.981955555556,0.00361322955839,0.981955555556,0.00361322955839
1e-05,1e-05,1e-05,1e-05,1e-05,1e-05,1e-05,1e-05,1e-05,1e-05,1e-05,1e-05,1e-05,1e-05,1e-05,1e-05,1e-05,1e-05,1,Z94 Z104 Z115,0.984622222222,0.00296561822276,0.984622222222,0.00296561822276
1e-05,1e-05,1e-05,1e-05,1e-05,1e-05,1e-05,1e-05,1e-05,1e-05,1e-05,1e-05,1e-05,1e-05,1e-05,1e-05,1e-05,1e-05,5,Logical X,0.993866666667,0.00172784276282,0.993177777778,0.00273298754938
1e-05,1e-05,1e-05,1e-05,1e-05,1e-05,1e-05,1e-05,1e-05,1e-05,1e-05,1e-05,1e-05,1e-05,1e-05,1e-05,1e-05,1e-05,5,Logical Y,0.016,0.01079946075,-0.00488888888889,0.020178007324
1e-05,1e-05,1e-05,1e-05,1e-05,1e-05,1e-05,1e-05,1e-05,1e-05,1e-05,1e-05,1e-05,1e-05,1e-05,1e-05,1e-05,1e-05,5,Logical Z,0.0160666666667,0.0124529459193,0.00126666666667,0.0180296477845
1e-05,1e-05,1e-05,1e-05,1e-05,1e-05,1e-05,1e-05,1e-05,1e-05,1e-05,1e-05,1e-05,1e-05,1e-05,1e-05,1e-05,1e-05,5,X0 X1 X11,0.993933333333,0.00197571462409,0.993933333333,0.00197571462409
1e-05,1e-05,1e-05,1e-05,1e-05,1e-05,1e-05,1e-05,1e-05,1e-05,1e-05,1e-05,1e-05,1e-05,1e-05,1e-05,1e-05,1e-05,5,X1 X2 X12,0.993733333333,0.00146059348668,0.993733333333,0.00146059348668
1e-05,1e-05,1e-05,1e-05,1e-05,1e-05,1e-05,1e-05,1e-05,1e-05,1e-05,1e-05,1e-05,1e-05,1e-05,1e-05,1e-05,1e-05,5,X100 X110 X111 X121,0.9938,0.00214529691432,0.9938,0.00214529691432
1e-05,1e-05,1e-05,1e-05,1e-05,1e-05,1e-05,1e-05,1e-05,1e-05,1e-05,1e-05,1e-05,1e-05,1e-05,1e-05,1e-05,1e-05,5,X101 X111 X112 X122,0.994288888889,0.00203933227246,0.994288888889,0.00203933227246
1e-05,1e-05,1e-05,1e-05,1e-05,1e-05,1e-05,1e-05,1e-05,1e-05,1e-05,1e-05,1e-05,1e-05,1e-05,1e-05,1e-05,1e-05,5,X102 X112 X113 X123,0.9944,0.00213419522819,0.9944,0.00213419522819
1e-05,1e-05,1e-05,1e-05,1e-05,1e-05,1e-05,1e-05,1e-05,1e-05,1e-05,1e-05,1e-05,1e-05,1e-05,1e-05,1e-05,1e-05,5,X103 X113 X114 X124,0.993577777778,0.00209713055799,0.993577777778,0.00209713055799
1e-05,1e-05,1e-05,1e-05,1e-05,1e-05,1e-05,1e-05,1e-05,1e-05,1e-05,1e-05,1e-05,1e-05,1e-05,1e-05,1e-05,1e-05,5,X104 X114 X115 X125,0.991088888889,0.00246031075091,0.991088888889,0.00246031075091
1e-05,1e-05,1e-05,1e-05,1e-05,1e-05,1e-05,1e-05,1e-05,1e-05,1e-05,1e-05,1e-05,1e-05,1e-05,1e-05,1e-05,1e-05,5,X11 X21 X22 X32,0.994222222222,0.00196781251119,0.994222222222,0.00196781251119
1e-05,1e-05,1e-05,1e-05,1e-05,1e-05,1e-05,1e-05,1e-05,1e-05,1e-05,1e-05,1e-05,1e-05,1e-05,1e-05,1e-05,1e-05,5,X116 X126 X127 X137,0.994511111111,0.00175672399159,0.994511111111,0.00175672399159
1e-05,1e-05,1e-05,1e-05,1e-05,1e-05,1e-05,1e-05,1e-05,1e-05,1e-05,1e-05,1e-05,1e-05,1e-05,1e-05,1e-05,1e-05,5,X117 X127 X128 X138,0.993866666667,0.00199155304346,0.993866666667,0.00199155304346
1e-05,1e-05,1e-05,1e-05,1e-05,1e-05,1e-05,1e-05,1e-05,1e-05,1e-05,1e-05,1e-05,1e-05,1e-05,1e-05,1e-05,1e-05,5,X118 X128 X129 X139,0.993755555556,0.00234550737648,0.993755555556,0.00234550737648
1e-05,1e-05,1e-05,1e-05,1e-05,1e-05,1e-05,1e-05,1e-05,1e-05,1e-05,1e-05,1e-05,1e-05,1e-05,1e-05,1e-05,1e-05,5,X119 X129 X130 X140,0.994044444444,0.00177624454957,0.994044444444,0.00177624454957
1e-05,1e-05,1e-05,1e-05,1e-05,1e-05,1e-05,1e-05,1e-05,1e-05,1e-05,1e-05,1e-05,1e-05,1e-05,1e-05,1e-05,1e-05,5,X12 X22 X23 X33,0.9942,0.00158682313534,0.9942,0.00158682313534
1e-05,1e-05,1e-05,1e-05,1e-05,1e-05,1e-05,1e-05,1e-05,1e-05,1e-05,1e-05,1e-05,1e-05,1e-05,1e-05,1e-05,1e-05,5,X120 X130 X131 X141,0.993555555556,0.00226472759069,0.993555555556,0.00226472759069
1e-05,1e-05,1e-05,1e-05,1e-05,1e-05,1e-05,1e-05,1e-05,1e-05,1e-05,1e-05,1e-05,1e-05,1e-05,1e-05,1e-05,1e-05,5,X121 X131 X132 X142,0.993777777778,0.00257505471181,0.993777777778,0.00257505471181
1e-05,1e-05,1e-05,1e-05,1e-05,1e-05,1e-05,1e-05,1e-05,1e-05,1e-05,1e-05,1e-05,1e-05,1e-05,1e-05,1e-05,1e-05,5,X122 X132 X133 X143,0.994644444444,0.00179811168157,0.994644444444,0.00179811168157
1e-05,1e-05,1e-05,1e-05,1e-05,1e-05,1e-05,1e-05,1e-05,1e-05,1e-05,1e-05,1e-05,1e-05,1e-05,1e-05,1e-05,1e-05,5,X123 X133 X134 X144,0.994733333333,0.00183912356271,0.994733333333,0.00183912356271
1e-05,1e-05,1e-05,1e-05,1e-05,1e-05,1e-05,1e-05,1e-05,1e-05,1e-05,1e-05,1e-05,1e-05,1e-05,1e-05,1e-05,1e-05,5,X124 X134 X135 X145,0.994088888889,0.00178313369456,0.994088888889,0.00178313369456
1e-05,1e-05,1e-05,1e-05,1e-05,1e-05,1e-05,1e-05,1e-05,1e-05,1e-05,1e-05,1e-05,1e-05,1e-05,1e-05,1e-05,1e-05,5,X125 X135 X136 X146,0.991044444444,0.002922673071,0.991044444444,0.002922673071
1e-05,1e-05,1e-05,1e-05,1e-05,1e-05,1e-05,1e-05,1e-05,1e-05,1e-05,1e-05,1e-05,1e-05,1e-05,1e-05,1e-05,1e-05,5,X13 X23 X24 X34,0.994155555556,0.00190730262952,0.994155555556,0.00190730262952
1e-05,1e-05,1e-05,1e-05,1e-05,1e-05,1e-05,1e-05,1e-05,1e-05,1e-05,1e-05,1e-05,1e-05,1e-05,1e-05,1e-05,1e-05,5,X137 X147 X148 X158,0.994777777778,0.00157648751949,0.994777777778,0.00157648751949
1e-05,1e-05,1e-05,1e-05,1e-05,1e-05,1e-05,1e-05,1e-05,1e-05,1e-05,1e-05,1e-05,1e-05,1e-05,1e-05,1e-05,1e-05,5,X138 X148 X149 X159,0.993577777778,0.00131578490286,0.993577777778,0.00131578490286
1e-05,1e-05,1e-05,1e-05,1e-05,1e-05,1e-05,1e-05,1e-05,1e-05,1e-05,1e-05,1e-05,1e-05,1e-05,1e-05,1e-05,1e-05,5,X139 X149 X150 X160,0.994688888889,0.00178956818211,0.994688888889,0.00178956818211
1e-05,1e-05,1e-05,1e-05,1e-05,1e-05,1e-05,1e-05,1e-05,1e-05,1e-05,1e-05,1e-05,1e-05,1e-05,1e-05,1e-05,1e-05,5,X14 X24 X25 X35,0.994066666667,0.00184743790692,0.994066666667,0.00184743790692
1e-05,1e-05,1e-05,1e-05,1e-05,1e-05,1e-05,1e-05,1e-05,1e-05,1e-05,1e-05,1e-05,1e-05,1e-05,1e-05,1e-05,1e-05,5,X140 X150 X151 X161,0.994533333333,0.00179740127434,0.994533333333,0.00179740127434
1e-05,1e-05,1e-05,1e-05,1e-05,1e-05,1e-05,1e-05,1e-05,1e-05,1e-05,1e-05,1e-05,1e-05,1e-05,1e-05,1e-05,1e-05,5,X141 X151 X152 X162,0.993488888889,0.00223303880942,0.993488888889,0.00223303880942
1e-05,1e-05,1e-05,1e-05,1e-05,1e-05,1e-05,1e-05,1e-05,1e-05,1e-05,1e-05,1e-05,1e-05,1e-05,1e-05,1e-05,1e-05,5,X142 X152 X153 X163,0.994333333333,0.00214243747031,0.994333333333,0.00214243747031
1e-05,1e-05,1e-05,1e-05,1e-05,1e-05,1e-05,1e-05,1e-05,1e-05,1e-05,1e-05,1e-05,1e-05,1e-05,1e-05,1e-05,1e-05,5,X143 X153 X154 X164,0.994022222222,0.00186505129886,0.994022222222,0.00186505129886
1e-05,1e-05,1e-05,1e-05,1e-05,1e-05,1e-05,1e-05,1e-05,1e-05,1e-05,1e-05,1e-05,1e-05,1e-05,1e-05,1e-05,1e-05,5,X144 X154 X155 X165,0.994088888889,0.00153361649892,0.994088888889,0.00153361649892
1e-05,1e-05,1e-05,1e-05,1e-05,1e-05,1e-05,1e-05,1e-05,1e-05,1e-05,1e-05,1e-05,1e-05,1e-05,1e-05,1e-05,1e-05,5,X145 X155 X156 X166,0.994533333333,0.00146896371845,0.994533333333,0.00146896371845
1e-05,1e-05,1e-05,1e-05,1e-05,1e-05,1e-05,1e-05,1e-05,1e-05,1e-05,1e-05,1e-05,1e-05,1e-05,1e-05,1e-05,1e-05,5,X146 X156 X157 X167,0.991044444444,0.00236632397281,0.991044444444,0.00236632397281
1e-05,1e-05,1e-05,1e-05,1e-05,1e-05,1e-05,1e-05,1e-05,1e-05,1e-05,1e-05,1e-05,1e-05,1e-05,1e-05,1e-05,1e-05,5,X15 X25 X26 X36,0.994111111111,0.00202727254505,0.994111111111,0.00202727254505
1e-05,1e-05,1e-05,1e-05,1e-05,1e-05,1e-05,1e-05,1e-05,1e-05,1e-05,1e-05,1e-05,1e-05,1e-05,1e-05,1e-05,1e-05,5,X158 X168 X169 X179,0.994444444444,0.00194430760329,0.994444444444,0.00194430760329
1e-05,1e-05,1e-05,1e-05,1e-05,1e-05,1e-05,1e-05,1e-05,1e-05,1e-05,1e-05,1e-05,1e-05,1e-05,1e-05,1e-05,1e-05,5,X159 X169 X170 X180,0.994111111111,0.00201209624271,0.994111111111,0.00201209624271
1e-05,1e-05,1e-05,1e-05,1e-05,1e-05,1e-05,1e-05,1e-05,1e-05,1e-05,1e-05,1e-05,1e-05,1e-05,1e-05,1e-05,1e-05,5,X16 X26 X27 X37,0.994088888889,0.00204720786085,0.994088888889,0.00204720786085
1e-05,1e-05,1e-05,1e-05,1e-05,1e-05,1e-05,1e-05,1e-05,1e-05,1e-05,1e-05,1e-05,1e-05,1e-05,1e-05,1e-05,1e-05,5,X160 X170 X171 X181,0.994155555556,0.00207656755789,0.994155555556,0.00207656755789
1e-05,1e-05,1e-05,1e-05,1e-05,1e-05,1e-05,1e-05,1e-05,1e-05,1e-05,1e-05,1e-05,1e-05,1e-05,1e-05,1e-05,1e-05,5,X161 X171 X172 X182,0.994488888889,0.00165103783298,0.994488888889,0.00165103783298
1e-05,1e-05,1e-05,1e-05,1e-05,1e-05,1e-05,1e-05,1e-05,1e-05,1e-05,1e-05,1e-05,1e-05,1e-05,1e-05,1e-05,1e-05,5,X162 X172 X173 X183,0.994488888889,0.0018188736638,0.994488888889,0.0018188736638
1e-05,1e-05,1e-05,1e-05,1e-05,1e-05,1e-05,1e-05,1e-05,1e-05,1e-05,1e-05,1e-05,1e-05,1e-05,1e-05,1e-05,1e-05,5,X163 X173 X174 X184,0.9946,0.00223074992115,0.9946,0.00223074992115
1e-05,1e-05,1e-05,1e-05,1e-05,1e-05,1e-05,1e-05,1e-05,1e-05,1e-05,1e-05,1e-05,1e-05,1e-05,1e-05,1e-05,1e-05,5,X164 X174 X175 X185,0.994644444444,0.00176368938746,0.994644444444,0.00176368938746
1e-05,1e-05,1e-05,1e-05,1e-05,1e-05,1e-05,1e-05,1e-05,1e-05,1e-05,1e-05,1e-05,1e-05,1e-05,1e-05,1e-05,1e-05,5,X165 X175 X176 X186,0.993933333333,0.0021609562237,0.993933333333,0.0021609562237
1e-05,1e-05,1e-05,1e-05,1e-05,1e-05,1e-05,1e-05,1e-05,1e-05,1e-05,1e-05,1e-05,1e-05,1e-05,1e-05,1e-05,1e-05,5,X166 X176 X177 X187,0.993977777778,0.00184854366067,0.993977777778,0.00184854366067
1e-05,1e-05,1e-05,1e-05,1e-05,1e-05,1e-05,1e-05,1e-05,1e-05,1e-05,1e-05,1e-05,1e-05,1e-05,1e-05,1e-05,1e-05,5,X167 X177 X178 X188,0.991511111111,0.00209310734071,0.991511111111,0.00209310734071
1e-05,1e-05,1e-05,1e-05,1e-05,1e-05,1e-05,1e-05,1e-05,1e-05,1e-05,1e-05,1e-05,1e-05,1e-05,1e-05,1e-05,1e-05,5,X17 X27 X28 X38,0.9944,0.00167560819861,0.9944,0.00167560819861
1e-05,1e-05,1e-05,1e-05,1e-05,1e-05,1e-05,1e-05,1e-05,1e-05,1e-05,1e-05,1e-05,1e-05,1e-05,1e-05,1e-05,1e-05,5,X179 X189 X190 X200,0.993733333333,0.0017118026169,0.993733333333,0.0017118026169
1e-05,1e-05,1e-05,1e-05,1e-05,1e-05,1e-05,1e-05,1e-05,1e-05,1e-05,1e-05,1e-05,1e-05,1e-05,1e-05,1e-05,1e-05,5,X18 X28 X29 X39,0.993666666667,0.00241800398987,0.993666666667,0.00241800398987
1e-05,1e-05,1e-05,1e-05,1e-05,1e-05,1e-05,1e-05,1e-05,1e-05,1e-05,1e-05,1e-05,1e-05,1e-05,1e-05,1e-05,1e-05,5,X180 X190 X191 X201,0.993844444444,0.00205430737707,0.993844444444,0.00205430737707
1e-05,1e-05,1e-05,1e-05,1e-05,1e-05,1e-05,1e-05,1e-05,1e-05,1e-05,1e-05,1e-05,1e-05,1e-05,1e-05,1e-05,1e-05,5,X181 X191 X192 X202,0.994755555556,0.00205468035629,0.994755555556,0.00205468035629
1e-05,1e-05,1e-05,1e-05,1e-05,1e-05,1e-05,1e-05,1e-05,1e-05,1e-05,1e-05,1e-05,1e-05,1e-05,1e-05,1e-05,1e-05,5,X182 X192 X193 X203,0.994088888889,0.001883449459,0.994088888889,0.001883449459
1e-05,1e-05,1e-05,1e-05,1e-05,1e-05,1e-05,1e-05,1e-05,1e-05,1e-05,1e-05,1e-05,1e-05,1e-05,1e-05,1e-05,1e-05,5,X183 X193 X194 X204,0.994466666667,0.00189494184547,0.994466666667,0.00189494184547
1e-05,1e-05,1e-05,1e-05,1e-05,1e-05,1e-05,1e-05,1e-05,1e-05,1e-05,1e-05,1e-05,1e-05,1e-05,1e-05,1e-05,1e-05,5,X184 X194 X195 X205,0.994622222222,0.00215799916791,0.994622222222,0.00215799916791
1e-05,1e-05,1e-05,1e-05,1e-05,1e-05,1e-05,1e-05,1e-05,1e-05,1e-05,1e-05,1e-05,1e-05,1e-05,1e-05,1e-05,1e-05,5,X185 X195 X196 X206,0.993644444444,0.00187529478313,0.993644444444,0.00187529478313
1e-05,1e-05,1e-05,1e-05,1e-05,1e-05,1e-05,1e-05,1e-05,1e-05,1e-05,1e-05,1e-05,1e-05,1e-05,1e-05,1e-05,1e-05,5,X186 X196 X197 X207,0.994111111111,0.00191051402951,0.994111111111,0.00191051402951
1e-05,1e-05,1e-05,1e-05,1e-05,1e-05,1e-05,1e-05,1e-05,1e-05,1e-05,1e-05,1e-05,1e-05,1e-05,1e-05,1e-05,1e-05,5,X187 X197 X198 X208,0.994244444444,0.00193759604055,0.994244444444,0.00193759604055
1e-05,1e-05,1e-05,1e-05,1e-05,1e-05,1e-05,1e-05,1e-05,1e-05,1e-05,1e-05,1e-05,1e-05,1e-05,1e-05,1e-05,1e-05,5,X188 X198 X199 X209,0.991044444444,0.00164871558817,0.991044444444,0.00164871558817
1e-05,1e-05,1e-05,1e-05,1e-05,1e-05,1e-05,1e-05,1e-05,1e-05,1e-05,1e-05,1e-05,1e-05,1e-05,1e-05,1e-05,1e-05,5,X19 X29 X30 X40,0.994288888889,0.00197053648749,0.994288888889,0.00197053648749
1e-05,1e-05,1e-05,1e-05,1e-05,1e-05,1e-05,1e-05,1e-05,1e-05,1e-05,1e-05,1e-05,1e-05,1e-05,1e-05,1e-05,1e-05,5,X2 X3 X13,0.993644444444,0.00221269990474,0.993644444444,0.00221269990474
1e-05,1e-05,1e-05,1e-05,1e-05,1e-05,1e-05,1e-05,1e-05,1e-05,1e-05,1e-05,1e-05,1e-05,1e-05,1e-05,1e-05,1e-05,5,X20 X30 X31 X41,0.991577777778,0.00229931412951,0.991577777778,0.00229931412951
1e-05,1e-05,1e-05,1e-05,1e-05,1e-05,1e-05,1e-05,1e-05,1e-05,1e-05,1e-05,1e-05,1e-05,1e-05,1e-05,1e-05,1e-05,5,X200 X210 X211,0.993844444444,0.00193917732158,0.993844444444,0.00193917732158
1e-05,1e-05,1e-05,1e-05,1e-05,1e-05,1e-05,1e-05,1e-05,1e-05,1e-05,1e-05,1e-05,1e-05,1e-05,1e-05,1e-05,1e-05,5,X201 X211 X212,0.9938,0.00189494184547,0.9938,0.00189494184547
1e-05,1e-05,1e-05,1e-05,1e-05,1e-05,1e-05,1e-05,1e-05,1e-05,1e-05,1e-05,1e-05,1e-05,1e-05,1e-05,1e-05,1e-05,5,X202 X212 X213,0.994177777778,0.00215799916791,0.994177777778,0.00215799916791
1e-05,1e-05,1e-05,1e-05,1e-05,1e-05,1e-05,1e-05,1e-05,1e-05,1e-05,1e-05,1e-05,1e-05,1e-05,1e-05,1e-05,1e-05,5,X203 X213 X214,0.994266666667,0.00150197826127,0.994266666667,0.00150197826127
1e-05,1e-05,1e-05,1e-05,1e-05,1e-05,1e-05,1e-05,1e-05,1e-05,1e-05,1e-05,1e-05,1e-05,1e-05,1e-05,1e-05,1e-05,5,X204 X214 X215,0.994577777778,0.0023731146311,0.994577777778,0.0023731146311
1e-05,1e-05,1e-05,1e-05,1e-05,1e-05,1e-05,1e-05,1e-05,1e-05,1e-05,1e-05,1e-05,1e-05,1e-05,1e-05,1e-05,1e-05,5,X205 X215 X216,0.994333333333,0.0020917645487,0.994333333333,0.0020917645487
1e-05,1e-05,1e-05,1e-05,1e-05,1e-05,1e-05,1e-05,1e-05,1e-05,1e-05,1e-05,1e-05,1e-05,1e-05,1e-05,1e-05,1e-05,5,X206 X216 X217,0.994866666667,0.00174329586123,0.994866666667,0.00174329586123
1e-05,1e-05,1e-05,1e-05,1e-05,1e-05,1e-05,1e-05,1e-05,1e-05,1e-05,1e-05,1e-05,1e-05,1e-05,1e-05,1e-05,1e-05,5,X207 X217 X218,0.994644444444,0.00201514064678,0.994644444444,0.00201514064678
1e-05,1e-05,1e-05,1e-05,1e-05,1e-05,1e-05,1e-05,1e-05,1e-05,1e-05,1e-05,1e-05,1e-05,1e-05,1e-05,1e-05,1e-05,5,X208 X218 X219,0.993977777778,0.00176368938746,0.993977777778,0.00176368938746
1e-05,1e-05,1e-05,1e-05,1e-05,1e-05,1e-05,1e-05,1e-05,1e-05,1e-05,1e-05,1e-05,1e-05,1e-05,1e-05,1e-05,1e-05,5,X209 X219 X220,0.9914,0.00195230485654,0.9914,0.00195230485654
1e-05,1e-05,1e-05,1e-05,1e-05,1e-05,1e-05,1e-05,1e-05,1e-05,1e-05,1e-05,1e-05,1e-05,1e-05,1e-05,1e-05,1e-05,5,X3 X4 X14,0.992822222222,0.00193917732158,0.992822222222,0.00193917732158
1e-05,1e-05,1e-05,1e-05,1e-05,1e-05,1e-05,1e-05,1e-05,1e-05,1e-05,1e-05,1e-05,1e-05,1e-05,1e-05,1e-05,1e-05,5,X32 X42 X43 X53,0.994088888889,0.00239880770725,0.994088888889,0.00239880770725
1e-05,1e-05,1e-05,1e-05,1e-05,1e-05,1e-05,1e-05,1e-05,1e-05,1e-05,1e-05,1e-05,1e-05,1e-05,1e-05,1e-05,1e-05,5,X33 X43 X44 X54,0.994466666667,0.00168063115311,0.994466666667,0.00168063115311
1e-05,1e-05,1e-05,1e-05,1e-05,1e-05,1e-05,1e-05,1e-05,1e-05,1e-05,1e-05,1e-05,1e-05,1e-05,1e-05,1e-05,1e-05,5,X34 X44 X45 X55,0.994577777778,0.00200178719637,0.994577777778,0.00200178719637
1e-05,1e-05,1e-05,1e-05,1e-05,1e-05,1e-05,1e-05,1e-05,1e-05,1e-05,1e-05,1e-05,1e-05,1e-05,1e-05,1e-05,1e-05,5,X35 X45 X46 X56,0.994355555556,0.00163048856964,0.994355555556,0.00163048856964
1e-05,1e-05,1e-05,1e-05,1e-05,1e-05,1e-05,1e-05,1e-05,1e-05,1e-05,1e-05,1e-05,1e-05,1e-05,1e-05,1e-05,1e-05,5,X36 X46 X47 X57,0.994088888889,0.00187529478313,0.994088888889,0.00187529478313
1e-05,1e-05,1e-05,1e-05,1e-05,1e-05,1e-05,1e-05,1e-05,1e-05,1e-05,1e-05,1e-05,1e-05,1e-05,1e-05,1e-05,1e-05,5,X37 X47 X48 X58,0.993511111111,0.00243180290927,0.993511111111,0.00243180290927
1e-05,1e-05,1e-05,1e-05,1e-05,1e-05,1e-05,1e-05,1e-05,1e-05,1e-05,1e-05,1e-05,1e-05,1e-05,1e-05,1e-05,1e-05,5,X38 X48 X49 X59,0.993688888889,0.00192370438727,0.993688888889,0.00192370438727
1e-05,1e-05,1e-05,1e-05,1e-05,1e-05,1e-05,1e-05,1e-05,1e-05,1e-05,1e-05,1e-05,1e-05,1e-05,1e-05,1e-05,1e-05,5,X39 X49 X50 X60,0.993911111111,0.00203970799002,0.993911111111,0.00203970799002
1e-05,1e-05,1e-05,1e-05,1e-05,1e-05,1e-05,1e-05,1e-05,1e-05,1e-05,1e-05,1e-05,1e-05,1e-05,1e-05,1e-05,1e-05,5,X4 X5 X15,0.993266666667,0.00176253039973,0.993266666667,0.00176253039973
1e-05,1e-05,1e-05,1e-05,1e-05,1e-05,1e-05,1e-05,1e-05,1e-05,1e-05,1e-05,1e-05,1e-05,1e-05,1e-05,1e-05,1e-05,5,X40 X50 X51 X61,0.994111111111,0.00191851901162,0.994111111111,0.00191851901162
1e-05,1e-05,1e-05,1e-05,1e-05,1e-05,1e-05,1e-05,1e-05,1e-05,1e-05,1e-05,1e-05,1e-05,1e-05,1e-05,1e-05,1e-05,5,X41 X51 X52 X62,0.992311111111,0.0026593770096,0.992311111111,0.0026593770096
1e-05,1e-05,1e-05,1e-05,1e-05,1e-05,1e-05,1e-05,1e-05,1e-05,1e-05,1e-05,1e-05,1e-05,1e-05,1e-05,1e-05,1e-05,5,X5 X6 X16,0.992977777778,0.00234714032141,0.992977777778,0.00234714032141
1e-05,1e-05,1e-05,1e-05,1e-05,1e-05,1e-05,1e-05,1e-05,1e-05,1e-05,1e-05,1e-05,1e-05,1e-05,1e-05,1e-05,1e-05,5,X53 X63 X64 X74,0.994266666667,0.00167560819861,0.994266666667,0.00167560819861
1e-05,1e-05,1e-05,1e-05,1e-05,1e-05,1e-05,1e-05,1e-05,1e-05,1e-05,1e-05,1e-05,1e-05,1e-05,1e-05,1e-05,1e-05,5,X54 X64 X65 X75,0.994177777778,0.00170582354653,0.994177777778,0.00170582354653
1e-05,1e-05,1e-05,1e-05,1e-05,1e-05,1e-05,1e-05,1e-05,1e-05,1e-05,1e-05,1e-05,1e-05,1e-05,1e-05,1e-05,1e-05,5,X55 X65 X66 X76,0.993844444444,0.00237924185957,0.993844444444,0.00237924185957
1e-05,1e-05,1e-05,1e-05,1e-05,1e-05,1e-05,1e-05,1e-05,1e-05,1e-05,1e-05,1e-05,1e-05,1e-05,1e-05,1e-05,1e-05,5,X56 X66 X67 X77,0.994444444444,0.0015296140132,0.994444444444,0.0015296140132
1e-05,1e-05,1e-05,1e-05,1e-05,1e-05,1e-05,1e-05,1e-05,1e-05,1e-05,1e-05,1e-05,1e-05,1e-05,1e-05,1e-05,1e-05,5,X57 X67 X68 X78,0.994444444444,0.00211785573142,0.994444444444,0.00211785573142
1e-05,1e-05,1e-05,1e-05,1e-05,1e-05,1e-05,1e-05,1e-05,1e-05,1e-05,1e-05,1e-05,1e-05,1e-05,1e-05,1e-05,1e-05,5,X58 X68 X69 X79,0.994333333333,0.00180038310099,0.994333333333,0.00180038310099
1e-05,1e-05,1e-05,1e-05,1e-05,1e-05,1e-05,1e-05,1e-05,1e-05,1e-05,1e-05,1e-05,1e-05,1e-05,1e-05,1e-05,1e-05,5,X59 X69 X70 X80,0.993911111111,0.00195531172287,0.993911111111,0.00195531172287
1e-05,1e-05,1e-05,1e-05,1e-05,1e-05,1e-05,1e-05,1e-05,1e-05,1e-05,1e-05,1e-05,1e-05,1e-05,1e-05,1e-05,1e-05,5,X6 X7 X17,0.992622222222,0.00188507616101,0.992622222222,0.00188507616101
1e-05,1e-05,1e-05,1e-05,1e-05,1e-05,1e-05,1e-05,1e-05,1e-05,1e-05,1e-05,1e-05,1e-05,1e-05,1e-05,1e-05,1e-05,5,X60 X70 X71 X81,0.993955555556,0.00205617159662,0.993955555556,0.00205617159662
1e-05,1e-05,1e-05,1e-05,1e-05,1e-05,1e-05,1e-05,1e-05,1e-05,1e-05,1e-05,1e-05,1e-05,1e-05,1e-05,1e-05,1e-05,5,X61 X71 X72 X82,0.994066666667,0.00186395533796,0.994066666667,0.00186395533796
1e-05,1e-05,1e-05,1e-05,1e-05,1e-05,1e-05,1e-05,1e-05,1e-05,1e-05,1e-05,1e-05,1e-05,1e-05,1e-05,1e-05,1e-05,5,X62 X72 X73 X83,0.991111111111,0.00304919225952,0.991111111111,0.00304919225952
1e-05,1e-05,1e-05,1e-05,1e-05,1e-05,1e-05,1e-05,1e-05,1e-05,1e-05,1e-05,1e-05,1e-05,1e-05,1e-05,1e-05,1e-05,5,X7 X8 X18,0.992022222222,0.00216897901955,0.992022222222,0.00216897901955
1e-05,1e-05,1e-05,1e-05,1e-05,1e-05,1e-05,1e-05,1e-05,1e-05,1e-05,1e-05,1e-05,1e-05,1e-05,1e-05,1e-05,1e-05,5,X74 X84 X85 X95,0.993688888889,0.00186710449162,0.993688888889,0.00186710449162
1e-05,1e-05,1e-05,1e-05,1e-05,1e-05,1e-05,1e-05,1e-05,1e-05,1e-05,1e-05,1e-05,1e-05,1e-05,1e-05,1e-05,1e-05,5,X75 X85 X86 X96,0.994488888889,0.00205617159662,0.994488888889,0.00205617159662
1e-05,1e-05,1e-05,1e-05,1e-05,1e-05,1e-05,1e-05,1e-05,1e-05,1e-05,1e-05,1e-05,1e-05,1e-05,1e-05,1e-05,1e-05,5,X76 X86 X87 X97,0.9942,0.00182909646266,0.9942,0.00182909646266
1e-05,1e-05,1e-05,1e-05,1e-05,1e-05,1e-05,1e-05,1e-05,1e-05,1e-05,1e-05,1e-05,1e-05,1e-05,1e-05,1e-05,1e-05,5,X77 X87 X88 X98,0.993666666667,0.00214243747031,0.993666666667,0.00214243747031
1e-05,1e-05,1e-05,1e-05,1e-05,1e-05,1e-05,1e-05,1e-05,1e-05,1e-05,1e-05,1e-05,1e-05,1e-05,1e-05,1e-05,1e-05,5,X78 X88 X89 X99,0.994333333333,0.00174856262809,0.994333333333,0.00174856262809
1e-05,1e-05,1e-05,1e-05,1e-05,1e-05,1e-05,1e-05,1e-05,1e-05,1e-05,1e-05,1e-05,1e-05,1e-05,1e-05,1e-05,1e-05,5,X79 X89 X90 X100,0.994066666667,0.00186395533796,0.994066666667,0.00186395533796
1e-05,1e-05,1e-05,1e-05,1e-05,1e-05,1e-05,1e-05,1e-05,1e-05,1e-05,1e-05,1e-05,1e-05,1e-05,1e-05,1e-05,1e-05,5,X8 X9 X19,0.992333333333,0.00245573845126,0.992333333333,0.00245573845126
1e-05,1e-05,1e-05,1e-05,1e-05,1e-05,1e-05,1e-05,1e-05,1e-05,1e-05,1e-05,1e-05,1e-05,1e-05,1e-05,1e-05,1e-05,5,X80 X90 X91 X101,0.994311111111,0.00148280911138,0.994311111111,0.00148280911138
1e-05,1e-05,1e-05,1e-05,1e-05,1e-05,1e-05,1e-05,1e-05,1e-05,1e-05,1e-05,1e-05,1e-05,1e-05,1e-05,1e-05,1e-05,5,X81 X91 X92 X102,0.994,0.00264936918683,0.994,0.00264936918683
1e-05,1e-05,1e-05,1e-05,1e-05,1e-05,1e-05,1e-05,1e-05,1e-05,1e-05,1e-05,1e-05,1e-05,1e-05,1e-05,1e-05,1e-05,5,X82 X92 X93 X103,0.993955555556,0.00198023438632,0.993955555556,0.00198023438632
1e-05,1e-05,1e-05,1e-05,1e-05,1e-05,1e-05,1e-05,1e-05,1e-05,1e-05,1e-05,1e-05,1e-05,1e-05,1e-05,1e-05,1e-05,5,X83 X93 X94 X104,0.991622222222,0.00213479356155,0.991622222222,0.00213479356155
1e-05,1e-05,1e-05,1e-05,1e-05,1e-05,1e-05,1e-05,1e-05,1e-05,1e-05,1e-05,1e-05,1e-05,1e-05,1e-05,1e-05,1e-05,5,X9 X10 X20,0.991777777778,0.00233141683746,0.991777777778,0.00233141683746
1e-05,1e-05,1e-05,1e-05,1e-05,1e-05,1e-05,1e-05,1e-05,1e-05,1e-05,1e-05,1e-05,1e-05,1e-05,1e-05,1e-05,1e-05,5,X95 X105 X106 X116,0.994066666667,0.00258702924346,0.994066666667,0.00258702924346
1e-05,1e-05,1e-05,1e-05,1e-05,1e-05,1e-05,1e-05,1e-05,1e-05,1e-05,1e-05,1e-05,1e-05,1e-05,1e-05,1e-05,1e-05,5,X96 X106 X107 X117,0.9944,0.00207595244263,0.9944,0.00207595244263
1e-05,1e-05,1e-05,1e-05,1e-05,1e-05,1e-05,1e-05,1e-05,1e-05,1e-05,1e-05,1e-05,1e-05,1e-05,1e-05,1e-05,1e-05,5,X97 X107 X108 X118,0.994244444444,0.00218306497137,0.994244444444,0.00218306497137
1e-05,1e-05,1e-05,1e-05,1e-05,1e-05,1e-05,1e-05,1e-05,1e-05,1e-05,1e-05,1e-05,1e-05,1e-05,1e-05,1e-05,1e-05,5,X98 X108 X109 X119,0.993644444444,0.00180024122124,0.993644444444,0.00180024122124
1e-05,1e-05,1e-05,1e-05,1e-05,1e-05,1e-05,1e-05,1e-05,1e-05,1e-05,1e-05,1e-05,1e-05,1e-05,1e-05,1e-05,1e-05,5,X99 X109 X110 X120,0.994266666667,0.00180760420175,0.994266666667,0.00180760420175
1e-05,1e-05,1e-05,1e-05,1e-05,1e-05,1e-05,1e-05,1e-05,1e-05,1e-05,1e-05,1e-05,1e-05,1e-05,1e-05,1e-05,1e-05,5,Z0 Z11 Z21,0.9856,0.00312007466263,0.9856,0.00312007466263
1e-05,1e-05,1e-05,1e-05,1e-05,1e-05,1e-05,1e-05,1e-05,1e-05,1e-05,1e-05,1e-05,1e-05,1e-05,1e-05,1e-05,1e-05,5,Z1 Z11 Z12 Z22,0.983533333333,0.00383630569419,0.983533333333,0.00383630569419
1e-05,1e-05,1e-05,1e-05,1e-05,1e-05,1e-05,1e-05,1e-05,1e-05,1e-05,1e-05,1e-05,1e-05,1e-05,1e-05,1e-05,1e-05,5,Z10 Z20 Z31,0.984711111111,0.00352303131986,0.984711111111,0.00352303131986
1e-05,1e-05,1e-05,1e-05,1e-05,1e-05,1e-05,1e-05,1e-05,1e-05,1e-05,1e-05,1e-05,1e-05,1e-05,1e-05,1e-05,1e-05,5,Z105 Z116 Z126,0.986444444444,0.00262807321774,0.986444444444,0.00262807321774
1e-05,1e-05,1e-05,1e-05,1e-05,1e-05,1e-05,1e-05,1e-05,1e-05,1e-05,1e-05,1e-05,1e-05,1e-05,1e-05,1e-05,1e-05,5,Z106 Z116 Z117 Z127,0.983688888889,0.00380253326866,0.983688888889,0.00380253326866
1e-05,1e-05,1e-05,1e-05,1e-05,1e-05,1e-05,1e-05,1e-05,1e-05,1e-05,1e-05,1e-05,1e-05,1e-05,1e-05,1e-05,1e-05,5,Z107 Z117 Z118 Z128,0.983866666667,0.00401682286146,0.983866666667,0.00401682286146
1e-05,1e-05,1e-05,1e-05,1e-05,1e-05,1e-05,1e-05,1e-05,1e-05,1e-05,1e-05,1e-05,1e-05,1e-05,1e-05,1e-05,1e-05,5,Z108 Z118 Z119 Z129,0.984044444444,0.00302192921726,0.984044444444,0.00302192921726
1e-05,1e-05,1e-05,1e-05,1e-05,1e-05,1e-05,1e-05,1e-05,1e-05,1e-05,1e-05,1e-05,1e-05,1e-05,1e-05,1e-05,1e-05,5,Z109 Z119 Z120 Z130,0.983422222222,0.00294903495265,0.983422222222,0.00294903495265
1e-05,1e-05,1e-05,1e-05,1e-05,1e-05,1e-05,1e-05,1e-05,1e-05,1e-05,1e-05,1e-05,1e-05,1e-05,1e-05,1e-05,1e-05,5,Z110 Z120 Z121 Z131,0.983111111111,0.00313347191346,0.983111111111,0.00313347191346
1e-05,1e-05,1e-05,1e-05,1e-05,1e-05,1e-05,1e-05,1e-05,1e-05,1e-05,1e-05,1e-05,1e-05,1e-05,1e-05,1e-05,1e-05,5,Z111 Z121 Z122 Z132,0.983711111111,0.00378617502609,0.983711111111,0.00378617502609
1e-05,1e-05,1e-05,1e-05,1e-05,1e-05,1e-05,1e-05,1e-05,1e-05,1e-05,1e-05,1e-05,1e-05,1e-05,1e-05,1e-05,1e-05,5,Z112 Z122 Z123 Z133,0.984488888889,0.00300667626643,0.984488888889,0.00300667626643
1e-05,1e-05,1e-05,1e-05,1e-05,1e-05,1e-05,1e-05,1e-05,1e-05,1e-05,1e-05,1e-05,1e-05,1e-05,1e-05,1e-05,1e-05,5,Z113 Z123 Z124 Z134,0.982511111111,0.00410842824337,0.982511111111,0.00410842824337
1e-05,1e-05,1e-05,1e-05,1e-05,1e-05,1e-05,1e-05,1e-05,1e-05,1e-05,1e-05,1e-05,1e-05,1e-05,1e-05,1e-05,1e-05,5,Z114 Z124 Z125 Z135,0.982577777778,0.00359110580023,0.982577777778,0.00359110580023
1e-05,1e-05,1e-05,1e-05,1e-05,1e-05,1e-05,1e-05,1e-05,1e-05,1e-05,1e-05,1e-05,1e-05,1e-05,1e-05,1e-05,1e-05,5,Z115 Z125 Z136,0.985377777778,0.00389097918645,0.985377777778,0.00389097918645
1e-05,1e-05,1e-05,1e-05,1e-05,1e-05,1e-05,1e-05,1e-05,1e-05,1e-05,1e-05,1e-05,1e-05,1e-05,1e-05,1e-05,1e-05,5,Z126 Z137 Z147,0.986311111111,0.00353519072123,0.986311111111,0.00353519072123
1e-05,1e-05,1e-05,1e-05,1e-05,1e-05,1e-05,1e-05,1e-05,1e-05,1e-05,1e-05,1e-05,1e-05,1e-05,1e-05,1e-05,1e-05,5,Z127 Z137 Z138 Z148,0.983111111111,0.00298313693996,0.983111111111,0.00298313693996
1e-05,1e-05,1e-05,1e-05,1e-05,1e-05,1e-05,1e-05,1e-05,1e-05,1e-05,1e-05,1e-05,1e-05,1e-05,1e-05,1e-05,1e-05,5,Z128 Z138 Z139 Z149,0.982977777778,0.00350471311929,0.982977777778,0.00350471311929
1e-05,1e-05,1e-05,1e-05,1e-05,1e-05,1e-05,1e-05,1e-05,1e-05,1e-05,1e-05,1e-05,1e-05,1e-05,1e-05,1e-05,1e-05,5,Z129 Z139 Z140 Z150,0.984088888889,0.00287002387395,0.984088888889,0.00287002387395
1e-05,1e-05,1e-05,1e-05,1e-05,1e-05,1e-05,1e-05,1e-05,1e-05,1e-05,1e-05,1e-05,1e-05,1e-05,1e-05,1e-05,1e-05,5,Z130 Z140 Z141 Z151,0.983488888889,0.00334793735703,0.983488888889,0.00334793735703
1e-05,1e-05,1e-05,1e-05,1e-05,1e-05,1e-05,1e-05,1e-05,1e-05,1e-05,1e-05,1e-05,1e-05,1e-05,1e-05,1e-05,1e-05,5,Z131 Z141 Z142 Z152,0.9844,0.00359906330939,0.9844,0.00359906330939
1e-05,1e-05,1e-05,1e-05,1e-05,1e-05,1e-05,1e-05,1e-05,1e-05,1e-05,1e-05,1e-05,1e-05,1e-05,1e-05,1e-05,1e-05,5,Z132 Z142 Z143 Z153,0.983244444444,0.00406360666231,0.983244444444,0.00406360666231
1e-05,1e-05,1e-05,1e-05,1e-05,1e-05,1e-05,1e-05,1e-05,1e-05,1e-05,1e-05,1e-05,1e-05,1e-05,1e-05,1e-05,1e-05,5,Z133 Z143 Z144 Z154,0.983977777778,0.00251574860827,0.983977777778,0.00251574860827
1e-05,1e-05,1e-05,1e-05,1e-05,1e-05,1e-05,1e-05,1e-05,1e-05,1e-05,1e-05,1e-05,1e-05,1e-05,1e-05,1e-05,1e-05,5,Z134 Z144 Z145 Z155,0.982911111111,0.00400567923776,0.982911111111,0.00400567923776
1e-05,1e-05,1e-05,1e-05,1e-05,1e-05,1e-05,1e-05,1e-05,1e-05,1e-05,1e-05,1e-05,1e-05,1e-05,1e-05,1e-05,1e-05,5,Z135 Z145 Z146 Z156,0.982466666667,0.00324314780157,0.982466666667,0.00324314780157
1e-05,1e-05,1e-05,1e-05,1e-05,1e-05,1e-05,1e-05,1e-05,1e-05,1e-05,1e-05,1e-05,1e-05,1e-05,1e-05,1e-05,1e-05,5,Z136 Z146 Z157,0.986222222222,0.00380897642482,0.986222222222,0.00380897642482
1e-05,1e-05,1e-05,1e-05,1e-05,1e-05,1e-05,1e-05,1e-05,1e-05,1e-05,1e-05,1e-05,1e-05,1e-05,1e-05,1e-05,1e-05,5,Z147 Z158 Z168,0.986644444444,0.00331943462542,0.986644444444,0.00331943462542
1e-05,1e-05,1e-05,1e-05,1e-05,1e-05,1e-05,1e-05,1e-05,1e-05,1e-05,1e-05,1e-05,1e-05,1e-05,1e-05,1e-05,1e-05,5,Z148 Z158 Z159 Z169,0.983088888889,0.00341501455244,0.983088888889,0.00341501455244
1e-05,1e-05,1e-05,1e-05,1e-05,1e-05,1e-05,1e-05,1e-05,1e-05,1e-05,1e-05,1e-05,1e-05,1e-05,1e-05,1e-05,1e-05,5,Z149 Z159 Z160 Z170,0.983355555556,0.00349047234487,0.983355555556,0.00349047234487
1e-05,1e-05,1e-05,1e-05,1e-05,1e-05,1e-05,1e-05,1e-05,1e-05,1e-05,1e-05,1e-05,1e-05,1e-05,1e-05,1e-05,1e-05,5,Z150 Z160 Z161 Z171,0.982266666667,0.00351286633464,0.982266666667,0.00351286633464
1e-05,1e-05,1e-05,1e-05,1e-05,1e-05,1e-05,1e-05,1e-05,1e-05,1e-05,1e-05,1e-05,1e-05,1e-05,1e-05,1e-05,1e-05,5,Z151 Z161 Z162 Z172,0.984022222222,0.00240359458355,0.984022222222,0.00240359458355
1e-05,1e-05,1e-05,1e-05,1e-05,1e-05,1e-05,1e-05,1e-05,1e-05,1e-05,1e-05,1e-05,1e-05,1e-05,1e-05,1e-05,1e-05,5,Z152 Z162 Z163 Z173,0.983866666667,0.00246601420386,0.983866666667,0.00246601420386
1e-05,1e-05,1e-05,1e-05,1e-05,1e-05,1e-05,1e-05,1e-05,1e-05,1e-05,1e-05,1e-05,1e-05,1e-05,1e-05,1e-05,1e-05,5,Z153 Z163 Z164 Z174,0.984711111111,0.00213658755629,0.984711111111,0.00213658755629
1e-05,1e-05,1e-05,1e-05,1e-05,1e-05,1e-05,1e-05,1e-05,1e-05,1e-05,1e-05,1e-05,1e-05,1e-05,1e-05,1e-05,1e-05,5,Z154 Z164 Z165 Z175,0.984733333333,0.00329099549392,0.984733333333,0.00329099549392
1e-05,1e-05,1e-05,1e-05,1e-05,1e-05,1e-05,1e-05,1e-05,1e-05,1e-05,1e-05,1e-05,1e-05,1e-05,1e-05,1e-05,1e-05,5,Z155 Z165 Z166 Z176,0.983777777778,0.00403560146479,0.983777777778,0.00403560146479
1e-05,1e-05,1e-05,1e-05,1e-05,1e-05,1e-05,1e-05,1e-05,1e-05,1e-05,1e-05,1e-05,1e-05,1e-05,1e-05,1e-05,1e-05,5,Z156 Z166 Z167 Z177,0.982377777778,0.00351322987626,0.982377777778,0.00351322987626
1e-05,1e-05,1e-05,1e-05,1e-05,1e-05,1e-05,1e-05,1e-05,1e-05,1e-05,1e-05,1e-05,1e-05,1e-05,1e-05,1e-05,1e-05,5,Z157 Z167 Z178,0.984733333333,0.00279216199071,0.984733333333,0.00279216199071
1e-05,1e-05,1e-05,1e-05,1e-05,1e-05,1e-05,1e-05,1e-05,1e-05,1e-05,1e-05,1e-05,1e-05,1e-05,1e-05,1e-05,1e-05,5,Z168 Z179 Z189,0.986555555556,0.00273522969446,0.986555555556,0.00273522969446
1e-05,1e-05,1e-05,1e-05,1e-05,1e-05,1e-05,1e-05,1e-05,1e-05,1e-05,1e-05,1e-05,1e-05,1e-05,1e-05,1e-05,1e-05,5,Z169 Z179 Z180 Z190,0.983111111111,0.00362339496329,0.983111111111,0.00362339496329
1e-05,1e-05,1e-05,1e-05,1e-05,1e-05,1e-05,1e-05,1e-05,1e-05,1e-05,1e-05,1e-05,1e-05,1e-05,1e-05,1e-05,1e-05,5,Z170 Z180 Z181 Z191,0.983733333333,0.00400229819036,0.983733333333,0.00400229819036
1e-05,1e-05,1e-05,1e-05,1e-05,1e-05,1e-05,1e-05,1e-05,1e-05,1e-05,1e-05,1e-05,1e-05,1e-05,1e-05,1e-05,1e-05,5,Z171 Z181 Z182 Z192,0.983244444444,0.0036293116341,0.983244444444,0.0036293116341
1e-05,1e-05,1e-05,1e-05,1e-05,1e-05,1e-05,1e-05,1e-05,1e-05,1e-05,1e-05,1e-05,1e-05,1e-05,1e-05,1e-05,1e-05,5,Z172 Z182 Z183 Z193,0.983644444444,0.00312072952142,0.983644444444,0.00312072952142
1e-05,1e-05,1e-05,1e-05,1e-05,1e-05,1e-05,1e-05,1e-05,1e-05,1e-05,1e-05,1e-05,1e-05,1e-05,1e-05,1e-05,1e-05,5,Z173 Z183 Z184 Z194,0.982444444444,0.00330021865447,0.982444444444,0.00330021865447
1e-05,1e-05,1e-05,1e-05,1e-05,1e-05,1e-05,1e-05,1e-05,1e-05,1e-05,1e-05,1e-05,1e-05,1e-05,1e-05,1e-05,1e-05,5,Z174 Z184 Z185 Z195,0.984488888889,0.00327972213258,0.984488888889,0.00327972213258
1e-05,1e-05,1e-05,1e-05,1e-05,1e-05,1e-05,1e-05,1e-05,1e-05,1e-05,1e-05,1e-05,1e-05,1e-05,1e-05,1e-05,1e-05,5,Z175 Z185 Z186 Z196,0.9842,0.00348021226287,0.9842,0.00348021226287
1e-05,1e-05,1e-05,1e-05,1e-05,1e-05,1e-05,1e-05,1e-05,1e-05,1e-05,1e-05,1e-05,1e-05,1e-05,1e-05,1e-05,1e-05,5,Z176 Z186 Z187 Z197,0.982688888889,0.00350799124205,0.982688888889,0.00350799124205
1e-05,1e-05,1e-05,1e-05,1e-05,1e-05,1e-05,1e-05,1e-05,1e-05,1e-05,1e-05,1e-05,1e-05,1e-05,1e-05,1e-05,1e-05,5,Z177 Z187 Z188 Z198,0.982311111111,0.00392938954179,0.982311111111,0.00392938954179
1e-05,1e-05,1e-05,1e-05,1e-05,1e-05,1e-05,1e-05,1e-05,1e-05,1e-05,1e-05,1e-05,1e-05,1e-05,1e-05,1e-05,1e-05,5,Z178 Z188 Z199,0.984088888889,0.00267087790084,0.984088888889,0.00267087790084
1e-05,1e-05,1e-05,1e-05,1e-05,1e-05,1e-05,1e-05,1e-05,1e-05,1e-05,1e-05,1e-05,1e-05,1e-05,1e-05,1e-05,1e-05,5,Z189 Z200 Z210,0.986444444444,0.00293131243517,0.986444444444,0.00293131243517
1e-05,1e-05,1e-05,1e-05,1e-05,1e-05,1e-05,1e-05,1e-05,1e-05,1e-05,1e-05,1e-05,1e-05,1e-05,1e-05,1e-05,1e-05,5,Z190 Z200 Z201 Z211,0.984177777778,0.00312171155203,0.984177777778,0.00312171155203
1e-05,1e-05,1e-05,1e-05,1e-05,1e-05,1e-05,1e-05,1e-05,1e-05,1e-05,1e-05,1e-05,1e-05,1e-05,1e-05,1e-05,1e-05,5,Z191 Z201 Z202 Z212,0.984444444444,0.00256909622783,0.984444444444,0.00256909622783
1e-05,1e-05,1e-05,1e-05,1e-05,1e-05,1e-05,1e-05,1e-05,1e-05,1e-05,1e-05,1e-05,1e-05,1e-05,1e-05,1e-05,1e-05,5,Z192 Z202 Z203 Z213,0.983755555556,0.00294773545569,0.983755555556,0.00294773545569
1e-05,1e-05,1e-05,1e-05,1e-05,1e-05,1e-05,1e-05,1e-05,1e-05,1e-05,1e-05,1e-05,1e-05,1e-05,1e-05,1e-05,1e-05,5,Z193 Z203 Z204 Z214,0.983666666667,0.00329285770682,0.983666666667,0.00329285770682
1e-05,1e-05,1e-05,1e-05,1e-05,1e-05,1e-05,1e-05,1e-05,1e-05,1e-05,1e-05,1e-05,1e-05,1e-05,1e-05,1e-05,1e-05,5,Z194 Z204 Z205 Z215,0.982,0.00421637021356,0.982,0.00421637021356
1e-05,1e-05,1e-05,1e-05,1e-05,1e-05,1e-05,1e-05,1e-05,1e-05,1e-05,1e-05,1e-05,1e-05,1e-05,1e-05,1e-05,1e-05,5,Z195 Z205 Z206 Z216,0.982311111111,0.00322696176732,0.982311111111,0.00322696176732
1e-05,1e-05,1e-05,1e-05,1e-05,1e-05,1e-05,1e-05,1e-05,1e-05,1e-05,1e-05,1e-05,1e-05,1e-05,1e-05,1e-05,1e-05,5,Z196 Z206 Z207 Z217,0.983666666667,0.00295949669533,0.983666666667,0.00295949669533
1e-05,1e-05,1e-05,1e-05,1e-05,1e-05,1e-05,1e-05,1e-05,1e-05,1e-05,1e-05,1e-05,1e-05,1e-05,1e-05,1e-05,1e-05,5,Z197 Z207 Z208 Z218,0.983733333333,0.00231999471528,0.983733333333,0.00231999471528
1e-05,1e-05,1e-05,1e-05,1e-05,1e-05,1e-05,1e-05,1e-05,1e-05,1e-05,1e-05,1e-05,1e-05,1e-05,1e-05,1e-05,1e-05,5,Z198 Z208 Z209 Z219,0.982866666667,0.00398522174253,0.982866666667,0.00398522174253
1e-05,1e-05,1e-05,1e-05,1e-05,1e-05,1e-05,1e-05,1e-05,1e-05,1e-05,1e-05,1e-05,1e-05,1e-05,1e-05,1e-05,1e-05,5,Z199 Z209 Z220,0.983666666667,0.00340722693731,0.983666666667,0.00340722693731
1e-05,1e-05,1e-05,1e-05,1e-05,1e-05,1e-05,1e-05,1e-05,1e-05,1e-05,1e-05,1e-05,1e-05,1e-05,1e-05,1e-05,1e-05,5,Z2 Z12 Z13 Z23,0.983777777778,0.00405454509009,0.983777777778,0.00405454509009
1e-05,1e-05,1e-05,1e-05,1e-05,1e-05,1e-05,1e-05,1e-05,1e-05,1e-05,1e-05,1e-05,1e-05,1e-05,1e-05,1e-05,1e-05,5,Z21 Z32 Z42,0.985866666667,0.00330516836652,0.985866666667,0.00330516836652
1e-05,1e-05,1e-05,1e-05,1e-05,1e-05,1e-05,1e-05,1e-05,1e-05,1e-05,1e-05,1e-05,1e-05,1e-05,1e-05,1e-05,1e-05,5,Z22 Z32 Z33 Z43,0.984822222222,0.00314006776086,0.984822222222,0.00314006776086
1e-05,1e-05,1e-05,1e-05,1e-05,1e-05,1e-05,1e-05,1e-05,1e-05,1e-05,1e-05,1e-05,1e-05,1e-05,1e-05,1e-05,1e-05,5,Z23 Z33 Z34 Z44,0.983844444444,0.00303079132255,0.983844444444,0.00303079132255
1e-05,1e-05,1e-05,1e-05,1e-05,1e-05,1e-05,1e-05,1e-05,1e-05,1e-05,1e-05,1e-05,1e-05,1e-05,1e-05,1e-05,1e-05,5,Z24 Z34 Z35 Z45,0.983622222222,0.00352194361759,0.983622222222,0.00352194361759
1e-05,1e-05,1e-05,1e-05,1e-05,1e-05,1e-05,1e-05,1e-05,1e-05,1e-05,1e-05,1e-05,1e-05,1e-05,1e-05,1e-05,1e-05,5,Z25 Z35 Z36 Z46,0.9838,0.00320033523148,0.9838,0.00320033523148
1e-05,1e-05,1e-05,1e-05,1e-05,1e-05,1e-05,1e-05,1e-05,1e-05,1e-05,1e-05,1e-05,1e-05,1e-05,1e-05,1e-05,1e-05,5,Z26 Z36 Z37 Z47,0.983933333333,0.00370709168158,0.983933333333,0.00370709168158
1e-05,1e-05,1e-05,1e-05,1e-05,1e-05,1e-05,1e-05,1e-05,1e-05,1e-05,1e-05,1e-05,1e-05,1e-05,1e-05,1e-05,1e-05,5,Z27 Z37 Z38 Z48,0.983733333333,0.00295353544883,0.983733333333,0.00295353544883
1e-05,1e-05,1e-05,1e-05,1e-05,1e-05,1e-05,1e-05,1e-05,1e-05,1e-05,1e-05,1e-05,1e-05,1e-05,1e-05,1e-05,1e-05,5,Z28 Z38 Z39 Z49,0.983266666667,0.00299859481778,0.983266666667,0.00299859481778
1e-05,1e-05,1e-05,1e-05,1e-05,1e-05,1e-05,1e-05,1e-05,1e-05,1e-05,1e-05,1e-05,1e-05,1e-05,1e-05,1e-05,1e-05,5,Z29 Z39 Z40 Z50,0.983511111111,0.0031315149203,0.983511111111,0.0031315149203
1e-05,1e-05,1e-05,1e-05,1e-05,1e-05,1e-05,1e-05,1e-05,1e-05,1e-05,1e-05,1e-05,1e-05,1e-05,1e-05,1e-05,1e-05,5,Z3 Z13 Z14 Z24,0.982777777778,0.0027070694074,0.982777777778,0.0027070694074
1e-05,1e-05,1e-05,1e-05,1e-05,1e-05,1e-05,1e-05,1e-05,1e-05,1e-05,1e-05,1e-05,1e-05,1e-05,1e-05,1e-05,1e-05,5,Z30 Z40 Z41 Z51,0.981133333333,0.00358861545997,0.981133333333,0.00358861545997
1e-05,1e-05,1e-05,1e-05,1e-05,1e-05,1e-05,1e-05,1e-05,1e-05,1e-05,1e-05,1e-05,1e-05,1e-05,1e-05,1e-05,1e-05,5,Z31 Z41 Z52,0.985377777778,0.00280630561651,0.985377777778,0.00280630561651
1e-05,1e-05,1e-05,1e-05,1e-05,1e-05,1e-05,1e-05,1e-05,1e-05,1e-05,1e-05,1e-05,1e-05,1e-05,1e-05,1e-05,1e-05,5,Z4 Z14 Z15 Z25,0.983044444444,0.00335251187733,0.983044444444,0.00335251187733
1e-05,1e-05,1e-05,1e-05,1e-05,1e-05,1e-05,1e-05,1e-05,1e-05,1e-05,1e-05,1e-05,1e-05,1e-05,1e-05,1e-05,1e-05,5,Z42 Z53 Z63,0.986866666667,0.00229709128084,0.986866666667,0.00229709128084
1e-05,1e-05,1e-05,1e-05,1e-05,1e-05,1e-05,1e-05,1e-05,1e-05,1e-05,1e-05,1e-05,1e-05,1e-05,1e-05,1e-05,1e-05,5,Z43 Z53 Z54 Z64,0.984355555556,0.00309112353358,0.984355555556,0.00309112353358
1e-05,1e-05,1e-05,1e-05,1e-05,1e-05,1e-05,1e-05,1e-05,1e-05,1e-05,1e-05,1e-05,1e-05,1e-05,1e-05,1e-05,1e-05,5,Z44 Z54 Z55 Z65,0.9834,0.00270857868031,0.9834,0.00270857868031
1e-05,1e-05,1e-05,1e-05,1e-05,1e-05,1e-05,1e-05,1e-05,1e-05,1e-05,1e-05,1e-05,1e-05,1e-05,1e-05,1e-05,1e-05,5,Z45 Z55 Z56 Z66,0.983622222222,0.00264753674765,0.983622222222,0.00264753674765
1e-05,1e-05,1e-05,1e-05,1e-05,1e-05,1e-05,1e-05,1e-05,1e-05,1e-05,1e-05,1e-05,1e-05,1e-05,1e-05,1e-05,1e-05,5,Z46 Z56 Z57 Z67,0.982622222222,0.00425232263181,0.982622222222,0.00425232263181
1e-05,1e-05,1e-05,1e-05,1e-05,1e-05,1e-05,1e-05,1e-05,1e-05,1e-05,1e-05,1e-05,1e-05,1e-05,1e-05,1e-05,1e-05,5,Z47 Z57 Z58 Z68,0.982777777778,0.00301761537547,0.982777777778,0.00301761537547
1e-05,1e-05,1e-05,1e-05,1e-05,1e-05,1e-05,1e-05,1e-05,1e-05,1e-05,1e-05,1e-05,1e-05,1e-05,1e-05,1e-05,1e-05,5,Z48 Z58 Z59 Z69,0.984644444444,0.00303987967766,0.984644444444,0.00303987967766
1e-05,1e-05,1e-05,1e-05,1e-05,1e-05,1e-05,1e-05,1e-05,1e-05,1e-05,1e-05,1e-05,1e-05,1e-05,1e-05,1e-05,1e-05,5,Z49 Z59 Z60 Z70,0.983111111111,0.00405076345232,0.983111111111,0.00405076345232
1e-05,1e-05,1e-05,1e-05,1e-05,1e-05,1e-05,1e-05,1e-05,1e-05,1e-05,1e-05,1e-05,1e-05,1e-05,1e-05,1e-05,1e-05,5,Z5 Z15 Z16 Z26,0.982155555556,0.00332497035199,0.982155555556,0.00332497035199
1e-05,1e-05,1e-05,1e-05,1e-05,1e-05,1e-05,1e-05,1e-05,1e-05,1e-05,1e-05,1e-05,1e-05,1e-05,1e-05,1e-05,1e-05,5,Z50 Z60 Z61 Z71,0.983666666667,0.00249904196203,0.983666666667,0.00249904196203
1e-05,1e-05,1e-05,1e-05,1e-05,1e-05,1e-05,1e-05,1e-05,1e-05,1e-05,1e-05,1e-05,1e-05,1e-05,1e-05,1e-05,1e-05,5,Z51 Z61 Z62 Z72,0.983022222222,0.00377421513328,0.983022222222,0.00377421513328
1e-05,1e-05,1e-05,1e-05,1e-05,1e-05,1e-05,1e-05,1e-05,1e-05,1e-05,1e-05,1e-05,1e-05,1e-05,1e-05,1e-05,1e-05,5,Z52 Z62 Z73,0.984933333333,0.00297936710603,0.984933333333,0.00297936710603
1e-05,1e-05,1e-05,1e-05,1e-05,1e-05,1e-05,1e-05,1e-05,1e-05,1e-05,1e-05,1e-05,1e-05,1e-05,1e-05,1e-05,1e-05,5,Z6 Z16 Z17 Z27,0.983577777778,0.0033332567041,0.983577777778,0.0033332567041
1e-05,1e-05,1e-05,1e-05,1e-05,1e-05,1e-05,1e-05,1e-05,1e-05,1e-05,1e-05,1e-05,1e-05,1e-05,1e-05,1e-05,1e-05,5,Z63 Z74 Z84,0.986666666667,0.00329867034631,0.986666666667,0.00329867034631
1e-05,1e-05,1e-05,1e-05,1e-05,1e-05,1e-05,1e-05,1e-05,1e-05,1e-05,1e-05,1e-05,1e-05,1e-05,1e-05,1e-05,1e-05,5,Z64 Z74 Z75 Z85,0.9828,0.00219647924479,0.9828,0.00219647924479
1e-05,1e-05,1e-05,1e-05,1e-05,1e-05,1e-05,1e-05,1e-05,1e-05,1e-05,1e-05,1e-05,1e-05,1e-05,1e-05,1e-05,1e-05,5,Z65 Z75 Z76 Z86,0.9848,0.00282517418851,0.9848,0.00282517418851
1e-05,1e-05,1e-05,1e-05,1e-05,1e-05,1e-05,1e-05,1e-05,1e-05,1e-05,1e-05,1e-05,1e-05,1e-05,1e-05,1e-05,1e-05,5,Z66 Z76 Z77 Z87,0.984577777778,0.00302091474986,0.984577777778,0.00302091474986
1e-05,1e-05,1e-05,1e-05,1e-05,1e-05,1e-05,1e-05,1e-05,1e-05,1e-05,1e-05,1e-05,1e-05,1e-05,1e-05,1e-05,1e-05,5,Z67 Z77 Z78 Z88,0.983533333333,0.00312277507002,0.983533333333,0.00312277507002
1e-05,1e-05,1e-05,1e-05,1e-05,1e-05,1e-05,1e-05,1e-05,1e-05,1e-05,1e-05,1e-05,1e-05,1e-05,1e-05,1e-05,1e-05,5,Z68 Z78 Z79 Z89,0.983422222222,0.00248664376023,0.983422222222,0.00248664376023
1e-05,1e-05,1e-05,1e-05,1e-05,1e-05,1e-05,1e-05,1e-05,1e-05,1e-05,1e-05,1e-05,1e-05,1e-05,1e-05,1e-05,1e-05,5,Z69 Z79 Z80 Z90,0.984733333333,0.00310406975472,0.984733333333,0.00310406975472
1e-05,1e-05,1e-05,1e-05,1e-05,1e-05,1e-05,1e-05,1e-05,1e-05,1e-05,1e-05,1e-05,1e-05,1e-05,1e-05,1e-05,1e-05,5,Z7 Z17 Z18 Z28,0.983022222222,0.00379850074612,0.983022222222,0.00379850074612
1e-05,1e-05,1e-05,1e-05,1e-05,1e-05,1e-05,1e-05,1e-05,1e-05,1e-05,1e-05,1e-05,1e-05,1e-05,1e-05,1e-05,1e-05,5,Z70 Z80 Z81 Z91,0.984133333333,0.00228538585489,0.984133333333,0.00228538585489
1e-05,1e-05,1e-05,1e-05,1e-05,1e-05,1e-05,1e-05,1e-05,1e-05,1e-05,1e-05,1e-05,1e-05,1e-05,1e-05,1e-05,1e-05,5,Z71 Z81 Z82 Z92,0.984866666667,0.00344480284874,0.984866666667,0.00344480284874
1e-05,1e-05,1e-05,1e-05,1e-05,1e-05,1e-05,1e-05,1e-05,1e-05,1e-05,1e-05,1e-05,1e-05,1e-05,1e-05,1e-05,1e-05,5,Z72 Z82 Z83 Z93,0.982955555556,0.0036333210306,0.982955555556,0.0036333210306
1e-05,1e-05,1e-05,1e-05,1e-05,1e-05,1e-05,1e-05,1e-05,1e-05,1e-05,1e-05,1e-05,1e-05,1e-05,1e-05,1e-05,1e-05,5,Z73 Z83 Z94,0.984777777778,0.00351933176056,0.984777777778,0.00351933176056
1e-05,1e-05,1e-05,1e-05,1e-05,1e-05,1e-05,1e-05,1e-05,1e-05,1e-05,1e-05,1e-05,1e-05,1e-05,1e-05,1e-05,1e-05,5,Z8 Z18 Z19 Z29,0.982933333333,0.00304550419232,0.982933333333,0.00304550419232
1e-05,1e-05,1e-05,1e-05,1e-05,1e-05,1e-05,1e-05,1e-05,1e-05,1e-05,1e-05,1e-05,1e-05,1e-05,1e-05,1e-05,1e-05,5,Z84 Z95 Z105,0.985533333333,0.00303819870005,0.985533333333,0.00303819870005
1e-05,1e-05,1e-05,1e-05,1e-05,1e-05,1e-05,1e-05,1e-05,1e-05,1e-05,1e-05,1e-05,1e-05,1e-05,1e-05,1e-05,1e-05,5,Z85 Z95 Z96 Z106,0.983977777778,0.00355572317613,0.983977777778,0.00355572317613
1e-05,1e-05,1e-05,1e-05,1e-05,1e-05,1e-05,1e-05,1e-05,1e-05,1e-05,1e-05,1e-05,1e-05,1e-05,1e-05,1e-05,1e-05,5,Z86 Z96 Z97 Z107,0.984244444444,0.00362825579338,0.984244444444,0.00362825579338
1e-05,1e-05,1e-05,1e-05,1e-05,1e-05,1e-05,1e-05,1e-05,1e-05,1e-05,1e-05,1e-05,1e-05,1e-05,1e-05,1e-05,1e-05,5,Z87 Z97 Z98 Z108,0.983711111111,0.00283753351064,0.983711111111,0.00283753351064
1e-05,1e-05,1e-05,1e-05,1e-05,1e-05,1e-05,1e-05,1e-05,1e-05,1e-05,1e-05,1e-05,1e-05,1e-05,1e-05,1e-05,1e-05,5,Z88 Z98 Z99 Z109,0.983733333333,0.00309541745091,0.983733333333,0.00309541745091
1e-05,1e-05,1e-05,1e-05,1e-05,1e-05,1e-05,1e-05,1e-05,1e-05,1e-05,1e-05,1e-05,1e-05,1e-05,1e-05,1e-05,1e-05,5,Z89 Z99 Z100 Z110,0.984044444444,0.00334908157289,0.984044444444,0.00334908157289
1e-05,1e-05,1e-05,1e-05,1e-05,1e-05,1e-05,1e-05,1e-05,1e-05,1e-05,1e-05,1e-05,1e-05,1e-05,1e-05,1e-05,1e-05,5,Z9 Z19 Z20 Z30,0.981933333333,0.00315791288561,0.981933333333,0.00315791288561
1e-05,1e-05,1e-05,1e-05,1e-05,1e-05,1e-05,1e-05,1e-05,1e-05,1e-05,1e-05,1e-05,1e-05,1e-05,1e-05,1e-05,1e-05,5,Z90 Z100 Z101 Z111,0.983533333333,0.00309318866091,0.983533333333,0.00309318866091
1e-05,1e-05,1e-05,1e-05,1e-05,1e-05,1e-05,1e-05,1e-05,1e-05,1e-05,1e-05,1e-05,1e-05,1e-05,1e-05,1e-05,1e-05,5,Z91 Z101 Z102 Z112,0.984822222222,0.00268204378714,0.984822222222,0.00268204378714
1e-05,1e-05,1e-05,1e-05,1e-05,1e-05,1e-05,1e-05,1e-05,1e-05,1e-05,1e-05,1e-05,1e-05,1e-05,1e-05,1e-05,1e-05,5,Z92 Z102 Z103 Z113,0.983266666667,0.00280311813243,0.983266666667,0.00280311813243
1e-05,1e-05,1e-05,1e-05,1e-05,1e-05,1e-05,1e-05,1e-05,1e-05,1e-05,1e-05,1e-05,1e-05,1e-05,1e-05,1e-05,1e-05,5,Z93 Z103 Z104 Z114,0.982577777778,0.0027220306446,0.982577777778,0.0027220306446
1e-05,1e-05,1e-05,1e-05,1e-05,1e-05,1e-05,1e-05,1e-05,1e-05,1e-05,1e-05,1e-05,1e-05,1e-05,1e-05,1e-05,1e-05,5,Z94 Z104 Z115,0.984288888889,0.00362910049053,0.984288888889,0.00362910049053
1e-05,1e-05,1e-05,1e-05,1e-05,1e-05,1e-05,1e-05,1e-05,1e-05,1e-05,1e-05,1e-05,1e-05,1e-05,1e-05,1e-05,1e-05,10,Logical X,0.993288888889,0.00201856011299,0.994466666667,0.00181226134642
1e-05,1e-05,1e-05,1e-05,1e-05,1e-05,1e-05,1e-05,1e-05,1e-05,1e-05,1e-05,1e-05,1e-05,1e-05,1e-05,1e-05,1e-05,10,Logical Y,0.0134444444444,0.0102551111762,-0.000511111111111,0.0207688857569
1e-05,1e-05,1e-05,1e-05,1e-05,1e-05,1e-05,1e-05,1e-05,1e-05,1e-05,1e-05,1e-05,1e-05,1e-05,1e-05,1e-05,1e-05,10,Logical Z,0.0139555555556,0.0115230015956,-0.00648888888889,0.0188861751488
1e-05,1e-05,1e-05,1e-05,1e-05,1e-05,1e-05,1e-05,1e-05,1e-05,1e-05,1e-05,1e-05,1e-05,1e-05,1e-05,1e-05,1e-05,10,X0 X1 X11,0.994844444444,0.00155544608263,0.994844444444,0.00155544608263
1e-05,1e-05,1e-05,1e-05,1e-05,1e-05,1e-05,1e-05,1e-05,1e-05,1e-05,1e-05,1e-05,1e-05,1e-05,1e-05,1e-05,1e-05,10,X1 X2 X12,0.994155555556,0.0018418991809,0.994155555556,0.0018418991809
1e-05,1e-05,1e-05,1e-05,1e-05,1e-05,1e-05,1e-05,1e-05,1e-05,1e-05,1e-05,1e-05,1e-05,1e-05,1e-05,1e-05,1e-05,10,X100 X110 X111 X121,0.994155555556,0.00227384484307,0.994155555556,0.00227384484307
1e-05,1e-05,1e-05,1e-05,1e-05,1e-05,1e-05,1e-05,1e-05,1e-05,1e-05,1e-05,1e-05,1e-05,1e-05,1e-05,1e-05,1e-05,10,X101 X111 X112 X122,0.994288888889,0.0018418991809,0.994288888889,0.0018418991809
1e-05,1e-05,1e-05,1e-05,1e-05,1e-05,1e-05,1e-05,1e-05,1e-05,1e-05,1e-05,1e-05,1e-05,1e-05,1e-05,1e-05,1e-05,10,X102 X112 X113 X123,0.994533333333,0.00176296510941,0.994533333333,0.00176296510941
1e-05,1e-05,1e-05,1e-05,1e-05,1e-05,1e-05,1e-05,1e-05,1e-05,1e-05,1e-05,1e-05,1e-05,1e-05,1e-05,1e-05,1e-05,10,X103 X113 X114 X124,0.993911111111,0.00197868591661,0.993911111111,0.00197868591661
1e-05,1e-05,1e-05,1e-05,1e-05,1e-05,1e-05,1e-05,1e-05,1e-05,1e-05,1e-05,1e-05,1e-05,1e-05,1e-05,1e-05,1e-05,10,X104 X114 X115 X125,0.991355555556,0.00218306497137,0.991355555556,0.00218306497137
1e-05,1e-05,1e-05,1e-05,1e-05,1e-05,1e-05,1e-05,1e-05,1e-05,1e-05,1e-05,1e-05,1e-05,1e-05,1e-05,1e-05,1e-05,10,X11 X21 X22 X32,0.994555555556,0.00215195417443,0.994555555556,0.00215195417443
1e-05,1e-05,1e-05,1e-05,1e-05,1e-05,1e-05,1e-05,1e-05,1e-05,1e-05,1e-05,1e-05,1e-05,1e-05,1e-05,1e-05,1e-05,10,X116 X126 X127 X137,0.994,0.00165165654682,0.994,0.00165165654682
1e-05,1e-05,1e-05,1e-05,1e-05,1e-05,1e-05,1e-05,1e-05,1e-05,1e-05,1e-05,1e-05,1e-05,1e-05,1e-05,1e-05,1e-05,10,X117 X127 X128 X138,0.993888888889,0.00198911469426,0.993888888889,0.00198911469426
1e-05,1e-05,1e-05,1e-05,1e-05,1e-05,1e-05,1e-05,1e-05,1e-05,1e-05,1e-05,1e-05,1e-05,1e-05,1e-05,1e-05,1e-05,10,X118 X128 X129 X139,0.9944,0.00195426638106,0.9944,0.00195426638106
1e-05,1e-05,1e-05,1e-05,1e-05,1e-05,1e-05,1e-05,1e-05,1e-05,1e-05,1e-05,1e-05,1e-05,1e-05,1e-05,1e-05,1e-05,10,X119 X129 X130 X140,0.994311111111,0.00173079684732,0.994311111111,0.00173079684732
1e-05,1e-05,1e-05,1e-05,1e-05,1e-05,1e-05,1e-05,1e-05,1e-05,1e-05,1e-05,1e-05,1e-05,1e-05,1e-05,1e-05,1e-05,10,X12 X22 X23 X33,0.9944,0.00223246680736,0.9944,0.00223246680736
1e-05,1e-05,1e-05,1e-05,1e-05,1e-05,1e-05,1e-05,1e-05,1e-05,1e-05,1e-05,1e-05,1e-05,1e-05,1e-05,1e-05,1e-05,10,X120 X130 X131 X141,0.994377777778,0.00178270390296,0.994377777778,0.00178270390296
1e-05,1e-05,1e-05,1e-05,1e-05,1e-05,1e-05,1e-05,1e-05,1e-05,1e-05,1e-05,1e-05,1e-05,1e-05,1e-05,1e-05,1e-05,10,X121 X131 X132 X142,0.994511111111,0.00212038696196,0.994511111111,0.00212038696196
1e-05,1e-05,1e-05,1e-05,1e-05,1e-05,1e-05,1e-05,1e-05,1e-05,1e-05,1e-05,1e-05,1e-05,1e-05,1e-05,1e-05,1e-05,10,X122 X132 X133 X143,0.994266666667,0.00181606285442,0.994266666667,0.00181606285442
1e-05,1e-05,1e-05,1e-05,1e-05,1e-05,1e-05,1e-05,1e-05,1e-05,1e-05,1e-05,1e-05,1e-05,1e-05,1e-05,1e-05,1e-05,10,X123 X133 X134 X144,0.994711111111,0.0019252970778,0.994711111111,0.0019252970778
1e-05,1e-05,1e-05,1e-05,1e-05,1e-05,1e-05,1e-05,1e-05,1e-05,1e-05,1e-05,1e-05,1e-05,1e-05,1e-05,1e-05,1e-05,10,X124 X134 X135 X145,0.994955555556,0.0018251821582,0.994955555556,0.0018251821582
1e-05,1e-05,1e-05,1e-05,1e-05,1e-05,1e-05,1e-05,1e-05,1e-05,1e-05,1e-05,1e-05,1e-05,1e-05,1e-05,1e-05,1e-05,10,X125 X135 X136 X146,0.991666666667,0.00209907843307,0.991666666667,0.00209907843307
1e-05,1e-05,1e-05,1e-05,1e-05,1e-05,1e-05,1e-05,1e-05,1e-05,1e-05,1e-05,1e-05,1e-05,1e-05,1e-05,1e-05,1e-05,10,X13 X23 X24 X34,0.994777777778,0.00155692331767,0.994777777778,0.00155692331767
1e-05,1e-05,1e-05,1e-05,1e-05,1e-05,1e-05,1e-05,1e-05,1e-05,1e-05,1e-05,1e-05,1e-05,1e-05,1e-05,1e-05,1e-05,10,X137 X147 X148 X158,0.994555555556,0.00188629526691,0.994555555556,0.00188629526691
1e-05,1e-05,1e-05,1e-05,1e-05,1e-05,1e-05,1e-05,1e-05,1e-05,1e-05,1e-05,1e-05,1e-05,1e-05,1e-05,1e-05,1e-05,10,X138 X148 X149 X159,0.994088888889,0.00160204211953,0.994088888889,0.00160204211953
1e-05,1e-05,1e-05,1e-05,1e-05,1e-05,1e-05,1e-05,1e-05,1e-05,1e-05,1e-05,1e-05,1e-05,1e-05,1e-05,1e-05,1e-05,10,X139 X149 X150 X160,0.9942,0.00212375724309,0.9942,0.00212375724309
1e-05,1e-05,1e-05,1e-05,1e-05,1e-05,1e-05,1e-05,1e-05,1e-05,1e-05,1e-05,1e-05,1e-05,1e-05,1e-05,1e-05,1e-05,10,X14 X24 X25 X35,0.994266666667,0.00129366271431,0.994266666667,0.00129366271431
1e-05,1e-05,1e-05,1e-05,1e-05,1e-05,1e-05,1e-05,1e-05,1e-05,1e-05,1e-05,1e-05,1e-05,1e-05,1e-05,1e-05,1e-05,10,X140 X150 X151 X161,0.993933333333,0.00185571499992,0.993933333333,0.00185571499992
1e-05,1e-05,1e-05,1e-05,1e-05,1e-05,1e-05,1e-05,1e-05,1e-05,1e-05,1e-05,1e-05,1e-05,1e-05,1e-05,1e-05,1e-05,10,X141 X151 X152 X162,0.994533333333,0.00206707448701,0.994533333333,0.00206707448701
1e-05,1e-05,1e-05,1e-05,1e-05,1e-05,1e-05,1e-05,1e-05,1e-05,1e-05,1e-05,1e-05,1e-05,1e-05,1e-05,1e-05,1e-05,10,X142 X152 X153 X163,0.993755555556,0.00224535848768,0.993755555556,0.00224535848768
1e-05,1e-05,1e-05,1e-05,1e-05,1e-05,1e-05,1e-05,1e-05,1e-05,1e-05,1e-05,1e-05,1e-05,1e-05,1e-05,1e-05,1e-05,10,X143 X153 X154 X164,0.994088888889,0.00237956390823,0.994088888889,0.00237956390823
1e-05,1e-05,1e-05,1e-05,1e-05,1e-05,1e-05,1e-05,1e-05,1e-05,1e-05,1e-05,1e-05,1e-05,1e-05,1e-05,1e-05,1e-05,10,X144 X154 X155 X165,0.994244444444,0.0018066147792,0.994244444444,0.0018066147792
1e-05,1e-05,1e-05,1e-05,1e-05,1e-05,1e-05,1e-05,1e-05,1e-05,1e-05,1e-05,1e-05,1e-05,1e-05,1e-05,1e-05,1e-05,10,X145 X155 X156 X166,0.994266666667,0.00208332183905,0.994266666667,0.00208332183905
1e-05,1e-05,1e-05,1e-05,1e-05,1e-05,1e-05,1e-05,1e-05,1e-05,1e-05,1e-05,1e-05,1e-05,1e-05,1e-05,1e-05,1e-05,10,X146 X156 X157 X167,0.991844444444,0.00244280683564,0.991844444444,0.00244280683564
1e-05,1e-05,1e-05,1e-05,1e-05,1e-05,1e-05,1e-05,1e-05,1e-05,1e-05,1e-05,1e-05,1e-05,1e-05,1e-05,1e-05,1e-05,10,X15 X25 X26 X36,0.994066666667,0.00215385246936,0.994066666667,0.00215385246936
1e-05,1e-05,1e-05,1e-05,1e-05,1e-05,1e-05,1e-05,1e-05,1e-05,1e-05,1e-05,1e-05,1e-05,1e-05,1e-05,1e-05,1e-05,10,X158 X168 X169 X179,0.994377777778,0.00218446857094,0.994377777778,0.00218446857094
1e-05,1e-05,1e-05,1e-05,1e-05,1e-05,1e-05,1e-05,1e-05,1e-05,1e-05,1e-05,1e-05,1e-05,1e-05,1e-05,1e-05,1e-05,10,X159 X169 X170 X180,0.994511111111,0.00212760245569,0.994511111111,0.00212760245569
1e-05,1e-05,1e-05,1e-05,1e-05,1e-05,1e-05,1e-05,1e-05,1e-05,1e-05,1e-05,1e-05,1e-05,1e-05,1e-05,1e-05,1e-05,10,X16 X26 X27 X37,0.994,0.00231602777927,0.994,0.00231602777927
1e-05,1e-05,1e-05,1e-05,1e-05,1e-05,1e-05,1e-05,1e-05,1e-05,1e-05,1e-05,1e-05,1e-05,1e-05,1e-05,1e-05,1e-05,10,X160 X170 X171 X181,0.993911111111,0.00200178719637,0.993911111111,0.00200178719637
1e-05,1e-05,1e-05,1e-05,1e-05,1e-05,1e-05,1e-05,1e-05,1e-05,1e-05,1e-05,1e-05,1e-05,1e-05,1e-05,1e-05,1e-05,10,X161 X171 X172 X182,0.993755555556,0.00203029419255,0.993755555556,0.00203029419255
1e-05,1e-05,1e-05,1e-05,1e-05,1e-05,1e-05,1e-05,1e-05,1e-05,1e-05,1e-05,1e-05,1e-05,1e-05,1e-05,1e-05,1e-05,10,X162 X172 X173 X183,0.994288888889,0.00189925037306,0.994288888889,0.00189925037306
1e-05,1e-05,1e-05,1e-05,1e-05,1e-05,1e-05,1e-05,1e-05,1e-05,1e-05,1e-05,1e-05,1e-05,1e-05,1e-05,1e-05,1e-05,10,X163 X173 X174 X184,0.994333333333,0.00210636692179,0.994333333333,0.00210636692179
1e-05,1e-05,1e-05,1e-05,1e-05,1e-05,1e-05,1e-05,1e-05,1e-05,1e-05,1e-05,1e-05,1e-05,1e-05,1e-05,1e-05,1e-05,10,X164 X174 X175 X185,0.994355555556,0.00209164243395,0.994355555556,0.00209164243395
1e-05,1e-05,1e-05,1e-05,1e-05,1e-05,1e-05,1e-05,1e-05,1e-05,1e-05,1e-05,1e-05,1e-05,1e-05,1e-05,1e-05,1e-05,10,X165 X175 X176 X186,0.994733333333,0.00183912356271,0.994733333333,0.00183912356271
1e-05,1e-05,1e-05,1e-05,1e-05,1e-05,1e-05,1e-05,1e-05,1e-05,1e-05,1e-05,1e-05,1e-05,1e-05,1e-05,1e-05,1e-05,10,X166 X176 X177 X187,0.9936,0.00169380208916,0.9936,0.00169380208916
1e-05,1e-05,1e-05,1e-05,1e-05,1e-05,1e-05,1e-05,1e-05,1e-05,1e-05,1e-05,1e-05,1e-05,1e-05,1e-05,1e-05,1e-05,10,X167 X177 X178 X188,0.991,0.00189170400996,0.991,0.00189170400996
1e-05,1e-05,1e-05,1e-05,1e-05,1e-05,1e-05,1e-05,1e-05,1e-05,1e-05,1e-05,1e-05,1e-05,1e-05,1e-05,1e-05,1e-05,10,X17 X27 X28 X38,0.9936,0.00173845397472,0.9936,0.00173845397472
1e-05,1e-05,1e-05,1e-05,1e-05,1e-05,1e-05,1e-05,1e-05,1e-05,1e-05,1e-05,1e-05,1e-05,1e-05,1e-05,1e-05,1e-05,10,X179 X189 X190 X200,0.994711111111,0.00206361163394,0.994711111111,0.00206361163394
1e-05,1e-05,1e-05,1e-05,1e-05,1e-05,1e-05,1e-05,1e-05,1e-05,1e-05,1e-05,1e-05,1e-05,1e-05,1e-05,1e-05,1e-05,10,X18 X28 X29 X39,0.994866666667,0.00164375050078,0.994866666667,0.00164375050078
1e-05,1e-05,1e-05,1e-05,1e-05,1e-05,1e-05,1e-05,1e-05,1e-05,1e-05,1e-05,1e-05,1e-05,1e-05,1e-05,1e-05,1e-05,10,X180 X190 X191 X201,0.993555555556,0.00183063193522,0.993555555556,0.00183063193522
1e-05,1e-05,1e-05,1e-05,1e-05,1e-05,1e-05,1e-05,1e-05,1e-05,1e-05,1e-05,1e-05,1e-05,1e-05,1e-05,1e-05,1e-05,10,X181 X191 X192 X202,0.993688888889,0.00222650927473,0.993688888889,0.00222650927473
1e-05,1e-05,1e-05,1e-05,1e-05,1e-05,1e-05,1e-05,1e-05,1e-05,1e-05,1e-05,1e-05,1e-05,1e-05,1e-05,1e-05,1e-05,10,X182 X192 X193 X203,0.993955555556,0.00164172914481,0.993955555556,0.00164172914481
1e-05,1e-05,1e-05,1e-05,1e-05,1e-05,1e-05,1e-05,1e-05,1e-05,1e-05,1e-05,1e-05,1e-05,1e-05,1e-05,1e-05,1e-05,10,X183 X193 X194 X204,0.994422222222,0.00184854366067,0.994422222222,0.00184854366067
1e-05,1e-05,1e-05,1e-05,1e-05,1e-05,1e-05,1e-05,1e-05,1e-05,1e-05,1e-05,1e-05,1e-05,1e-05,1e-05,1e-05,1e-05,10,X184 X194 X195 X205,0.994533333333,0.00249074916795,0.994533333333,0.00249074916795
1e-05,1e-05,1e-05,1e-05,1e-05,1e-05,1e-05,1e-05,1e-05,1e-05,1e-05,1e-05,1e-05,1e-05,1e-05,1e-05,1e-05,1e-05,10,X185 X195 X196 X206,0.993666666667,0.00247438989733,0.993666666667,0.00247438989733
1e-05,1e-05,1e-05,1e-05,1e-05,1e-05,1e-05,1e-05,1e-05,1e-05,1e-05,1e-05,1e-05,1e-05,1e-05,1e-05,1e-05,1e-05,10,X186 X196 X197 X207,0.993866666667,0.00221038995537,0.993866666667,0.00221038995537
1e-05,1e-05,1e-05,1e-05,1e-05,1e-05,1e-05,1e-05,1e-05,1e-05,1e-05,1e-05,1e-05,1e-05,1e-05,1e-05,1e-05,1e-05,10,X187 X197 X198 X208,0.994533333333,0.00176296510941,0.994533333333,0.00176296510941
1e-05,1e-05,1e-05,1e-05,1e-05,1e-05,1e-05,1e-05,1e-05,1e-05,1e-05,1e-05,1e-05,1e-05,1e-05,1e-05,1e-05,1e-05,10,X188 X198 X199 X209,0.9918,0.00255603860169,0.9918,0.00255603860169
1e-05,1e-05,1e-05,1e-05,1e-05,1e-05,1e-05,1e-05,1e-05,1e-05,1e-05,1e-05,1e-05,1e-05,1e-05,1e-05,1e-05,1e-05,10,X19 X29 X30 X40,0.994533333333,0.00172784276282,0.994533333333,0.00172784276282
1e-05,1e-05,1e-05,1e-05,1e-05,1e-05,1e-05,1e-05,1e-05,1e-05,1e-05,1e-05,1e-05,1e-05,1e-05,1e-05,1e-05,1e-05,10,X2 X3 X13,0.993333333333,0.00188561808316,0.993333333333,0.00188561808316
1e-05,1e-05,1e-05,1e-05,1e-05,1e-05,1e-05,1e-05,1e-05,1e-05,1e-05,1e-05,1e-05,1e-05,1e-05,1e-05,1e-05,1e-05,10,X20 X30 X31 X41,0.991777777778,0.00210333312081,0.991777777778,0.00210333312081
1e-05,1e-05,1e-05,1e-05,1e-05,1e-05,1e-05,1e-05,1e-05,1e-05,1e-05,1e-05,1e-05,1e-05,1e-05,1e-05,1e-05,1e-05,10,X200 X210 X211,0.993644444444,0.00214946011814,0.993644444444,0.00214946011814
1e-05,1e-05,1e-05,1e-05,1e-05,1e-05,1e-05,1e-05,1e-05,1e-05,1e-05,1e-05,1e-05,1e-05,1e-05,1e-05,1e-05,1e-05,10,X201 X211 X212,0.993777777778,0.00197558533609,0.993777777778,0.00197558533609
1e-05,1e-05,1e-05,1e-05,1e-05,1e-05,1e-05,1e-05,1e-05,1e-05,1e-05,1e-05,1e-05,1e-05,1e-05,1e-05,1e-05,1e-05,10,X202 X212 X213,0.994244444444,0.00194548959322,0.994244444444,0.00194548959322
1e-05,1e-05,1e-05,1e-05,1e-05,1e-05,1e-05,1e-05,1e-05,1e-05,1e-05,1e-05,1e-05,1e-05,1e-05,1e-05,1e-05,1e-05,10,X203 X213 X214,0.994,0.0020266424681,0.994,0.0020266424681
1e-05,1e-05,1e-05,1e-05,1e-05,1e-05,1e-05,1e-05,1e-05,1e-05,1e-05,1e-05,1e-05,1e-05,1e-05,1e-05,1e-05,1e-05,10,X204 X214 X215,0.994555555556,0.00206472532722,0.994555555556,0.00206472532722
1e-05,1e-05,1e-05,1e-05,1e-05,1e-05,1e-05,1e-05,1e-05,1e-05,1e-05,1e-05,1e-05,1e-05,1e-05,1e-05,1e-05,1e-05,10,X205 X215 X216,0.993711111111,0.00217744152537,0.993711111111,0.00217744152537
1e-05,1e-05,1e-05,1e-05,1e-05,1e-05,1e-05,1e-05,1e-05,1e-05,1e-05,1e-05,1e-05,1e-05,1e-05,1e-05,1e-05,1e-05,10,X206 X216 X217,0.993755555556,0.00212616131591,0.993755555556,0.00212616131591
1e-05,1e-05,1e-05,1e-05,1e-05,1e-05,1e-05,1e-05,1e-05,1e-05,1e-05,1e-05,1e-05,1e-05,1e-05,1e-05,1e-05,1e-05,10,X207 X217 X218,0.993511111111,0.00222099583017,0.993511111111,0.00222099583017
1e-05,1e-05,1e-05,1e-05,1e-05,1e-05,1e-05,1e-05,1e-05,1e-05,1e-05,1e-05,1e-05,1e-05,1e-05,1e-05,1e-05,1e-05,10,X208 X218 X219,0.994644444444,0.00162813701527,0.994644444444,0.00162813701527
1e-05,1e-05,1e-05,1e-05,1e-05,1e-05,1e-05,1e-05,1e-05,1e-05,1e-05,1e-05,1e-05,1e-05,1e-05,1e-05,1e-05,1e-05,10,X209 X219 X220,0.991822222222,0.00203368817958,0.991822222222,0.00203368817958
1e-05,1e-05,1e-05,1e-05,1e-05,1e-05,1e-05,1e-05,1e-05,1e-05,1e-05,1e-05,1e-05,1e-05,1e-05,1e-05,1e-05,1e-05,10,X3 X4 X14,0.993333333333,0.00218668909436,0.993333333333,0.00218668909436
1e-05,1e-05,1e-05,1e-05,1e-05,1e-05,1e-05,1e-05,1e-05,1e-05,1e-05,1e-05,1e-05,1e-05,1e-05,1e-05,1e-05,1e-05,10,X32 X42 X43 X53,0.994355555556,0.00173962900289,0.994355555556,0.00173962900289
1e-05,1e-05,1e-05,1e-05,1e-05,1e-05,1e-05,1e-05,1e-05,1e-05,1e-05,1e-05,1e-05,1e-05,1e-05,1e-05,1e-05,1e-05,10,X33 X43 X44 X54,0.994377777778,0.00154308079494,0.994377777778,0.00154308079494
1e-05,1e-05,1e-05,1e-05,1e-05,1e-05,1e-05,1e-05,1e-05,1e-05,1e-05,1e-05,1e-05,1e-05,1e-05,1e-05,1e-05,1e-05,10,X34 X44 X45 X55,0.994866666667,0.00190301233278,0.994866666667,0.00190301233278
1e-05,1e-05,1e-05,1e-05,1e-05,1e-05,1e-05,1e-05,1e-05,1e-05,1e-05,1e-05,1e-05,1e-05,1e-05,1e-05,1e-05,1e-05,10,X35 X45 X46 X56,0.994177777778,0.00184397815276,0.994177777778,0.00184397815276
1e-05,1e-05,1e-05,1e-05,1e-05,1e-05,1e-05,1e-05,1e-05,1e-05,1e-05,1e-05,1e-05,1e-05,1e-05,1e-05,1e-05,1e-05,10,X36 X46 X47 X57,0.993555555556,0.00226472759069,0.993555555556,0.00226472759069
1e-05,1e-05,1e-05,1e-05,1e-05,1e-05,1e-05,1e-05,1e-05,1e-05,1e-05,1e-05,1e-05,1e-05,1e-05,1e-05,1e-05,1e-05,10,X37 X47 X48 X58,0.993777777778,0.00160777167451,0.993777777778,0.00160777167451
1e-05,1e-05,1e-05,1e-05,1e-05,1e-05,1e-05,1e-05,1e-05,1e-05,1e-05,1e-05,1e-05,1e-05,1e-05,1e-05,1e-05,1e-05,10,X38 X48 X49 X59,0.993955555556,0.0019093103875,0.993955555556,0.0019093103875
1e-05,1e-05,1e-05,1e-05,1e-05,1e-05,1e-05,1e-05,1e-05,1e-05,1e-05,1e-05,1e-05,1e-05,1e-05,1e-05,1e-05,1e-05,10,X39 X49 X50 X60,0.993911111111,0.00206954440603,0.993911111111,0.00206954440603
1e-05,1e-05,1e-05,1e-05,1e-05,1e-05,1e-05,1e-05,1e-05,1e-05,1e-05,1e-05,1e-05,1e-05,1e-05,1e-05,1e-05,1e-05,10,X4 X5 X15,0.993533333333,0.00180378486709,0.993533333333,0.00180378486709
1e-05,1e-05,1e-05,1e-05,1e-05,1e-05,1e-05,1e-05,1e-05,1e-05,1e-05,1e-05,1e-05,1e-05,1e-05,1e-05,1e-05,1e-05,10,X40 X50 X51 X61,0.994111111111,0.0023624348329,0.994111111111,0.0023624348329
1e-05,1e-05,1e-05,1e-05,1e-05,1e-05,1e-05,1e-05,1e-05,1e-05,1e-05,1e-05,1e-05,1e-05,1e-05,1e-05,1e-05,1e-05,10,X41 X51 X52 X62,0.9914,0.00285189995149,0.9914,0.00285189995149
1e-05,1e-05,1e-05,1e-05,1e-05,1e-05,1e-05,1e-05,1e-05,1e-05,1e-05,1e-05,1e-05,1e-05,1e-05,1e-05,1e-05,1e-05,10,X5 X6 X16,0.992844444444,0.00225523373126,0.992844444444,0.00225523373126
1e-05,1e-05,1e-05,1e-05,1e-05,1e-05,1e-05,1e-05,1e-05,1e-05,1e-05,1e-05,1e-05,1e-05,1e-05,1e-05,1e-05,1e-05,10,X53 X63 X64 X74,0.994022222222,0.00208246341991,0.994022222222,0.00208246341991
1e-05,1e-05,1e-05,1e-05,1e-05,1e-05,1e-05,1e-05,1e-05,1e-05,1e-05,1e-05,1e-05,1e-05,1e-05,1e-05,1e-05,1e-05,10,X54 X64 X65 X75,0.993844444444,0.00232054514228,0.993844444444,0.00232054514228
1e-05,1e-05,1e-05,1e-05,1e-05,1e-05,1e-05,1e-05,1e-05,1e-05,1e-05,1e-05,1e-05,1e-05,1e-05,1e-05,1e-05,1e-05,10,X55 X65 X66 X76,0.994111111111,0.00159581188775,0.994111111111,0.00159581188775
1e-05,1e-05,1e-05,1e-05,1e-05,1e-05,1e-05,1e-05,1e-05,1e-05,1e-05,1e-05,1e-05,1e-05,1e-05,1e-05,1e-05,1e-05,10,X56 X66 X67 X77,0.994333333333,0.00203230612833,0.994333333333,0.00203230612833
1e-05,1e-05,1e-05,1e-05,1e-05,1e-05,1e-05,1e-05,1e-05,1e-05,1e-05,1e-05,1e-05,1e-05,1e-05,1e-05,1e-05,1e-05,10,X57 X67 X68 X78,0.9944,0.00195426638106,0.9944,0.00195426638106
1e-05,1e-05,1e-05,1e-05,1e-05,1e-05,1e-05,1e-05,1e-05,1e-05,1e-05,1e-05,1e-05,1e-05,1e-05,1e-05,1e-05,1e-05,10,X58 X68 X69 X79,0.994444444444,0.00216791888365,0.994444444444,0.00216791888365
1e-05,1e-05,1e-05,1e-05,1e-05,1e-05,1e-05,1e-05,1e-05,1e-05,1e-05,1e-05,1e-05,1e-05,1e-05,1e-05,1e-05,1e-05,10,X59 X69 X70 X80,0.9946,0.00175381357874,0.9946,0.00175381357874
1e-05,1e-05,1e-05,1e-05,1e-05,1e-05,1e-05,1e-05,1e-05,1e-05,1e-05,1e-05,1e-05,1e-05,1e-05,1e-05,1e-05,1e-05,10,X6 X7 X17,0.992533333333,0.00231205403694,0.992533333333,0.00231205403694
1e-05,1e-05,1e-05,1e-05,1e-05,1e-05,1e-05,1e-05,1e-05,1e-05,1e-05,1e-05,1e-05,1e-05,1e-05,1e-05,1e-05,1e-05,10,X60 X70 X71 X81,0.993777777778,0.00182224091197,0.993777777778,0.00182224091197
1e-05,1e-05,1e-05,1e-05,1e-05,1e-05,1e-05,1e-05,1e-05,1e-05,1e-05,1e-05,1e-05,1e-05,1e-05,1e-05,1e-05,1e-05,10,X61 X71 X72 X82,0.993866666667,0.0019210469687,0.993866666667,0.0019210469687
1e-05,1e-05,1e-05,1e-05,1e-05,1e-05,1e-05,1e-05,1e-05,1e-05,1e-05,1e-05,1e-05,1e-05,1e-05,1e-05,1e-05,1e-05,10,X62 X72 X73 X83,0.991311111111,0.00199219421827,0.991311111111,0.00199219421827
1e-05,1e-05,1e-05,1e-05,1e-05,1e-05,1e-05,1e-05,1e-05,1e-05,1e-05,1e-05,1e-05,1e-05,1e-05,1e-05,1e-05,1e-05,10,X7 X8 X18,0.992622222222,0.00219322071704,0.992622222222,0.00219322071704
1e-05,1e-05,1e-05,1e-05,1e-05,1e-05,1e-05,1e-05,1e-05,1e-05,1e-05,1e-05,1e-05,1e-05,1e-05,1e-05,1e-05,1e-05,10,X74 X84 X85 X95,0.993822222222,0.0018104281438,0.993822222222,0.0018104281438
1e-05,1e-05,1e-05,1e-05,1e-05,1e-05,1e-05,1e-05,1e-05,1e-05,1e-05,1e-05,1e-05,1e-05,1e-05,1e-05,1e-05,1e-05,10,X75 X85 X86 X96,0.994333333333,0.00214957894835,0.994333333333,0.00214957894835
1e-05,1e-05,1e-05,1e-05,1e-05,1e-05,1e-05,1e-05,1e-05,1e-05,1e-05,1e-05,1e-05,1e-05,1e-05,1e-05,1e-05,1e-05,10,X76 X86 X87 X97,0.994444444444,0.00246559985215,0.994444444444,0.00246559985215
1e-05,1e-05,1e-05,1e-05,1e-05,1e-05,1e-05,1e-05,1e-05,1e-05,1e-05,1e-05,1e-05,1e-05,1e-05,1e-05,1e-05,1e-05,10,X77 X87 X88 X98,0.994,0.00176817328947,0.994,0.00176817328947
1e-05,1e-05,1e-05,1e-05,1e-05,1e-05,1e-05,1e-05,1e-05,1e-05,1e-05,1e-05,1e-05,1e-05,1e-05,1e-05,1e-05,1e-05,10,X78 X88 X89 X99,0.994177777778,0.00194115211145,0.994177777778,0.00194115211145
1e-05,1e-05,1e-05,1e-05,1e-05,1e-05,1e-05,1e-05,1e-05,1e-05,1e-05,1e-05,1e-05,1e-05,1e-05,1e-05,1e-05,1e-05,10,X79 X89 X90 X100,0.994044444444,0.00223475393716,0.994044444444,0.00223475393716
1e-05,1e-05,1e-05,1e-05,1e-05,1e-05,1e-05,1e-05,1e-05,1e-05,1e-05,1e-05,1e-05,1e-05,1e-05,1e-05,1e-05,1e-05,10,X8 X9 X19,0.991422222222,0.00171299592664,0.991422222222,0.00171299592664
1e-05,1e-05,1e-05,1e-05,1e-05,1e-05,1e-05,1e-05,1e-05,1e-05,1e-05,1e-05,1e-05,1e-05,1e-05,1e-05,1e-05,1e-05,10,X80 X90 X91 X101,0.994355555556,0.00174841654324,0.994355555556,0.00174841654324
1e-05,1e-05,1e-05,1e-05,1e-05,1e-05,1e-05,1e-05,1e-05,1e-05,1e-05,1e-05,1e-05,1e-05,1e-05,1e-05,1e-05,1e-05,10,X81 X91 X92 X102,0.994333333333,0.00224717788106,0.994333333333,0.00224717788106
1e-05,1e-05,1e-05,1e-05,1e-05,1e-05,1e-05,1e-05,1e-05,1e-05,1e-05,1e-05,1e-05,1e-05,1e-05,1e-05,1e-05,1e-05,10,X82 X92 X93 X103,0.993977777778,0.00204533547133,0.993977777778,0.00204533547133
1e-05,1e-05,1e-05,1e-05,1e-05,1e-05,1e-05,1e-05,1e-05,1e-05,1e-05,1e-05,1e-05,1e-05,1e-05,1e-05,1e-05,1e-05,10,X83 X93 X94 X104,0.991355555556,0.00212616131591,0.991355555556,0.00212616131591
1e-05,1e-05,1e-05,1e-05,1e-05,1e-05,1e-05,1e-05,1e-05,1e-05,1e-05,1e-05,1e-05,1e-05,1e-05,1e-05,1e-05,1e-05,10,X9 X10 X20,0.991844444444,0.00216331895809,0.991844444444,0.00216331895809
1e-05,1e-05,1e-05,1e-05,1e-05,1e-05,1e-05,1e-05,1e-05,1e-05,1e-05,1e-05,1e-05,1e-05,1e-05,1e-05,1e-05,1e-05,10,X95 X105 X106 X116,0.993888888889,0.00182853778933,0.993888888889,0.00182853778933
1e-05,1e-05,1e-05,1e-05,1e-05,1e-05,1e-05,1e-05,1e-05,1e-05,1e-05,1e-05,1e-05,1e-05,1e-05,1e-05,1e-05,1e-05,10,X96 X106 X107 X117,0.993622222222,0.00183355972131,0.993622222222,0.00183355972131
1e-05,1e-05,1e-05,1e-05,1e-05,1e-05,1e-05,1e-05,1e-05,1e-05,1e-05,1e-05,1e-05,1e-05,1e-05,1e-05,1e-05,1e-05,10,X97 X107 X108 X118,0.994355555556,0.0020769365396,0.994355555556,0.0020769365396
1e-05,1e-05,1e-05,1e-05,1e-05,1e-05,1e-05,1e-05,1e-05,1e-05,1e-05,1e-05,1e-05,1e-05,1e-05,1e-05,1e-05,1e-05,10,X98 X108 X109 X119,0.993977777778,0.00190569490013,0.993977777778,0.00190569490013
1e-05,1e-05,1e-05,1e-05,1e-05,1e-05,1e-05,1e-05,1e-05,1e-05,1e-05,1e-05,1e-05,1e-05,1e-05,1e-05,1e-05,1e-05,10,X99 X109 X110 X120,0.994422222222,0.00166536347518,0.994422222222,0.00166536347518
1e-05,1e-05,1e-05,1e-05,1e-05,1e-05,1e-05,1e-05,1e-05,1e-05,1e-05,1e-05,1e-05,1e-05,1e-05,1e-05,1e-05,1e-05,10,Z0 Z11 Z21,0.986311111111,0.00305622075657,0.986311111111,0.00305622075657
1e-05,1e-05,1e-05,1e-05,1e-05,1e-05,1e-05,1e-05,1e-05,1e-05,1e-05,1e-05,1e-05,1e-05,1e-05,1e-05,1e-05,1e-05,10,Z1 Z11 Z12 Z22,0.983444444444,0.00363078929529,0.983444444444,0.00363078929529
1e-05,1e-05,1e-05,1e-05,1e-05,1e-05,1e-05,1e-05,1e-05,1e-05,1e-05,1e-05,1e-05,1e-05,1e-05,1e-05,1e-05,1e-05,10,Z10 Z20 Z31,0.983955555556,0.00253667857374,0.983955555556,0.00253667857374
1e-05,1e-05,1e-05,1e-05,1e-05,1e-05,1e-05,1e-05,1e-05,1e-05,1e-05,1e-05,1e-05,1e-05,1e-05,1e-05,1e-05,1e-05,10,Z105 Z116 Z126,0.986822222222,0.00263011345899,0.986822222222,0.00263011345899
1e-05,1e-05,1e-05,1e-05,1e-05,1e-05,1e-05,1e-05,1e-05,1e-05,1e-05,1e-05,1e-05,1e-05,1e-05,1e-05,1e-05,1e-05,10,Z106 Z116 Z117 Z127,0.984111111111,0.00306298296163,0.984111111111,0.00306298296163
1e-05,1e-05,1e-05,1e-05,1e-05,1e-05,1e-05,1e-05,1e-05,1e-05,1e-05,1e-05,1e-05,1e-05,1e-05,1e-05,1e-05,1e-05,10,Z107 Z117 Z118 Z128,0.984577777778,0.00358256028372,0.984577777778,0.00358256028372
1e-05,1e-05,1e-05,1e-05,1e-05,1e-05,1e-05,1e-05,1e-05,1e-05,1e-05,1e-05,1e-05,1e-05,1e-05,1e-05,1e-05,1e-05,10,Z108 Z118 Z119 Z129,0.984244444444,0.00396723489925,0.984244444444,0.00396723489925
1e-05,1e-05,1e-05,1e-05,1e-05,1e-05,1e-05,1e-05,1e-05,1e-05,1e-05,1e-05,1e-05,1e-05,1e-05,1e-05,1e-05,1e-05,10,Z109 Z119 Z120 Z130,0.983711111111,0.00316921655757,0.983711111111,0.00316921655757
1e-05,1e-05,1e-05,1e-05,1e-05,1e-05,1e-05,1e-05,1e-05,1e-05,1e-05,1e-05,1e-05,1e-05,1e-05,1e-05,1e-05,1e-05,10,Z110 Z120 Z121 Z131,0.983911111111,0.00304113980111,0.983911111111,0.00304113980111
1e-05,1e-05,1e-05,1e-05,1e-05,1e-05,1e-05,1e-05,1e-05,1e-05,1e-05,1e-05,1e-05,1e-05,1e-05,1e-05,1e-05,1e-05,10,Z111 Z121 Z122 Z132,0.983577777778,0.0041188598405,0.983577777778,0.0041188598405
1e-05,1e-05,1e-05,1e-05,1e-05,1e-05,1e-05,1e-05,1e-05,1e-05,1e-05,1e-05,1e-05,1e-05,1e-05,1e-05,1e-05,1e-05,10,Z112 Z122 Z123 Z133,0.983155555556,0.00355766221116,0.983155555556,0.00355766221116
1e-05,1e-05,1e-05,1e-05,1e-05,1e-05,1e-05,1e-05,1e-05,1e-05,1e-05,1e-05,1e-05,1e-05,1e-05,1e-05,1e-05,1e-05,10,Z113 Z123 Z124 Z134,0.983133333333,0.00405006976904,0.983133333333,0.00405006976904
1e-05,1e-05,1e-05,1e-05,1e-05,1e-05,1e-05,1e-05,1e-05,1e-05,1e-05,1e-05,1e-05,1e-05,1e-05,1e-05,1e-05,1e-05,10,Z114 Z124 Z125 Z135,0.982088888889,0.0036837983618,0.982088888889,0.0036837983618
1e-05,1e-05,1e-05,1e-05,1e-05,1e-05,1e-05,1e-05,1e-05,1e-05,1e-05,1e-05,1e-05,1e-05,1e-05,1e-05,1e-05,1e-05,10,Z115 Z125 Z136,0.985666666667,0.00333907551387,0.985666666667,0.00333907551387
1e-05,1e-05,1e-05,1e-05,1e-05,1e-05,1e-05,1e-05,1e-05,1e-05,1e-05,1e-05,1e-05,1e-05,1e-05,1e-05,1e-05,1e-05,10,Z126 Z137 Z147,0.986822222222,0.00317887342792,0.986822222222,0.00317887342792
1e-05,1e-05,1e-05,1e-05,1e-05,1e-05,1e-05,1e-05,1e-05,1e-05,1e-05,1e-05,1e-05,1e-05,1e-05,1e-05,1e-05,1e-05,10,Z127 Z137 Z138 Z148,0.983533333333,0.00357578059961,0.983533333333,0.00357578059961
1e-05,1e-05,1e-05,1e-05,1e-05,1e-05,1e-05,1e-05,1e-05,1e-05,1e-05,1e-05,1e-05,1e-05,1e-05,1e-05,1e-05,1e-05,10,Z128 Z138 Z139 Z149,0.984533333333,0.00341464055428,0.984533333333,0.00341464055428
1e-05,1e-05,1e-05,1e-05,1e-05,1e-05,1e-05,1e-05,1e-05,1e-05,1e-05,1e-05,1e-05,1e-05,1e-05,1e-05,1e-05,1e-05,10,Z129 Z139 Z140 Z150,0.983955555556,0.00317042527495,0.983955555556,0.00317042527495
1e-05,1e-05,1e-05,1e-05,1e-05,1e-05,1e-05,1e-05,1e-05,1e-05,1e-05,1e-05,1e-05,1e-05,1e-05,1e-05,1e-05,1e-05,10,Z130 Z140 Z141 Z151,0.983955555556,0.00313640511367,0.983955555556,0.00313640511367
1e-05,1e-05,1e-05,1e-05,1e-05,1e-05,1e-05,1e-05,1e-05,1e-05,1e-05,1e-05,1e-05,1e-05,1e-05,1e-05,1e-05,1e-05,10,Z131 Z141 Z142 Z152,0.983333333333,0.00302733396867,0.983333333333,0.00302733396867
1e-05,1e-05,1e-05,1e-05,1e-05,1e-05,1e-05,1e-05,1e-05,1e-05,1e-05,1e-05,1e-05,1e-05,1e-05,1e-05,1e-05,1e-05,10,Z132 Z142 Z143 Z153,0.983133333333,0.0029615673597,0.983133333333,0.0029615673597
1e-05,1e-05,1e-05,1e-05,1e-05,1e-05,1e-05,1e-05,1e-05,1e-05,1e-05,1e-05,1e-05,1e-05,1e-05,1e-05,1e-05,1e-05,10,Z133 Z143 Z144 Z154,0.982466666667,0.00375963640534,0.982466666667,0.00375963640534
1e-05,1e-05,1e-05,1e-05,1e-05,1e-05,1e-05,1e-05,1e-05,1e-05,1e-05,1e-05,1e-05,1e-05,1e-05,1e-05,1e-05,1e-05,10,Z134 Z144 Z145 Z155,0.982777777778,0.00378374556804,0.982777777778,0.00378374556804
1e-05,1e-05,1e-05,1e-05,1e-05,1e-05,1e-05,1e-05,1e-05,1e-05,1e-05,1e-05,1e-05,1e-05,1e-05,1e-05,1e-05,1e-05,10,Z135 Z145 Z146 Z156,0.981644444444,0.00305622075657,0.981644444444,0.00305622075657
1e-05,1e-05,1e-05,1e-05,1e-05,1e-05,1e-05,1e-05,1e-05,1e-05,1e-05,1e-05,1e-05,1e-05,1e-05,1e-05,1e-05,1e-05,10,Z136 Z146 Z157,0.985177777778,0.00287509231347,0.985177777778,0.00287509231347
1e-05,1e-05,1e-05,1e-05,1e-05,1e-05,1e-05,1e-05,1e-05,1e-05,1e-05,1e-05,1e-05,1e-05,1e-05,1e-05,1e-05,1e-05,10,Z147 Z158 Z168,0.985555555556,0.00364868457201,0.985555555556,0.00364868457201
1e-05,1e-05,1e-05,1e-05,1e-05,1e-05,1e-05,1e-05,1e-05,1e-05,1e-05,1e-05,1e-05,1e-05,1e-05,1e-05,1e-05,1e-05,10,Z148 Z158 Z159 Z169,0.983288888889,0.00316558763629,0.983288888889,0.00316558763629
1e-05,1e-05,1e-05,1e-05,1e-05,1e-05,1e-05,1e-05,1e-05,1e-05,1e-05,1e-05,1e-05,1e-05,1e-05,1e-05,1e-05,1e-05,10,Z149 Z159 Z160 Z170,0.983177777778,0.00383044202138,0.983177777778,0.00383044202138
1e-05,1e-05,1e-05,1e-05,1e-05,1e-05,1e-05,1e-05,1e-05,1e-05,1e-05,1e-05,1e-05,1e-05,1e-05,1e-05,1e-05,1e-05,10,Z150 Z160 Z161 Z171,0.983888888889,0.00352803043111,0.983888888889,0.00352803043111
1e-05,1e-05,1e-05,1e-05,1e-05,1e-05,1e-05,1e-05,1e-05,1e-05,1e-05,1e-05,1e-05,1e-05,1e-05,1e-05,1e-05,1e-05,10,Z151 Z161 Z162 Z172,0.983666666667,0.00261296502213,0.983666666667,0.00261296502213
1e-05,1e-05,1e-05,1e-05,1e-05,1e-05,1e-05,1e-05,1e-05,1e-05,1e-05,1e-05,1e-05,1e-05,1e-05,1e-05,1e-05,1e-05,10,Z152 Z162 Z163 Z173,0.983977777778,0.00291111403586,0.983977777778,0.00291111403586
1e-05,1e-05,1e-05,1e-05,1e-05,1e-05,1e-05,1e-05,1e-05,1e-05,1e-05,1e-05,1e-05,1e-05,1e-05,1e-05,1e-05,1e-05,10,Z153 Z163 Z164 Z174,0.983,0.00309616002438,0.983,0.00309616002438
1e-05,1e-05,1e-05,1e-05,1e-05,1e-05,1e-05,1e-05,1e-05,1e-05,1e-05,1e-05,1e-05,1e-05,1e-05,1e-05,1e-05,1e-05,10,Z154 Z164 Z165 Z175,0.983333333333,0.00343968277964,0.983333333333,0.00343968277964
1e-05,1e-05,1e-05,1e-05,1e-05,1e-05,1e-05,1e-05,1e-05,1e-05,1e-05,1e-05,1e-05,1e-05,1e-05,1e-05,1e-05,1e-05,10,Z155 Z165 Z166 Z176,0.984444444444,0.00380092077303,0.984444444444,0.00380092077303
1e-05,1e-05,1e-05,1e-05,1e-05,1e-05,1e-05,1e-05,1e-05,1e-05,1e-05,1e-05,1e-05,1e-05,1e-05,1e-05,1e-05,1e-05,10,Z156 Z166 Z167 Z177,0.9832,0.0029368839535,0.9832,0.0029368839535
1e-05,1e-05,1e-05,1e-05,1e-05,1e-05,1e-05,1e-05,1e-05,1e-05,1e-05,1e-05,1e-05,1e-05,1e-05,1e-05,1e-05,1e-05,10,Z157 Z167 Z178,0.985155555556,0.00278437530683,0.985155555556,0.00278437530683
1e-05,1e-05,1e-05,1e-05,1e-05,1e-05,1e-05,1e-05,1e-05,1e-05,1e-05,1e-05,1e-05,1e-05,1e-05,1e-05,1e-05,1e-05,10,Z168 Z179 Z189,0.985844444444,0.00248016396277,0.985844444444,0.00248016396277
1e-05,1e-05,1e-05,1e-05,1e-05,1e-05,1e-05,1e-05,1e-05,1e-05,1e-05,1e-05,1e-05,1e-05,1e-05,1e-05,1e-05,1e-05,10,Z169 Z179 Z180 Z190,0.9836,0.00399846713924,0.9836,0.00399846713924
1e-05,1e-05,1e-05,1e-05,1e-05,1e-05,1e-05,1e-05,1e-05,1e-05,1e-05,1e-05,1e-05,1e-05,1e-05,1e-05,1e-05,1e-05,10,Z170 Z180 Z181 Z191,0.983355555556,0.00354276915452,0.983355555556,0.00354276915452
1e-05,1e-05,1e-05,1e-05,1e-05,1e-05,1e-05,1e-05,1e-05,1e-05,1e-05,1e-05,1e-05,1e-05,1e-05,1e-05,1e-05,1e-05,10,Z171 Z181 Z182 Z192,0.983666666667,0.00385463844581,0.983666666667,0.00385463844581
1e-05,1e-05,1e-05,1e-05,1e-05,1e-05,1e-05,1e-05,1e-05,1e-05,1e-05,1e-05,1e-05,1e-05,1e-05,1e-05,1e-05,1e-05,10,Z172 Z182 Z183 Z193,0.983866666667,0.00321109188768,0.983866666667,0.00321109188768
1e-05,1e-05,1e-05,1e-05,1e-05,1e-05,1e-05,1e-05,1e-05,1e-05,1e-05,1e-05,1e-05,1e-05,1e-05,1e-05,1e-05,1e-05,10,Z173 Z183 Z184 Z194,0.983977777778,0.00259963648112,0.983977777778,0.00259963648112
1e-05,1e-05,1e-05,1e-05,1e-05,1e-05,1e-05,1e-05,1e-05,1e-05,1e-05,1e-05,1e-05,1e-05,1e-05,1e-05,1e-05,1e-05,10,Z174 Z184 Z185 Z195,0.983844444444,0.0030358437677,0.983844444444,0.0030358437677
1e-05,1e-05,1e-05,1e-05,1e-05,1e-05,1e-05,1e-05,1e-05,1e-05,1e-05,1e-05,1e-05,1e-05,1e-05,1e-05,1e-05,1e-05,10,Z175 Z185 Z186 Z196,0.983355555556,0.00355141041901,0.983355555556,0.00355141041901
1e-05,1e-05,1e-05,1e-05,1e-05,1e-05,1e-05,1e-05,1e-05,1e-05,1e-05,1e-05,1e-05,1e-05,1e-05,1e-05,1e-05,1e-05,10,Z176 Z186 Z187 Z197,0.984222222222,0.00258099944011,0.984222222222,0.00258099944011
1e-05,1e-05,1e-05,1e-05,1e-05,1e-05,1e-05,1e-05,1e-05,1e-05,1e-05,1e-05,1e-05,1e-05,1e-05,1e-05,1e-05,1e-05,10,Z177 Z187 Z188 Z198,0.982155555556,0.00301558319698,0.982155555556,0.00301558319698
1e-05,1e-05,1e-05,1e-05,1e-05,1e-05,1e-05,1e-05,1e-05,1e-05,1e-05,1e-05,1e-05,1e-05,1e-05,1e-05,1e-05,1e-05,10,Z178 Z188 Z199,0.985555555556,0.0028571793466,0.985555555556,0.0028571793466
1e-05,1e-05,1e-05,1e-05,1e-05,1e-05,1e-05,1e-05,1e-05,1e-05,1e-05,1e-05,1e-05,1e-05,1e-05,1e-05,1e-05,1e-05,10,Z189 Z200 Z210,0.986555555556,0.00279069792193,0.986555555556,0.00279069792193
1e-05,1e-05,1e-05,1e-05,1e-05,1e-05,1e-05,1e-05,1e-05,1e-05,1e-05,1e-05,1e-05,1e-05,1e-05,1e-05,1e-05,1e-05,10,Z190 Z200 Z201 Z211,0.984088888889,0.00292817379744,0.984088888889,0.00292817379744
1e-05,1e-05,1e-05,1e-05,1e-05,1e-05,1e-05,1e-05,1e-05,1e-05,1e-05,1e-05,1e-05,1e-05,1e-05,1e-05,1e-05,1e-05,10,Z191 Z201 Z202 Z212,0.983844444444,0.00347815661457,0.983844444444,0.00347815661457
1e-05,1e-05,1e-05,1e-05,1e-05,1e-05,1e-05,1e-05,1e-05,1e-05,1e-05,1e-05,1e-05,1e-05,1e-05,1e-05,1e-05,1e-05,10,Z192 Z202 Z203 Z213,0.983155555556,0.00232878593554,0.983155555556,0.00232878593554
1e-05,1e-05,1e-05,1e-05,1e-05,1e-05,1e-05,1e-05,1e-05,1e-05,1e-05,1e-05,1e-05,1e-05,1e-05,1e-05,1e-05,1e-05,10,Z193 Z203 Z204 Z214,0.9838,0.00354997166898,0.9838,0.00354997166898
1e-05,1e-05,1e-05,1e-05,1e-05,1e-05,1e-05,1e-05,1e-05,1e-05,1e-05,1e-05,1e-05,1e-05,1e-05,1e-05,1e-05,1e-05,10,Z194 Z204 Z205 Z215,0.982955555556,0.00310077648579,0.982955555556,0.00310077648579
1e-05,1e-05,1e-05,1e-05,1e-05,1e-05,1e-05,1e-05,1e-05,1e-05,1e-05,1e-05,1e-05,1e-05,1e-05,1e-05,1e-05,1e-05,10,Z195 Z205 Z206 Z216,0.984466666667,0.00326669012424,0.984466666667,0.00326669012424
1e-05,1e-05,1e-05,1e-05,1e-05,1e-05,1e-05,1e-05,1e-05,1e-05,1e-05,1e-05,1e-05,1e-05,1e-05,1e-05,1e-05,1e-05,10,Z196 Z206 Z207 Z217,0.984488888889,0.00270622007149,0.984488888889,0.00270622007149
1e-05,1e-05,1e-05,1e-05,1e-05,1e-05,1e-05,1e-05,1e-05,1e-05,1e-05,1e-05,1e-05,1e-05,1e-05,1e-05,1e-05,1e-05,10,Z197 Z207 Z208 Z218,0.984666666667,0.00282842712475,0.984666666667,0.00282842712475
1e-05,1e-05,1e-05,1e-05,1e-05,1e-05,1e-05,1e-05,1e-05,1e-05,1e-05,1e-05,1e-05,1e-05,1e-05,1e-05,1e-05,1e-05,10,Z198 Z208 Z209 Z219,0.981577777778,0.00355572317613,0.981577777778,0.00355572317613
1e-05,1e-05,1e-05,1e-05,1e-05,1e-05,1e-05,1e-05,1e-05,1e-05,1e-05,1e-05,1e-05,1e-05,1e-05,1e-05,1e-05,1e-05,10,Z199 Z209 Z220,0.983866666667,0.00239027403485,0.983866666667,0.00239027403485
1e-05,1e-05,1e-05,1e-05,1e-05,1e-05,1e-05,1e-05,1e-05,1e-05,1e-05,1e-05,1e-05,1e-05,1e-05,1e-05,1e-05,1e-05,10,Z2 Z12 Z13 Z23,0.982533333333,0.00272015325239,0.982533333333,0.00272015325239
1e-05,1e-05,1e-05,1e-05,1e-05,1e-05,1e-05,1e-05,1e-05,1e-05,1e-05,1e-05,1e-05,1e-05,1e-05,1e-05,1e-05,1e-05,10,Z21 Z32 Z42,0.987377777778,0.00318007847482,0.987377777778,0.00318007847482
1e-05,1e-05,1e-05,1e-05,1e-05,1e-05,1e-05,1e-05,1e-05,1e-05,1e-05,1e-05,1e-05,1e-05,1e-05,1e-05,1e-05,1e-05,10,Z22 Z32 Z33 Z43,0.983622222222,0.00254120575558,0.983622222222,0.00254120575558
1e-05,1e-05,1e-05,1e-05,1e-05,1e-05,1e-05,1e-05,1e-05,1e-05,1e-05,1e-05,1e-05,1e-05,1e-05,1e-05,1e-05,1e-05,10,Z23 Z33 Z34 Z44,0.984044444444,0.00260817067663,0.984044444444,0.00260817067663
1e-05,1e-05,1e-05,1e-05,1e-05,1e-05,1e-05,1e-05,1e-05,1e-05,1e-05,1e-05,1e-05,1e-05,1e-05,1e-05,1e-05,1e-05,10,Z24 Z34 Z35 Z45,0.983222222222,0.00303786239291,0.983222222222,0.00303786239291
1e-05,1e-05,1e-05,1e-05,1e-05,1e-05,1e-05,1e-05,1e-05,1e-05,1e-05,1e-05,1e-05,1e-05,1e-05,1e-05,1e-05,1e-05,10,Z25 Z35 Z36 Z46,0.983955555556,0.00324212376984,0.983955555556,0.00324212376984
1e-05,1e-05,1e-05,1e-05,1e-05,1e-05,1e-05,1e-05,1e-05,1e-05,1e-05,1e-05,1e-05,1e-05,1e-05,1e-05,1e-05,1e-05,10,Z26 Z36 Z37 Z47,0.984644444444,0.00354276915452,0.984644444444,0.00354276915452
1e-05,1e-05,1e-05,1e-05,1e-05,1e-05,1e-05,1e-05,1e-05,1e-05,1e-05,1e-05,1e-05,1e-05,1e-05,1e-05,1e-05,1e-05,10,Z27 Z37 Z38 Z48,0.984377777778,0.00340692705815,0.984377777778,0.00340692705815
1e-05,1e-05,1e-05,1e-05,1e-05,1e-05,1e-05,1e-05,1e-05,1e-05,1e-05,1e-05,1e-05,1e-05,1e-05,1e-05,1e-05,1e-05,10,Z28 Z38 Z39 Z49,0.982977777778,0.00303104414483,0.982977777778,0.00303104414483
1e-05,1e-05,1e-05,1e-05,1e-05,1e-05,1e-05,1e-05,1e-05,1e-05,1e-05,1e-05,1e-05,1e-05,1e-05,1e-05,1e-05,1e-05,10,Z29 Z39 Z40 Z50,0.984844444444,0.00299646449823,0.984844444444,0.00299646449823
1e-05,1e-05,1e-05,1e-05,1e-05,1e-05,1e-05,1e-05,1e-05,1e-05,1e-05,1e-05,1e-05,1e-05,1e-05,1e-05,1e-05,1e-05,10,Z3 Z13 Z14 Z24,0.983088888889,0.00399801994415,0.983088888889,0.00399801994415
1e-05,1e-05,1e-05,1e-05,1e-05,1e-05,1e-05,1e-05,1e-05,1e-05,1e-05,1e-05,1e-05,1e-05,1e-05,1e-05,1e-05,1e-05,10,Z30 Z40 Z41 Z51,0.983133333333,0.0038082386995,0.983133333333,0.0038082386995
1e-05,1e-05,1e-05,1e-05,1e-05,1e-05,1e-05,1e-05,1e-05,1e-05,1e-05,1e-05,1e-05,1e-05,1e-05,1e-05,1e-05,1e-05,10,Z31 Z41 Z52,0.984977777778,0.00244312050528,0.984977777778,0.00244312050528
1e-05,1e-05,1e-05,1e-05,1e-05,1e-05,1e-05,1e-05,1e-05,1e-05,1e-05,1e-05,1e-05,1e-05,1e-05,1e-05,1e-05,1e-05,10,Z4 Z14 Z15 Z25,0.984066666667,0.00351177548397,0.984066666667,0.00351177548397
1e-05,1e-05,1e-05,1e-05,1e-05,1e-05,1e-05,1e-05,1e-05,1e-05,1e-05,1e-05,1e-05,1e-05,1e-05,1e-05,1e-05,1e-05,10,Z42 Z53 Z63,0.986533333333,0.00341912583213,0.986533333333,0.00341912583213
1e-05,1e-05,1e-05,1e-05,1e-05,1e-05,1e-05,1e-05,1e-05,1e-05,1e-05,1e-05,1e-05,1e-05,1e-05,1e-05,1e-05,1e-05,10,Z43 Z53 Z54 Z64,0.984066666667,0.00382510360965,0.984066666667,0.00382510360965
1e-05,1e-05,1e-05,1e-05,1e-05,1e-05,1e-05,1e-05,1e-05,1e-05,1e-05,1e-05,1e-05,1e-05,1e-05,1e-05,1e-05,1e-05,10,Z44 Z54 Z55 Z65,0.982933333333,0.00359053673188,0.982933333333,0.00359053673188
1e-05,1e-05,1e-05,1e-05,1e-05,1e-05,1e-05,1e-05,1e-05,1e-05,1e-05,1e-05,1e-05,1e-05,1e-05,1e-05,1e-05,1e-05,10,Z45 Z55 Z56 Z66,0.984,0.00313673085549,0.984,0.00313673085549
1e-05,1e-05,1e-05,1e-05,1e-05,1e-05,1e-05,1e-05,1e-05,1e-05,1e-05,1e-05,1e-05,1e-05,1e-05,1e-05,1e-05,1e-05,10,Z46 Z56 Z57 Z67,0.983622222222,0.00327387585145,0.983622222222,0.00327387585145
1e-05,1e-05,1e-05,1e-05,1e-05,1e-05,1e-05,1e-05,1e-05,1e-05,1e-05,1e-05,1e-05,1e-05,1e-05,1e-05,1e-05,1e-05,10,Z47 Z57 Z58 Z68,0.984555555556,0.00328509152218,0.984555555556,0.00328509152218
1e-05,1e-05,1e-05,1e-05,1e-05,1e-05,1e-05,1e-05,1e-05,1e-05,1e-05,1e-05,1e-05,1e-05,1e-05,1e-05,1e-05,1e-05,10,Z48 Z58 Z59 Z69,0.982888888889,0.00325344890191,0.982888888889,0.00325344890191
1e-05,1e-05,1e-05,1e-05,1e-05,1e-05,1e-05,1e-05,1e-05,1e-05,1e-05,1e-05,1e-05,1e-05,1e-05,1e-05,1e-05,1e-05,10,Z49 Z59 Z60 Z70,0.984377777778,0.00244907259534,0.984377777778,0.00244907259534
1e-05,1e-05,1e-05,1e-05,1e-05,1e-05,1e-05,1e-05,1e-05,1e-05,1e-05,1e-05,1e-05,1e-05,1e-05,1e-05,1e-05,1e-05,10,Z5 Z15 Z16 Z26,0.983755555556,0.0028952773454,0.983755555556,0.0028952773454
1e-05,1e-05,1e-05,1e-05,1e-05,1e-05,1e-05,1e-05,1e-05,1e-05,1e-05,1e-05,1e-05,1e-05,1e-05,1e-05,1e-05,1e-05,10,Z50 Z60 Z61 Z71,0.983844444444,0.00329719878012,0.983844444444,0.00329719878012
1e-05,1e-05,1e-05,1e-05,1e-05,1e-05,1e-05,1e-05,1e-05,1e-05,1e-05,1e-05,1e-05,1e-05,1e-05,1e-05,1e-05,1e-05,10,Z51 Z61 Z62 Z72,0.982288888889,0.00285905610088,0.982288888889,0.00285905610088
1e-05,1e-05,1e-05,1e-05,1e-05,1e-05,1e-05,1e-05,1e-05,1e-05,1e-05,1e-05,1e-05,1e-05,1e-05,1e-05,1e-05,1e-05,10,Z52 Z62 Z73,0.985577777778,0.00299927620047,0.985577777778,0.00299927620047
1e-05,1e-05,1e-05,1e-05,1e-05,1e-05,1e-05,1e-05,1e-05,1e-05,1e-05,1e-05,1e-05,1e-05,1e-05,1e-05,1e-05,1e-05,10,Z6 Z16 Z17 Z27,0.982511111111,0.00353063585314,0.982511111111,0.00353063585314
1e-05,1e-05,1e-05,1e-05,1e-05,1e-05,1e-05,1e-05,1e-05,1e-05,1e-05,1e-05,1e-05,1e-05,1e-05,1e-05,1e-05,1e-05,10,Z63 Z74 Z84,0.986822222222,0.00249249191859,0.986822222222,0.00249249191859
1e-05,1e-05,1e-05,1e-05,1e-05,1e-05,1e-05,1e-05,1e-05,1e-05,1e-05,1e-05,1e-05,1e-05,1e-05,1e-05,1e-05,1e-05,10,Z64 Z74 Z75 Z85,0.984066666667,0.00295223793287,0.984066666667,0.00295223793287
1e-05,1e-05,1e-05,1e-05,1e-05,1e-05,1e-05,1e-05,1e-05,1e-05,1e-05,1e-05,1e-05,1e-05,1e-05,1e-05,1e-05,1e-05,10,Z65 Z75 Z76 Z86,0.983866666667,0.00277592275225,0.983866666667,0.00277592275225
1e-05,1e-05,1e-05,1e-05,1e-05,1e-05,1e-05,1e-05,1e-05,1e-05,1e-05,1e-05,1e-05,1e-05,1e-05,1e-05,1e-05,1e-05,10,Z66 Z76 Z77 Z87,0.9832,0.00303945952042,0.9832,0.00303945952042
1e-05,1e-05,1e-05,1e-05,1e-05,1e-05,1e-05,1e-05,1e-05,1e-05,1e-05,1e-05,1e-05,1e-05,1e-05,1e-05,1e-05,1e-05,10,Z67 Z77 Z78 Z88,0.982777777778,0.00349310578066,0.982777777778,0.00349310578066
1e-05,1e-05,1e-05,1e-05,1e-05,1e-05,1e-05,1e-05,1e-05,1e-05,1e-05,1e-05,1e-05,1e-05,1e-05,1e-05,1e-05,1e-05,10,Z68 Z78 Z79 Z89,0.983911111111,0.00317429007761,0.983911111111,0.00317429007761
1e-05,1e-05,1e-05,1e-05,1e-05,1e-05,1e-05,1e-05,1e-05,1e-05,1e-05,1e-05,1e-05,1e-05,1e-05,1e-05,1e-05,1e-05,10,Z69 Z79 Z80 Z90,0.983111111111,0.0037685259711,0.983111111111,0.0037685259711
1e-05,1e-05,1e-05,1e-05,1e-05,1e-05,1e-05,1e-05,1e-05,1e-05,1e-05,1e-05,1e-05,1e-05,1e-05,1e-05,1e-05,1e-05,10,Z7 Z17 Z18 Z28,0.982488888889,0.00381942337159,0.982488888889,0.00381942337159
1e-05,1e-05,1e-05,1e-05,1e-05,1e-05,1e-05,1e-05,1e-05,1e-05,1e-05,1e-05,1e-05,1e-05,1e-05,1e-05,1e-05,1e-05,10,Z70 Z80 Z81 Z91,0.983466666667,0.00346808105541,0.983466666667,0.00346808105541
1e-05,1e-05,1e-05,1e-05,1e-05,1e-05,1e-05,1e-05,1e-05,1e-05,1e-05,1e-05,1e-05,1e-05,1e-05,1e-05,1e-05,1e-05,10,Z71 Z81 Z82 Z92,0.983511111111,0.00324684737552,0.983511111111,0.00324684737552
1e-05,1e-05,1e-05,1e-05,1e-05,1e-05,1e-05,1e-05,1e-05,1e-05,1e-05,1e-05,1e-05,1e-05,1e-05,1e-05,1e-05,1e-05,10,Z72 Z82 Z83 Z93,0.982222222222,0.00364448182394,0.982222222222,0.00364448182394
1e-05,1e-05,1e-05,1e-05,1e-05,1e-05,1e-05,1e-05,1e-05,1e-05,1e-05,1e-05,1e-05,1e-05,1e-05,1e-05,1e-05,1e-05,10,Z73 Z83 Z94,0.984711111111,0.00295526458395,0.984711111111,0.00295526458395
1e-05,1e-05,1e-05,1e-05,1e-05,1e-05,1e-05,1e-05,1e-05,1e-05,1e-05,1e-05,1e-05,1e-05,1e-05,1e-05,1e-05,1e-05,10,Z8 Z18 Z19 Z29,0.982622222222,0.00337188435253,0.982622222222,0.00337188435253
1e-05,1e-05,1e-05,1e-05,1e-05,1e-05,1e-05,1e-05,1e-05,1e-05,1e-05,1e-05,1e-05,1e-05,1e-05,1e-05,1e-05,1e-05,10,Z84 Z95 Z105,0.985777777778,0.00275893995598,0.985777777778,0.00275893995598
1e-05,1e-05,1e-05,1e-05,1e-05,1e-05,1e-05,1e-05,1e-05,1e-05,1e-05,1e-05,1e-05,1e-05,1e-05,1e-05,1e-05,1e-05,10,Z85 Z95 Z96 Z106,0.983577777778,0.00393620909225,0.983577777778,0.00393620909225
1e-05,1e-05,1e-05,1e-05,1e-05,1e-05,1e-05,1e-05,1e-05,1e-05,1e-05,1e-05,1e-05,1e-05,1e-05,1e-05,1e-05,1e-05,10,Z86 Z96 Z97 Z107,0.983822222222,0.00307720992867,0.983822222222,0.00307720992867
1e-05,1e-05,1e-05,1e-05,1e-05,1e-05,1e-05,1e-05,1e-05,1e-05,1e-05,1e-05,1e-05,1e-05,1e-05,1e-05,1e-05,1e-05,10,Z87 Z97 Z98 Z108,0.9848,0.00300905402581,0.9848,0.00300905402581
1e-05,1e-05,1e-05,1e-05,1e-05,1e-05,1e-05,1e-05,1e-05,1e-05,1e-05,1e-05,1e-05,1e-05,1e-05,1e-05,1e-05,1e-05,10,Z88 Z98 Z99 Z109,0.983,0.00298013859638,0.983,0.00298013859638
1e-05,1e-05,1e-05,1e-05,1e-05,1e-05,1e-05,1e-05,1e-05,1e-05,1e-05,1e-05,1e-05,1e-05,1e-05,1e-05,1e-05,1e-05,10,Z89 Z99 Z100 Z110,0.9836,0.00268727667699,0.9836,0.00268727667699
1e-05,1e-05,1e-05,1e-05,1e-05,1e-05,1e-05,1e-05,1e-05,1e-05,1e-05,1e-05,1e-05,1e-05,1e-05,1e-05,1e-05,1e-05,10,Z9 Z19 Z20 Z30,0.979977777778,0.0027928937373,0.979977777778,0.0027928937373
1e-05,1e-05,1e-05,1e-05,1e-05,1e-05,1e-05,1e-05,1e-05,1e-05,1e-05,1e-05,1e-05,1e-05,1e-05,1e-05,1e-05,1e-05,10,Z90 Z100 Z101 Z111,0.983866666667,0.00324432897501,0.983866666667,0.00324432897501
1e-05,1e-05,1e-05,1e-05,1e-05,1e-05,1e-05,1e-05,1e-05,1e-05,1e-05,1e-05,1e-05,1e-05,1e-05,1e-05,1e-05,1e-05,10,Z91 Z101 Z102 Z112,0.984111111111,0.00311753578555,0.984111111111,0.00311753578555
1e-05,1e-05,1e-05,1e-05,1e-05,1e-05,1e-05,1e-05,1e-05,1e-05,1e-05,1e-05,1e-05,1e-05,1e-05,1e-05,1e-05,1e-05,10,Z92 Z102 Z103 Z113,0.983444444444,0.00293523101277,0.983444444444,0.00293523101277
1e-05,1e-05,1e-05,1e-05,1e-05,1e-05,1e-05,1e-05,1e-05,1e-05,1e-05,1e-05,1e-05,1e-05,1e-05,1e-05,1e-05,1e-05,10,Z93 Z103 Z104 Z114,0.982333333333,0.00332527762215,0.982333333333,0.00332527762215
1e-05,1e-05,1e-05,1e-05,1e-05,1e-05,1e-05,1e-05,1e-05,1e-05,1e-05,1e-05,1e-05,1e-05,1e-05,1e-05,1e-05,1e-05,10,Z94 Z104 Z115,0.984244444444,0.00305997938206,0.984244444444,0.00305997938206
