g1_x,g1_y,g1_z,IX,IY,IZ,XI,XX,XY,XZ,YI,YX,YY,YZ,ZI,ZX,ZY,ZZ,round,operator,mean,std,mean_signed,std_signed
0.0158489319246,0.0158489319246,0.0158489319246,0.0158489319246,0.0158489319246,0.0158489319246,0.0158489319246,0.0158489319246,0.0158489319246,0.0158489319246,0.0158489319246,0.0158489319246,0.0158489319246,0.0158489319246,0.0158489319246,0.0158489319246,0.0158489319246,0.0158489319246,1,Logical X,0.235733333333,0.0149764566194,0.245133333333,0.0173228527112
0.0158489319246,0.0158489319246,0.0158489319246,0.0158489319246,0.0158489319246,0.0158489319246,0.0158489319246,0.0158489319246,0.0158489319246,0.0158489319246,0.0158489319246,0.0158489319246,0.0158489319246,0.0158489319246,0.0158489319246,0.0158489319246,0.0158489319246,0.0158489319246,1,Logical Y,0.0167777777778,0.0113462851393,0.00324444444444,0.0162119423682
0.0158489319246,0.0158489319246,0.0158489319246,0.0158489319246,0.0158489319246,0.0158489319246,0.0158489319246,0.0158489319246,0.0158489319246,0.0158489319246,0.0158489319246,0.0158489319246,0.0158489319246,0.0158489319246,0.0158489319246,0.0158489319246,0.0158489319246,0.0158489319246,1,Logical Z,0.0123555555556,0.0100462277602,-0.00688888888889,0.021742719455
0.0158489319246,0.0158489319246,0.0158489319246,0.0158489319246,0.0158489319246,0.0158489319246,0.0158489319246,0.0158489319246,0.0158489319246,0.0158489319246,0.0158489319246,0.0158489319246,0.0158489319246,0.0158489319246,0.0158489319246,0.0158489319246,0.0158489319246,0.0158489319246,1,X0 X1 X11,0.496955555556,0.0150988399578,0.496955555556,0.0150988399578
0.0158489319246,0.0158489319246,0.0158489319246,0.0158489319246,0.0158489319246,0.0158489319246,0.0158489319246,0.0158489319246,0.0158489319246,0.0158489319246,0.0158489319246,0.0158489319246,0.0158489319246,0.0158489319246,0.0158489319246,0.0158489319246,0.0158489319246,0.0158489319246,1,X1 X2 X12,0.305044444444,0.0186425816157,0.305044444444,0.0186425816157
0.0158489319246,0.0158489319246,0.0158489319246,0.0158489319246,0.0158489319246,0.0158489319246,0.0158489319246,0.0158489319246,0.0158489319246,0.0158489319246,0.0158489319246,0.0158489319246,0.0158489319246,0.0158489319246,0.0158489319246,0.0158489319246,0.0158489319246,0.0158489319246,1,X100 X110 X111 X121,0.4634,0.0205259204413,0.4634,0.0205259204413
0.0158489319246,0.0158489319246,0.0158489319246,0.0158489319246,0.0158489319246,0.0158489319246,0.0158489319246,0.0158489319246,0.0158489319246,0.0158489319246,0.0158489319246,0.0158489319246,0.0158489319246,0.0158489319246,0.0158489319246,0.0158489319246,0.0158489319246,0.0158489319246,1,X101 X111 X112 X122,0.4626,0.010849510468,0.4626,0.010849510468
0.0158489319246,0.0158489319246,0.0158489319246,0.0158489319246,0.0158489319246,0.0158489319246,0.0158489319246,0.0158489319246,0.0158489319246,0.0158489319246,0.0158489319246,0.0158489319246,0.0158489319246,0.0158489319246,0.0158489319246,0.0158489319246,0.0158489319246,0.0158489319246,1,X102 X112 X113 X123,0.463222222222,0.0146238490285,0.463222222222,0.0146238490285
0.0158489319246,0.0158489319246,0.0158489319246,0.0158489319246,0.0158489319246,0.0158489319246,0.0158489319246,0.0158489319246,0.0158489319246,0.0158489319246,0.0158489319246,0.0158489319246,0.0158489319246,0.0158489319246,0.0158489319246,0.0158489319246,0.0158489319246,0.0158489319246,1,X103 X113 X114 X124,0.460311111111,0.0189871772285,0.460311111111,0.0189871772285
0.0158489319246,0.0158489319246,0.0158489319246,0.0158489319246,0.0158489319246,0.0158489319246,0.0158489319246,0.0158489319246,0.0158489319246,0.0158489319246,0.0158489319246,0.0158489319246,0.0158489319246,0.0158489319246,0.0158489319246,0.0158489319246,0.0158489319246,0.0158489319246,1,X104 X114 X115 X125,0.0137777777778,0.0105675471308,0.0137777777778,0.0105675471308
0.0158489319246,0.0158489319246,0.0158489319246,0.0158489319246,0.0158489319246,0.0158489319246,0.0158489319246,0.0158489319246,0.0158489319246,0.0158489319246,0.0158489319246,0.0158489319246,0.0158489319246,0.0158489319246,0.0158489319246,0.0158489319246,0.0158489319246,0.0158489319246,1,X11 X21 X22 X32,0.464133333333,0.0141826076641,0.464133333333,0.0141826076641
0.0158489319246,0.0158489319246,0.0158489319246,0.0158489319246,0.0158489319246,0.0158489319246,0.0158489319246,0.0158489319246,0.0158489319246,0.0158489319246,0.0158489319246,0.0158489319246,0.0158489319246,0.0158489319246,0.0158489319246,0.0158489319246,0.0158489319246,0.0158489319246,1,X116 X126 X127 X137,0.461822222222,0.0143816968964,0.461822222222,0.0143816968964
0.0158489319246,0.0158489319246,0.0158489319246,0.0158489319246,0.0158489319246,0.0158489319246,0.0158489319246,0.0158489319246,0.0158489319246,0.0158489319246,0.0158489319246,0.0158489319246,0.0158489319246,0.0158489319246,0.0158489319246,0.0158489319246,0.0158489319246,0.0158489319246,1,X117 X127 X128 X138,0.467533333333,0.0124021379939,0.467533333333,0.0124021379939
0.0158489319246,0.0158489319246,0.0158489319246,0.0158489319246,0.0158489319246,0.0158489319246,0.0158489319246,0.0158489319246,0.0158489319246,0.0158489319246,0.0158489319246,0.0158489319246,0.0158489319246,0.0158489319246,0.0158489319246,0.0158489319246,0.0158489319246,0.0158489319246,1,X118 X128 X129 X139,0.466088888889,0.0149612355641,0.466088888889,0.0149612355641
0.0158489319246,0.0158489319246,0.0158489319246,0.0158489319246,0.0158489319246,0.0158489319246,0.0158489319246,0.0158489319246,0.0158489319246,0.0158489319246,0.0158489319246,0.0158489319246,0.0158489319246,0.0158489319246,0.0158489319246,0.0158489319246,0.0158489319246,0.0158489319246,1,X119 X129 X130 X140,0.466266666667,0.0172638749796,0.466266666667,0.0172638749796
0.0158489319246,0.0158489319246,0.0158489319246,0.0158489319246,0.0158489319246,0.0158489319246,0.0158489319246,0.0158489319246,0.0158489319246,0.0158489319246,0.0158489319246,0.0158489319246,0.0158489319246,0.0158489319246,0.0158489319246,0.0158489319246,0.0158489319246,0.0158489319246,1,X12 X22 X23 X33,0.459311111111,0.0160167377331,0.459311111111,0.0160167377331
0.0158489319246,0.0158489319246,0.0158489319246,0.0158489319246,0.0158489319246,0.0158489319246,0.0158489319246,0.0158489319246,0.0158489319246,0.0158489319246,0.0158489319246,0.0158489319246,0.0158489319246,0.0158489319246,0.0158489319246,0.0158489319246,0.0158489319246,0.0158489319246,1,X120 X130 X131 X141,0.468222222222,0.0181954761194,0.468222222222,0.0181954761194
0.0158489319246,0.0158489319246,0.0158489319246,0.0158489319246,0.0158489319246,0.0158489319246,0.0158489319246,0.0158489319246,0.0158489319246,0.0158489319246,0.0158489319246,0.0158489319246,0.0158489319246,0.0158489319246,0.0158489319246,0.0158489319246,0.0158489319246,0.0158489319246,1,X121 X131 X132 X142,0.464866666667,0.0125202058911,0.464866666667,0.0125202058911
0.0158489319246,0.0158489319246,0.0158489319246,0.0158489319246,0.0158489319246,0.0158489319246,0.0158489319246,0.0158489319246,0.0158489319246,0.0158489319246,0.0158489319246,0.0158489319246,0.0158489319246,0.0158489319246,0.0158489319246,0.0158489319246,0.0158489319246,0.0158489319246,1,X122 X132 X133 X143,0.458333333333,0.0138682912399,0.458333333333,0.0138682912399
0.0158489319246,0.0158489319246,0.0158489319246,0.0158489319246,0.0158489319246,0.0158489319246,0.0158489319246,0.0158489319246,0.0158489319246,0.0158489319246,0.0158489319246,0.0158489319246,0.0158489319246,0.0158489319246,0.0158489319246,0.0158489319246,0.0158489319246,0.0158489319246,1,X123 X133 X134 X144,0.465177777778,0.0184026346051,0.465177777778,0.0184026346051
0.0158489319246,0.0158489319246,0.0158489319246,0.0158489319246,0.0158489319246,0.0158489319246,0.0158489319246,0.0158489319246,0.0158489319246,0.0158489319246,0.0158489319246,0.0158489319246,0.0158489319246,0.0158489319246,0.0158489319246,0.0158489319246,0.0158489319246,0.0158489319246,1,X124 X134 X135 X145,0.467066666667,0.0179600237223,0.467066666667,0.0179600237223
0.0158489319246,0.0158489319246,0.0158489319246,0.0158489319246,0.0158489319246,0.0158489319246,0.0158489319246,0.0158489319246,0.0158489319246,0.0158489319246,0.0158489319246,0.0158489319246,0.0158489319246,0.0158489319246,0.0158489319246,0.0158489319246,0.0158489319246,0.0158489319246,1,X125 X135 X136 X146,0.0191111111111,0.0128526376181,0.0191111111111,0.0128526376181
0.0158489319246,0.0158489319246,0.0158489319246,0.0158489319246,0.0158489319246,0.0158489319246,0.0158489319246,0.0158489319246,0.0158489319246,0.0158489319246,0.0158489319246,0.0158489319246,0.0158489319246,0.0158489319246,0.0158489319246,0.0158489319246,0.0158489319246,0.0158489319246,1,X13 X23 X24 X34,0.465266666667,0.0154496835018,0.465266666667,0.0154496835018
0.0158489319246,0.0158489319246,0.0158489319246,0.0158489319246,0.0158489319246,0.0158489319246,0.0158489319246,0.0158489319246,0.0158489319246,0.0158489319246,0.0158489319246,0.0158489319246,0.0158489319246,0.0158489319246,0.0158489319246,0.0158489319246,0.0158489319246,0.0158489319246,1,X137 X147 X148 X158,0.464355555556,0.0156138589911,0.464355555556,0.0156138589911
0.0158489319246,0.0158489319246,0.0158489319246,0.0158489319246,0.0158489319246,0.0158489319246,0.0158489319246,0.0158489319246,0.0158489319246,0.0158489319246,0.0158489319246,0.0158489319246,0.0158489319246,0.0158489319246,0.0158489319246,0.0158489319246,0.0158489319246,0.0158489319246,1,X138 X148 X149 X159,0.461733333333,0.0124680127124,0.461733333333,0.0124680127124
0.0158489319246,0.0158489319246,0.0158489319246,0.0158489319246,0.0158489319246,0.0158489319246,0.0158489319246,0.0158489319246,0.0158489319246,0.0158489319246,0.0158489319246,0.0158489319246,0.0158489319246,0.0158489319246,0.0158489319246,0.0158489319246,0.0158489319246,0.0158489319246,1,X139 X149 X150 X160,0.462711111111,0.0158488389493,0.462711111111,0.0158488389493
0.0158489319246,0.0158489319246,0.0158489319246,0.0158489319246,0.0158489319246,0.0158489319246,0.0158489319246,0.0158489319246,0.0158489319246,0.0158489319246,0.0158489319246,0.0158489319246,0.0158489319246,0.0158489319246,0.0158489319246,0.0158489319246,0.0158489319246,0.0158489319246,1,X14 X24 X25 X35,0.462066666667,0.0161983396339,0.462066666667,0.0161983396339
0.0158489319246,0.0158489319246,0.0158489319246,0.0158489319246,0.0158489319246,0.0158489319246,0.0158489319246,0.0158489319246,0.0158489319246,0.0158489319246,0.0158489319246,0.0158489319246,0.0158489319246,0.0158489319246,0.0158489319246,0.0158489319246,0.0158489319246,0.0158489319246,1,X140 X150 X151 X161,0.461977777778,0.0164388879501,0.461977777778,0.0164388879501
0.0158489319246,0.0158489319246,0.0158489319246,0.0158489319246,0.0158489319246,0.0158489319246,0.0158489319246,0.0158489319246,0.0158489319246,0.0158489319246,0.0158489319246,0.0158489319246,0.0158489319246,0.0158489319246,0.0158489319246,0.0158489319246,0.0158489319246,0.0158489319246,1,X141 X151 X152 X162,0.461333333333,0.0155087418186,0.461333333333,0.0155087418186
0.0158489319246,0.0158489319246,0.0158489319246,0.0158489319246,0.0158489319246,0.0158489319246,0.0158489319246,0.0158489319246,0.0158489319246,0.0158489319246,0.0158489319246,0.0158489319246,0.0158489319246,0.0158489319246,0.0158489319246,0.0158489319246,0.0158489319246,0.0158489319246,1,X142 X152 X153 X163,0.463333333333,0.0149451102987,0.463333333333,0.0149451102987
0.0158489319246,0.0158489319246,0.0158489319246,0.0158489319246,0.0158489319246,0.0158489319246,0.0158489319246,0.0158489319246,0.0158489319246,0.0158489319246,0.0158489319246,0.0158489319246,0.0158489319246,0.0158489319246,0.0158489319246,0.0158489319246,0.0158489319246,0.0158489319246,1,X143 X153 X154 X164,0.466177777778,0.015524479084,0.466177777778,0.015524479084
0.0158489319246,0.0158489319246,0.0158489319246,0.0158489319246,0.0158489319246,0.0158489319246,0.0158489319246,0.0158489319246,0.0158489319246,0.0158489319246,0.0158489319246,0.0158489319246,0.0158489319246,0.0158489319246,0.0158489319246,0.0158489319246,0.0158489319246,0.0158489319246,1,X144 X154 X155 X165,0.466066666667,0.011802136309,0.466066666667,0.011802136309
0.0158489319246,0.0158489319246,0.0158489319246,0.0158489319246,0.0158489319246,0.0158489319246,0.0158489319246,0.0158489319246,0.0158489319246,0.0158489319246,0.0158489319246,0.0158489319246,0.0158489319246,0.0158489319246,0.0158489319246,0.0158489319246,0.0158489319246,0.0158489319246,1,X145 X155 X156 X166,0.463866666667,0.0183949018424,0.463866666667,0.0183949018424
0.0158489319246,0.0158489319246,0.0158489319246,0.0158489319246,0.0158489319246,0.0158489319246,0.0158489319246,0.0158489319246,0.0158489319246,0.0158489319246,0.0158489319246,0.0158489319246,0.0158489319246,0.0158489319246,0.0158489319246,0.0158489319246,0.0158489319246,0.0158489319246,1,X146 X156 X157 X167,0.0138444444444,0.00770069078522,0.0138444444444,0.00770069078522
0.0158489319246,0.0158489319246,0.0158489319246,0.0158489319246,0.0158489319246,0.0158489319246,0.0158489319246,0.0158489319246,0.0158489319246,0.0158489319246,0.0158489319246,0.0158489319246,0.0158489319246,0.0158489319246,0.0158489319246,0.0158489319246,0.0158489319246,0.0158489319246,1,X15 X25 X26 X36,0.467333333333,0.0159328091098,0.467333333333,0.0159328091098
0.0158489319246,0.0158489319246,0.0158489319246,0.0158489319246,0.0158489319246,0.0158489319246,0.0158489319246,0.0158489319246,0.0158489319246,0.0158489319246,0.0158489319246,0.0158489319246,0.0158489319246,0.0158489319246,0.0158489319246,0.0158489319246,0.0158489319246,0.0158489319246,1,X158 X168 X169 X179,0.464466666667,0.0172892011121,0.464466666667,0.0172892011121
0.0158489319246,0.0158489319246,0.0158489319246,0.0158489319246,0.0158489319246,0.0158489319246,0.0158489319246,0.0158489319246,0.0158489319246,0.0158489319246,0.0158489319246,0.0158489319246,0.0158489319246,0.0158489319246,0.0158489319246,0.0158489319246,0.0158489319246,0.0158489319246,1,X159 X169 X170 X180,0.463977777778,0.014920975319,0.463977777778,0.014920975319
0.0158489319246,0.0158489319246,0.0158489319246,0.0158489319246,0.0158489319246,0.0158489319246,0.0158489319246,0.0158489319246,0.0158489319246,0.0158489319246,0.0158489319246,0.0158489319246,0.0158489319246,0.0158489319246,0.0158489319246,0.0158489319246,0.0158489319246,0.0158489319246,1,X16 X26 X27 X37,0.462866666667,0.0199955167389,0.462866666667,0.0199955167389
0.0158489319246,0.0158489319246,0.0158489319246,0.0158489319246,0.0158489319246,0.0158489319246,0.0158489319246,0.0158489319246,0.0158489319246,0.0158489319246,0.0158489319246,0.0158489319246,0.0158489319246,0.0158489319246,0.0158489319246,0.0158489319246,0.0158489319246,0.0158489319246,1,X160 X170 X171 X181,0.462911111111,0.016702474943,0.462911111111,0.016702474943
0.0158489319246,0.0158489319246,0.0158489319246,0.0158489319246,0.0158489319246,0.0158489319246,0.0158489319246,0.0158489319246,0.0158489319246,0.0158489319246,0.0158489319246,0.0158489319246,0.0158489319246,0.0158489319246,0.0158489319246,0.0158489319246,0.0158489319246,0.0158489319246,1,X161 X171 X172 X182,0.466644444444,0.0175534069203,0.466644444444,0.0175534069203
0.0158489319246,0.0158489319246,0.0158489319246,0.0158489319246,0.0158489319246,0.0158489319246,0.0158489319246,0.0158489319246,0.0158489319246,0.0158489319246,0.0158489319246,0.0158489319246,0.0158489319246,0.0158489319246,0.0158489319246,0.0158489319246,0.0158489319246,0.0158489319246,1,X162 X172 X173 X183,0.462133333333,0.0160930245949,0.462133333333,0.0160930245949
0.0158489319246,0.0158489319246,0.0158489319246,0.0158489319246,0.0158489319246,0.0158489319246,0.0158489319246,0.0158489319246,0.0158489319246,0.0158489319246,0.0158489319246,0.0158489319246,0.0158489319246,0.0158489319246,0.0158489319246,0.0158489319246,0.0158489319246,0.0158489319246,1,X163 X173 X174 X184,0.4598,0.013885299153,0.4598,0.013885299153
0.0158489319246,0.0158489319246,0.0158489319246,0.0158489319246,0.0158489319246,0.0158489319246,0.0158489319246,0.0158489319246,0.0158489319246,0.0158489319246,0.0158489319246,0.0158489319246,0.0158489319246,0.0158489319246,0.0158489319246,0.0158489319246,0.0158489319246,0.0158489319246,1,X164 X174 X175 X185,0.464955555556,0.0156618318129,0.464955555556,0.0156618318129
0.0158489319246,0.0158489319246,0.0158489319246,0.0158489319246,0.0158489319246,0.0158489319246,0.0158489319246,0.0158489319246,0.0158489319246,0.0158489319246,0.0158489319246,0.0158489319246,0.0158489319246,0.0158489319246,0.0158489319246,0.0158489319246,0.0158489319246,0.0158489319246,1,X165 X175 X176 X186,0.4652,0.0142182226177,0.4652,0.0142182226177
0.0158489319246,0.0158489319246,0.0158489319246,0.0158489319246,0.0158489319246,0.0158489319246,0.0158489319246,0.0158489319246,0.0158489319246,0.0158489319246,0.0158489319246,0.0158489319246,0.0158489319246,0.0158489319246,0.0158489319246,0.0158489319246,0.0158489319246,0.0158489319246,1,X166 X176 X177 X187,0.461844444444,0.0182134499023,0.461844444444,0.0182134499023
0.0158489319246,0.0158489319246,0.0158489319246,0.0158489319246,0.0158489319246,0.0158489319246,0.0158489319246,0.0158489319246,0.0158489319246,0.0158489319246,0.0158489319246,0.0158489319246,0.0158489319246,0.0158489319246,0.0158489319246,0.0158489319246,0.0158489319246,0.0158489319246,1,X167 X177 X178 X188,0.0158222222222,0.0136198337833,0.0158222222222,0.0136198337833
0.0158489319246,0.0158489319246,0.0158489319246,0.0158489319246,0.0158489319246,0.0158489319246,0.0158489319246,0.0158489319246,0.0158489319246,0.0158489319246,0.0158489319246,0.0158489319246,0.0158489319246,0.0158489319246,0.0158489319246,0.0158489319246,0.0158489319246,0.0158489319246,1,X17 X27 X28 X38,0.467911111111,0.0173260226257,0.467911111111,0.0173260226257
0.0158489319246,0.0158489319246,0.0158489319246,0.0158489319246,0.0158489319246,0.0158489319246,0.0158489319246,0.0158489319246,0.0158489319246,0.0158489319246,0.0158489319246,0.0158489319246,0.0158489319246,0.0158489319246,0.0158489319246,0.0158489319246,0.0158489319246,0.0158489319246,1,X179 X189 X190 X200,0.465377777778,0.0145322295619,0.465377777778,0.0145322295619
0.0158489319246,0.0158489319246,0.0158489319246,0.0158489319246,0.0158489319246,0.0158489319246,0.0158489319246,0.0158489319246,0.0158489319246,0.0158489319246,0.0158489319246,0.0158489319246,0.0158489319246,0.0158489319246,0.0158489319246,0.0158489319246,0.0158489319246,0.0158489319246,1,X18 X28 X29 X39,0.465666666667,0.0174248248506,0.465666666667,0.0174248248506
0.0158489319246,0.0158489319246,0.0158489319246,0.0158489319246,0.0158489319246,0.0158489319246,0.0158489319246,0.0158489319246,0.0158489319246,0.0158489319246,0.0158489319246,0.0158489319246,0.0158489319246,0.0158489319246,0.0158489319246,0.0158489319246,0.0158489319246,0.0158489319246,1,X180 X190 X191 X201,0.468155555556,0.0138383478886,0.468155555556,0.0138383478886
0.0158489319246,0.0158489319246,0.0158489319246,0.0158489319246,0.0158489319246,0.0158489319246,0.0158489319246,0.0158489319246,0.0158489319246,0.0158489319246,0.0158489319246,0.0158489319246,0.0158489319246,0.0158489319246,0.0158489319246,0.0158489319246,0.0158489319246,0.0158489319246,1,X181 X191 X192 X202,0.4658,0.0142394950188,0.4658,0.0142394950188
0.0158489319246,0.0158489319246,0.0158489319246,0.0158489319246,0.0158489319246,0.0158489319246,0.0158489319246,0.0158489319246,0.0158489319246,0.0158489319246,0.0158489319246,0.0158489319246,0.0158489319246,0.0158489319246,0.0158489319246,0.0158489319246,0.0158489319246,0.0158489319246,1,X182 X192 X193 X203,0.464644444444,0.0166242986389,0.464644444444,0.0166242986389
0.0158489319246,0.0158489319246,0.0158489319246,0.0158489319246,0.0158489319246,0.0158489319246,0.0158489319246,0.0158489319246,0.0158489319246,0.0158489319246,0.0158489319246,0.0158489319246,0.0158489319246,0.0158489319246,0.0158489319246,0.0158489319246,0.0158489319246,0.0158489319246,1,X183 X193 X194 X204,0.4632,0.0159572225087,0.4632,0.0159572225087
0.0158489319246,0.0158489319246,0.0158489319246,0.0158489319246,0.0158489319246,0.0158489319246,0.0158489319246,0.0158489319246,0.0158489319246,0.0158489319246,0.0158489319246,0.0158489319246,0.0158489319246,0.0158489319246,0.0158489319246,0.0158489319246,0.0158489319246,0.0158489319246,1,X184 X194 X195 X205,0.4648,0.013044456846,0.4648,0.013044456846
0.0158489319246,0.0158489319246,0.0158489319246,0.0158489319246,0.0158489319246,0.0158489319246,0.0158489319246,0.0158489319246,0.0158489319246,0.0158489319246,0.0158489319246,0.0158489319246,0.0158489319246,0.0158489319246,0.0158489319246,0.0158489319246,0.0158489319246,0.0158489319246,1,X185 X195 X196 X206,0.468,0.0198345648222,0.468,0.0198345648222
0.0158489319246,0.0158489319246,0.0158489319246,0.0158489319246,0.0158489319246,0.0158489319246,0.0158489319246,0.0158489319246,0.0158489319246,0.0158489319246,0.0158489319246,0.0158489319246,0.0158489319246,0.0158489319246,0.0158489319246,0.0158489319246,0.0158489319246,0.0158489319246,1,X186 X196 X197 X207,0.4642,0.0195482701511,0.4642,0.0195482701511
0.0158489319246,0.0158489319246,0.0158489319246,0.0158489319246,0.0158489319246,0.0158489319246,0.0158489319246,0.0158489319246,0.0158489319246,0.0158489319246,0.0158489319246,0.0158489319246,0.0158489319246,0.0158489319246,0.0158489319246,0.0158489319246,0.0158489319246,0.0158489319246,1,X187 X197 X198 X208,0.4644,0.015903540655,0.4644,0.015903540655
0.0158489319246,0.0158489319246,0.0158489319246,0.0158489319246,0.0158489319246,0.0158489319246,0.0158489319246,0.0158489319246,0.0158489319246,0.0158489319246,0.0158489319246,0.0158489319246,0.0158489319246,0.0158489319246,0.0158489319246,0.0158489319246,0.0158489319246,0.0158489319246,1,X188 X198 X199 X209,0.0174222222222,0.0117087691319,0.0174222222222,0.0117087691319
0.0158489319246,0.0158489319246,0.0158489319246,0.0158489319246,0.0158489319246,0.0158489319246,0.0158489319246,0.0158489319246,0.0158489319246,0.0158489319246,0.0158489319246,0.0158489319246,0.0158489319246,0.0158489319246,0.0158489319246,0.0158489319246,0.0158489319246,0.0158489319246,1,X19 X29 X30 X40,0.468022222222,0.0182326248225,0.468022222222,0.0182326248225
0.0158489319246,0.0158489319246,0.0158489319246,0.0158489319246,0.0158489319246,0.0158489319246,0.0158489319246,0.0158489319246,0.0158489319246,0.0158489319246,0.0158489319246,0.0158489319246,0.0158489319246,0.0158489319246,0.0158489319246,0.0158489319246,0.0158489319246,0.0158489319246,1,X2 X3 X13,0.197666666667,0.0204963317903,0.197666666667,0.0204963317903
0.0158489319246,0.0158489319246,0.0158489319246,0.0158489319246,0.0158489319246,0.0158489319246,0.0158489319246,0.0158489319246,0.0158489319246,0.0158489319246,0.0158489319246,0.0158489319246,0.0158489319246,0.0158489319246,0.0158489319246,0.0158489319246,0.0158489319246,0.0158489319246,1,X20 X30 X31 X41,0.0188888888889,0.0139976279691,0.0188888888889,0.0139976279691
0.0158489319246,0.0158489319246,0.0158489319246,0.0158489319246,0.0158489319246,0.0158489319246,0.0158489319246,0.0158489319246,0.0158489319246,0.0158489319246,0.0158489319246,0.0158489319246,0.0158489319246,0.0158489319246,0.0158489319246,0.0158489319246,0.0158489319246,0.0158489319246,1,X200 X210 X211,0.515577777778,0.0187783876207,0.515577777778,0.0187783876207
0.0158489319246,0.0158489319246,0.0158489319246,0.0158489319246,0.0158489319246,0.0158489319246,0.0158489319246,0.0158489319246,0.0158489319246,0.0158489319246,0.0158489319246,0.0158489319246,0.0158489319246,0.0158489319246,0.0158489319246,0.0158489319246,0.0158489319246,0.0158489319246,1,X201 X211 X212,0.525733333333,0.0156509826115,0.525733333333,0.0156509826115
0.0158489319246,0.0158489319246,0.0158489319246,0.0158489319246,0.0158489319246,0.0158489319246,0.0158489319246,0.0158489319246,0.0158489319246,0.0158489319246,0.0158489319246,0.0158489319246,0.0158489319246,0.0158489319246,0.0158489319246,0.0158489319246,0.0158489319246,0.0158489319246,1,X202 X212 X213,0.5268,0.0141955688947,0.5268,0.0141955688947
0.0158489319246,0.0158489319246,0.0158489319246,0.0158489319246,0.0158489319246,0.0158489319246,0.0158489319246,0.0158489319246,0.0158489319246,0.0158489319246,0.0158489319246,0.0158489319246,0.0158489319246,0.0158489319246,0.0158489319246,0.0158489319246,0.0158489319246,0.0158489319246,1,X203 X213 X214,0.525822222222,0.0151689674479,0.525822222222,0.0151689674479
0.0158489319246,0.0158489319246,0.0158489319246,0.0158489319246,0.0158489319246,0.0158489319246,0.0158489319246,0.0158489319246,0.0158489319246,0.0158489319246,0.0158489319246,0.0158489319246,0.0158489319246,0.0158489319246,0.0158489319246,0.0158489319246,0.0158489319246,0.0158489319246,1,X204 X214 X215,0.522444444444,0.0155889078685,0.522444444444,0.0155889078685
0.0158489319246,0.0158489319246,0.0158489319246,0.0158489319246,0.0158489319246,0.0158489319246,0.0158489319246,0.0158489319246,0.0158489319246,0.0158489319246,0.0158489319246,0.0158489319246,0.0158489319246,0.0158489319246,0.0158489319246,0.0158489319246,0.0158489319246,0.0158489319246,1,X205 X215 X216,0.521155555556,0.0162451839803,0.521155555556,0.0162451839803
0.0158489319246,0.0158489319246,0.0158489319246,0.0158489319246,0.0158489319246,0.0158489319246,0.0158489319246,0.0158489319246,0.0158489319246,0.0158489319246,0.0158489319246,0.0158489319246,0.0158489319246,0.0158489319246,0.0158489319246,0.0158489319246,0.0158489319246,0.0158489319246,1,X206 X216 X217,0.522111111111,0.0191113561421,0.522111111111,0.0191113561421
0.0158489319246,0.0158489319246,0.0158489319246,0.0158489319246,0.0158489319246,0.0158489319246,0.0158489319246,0.0158489319246,0.0158489319246,0.0158489319246,0.0158489319246,0.0158489319246,0.0158489319246,0.0158489319246,0.0158489319246,0.0158489319246,0.0158489319246,0.0158489319246,1,X207 X217 X218,0.522622222222,0.0125162678307,0.522622222222,0.0125162678307
0.0158489319246,0.0158489319246,0.0158489319246,0.0158489319246,0.0158489319246,0.0158489319246,0.0158489319246,0.0158489319246,0.0158489319246,0.0158489319246,0.0158489319246,0.0158489319246,0.0158489319246,0.0158489319246,0.0158489319246,0.0158489319246,0.0158489319246,0.0158489319246,1,X208 X218 X219,0.526044444444,0.0159903546917,0.526044444444,0.0159903546917
0.0158489319246,0.0158489319246,0.0158489319246,0.0158489319246,0.0158489319246,0.0158489319246,0.0158489319246,0.0158489319246,0.0158489319246,0.0158489319246,0.0158489319246,0.0158489319246,0.0158489319246,0.0158489319246,0.0158489319246,0.0158489319246,0.0158489319246,0.0158489319246,1,X209 X219 X220,0.0163777777778,0.0140297257856,0.0163777777778,0.0140297257856
0.0158489319246,0.0158489319246,0.0158489319246,0.0158489319246,0.0158489319246,0.0158489319246,0.0158489319246,0.0158489319246,0.0158489319246,0.0158489319246,0.0158489319246,0.0158489319246,0.0158489319246,0.0158489319246,0.0158489319246,0.0158489319246,0.0158489319246,0.0158489319246,1,X3 X4 X14,0.120244444444,0.0147036975914,0.120244444444,0.0147036975914
0.0158489319246,0.0158489319246,0.0158489319246,0.0158489319246,0.0158489319246,0.0158489319246,0.0158489319246,0.0158489319246,0.0158489319246,0.0158489319246,0.0158489319246,0.0158489319246,0.0158489319246,0.0158489319246,0.0158489319246,0.0158489319246,0.0158489319246,0.0158489319246,1,X32 X42 X43 X53,0.467177777778,0.0152282086839,0.467177777778,0.0152282086839
0.0158489319246,0.0158489319246,0.0158489319246,0.0158489319246,0.0158489319246,0.0158489319246,0.0158489319246,0.0158489319246,0.0158489319246,0.0158489319246,0.0158489319246,0.0158489319246,0.0158489319246,0.0158489319246,0.0158489319246,0.0158489319246,0.0158489319246,0.0158489319246,1,X33 X43 X44 X54,0.467666666667,0.0172124431512,0.467666666667,0.0172124431512
0.0158489319246,0.0158489319246,0.0158489319246,0.0158489319246,0.0158489319246,0.0158489319246,0.0158489319246,0.0158489319246,0.0158489319246,0.0158489319246,0.0158489319246,0.0158489319246,0.0158489319246,0.0158489319246,0.0158489319246,0.0158489319246,0.0158489319246,0.0158489319246,1,X34 X44 X45 X55,0.460266666667,0.0171659468658,0.460266666667,0.0171659468658
0.0158489319246,0.0158489319246,0.0158489319246,0.0158489319246,0.0158489319246,0.0158489319246,0.0158489319246,0.0158489319246,0.0158489319246,0.0158489319246,0.0158489319246,0.0158489319246,0.0158489319246,0.0158489319246,0.0158489319246,0.0158489319246,0.0158489319246,0.0158489319246,1,X35 X45 X46 X56,0.458644444444,0.0196228683023,0.458644444444,0.0196228683023
0.0158489319246,0.0158489319246,0.0158489319246,0.0158489319246,0.0158489319246,0.0158489319246,0.0158489319246,0.0158489319246,0.0158489319246,0.0158489319246,0.0158489319246,0.0158489319246,0.0158489319246,0.0158489319246,0.0158489319246,0.0158489319246,0.0158489319246,0.0158489319246,1,X36 X46 X47 X57,0.459911111111,0.019708009017,0.459911111111,0.019708009017
0.0158489319246,0.0158489319246,0.0158489319246,0.0158489319246,0.0158489319246,0.0158489319246,0.0158489319246,0.0158489319246,0.0158489319246,0.0158489319246,0.0158489319246,0.0158489319246,0.0158489319246,0.0158489319246,0.0158489319246,0.0158489319246,0.0158489319246,0.0158489319246,1,X37 X47 X48 X58,0.461355555556,0.0123567448916,0.461355555556,0.0123567448916
0.0158489319246,0.0158489319246,0.0158489319246,0.0158489319246,0.0158489319246,0.0158489319246,0.0158489319246,0.0158489319246,0.0158489319246,0.0158489319246,0.0158489319246,0.0158489319246,0.0158489319246,0.0158489319246,0.0158489319246,0.0158489319246,0.0158489319246,0.0158489319246,1,X38 X48 X49 X59,0.461844444444,0.0192898308296,0.461844444444,0.0192898308296
0.0158489319246,0.0158489319246,0.0158489319246,0.0158489319246,0.0158489319246,0.0158489319246,0.0158489319246,0.0158489319246,0.0158489319246,0.0158489319246,0.0158489319246,0.0158489319246,0.0158489319246,0.0158489319246,0.0158489319246,0.0158489319246,0.0158489319246,0.0158489319246,1,X39 X49 X50 X60,0.462444444444,0.017341583654,0.462444444444,0.017341583654
0.0158489319246,0.0158489319246,0.0158489319246,0.0158489319246,0.0158489319246,0.0158489319246,0.0158489319246,0.0158489319246,0.0158489319246,0.0158489319246,0.0158489319246,0.0158489319246,0.0158489319246,0.0158489319246,0.0158489319246,0.0158489319246,0.0158489319246,0.0158489319246,1,X4 X5 X15,0.0798666666667,0.0148126486284,0.0798666666667,0.0148126486284
0.0158489319246,0.0158489319246,0.0158489319246,0.0158489319246,0.0158489319246,0.0158489319246,0.0158489319246,0.0158489319246,0.0158489319246,0.0158489319246,0.0158489319246,0.0158489319246,0.0158489319246,0.0158489319246,0.0158489319246,0.0158489319246,0.0158489319246,0.0158489319246,1,X40 X50 X51 X61,0.463288888889,0.0180768333216,0.463288888889,0.0180768333216
0.0158489319246,0.0158489319246,0.0158489319246,0.0158489319246,0.0158489319246,0.0158489319246,0.0158489319246,0.0158489319246,0.0158489319246,0.0158489319246,0.0158489319246,0.0158489319246,0.0158489319246,0.0158489319246,0.0158489319246,0.0158489319246,0.0158489319246,0.0158489319246,1,X41 X51 X52 X62,0.0132444444444,0.0123595351787,0.0132444444444,0.0123595351787
0.0158489319246,0.0158489319246,0.0158489319246,0.0158489319246,0.0158489319246,0.0158489319246,0.0158489319246,0.0158489319246,0.0158489319246,0.0158489319246,0.0158489319246,0.0158489319246,0.0158489319246,0.0158489319246,0.0158489319246,0.0158489319246,0.0158489319246,0.0158489319246,1,X5 X6 X16,0.0473555555556,0.0174641248772,0.0473555555556,0.0174641248772
0.0158489319246,0.0158489319246,0.0158489319246,0.0158489319246,0.0158489319246,0.0158489319246,0.0158489319246,0.0158489319246,0.0158489319246,0.0158489319246,0.0158489319246,0.0158489319246,0.0158489319246,0.0158489319246,0.0158489319246,0.0158489319246,0.0158489319246,0.0158489319246,1,X53 X63 X64 X74,0.460488888889,0.019340809758,0.460488888889,0.019340809758
0.0158489319246,0.0158489319246,0.0158489319246,0.0158489319246,0.0158489319246,0.0158489319246,0.0158489319246,0.0158489319246,0.0158489319246,0.0158489319246,0.0158489319246,0.0158489319246,0.0158489319246,0.0158489319246,0.0158489319246,0.0158489319246,0.0158489319246,0.0158489319246,1,X54 X64 X65 X75,0.4648,0.0133084825886,0.4648,0.0133084825886
0.0158489319246,0.0158489319246,0.0158489319246,0.0158489319246,0.0158489319246,0.0158489319246,0.0158489319246,0.0158489319246,0.0158489319246,0.0158489319246,0.0158489319246,0.0158489319246,0.0158489319246,0.0158489319246,0.0158489319246,0.0158489319246,0.0158489319246,0.0158489319246,1,X55 X65 X66 X76,0.4662,0.015593642481,0.4662,0.015593642481
0.0158489319246,0.0158489319246,0.0158489319246,0.0158489319246,0.0158489319246,0.0158489319246,0.0158489319246,0.0158489319246,0.0158489319246,0.0158489319246,0.0158489319246,0.0158489319246,0.0158489319246,0.0158489319246,0.0158489319246,0.0158489319246,0.0158489319246,0.0158489319246,1,X56 X66 X67 X77,0.463488888889,0.0185387103201,0.463488888889,0.0185387103201
0.0158489319246,0.0158489319246,0.0158489319246,0.0158489319246,0.0158489319246,0.0158489319246,0.0158489319246,0.0158489319246,0.0158489319246,0.0158489319246,0.0158489319246,0.0158489319246,0.0158489319246,0.0158489319246,0.0158489319246,0.0158489319246,0.0158489319246,0.0158489319246,1,X57 X67 X68 X78,0.463511111111,0.0128616967751,0.463511111111,0.0128616967751
0.0158489319246,0.0158489319246,0.0158489319246,0.0158489319246,0.0158489319246,0.0158489319246,0.0158489319246,0.0158489319246,0.0158489319246,0.0158489319246,0.0158489319246,0.0158489319246,0.0158489319246,0.0158489319246,0.0158489319246,0.0158489319246,0.0158489319246,0.0158489319246,1,X58 X68 X69 X79,0.461577777778,0.0149343219432,0.461577777778,0.0149343219432
0.0158489319246,0.0158489319246,0.0158489319246,0.0158489319246,0.0158489319246,0.0158489319246,0.0158489319246,0.0158489319246,0.0158489319246,0.0158489319246,0.0158489319246,0.0158489319246,0.0158489319246,0.0158489319246,0.0158489319246,0.0158489319246,0.0158489319246,0.0158489319246,1,X59 X69 X70 X80,0.467466666667,0.0165974655315,0.467466666667,0.0165974655315
0.0158489319246,0.0158489319246,0.0158489319246,0.0158489319246,0.0158489319246,0.0158489319246,0.0158489319246,0.0158489319246,0.0158489319246,0.0158489319246,0.0158489319246,0.0158489319246,0.0158489319246,0.0158489319246,0.0158489319246,0.0158489319246,0.0158489319246,0.0158489319246,1,X6 X7 X17,0.0271777777778,0.0164064124771,0.0271777777778,0.0164064124771
0.0158489319246,0.0158489319246,0.0158489319246,0.0158489319246,0.0158489319246,0.0158489319246,0.0158489319246,0.0158489319246,0.0158489319246,0.0158489319246,0.0158489319246,0.0158489319246,0.0158489319246,0.0158489319246,0.0158489319246,0.0158489319246,0.0158489319246,0.0158489319246,1,X60 X70 X71 X81,0.459755555556,0.0177591233546,0.459755555556,0.0177591233546
0.0158489319246,0.0158489319246,0.0158489319246,0.0158489319246,0.0158489319246,0.0158489319246,0.0158489319246,0.0158489319246,0.0158489319246,0.0158489319246,0.0158489319246,0.0158489319246,0.0158489319246,0.0158489319246,0.0158489319246,0.0158489319246,0.0158489319246,0.0158489319246,1,X61 X71 X72 X82,0.458288888889,0.0148779796483,0.458288888889,0.0148779796483
0.0158489319246,0.0158489319246,0.0158489319246,0.0158489319246,0.0158489319246,0.0158489319246,0.0158489319246,0.0158489319246,0.0158489319246,0.0158489319246,0.0158489319246,0.0158489319246,0.0158489319246,0.0158489319246,0.0158489319246,0.0158489319246,0.0158489319246,0.0158489319246,1,X62 X72 X73 X83,0.018,0.0134500637381,0.018,0.0134500637381
0.0158489319246,0.0158489319246,0.0158489319246,0.0158489319246,0.0158489319246,0.0158489319246,0.0158489319246,0.0158489319246,0.0158489319246,0.0158489319246,0.0158489319246,0.0158489319246,0.0158489319246,0.0158489319246,0.0158489319246,0.0158489319246,0.0158489319246,0.0158489319246,1,X7 X8 X18,0.0209333333333,0.0147807475482,0.0209333333333,0.0147807475482
0.0158489319246,0.0158489319246,0.0158489319246,0.0158489319246,0.0158489319246,0.0158489319246,0.0158489319246,0.0158489319246,0.0158489319246,0.0158489319246,0.0158489319246,0.0158489319246,0.0158489319246,0.0158489319246,0.0158489319246,0.0158489319246,0.0158489319246,0.0158489319246,1,X74 X84 X85 X95,0.461377777778,0.0162395226072,0.461377777778,0.0162395226072
0.0158489319246,0.0158489319246,0.0158489319246,0.0158489319246,0.0158489319246,0.0158489319246,0.0158489319246,0.0158489319246,0.0158489319246,0.0158489319246,0.0158489319246,0.0158489319246,0.0158489319246,0.0158489319246,0.0158489319246,0.0158489319246,0.0158489319246,0.0158489319246,1,X75 X85 X86 X96,0.460133333333,0.0152992124106,0.460133333333,0.0152992124106
0.0158489319246,0.0158489319246,0.0158489319246,0.0158489319246,0.0158489319246,0.0158489319246,0.0158489319246,0.0158489319246,0.0158489319246,0.0158489319246,0.0158489319246,0.0158489319246,0.0158489319246,0.0158489319246,0.0158489319246,0.0158489319246,0.0158489319246,0.0158489319246,1,X76 X86 X87 X97,0.461511111111,0.0131980880228,0.461511111111,0.0131980880228
0.0158489319246,0.0158489319246,0.0158489319246,0.0158489319246,0.0158489319246,0.0158489319246,0.0158489319246,0.0158489319246,0.0158489319246,0.0158489319246,0.0158489319246,0.0158489319246,0.0158489319246,0.0158489319246,0.0158489319246,0.0158489319246,0.0158489319246,0.0158489319246,1,X77 X87 X88 X98,0.461955555556,0.0126817010998,0.461955555556,0.0126817010998
0.0158489319246,0.0158489319246,0.0158489319246,0.0158489319246,0.0158489319246,0.0158489319246,0.0158489319246,0.0158489319246,0.0158489319246,0.0158489319246,0.0158489319246,0.0158489319246,0.0158489319246,0.0158489319246,0.0158489319246,0.0158489319246,0.0158489319246,0.0158489319246,1,X78 X88 X89 X99,0.462422222222,0.0193341128129,0.462422222222,0.0193341128129
0.0158489319246,0.0158489319246,0.0158489319246,0.0158489319246,0.0158489319246,0.0158489319246,0.0158489319246,0.0158489319246,0.0158489319246,0.0158489319246,0.0158489319246,0.0158489319246,0.0158489319246,0.0158489319246,0.0158489319246,0.0158489319246,0.0158489319246,0.0158489319246,1,X79 X89 X90 X100,0.4694,0.0132171373719,0.4694,0.0132171373719
0.0158489319246,0.0158489319246,0.0158489319246,0.0158489319246,0.0158489319246,0.0158489319246,0.0158489319246,0.0158489319246,0.0158489319246,0.0158489319246,0.0158489319246,0.0158489319246,0.0158489319246,0.0158489319246,0.0158489319246,0.0158489319246,0.0158489319246,0.0158489319246,1,X8 X9 X19,0.0174,0.0125705366156,0.0174,0.0125705366156
0.0158489319246,0.0158489319246,0.0158489319246,0.0158489319246,0.0158489319246,0.0158489319246,0.0158489319246,0.0158489319246,0.0158489319246,0.0158489319246,0.0158489319246,0.0158489319246,0.0158489319246,0.0158489319246,0.0158489319246,0.0158489319246,0.0158489319246,0.0158489319246,1,X80 X90 X91 X101,0.4658,0.0198647920121,0.4658,0.0198647920121
0.0158489319246,0.0158489319246,0.0158489319246,0.0158489319246,0.0158489319246,0.0158489319246,0.0158489319246,0.0158489319246,0.0158489319246,0.0158489319246,0.0158489319246,0.0158489319246,0.0158489319246,0.0158489319246,0.0158489319246,0.0158489319246,0.0158489319246,0.0158489319246,1,X81 X91 X92 X102,0.459133333333,0.0161175281183,0.459133333333,0.0161175281183
0.0158489319246,0.0158489319246,0.0158489319246,0.0158489319246,0.0158489319246,0.0158489319246,0.0158489319246,0.0158489319246,0.0158489319246,0.0158489319246,0.0158489319246,0.0158489319246,0.0158489319246,0.0158489319246,0.0158489319246,0.0158489319246,0.0158489319246,0.0158489319246,1,X82 X92 X93 X103,0.459888888889,0.0176531792657,0.459888888889,0.0176531792657
0.0158489319246,0.0158489319246,0.0158489319246,0.0158489319246,0.0158489319246,0.0158489319246,0.0158489319246,0.0158489319246,0.0158489319246,0.0158489319246,0.0158489319246,0.0158489319246,0.0158489319246,0.0158489319246,0.0158489319246,0.0158489319246,0.0158489319246,0.0158489319246,1,X83 X93 X94 X104,0.0136444444444,0.0100156709905,0.0136444444444,0.0100156709905
0.0158489319246,0.0158489319246,0.0158489319246,0.0158489319246,0.0158489319246,0.0158489319246,0.0158489319246,0.0158489319246,0.0158489319246,0.0158489319246,0.0158489319246,0.0158489319246,0.0158489319246,0.0158489319246,0.0158489319246,0.0158489319246,0.0158489319246,0.0158489319246,1,X9 X10 X20,0.0170222222222,0.0160590226804,0.0170222222222,0.0160590226804
0.0158489319246,0.0158489319246,0.0158489319246,0.0158489319246,0.0158489319246,0.0158489319246,0.0158489319246,0.0158489319246,0.0158489319246,0.0158489319246,0.0158489319246,0.0158489319246,0.0158489319246,0.0158489319246,0.0158489319246,0.0158489319246,0.0158489319246,0.0158489319246,1,X95 X105 X106 X116,0.459866666667,0.0191988186099,0.459866666667,0.0191988186099
0.0158489319246,0.0158489319246,0.0158489319246,0.0158489319246,0.0158489319246,0.0158489319246,0.0158489319246,0.0158489319246,0.0158489319246,0.0158489319246,0.0158489319246,0.0158489319246,0.0158489319246,0.0158489319246,0.0158489319246,0.0158489319246,0.0158489319246,0.0158489319246,1,X96 X106 X107 X117,0.466777777778,0.0178294030116,0.466777777778,0.0178294030116
0.0158489319246,0.0158489319246,0.0158489319246,0.0158489319246,0.0158489319246,0.0158489319246,0.0158489319246,0.0158489319246,0.0158489319246,0.0158489319246,0.0158489319246,0.0158489319246,0.0158489319246,0.0158489319246,0.0158489319246,0.0158489319246,0.0158489319246,0.0158489319246,1,X97 X107 X108 X118,0.462333333333,0.0155499442534,0.462333333333,0.0155499442534
0.0158489319246,0.0158489319246,0.0158489319246,0.0158489319246,0.0158489319246,0.0158489319246,0.0158489319246,0.0158489319246,0.0158489319246,0.0158489319246,0.0158489319246,0.0158489319246,0.0158489319246,0.0158489319246,0.0158489319246,0.0158489319246,0.0158489319246,0.0158489319246,1,X98 X108 X109 X119,0.462688888889,0.0171372492804,0.462688888889,0.0171372492804
0.0158489319246,0.0158489319246,0.0158489319246,0.0158489319246,0.0158489319246,0.0158489319246,0.0158489319246,0.0158489319246,0.0158489319246,0.0158489319246,0.0158489319246,0.0158489319246,0.0158489319246,0.0158489319246,0.0158489319246,0.0158489319246,0.0158489319246,0.0158489319246,1,X99 X109 X110 X120,0.462822222222,0.0171195331814,0.462822222222,0.0171195331814
0.0158489319246,0.0158489319246,0.0158489319246,0.0158489319246,0.0158489319246,0.0158489319246,0.0158489319246,0.0158489319246,0.0158489319246,0.0158489319246,0.0158489319246,0.0158489319246,0.0158489319246,0.0158489319246,0.0158489319246,0.0158489319246,0.0158489319246,0.0158489319246,1,Z0 Z11 Z21,0.651644444444,0.0162440518635,0.651644444444,0.0162440518635
0.0158489319246,0.0158489319246,0.0158489319246,0.0158489319246,0.0158489319246,0.0158489319246,0.0158489319246,0.0158489319246,0.0158489319246,0.0158489319246,0.0158489319246,0.0158489319246,0.0158489319246,0.0158489319246,0.0158489319246,0.0158489319246,0.0158489319246,0.0158489319246,1,Z1 Z11 Z12 Z22,0.423155555556,0.0174873207123,0.423155555556,0.0174873207123
0.0158489319246,0.0158489319246,0.0158489319246,0.0158489319246,0.0158489319246,0.0158489319246,0.0158489319246,0.0158489319246,0.0158489319246,0.0158489319246,0.0158489319246,0.0158489319246,0.0158489319246,0.0158489319246,0.0158489319246,0.0158489319246,0.0158489319246,0.0158489319246,1,Z10 Z20 Z31,0.0737111111111,0.0168114933622,0.0737111111111,0.0168114933622
0.0158489319246,0.0158489319246,0.0158489319246,0.0158489319246,0.0158489319246,0.0158489319246,0.0158489319246,0.0158489319246,0.0158489319246,0.0158489319246,0.0158489319246,0.0158489319246,0.0158489319246,0.0158489319246,0.0158489319246,0.0158489319246,0.0158489319246,0.0158489319246,1,Z105 Z116 Z126,0.5926,0.0154387679416,0.5926,0.0154387679416
0.0158489319246,0.0158489319246,0.0158489319246,0.0158489319246,0.0158489319246,0.0158489319246,0.0158489319246,0.0158489319246,0.0158489319246,0.0158489319246,0.0158489319246,0.0158489319246,0.0158489319246,0.0158489319246,0.0158489319246,0.0158489319246,0.0158489319246,0.0158489319246,1,Z106 Z116 Z117 Z127,0.541355555556,0.0165753667882,0.541355555556,0.0165753667882
0.0158489319246,0.0158489319246,0.0158489319246,0.0158489319246,0.0158489319246,0.0158489319246,0.0158489319246,0.0158489319246,0.0158489319246,0.0158489319246,0.0158489319246,0.0158489319246,0.0158489319246,0.0158489319246,0.0158489319246,0.0158489319246,0.0158489319246,0.0158489319246,1,Z107 Z117 Z118 Z128,0.543066666667,0.0135155366819,0.543066666667,0.0135155366819
0.0158489319246,0.0158489319246,0.0158489319246,0.0158489319246,0.0158489319246,0.0158489319246,0.0158489319246,0.0158489319246,0.0158489319246,0.0158489319246,0.0158489319246,0.0158489319246,0.0158489319246,0.0158489319246,0.0158489319246,0.0158489319246,0.0158489319246,0.0158489319246,1,Z108 Z118 Z119 Z129,0.542666666667,0.0159433864308,0.542666666667,0.0159433864308
0.0158489319246,0.0158489319246,0.0158489319246,0.0158489319246,0.0158489319246,0.0158489319246,0.0158489319246,0.0158489319246,0.0158489319246,0.0158489319246,0.0158489319246,0.0158489319246,0.0158489319246,0.0158489319246,0.0158489319246,0.0158489319246,0.0158489319246,0.0158489319246,1,Z109 Z119 Z120 Z130,0.542955555556,0.0181265735654,0.542955555556,0.0181265735654
0.0158489319246,0.0158489319246,0.0158489319246,0.0158489319246,0.0158489319246,0.0158489319246,0.0158489319246,0.0158489319246,0.0158489319246,0.0158489319246,0.0158489319246,0.0158489319246,0.0158489319246,0.0158489319246,0.0158489319246,0.0158489319246,0.0158489319246,0.0158489319246,1,Z110 Z120 Z121 Z131,0.5432,0.0150589136801,0.5432,0.0150589136801
0.0158489319246,0.0158489319246,0.0158489319246,0.0158489319246,0.0158489319246,0.0158489319246,0.0158489319246,0.0158489319246,0.0158489319246,0.0158489319246,0.0158489319246,0.0158489319246,0.0158489319246,0.0158489319246,0.0158489319246,0.0158489319246,0.0158489319246,0.0158489319246,1,Z111 Z121 Z122 Z132,0.545533333333,0.0157471885224,0.545533333333,0.0157471885224
0.0158489319246,0.0158489319246,0.0158489319246,0.0158489319246,0.0158489319246,0.0158489319246,0.0158489319246,0.0158489319246,0.0158489319246,0.0158489319246,0.0158489319246,0.0158489319246,0.0158489319246,0.0158489319246,0.0158489319246,0.0158489319246,0.0158489319246,0.0158489319246,1,Z112 Z122 Z123 Z133,0.551644444444,0.0154163006066,0.551644444444,0.0154163006066
0.0158489319246,0.0158489319246,0.0158489319246,0.0158489319246,0.0158489319246,0.0158489319246,0.0158489319246,0.0158489319246,0.0158489319246,0.0158489319246,0.0158489319246,0.0158489319246,0.0158489319246,0.0158489319246,0.0158489319246,0.0158489319246,0.0158489319246,0.0158489319246,1,Z113 Z123 Z124 Z134,0.545,0.0156658106883,0.545,0.0156658106883
0.0158489319246,0.0158489319246,0.0158489319246,0.0158489319246,0.0158489319246,0.0158489319246,0.0158489319246,0.0158489319246,0.0158489319246,0.0158489319246,0.0158489319246,0.0158489319246,0.0158489319246,0.0158489319246,0.0158489319246,0.0158489319246,0.0158489319246,0.0158489319246,1,Z114 Z124 Z125 Z135,0.0621555555556,0.0195714103266,0.0621555555556,0.0195714103266
0.0158489319246,0.0158489319246,0.0158489319246,0.0158489319246,0.0158489319246,0.0158489319246,0.0158489319246,0.0158489319246,0.0158489319246,0.0158489319246,0.0158489319246,0.0158489319246,0.0158489319246,0.0158489319246,0.0158489319246,0.0158489319246,0.0158489319246,0.0158489319246,1,Z115 Z125 Z136,0.0785777777778,0.014568883372,0.0785777777778,0.014568883372
0.0158489319246,0.0158489319246,0.0158489319246,0.0158489319246,0.0158489319246,0.0158489319246,0.0158489319246,0.0158489319246,0.0158489319246,0.0158489319246,0.0158489319246,0.0158489319246,0.0158489319246,0.0158489319246,0.0158489319246,0.0158489319246,0.0158489319246,0.0158489319246,1,Z126 Z137 Z147,0.579955555556,0.0153956090006,0.579955555556,0.0153956090006
0.0158489319246,0.0158489319246,0.0158489319246,0.0158489319246,0.0158489319246,0.0158489319246,0.0158489319246,0.0158489319246,0.0158489319246,0.0158489319246,0.0158489319246,0.0158489319246,0.0158489319246,0.0158489319246,0.0158489319246,0.0158489319246,0.0158489319246,0.0158489319246,1,Z127 Z137 Z138 Z148,0.5404,0.0139705217844,0.5404,0.0139705217844
0.0158489319246,0.0158489319246,0.0158489319246,0.0158489319246,0.0158489319246,0.0158489319246,0.0158489319246,0.0158489319246,0.0158489319246,0.0158489319246,0.0158489319246,0.0158489319246,0.0158489319246,0.0158489319246,0.0158489319246,0.0158489319246,0.0158489319246,0.0158489319246,1,Z128 Z138 Z139 Z149,0.5436,0.0162127616354,0.5436,0.0162127616354
0.0158489319246,0.0158489319246,0.0158489319246,0.0158489319246,0.0158489319246,0.0158489319246,0.0158489319246,0.0158489319246,0.0158489319246,0.0158489319246,0.0158489319246,0.0158489319246,0.0158489319246,0.0158489319246,0.0158489319246,0.0158489319246,0.0158489319246,0.0158489319246,1,Z129 Z139 Z140 Z150,0.544822222222,0.0143226994323,0.544822222222,0.0143226994323
0.0158489319246,0.0158489319246,0.0158489319246,0.0158489319246,0.0158489319246,0.0158489319246,0.0158489319246,0.0158489319246,0.0158489319246,0.0158489319246,0.0158489319246,0.0158489319246,0.0158489319246,0.0158489319246,0.0158489319246,0.0158489319246,0.0158489319246,0.0158489319246,1,Z130 Z140 Z141 Z151,0.539711111111,0.0148985672209,0.539711111111,0.0148985672209
0.0158489319246,0.0158489319246,0.0158489319246,0.0158489319246,0.0158489319246,0.0158489319246,0.0158489319246,0.0158489319246,0.0158489319246,0.0158489319246,0.0158489319246,0.0158489319246,0.0158489319246,0.0158489319246,0.0158489319246,0.0158489319246,0.0158489319246,0.0158489319246,1,Z131 Z141 Z142 Z152,0.538044444444,0.0170300013236,0.538044444444,0.0170300013236
0.0158489319246,0.0158489319246,0.0158489319246,0.0158489319246,0.0158489319246,0.0158489319246,0.0158489319246,0.0158489319246,0.0158489319246,0.0158489319246,0.0158489319246,0.0158489319246,0.0158489319246,0.0158489319246,0.0158489319246,0.0158489319246,0.0158489319246,0.0158489319246,1,Z132 Z142 Z143 Z153,0.543177777778,0.014728899664,0.543177777778,0.014728899664
0.0158489319246,0.0158489319246,0.0158489319246,0.0158489319246,0.0158489319246,0.0158489319246,0.0158489319246,0.0158489319246,0.0158489319246,0.0158489319246,0.0158489319246,0.0158489319246,0.0158489319246,0.0158489319246,0.0158489319246,0.0158489319246,0.0158489319246,0.0158489319246,1,Z133 Z143 Z144 Z154,0.541955555556,0.016470043242,0.541955555556,0.016470043242
0.0158489319246,0.0158489319246,0.0158489319246,0.0158489319246,0.0158489319246,0.0158489319246,0.0158489319246,0.0158489319246,0.0158489319246,0.0158489319246,0.0158489319246,0.0158489319246,0.0158489319246,0.0158489319246,0.0158489319246,0.0158489319246,0.0158489319246,0.0158489319246,1,Z134 Z144 Z145 Z155,0.547644444444,0.0168979205534,0.547644444444,0.0168979205534
0.0158489319246,0.0158489319246,0.0158489319246,0.0158489319246,0.0158489319246,0.0158489319246,0.0158489319246,0.0158489319246,0.0158489319246,0.0158489319246,0.0158489319246,0.0158489319246,0.0158489319246,0.0158489319246,0.0158489319246,0.0158489319246,0.0158489319246,0.0158489319246,1,Z135 Z145 Z146 Z156,0.0584888888889,0.0186641487081,0.0584888888889,0.0186641487081
0.0158489319246,0.0158489319246,0.0158489319246,0.0158489319246,0.0158489319246,0.0158489319246,0.0158489319246,0.0158489319246,0.0158489319246,0.0158489319246,0.0158489319246,0.0158489319246,0.0158489319246,0.0158489319246,0.0158489319246,0.0158489319246,0.0158489319246,0.0158489319246,1,Z136 Z146 Z157,0.0670444444444,0.0181096560542,0.0670444444444,0.0181096560542
0.0158489319246,0.0158489319246,0.0158489319246,0.0158489319246,0.0158489319246,0.0158489319246,0.0158489319246,0.0158489319246,0.0158489319246,0.0158489319246,0.0158489319246,0.0158489319246,0.0158489319246,0.0158489319246,0.0158489319246,0.0158489319246,0.0158489319246,0.0158489319246,1,Z147 Z158 Z168,0.571311111111,0.0131136889472,0.571311111111,0.0131136889472
0.0158489319246,0.0158489319246,0.0158489319246,0.0158489319246,0.0158489319246,0.0158489319246,0.0158489319246,0.0158489319246,0.0158489319246,0.0158489319246,0.0158489319246,0.0158489319246,0.0158489319246,0.0158489319246,0.0158489319246,0.0158489319246,0.0158489319246,0.0158489319246,1,Z148 Z158 Z159 Z169,0.547866666667,0.0151603435095,0.547866666667,0.0151603435095
0.0158489319246,0.0158489319246,0.0158489319246,0.0158489319246,0.0158489319246,0.0158489319246,0.0158489319246,0.0158489319246,0.0158489319246,0.0158489319246,0.0158489319246,0.0158489319246,0.0158489319246,0.0158489319246,0.0158489319246,0.0158489319246,0.0158489319246,0.0158489319246,1,Z149 Z159 Z160 Z170,0.542244444444,0.0177262999909,0.542244444444,0.0177262999909
0.0158489319246,0.0158489319246,0.0158489319246,0.0158489319246,0.0158489319246,0.0158489319246,0.0158489319246,0.0158489319246,0.0158489319246,0.0158489319246,0.0158489319246,0.0158489319246,0.0158489319246,0.0158489319246,0.0158489319246,0.0158489319246,0.0158489319246,0.0158489319246,1,Z150 Z160 Z161 Z171,0.539688888889,0.0141461808158,0.539688888889,0.0141461808158
0.0158489319246,0.0158489319246,0.0158489319246,0.0158489319246,0.0158489319246,0.0158489319246,0.0158489319246,0.0158489319246,0.0158489319246,0.0158489319246,0.0158489319246,0.0158489319246,0.0158489319246,0.0158489319246,0.0158489319246,0.0158489319246,0.0158489319246,0.0158489319246,1,Z151 Z161 Z162 Z172,0.545466666667,0.0179598530573,0.545466666667,0.0179598530573
0.0158489319246,0.0158489319246,0.0158489319246,0.0158489319246,0.0158489319246,0.0158489319246,0.0158489319246,0.0158489319246,0.0158489319246,0.0158489319246,0.0158489319246,0.0158489319246,0.0158489319246,0.0158489319246,0.0158489319246,0.0158489319246,0.0158489319246,0.0158489319246,1,Z152 Z162 Z163 Z173,0.544088888889,0.0151960201821,0.544088888889,0.0151960201821
0.0158489319246,0.0158489319246,0.0158489319246,0.0158489319246,0.0158489319246,0.0158489319246,0.0158489319246,0.0158489319246,0.0158489319246,0.0158489319246,0.0158489319246,0.0158489319246,0.0158489319246,0.0158489319246,0.0158489319246,0.0158489319246,0.0158489319246,0.0158489319246,1,Z153 Z163 Z164 Z174,0.545155555556,0.0158469048511,0.545155555556,0.0158469048511
0.0158489319246,0.0158489319246,0.0158489319246,0.0158489319246,0.0158489319246,0.0158489319246,0.0158489319246,0.0158489319246,0.0158489319246,0.0158489319246,0.0158489319246,0.0158489319246,0.0158489319246,0.0158489319246,0.0158489319246,0.0158489319246,0.0158489319246,0.0158489319246,1,Z154 Z164 Z165 Z175,0.542066666667,0.0127051442202,0.542066666667,0.0127051442202
0.0158489319246,0.0158489319246,0.0158489319246,0.0158489319246,0.0158489319246,0.0158489319246,0.0158489319246,0.0158489319246,0.0158489319246,0.0158489319246,0.0158489319246,0.0158489319246,0.0158489319246,0.0158489319246,0.0158489319246,0.0158489319246,0.0158489319246,0.0158489319246,1,Z155 Z165 Z166 Z176,0.549177777778,0.0152191483878,0.549177777778,0.0152191483878
0.0158489319246,0.0158489319246,0.0158489319246,0.0158489319246,0.0158489319246,0.0158489319246,0.0158489319246,0.0158489319246,0.0158489319246,0.0158489319246,0.0158489319246,0.0158489319246,0.0158489319246,0.0158489319246,0.0158489319246,0.0158489319246,0.0158489319246,0.0158489319246,1,Z156 Z166 Z167 Z177,0.0527111111111,0.0184759828223,0.0527111111111,0.0184759828223
0.0158489319246,0.0158489319246,0.0158489319246,0.0158489319246,0.0158489319246,0.0158489319246,0.0158489319246,0.0158489319246,0.0158489319246,0.0158489319246,0.0158489319246,0.0158489319246,0.0158489319246,0.0158489319246,0.0158489319246,0.0158489319246,0.0158489319246,0.0158489319246,1,Z157 Z167 Z178,0.0802444444444,0.0196642183033,0.0802444444444,0.0196642183033
0.0158489319246,0.0158489319246,0.0158489319246,0.0158489319246,0.0158489319246,0.0158489319246,0.0158489319246,0.0158489319246,0.0158489319246,0.0158489319246,0.0158489319246,0.0158489319246,0.0158489319246,0.0158489319246,0.0158489319246,0.0158489319246,0.0158489319246,0.0158489319246,1,Z168 Z179 Z189,0.556577777778,0.0183392745511,0.556577777778,0.0183392745511
0.0158489319246,0.0158489319246,0.0158489319246,0.0158489319246,0.0158489319246,0.0158489319246,0.0158489319246,0.0158489319246,0.0158489319246,0.0158489319246,0.0158489319246,0.0158489319246,0.0158489319246,0.0158489319246,0.0158489319246,0.0158489319246,0.0158489319246,0.0158489319246,1,Z169 Z179 Z180 Z190,0.543133333333,0.0173378862279,0.543133333333,0.0173378862279
0.0158489319246,0.0158489319246,0.0158489319246,0.0158489319246,0.0158489319246,0.0158489319246,0.0158489319246,0.0158489319246,0.0158489319246,0.0158489319246,0.0158489319246,0.0158489319246,0.0158489319246,0.0158489319246,0.0158489319246,0.0158489319246,0.0158489319246,0.0158489319246,1,Z170 Z180 Z181 Z191,0.542111111111,0.0164739044388,0.542111111111,0.0164739044388
0.0158489319246,0.0158489319246,0.0158489319246,0.0158489319246,0.0158489319246,0.0158489319246,0.0158489319246,0.0158489319246,0.0158489319246,0.0158489319246,0.0158489319246,0.0158489319246,0.0158489319246,0.0158489319246,0.0158489319246,0.0158489319246,0.0158489319246,0.0158489319246,1,Z171 Z181 Z182 Z192,0.545311111111,0.0162135966151,0.545311111111,0.0162135966151
0.0158489319246,0.0158489319246,0.0158489319246,0.0158489319246,0.0158489319246,0.0158489319246,0.0158489319246,0.0158489319246,0.0158489319246,0.0158489319246,0.0158489319246,0.0158489319246,0.0158489319246,0.0158489319246,0.0158489319246,0.0158489319246,0.0158489319246,0.0158489319246,1,Z172 Z182 Z183 Z193,0.543888888889,0.015644600095,0.543888888889,0.015644600095
0.0158489319246,0.0158489319246,0.0158489319246,0.0158489319246,0.0158489319246,0.0158489319246,0.0158489319246,0.0158489319246,0.0158489319246,0.0158489319246,0.0158489319246,0.0158489319246,0.0158489319246,0.0158489319246,0.0158489319246,0.0158489319246,0.0158489319246,0.0158489319246,1,Z173 Z183 Z184 Z194,0.5404,0.0156744661437,0.5404,0.0156744661437
0.0158489319246,0.0158489319246,0.0158489319246,0.0158489319246,0.0158489319246,0.0158489319246,0.0158489319246,0.0158489319246,0.0158489319246,0.0158489319246,0.0158489319246,0.0158489319246,0.0158489319246,0.0158489319246,0.0158489319246,0.0158489319246,0.0158489319246,0.0158489319246,1,Z174 Z184 Z185 Z195,0.545022222222,0.0155232944062,0.545022222222,0.0155232944062
0.0158489319246,0.0158489319246,0.0158489319246,0.0158489319246,0.0158489319246,0.0158489319246,0.0158489319246,0.0158489319246,0.0158489319246,0.0158489319246,0.0158489319246,0.0158489319246,0.0158489319246,0.0158489319246,0.0158489319246,0.0158489319246,0.0158489319246,0.0158489319246,1,Z175 Z185 Z186 Z196,0.542222222222,0.0143298133431,0.542222222222,0.0143298133431
0.0158489319246,0.0158489319246,0.0158489319246,0.0158489319246,0.0158489319246,0.0158489319246,0.0158489319246,0.0158489319246,0.0158489319246,0.0158489319246,0.0158489319246,0.0158489319246,0.0158489319246,0.0158489319246,0.0158489319246,0.0158489319246,0.0158489319246,0.0158489319246,1,Z176 Z186 Z187 Z197,0.546155555556,0.015983404548,0.546155555556,0.015983404548
0.0158489319246,0.0158489319246,0.0158489319246,0.0158489319246,0.0158489319246,0.0158489319246,0.0158489319246,0.0158489319246,0.0158489319246,0.0158489319246,0.0158489319246,0.0158489319246,0.0158489319246,0.0158489319246,0.0158489319246,0.0158489319246,0.0158489319246,0.0158489319246,1,Z177 Z187 Z188 Z198,0.0575111111111,0.0226808159579,0.0575111111111,0.0226808159579
0.0158489319246,0.0158489319246,0.0158489319246,0.0158489319246,0.0158489319246,0.0158489319246,0.0158489319246,0.0158489319246,0.0158489319246,0.0158489319246,0.0158489319246,0.0158489319246,0.0158489319246,0.0158489319246,0.0158489319246,0.0158489319246,0.0158489319246,0.0158489319246,1,Z178 Z188 Z199,0.0810444444444,0.0172994215865,0.0810444444444,0.0172994215865
0.0158489319246,0.0158489319246,0.0158489319246,0.0158489319246,0.0158489319246,0.0158489319246,0.0158489319246,0.0158489319246,0.0158489319246,0.0158489319246,0.0158489319246,0.0158489319246,0.0158489319246,0.0158489319246,0.0158489319246,0.0158489319246,0.0158489319246,0.0158489319246,1,Z189 Z200 Z210,0.553422222222,0.0145024593854,0.553422222222,0.0145024593854
0.0158489319246,0.0158489319246,0.0158489319246,0.0158489319246,0.0158489319246,0.0158489319246,0.0158489319246,0.0158489319246,0.0158489319246,0.0158489319246,0.0158489319246,0.0158489319246,0.0158489319246,0.0158489319246,0.0158489319246,0.0158489319246,0.0158489319246,0.0158489319246,1,Z190 Z200 Z201 Z211,0.551755555556,0.0147318128235,0.551755555556,0.0147318128235
0.0158489319246,0.0158489319246,0.0158489319246,0.0158489319246,0.0158489319246,0.0158489319246,0.0158489319246,0.0158489319246,0.0158489319246,0.0158489319246,0.0158489319246,0.0158489319246,0.0158489319246,0.0158489319246,0.0158489319246,0.0158489319246,0.0158489319246,0.0158489319246,1,Z191 Z201 Z202 Z212,0.552288888889,0.0164632956048,0.552288888889,0.0164632956048
0.0158489319246,0.0158489319246,0.0158489319246,0.0158489319246,0.0158489319246,0.0158489319246,0.0158489319246,0.0158489319246,0.0158489319246,0.0158489319246,0.0158489319246,0.0158489319246,0.0158489319246,0.0158489319246,0.0158489319246,0.0158489319246,0.0158489319246,0.0158489319246,1,Z192 Z202 Z203 Z213,0.550133333333,0.0173954677675,0.550133333333,0.0173954677675
0.0158489319246,0.0158489319246,0.0158489319246,0.0158489319246,0.0158489319246,0.0158489319246,0.0158489319246,0.0158489319246,0.0158489319246,0.0158489319246,0.0158489319246,0.0158489319246,0.0158489319246,0.0158489319246,0.0158489319246,0.0158489319246,0.0158489319246,0.0158489319246,1,Z193 Z203 Z204 Z214,0.556777777778,0.0150178267845,0.556777777778,0.0150178267845
0.0158489319246,0.0158489319246,0.0158489319246,0.0158489319246,0.0158489319246,0.0158489319246,0.0158489319246,0.0158489319246,0.0158489319246,0.0158489319246,0.0158489319246,0.0158489319246,0.0158489319246,0.0158489319246,0.0158489319246,0.0158489319246,0.0158489319246,0.0158489319246,1,Z194 Z204 Z205 Z215,0.551755555556,0.0122145360715,0.551755555556,0.0122145360715
0.0158489319246,0.0158489319246,0.0158489319246,0.0158489319246,0.0158489319246,0.0158489319246,0.0158489319246,0.0158489319246,0.0158489319246,0.0158489319246,0.0158489319246,0.0158489319246,0.0158489319246,0.0158489319246,0.0158489319246,0.0158489319246,0.0158489319246,0.0158489319246,1,Z195 Z205 Z206 Z216,0.552866666667,0.0135727357997,0.552866666667,0.0135727357997
0.0158489319246,0.0158489319246,0.0158489319246,0.0158489319246,0.0158489319246,0.0158489319246,0.0158489319246,0.0158489319246,0.0158489319246,0.0158489319246,0.0158489319246,0.0158489319246,0.0158489319246,0.0158489319246,0.0158489319246,0.0158489319246,0.0158489319246,0.0158489319246,1,Z196 Z206 Z207 Z217,0.552333333333,0.0160141221202,0.552333333333,0.0160141221202
0.0158489319246,0.0158489319246,0.0158489319246,0.0158489319246,0.0158489319246,0.0158489319246,0.0158489319246,0.0158489319246,0.0158489319246,0.0158489319246,0.0158489319246,0.0158489319246,0.0158489319246,0.0158489319246,0.0158489319246,0.0158489319246,0.0158489319246,0.0158489319246,1,Z197 Z207 Z208 Z218,0.551777777778,0.0153581341992,0.551777777778,0.0153581341992
0.0158489319246,0.0158489319246,0.0158489319246,0.0158489319246,0.0158489319246,0.0158489319246,0.0158489319246,0.0158489319246,0.0158489319246,0.0158489319246,0.0158489319246,0.0158489319246,0.0158489319246,0.0158489319246,0.0158489319246,0.0158489319246,0.0158489319246,0.0158489319246,1,Z198 Z208 Z209 Z219,0.0578,0.0187069761815,0.0578,0.0187069761815
0.0158489319246,0.0158489319246,0.0158489319246,0.0158489319246,0.0158489319246,0.0158489319246,0.0158489319246,0.0158489319246,0.0158489319246,0.0158489319246,0.0158489319246,0.0158489319246,0.0158489319246,0.0158489319246,0.0158489319246,0.0158489319246,0.0158489319246,0.0158489319246,1,Z199 Z209 Z220,0.0156666666667,0.0113093051573,0.0156666666667,0.0113093051573
0.0158489319246,0.0158489319246,0.0158489319246,0.0158489319246,0.0158489319246,0.0158489319246,0.0158489319246,0.0158489319246,0.0158489319246,0.0158489319246,0.0158489319246,0.0158489319246,0.0158489319246,0.0158489319246,0.0158489319246,0.0158489319246,0.0158489319246,0.0158489319246,1,Z2 Z12 Z13 Z23,0.331377777778,0.0192661801103,0.331377777778,0.0192661801103
0.0158489319246,0.0158489319246,0.0158489319246,0.0158489319246,0.0158489319246,0.0158489319246,0.0158489319246,0.0158489319246,0.0158489319246,0.0158489319246,0.0158489319246,0.0158489319246,0.0158489319246,0.0158489319246,0.0158489319246,0.0158489319246,0.0158489319246,0.0158489319246,1,Z21 Z32 Z42,0.644733333333,0.0139383975838,0.644733333333,0.0139383975838
0.0158489319246,0.0158489319246,0.0158489319246,0.0158489319246,0.0158489319246,0.0158489319246,0.0158489319246,0.0158489319246,0.0158489319246,0.0158489319246,0.0158489319246,0.0158489319246,0.0158489319246,0.0158489319246,0.0158489319246,0.0158489319246,0.0158489319246,0.0158489319246,1,Z22 Z32 Z33 Z43,0.541133333333,0.0138864028426,0.541133333333,0.0138864028426
0.0158489319246,0.0158489319246,0.0158489319246,0.0158489319246,0.0158489319246,0.0158489319246,0.0158489319246,0.0158489319246,0.0158489319246,0.0158489319246,0.0158489319246,0.0158489319246,0.0158489319246,0.0158489319246,0.0158489319246,0.0158489319246,0.0158489319246,0.0158489319246,1,Z23 Z33 Z34 Z44,0.543844444444,0.0153824135373,0.543844444444,0.0153824135373
0.0158489319246,0.0158489319246,0.0158489319246,0.0158489319246,0.0158489319246,0.0158489319246,0.0158489319246,0.0158489319246,0.0158489319246,0.0158489319246,0.0158489319246,0.0158489319246,0.0158489319246,0.0158489319246,0.0158489319246,0.0158489319246,0.0158489319246,0.0158489319246,1,Z24 Z34 Z35 Z45,0.542555555556,0.0164254576109,0.542555555556,0.0164254576109
0.0158489319246,0.0158489319246,0.0158489319246,0.0158489319246,0.0158489319246,0.0158489319246,0.0158489319246,0.0158489319246,0.0158489319246,0.0158489319246,0.0158489319246,0.0158489319246,0.0158489319246,0.0158489319246,0.0158489319246,0.0158489319246,0.0158489319246,0.0158489319246,1,Z25 Z35 Z36 Z46,0.541822222222,0.01422310821,0.541822222222,0.01422310821
0.0158489319246,0.0158489319246,0.0158489319246,0.0158489319246,0.0158489319246,0.0158489319246,0.0158489319246,0.0158489319246,0.0158489319246,0.0158489319246,0.0158489319246,0.0158489319246,0.0158489319246,0.0158489319246,0.0158489319246,0.0158489319246,0.0158489319246,0.0158489319246,1,Z26 Z36 Z37 Z47,0.541644444444,0.0118893149922,0.541644444444,0.0118893149922
0.0158489319246,0.0158489319246,0.0158489319246,0.0158489319246,0.0158489319246,0.0158489319246,0.0158489319246,0.0158489319246,0.0158489319246,0.0158489319246,0.0158489319246,0.0158489319246,0.0158489319246,0.0158489319246,0.0158489319246,0.0158489319246,0.0158489319246,0.0158489319246,1,Z27 Z37 Z38 Z48,0.539577777778,0.0167812003309,0.539577777778,0.0167812003309
0.0158489319246,0.0158489319246,0.0158489319246,0.0158489319246,0.0158489319246,0.0158489319246,0.0158489319246,0.0158489319246,0.0158489319246,0.0158489319246,0.0158489319246,0.0158489319246,0.0158489319246,0.0158489319246,0.0158489319246,0.0158489319246,0.0158489319246,0.0158489319246,1,Z28 Z38 Z39 Z49,0.547844444444,0.0143012828868,0.547844444444,0.0143012828868
0.0158489319246,0.0158489319246,0.0158489319246,0.0158489319246,0.0158489319246,0.0158489319246,0.0158489319246,0.0158489319246,0.0158489319246,0.0158489319246,0.0158489319246,0.0158489319246,0.0158489319246,0.0158489319246,0.0158489319246,0.0158489319246,0.0158489319246,0.0158489319246,1,Z29 Z39 Z40 Z50,0.544333333333,0.0162638682349,0.544333333333,0.0162638682349
0.0158489319246,0.0158489319246,0.0158489319246,0.0158489319246,0.0158489319246,0.0158489319246,0.0158489319246,0.0158489319246,0.0158489319246,0.0158489319246,0.0158489319246,0.0158489319246,0.0158489319246,0.0158489319246,0.0158489319246,0.0158489319246,0.0158489319246,0.0158489319246,1,Z3 Z13 Z14 Z24,0.264444444444,0.0192625206002,0.264444444444,0.0192625206002
0.0158489319246,0.0158489319246,0.0158489319246,0.0158489319246,0.0158489319246,0.0158489319246,0.0158489319246,0.0158489319246,0.0158489319246,0.0158489319246,0.0158489319246,0.0158489319246,0.0158489319246,0.0158489319246,0.0158489319246,0.0158489319246,0.0158489319246,0.0158489319246,1,Z30 Z40 Z41 Z51,0.0744222222222,0.0175289434068,0.0744222222222,0.0175289434068
0.0158489319246,0.0158489319246,0.0158489319246,0.0158489319246,0.0158489319246,0.0158489319246,0.0158489319246,0.0158489319246,0.0158489319246,0.0158489319246,0.0158489319246,0.0158489319246,0.0158489319246,0.0158489319246,0.0158489319246,0.0158489319246,0.0158489319246,0.0158489319246,1,Z31 Z41 Z52,0.0703555555556,0.0167311243982,0.0703555555556,0.0167311243982
0.0158489319246,0.0158489319246,0.0158489319246,0.0158489319246,0.0158489319246,0.0158489319246,0.0158489319246,0.0158489319246,0.0158489319246,0.0158489319246,0.0158489319246,0.0158489319246,0.0158489319246,0.0158489319246,0.0158489319246,0.0158489319246,0.0158489319246,0.0158489319246,1,Z4 Z14 Z15 Z25,0.202488888889,0.0189606839307,0.202488888889,0.0189606839307
0.0158489319246,0.0158489319246,0.0158489319246,0.0158489319246,0.0158489319246,0.0158489319246,0.0158489319246,0.0158489319246,0.0158489319246,0.0158489319246,0.0158489319246,0.0158489319246,0.0158489319246,0.0158489319246,0.0158489319246,0.0158489319246,0.0158489319246,0.0158489319246,1,Z42 Z53 Z63,0.635288888889,0.0114281809822,0.635288888889,0.0114281809822
0.0158489319246,0.0158489319246,0.0158489319246,0.0158489319246,0.0158489319246,0.0158489319246,0.0158489319246,0.0158489319246,0.0158489319246,0.0158489319246,0.0158489319246,0.0158489319246,0.0158489319246,0.0158489319246,0.0158489319246,0.0158489319246,0.0158489319246,0.0158489319246,1,Z43 Z53 Z54 Z64,0.541911111111,0.0184998567528,0.541911111111,0.0184998567528
0.0158489319246,0.0158489319246,0.0158489319246,0.0158489319246,0.0158489319246,0.0158489319246,0.0158489319246,0.0158489319246,0.0158489319246,0.0158489319246,0.0158489319246,0.0158489319246,0.0158489319246,0.0158489319246,0.0158489319246,0.0158489319246,0.0158489319246,0.0158489319246,1,Z44 Z54 Z55 Z65,0.544177777778,0.0147582649961,0.544177777778,0.0147582649961
0.0158489319246,0.0158489319246,0.0158489319246,0.0158489319246,0.0158489319246,0.0158489319246,0.0158489319246,0.0158489319246,0.0158489319246,0.0158489319246,0.0158489319246,0.0158489319246,0.0158489319246,0.0158489319246,0.0158489319246,0.0158489319246,0.0158489319246,0.0158489319246,1,Z45 Z55 Z56 Z66,0.540355555556,0.0166779119151,0.540355555556,0.0166779119151
0.0158489319246,0.0158489319246,0.0158489319246,0.0158489319246,0.0158489319246,0.0158489319246,0.0158489319246,0.0158489319246,0.0158489319246,0.0158489319246,0.0158489319246,0.0158489319246,0.0158489319246,0.0158489319246,0.0158489319246,0.0158489319246,0.0158489319246,0.0158489319246,1,Z46 Z56 Z57 Z67,0.545244444444,0.0169432076679,0.545244444444,0.0169432076679
0.0158489319246,0.0158489319246,0.0158489319246,0.0158489319246,0.0158489319246,0.0158489319246,0.0158489319246,0.0158489319246,0.0158489319246,0.0158489319246,0.0158489319246,0.0158489319246,0.0158489319246,0.0158489319246,0.0158489319246,0.0158489319246,0.0158489319246,0.0158489319246,1,Z47 Z57 Z58 Z68,0.541111111111,0.011722635318,0.541111111111,0.011722635318
0.0158489319246,0.0158489319246,0.0158489319246,0.0158489319246,0.0158489319246,0.0158489319246,0.0158489319246,0.0158489319246,0.0158489319246,0.0158489319246,0.0158489319246,0.0158489319246,0.0158489319246,0.0158489319246,0.0158489319246,0.0158489319246,0.0158489319246,0.0158489319246,1,Z48 Z58 Z59 Z69,0.544422222222,0.0141653977345,0.544422222222,0.0141653977345
0.0158489319246,0.0158489319246,0.0158489319246,0.0158489319246,0.0158489319246,0.0158489319246,0.0158489319246,0.0158489319246,0.0158489319246,0.0158489319246,0.0158489319246,0.0158489319246,0.0158489319246,0.0158489319246,0.0158489319246,0.0158489319246,0.0158489319246,0.0158489319246,1,Z49 Z59 Z60 Z70,0.546155555556,0.0140744417509,0.546155555556,0.0140744417509
0.0158489319246,0.0158489319246,0.0158489319246,0.0158489319246,0.0158489319246,0.0158489319246,0.0158489319246,0.0158489319246,0.0158489319246,0.0158489319246,0.0158489319246,0.0158489319246,0.0158489319246,0.0158489319246,0.0158489319246,0.0158489319246,0.0158489319246,0.0158489319246,1,Z5 Z15 Z16 Z26,0.159355555556,0.0176778176331,0.159355555556,0.0176778176331
0.0158489319246,0.0158489319246,0.0158489319246,0.0158489319246,0.0158489319246,0.0158489319246,0.0158489319246,0.0158489319246,0.0158489319246,0.0158489319246,0.0158489319246,0.0158489319246,0.0158489319246,0.0158489319246,0.0158489319246,0.0158489319246,0.0158489319246,0.0158489319246,1,Z50 Z60 Z61 Z71,0.543555555556,0.0159504340813,0.543555555556,0.0159504340813
0.0158489319246,0.0158489319246,0.0158489319246,0.0158489319246,0.0158489319246,0.0158489319246,0.0158489319246,0.0158489319246,0.0158489319246,0.0158489319246,0.0158489319246,0.0158489319246,0.0158489319246,0.0158489319246,0.0158489319246,0.0158489319246,0.0158489319246,0.0158489319246,1,Z51 Z61 Z62 Z72,0.068,0.0191673413175,0.068,0.0191673413175
0.0158489319246,0.0158489319246,0.0158489319246,0.0158489319246,0.0158489319246,0.0158489319246,0.0158489319246,0.0158489319246,0.0158489319246,0.0158489319246,0.0158489319246,0.0158489319246,0.0158489319246,0.0158489319246,0.0158489319246,0.0158489319246,0.0158489319246,0.0158489319246,1,Z52 Z62 Z73,0.0735777777778,0.0156067411836,0.0735777777778,0.0156067411836
0.0158489319246,0.0158489319246,0.0158489319246,0.0158489319246,0.0158489319246,0.0158489319246,0.0158489319246,0.0158489319246,0.0158489319246,0.0158489319246,0.0158489319246,0.0158489319246,0.0158489319246,0.0158489319246,0.0158489319246,0.0158489319246,0.0158489319246,0.0158489319246,1,Z6 Z16 Z17 Z27,0.129555555556,0.0206279454339,0.129555555556,0.0206279454339
0.0158489319246,0.0158489319246,0.0158489319246,0.0158489319246,0.0158489319246,0.0158489319246,0.0158489319246,0.0158489319246,0.0158489319246,0.0158489319246,0.0158489319246,0.0158489319246,0.0158489319246,0.0158489319246,0.0158489319246,0.0158489319246,0.0158489319246,0.0158489319246,1,Z63 Z74 Z84,0.618488888889,0.0159077159844,0.618488888889,0.0159077159844
0.0158489319246,0.0158489319246,0.0158489319246,0.0158489319246,0.0158489319246,0.0158489319246,0.0158489319246,0.0158489319246,0.0158489319246,0.0158489319246,0.0158489319246,0.0158489319246,0.0158489319246,0.0158489319246,0.0158489319246,0.0158489319246,0.0158489319246,0.0158489319246,1,Z64 Z74 Z75 Z85,0.5492,0.0151370748324,0.5492,0.0151370748324
0.0158489319246,0.0158489319246,0.0158489319246,0.0158489319246,0.0158489319246,0.0158489319246,0.0158489319246,0.0158489319246,0.0158489319246,0.0158489319246,0.0158489319246,0.0158489319246,0.0158489319246,0.0158489319246,0.0158489319246,0.0158489319246,0.0158489319246,0.0158489319246,1,Z65 Z75 Z76 Z86,0.542,0.0157859241826,0.542,0.0157859241826
0.0158489319246,0.0158489319246,0.0158489319246,0.0158489319246,0.0158489319246,0.0158489319246,0.0158489319246,0.0158489319246,0.0158489319246,0.0158489319246,0.0158489319246,0.0158489319246,0.0158489319246,0.0158489319246,0.0158489319246,0.0158489319246,0.0158489319246,0.0158489319246,1,Z66 Z76 Z77 Z87,0.536866666667,0.0146991802623,0.536866666667,0.0146991802623
0.0158489319246,0.0158489319246,0.0158489319246,0.0158489319246,0.0158489319246,0.0158489319246,0.0158489319246,0.0158489319246,0.0158489319246,0.0158489319246,0.0158489319246,0.0158489319246,0.0158489319246,0.0158489319246,0.0158489319246,0.0158489319246,0.0158489319246,0.0158489319246,1,Z67 Z77 Z78 Z88,0.5446,0.0153860662446,0.5446,0.0153860662446
0.0158489319246,0.0158489319246,0.0158489319246,0.0158489319246,0.0158489319246,0.0158489319246,0.0158489319246,0.0158489319246,0.0158489319246,0.0158489319246,0.0158489319246,0.0158489319246,0.0158489319246,0.0158489319246,0.0158489319246,0.0158489319246,0.0158489319246,0.0158489319246,1,Z68 Z78 Z79 Z89,0.550777777778,0.0144371629156,0.550777777778,0.0144371629156
0.0158489319246,0.0158489319246,0.0158489319246,0.0158489319246,0.0158489319246,0.0158489319246,0.0158489319246,0.0158489319246,0.0158489319246,0.0158489319246,0.0158489319246,0.0158489319246,0.0158489319246,0.0158489319246,0.0158489319246,0.0158489319246,0.0158489319246,0.0158489319246,1,Z69 Z79 Z80 Z90,0.543311111111,0.0157970687744,0.543311111111,0.0157970687744
0.0158489319246,0.0158489319246,0.0158489319246,0.0158489319246,0.0158489319246,0.0158489319246,0.0158489319246,0.0158489319246,0.0158489319246,0.0158489319246,0.0158489319246,0.0158489319246,0.0158489319246,0.0158489319246,0.0158489319246,0.0158489319246,0.0158489319246,0.0158489319246,1,Z7 Z17 Z18 Z28,0.0996444444444,0.0187410123202,0.0996444444444,0.0187410123202
0.0158489319246,0.0158489319246,0.0158489319246,0.0158489319246,0.0158489319246,0.0158489319246,0.0158489319246,0.0158489319246,0.0158489319246,0.0158489319246,0.0158489319246,0.0158489319246,0.0158489319246,0.0158489319246,0.0158489319246,0.0158489319246,0.0158489319246,0.0158489319246,1,Z70 Z80 Z81 Z91,0.546555555556,0.0186001139809,0.546555555556,0.0186001139809
0.0158489319246,0.0158489319246,0.0158489319246,0.0158489319246,0.0158489319246,0.0158489319246,0.0158489319246,0.0158489319246,0.0158489319246,0.0158489319246,0.0158489319246,0.0158489319246,0.0158489319246,0.0158489319246,0.0158489319246,0.0158489319246,0.0158489319246,0.0158489319246,1,Z71 Z81 Z82 Z92,0.544111111111,0.016068897001,0.544111111111,0.016068897001
0.0158489319246,0.0158489319246,0.0158489319246,0.0158489319246,0.0158489319246,0.0158489319246,0.0158489319246,0.0158489319246,0.0158489319246,0.0158489319246,0.0158489319246,0.0158489319246,0.0158489319246,0.0158489319246,0.0158489319246,0.0158489319246,0.0158489319246,0.0158489319246,1,Z72 Z82 Z83 Z93,0.0672666666667,0.0173389469248,0.0672666666667,0.0173389469248
0.0158489319246,0.0158489319246,0.0158489319246,0.0158489319246,0.0158489319246,0.0158489319246,0.0158489319246,0.0158489319246,0.0158489319246,0.0158489319246,0.0158489319246,0.0158489319246,0.0158489319246,0.0158489319246,0.0158489319246,0.0158489319246,0.0158489319246,0.0158489319246,1,Z73 Z83 Z94,0.0732888888889,0.0198545927465,0.0732888888889,0.0198545927465
0.0158489319246,0.0158489319246,0.0158489319246,0.0158489319246,0.0158489319246,0.0158489319246,0.0158489319246,0.0158489319246,0.0158489319246,0.0158489319246,0.0158489319246,0.0158489319246,0.0158489319246,0.0158489319246,0.0158489319246,0.0158489319246,0.0158489319246,0.0158489319246,1,Z8 Z18 Z19 Z29,0.0804888888889,0.0187452641955,0.0804888888889,0.0187452641955
0.0158489319246,0.0158489319246,0.0158489319246,0.0158489319246,0.0158489319246,0.0158489319246,0.0158489319246,0.0158489319246,0.0158489319246,0.0158489319246,0.0158489319246,0.0158489319246,0.0158489319246,0.0158489319246,0.0158489319246,0.0158489319246,0.0158489319246,0.0158489319246,1,Z84 Z95 Z105,0.613222222222,0.0156563510508,0.613222222222,0.0156563510508
0.0158489319246,0.0158489319246,0.0158489319246,0.0158489319246,0.0158489319246,0.0158489319246,0.0158489319246,0.0158489319246,0.0158489319246,0.0158489319246,0.0158489319246,0.0158489319246,0.0158489319246,0.0158489319246,0.0158489319246,0.0158489319246,0.0158489319246,0.0158489319246,1,Z85 Z95 Z96 Z106,0.542555555556,0.0174549959547,0.542555555556,0.0174549959547
0.0158489319246,0.0158489319246,0.0158489319246,0.0158489319246,0.0158489319246,0.0158489319246,0.0158489319246,0.0158489319246,0.0158489319246,0.0158489319246,0.0158489319246,0.0158489319246,0.0158489319246,0.0158489319246,0.0158489319246,0.0158489319246,0.0158489319246,0.0158489319246,1,Z86 Z96 Z97 Z107,0.541911111111,0.0161617621031,0.541911111111,0.0161617621031
0.0158489319246,0.0158489319246,0.0158489319246,0.0158489319246,0.0158489319246,0.0158489319246,0.0158489319246,0.0158489319246,0.0158489319246,0.0158489319246,0.0158489319246,0.0158489319246,0.0158489319246,0.0158489319246,0.0158489319246,0.0158489319246,0.0158489319246,0.0158489319246,1,Z87 Z97 Z98 Z108,0.543955555556,0.013383736151,0.543955555556,0.013383736151
0.0158489319246,0.0158489319246,0.0158489319246,0.0158489319246,0.0158489319246,0.0158489319246,0.0158489319246,0.0158489319246,0.0158489319246,0.0158489319246,0.0158489319246,0.0158489319246,0.0158489319246,0.0158489319246,0.0158489319246,0.0158489319246,0.0158489319246,0.0158489319246,1,Z88 Z98 Z99 Z109,0.5428,0.0168939899536,0.5428,0.0168939899536
0.0158489319246,0.0158489319246,0.0158489319246,0.0158489319246,0.0158489319246,0.0158489319246,0.0158489319246,0.0158489319246,0.0158489319246,0.0158489319246,0.0158489319246,0.0158489319246,0.0158489319246,0.0158489319246,0.0158489319246,0.0158489319246,0.0158489319246,0.0158489319246,1,Z89 Z99 Z100 Z110,0.543488888889,0.0141450432225,0.543488888889,0.0141450432225
0.0158489319246,0.0158489319246,0.0158489319246,0.0158489319246,0.0158489319246,0.0158489319246,0.0158489319246,0.0158489319246,0.0158489319246,0.0158489319246,0.0158489319246,0.0158489319246,0.0158489319246,0.0158489319246,0.0158489319246,0.0158489319246,0.0158489319246,0.0158489319246,1,Z9 Z19 Z20 Z30,0.0140666666667,0.0116294644952,0.0140666666667,0.0116294644952
0.0158489319246,0.0158489319246,0.0158489319246,0.0158489319246,0.0158489319246,0.0158489319246,0.0158489319246,0.0158489319246,0.0158489319246,0.0158489319246,0.0158489319246,0.0158489319246,0.0158489319246,0.0158489319246,0.0158489319246,0.0158489319246,0.0158489319246,0.0158489319246,1,Z90 Z100 Z101 Z111,0.543066666667,0.0140580079032,0.543066666667,0.0140580079032
0.0158489319246,0.0158489319246,0.0158489319246,0.0158489319246,0.0158489319246,0.0158489319246,0.0158489319246,0.0158489319246,0.0158489319246,0.0158489319246,0.0158489319246,0.0158489319246,0.0158489319246,0.0158489319246,0.0158489319246,0.0158489319246,0.0158489319246,0.0158489319246,1,Z91 Z101 Z102 Z112,0.546066666667,0.0154476994282,0.546066666667,0.0154476994282
0.0158489319246,0.0158489319246,0.0158489319246,0.0158489319246,0.0158489319246,0.0158489319246,0.0158489319246,0.0158489319246,0.0158489319246,0.0158489319246,0.0158489319246,0.0158489319246,0.0158489319246,0.0158489319246,0.0158489319246,0.0158489319246,0.0158489319246,0.0158489319246,1,Z92 Z102 Z103 Z113,0.540288888889,0.0136958570611,0.540288888889,0.0136958570611
0.0158489319246,0.0158489319246,0.0158489319246,0.0158489319246,0.0158489319246,0.0158489319246,0.0158489319246,0.0158489319246,0.0158489319246,0.0158489319246,0.0158489319246,0.0158489319246,0.0158489319246,0.0158489319246,0.0158489319246,0.0158489319246,0.0158489319246,0.0158489319246,1,Z93 Z103 Z104 Z114,0.0679777777778,0.019438464324,0.0679777777778,0.019438464324
0.0158489319246,0.0158489319246,0.0158489319246,0.0158489319246,0.0158489319246,0.0158489319246,0.0158489319246,0.0158489319246,0.0158489319246,0.0158489319246,0.0158489319246,0.0158489319246,0.0158489319246,0.0158489319246,0.0158489319246,0.0158489319246,0.0158489319246,0.0158489319246,1,Z94 Z104 Z115,0.0741333333333,0.0157969879276,0.0741333333333,0.0157969879276
0.0158489319246,0.0158489319246,0.0158489319246,0.0158489319246,0.0158489319246,0.0158489319246,0.0158489319246,0.0158489319246,0.0158489319246,0.0158489319246,0.0158489319246,0.0158489319246,0.0158489319246,0.0158489319246,0.0158489319246,0.0158489319246,0.0158489319246,0.0158489319246,5,Logical X,0.234288888889,0.0152131051927,0.236311111111,0.0195824092877
0.0158489319246,0.0158489319246,0.0158489319246,0.0158489319246,0.0158489319246,0.0158489319246,0.0158489319246,0.0158489319246,0.0158489319246,0.0158489319246,0.0158489319246,0.0158489319246,0.0158489319246,0.0158489319246,0.0158489319246,0.0158489319246,0.0158489319246,0.0158489319246,5,Logical Y,0.0137555555556,0.0108990256984,-0.00215555555556,0.0183567735905
0.0158489319246,0.0158489319246,0.0158489319246,0.0158489319246,0.0158489319246,0.0158489319246,0.0158489319246,0.0158489319246,0.0158489319246,0.0158489319246,0.0158489319246,0.0158489319246,0.0158489319246,0.0158489319246,0.0158489319246,0.0158489319246,0.0158489319246,0.0158489319246,5,Logical Z,0.0136666666667,0.00969219775479,0.002,0.0190333444049
0.0158489319246,0.0158489319246,0.0158489319246,0.0158489319246,0.0158489319246,0.0158489319246,0.0158489319246,0.0158489319246,0.0158489319246,0.0158489319246,0.0158489319246,0.0158489319246,0.0158489319246,0.0158489319246,0.0158489319246,0.0158489319246,0.0158489319246,0.0158489319246,5,X0 X1 X11,0.487244444444,0.0153235684382,0.487244444444,0.0153235684382
0.0158489319246,0.0158489319246,0.0158489319246,0.0158489319246,0.0158489319246,0.0158489319246,0.0158489319246,0.0158489319246,0.0158489319246,0.0158489319246,0.0158489319246,0.0158489319246,0.0158489319246,0.0158489319246,0.0158489319246,0.0158489319246,0.0158489319246,0.0158489319246,5,X1 X2 X12,0.304844444444,0.0189760351654,0.304844444444,0.0189760351654
0.0158489319246,0.0158489319246,0.0158489319246,0.0158489319246,0.0158489319246,0.0158489319246,0.0158489319246,0.0158489319246,0.0158489319246,0.0158489319246,0.0158489319246,0.0158489319246,0.0158489319246,0.0158489319246,0.0158489319246,0.0158489319246,0.0158489319246,0.0158489319246,5,X100 X110 X111 X121,0.463644444444,0.0206111477729,0.463644444444,0.0206111477729
0.0158489319246,0.0158489319246,0.0158489319246,0.0158489319246,0.0158489319246,0.0158489319246,0.0158489319246,0.0158489319246,0.0158489319246,0.0158489319246,0.0158489319246,0.0158489319246,0.0158489319246,0.0158489319246,0.0158489319246,0.0158489319246,0.0158489319246,0.0158489319246,5,X101 X111 X112 X122,0.465844444444,0.0192683675289,0.465844444444,0.0192683675289
0.0158489319246,0.0158489319246,0.0158489319246,0.0158489319246,0.0158489319246,0.0158489319246,0.0158489319246,0.0158489319246,0.0158489319246,0.0158489319246,0.0158489319246,0.0158489319246,0.0158489319246,0.0158489319246,0.0158489319246,0.0158489319246,0.0158489319246,0.0158489319246,5,X102 X112 X113 X123,0.4604,0.0145908174556,0.4604,0.0145908174556
0.0158489319246,0.0158489319246,0.0158489319246,0.0158489319246,0.0158489319246,0.0158489319246,0.0158489319246,0.0158489319246,0.0158489319246,0.0158489319246,0.0158489319246,0.0158489319246,0.0158489319246,0.0158489319246,0.0158489319246,0.0158489319246,0.0158489319246,0.0158489319246,5,X103 X113 X114 X124,0.463733333333,0.0187825630394,0.463733333333,0.0187825630394
0.0158489319246,0.0158489319246,0.0158489319246,0.0158489319246,0.0158489319246,0.0158489319246,0.0158489319246,0.0158489319246,0.0158489319246,0.0158489319246,0.0158489319246,0.0158489319246,0.0158489319246,0.0158489319246,0.0158489319246,0.0158489319246,0.0158489319246,0.0158489319246,5,X104 X114 X115 X125,0.0159777777778,0.0139605172135,0.0159777777778,0.0139605172135
0.0158489319246,0.0158489319246,0.0158489319246,0.0158489319246,0.0158489319246,0.0158489319246,0.0158489319246,0.0158489319246,0.0158489319246,0.0158489319246,0.0158489319246,0.0158489319246,0.0158489319246,0.0158489319246,0.0158489319246,0.0158489319246,0.0158489319246,0.0158489319246,5,X11 X21 X22 X32,0.467577777778,0.0132080125842,0.467577777778,0.0132080125842
0.0158489319246,0.0158489319246,0.0158489319246,0.0158489319246,0.0158489319246,0.0158489319246,0.0158489319246,0.0158489319246,0.0158489319246,0.0158489319246,0.0158489319246,0.0158489319246,0.0158489319246,0.0158489319246,0.0158489319246,0.0158489319246,0.0158489319246,0.0158489319246,5,X116 X126 X127 X137,0.462644444444,0.0176838851969,0.462644444444,0.0176838851969
0.0158489319246,0.0158489319246,0.0158489319246,0.0158489319246,0.0158489319246,0.0158489319246,0.0158489319246,0.0158489319246,0.0158489319246,0.0158489319246,0.0158489319246,0.0158489319246,0.0158489319246,0.0158489319246,0.0158489319246,0.0158489319246,0.0158489319246,0.0158489319246,5,X117 X127 X128 X138,0.463177777778,0.0139519518494,0.463177777778,0.0139519518494
0.0158489319246,0.0158489319246,0.0158489319246,0.0158489319246,0.0158489319246,0.0158489319246,0.0158489319246,0.0158489319246,0.0158489319246,0.0158489319246,0.0158489319246,0.0158489319246,0.0158489319246,0.0158489319246,0.0158489319246,0.0158489319246,0.0158489319246,0.0158489319246,5,X118 X128 X129 X139,0.462133333333,0.0143683347033,0.462133333333,0.0143683347033
0.0158489319246,0.0158489319246,0.0158489319246,0.0158489319246,0.0158489319246,0.0158489319246,0.0158489319246,0.0158489319246,0.0158489319246,0.0158489319246,0.0158489319246,0.0158489319246,0.0158489319246,0.0158489319246,0.0158489319246,0.0158489319246,0.0158489319246,0.0158489319246,5,X119 X129 X130 X140,0.460044444444,0.0146707761571,0.460044444444,0.0146707761571
0.0158489319246,0.0158489319246,0.0158489319246,0.0158489319246,0.0158489319246,0.0158489319246,0.0158489319246,0.0158489319246,0.0158489319246,0.0158489319246,0.0158489319246,0.0158489319246,0.0158489319246,0.0158489319246,0.0158489319246,0.0158489319246,0.0158489319246,0.0158489319246,5,X12 X22 X23 X33,0.453,0.0165608132771,0.453,0.0165608132771
0.0158489319246,0.0158489319246,0.0158489319246,0.0158489319246,0.0158489319246,0.0158489319246,0.0158489319246,0.0158489319246,0.0158489319246,0.0158489319246,0.0158489319246,0.0158489319246,0.0158489319246,0.0158489319246,0.0158489319246,0.0158489319246,0.0158489319246,0.0158489319246,5,X120 X130 X131 X141,0.465466666667,0.0159139448235,0.465466666667,0.0159139448235
0.0158489319246,0.0158489319246,0.0158489319246,0.0158489319246,0.0158489319246,0.0158489319246,0.0158489319246,0.0158489319246,0.0158489319246,0.0158489319246,0.0158489319246,0.0158489319246,0.0158489319246,0.0158489319246,0.0158489319246,0.0158489319246,0.0158489319246,0.0158489319246,5,X121 X131 X132 X142,0.464444444444,0.0107201723171,0.464444444444,0.0107201723171
0.0158489319246,0.0158489319246,0.0158489319246,0.0158489319246,0.0158489319246,0.0158489319246,0.0158489319246,0.0158489319246,0.0158489319246,0.0158489319246,0.0158489319246,0.0158489319246,0.0158489319246,0.0158489319246,0.0158489319246,0.0158489319246,0.0158489319246,0.0158489319246,5,X122 X132 X133 X143,0.461377777778,0.018032693454,0.461377777778,0.018032693454
0.0158489319246,0.0158489319246,0.0158489319246,0.0158489319246,0.0158489319246,0.0158489319246,0.0158489319246,0.0158489319246,0.0158489319246,0.0158489319246,0.0158489319246,0.0158489319246,0.0158489319246,0.0158489319246,0.0158489319246,0.0158489319246,0.0158489319246,0.0158489319246,5,X123 X133 X134 X144,0.467244444444,0.0181924436617,0.467244444444,0.0181924436617
0.0158489319246,0.0158489319246,0.0158489319246,0.0158489319246,0.0158489319246,0.0158489319246,0.0158489319246,0.0158489319246,0.0158489319246,0.0158489319246,0.0158489319246,0.0158489319246,0.0158489319246,0.0158489319246,0.0158489319246,0.0158489319246,0.0158489319246,0.0158489319246,5,X124 X134 X135 X145,0.462022222222,0.0144152785415,0.462022222222,0.0144152785415
0.0158489319246,0.0158489319246,0.0158489319246,0.0158489319246,0.0158489319246,0.0158489319246,0.0158489319246,0.0158489319246,0.0158489319246,0.0158489319246,0.0158489319246,0.0158489319246,0.0158489319246,0.0158489319246,0.0158489319246,0.0158489319246,0.0158489319246,0.0158489319246,5,X125 X135 X136 X146,0.0178666666667,0.0104495137286,0.0178666666667,0.0104495137286
0.0158489319246,0.0158489319246,0.0158489319246,0.0158489319246,0.0158489319246,0.0158489319246,0.0158489319246,0.0158489319246,0.0158489319246,0.0158489319246,0.0158489319246,0.0158489319246,0.0158489319246,0.0158489319246,0.0158489319246,0.0158489319246,0.0158489319246,0.0158489319246,5,X13 X23 X24 X34,0.458555555556,0.0141714551294,0.458555555556,0.0141714551294
0.0158489319246,0.0158489319246,0.0158489319246,0.0158489319246,0.0158489319246,0.0158489319246,0.0158489319246,0.0158489319246,0.0158489319246,0.0158489319246,0.0158489319246,0.0158489319246,0.0158489319246,0.0158489319246,0.0158489319246,0.0158489319246,0.0158489319246,0.0158489319246,5,X137 X147 X148 X158,0.463622222222,0.0159920318601,0.463622222222,0.0159920318601
0.0158489319246,0.0158489319246,0.0158489319246,0.0158489319246,0.0158489319246,0.0158489319246,0.0158489319246,0.0158489319246,0.0158489319246,0.0158489319246,0.0158489319246,0.0158489319246,0.0158489319246,0.0158489319246,0.0158489319246,0.0158489319246,0.0158489319246,0.0158489319246,5,X138 X148 X149 X159,0.462333333333,0.0143846981279,0.462333333333,0.0143846981279
0.0158489319246,0.0158489319246,0.0158489319246,0.0158489319246,0.0158489319246,0.0158489319246,0.0158489319246,0.0158489319246,0.0158489319246,0.0158489319246,0.0158489319246,0.0158489319246,0.0158489319246,0.0158489319246,0.0158489319246,0.0158489319246,0.0158489319246,0.0158489319246,5,X139 X149 X150 X160,0.460288888889,0.0146997363162,0.460288888889,0.0146997363162
0.0158489319246,0.0158489319246,0.0158489319246,0.0158489319246,0.0158489319246,0.0158489319246,0.0158489319246,0.0158489319246,0.0158489319246,0.0158489319246,0.0158489319246,0.0158489319246,0.0158489319246,0.0158489319246,0.0158489319246,0.0158489319246,0.0158489319246,0.0158489319246,5,X14 X24 X25 X35,0.461866666667,0.0131404438421,0.461866666667,0.0131404438421
0.0158489319246,0.0158489319246,0.0158489319246,0.0158489319246,0.0158489319246,0.0158489319246,0.0158489319246,0.0158489319246,0.0158489319246,0.0158489319246,0.0158489319246,0.0158489319246,0.0158489319246,0.0158489319246,0.0158489319246,0.0158489319246,0.0158489319246,0.0158489319246,5,X140 X150 X151 X161,0.461422222222,0.0188567768509,0.461422222222,0.0188567768509
0.0158489319246,0.0158489319246,0.0158489319246,0.0158489319246,0.0158489319246,0.0158489319246,0.0158489319246,0.0158489319246,0.0158489319246,0.0158489319246,0.0158489319246,0.0158489319246,0.0158489319246,0.0158489319246,0.0158489319246,0.0158489319246,0.0158489319246,0.0158489319246,5,X141 X151 X152 X162,0.4664,0.017420294678,0.4664,0.017420294678
0.0158489319246,0.0158489319246,0.0158489319246,0.0158489319246,0.0158489319246,0.0158489319246,0.0158489319246,0.0158489319246,0.0158489319246,0.0158489319246,0.0158489319246,0.0158489319246,0.0158489319246,0.0158489319246,0.0158489319246,0.0158489319246,0.0158489319246,0.0158489319246,5,X142 X152 X153 X163,0.463466666667,0.0181407016808,0.463466666667,0.0181407016808
0.0158489319246,0.0158489319246,0.0158489319246,0.0158489319246,0.0158489319246,0.0158489319246,0.0158489319246,0.0158489319246,0.0158489319246,0.0158489319246,0.0158489319246,0.0158489319246,0.0158489319246,0.0158489319246,0.0158489319246,0.0158489319246,0.0158489319246,0.0158489319246,5,X143 X153 X154 X164,0.460244444444,0.0151735637553,0.460244444444,0.0151735637553
0.0158489319246,0.0158489319246,0.0158489319246,0.0158489319246,0.0158489319246,0.0158489319246,0.0158489319246,0.0158489319246,0.0158489319246,0.0158489319246,0.0158489319246,0.0158489319246,0.0158489319246,0.0158489319246,0.0158489319246,0.0158489319246,0.0158489319246,0.0158489319246,5,X144 X154 X155 X165,0.467755555556,0.0202259143613,0.467755555556,0.0202259143613
0.0158489319246,0.0158489319246,0.0158489319246,0.0158489319246,0.0158489319246,0.0158489319246,0.0158489319246,0.0158489319246,0.0158489319246,0.0158489319246,0.0158489319246,0.0158489319246,0.0158489319246,0.0158489319246,0.0158489319246,0.0158489319246,0.0158489319246,0.0158489319246,5,X145 X155 X156 X166,0.458822222222,0.0163258799164,0.458822222222,0.0163258799164
0.0158489319246,0.0158489319246,0.0158489319246,0.0158489319246,0.0158489319246,0.0158489319246,0.0158489319246,0.0158489319246,0.0158489319246,0.0158489319246,0.0158489319246,0.0158489319246,0.0158489319246,0.0158489319246,0.0158489319246,0.0158489319246,0.0158489319246,0.0158489319246,5,X146 X156 X157 X167,0.0131777777778,0.00902220901043,0.0131777777778,0.00902220901043
0.0158489319246,0.0158489319246,0.0158489319246,0.0158489319246,0.0158489319246,0.0158489319246,0.0158489319246,0.0158489319246,0.0158489319246,0.0158489319246,0.0158489319246,0.0158489319246,0.0158489319246,0.0158489319246,0.0158489319246,0.0158489319246,0.0158489319246,0.0158489319246,5,X15 X25 X26 X36,0.462555555556,0.0158972595372,0.462555555556,0.0158972595372
0.0158489319246,0.0158489319246,0.0158489319246,0.0158489319246,0.0158489319246,0.0158489319246,0.0158489319246,0.0158489319246,0.0158489319246,0.0158489319246,0.0158489319246,0.0158489319246,0.0158489319246,0.0158489319246,0.0158489319246,0.0158489319246,0.0158489319246,0.0158489319246,5,X158 X168 X169 X179,0.458666666667,0.0160993086642,0.458666666667,0.0160993086642
0.0158489319246,0.0158489319246,0.0158489319246,0.0158489319246,0.0158489319246,0.0158489319246,0.0158489319246,0.0158489319246,0.0158489319246,0.0158489319246,0.0158489319246,0.0158489319246,0.0158489319246,0.0158489319246,0.0158489319246,0.0158489319246,0.0158489319246,0.0158489319246,5,X159 X169 X170 X180,0.4648,0.0122144315121,0.4648,0.0122144315121
0.0158489319246,0.0158489319246,0.0158489319246,0.0158489319246,0.0158489319246,0.0158489319246,0.0158489319246,0.0158489319246,0.0158489319246,0.0158489319246,0.0158489319246,0.0158489319246,0.0158489319246,0.0158489319246,0.0158489319246,0.0158489319246,0.0158489319246,0.0158489319246,5,X16 X26 X27 X37,0.464288888889,0.016907848805,0.464288888889,0.016907848805
0.0158489319246,0.0158489319246,0.0158489319246,0.0158489319246,0.0158489319246,0.0158489319246,0.0158489319246,0.0158489319246,0.0158489319246,0.0158489319246,0.0158489319246,0.0158489319246,0.0158489319246,0.0158489319246,0.0158489319246,0.0158489319246,0.0158489319246,0.0158489319246,5,X160 X170 X171 X181,0.462155555556,0.0146077010429,0.462155555556,0.0146077010429
0.0158489319246,0.0158489319246,0.0158489319246,0.0158489319246,0.0158489319246,0.0158489319246,0.0158489319246,0.0158489319246,0.0158489319246,0.0158489319246,0.0158489319246,0.0158489319246,0.0158489319246,0.0158489319246,0.0158489319246,0.0158489319246,0.0158489319246,0.0158489319246,5,X161 X171 X172 X182,0.466666666667,0.0128986619045,0.466666666667,0.0128986619045
0.0158489319246,0.0158489319246,0.0158489319246,0.0158489319246,0.0158489319246,0.0158489319246,0.0158489319246,0.0158489319246,0.0158489319246,0.0158489319246,0.0158489319246,0.0158489319246,0.0158489319246,0.0158489319246,0.0158489319246,0.0158489319246,0.0158489319246,0.0158489319246,5,X162 X172 X173 X183,0.461022222222,0.0166944442851,0.461022222222,0.0166944442851
0.0158489319246,0.0158489319246,0.0158489319246,0.0158489319246,0.0158489319246,0.0158489319246,0.0158489319246,0.0158489319246,0.0158489319246,0.0158489319246,0.0158489319246,0.0158489319246,0.0158489319246,0.0158489319246,0.0158489319246,0.0158489319246,0.0158489319246,0.0158489319246,5,X163 X173 X174 X184,0.460666666667,0.0142608431556,0.460666666667,0.0142608431556
0.0158489319246,0.0158489319246,0.0158489319246,0.0158489319246,0.0158489319246,0.0158489319246,0.0158489319246,0.0158489319246,0.0158489319246,0.0158489319246,0.0158489319246,0.0158489319246,0.0158489319246,0.0158489319246,0.0158489319246,0.0158489319246,0.0158489319246,0.0158489319246,5,X164 X174 X175 X185,0.462666666667,0.0155215830452,0.462666666667,0.0155215830452
0.0158489319246,0.0158489319246,0.0158489319246,0.0158489319246,0.0158489319246,0.0158489319246,0.0158489319246,0.0158489319246,0.0158489319246,0.0158489319246,0.0158489319246,0.0158489319246,0.0158489319246,0.0158489319246,0.0158489319246,0.0158489319246,0.0158489319246,0.0158489319246,5,X165 X175 X176 X186,0.466244444444,0.0181433063628,0.466244444444,0.0181433063628
0.0158489319246,0.0158489319246,0.0158489319246,0.0158489319246,0.0158489319246,0.0158489319246,0.0158489319246,0.0158489319246,0.0158489319246,0.0158489319246,0.0158489319246,0.0158489319246,0.0158489319246,0.0158489319246,0.0158489319246,0.0158489319246,0.0158489319246,0.0158489319246,5,X166 X176 X177 X187,0.463644444444,0.0170765536496,0.463644444444,0.0170765536496
0.0158489319246,0.0158489319246,0.0158489319246,0.0158489319246,0.0158489319246,0.0158489319246,0.0158489319246,0.0158489319246,0.0158489319246,0.0158489319246,0.0158489319246,0.0158489319246,0.0158489319246,0.0158489319246,0.0158489319246,0.0158489319246,0.0158489319246,0.0158489319246,5,X167 X177 X178 X188,0.0171777777778,0.0106906101003,0.0171777777778,0.0106906101003
0.0158489319246,0.0158489319246,0.0158489319246,0.0158489319246,0.0158489319246,0.0158489319246,0.0158489319246,0.0158489319246,0.0158489319246,0.0158489319246,0.0158489319246,0.0158489319246,0.0158489319246,0.0158489319246,0.0158489319246,0.0158489319246,0.0158489319246,0.0158489319246,5,X17 X27 X28 X38,0.463022222222,0.0194378730001,0.463022222222,0.0194378730001
0.0158489319246,0.0158489319246,0.0158489319246,0.0158489319246,0.0158489319246,0.0158489319246,0.0158489319246,0.0158489319246,0.0158489319246,0.0158489319246,0.0158489319246,0.0158489319246,0.0158489319246,0.0158489319246,0.0158489319246,0.0158489319246,0.0158489319246,0.0158489319246,5,X179 X189 X190 X200,0.463377777778,0.0158178649991,0.463377777778,0.0158178649991
0.0158489319246,0.0158489319246,0.0158489319246,0.0158489319246,0.0158489319246,0.0158489319246,0.0158489319246,0.0158489319246,0.0158489319246,0.0158489319246,0.0158489319246,0.0158489319246,0.0158489319246,0.0158489319246,0.0158489319246,0.0158489319246,0.0158489319246,0.0158489319246,5,X18 X28 X29 X39,0.466288888889,0.0145435620794,0.466288888889,0.0145435620794
0.0158489319246,0.0158489319246,0.0158489319246,0.0158489319246,0.0158489319246,0.0158489319246,0.0158489319246,0.0158489319246,0.0158489319246,0.0158489319246,0.0158489319246,0.0158489319246,0.0158489319246,0.0158489319246,0.0158489319246,0.0158489319246,0.0158489319246,0.0158489319246,5,X180 X190 X191 X201,0.459888888889,0.0187093791574,0.459888888889,0.0187093791574
0.0158489319246,0.0158489319246,0.0158489319246,0.0158489319246,0.0158489319246,0.0158489319246,0.0158489319246,0.0158489319246,0.0158489319246,0.0158489319246,0.0158489319246,0.0158489319246,0.0158489319246,0.0158489319246,0.0158489319246,0.0158489319246,0.0158489319246,0.0158489319246,5,X181 X191 X192 X202,0.465866666667,0.0137190194348,0.465866666667,0.0137190194348
0.0158489319246,0.0158489319246,0.0158489319246,0.0158489319246,0.0158489319246,0.0158489319246,0.0158489319246,0.0158489319246,0.0158489319246,0.0158489319246,0.0158489319246,0.0158489319246,0.0158489319246,0.0158489319246,0.0158489319246,0.0158489319246,0.0158489319246,0.0158489319246,5,X182 X192 X193 X203,0.464622222222,0.0156914046153,0.464622222222,0.0156914046153
0.0158489319246,0.0158489319246,0.0158489319246,0.0158489319246,0.0158489319246,0.0158489319246,0.0158489319246,0.0158489319246,0.0158489319246,0.0158489319246,0.0158489319246,0.0158489319246,0.0158489319246,0.0158489319246,0.0158489319246,0.0158489319246,0.0158489319246,0.0158489319246,5,X183 X193 X194 X204,0.458177777778,0.0120521641857,0.458177777778,0.0120521641857
0.0158489319246,0.0158489319246,0.0158489319246,0.0158489319246,0.0158489319246,0.0158489319246,0.0158489319246,0.0158489319246,0.0158489319246,0.0158489319246,0.0158489319246,0.0158489319246,0.0158489319246,0.0158489319246,0.0158489319246,0.0158489319246,0.0158489319246,0.0158489319246,5,X184 X194 X195 X205,0.462355555556,0.0198235382619,0.462355555556,0.0198235382619
0.0158489319246,0.0158489319246,0.0158489319246,0.0158489319246,0.0158489319246,0.0158489319246,0.0158489319246,0.0158489319246,0.0158489319246,0.0158489319246,0.0158489319246,0.0158489319246,0.0158489319246,0.0158489319246,0.0158489319246,0.0158489319246,0.0158489319246,0.0158489319246,5,X185 X195 X196 X206,0.468577777778,0.0130460232585,0.468577777778,0.0130460232585
0.0158489319246,0.0158489319246,0.0158489319246,0.0158489319246,0.0158489319246,0.0158489319246,0.0158489319246,0.0158489319246,0.0158489319246,0.0158489319246,0.0158489319246,0.0158489319246,0.0158489319246,0.0158489319246,0.0158489319246,0.0158489319246,0.0158489319246,0.0158489319246,5,X186 X196 X197 X207,0.458422222222,0.0148065257782,0.458422222222,0.0148065257782
0.0158489319246,0.0158489319246,0.0158489319246,0.0158489319246,0.0158489319246,0.0158489319246,0.0158489319246,0.0158489319246,0.0158489319246,0.0158489319246,0.0158489319246,0.0158489319246,0.0158489319246,0.0158489319246,0.0158489319246,0.0158489319246,0.0158489319246,0.0158489319246,5,X187 X197 X198 X208,0.465466666667,0.0152731452398,0.465466666667,0.0152731452398
0.0158489319246,0.0158489319246,0.0158489319246,0.0158489319246,0.0158489319246,0.0158489319246,0.0158489319246,0.0158489319246,0.0158489319246,0.0158489319246,0.0158489319246,0.0158489319246,0.0158489319246,0.0158489319246,0.0158489319246,0.0158489319246,0.0158489319246,0.0158489319246,5,X188 X198 X199 X209,0.0116,0.00942581439513,0.0116,0.00942581439513
0.0158489319246,0.0158489319246,0.0158489319246,0.0158489319246,0.0158489319246,0.0158489319246,0.0158489319246,0.0158489319246,0.0158489319246,0.0158489319246,0.0158489319246,0.0158489319246,0.0158489319246,0.0158489319246,0.0158489319246,0.0158489319246,0.0158489319246,0.0158489319246,5,X19 X29 X30 X40,0.467133333333,0.0155513240003,0.467133333333,0.0155513240003
0.0158489319246,0.0158489319246,0.0158489319246,0.0158489319246,0.0158489319246,0.0158489319246,0.0158489319246,0.0158489319246,0.0158489319246,0.0158489319246,0.0158489319246,0.0158489319246,0.0158489319246,0.0158489319246,0.0158489319246,0.0158489319246,0.0158489319246,0.0158489319246,5,X2 X3 X13,0.199288888889,0.0172179478072,0.199288888889,0.0172179478072
0.0158489319246,0.0158489319246,0.0158489319246,0.0158489319246,0.0158489319246,0.0158489319246,0.0158489319246,0.0158489319246,0.0158489319246,0.0158489319246,0.0158489319246,0.0158489319246,0.0158489319246,0.0158489319246,0.0158489319246,0.0158489319246,0.0158489319246,0.0158489319246,5,X20 X30 X31 X41,0.0163777777778,0.0103452779808,0.0163777777778,0.0103452779808
0.0158489319246,0.0158489319246,0.0158489319246,0.0158489319246,0.0158489319246,0.0158489319246,0.0158489319246,0.0158489319246,0.0158489319246,0.0158489319246,0.0158489319246,0.0158489319246,0.0158489319246,0.0158489319246,0.0158489319246,0.0158489319246,0.0158489319246,0.0158489319246,5,X200 X210 X211,0.505555555556,0.0203406493967,0.505555555556,0.0203406493967
0.0158489319246,0.0158489319246,0.0158489319246,0.0158489319246,0.0158489319246,0.0158489319246,0.0158489319246,0.0158489319246,0.0158489319246,0.0158489319246,0.0158489319246,0.0158489319246,0.0158489319246,0.0158489319246,0.0158489319246,0.0158489319246,0.0158489319246,0.0158489319246,5,X201 X211 X212,0.521822222222,0.0131457299955,0.521822222222,0.0131457299955
0.0158489319246,0.0158489319246,0.0158489319246,0.0158489319246,0.0158489319246,0.0158489319246,0.0158489319246,0.0158489319246,0.0158489319246,0.0158489319246,0.0158489319246,0.0158489319246,0.0158489319246,0.0158489319246,0.0158489319246,0.0158489319246,0.0158489319246,0.0158489319246,5,X202 X212 X213,0.525244444444,0.0135835525216,0.525244444444,0.0135835525216
0.0158489319246,0.0158489319246,0.0158489319246,0.0158489319246,0.0158489319246,0.0158489319246,0.0158489319246,0.0158489319246,0.0158489319246,0.0158489319246,0.0158489319246,0.0158489319246,0.0158489319246,0.0158489319246,0.0158489319246,0.0158489319246,0.0158489319246,0.0158489319246,5,X203 X213 X214,0.522466666667,0.0168946703151,0.522466666667,0.0168946703151
0.0158489319246,0.0158489319246,0.0158489319246,0.0158489319246,0.0158489319246,0.0158489319246,0.0158489319246,0.0158489319246,0.0158489319246,0.0158489319246,0.0158489319246,0.0158489319246,0.0158489319246,0.0158489319246,0.0158489319246,0.0158489319246,0.0158489319246,0.0158489319246,5,X204 X214 X215,0.527955555556,0.013192280726,0.527955555556,0.013192280726
0.0158489319246,0.0158489319246,0.0158489319246,0.0158489319246,0.0158489319246,0.0158489319246,0.0158489319246,0.0158489319246,0.0158489319246,0.0158489319246,0.0158489319246,0.0158489319246,0.0158489319246,0.0158489319246,0.0158489319246,0.0158489319246,0.0158489319246,0.0158489319246,5,X205 X215 X216,0.519822222222,0.014391284435,0.519822222222,0.014391284435
0.0158489319246,0.0158489319246,0.0158489319246,0.0158489319246,0.0158489319246,0.0158489319246,0.0158489319246,0.0158489319246,0.0158489319246,0.0158489319246,0.0158489319246,0.0158489319246,0.0158489319246,0.0158489319246,0.0158489319246,0.0158489319246,0.0158489319246,0.0158489319246,5,X206 X216 X217,0.525422222222,0.0125478191335,0.525422222222,0.0125478191335
0.0158489319246,0.0158489319246,0.0158489319246,0.0158489319246,0.0158489319246,0.0158489319246,0.0158489319246,0.0158489319246,0.0158489319246,0.0158489319246,0.0158489319246,0.0158489319246,0.0158489319246,0.0158489319246,0.0158489319246,0.0158489319246,0.0158489319246,0.0158489319246,5,X207 X217 X218,0.527955555556,0.0164393074714,0.527955555556,0.0164393074714
0.0158489319246,0.0158489319246,0.0158489319246,0.0158489319246,0.0158489319246,0.0158489319246,0.0158489319246,0.0158489319246,0.0158489319246,0.0158489319246,0.0158489319246,0.0158489319246,0.0158489319246,0.0158489319246,0.0158489319246,0.0158489319246,0.0158489319246,0.0158489319246,5,X208 X218 X219,0.527022222222,0.0147372734455,0.527022222222,0.0147372734455
0.0158489319246,0.0158489319246,0.0158489319246,0.0158489319246,0.0158489319246,0.0158489319246,0.0158489319246,0.0158489319246,0.0158489319246,0.0158489319246,0.0158489319246,0.0158489319246,0.0158489319246,0.0158489319246,0.0158489319246,0.0158489319246,0.0158489319246,0.0158489319246,5,X209 X219 X220,0.016,0.0112987979559,0.016,0.0112987979559
0.0158489319246,0.0158489319246,0.0158489319246,0.0158489319246,0.0158489319246,0.0158489319246,0.0158489319246,0.0158489319246,0.0158489319246,0.0158489319246,0.0158489319246,0.0158489319246,0.0158489319246,0.0158489319246,0.0158489319246,0.0158489319246,0.0158489319246,0.0158489319246,5,X3 X4 X14,0.116977777778,0.0180469658318,0.116977777778,0.0180469658318
0.0158489319246,0.0158489319246,0.0158489319246,0.0158489319246,0.0158489319246,0.0158489319246,0.0158489319246,0.0158489319246,0.0158489319246,0.0158489319246,0.0158489319246,0.0158489319246,0.0158489319246,0.0158489319246,0.0158489319246,0.0158489319246,0.0158489319246,0.0158489319246,5,X32 X42 X43 X53,0.461977777778,0.0146849241987,0.461977777778,0.0146849241987
0.0158489319246,0.0158489319246,0.0158489319246,0.0158489319246,0.0158489319246,0.0158489319246,0.0158489319246,0.0158489319246,0.0158489319246,0.0158489319246,0.0158489319246,0.0158489319246,0.0158489319246,0.0158489319246,0.0158489319246,0.0158489319246,0.0158489319246,0.0158489319246,5,X33 X43 X44 X54,0.462955555556,0.013318018024,0.462955555556,0.013318018024
0.0158489319246,0.0158489319246,0.0158489319246,0.0158489319246,0.0158489319246,0.0158489319246,0.0158489319246,0.0158489319246,0.0158489319246,0.0158489319246,0.0158489319246,0.0158489319246,0.0158489319246,0.0158489319246,0.0158489319246,0.0158489319246,0.0158489319246,0.0158489319246,5,X34 X44 X45 X55,0.464222222222,0.0170321609992,0.464222222222,0.0170321609992
0.0158489319246,0.0158489319246,0.0158489319246,0.0158489319246,0.0158489319246,0.0158489319246,0.0158489319246,0.0158489319246,0.0158489319246,0.0158489319246,0.0158489319246,0.0158489319246,0.0158489319246,0.0158489319246,0.0158489319246,0.0158489319246,0.0158489319246,0.0158489319246,5,X35 X45 X46 X56,0.465755555556,0.0159284639636,0.465755555556,0.0159284639636
0.0158489319246,0.0158489319246,0.0158489319246,0.0158489319246,0.0158489319246,0.0158489319246,0.0158489319246,0.0158489319246,0.0158489319246,0.0158489319246,0.0158489319246,0.0158489319246,0.0158489319246,0.0158489319246,0.0158489319246,0.0158489319246,0.0158489319246,0.0158489319246,5,X36 X46 X47 X57,0.463088888889,0.014882923263,0.463088888889,0.014882923263
0.0158489319246,0.0158489319246,0.0158489319246,0.0158489319246,0.0158489319246,0.0158489319246,0.0158489319246,0.0158489319246,0.0158489319246,0.0158489319246,0.0158489319246,0.0158489319246,0.0158489319246,0.0158489319246,0.0158489319246,0.0158489319246,0.0158489319246,0.0158489319246,5,X37 X47 X48 X58,0.456355555556,0.0184126670819,0.456355555556,0.0184126670819
0.0158489319246,0.0158489319246,0.0158489319246,0.0158489319246,0.0158489319246,0.0158489319246,0.0158489319246,0.0158489319246,0.0158489319246,0.0158489319246,0.0158489319246,0.0158489319246,0.0158489319246,0.0158489319246,0.0158489319246,0.0158489319246,0.0158489319246,0.0158489319246,5,X38 X48 X49 X59,0.462222222222,0.0158695190456,0.462222222222,0.0158695190456
0.0158489319246,0.0158489319246,0.0158489319246,0.0158489319246,0.0158489319246,0.0158489319246,0.0158489319246,0.0158489319246,0.0158489319246,0.0158489319246,0.0158489319246,0.0158489319246,0.0158489319246,0.0158489319246,0.0158489319246,0.0158489319246,0.0158489319246,0.0158489319246,5,X39 X49 X50 X60,0.461533333333,0.0142319590712,0.461533333333,0.0142319590712
0.0158489319246,0.0158489319246,0.0158489319246,0.0158489319246,0.0158489319246,0.0158489319246,0.0158489319246,0.0158489319246,0.0158489319246,0.0158489319246,0.0158489319246,0.0158489319246,0.0158489319246,0.0158489319246,0.0158489319246,0.0158489319246,0.0158489319246,0.0158489319246,5,X4 X5 X15,0.0718666666667,0.0159187592655,0.0718666666667,0.0159187592655
0.0158489319246,0.0158489319246,0.0158489319246,0.0158489319246,0.0158489319246,0.0158489319246,0.0158489319246,0.0158489319246,0.0158489319246,0.0158489319246,0.0158489319246,0.0158489319246,0.0158489319246,0.0158489319246,0.0158489319246,0.0158489319246,0.0158489319246,0.0158489319246,5,X40 X50 X51 X61,0.465688888889,0.0136094775781,0.465688888889,0.0136094775781
0.0158489319246,0.0158489319246,0.0158489319246,0.0158489319246,0.0158489319246,0.0158489319246,0.0158489319246,0.0158489319246,0.0158489319246,0.0158489319246,0.0158489319246,0.0158489319246,0.0158489319246,0.0158489319246,0.0158489319246,0.0158489319246,0.0158489319246,0.0158489319246,5,X41 X51 X52 X62,0.0186666666667,0.0147718278,0.0186666666667,0.0147718278
0.0158489319246,0.0158489319246,0.0158489319246,0.0158489319246,0.0158489319246,0.0158489319246,0.0158489319246,0.0158489319246,0.0158489319246,0.0158489319246,0.0158489319246,0.0158489319246,0.0158489319246,0.0158489319246,0.0158489319246,0.0158489319246,0.0158489319246,0.0158489319246,5,X5 X6 X16,0.0466888888889,0.0161073823139,0.0466888888889,0.0161073823139
0.0158489319246,0.0158489319246,0.0158489319246,0.0158489319246,0.0158489319246,0.0158489319246,0.0158489319246,0.0158489319246,0.0158489319246,0.0158489319246,0.0158489319246,0.0158489319246,0.0158489319246,0.0158489319246,0.0158489319246,0.0158489319246,0.0158489319246,0.0158489319246,5,X53 X63 X64 X74,0.462466666667,0.0163525807306,0.462466666667,0.0163525807306
0.0158489319246,0.0158489319246,0.0158489319246,0.0158489319246,0.0158489319246,0.0158489319246,0.0158489319246,0.0158489319246,0.0158489319246,0.0158489319246,0.0158489319246,0.0158489319246,0.0158489319246,0.0158489319246,0.0158489319246,0.0158489319246,0.0158489319246,0.0158489319246,5,X54 X64 X65 X75,0.458622222222,0.0167843507969,0.458622222222,0.0167843507969
0.0158489319246,0.0158489319246,0.0158489319246,0.0158489319246,0.0158489319246,0.0158489319246,0.0158489319246,0.0158489319246,0.0158489319246,0.0158489319246,0.0158489319246,0.0158489319246,0.0158489319246,0.0158489319246,0.0158489319246,0.0158489319246,0.0158489319246,0.0158489319246,5,X55 X65 X66 X76,0.466866666667,0.0210426678378,0.466866666667,0.0210426678378
0.0158489319246,0.0158489319246,0.0158489319246,0.0158489319246,0.0158489319246,0.0158489319246,0.0158489319246,0.0158489319246,0.0158489319246,0.0158489319246,0.0158489319246,0.0158489319246,0.0158489319246,0.0158489319246,0.0158489319246,0.0158489319246,0.0158489319246,0.0158489319246,5,X56 X66 X67 X77,0.457,0.0143409495937,0.457,0.0143409495937
0.0158489319246,0.0158489319246,0.0158489319246,0.0158489319246,0.0158489319246,0.0158489319246,0.0158489319246,0.0158489319246,0.0158489319246,0.0158489319246,0.0158489319246,0.0158489319246,0.0158489319246,0.0158489319246,0.0158489319246,0.0158489319246,0.0158489319246,0.0158489319246,5,X57 X67 X68 X78,0.465088888889,0.0203626006313,0.465088888889,0.0203626006313
0.0158489319246,0.0158489319246,0.0158489319246,0.0158489319246,0.0158489319246,0.0158489319246,0.0158489319246,0.0158489319246,0.0158489319246,0.0158489319246,0.0158489319246,0.0158489319246,0.0158489319246,0.0158489319246,0.0158489319246,0.0158489319246,0.0158489319246,0.0158489319246,5,X58 X68 X69 X79,0.4624,0.0142711562385,0.4624,0.0142711562385
0.0158489319246,0.0158489319246,0.0158489319246,0.0158489319246,0.0158489319246,0.0158489319246,0.0158489319246,0.0158489319246,0.0158489319246,0.0158489319246,0.0158489319246,0.0158489319246,0.0158489319246,0.0158489319246,0.0158489319246,0.0158489319246,0.0158489319246,0.0158489319246,5,X59 X69 X70 X80,0.4616,0.0153504152726,0.4616,0.0153504152726
0.0158489319246,0.0158489319246,0.0158489319246,0.0158489319246,0.0158489319246,0.0158489319246,0.0158489319246,0.0158489319246,0.0158489319246,0.0158489319246,0.0158489319246,0.0158489319246,0.0158489319246,0.0158489319246,0.0158489319246,0.0158489319246,0.0158489319246,0.0158489319246,5,X6 X7 X17,0.0279333333333,0.0202144442117,0.0279333333333,0.0202144442117
0.0158489319246,0.0158489319246,0.0158489319246,0.0158489319246,0.0158489319246,0.0158489319246,0.0158489319246,0.0158489319246,0.0158489319246,0.0158489319246,0.0158489319246,0.0158489319246,0.0158489319246,0.0158489319246,0.0158489319246,0.0158489319246,0.0158489319246,0.0158489319246,5,X60 X70 X71 X81,0.461711111111,0.0100247713624,0.461711111111,0.0100247713624
0.0158489319246,0.0158489319246,0.0158489319246,0.0158489319246,0.0158489319246,0.0158489319246,0.0158489319246,0.0158489319246,0.0158489319246,0.0158489319246,0.0158489319246,0.0158489319246,0.0158489319246,0.0158489319246,0.0158489319246,0.0158489319246,0.0158489319246,0.0158489319246,5,X61 X71 X72 X82,0.465888888889,0.0110312455341,0.465888888889,0.0110312455341
0.0158489319246,0.0158489319246,0.0158489319246,0.0158489319246,0.0158489319246,0.0158489319246,0.0158489319246,0.0158489319246,0.0158489319246,0.0158489319246,0.0158489319246,0.0158489319246,0.0158489319246,0.0158489319246,0.0158489319246,0.0158489319246,0.0158489319246,0.0158489319246,5,X62 X72 X73 X83,0.0164444444444,0.0110565711234,0.0164444444444,0.0110565711234
0.0158489319246,0.0158489319246,0.0158489319246,0.0158489319246,0.0158489319246,0.0158489319246,0.0158489319246,0.0158489319246,0.0158489319246,0.0158489319246,0.0158489319246,0.0158489319246,0.0158489319246,0.0158489319246,0.0158489319246,0.0158489319246,0.0158489319246,0.0158489319246,5,X7 X8 X18,0.0198888888889,0.0140639844186,0.0198888888889,0.0140639844186
0.0158489319246,0.0158489319246,0.0158489319246,0.0158489319246,0.0158489319246,0.0158489319246,0.0158489319246,0.0158489319246,0.0158489319246,0.0158489319246,0.0158489319246,0.0158489319246,0.0158489319246,0.0158489319246,0.0158489319246,0.0158489319246,0.0158489319246,0.0158489319246,5,X74 X84 X85 X95,0.462177777778,0.0152686625542,0.462177777778,0.0152686625542
0.0158489319246,0.0158489319246,0.0158489319246,0.0158489319246,0.0158489319246,0.0158489319246,0.0158489319246,0.0158489319246,0.0158489319246,0.0158489319246,0.0158489319246,0.0158489319246,0.0158489319246,0.0158489319246,0.0158489319246,0.0158489319246,0.0158489319246,0.0158489319246,5,X75 X85 X86 X96,0.462133333333,0.0151360623394,0.462133333333,0.0151360623394
0.0158489319246,0.0158489319246,0.0158489319246,0.0158489319246,0.0158489319246,0.0158489319246,0.0158489319246,0.0158489319246,0.0158489319246,0.0158489319246,0.0158489319246,0.0158489319246,0.0158489319246,0.0158489319246,0.0158489319246,0.0158489319246,0.0158489319246,0.0158489319246,5,X76 X86 X87 X97,0.466155555556,0.0152784458231,0.466155555556,0.0152784458231
0.0158489319246,0.0158489319246,0.0158489319246,0.0158489319246,0.0158489319246,0.0158489319246,0.0158489319246,0.0158489319246,0.0158489319246,0.0158489319246,0.0158489319246,0.0158489319246,0.0158489319246,0.0158489319246,0.0158489319246,0.0158489319246,0.0158489319246,0.0158489319246,5,X77 X87 X88 X98,0.455977777778,0.0158609700325,0.455977777778,0.0158609700325
0.0158489319246,0.0158489319246,0.0158489319246,0.0158489319246,0.0158489319246,0.0158489319246,0.0158489319246,0.0158489319246,0.0158489319246,0.0158489319246,0.0158489319246,0.0158489319246,0.0158489319246,0.0158489319246,0.0158489319246,0.0158489319246,0.0158489319246,0.0158489319246,5,X78 X88 X89 X99,0.462511111111,0.0198374106373,0.462511111111,0.0198374106373
0.0158489319246,0.0158489319246,0.0158489319246,0.0158489319246,0.0158489319246,0.0158489319246,0.0158489319246,0.0158489319246,0.0158489319246,0.0158489319246,0.0158489319246,0.0158489319246,0.0158489319246,0.0158489319246,0.0158489319246,0.0158489319246,0.0158489319246,0.0158489319246,5,X79 X89 X90 X100,0.464288888889,0.0170522598436,0.464288888889,0.0170522598436
0.0158489319246,0.0158489319246,0.0158489319246,0.0158489319246,0.0158489319246,0.0158489319246,0.0158489319246,0.0158489319246,0.0158489319246,0.0158489319246,0.0158489319246,0.0158489319246,0.0158489319246,0.0158489319246,0.0158489319246,0.0158489319246,0.0158489319246,0.0158489319246,5,X8 X9 X19,0.0175777777778,0.012696858553,0.0175777777778,0.012696858553
0.0158489319246,0.0158489319246,0.0158489319246,0.0158489319246,0.0158489319246,0.0158489319246,0.0158489319246,0.0158489319246,0.0158489319246,0.0158489319246,0.0158489319246,0.0158489319246,0.0158489319246,0.0158489319246,0.0158489319246,0.0158489319246,0.0158489319246,0.0158489319246,5,X80 X90 X91 X101,0.461466666667,0.017994805551,0.461466666667,0.017994805551
0.0158489319246,0.0158489319246,0.0158489319246,0.0158489319246,0.0158489319246,0.0158489319246,0.0158489319246,0.0158489319246,0.0158489319246,0.0158489319246,0.0158489319246,0.0158489319246,0.0158489319246,0.0158489319246,0.0158489319246,0.0158489319246,0.0158489319246,0.0158489319246,5,X81 X91 X92 X102,0.465733333333,0.0134575820046,0.465733333333,0.0134575820046
0.0158489319246,0.0158489319246,0.0158489319246,0.0158489319246,0.0158489319246,0.0158489319246,0.0158489319246,0.0158489319246,0.0158489319246,0.0158489319246,0.0158489319246,0.0158489319246,0.0158489319246,0.0158489319246,0.0158489319246,0.0158489319246,0.0158489319246,0.0158489319246,5,X82 X92 X93 X103,0.465511111111,0.0138850600086,0.465511111111,0.0138850600086
0.0158489319246,0.0158489319246,0.0158489319246,0.0158489319246,0.0158489319246,0.0158489319246,0.0158489319246,0.0158489319246,0.0158489319246,0.0158489319246,0.0158489319246,0.0158489319246,0.0158489319246,0.0158489319246,0.0158489319246,0.0158489319246,0.0158489319246,0.0158489319246,5,X83 X93 X94 X104,0.0157111111111,0.0142529779999,0.0157111111111,0.0142529779999
0.0158489319246,0.0158489319246,0.0158489319246,0.0158489319246,0.0158489319246,0.0158489319246,0.0158489319246,0.0158489319246,0.0158489319246,0.0158489319246,0.0158489319246,0.0158489319246,0.0158489319246,0.0158489319246,0.0158489319246,0.0158489319246,0.0158489319246,0.0158489319246,5,X9 X10 X20,0.0185333333333,0.0132785079714,0.0185333333333,0.0132785079714
0.0158489319246,0.0158489319246,0.0158489319246,0.0158489319246,0.0158489319246,0.0158489319246,0.0158489319246,0.0158489319246,0.0158489319246,0.0158489319246,0.0158489319246,0.0158489319246,0.0158489319246,0.0158489319246,0.0158489319246,0.0158489319246,0.0158489319246,0.0158489319246,5,X95 X105 X106 X116,0.4614,0.0154556341944,0.4614,0.0154556341944
0.0158489319246,0.0158489319246,0.0158489319246,0.0158489319246,0.0158489319246,0.0158489319246,0.0158489319246,0.0158489319246,0.0158489319246,0.0158489319246,0.0158489319246,0.0158489319246,0.0158489319246,0.0158489319246,0.0158489319246,0.0158489319246,0.0158489319246,0.0158489319246,5,X96 X106 X107 X117,0.461755555556,0.0131929196538,0.461755555556,0.0131929196538
0.0158489319246,0.0158489319246,0.0158489319246,0.0158489319246,0.0158489319246,0.0158489319246,0.0158489319246,0.0158489319246,0.0158489319246,0.0158489319246,0.0158489319246,0.0158489319246,0.0158489319246,0.0158489319246,0.0158489319246,0.0158489319246,0.0158489319246,0.0158489319246,5,X97 X107 X108 X118,0.464511111111,0.0172372965792,0.464511111111,0.0172372965792
0.0158489319246,0.0158489319246,0.0158489319246,0.0158489319246,0.0158489319246,0.0158489319246,0.0158489319246,0.0158489319246,0.0158489319246,0.0158489319246,0.0158489319246,0.0158489319246,0.0158489319246,0.0158489319246,0.0158489319246,0.0158489319246,0.0158489319246,0.0158489319246,5,X98 X108 X109 X119,0.4696,0.0178796315973,0.4696,0.0178796315973
0.0158489319246,0.0158489319246,0.0158489319246,0.0158489319246,0.0158489319246,0.0158489319246,0.0158489319246,0.0158489319246,0.0158489319246,0.0158489319246,0.0158489319246,0.0158489319246,0.0158489319246,0.0158489319246,0.0158489319246,0.0158489319246,0.0158489319246,0.0158489319246,5,X99 X109 X110 X120,0.460977777778,0.0120747776554,0.460977777778,0.0120747776554
0.0158489319246,0.0158489319246,0.0158489319246,0.0158489319246,0.0158489319246,0.0158489319246,0.0158489319246,0.0158489319246,0.0158489319246,0.0158489319246,0.0158489319246,0.0158489319246,0.0158489319246,0.0158489319246,0.0158489319246,0.0158489319246,0.0158489319246,0.0158489319246,5,Z0 Z11 Z21,0.652022222222,0.0113616729292,0.652022222222,0.0113616729292
0.0158489319246,0.0158489319246,0.0158489319246,0.0158489319246,0.0158489319246,0.0158489319246,0.0158489319246,0.0158489319246,0.0158489319246,0.0158489319246,0.0158489319246,0.0158489319246,0.0158489319246,0.0158489319246,0.0158489319246,0.0158489319246,0.0158489319246,0.0158489319246,5,Z1 Z11 Z12 Z22,0.419866666667,0.0144247552221,0.419866666667,0.0144247552221
0.0158489319246,0.0158489319246,0.0158489319246,0.0158489319246,0.0158489319246,0.0158489319246,0.0158489319246,0.0158489319246,0.0158489319246,0.0158489319246,0.0158489319246,0.0158489319246,0.0158489319246,0.0158489319246,0.0158489319246,0.0158489319246,0.0158489319246,0.0158489319246,5,Z10 Z20 Z31,0.0674888888889,0.0143077112165,0.0674888888889,0.0143077112165
0.0158489319246,0.0158489319246,0.0158489319246,0.0158489319246,0.0158489319246,0.0158489319246,0.0158489319246,0.0158489319246,0.0158489319246,0.0158489319246,0.0158489319246,0.0158489319246,0.0158489319246,0.0158489319246,0.0158489319246,0.0158489319246,0.0158489319246,0.0158489319246,5,Z105 Z116 Z126,0.599444444444,0.0127625930097,0.599444444444,0.0127625930097
0.0158489319246,0.0158489319246,0.0158489319246,0.0158489319246,0.0158489319246,0.0158489319246,0.0158489319246,0.0158489319246,0.0158489319246,0.0158489319246,0.0158489319246,0.0158489319246,0.0158489319246,0.0158489319246,0.0158489319246,0.0158489319246,0.0158489319246,0.0158489319246,5,Z106 Z116 Z117 Z127,0.541933333333,0.0142063069476,0.541933333333,0.0142063069476
0.0158489319246,0.0158489319246,0.0158489319246,0.0158489319246,0.0158489319246,0.0158489319246,0.0158489319246,0.0158489319246,0.0158489319246,0.0158489319246,0.0158489319246,0.0158489319246,0.0158489319246,0.0158489319246,0.0158489319246,0.0158489319246,0.0158489319246,0.0158489319246,5,Z107 Z117 Z118 Z128,0.543266666667,0.0182568729513,0.543266666667,0.0182568729513
0.0158489319246,0.0158489319246,0.0158489319246,0.0158489319246,0.0158489319246,0.0158489319246,0.0158489319246,0.0158489319246,0.0158489319246,0.0158489319246,0.0158489319246,0.0158489319246,0.0158489319246,0.0158489319246,0.0158489319246,0.0158489319246,0.0158489319246,0.0158489319246,5,Z108 Z118 Z119 Z129,0.544577777778,0.01859405692,0.544577777778,0.01859405692
0.0158489319246,0.0158489319246,0.0158489319246,0.0158489319246,0.0158489319246,0.0158489319246,0.0158489319246,0.0158489319246,0.0158489319246,0.0158489319246,0.0158489319246,0.0158489319246,0.0158489319246,0.0158489319246,0.0158489319246,0.0158489319246,0.0158489319246,0.0158489319246,5,Z109 Z119 Z120 Z130,0.540511111111,0.0190813409758,0.540511111111,0.0190813409758
0.0158489319246,0.0158489319246,0.0158489319246,0.0158489319246,0.0158489319246,0.0158489319246,0.0158489319246,0.0158489319246,0.0158489319246,0.0158489319246,0.0158489319246,0.0158489319246,0.0158489319246,0.0158489319246,0.0158489319246,0.0158489319246,0.0158489319246,0.0158489319246,5,Z110 Z120 Z121 Z131,0.538777777778,0.0142254246873,0.538777777778,0.0142254246873
0.0158489319246,0.0158489319246,0.0158489319246,0.0158489319246,0.0158489319246,0.0158489319246,0.0158489319246,0.0158489319246,0.0158489319246,0.0158489319246,0.0158489319246,0.0158489319246,0.0158489319246,0.0158489319246,0.0158489319246,0.0158489319246,0.0158489319246,0.0158489319246,5,Z111 Z121 Z122 Z132,0.546244444444,0.0123691413496,0.546244444444,0.0123691413496
0.0158489319246,0.0158489319246,0.0158489319246,0.0158489319246,0.0158489319246,0.0158489319246,0.0158489319246,0.0158489319246,0.0158489319246,0.0158489319246,0.0158489319246,0.0158489319246,0.0158489319246,0.0158489319246,0.0158489319246,0.0158489319246,0.0158489319246,0.0158489319246,5,Z112 Z122 Z123 Z133,0.543022222222,0.0155084782976,0.543022222222,0.0155084782976
0.0158489319246,0.0158489319246,0.0158489319246,0.0158489319246,0.0158489319246,0.0158489319246,0.0158489319246,0.0158489319246,0.0158489319246,0.0158489319246,0.0158489319246,0.0158489319246,0.0158489319246,0.0158489319246,0.0158489319246,0.0158489319246,0.0158489319246,0.0158489319246,5,Z113 Z123 Z124 Z134,0.5454,0.011422032886,0.5454,0.011422032886
0.0158489319246,0.0158489319246,0.0158489319246,0.0158489319246,0.0158489319246,0.0158489319246,0.0158489319246,0.0158489319246,0.0158489319246,0.0158489319246,0.0158489319246,0.0158489319246,0.0158489319246,0.0158489319246,0.0158489319246,0.0158489319246,0.0158489319246,0.0158489319246,5,Z114 Z124 Z125 Z135,0.0600666666667,0.0179683416787,0.0600666666667,0.0179683416787
0.0158489319246,0.0158489319246,0.0158489319246,0.0158489319246,0.0158489319246,0.0158489319246,0.0158489319246,0.0158489319246,0.0158489319246,0.0158489319246,0.0158489319246,0.0158489319246,0.0158489319246,0.0158489319246,0.0158489319246,0.0158489319246,0.0158489319246,0.0158489319246,5,Z115 Z125 Z136,0.0708888888889,0.0183748398139,0.0708888888889,0.0183748398139
0.0158489319246,0.0158489319246,0.0158489319246,0.0158489319246,0.0158489319246,0.0158489319246,0.0158489319246,0.0158489319246,0.0158489319246,0.0158489319246,0.0158489319246,0.0158489319246,0.0158489319246,0.0158489319246,0.0158489319246,0.0158489319246,0.0158489319246,0.0158489319246,5,Z126 Z137 Z147,0.586177777778,0.0160687539383,0.586177777778,0.0160687539383
0.0158489319246,0.0158489319246,0.0158489319246,0.0158489319246,0.0158489319246,0.0158489319246,0.0158489319246,0.0158489319246,0.0158489319246,0.0158489319246,0.0158489319246,0.0158489319246,0.0158489319246,0.0158489319246,0.0158489319246,0.0158489319246,0.0158489319246,0.0158489319246,5,Z127 Z137 Z138 Z148,0.543533333333,0.0145314034361,0.543533333333,0.0145314034361
0.0158489319246,0.0158489319246,0.0158489319246,0.0158489319246,0.0158489319246,0.0158489319246,0.0158489319246,0.0158489319246,0.0158489319246,0.0158489319246,0.0158489319246,0.0158489319246,0.0158489319246,0.0158489319246,0.0158489319246,0.0158489319246,0.0158489319246,0.0158489319246,5,Z128 Z138 Z139 Z149,0.540911111111,0.0146200757721,0.540911111111,0.0146200757721
0.0158489319246,0.0158489319246,0.0158489319246,0.0158489319246,0.0158489319246,0.0158489319246,0.0158489319246,0.0158489319246,0.0158489319246,0.0158489319246,0.0158489319246,0.0158489319246,0.0158489319246,0.0158489319246,0.0158489319246,0.0158489319246,0.0158489319246,0.0158489319246,5,Z129 Z139 Z140 Z150,0.548288888889,0.0146527450473,0.548288888889,0.0146527450473
0.0158489319246,0.0158489319246,0.0158489319246,0.0158489319246,0.0158489319246,0.0158489319246,0.0158489319246,0.0158489319246,0.0158489319246,0.0158489319246,0.0158489319246,0.0158489319246,0.0158489319246,0.0158489319246,0.0158489319246,0.0158489319246,0.0158489319246,0.0158489319246,5,Z130 Z140 Z141 Z151,0.543422222222,0.0169178618191,0.543422222222,0.0169178618191
0.0158489319246,0.0158489319246,0.0158489319246,0.0158489319246,0.0158489319246,0.0158489319246,0.0158489319246,0.0158489319246,0.0158489319246,0.0158489319246,0.0158489319246,0.0158489319246,0.0158489319246,0.0158489319246,0.0158489319246,0.0158489319246,0.0158489319246,0.0158489319246,5,Z131 Z141 Z142 Z152,0.544422222222,0.0154825159908,0.544422222222,0.0154825159908
0.0158489319246,0.0158489319246,0.0158489319246,0.0158489319246,0.0158489319246,0.0158489319246,0.0158489319246,0.0158489319246,0.0158489319246,0.0158489319246,0.0158489319246,0.0158489319246,0.0158489319246,0.0158489319246,0.0158489319246,0.0158489319246,0.0158489319246,0.0158489319246,5,Z132 Z142 Z143 Z153,0.549266666667,0.0141728248955,0.549266666667,0.0141728248955
0.0158489319246,0.0158489319246,0.0158489319246,0.0158489319246,0.0158489319246,0.0158489319246,0.0158489319246,0.0158489319246,0.0158489319246,0.0158489319246,0.0158489319246,0.0158489319246,0.0158489319246,0.0158489319246,0.0158489319246,0.0158489319246,0.0158489319246,0.0158489319246,5,Z133 Z143 Z144 Z154,0.543244444444,0.013674635561,0.543244444444,0.013674635561
0.0158489319246,0.0158489319246,0.0158489319246,0.0158489319246,0.0158489319246,0.0158489319246,0.0158489319246,0.0158489319246,0.0158489319246,0.0158489319246,0.0158489319246,0.0158489319246,0.0158489319246,0.0158489319246,0.0158489319246,0.0158489319246,0.0158489319246,0.0158489319246,5,Z134 Z144 Z145 Z155,0.542977777778,0.0146297689826,0.542977777778,0.0146297689826
0.0158489319246,0.0158489319246,0.0158489319246,0.0158489319246,0.0158489319246,0.0158489319246,0.0158489319246,0.0158489319246,0.0158489319246,0.0158489319246,0.0158489319246,0.0158489319246,0.0158489319246,0.0158489319246,0.0158489319246,0.0158489319246,0.0158489319246,0.0158489319246,5,Z135 Z145 Z146 Z156,0.0588888888889,0.0232918076028,0.0588888888889,0.0232918076028
0.0158489319246,0.0158489319246,0.0158489319246,0.0158489319246,0.0158489319246,0.0158489319246,0.0158489319246,0.0158489319246,0.0158489319246,0.0158489319246,0.0158489319246,0.0158489319246,0.0158489319246,0.0158489319246,0.0158489319246,0.0158489319246,0.0158489319246,0.0158489319246,5,Z136 Z146 Z157,0.0796,0.0189337218675,0.0796,0.0189337218675
0.0158489319246,0.0158489319246,0.0158489319246,0.0158489319246,0.0158489319246,0.0158489319246,0.0158489319246,0.0158489319246,0.0158489319246,0.0158489319246,0.0158489319246,0.0158489319246,0.0158489319246,0.0158489319246,0.0158489319246,0.0158489319246,0.0158489319246,0.0158489319246,5,Z147 Z158 Z168,0.571,0.0174705005883,0.571,0.0174705005883
0.0158489319246,0.0158489319246,0.0158489319246,0.0158489319246,0.0158489319246,0.0158489319246,0.0158489319246,0.0158489319246,0.0158489319246,0.0158489319246,0.0158489319246,0.0158489319246,0.0158489319246,0.0158489319246,0.0158489319246,0.0158489319246,0.0158489319246,0.0158489319246,5,Z148 Z158 Z159 Z169,0.544377777778,0.0157875583522,0.544377777778,0.0157875583522
0.0158489319246,0.0158489319246,0.0158489319246,0.0158489319246,0.0158489319246,0.0158489319246,0.0158489319246,0.0158489319246,0.0158489319246,0.0158489319246,0.0158489319246,0.0158489319246,0.0158489319246,0.0158489319246,0.0158489319246,0.0158489319246,0.0158489319246,0.0158489319246,5,Z149 Z159 Z160 Z170,0.543644444444,0.0105478051805,0.543644444444,0.0105478051805
0.0158489319246,0.0158489319246,0.0158489319246,0.0158489319246,0.0158489319246,0.0158489319246,0.0158489319246,0.0158489319246,0.0158489319246,0.0158489319246,0.0158489319246,0.0158489319246,0.0158489319246,0.0158489319246,0.0158489319246,0.0158489319246,0.0158489319246,0.0158489319246,5,Z150 Z160 Z161 Z171,0.545266666667,0.0129275612194,0.545266666667,0.0129275612194
0.0158489319246,0.0158489319246,0.0158489319246,0.0158489319246,0.0158489319246,0.0158489319246,0.0158489319246,0.0158489319246,0.0158489319246,0.0158489319246,0.0158489319246,0.0158489319246,0.0158489319246,0.0158489319246,0.0158489319246,0.0158489319246,0.0158489319246,0.0158489319246,5,Z151 Z161 Z162 Z172,0.540844444444,0.0168253898029,0.540844444444,0.0168253898029
0.0158489319246,0.0158489319246,0.0158489319246,0.0158489319246,0.0158489319246,0.0158489319246,0.0158489319246,0.0158489319246,0.0158489319246,0.0158489319246,0.0158489319246,0.0158489319246,0.0158489319246,0.0158489319246,0.0158489319246,0.0158489319246,0.0158489319246,0.0158489319246,5,Z152 Z162 Z163 Z173,0.5404,0.0173188268209,0.5404,0.0173188268209
0.0158489319246,0.0158489319246,0.0158489319246,0.0158489319246,0.0158489319246,0.0158489319246,0.0158489319246,0.0158489319246,0.0158489319246,0.0158489319246,0.0158489319246,0.0158489319246,0.0158489319246,0.0158489319246,0.0158489319246,0.0158489319246,0.0158489319246,0.0158489319246,5,Z153 Z163 Z164 Z174,0.544444444444,0.015476427096,0.544444444444,0.015476427096
0.0158489319246,0.0158489319246,0.0158489319246,0.0158489319246,0.0158489319246,0.0158489319246,0.0158489319246,0.0158489319246,0.0158489319246,0.0158489319246,0.0158489319246,0.0158489319246,0.0158489319246,0.0158489319246,0.0158489319246,0.0158489319246,0.0158489319246,0.0158489319246,5,Z154 Z164 Z165 Z175,0.546466666667,0.0168747016435,0.546466666667,0.0168747016435
0.0158489319246,0.0158489319246,0.0158489319246,0.0158489319246,0.0158489319246,0.0158489319246,0.0158489319246,0.0158489319246,0.0158489319246,0.0158489319246,0.0158489319246,0.0158489319246,0.0158489319246,0.0158489319246,0.0158489319246,0.0158489319246,0.0158489319246,0.0158489319246,5,Z155 Z165 Z166 Z176,0.541244444444,0.0132950407985,0.541244444444,0.0132950407985
0.0158489319246,0.0158489319246,0.0158489319246,0.0158489319246,0.0158489319246,0.0158489319246,0.0158489319246,0.0158489319246,0.0158489319246,0.0158489319246,0.0158489319246,0.0158489319246,0.0158489319246,0.0158489319246,0.0158489319246,0.0158489319246,0.0158489319246,0.0158489319246,5,Z156 Z166 Z167 Z177,0.0573111111111,0.0182124401367,0.0573111111111,0.0182124401367
0.0158489319246,0.0158489319246,0.0158489319246,0.0158489319246,0.0158489319246,0.0158489319246,0.0158489319246,0.0158489319246,0.0158489319246,0.0158489319246,0.0158489319246,0.0158489319246,0.0158489319246,0.0158489319246,0.0158489319246,0.0158489319246,0.0158489319246,0.0158489319246,5,Z157 Z167 Z178,0.0756666666667,0.0174292219499,0.0756666666667,0.0174292219499
0.0158489319246,0.0158489319246,0.0158489319246,0.0158489319246,0.0158489319246,0.0158489319246,0.0158489319246,0.0158489319246,0.0158489319246,0.0158489319246,0.0158489319246,0.0158489319246,0.0158489319246,0.0158489319246,0.0158489319246,0.0158489319246,0.0158489319246,0.0158489319246,5,Z168 Z179 Z189,0.555688888889,0.0125025463562,0.555688888889,0.0125025463562
0.0158489319246,0.0158489319246,0.0158489319246,0.0158489319246,0.0158489319246,0.0158489319246,0.0158489319246,0.0158489319246,0.0158489319246,0.0158489319246,0.0158489319246,0.0158489319246,0.0158489319246,0.0158489319246,0.0158489319246,0.0158489319246,0.0158489319246,0.0158489319246,5,Z169 Z179 Z180 Z190,0.5426,0.0124135014866,0.5426,0.0124135014866
0.0158489319246,0.0158489319246,0.0158489319246,0.0158489319246,0.0158489319246,0.0158489319246,0.0158489319246,0.0158489319246,0.0158489319246,0.0158489319246,0.0158489319246,0.0158489319246,0.0158489319246,0.0158489319246,0.0158489319246,0.0158489319246,0.0158489319246,0.0158489319246,5,Z170 Z180 Z181 Z191,0.546466666667,0.0139755122457,0.546466666667,0.0139755122457
0.0158489319246,0.0158489319246,0.0158489319246,0.0158489319246,0.0158489319246,0.0158489319246,0.0158489319246,0.0158489319246,0.0158489319246,0.0158489319246,0.0158489319246,0.0158489319246,0.0158489319246,0.0158489319246,0.0158489319246,0.0158489319246,0.0158489319246,0.0158489319246,5,Z171 Z181 Z182 Z192,0.539755555556,0.0151361467164,0.539755555556,0.0151361467164
0.0158489319246,0.0158489319246,0.0158489319246,0.0158489319246,0.0158489319246,0.0158489319246,0.0158489319246,0.0158489319246,0.0158489319246,0.0158489319246,0.0158489319246,0.0158489319246,0.0158489319246,0.0158489319246,0.0158489319246,0.0158489319246,0.0158489319246,0.0158489319246,5,Z172 Z182 Z183 Z193,0.540333333333,0.0190403886113,0.540333333333,0.0190403886113
0.0158489319246,0.0158489319246,0.0158489319246,0.0158489319246,0.0158489319246,0.0158489319246,0.0158489319246,0.0158489319246,0.0158489319246,0.0158489319246,0.0158489319246,0.0158489319246,0.0158489319246,0.0158489319246,0.0158489319246,0.0158489319246,0.0158489319246,0.0158489319246,5,Z173 Z183 Z184 Z194,0.543066666667,0.0154052287486,0.543066666667,0.0154052287486
0.0158489319246,0.0158489319246,0.0158489319246,0.0158489319246,0.0158489319246,0.0158489319246,0.0158489319246,0.0158489319246,0.0158489319246,0.0158489319246,0.0158489319246,0.0158489319246,0.0158489319246,0.0158489319246,0.0158489319246,0.0158489319246,0.0158489319246,0.0158489319246,5,Z174 Z184 Z185 Z195,0.539777777778,0.0169202169613,0.539777777778,0.0169202169613
0.0158489319246,0.0158489319246,0.0158489319246,0.0158489319246,0.0158489319246,0.0158489319246,0.0158489319246,0.0158489319246,0.0158489319246,0.0158489319246,0.0158489319246,0.0158489319246,0.0158489319246,0.0158489319246,0.0158489319246,0.0158489319246,0.0158489319246,0.0158489319246,5,Z175 Z185 Z186 Z196,0.548866666667,0.0132932155081,0.548866666667,0.0132932155081
0.0158489319246,0.0158489319246,0.0158489319246,0.0158489319246,0.0158489319246,0.0158489319246,0.0158489319246,0.0158489319246,0.0158489319246,0.0158489319246,0.0158489319246,0.0158489319246,0.0158489319246,0.0158489319246,0.0158489319246,0.0158489319246,0.0158489319246,0.0158489319246,5,Z176 Z186 Z187 Z197,0.549644444444,0.0159920797766,0.549644444444,0.0159920797766
0.0158489319246,0.0158489319246,0.0158489319246,0.0158489319246,0.0158489319246,0.0158489319246,0.0158489319246,0.0158489319246,0.0158489319246,0.0158489319246,0.0158489319246,0.0158489319246,0.0158489319246,0.0158489319246,0.0158489319246,0.0158489319246,0.0158489319246,0.0158489319246,5,Z177 Z187 Z188 Z198,0.0527333333333,0.0163490189753,0.0527333333333,0.0163490189753
0.0158489319246,0.0158489319246,0.0158489319246,0.0158489319246,0.0158489319246,0.0158489319246,0.0158489319246,0.0158489319246,0.0158489319246,0.0158489319246,0.0158489319246,0.0158489319246,0.0158489319246,0.0158489319246,0.0158489319246,0.0158489319246,0.0158489319246,0.0158489319246,5,Z178 Z188 Z199,0.0778,0.0183721845394,0.0778,0.0183721845394
0.0158489319246,0.0158489319246,0.0158489319246,0.0158489319246,0.0158489319246,0.0158489319246,0.0158489319246,0.0158489319246,0.0158489319246,0.0158489319246,0.0158489319246,0.0158489319246,0.0158489319246,0.0158489319246,0.0158489319246,0.0158489319246,0.0158489319246,0.0158489319246,5,Z189 Z200 Z210,0.553222222222,0.0162754859579,0.553222222222,0.0162754859579
0.0158489319246,0.0158489319246,0.0158489319246,0.0158489319246,0.0158489319246,0.0158489319246,0.0158489319246,0.0158489319246,0.0158489319246,0.0158489319246,0.0158489319246,0.0158489319246,0.0158489319246,0.0158489319246,0.0158489319246,0.0158489319246,0.0158489319246,0.0158489319246,5,Z190 Z200 Z201 Z211,0.550822222222,0.0146611100585,0.550822222222,0.0146611100585
0.0158489319246,0.0158489319246,0.0158489319246,0.0158489319246,0.0158489319246,0.0158489319246,0.0158489319246,0.0158489319246,0.0158489319246,0.0158489319246,0.0158489319246,0.0158489319246,0.0158489319246,0.0158489319246,0.0158489319246,0.0158489319246,0.0158489319246,0.0158489319246,5,Z191 Z201 Z202 Z212,0.547688888889,0.01659777332,0.547688888889,0.01659777332
0.0158489319246,0.0158489319246,0.0158489319246,0.0158489319246,0.0158489319246,0.0158489319246,0.0158489319246,0.0158489319246,0.0158489319246,0.0158489319246,0.0158489319246,0.0158489319246,0.0158489319246,0.0158489319246,0.0158489319246,0.0158489319246,0.0158489319246,0.0158489319246,5,Z192 Z202 Z203 Z213,0.555511111111,0.0141669664156,0.555511111111,0.0141669664156
0.0158489319246,0.0158489319246,0.0158489319246,0.0158489319246,0.0158489319246,0.0158489319246,0.0158489319246,0.0158489319246,0.0158489319246,0.0158489319246,0.0158489319246,0.0158489319246,0.0158489319246,0.0158489319246,0.0158489319246,0.0158489319246,0.0158489319246,0.0158489319246,5,Z193 Z203 Z204 Z214,0.556622222222,0.0153936179574,0.556622222222,0.0153936179574
0.0158489319246,0.0158489319246,0.0158489319246,0.0158489319246,0.0158489319246,0.0158489319246,0.0158489319246,0.0158489319246,0.0158489319246,0.0158489319246,0.0158489319246,0.0158489319246,0.0158489319246,0.0158489319246,0.0158489319246,0.0158489319246,0.0158489319246,0.0158489319246,5,Z194 Z204 Z205 Z215,0.554311111111,0.0124460316448,0.554311111111,0.0124460316448
0.0158489319246,0.0158489319246,0.0158489319246,0.0158489319246,0.0158489319246,0.0158489319246,0.0158489319246,0.0158489319246,0.0158489319246,0.0158489319246,0.0158489319246,0.0158489319246,0.0158489319246,0.0158489319246,0.0158489319246,0.0158489319246,0.0158489319246,0.0158489319246,5,Z195 Z205 Z206 Z216,0.554777777778,0.012788983925,0.554777777778,0.012788983925
0.0158489319246,0.0158489319246,0.0158489319246,0.0158489319246,0.0158489319246,0.0158489319246,0.0158489319246,0.0158489319246,0.0158489319246,0.0158489319246,0.0158489319246,0.0158489319246,0.0158489319246,0.0158489319246,0.0158489319246,0.0158489319246,0.0158489319246,0.0158489319246,5,Z196 Z206 Z207 Z217,0.550066666667,0.0145842512026,0.550066666667,0.0145842512026
0.0158489319246,0.0158489319246,0.0158489319246,0.0158489319246,0.0158489319246,0.0158489319246,0.0158489319246,0.0158489319246,0.0158489319246,0.0158489319246,0.0158489319246,0.0158489319246,0.0158489319246,0.0158489319246,0.0158489319246,0.0158489319246,0.0158489319246,0.0158489319246,5,Z197 Z207 Z208 Z218,0.5518,0.0171592942544,0.5518,0.0171592942544
0.0158489319246,0.0158489319246,0.0158489319246,0.0158489319246,0.0158489319246,0.0158489319246,0.0158489319246,0.0158489319246,0.0158489319246,0.0158489319246,0.0158489319246,0.0158489319246,0.0158489319246,0.0158489319246,0.0158489319246,0.0158489319246,0.0158489319246,0.0158489319246,5,Z198 Z208 Z209 Z219,0.0556888888889,0.0191118773793,0.0556888888889,0.0191118773793
0.0158489319246,0.0158489319246,0.0158489319246,0.0158489319246,0.0158489319246,0.0158489319246,0.0158489319246,0.0158489319246,0.0158489319246,0.0158489319246,0.0158489319246,0.0158489319246,0.0158489319246,0.0158489319246,0.0158489319246,0.0158489319246,0.0158489319246,0.0158489319246,5,Z199 Z209 Z220,0.0155111111111,0.0130732487918,0.0155111111111,0.0130732487918
0.0158489319246,0.0158489319246,0.0158489319246,0.0158489319246,0.0158489319246,0.0158489319246,0.0158489319246,0.0158489319246,0.0158489319246,0.0158489319246,0.0158489319246,0.0158489319246,0.0158489319246,0.0158489319246,0.0158489319246,0.0158489319246,0.0158489319246,0.0158489319246,5,Z2 Z12 Z13 Z23,0.334933333333,0.0182436468761,0.334933333333,0.0182436468761
0.0158489319246,0.0158489319246,0.0158489319246,0.0158489319246,0.0158489319246,0.0158489319246,0.0158489319246,0.0158489319246,0.0158489319246,0.0158489319246,0.0158489319246,0.0158489319246,0.0158489319246,0.0158489319246,0.0158489319246,0.0158489319246,0.0158489319246,0.0158489319246,5,Z21 Z32 Z42,0.649866666667,0.0137379971994,0.649866666667,0.0137379971994
0.0158489319246,0.0158489319246,0.0158489319246,0.0158489319246,0.0158489319246,0.0158489319246,0.0158489319246,0.0158489319246,0.0158489319246,0.0158489319246,0.0158489319246,0.0158489319246,0.0158489319246,0.0158489319246,0.0158489319246,0.0158489319246,0.0158489319246,0.0158489319246,5,Z22 Z32 Z33 Z43,0.539355555556,0.0152581699322,0.539355555556,0.0152581699322
0.0158489319246,0.0158489319246,0.0158489319246,0.0158489319246,0.0158489319246,0.0158489319246,0.0158489319246,0.0158489319246,0.0158489319246,0.0158489319246,0.0158489319246,0.0158489319246,0.0158489319246,0.0158489319246,0.0158489319246,0.0158489319246,0.0158489319246,0.0158489319246,5,Z23 Z33 Z34 Z44,0.539733333333,0.0130247039075,0.539733333333,0.0130247039075
0.0158489319246,0.0158489319246,0.0158489319246,0.0158489319246,0.0158489319246,0.0158489319246,0.0158489319246,0.0158489319246,0.0158489319246,0.0158489319246,0.0158489319246,0.0158489319246,0.0158489319246,0.0158489319246,0.0158489319246,0.0158489319246,0.0158489319246,0.0158489319246,5,Z24 Z34 Z35 Z45,0.547355555556,0.0141220550677,0.547355555556,0.0141220550677
0.0158489319246,0.0158489319246,0.0158489319246,0.0158489319246,0.0158489319246,0.0158489319246,0.0158489319246,0.0158489319246,0.0158489319246,0.0158489319246,0.0158489319246,0.0158489319246,0.0158489319246,0.0158489319246,0.0158489319246,0.0158489319246,0.0158489319246,0.0158489319246,5,Z25 Z35 Z36 Z46,0.543333333333,0.0134021214081,0.543333333333,0.0134021214081
0.0158489319246,0.0158489319246,0.0158489319246,0.0158489319246,0.0158489319246,0.0158489319246,0.0158489319246,0.0158489319246,0.0158489319246,0.0158489319246,0.0158489319246,0.0158489319246,0.0158489319246,0.0158489319246,0.0158489319246,0.0158489319246,0.0158489319246,0.0158489319246,5,Z26 Z36 Z37 Z47,0.545111111111,0.0165270782878,0.545111111111,0.0165270782878
0.0158489319246,0.0158489319246,0.0158489319246,0.0158489319246,0.0158489319246,0.0158489319246,0.0158489319246,0.0158489319246,0.0158489319246,0.0158489319246,0.0158489319246,0.0158489319246,0.0158489319246,0.0158489319246,0.0158489319246,0.0158489319246,0.0158489319246,0.0158489319246,5,Z27 Z37 Z38 Z48,0.540622222222,0.0167010526507,0.540622222222,0.0167010526507
0.0158489319246,0.0158489319246,0.0158489319246,0.0158489319246,0.0158489319246,0.0158489319246,0.0158489319246,0.0158489319246,0.0158489319246,0.0158489319246,0.0158489319246,0.0158489319246,0.0158489319246,0.0158489319246,0.0158489319246,0.0158489319246,0.0158489319246,0.0158489319246,5,Z28 Z38 Z39 Z49,0.545933333333,0.0123714539794,0.545933333333,0.0123714539794
0.0158489319246,0.0158489319246,0.0158489319246,0.0158489319246,0.0158489319246,0.0158489319246,0.0158489319246,0.0158489319246,0.0158489319246,0.0158489319246,0.0158489319246,0.0158489319246,0.0158489319246,0.0158489319246,0.0158489319246,0.0158489319246,0.0158489319246,0.0158489319246,5,Z29 Z39 Z40 Z50,0.544777777778,0.0135092797206,0.544777777778,0.0135092797206
0.0158489319246,0.0158489319246,0.0158489319246,0.0158489319246,0.0158489319246,0.0158489319246,0.0158489319246,0.0158489319246,0.0158489319246,0.0158489319246,0.0158489319246,0.0158489319246,0.0158489319246,0.0158489319246,0.0158489319246,0.0158489319246,0.0158489319246,0.0158489319246,5,Z3 Z13 Z14 Z24,0.264577777778,0.0167027043336,0.264577777778,0.0167027043336
0.0158489319246,0.0158489319246,0.0158489319246,0.0158489319246,0.0158489319246,0.0158489319246,0.0158489319246,0.0158489319246,0.0158489319246,0.0158489319246,0.0158489319246,0.0158489319246,0.0158489319246,0.0158489319246,0.0158489319246,0.0158489319246,0.0158489319246,0.0158489319246,5,Z30 Z40 Z41 Z51,0.0733777777778,0.0181850288585,0.0733777777778,0.0181850288585
0.0158489319246,0.0158489319246,0.0158489319246,0.0158489319246,0.0158489319246,0.0158489319246,0.0158489319246,0.0158489319246,0.0158489319246,0.0158489319246,0.0158489319246,0.0158489319246,0.0158489319246,0.0158489319246,0.0158489319246,0.0158489319246,0.0158489319246,0.0158489319246,5,Z31 Z41 Z52,0.0701333333333,0.0170681752207,0.0701333333333,0.0170681752207
0.0158489319246,0.0158489319246,0.0158489319246,0.0158489319246,0.0158489319246,0.0158489319246,0.0158489319246,0.0158489319246,0.0158489319246,0.0158489319246,0.0158489319246,0.0158489319246,0.0158489319246,0.0158489319246,0.0158489319246,0.0158489319246,0.0158489319246,0.0158489319246,5,Z4 Z14 Z15 Z25,0.201955555556,0.019421466445,0.201955555556,0.019421466445
0.0158489319246,0.0158489319246,0.0158489319246,0.0158489319246,0.0158489319246,0.0158489319246,0.0158489319246,0.0158489319246,0.0158489319246,0.0158489319246,0.0158489319246,0.0158489319246,0.0158489319246,0.0158489319246,0.0158489319246,0.0158489319246,0.0158489319246,0.0158489319246,5,Z42 Z53 Z63,0.635711111111,0.0165014183376,0.635711111111,0.0165014183376
0.0158489319246,0.0158489319246,0.0158489319246,0.0158489319246,0.0158489319246,0.0158489319246,0.0158489319246,0.0158489319246,0.0158489319246,0.0158489319246,0.0158489319246,0.0158489319246,0.0158489319246,0.0158489319246,0.0158489319246,0.0158489319246,0.0158489319246,0.0158489319246,5,Z43 Z53 Z54 Z64,0.540977777778,0.0147497472758,0.540977777778,0.0147497472758
0.0158489319246,0.0158489319246,0.0158489319246,0.0158489319246,0.0158489319246,0.0158489319246,0.0158489319246,0.0158489319246,0.0158489319246,0.0158489319246,0.0158489319246,0.0158489319246,0.0158489319246,0.0158489319246,0.0158489319246,0.0158489319246,0.0158489319246,0.0158489319246,5,Z44 Z54 Z55 Z65,0.542444444444,0.0171397978174,0.542444444444,0.0171397978174
0.0158489319246,0.0158489319246,0.0158489319246,0.0158489319246,0.0158489319246,0.0158489319246,0.0158489319246,0.0158489319246,0.0158489319246,0.0158489319246,0.0158489319246,0.0158489319246,0.0158489319246,0.0158489319246,0.0158489319246,0.0158489319246,0.0158489319246,0.0158489319246,5,Z45 Z55 Z56 Z66,0.539822222222,0.0127239278416,0.539822222222,0.0127239278416
0.0158489319246,0.0158489319246,0.0158489319246,0.0158489319246,0.0158489319246,0.0158489319246,0.0158489319246,0.0158489319246,0.0158489319246,0.0158489319246,0.0158489319246,0.0158489319246,0.0158489319246,0.0158489319246,0.0158489319246,0.0158489319246,0.0158489319246,0.0158489319246,5,Z46 Z56 Z57 Z67,0.548911111111,0.0161035759893,0.548911111111,0.0161035759893
0.0158489319246,0.0158489319246,0.0158489319246,0.0158489319246,0.0158489319246,0.0158489319246,0.0158489319246,0.0158489319246,0.0158489319246,0.0158489319246,0.0158489319246,0.0158489319246,0.0158489319246,0.0158489319246,0.0158489319246,0.0158489319246,0.0158489319246,0.0158489319246,5,Z47 Z57 Z58 Z68,0.541844444444,0.0147829075301,0.541844444444,0.0147829075301
0.0158489319246,0.0158489319246,0.0158489319246,0.0158489319246,0.0158489319246,0.0158489319246,0.0158489319246,0.0158489319246,0.0158489319246,0.0158489319246,0.0158489319246,0.0158489319246,0.0158489319246,0.0158489319246,0.0158489319246,0.0158489319246,0.0158489319246,0.0158489319246,5,Z48 Z58 Z59 Z69,0.540177777778,0.0170425955728,0.540177777778,0.0170425955728
0.0158489319246,0.0158489319246,0.0158489319246,0.0158489319246,0.0158489319246,0.0158489319246,0.0158489319246,0.0158489319246,0.0158489319246,0.0158489319246,0.0158489319246,0.0158489319246,0.0158489319246,0.0158489319246,0.0158489319246,0.0158489319246,0.0158489319246,0.0158489319246,5,Z49 Z59 Z60 Z70,0.541355555556,0.0165827619802,0.541355555556,0.0165827619802
0.0158489319246,0.0158489319246,0.0158489319246,0.0158489319246,0.0158489319246,0.0158489319246,0.0158489319246,0.0158489319246,0.0158489319246,0.0158489319246,0.0158489319246,0.0158489319246,0.0158489319246,0.0158489319246,0.0158489319246,0.0158489319246,0.0158489319246,0.0158489319246,5,Z5 Z15 Z16 Z26,0.163177777778,0.0161018628496,0.163177777778,0.0161018628496
0.0158489319246,0.0158489319246,0.0158489319246,0.0158489319246,0.0158489319246,0.0158489319246,0.0158489319246,0.0158489319246,0.0158489319246,0.0158489319246,0.0158489319246,0.0158489319246,0.0158489319246,0.0158489319246,0.0158489319246,0.0158489319246,0.0158489319246,0.0158489319246,5,Z50 Z60 Z61 Z71,0.544977777778,0.0121632992768,0.544977777778,0.0121632992768
0.0158489319246,0.0158489319246,0.0158489319246,0.0158489319246,0.0158489319246,0.0158489319246,0.0158489319246,0.0158489319246,0.0158489319246,0.0158489319246,0.0158489319246,0.0158489319246,0.0158489319246,0.0158489319246,0.0158489319246,0.0158489319246,0.0158489319246,0.0158489319246,5,Z51 Z61 Z62 Z72,0.0672444444444,0.0209876689455,0.0672444444444,0.0209876689455
0.0158489319246,0.0158489319246,0.0158489319246,0.0158489319246,0.0158489319246,0.0158489319246,0.0158489319246,0.0158489319246,0.0158489319246,0.0158489319246,0.0158489319246,0.0158489319246,0.0158489319246,0.0158489319246,0.0158489319246,0.0158489319246,0.0158489319246,0.0158489319246,5,Z52 Z62 Z73,0.0685333333333,0.0174877296884,0.0685333333333,0.0174877296884
0.0158489319246,0.0158489319246,0.0158489319246,0.0158489319246,0.0158489319246,0.0158489319246,0.0158489319246,0.0158489319246,0.0158489319246,0.0158489319246,0.0158489319246,0.0158489319246,0.0158489319246,0.0158489319246,0.0158489319246,0.0158489319246,0.0158489319246,0.0158489319246,5,Z6 Z16 Z17 Z27,0.130222222222,0.0192959077577,0.130222222222,0.0192959077577
0.0158489319246,0.0158489319246,0.0158489319246,0.0158489319246,0.0158489319246,0.0158489319246,0.0158489319246,0.0158489319246,0.0158489319246,0.0158489319246,0.0158489319246,0.0158489319246,0.0158489319246,0.0158489319246,0.0158489319246,0.0158489319246,0.0158489319246,0.0158489319246,5,Z63 Z74 Z84,0.620511111111,0.0152864684442,0.620511111111,0.0152864684442
0.0158489319246,0.0158489319246,0.0158489319246,0.0158489319246,0.0158489319246,0.0158489319246,0.0158489319246,0.0158489319246,0.0158489319246,0.0158489319246,0.0158489319246,0.0158489319246,0.0158489319246,0.0158489319246,0.0158489319246,0.0158489319246,0.0158489319246,0.0158489319246,5,Z64 Z74 Z75 Z85,0.543822222222,0.0157430841919,0.543822222222,0.0157430841919
0.0158489319246,0.0158489319246,0.0158489319246,0.0158489319246,0.0158489319246,0.0158489319246,0.0158489319246,0.0158489319246,0.0158489319246,0.0158489319246,0.0158489319246,0.0158489319246,0.0158489319246,0.0158489319246,0.0158489319246,0.0158489319246,0.0158489319246,0.0158489319246,5,Z65 Z75 Z76 Z86,0.545333333333,0.0164673134965,0.545333333333,0.0164673134965
0.0158489319246,0.0158489319246,0.0158489319246,0.0158489319246,0.0158489319246,0.0158489319246,0.0158489319246,0.0158489319246,0.0158489319246,0.0158489319246,0.0158489319246,0.0158489319246,0.0158489319246,0.0158489319246,0.0158489319246,0.0158489319246,0.0158489319246,0.0158489319246,5,Z66 Z76 Z77 Z87,0.5388,0.0172067882889,0.5388,0.0172067882889
0.0158489319246,0.0158489319246,0.0158489319246,0.0158489319246,0.0158489319246,0.0158489319246,0.0158489319246,0.0158489319246,0.0158489319246,0.0158489319246,0.0158489319246,0.0158489319246,0.0158489319246,0.0158489319246,0.0158489319246,0.0158489319246,0.0158489319246,0.0158489319246,5,Z67 Z77 Z78 Z88,0.543688888889,0.0139717649964,0.543688888889,0.0139717649964
0.0158489319246,0.0158489319246,0.0158489319246,0.0158489319246,0.0158489319246,0.0158489319246,0.0158489319246,0.0158489319246,0.0158489319246,0.0158489319246,0.0158489319246,0.0158489319246,0.0158489319246,0.0158489319246,0.0158489319246,0.0158489319246,0.0158489319246,0.0158489319246,5,Z68 Z78 Z79 Z89,0.540577777778,0.0133869420374,0.540577777778,0.0133869420374
0.0158489319246,0.0158489319246,0.0158489319246,0.0158489319246,0.0158489319246,0.0158489319246,0.0158489319246,0.0158489319246,0.0158489319246,0.0158489319246,0.0158489319246,0.0158489319246,0.0158489319246,0.0158489319246,0.0158489319246,0.0158489319246,0.0158489319246,0.0158489319246,5,Z69 Z79 Z80 Z90,0.544022222222,0.0152219677245,0.544022222222,0.0152219677245
0.0158489319246,0.0158489319246,0.0158489319246,0.0158489319246,0.0158489319246,0.0158489319246,0.0158489319246,0.0158489319246,0.0158489319246,0.0158489319246,0.0158489319246,0.0158489319246,0.0158489319246,0.0158489319246,0.0158489319246,0.0158489319246,0.0158489319246,0.0158489319246,5,Z7 Z17 Z18 Z28,0.101555555556,0.0155446047935,0.101555555556,0.0155446047935
0.0158489319246,0.0158489319246,0.0158489319246,0.0158489319246,0.0158489319246,0.0158489319246,0.0158489319246,0.0158489319246,0.0158489319246,0.0158489319246,0.0158489319246,0.0158489319246,0.0158489319246,0.0158489319246,0.0158489319246,0.0158489319246,0.0158489319246,0.0158489319246,5,Z70 Z80 Z81 Z91,0.542288888889,0.013581239408,0.542288888889,0.013581239408
0.0158489319246,0.0158489319246,0.0158489319246,0.0158489319246,0.0158489319246,0.0158489319246,0.0158489319246,0.0158489319246,0.0158489319246,0.0158489319246,0.0158489319246,0.0158489319246,0.0158489319246,0.0158489319246,0.0158489319246,0.0158489319246,0.0158489319246,0.0158489319246,5,Z71 Z81 Z82 Z92,0.540911111111,0.0139385441868,0.540911111111,0.0139385441868
0.0158489319246,0.0158489319246,0.0158489319246,0.0158489319246,0.0158489319246,0.0158489319246,0.0158489319246,0.0158489319246,0.0158489319246,0.0158489319246,0.0158489319246,0.0158489319246,0.0158489319246,0.0158489319246,0.0158489319246,0.0158489319246,0.0158489319246,0.0158489319246,5,Z72 Z82 Z83 Z93,0.0683333333333,0.0151273014461,0.0683333333333,0.0151273014461
0.0158489319246,0.0158489319246,0.0158489319246,0.0158489319246,0.0158489319246,0.0158489319246,0.0158489319246,0.0158489319246,0.0158489319246,0.0158489319246,0.0158489319246,0.0158489319246,0.0158489319246,0.0158489319246,0.0158489319246,0.0158489319246,0.0158489319246,0.0158489319246,5,Z73 Z83 Z94,0.0748666666667,0.0252764940098,0.0748666666667,0.0252764940098
0.0158489319246,0.0158489319246,0.0158489319246,0.0158489319246,0.0158489319246,0.0158489319246,0.0158489319246,0.0158489319246,0.0158489319246,0.0158489319246,0.0158489319246,0.0158489319246,0.0158489319246,0.0158489319246,0.0158489319246,0.0158489319246,0.0158489319246,0.0158489319246,5,Z8 Z18 Z19 Z29,0.0822,0.0192281323273,0.0822,0.0192281323273
0.0158489319246,0.0158489319246,0.0158489319246,0.0158489319246,0.0158489319246,0.0158489319246,0.0158489319246,0.0158489319246,0.0158489319246,0.0158489319246,0.0158489319246,0.0158489319246,0.0158489319246,0.0158489319246,0.0158489319246,0.0158489319246,0.0158489319246,0.0158489319246,5,Z84 Z95 Z105,0.609088888889,0.0154963679673,0.609088888889,0.0154963679673
0.0158489319246,0.0158489319246,0.0158489319246,0.0158489319246,0.0158489319246,0.0158489319246,0.0158489319246,0.0158489319246,0.0158489319246,0.0158489319246,0.0158489319246,0.0158489319246,0.0158489319246,0.0158489319246,0.0158489319246,0.0158489319246,0.0158489319246,0.0158489319246,5,Z85 Z95 Z96 Z106,0.546688888889,0.0139088255378,0.546688888889,0.0139088255378
0.0158489319246,0.0158489319246,0.0158489319246,0.0158489319246,0.0158489319246,0.0158489319246,0.0158489319246,0.0158489319246,0.0158489319246,0.0158489319246,0.0158489319246,0.0158489319246,0.0158489319246,0.0158489319246,0.0158489319246,0.0158489319246,0.0158489319246,0.0158489319246,5,Z86 Z96 Z97 Z107,0.545622222222,0.0146642457075,0.545622222222,0.0146642457075
0.0158489319246,0.0158489319246,0.0158489319246,0.0158489319246,0.0158489319246,0.0158489319246,0.0158489319246,0.0158489319246,0.0158489319246,0.0158489319246,0.0158489319246,0.0158489319246,0.0158489319246,0.0158489319246,0.0158489319246,0.0158489319246,0.0158489319246,0.0158489319246,5,Z87 Z97 Z98 Z108,0.5456,0.015503404644,0.5456,0.015503404644
0.0158489319246,0.0158489319246,0.0158489319246,0.0158489319246,0.0158489319246,0.0158489319246,0.0158489319246,0.0158489319246,0.0158489319246,0.0158489319246,0.0158489319246,0.0158489319246,0.0158489319246,0.0158489319246,0.0158489319246,0.0158489319246,0.0158489319246,0.0158489319246,5,Z88 Z98 Z99 Z109,0.540644444444,0.0155032893144,0.540644444444,0.0155032893144
0.0158489319246,0.0158489319246,0.0158489319246,0.0158489319246,0.0158489319246,0.0158489319246,0.0158489319246,0.0158489319246,0.0158489319246,0.0158489319246,0.0158489319246,0.0158489319246,0.0158489319246,0.0158489319246,0.0158489319246,0.0158489319246,0.0158489319246,0.0158489319246,5,Z89 Z99 Z100 Z110,0.544377777778,0.0141904758231,0.544377777778,0.0141904758231
0.0158489319246,0.0158489319246,0.0158489319246,0.0158489319246,0.0158489319246,0.0158489319246,0.0158489319246,0.0158489319246,0.0158489319246,0.0158489319246,0.0158489319246,0.0158489319246,0.0158489319246,0.0158489319246,0.0158489319246,0.0158489319246,0.0158489319246,0.0158489319246,5,Z9 Z19 Z20 Z30,0.0135555555556,0.0082477598646,0.0135555555556,0.0082477598646
0.0158489319246,0.0158489319246,0.0158489319246,0.0158489319246,0.0158489319246,0.0158489319246,0.0158489319246,0.0158489319246,0.0158489319246,0.0158489319246,0.0158489319246,0.0158489319246,0.0158489319246,0.0158489319246,0.0158489319246,0.0158489319246,0.0158489319246,0.0158489319246,5,Z90 Z100 Z101 Z111,0.542511111111,0.0121215849821,0.542511111111,0.0121215849821
0.0158489319246,0.0158489319246,0.0158489319246,0.0158489319246,0.0158489319246,0.0158489319246,0.0158489319246,0.0158489319246,0.0158489319246,0.0158489319246,0.0158489319246,0.0158489319246,0.0158489319246,0.0158489319246,0.0158489319246,0.0158489319246,0.0158489319246,0.0158489319246,5,Z91 Z101 Z102 Z112,0.544066666667,0.0145895044414,0.544066666667,0.0145895044414
0.0158489319246,0.0158489319246,0.0158489319246,0.0158489319246,0.0158489319246,0.0158489319246,0.0158489319246,0.0158489319246,0.0158489319246,0.0158489319246,0.0158489319246,0.0158489319246,0.0158489319246,0.0158489319246,0.0158489319246,0.0158489319246,0.0158489319246,0.0158489319246,5,Z92 Z102 Z103 Z113,0.541933333333,0.0158705008407,0.541933333333,0.0158705008407
0.0158489319246,0.0158489319246,0.0158489319246,0.0158489319246,0.0158489319246,0.0158489319246,0.0158489319246,0.0158489319246,0.0158489319246,0.0158489319246,0.0158489319246,0.0158489319246,0.0158489319246,0.0158489319246,0.0158489319246,0.0158489319246,0.0158489319246,0.0158489319246,5,Z93 Z103 Z104 Z114,0.0635777777778,0.018493849725,0.0635777777778,0.018493849725
0.0158489319246,0.0158489319246,0.0158489319246,0.0158489319246,0.0158489319246,0.0158489319246,0.0158489319246,0.0158489319246,0.0158489319246,0.0158489319246,0.0158489319246,0.0158489319246,0.0158489319246,0.0158489319246,0.0158489319246,0.0158489319246,0.0158489319246,0.0158489319246,5,Z94 Z104 Z115,0.0724888888889,0.018185871602,0.0724888888889,0.018185871602
0.0158489319246,0.0158489319246,0.0158489319246,0.0158489319246,0.0158489319246,0.0158489319246,0.0158489319246,0.0158489319246,0.0158489319246,0.0158489319246,0.0158489319246,0.0158489319246,0.0158489319246,0.0158489319246,0.0158489319246,0.0158489319246,0.0158489319246,0.0158489319246,10,Logical X,0.236488888889,0.0160047247175,0.235755555556,0.0171711986727
0.0158489319246,0.0158489319246,0.0158489319246,0.0158489319246,0.0158489319246,0.0158489319246,0.0158489319246,0.0158489319246,0.0158489319246,0.0158489319246,0.0158489319246,0.0158489319246,0.0158489319246,0.0158489319246,0.0158489319246,0.0158489319246,0.0158489319246,0.0158489319246,10,Logical Y,0.0129777777778,0.0114238888418,-0.00593333333333,0.017789186952
0.0158489319246,0.0158489319246,0.0158489319246,0.0158489319246,0.0158489319246,0.0158489319246,0.0158489319246,0.0158489319246,0.0158489319246,0.0158489319246,0.0158489319246,0.0158489319246,0.0158489319246,0.0158489319246,0.0158489319246,0.0158489319246,0.0158489319246,0.0158489319246,10,Logical Z,0.0126444444444,0.010432021633,-0.000155555555556,0.0195392783181
0.0158489319246,0.0158489319246,0.0158489319246,0.0158489319246,0.0158489319246,0.0158489319246,0.0158489319246,0.0158489319246,0.0158489319246,0.0158489319246,0.0158489319246,0.0158489319246,0.0158489319246,0.0158489319246,0.0158489319246,0.0158489319246,0.0158489319246,0.0158489319246,10,X0 X1 X11,0.492333333333,0.0134224036424,0.492333333333,0.0134224036424
0.0158489319246,0.0158489319246,0.0158489319246,0.0158489319246,0.0158489319246,0.0158489319246,0.0158489319246,0.0158489319246,0.0158489319246,0.0158489319246,0.0158489319246,0.0158489319246,0.0158489319246,0.0158489319246,0.0158489319246,0.0158489319246,0.0158489319246,0.0158489319246,10,X1 X2 X12,0.306644444444,0.0154488237679,0.306644444444,0.0154488237679
0.0158489319246,0.0158489319246,0.0158489319246,0.0158489319246,0.0158489319246,0.0158489319246,0.0158489319246,0.0158489319246,0.0158489319246,0.0158489319246,0.0158489319246,0.0158489319246,0.0158489319246,0.0158489319246,0.0158489319246,0.0158489319246,0.0158489319246,0.0158489319246,10,X100 X110 X111 X121,0.4722,0.0160202458115,0.4722,0.0160202458115
0.0158489319246,0.0158489319246,0.0158489319246,0.0158489319246,0.0158489319246,0.0158489319246,0.0158489319246,0.0158489319246,0.0158489319246,0.0158489319246,0.0158489319246,0.0158489319246,0.0158489319246,0.0158489319246,0.0158489319246,0.0158489319246,0.0158489319246,0.0158489319246,10,X101 X111 X112 X122,0.466088888889,0.0167338721655,0.466088888889,0.0167338721655
0.0158489319246,0.0158489319246,0.0158489319246,0.0158489319246,0.0158489319246,0.0158489319246,0.0158489319246,0.0158489319246,0.0158489319246,0.0158489319246,0.0158489319246,0.0158489319246,0.0158489319246,0.0158489319246,0.0158489319246,0.0158489319246,0.0158489319246,0.0158489319246,10,X102 X112 X113 X123,0.470555555556,0.0148546813534,0.470555555556,0.0148546813534
0.0158489319246,0.0158489319246,0.0158489319246,0.0158489319246,0.0158489319246,0.0158489319246,0.0158489319246,0.0158489319246,0.0158489319246,0.0158489319246,0.0158489319246,0.0158489319246,0.0158489319246,0.0158489319246,0.0158489319246,0.0158489319246,0.0158489319246,0.0158489319246,10,X103 X113 X114 X124,0.460133333333,0.0188946666845,0.460133333333,0.0188946666845
0.0158489319246,0.0158489319246,0.0158489319246,0.0158489319246,0.0158489319246,0.0158489319246,0.0158489319246,0.0158489319246,0.0158489319246,0.0158489319246,0.0158489319246,0.0158489319246,0.0158489319246,0.0158489319246,0.0158489319246,0.0158489319246,0.0158489319246,0.0158489319246,10,X104 X114 X115 X125,0.0213111111111,0.0147057820446,0.0213111111111,0.0147057820446
0.0158489319246,0.0158489319246,0.0158489319246,0.0158489319246,0.0158489319246,0.0158489319246,0.0158489319246,0.0158489319246,0.0158489319246,0.0158489319246,0.0158489319246,0.0158489319246,0.0158489319246,0.0158489319246,0.0158489319246,0.0158489319246,0.0158489319246,0.0158489319246,10,X11 X21 X22 X32,0.462466666667,0.016158363788,0.462466666667,0.016158363788
0.0158489319246,0.0158489319246,0.0158489319246,0.0158489319246,0.0158489319246,0.0158489319246,0.0158489319246,0.0158489319246,0.0158489319246,0.0158489319246,0.0158489319246,0.0158489319246,0.0158489319246,0.0158489319246,0.0158489319246,0.0158489319246,0.0158489319246,0.0158489319246,10,X116 X126 X127 X137,0.465777777778,0.0126361802916,0.465777777778,0.0126361802916
0.0158489319246,0.0158489319246,0.0158489319246,0.0158489319246,0.0158489319246,0.0158489319246,0.0158489319246,0.0158489319246,0.0158489319246,0.0158489319246,0.0158489319246,0.0158489319246,0.0158489319246,0.0158489319246,0.0158489319246,0.0158489319246,0.0158489319246,0.0158489319246,10,X117 X127 X128 X138,0.469822222222,0.0179175919747,0.469822222222,0.0179175919747
0.0158489319246,0.0158489319246,0.0158489319246,0.0158489319246,0.0158489319246,0.0158489319246,0.0158489319246,0.0158489319246,0.0158489319246,0.0158489319246,0.0158489319246,0.0158489319246,0.0158489319246,0.0158489319246,0.0158489319246,0.0158489319246,0.0158489319246,0.0158489319246,10,X118 X128 X129 X139,0.4648,0.0159812150263,0.4648,0.0159812150263
0.0158489319246,0.0158489319246,0.0158489319246,0.0158489319246,0.0158489319246,0.0158489319246,0.0158489319246,0.0158489319246,0.0158489319246,0.0158489319246,0.0158489319246,0.0158489319246,0.0158489319246,0.0158489319246,0.0158489319246,0.0158489319246,0.0158489319246,0.0158489319246,10,X119 X129 X130 X140,0.468288888889,0.0117335466717,0.468288888889,0.0117335466717
0.0158489319246,0.0158489319246,0.0158489319246,0.0158489319246,0.0158489319246,0.0158489319246,0.0158489319246,0.0158489319246,0.0158489319246,0.0158489319246,0.0158489319246,0.0158489319246,0.0158489319246,0.0158489319246,0.0158489319246,0.0158489319246,0.0158489319246,0.0158489319246,10,X12 X22 X23 X33,0.460244444444,0.0147255696332,0.460244444444,0.0147255696332
0.0158489319246,0.0158489319246,0.0158489319246,0.0158489319246,0.0158489319246,0.0158489319246,0.0158489319246,0.0158489319246,0.0158489319246,0.0158489319246,0.0158489319246,0.0158489319246,0.0158489319246,0.0158489319246,0.0158489319246,0.0158489319246,0.0158489319246,0.0158489319246,10,X120 X130 X131 X141,0.462288888889,0.0123147524941,0.462288888889,0.0123147524941
0.0158489319246,0.0158489319246,0.0158489319246,0.0158489319246,0.0158489319246,0.0158489319246,0.0158489319246,0.0158489319246,0.0158489319246,0.0158489319246,0.0158489319246,0.0158489319246,0.0158489319246,0.0158489319246,0.0158489319246,0.0158489319246,0.0158489319246,0.0158489319246,10,X121 X131 X132 X142,0.465644444444,0.0213683142323,0.465644444444,0.0213683142323
0.0158489319246,0.0158489319246,0.0158489319246,0.0158489319246,0.0158489319246,0.0158489319246,0.0158489319246,0.0158489319246,0.0158489319246,0.0158489319246,0.0158489319246,0.0158489319246,0.0158489319246,0.0158489319246,0.0158489319246,0.0158489319246,0.0158489319246,0.0158489319246,10,X122 X132 X133 X143,0.467377777778,0.0173155818326,0.467377777778,0.0173155818326
0.0158489319246,0.0158489319246,0.0158489319246,0.0158489319246,0.0158489319246,0.0158489319246,0.0158489319246,0.0158489319246,0.0158489319246,0.0158489319246,0.0158489319246,0.0158489319246,0.0158489319246,0.0158489319246,0.0158489319246,0.0158489319246,0.0158489319246,0.0158489319246,10,X123 X133 X134 X144,0.459311111111,0.0189441472544,0.459311111111,0.0189441472544
0.0158489319246,0.0158489319246,0.0158489319246,0.0158489319246,0.0158489319246,0.0158489319246,0.0158489319246,0.0158489319246,0.0158489319246,0.0158489319246,0.0158489319246,0.0158489319246,0.0158489319246,0.0158489319246,0.0158489319246,0.0158489319246,0.0158489319246,0.0158489319246,10,X124 X134 X135 X145,0.463266666667,0.0178656973489,0.463266666667,0.0178656973489
0.0158489319246,0.0158489319246,0.0158489319246,0.0158489319246,0.0158489319246,0.0158489319246,0.0158489319246,0.0158489319246,0.0158489319246,0.0158489319246,0.0158489319246,0.0158489319246,0.0158489319246,0.0158489319246,0.0158489319246,0.0158489319246,0.0158489319246,0.0158489319246,10,X125 X135 X136 X146,0.0164888888889,0.0106995661219,0.0164888888889,0.0106995661219
0.0158489319246,0.0158489319246,0.0158489319246,0.0158489319246,0.0158489319246,0.0158489319246,0.0158489319246,0.0158489319246,0.0158489319246,0.0158489319246,0.0158489319246,0.0158489319246,0.0158489319246,0.0158489319246,0.0158489319246,0.0158489319246,0.0158489319246,0.0158489319246,10,X13 X23 X24 X34,0.4654,0.0154029902058,0.4654,0.0154029902058
0.0158489319246,0.0158489319246,0.0158489319246,0.0158489319246,0.0158489319246,0.0158489319246,0.0158489319246,0.0158489319246,0.0158489319246,0.0158489319246,0.0158489319246,0.0158489319246,0.0158489319246,0.0158489319246,0.0158489319246,0.0158489319246,0.0158489319246,0.0158489319246,10,X137 X147 X148 X158,0.467266666667,0.012382598097,0.467266666667,0.012382598097
0.0158489319246,0.0158489319246,0.0158489319246,0.0158489319246,0.0158489319246,0.0158489319246,0.0158489319246,0.0158489319246,0.0158489319246,0.0158489319246,0.0158489319246,0.0158489319246,0.0158489319246,0.0158489319246,0.0158489319246,0.0158489319246,0.0158489319246,0.0158489319246,10,X138 X148 X149 X159,0.462555555556,0.0146938967009,0.462555555556,0.0146938967009
0.0158489319246,0.0158489319246,0.0158489319246,0.0158489319246,0.0158489319246,0.0158489319246,0.0158489319246,0.0158489319246,0.0158489319246,0.0158489319246,0.0158489319246,0.0158489319246,0.0158489319246,0.0158489319246,0.0158489319246,0.0158489319246,0.0158489319246,0.0158489319246,10,X139 X149 X150 X160,0.466355555556,0.0157856652887,0.466355555556,0.0157856652887
0.0158489319246,0.0158489319246,0.0158489319246,0.0158489319246,0.0158489319246,0.0158489319246,0.0158489319246,0.0158489319246,0.0158489319246,0.0158489319246,0.0158489319246,0.0158489319246,0.0158489319246,0.0158489319246,0.0158489319246,0.0158489319246,0.0158489319246,0.0158489319246,10,X14 X24 X25 X35,0.458044444444,0.0201343634762,0.458044444444,0.0201343634762
0.0158489319246,0.0158489319246,0.0158489319246,0.0158489319246,0.0158489319246,0.0158489319246,0.0158489319246,0.0158489319246,0.0158489319246,0.0158489319246,0.0158489319246,0.0158489319246,0.0158489319246,0.0158489319246,0.0158489319246,0.0158489319246,0.0158489319246,0.0158489319246,10,X140 X150 X151 X161,0.461133333333,0.0181877395443,0.461133333333,0.0181877395443
0.0158489319246,0.0158489319246,0.0158489319246,0.0158489319246,0.0158489319246,0.0158489319246,0.0158489319246,0.0158489319246,0.0158489319246,0.0158489319246,0.0158489319246,0.0158489319246,0.0158489319246,0.0158489319246,0.0158489319246,0.0158489319246,0.0158489319246,0.0158489319246,10,X141 X151 X152 X162,0.461333333333,0.0132780462949,0.461333333333,0.0132780462949
0.0158489319246,0.0158489319246,0.0158489319246,0.0158489319246,0.0158489319246,0.0158489319246,0.0158489319246,0.0158489319246,0.0158489319246,0.0158489319246,0.0158489319246,0.0158489319246,0.0158489319246,0.0158489319246,0.0158489319246,0.0158489319246,0.0158489319246,0.0158489319246,10,X142 X152 X153 X163,0.462488888889,0.015998978256,0.462488888889,0.015998978256
0.0158489319246,0.0158489319246,0.0158489319246,0.0158489319246,0.0158489319246,0.0158489319246,0.0158489319246,0.0158489319246,0.0158489319246,0.0158489319246,0.0158489319246,0.0158489319246,0.0158489319246,0.0158489319246,0.0158489319246,0.0158489319246,0.0158489319246,0.0158489319246,10,X143 X153 X154 X164,0.465022222222,0.0184583892261,0.465022222222,0.0184583892261
0.0158489319246,0.0158489319246,0.0158489319246,0.0158489319246,0.0158489319246,0.0158489319246,0.0158489319246,0.0158489319246,0.0158489319246,0.0158489319246,0.0158489319246,0.0158489319246,0.0158489319246,0.0158489319246,0.0158489319246,0.0158489319246,0.0158489319246,0.0158489319246,10,X144 X154 X155 X165,0.4628,0.0159177964936,0.4628,0.0159177964936
0.0158489319246,0.0158489319246,0.0158489319246,0.0158489319246,0.0158489319246,0.0158489319246,0.0158489319246,0.0158489319246,0.0158489319246,0.0158489319246,0.0158489319246,0.0158489319246,0.0158489319246,0.0158489319246,0.0158489319246,0.0158489319246,0.0158489319246,0.0158489319246,10,X145 X155 X156 X166,0.465,0.0171240683389,0.465,0.0171240683389
0.0158489319246,0.0158489319246,0.0158489319246,0.0158489319246,0.0158489319246,0.0158489319246,0.0158489319246,0.0158489319246,0.0158489319246,0.0158489319246,0.0158489319246,0.0158489319246,0.0158489319246,0.0158489319246,0.0158489319246,0.0158489319246,0.0158489319246,0.0158489319246,10,X146 X156 X157 X167,0.0147111111111,0.0100921931565,0.0147111111111,0.0100921931565
0.0158489319246,0.0158489319246,0.0158489319246,0.0158489319246,0.0158489319246,0.0158489319246,0.0158489319246,0.0158489319246,0.0158489319246,0.0158489319246,0.0158489319246,0.0158489319246,0.0158489319246,0.0158489319246,0.0158489319246,0.0158489319246,0.0158489319246,0.0158489319246,10,X15 X25 X26 X36,0.463311111111,0.0135550342215,0.463311111111,0.0135550342215
0.0158489319246,0.0158489319246,0.0158489319246,0.0158489319246,0.0158489319246,0.0158489319246,0.0158489319246,0.0158489319246,0.0158489319246,0.0158489319246,0.0158489319246,0.0158489319246,0.0158489319246,0.0158489319246,0.0158489319246,0.0158489319246,0.0158489319246,0.0158489319246,10,X158 X168 X169 X179,0.463755555556,0.0178486470576,0.463755555556,0.0178486470576
0.0158489319246,0.0158489319246,0.0158489319246,0.0158489319246,0.0158489319246,0.0158489319246,0.0158489319246,0.0158489319246,0.0158489319246,0.0158489319246,0.0158489319246,0.0158489319246,0.0158489319246,0.0158489319246,0.0158489319246,0.0158489319246,0.0158489319246,0.0158489319246,10,X159 X169 X170 X180,0.467555555556,0.0145062632353,0.467555555556,0.0145062632353
0.0158489319246,0.0158489319246,0.0158489319246,0.0158489319246,0.0158489319246,0.0158489319246,0.0158489319246,0.0158489319246,0.0158489319246,0.0158489319246,0.0158489319246,0.0158489319246,0.0158489319246,0.0158489319246,0.0158489319246,0.0158489319246,0.0158489319246,0.0158489319246,10,X16 X26 X27 X37,0.462,0.0148855145716,0.462,0.0148855145716
0.0158489319246,0.0158489319246,0.0158489319246,0.0158489319246,0.0158489319246,0.0158489319246,0.0158489319246,0.0158489319246,0.0158489319246,0.0158489319246,0.0158489319246,0.0158489319246,0.0158489319246,0.0158489319246,0.0158489319246,0.0158489319246,0.0158489319246,0.0158489319246,10,X160 X170 X171 X181,0.465911111111,0.0188681517902,0.465911111111,0.0188681517902
0.0158489319246,0.0158489319246,0.0158489319246,0.0158489319246,0.0158489319246,0.0158489319246,0.0158489319246,0.0158489319246,0.0158489319246,0.0158489319246,0.0158489319246,0.0158489319246,0.0158489319246,0.0158489319246,0.0158489319246,0.0158489319246,0.0158489319246,0.0158489319246,10,X161 X171 X172 X182,0.4604,0.0150112090941,0.4604,0.0150112090941
0.0158489319246,0.0158489319246,0.0158489319246,0.0158489319246,0.0158489319246,0.0158489319246,0.0158489319246,0.0158489319246,0.0158489319246,0.0158489319246,0.0158489319246,0.0158489319246,0.0158489319246,0.0158489319246,0.0158489319246,0.0158489319246,0.0158489319246,0.0158489319246,10,X162 X172 X173 X183,0.462222222222,0.0198224558858,0.462222222222,0.0198224558858
0.0158489319246,0.0158489319246,0.0158489319246,0.0158489319246,0.0158489319246,0.0158489319246,0.0158489319246,0.0158489319246,0.0158489319246,0.0158489319246,0.0158489319246,0.0158489319246,0.0158489319246,0.0158489319246,0.0158489319246,0.0158489319246,0.0158489319246,0.0158489319246,10,X163 X173 X174 X184,0.462244444444,0.0193063492491,0.462244444444,0.0193063492491
0.0158489319246,0.0158489319246,0.0158489319246,0.0158489319246,0.0158489319246,0.0158489319246,0.0158489319246,0.0158489319246,0.0158489319246,0.0158489319246,0.0158489319246,0.0158489319246,0.0158489319246,0.0158489319246,0.0158489319246,0.0158489319246,0.0158489319246,0.0158489319246,10,X164 X174 X175 X185,0.462533333333,0.0133728151078,0.462533333333,0.0133728151078
0.0158489319246,0.0158489319246,0.0158489319246,0.0158489319246,0.0158489319246,0.0158489319246,0.0158489319246,0.0158489319246,0.0158489319246,0.0158489319246,0.0158489319246,0.0158489319246,0.0158489319246,0.0158489319246,0.0158489319246,0.0158489319246,0.0158489319246,0.0158489319246,10,X165 X175 X176 X186,0.465155555556,0.0179978145402,0.465155555556,0.0179978145402
0.0158489319246,0.0158489319246,0.0158489319246,0.0158489319246,0.0158489319246,0.0158489319246,0.0158489319246,0.0158489319246,0.0158489319246,0.0158489319246,0.0158489319246,0.0158489319246,0.0158489319246,0.0158489319246,0.0158489319246,0.0158489319246,0.0158489319246,0.0158489319246,10,X166 X176 X177 X187,0.457533333333,0.016547296662,0.457533333333,0.016547296662
0.0158489319246,0.0158489319246,0.0158489319246,0.0158489319246,0.0158489319246,0.0158489319246,0.0158489319246,0.0158489319246,0.0158489319246,0.0158489319246,0.0158489319246,0.0158489319246,0.0158489319246,0.0158489319246,0.0158489319246,0.0158489319246,0.0158489319246,0.0158489319246,10,X167 X177 X178 X188,0.0112888888889,0.00909369422099,0.0112888888889,0.00909369422099
0.0158489319246,0.0158489319246,0.0158489319246,0.0158489319246,0.0158489319246,0.0158489319246,0.0158489319246,0.0158489319246,0.0158489319246,0.0158489319246,0.0158489319246,0.0158489319246,0.0158489319246,0.0158489319246,0.0158489319246,0.0158489319246,0.0158489319246,0.0158489319246,10,X17 X27 X28 X38,0.459888888889,0.0179715256546,0.459888888889,0.0179715256546
0.0158489319246,0.0158489319246,0.0158489319246,0.0158489319246,0.0158489319246,0.0158489319246,0.0158489319246,0.0158489319246,0.0158489319246,0.0158489319246,0.0158489319246,0.0158489319246,0.0158489319246,0.0158489319246,0.0158489319246,0.0158489319246,0.0158489319246,0.0158489319246,10,X179 X189 X190 X200,0.4664,0.0211345624937,0.4664,0.0211345624937
0.0158489319246,0.0158489319246,0.0158489319246,0.0158489319246,0.0158489319246,0.0158489319246,0.0158489319246,0.0158489319246,0.0158489319246,0.0158489319246,0.0158489319246,0.0158489319246,0.0158489319246,0.0158489319246,0.0158489319246,0.0158489319246,0.0158489319246,0.0158489319246,10,X18 X28 X29 X39,0.458422222222,0.0157552967031,0.458422222222,0.0157552967031
0.0158489319246,0.0158489319246,0.0158489319246,0.0158489319246,0.0158489319246,0.0158489319246,0.0158489319246,0.0158489319246,0.0158489319246,0.0158489319246,0.0158489319246,0.0158489319246,0.0158489319246,0.0158489319246,0.0158489319246,0.0158489319246,0.0158489319246,0.0158489319246,10,X180 X190 X191 X201,0.462933333333,0.01412435195,0.462933333333,0.01412435195
0.0158489319246,0.0158489319246,0.0158489319246,0.0158489319246,0.0158489319246,0.0158489319246,0.0158489319246,0.0158489319246,0.0158489319246,0.0158489319246,0.0158489319246,0.0158489319246,0.0158489319246,0.0158489319246,0.0158489319246,0.0158489319246,0.0158489319246,0.0158489319246,10,X181 X191 X192 X202,0.461755555556,0.0151927421,0.461755555556,0.0151927421
0.0158489319246,0.0158489319246,0.0158489319246,0.0158489319246,0.0158489319246,0.0158489319246,0.0158489319246,0.0158489319246,0.0158489319246,0.0158489319246,0.0158489319246,0.0158489319246,0.0158489319246,0.0158489319246,0.0158489319246,0.0158489319246,0.0158489319246,0.0158489319246,10,X182 X192 X193 X203,0.458133333333,0.0190899464022,0.458133333333,0.0190899464022
0.0158489319246,0.0158489319246,0.0158489319246,0.0158489319246,0.0158489319246,0.0158489319246,0.0158489319246,0.0158489319246,0.0158489319246,0.0158489319246,0.0158489319246,0.0158489319246,0.0158489319246,0.0158489319246,0.0158489319246,0.0158489319246,0.0158489319246,0.0158489319246,10,X183 X193 X194 X204,0.463577777778,0.0154329431527,0.463577777778,0.0154329431527
0.0158489319246,0.0158489319246,0.0158489319246,0.0158489319246,0.0158489319246,0.0158489319246,0.0158489319246,0.0158489319246,0.0158489319246,0.0158489319246,0.0158489319246,0.0158489319246,0.0158489319246,0.0158489319246,0.0158489319246,0.0158489319246,0.0158489319246,0.0158489319246,10,X184 X194 X195 X205,0.466866666667,0.0173352342017,0.466866666667,0.0173352342017
0.0158489319246,0.0158489319246,0.0158489319246,0.0158489319246,0.0158489319246,0.0158489319246,0.0158489319246,0.0158489319246,0.0158489319246,0.0158489319246,0.0158489319246,0.0158489319246,0.0158489319246,0.0158489319246,0.0158489319246,0.0158489319246,0.0158489319246,0.0158489319246,10,X185 X195 X196 X206,0.468755555556,0.0154381557803,0.468755555556,0.0154381557803
0.0158489319246,0.0158489319246,0.0158489319246,0.0158489319246,0.0158489319246,0.0158489319246,0.0158489319246,0.0158489319246,0.0158489319246,0.0158489319246,0.0158489319246,0.0158489319246,0.0158489319246,0.0158489319246,0.0158489319246,0.0158489319246,0.0158489319246,0.0158489319246,10,X186 X196 X197 X207,0.462977777778,0.0187172822251,0.462977777778,0.0187172822251
0.0158489319246,0.0158489319246,0.0158489319246,0.0158489319246,0.0158489319246,0.0158489319246,0.0158489319246,0.0158489319246,0.0158489319246,0.0158489319246,0.0158489319246,0.0158489319246,0.0158489319246,0.0158489319246,0.0158489319246,0.0158489319246,0.0158489319246,0.0158489319246,10,X187 X197 X198 X208,0.465044444444,0.0136532688277,0.465044444444,0.0136532688277
0.0158489319246,0.0158489319246,0.0158489319246,0.0158489319246,0.0158489319246,0.0158489319246,0.0158489319246,0.0158489319246,0.0158489319246,0.0158489319246,0.0158489319246,0.0158489319246,0.0158489319246,0.0158489319246,0.0158489319246,0.0158489319246,0.0158489319246,0.0158489319246,10,X188 X198 X199 X209,0.0151111111111,0.0115964498905,0.0151111111111,0.0115964498905
0.0158489319246,0.0158489319246,0.0158489319246,0.0158489319246,0.0158489319246,0.0158489319246,0.0158489319246,0.0158489319246,0.0158489319246,0.0158489319246,0.0158489319246,0.0158489319246,0.0158489319246,0.0158489319246,0.0158489319246,0.0158489319246,0.0158489319246,0.0158489319246,10,X19 X29 X30 X40,0.464333333333,0.0171946262656,0.464333333333,0.0171946262656
0.0158489319246,0.0158489319246,0.0158489319246,0.0158489319246,0.0158489319246,0.0158489319246,0.0158489319246,0.0158489319246,0.0158489319246,0.0158489319246,0.0158489319246,0.0158489319246,0.0158489319246,0.0158489319246,0.0158489319246,0.0158489319246,0.0158489319246,0.0158489319246,10,X2 X3 X13,0.187533333333,0.018847360253,0.187533333333,0.018847360253
0.0158489319246,0.0158489319246,0.0158489319246,0.0158489319246,0.0158489319246,0.0158489319246,0.0158489319246,0.0158489319246,0.0158489319246,0.0158489319246,0.0158489319246,0.0158489319246,0.0158489319246,0.0158489319246,0.0158489319246,0.0158489319246,0.0158489319246,0.0158489319246,10,X20 X30 X31 X41,0.0128444444444,0.00947015207545,0.0128444444444,0.00947015207545
0.0158489319246,0.0158489319246,0.0158489319246,0.0158489319246,0.0158489319246,0.0158489319246,0.0158489319246,0.0158489319246,0.0158489319246,0.0158489319246,0.0158489319246,0.0158489319246,0.0158489319246,0.0158489319246,0.0158489319246,0.0158489319246,0.0158489319246,0.0158489319246,10,X200 X210 X211,0.514177777778,0.0160763821756,0.514177777778,0.0160763821756
0.0158489319246,0.0158489319246,0.0158489319246,0.0158489319246,0.0158489319246,0.0158489319246,0.0158489319246,0.0158489319246,0.0158489319246,0.0158489319246,0.0158489319246,0.0158489319246,0.0158489319246,0.0158489319246,0.0158489319246,0.0158489319246,0.0158489319246,0.0158489319246,10,X201 X211 X212,0.520888888889,0.0170285613878,0.520888888889,0.0170285613878
0.0158489319246,0.0158489319246,0.0158489319246,0.0158489319246,0.0158489319246,0.0158489319246,0.0158489319246,0.0158489319246,0.0158489319246,0.0158489319246,0.0158489319246,0.0158489319246,0.0158489319246,0.0158489319246,0.0158489319246,0.0158489319246,0.0158489319246,0.0158489319246,10,X202 X212 X213,0.521155555556,0.0153327669394,0.521155555556,0.0153327669394
0.0158489319246,0.0158489319246,0.0158489319246,0.0158489319246,0.0158489319246,0.0158489319246,0.0158489319246,0.0158489319246,0.0158489319246,0.0158489319246,0.0158489319246,0.0158489319246,0.0158489319246,0.0158489319246,0.0158489319246,0.0158489319246,0.0158489319246,0.0158489319246,10,X203 X213 X214,0.5244,0.0143983821995,0.5244,0.0143983821995
0.0158489319246,0.0158489319246,0.0158489319246,0.0158489319246,0.0158489319246,0.0158489319246,0.0158489319246,0.0158489319246,0.0158489319246,0.0158489319246,0.0158489319246,0.0158489319246,0.0158489319246,0.0158489319246,0.0158489319246,0.0158489319246,0.0158489319246,0.0158489319246,10,X204 X214 X215,0.522711111111,0.0159740530352,0.522711111111,0.0159740530352
0.0158489319246,0.0158489319246,0.0158489319246,0.0158489319246,0.0158489319246,0.0158489319246,0.0158489319246,0.0158489319246,0.0158489319246,0.0158489319246,0.0158489319246,0.0158489319246,0.0158489319246,0.0158489319246,0.0158489319246,0.0158489319246,0.0158489319246,0.0158489319246,10,X205 X215 X216,0.523266666667,0.0146052528209,0.523266666667,0.0146052528209
0.0158489319246,0.0158489319246,0.0158489319246,0.0158489319246,0.0158489319246,0.0158489319246,0.0158489319246,0.0158489319246,0.0158489319246,0.0158489319246,0.0158489319246,0.0158489319246,0.0158489319246,0.0158489319246,0.0158489319246,0.0158489319246,0.0158489319246,0.0158489319246,10,X206 X216 X217,0.525488888889,0.0148067327891,0.525488888889,0.0148067327891
0.0158489319246,0.0158489319246,0.0158489319246,0.0158489319246,0.0158489319246,0.0158489319246,0.0158489319246,0.0158489319246,0.0158489319246,0.0158489319246,0.0158489319246,0.0158489319246,0.0158489319246,0.0158489319246,0.0158489319246,0.0158489319246,0.0158489319246,0.0158489319246,10,X207 X217 X218,0.516822222222,0.0156422488445,0.516822222222,0.0156422488445
0.0158489319246,0.0158489319246,0.0158489319246,0.0158489319246,0.0158489319246,0.0158489319246,0.0158489319246,0.0158489319246,0.0158489319246,0.0158489319246,0.0158489319246,0.0158489319246,0.0158489319246,0.0158489319246,0.0158489319246,0.0158489319246,0.0158489319246,0.0158489319246,10,X208 X218 X219,0.517733333333,0.0156490240598,0.517733333333,0.0156490240598
0.0158489319246,0.0158489319246,0.0158489319246,0.0158489319246,0.0158489319246,0.0158489319246,0.0158489319246,0.0158489319246,0.0158489319246,0.0158489319246,0.0158489319246,0.0158489319246,0.0158489319246,0.0158489319246,0.0158489319246,0.0158489319246,0.0158489319246,0.0158489319246,10,X209 X219 X220,0.0152888888889,0.0104209240342,0.0152888888889,0.0104209240342
0.0158489319246,0.0158489319246,0.0158489319246,0.0158489319246,0.0158489319246,0.0158489319246,0.0158489319246,0.0158489319246,0.0158489319246,0.0158489319246,0.0158489319246,0.0158489319246,0.0158489319246,0.0158489319246,0.0158489319246,0.0158489319246,0.0158489319246,0.0158489319246,10,X3 X4 X14,0.121266666667,0.0196867032163,0.121266666667,0.0196867032163
0.0158489319246,0.0158489319246,0.0158489319246,0.0158489319246,0.0158489319246,0.0158489319246,0.0158489319246,0.0158489319246,0.0158489319246,0.0158489319246,0.0158489319246,0.0158489319246,0.0158489319246,0.0158489319246,0.0158489319246,0.0158489319246,0.0158489319246,0.0158489319246,10,X32 X42 X43 X53,0.467044444444,0.018358443271,0.467044444444,0.018358443271
0.0158489319246,0.0158489319246,0.0158489319246,0.0158489319246,0.0158489319246,0.0158489319246,0.0158489319246,0.0158489319246,0.0158489319246,0.0158489319246,0.0158489319246,0.0158489319246,0.0158489319246,0.0158489319246,0.0158489319246,0.0158489319246,0.0158489319246,0.0158489319246,10,X33 X43 X44 X54,0.468355555556,0.0163409396629,0.468355555556,0.0163409396629
0.0158489319246,0.0158489319246,0.0158489319246,0.0158489319246,0.0158489319246,0.0158489319246,0.0158489319246,0.0158489319246,0.0158489319246,0.0158489319246,0.0158489319246,0.0158489319246,0.0158489319246,0.0158489319246,0.0158489319246,0.0158489319246,0.0158489319246,0.0158489319246,10,X34 X44 X45 X55,0.462666666667,0.0184884762701,0.462666666667,0.0184884762701
0.0158489319246,0.0158489319246,0.0158489319246,0.0158489319246,0.0158489319246,0.0158489319246,0.0158489319246,0.0158489319246,0.0158489319246,0.0158489319246,0.0158489319246,0.0158489319246,0.0158489319246,0.0158489319246,0.0158489319246,0.0158489319246,0.0158489319246,0.0158489319246,10,X35 X45 X46 X56,0.464488888889,0.0209848939161,0.464488888889,0.0209848939161
0.0158489319246,0.0158489319246,0.0158489319246,0.0158489319246,0.0158489319246,0.0158489319246,0.0158489319246,0.0158489319246,0.0158489319246,0.0158489319246,0.0158489319246,0.0158489319246,0.0158489319246,0.0158489319246,0.0158489319246,0.0158489319246,0.0158489319246,0.0158489319246,10,X36 X46 X47 X57,0.461933333333,0.0175742322691,0.461933333333,0.0175742322691
0.0158489319246,0.0158489319246,0.0158489319246,0.0158489319246,0.0158489319246,0.0158489319246,0.0158489319246,0.0158489319246,0.0158489319246,0.0158489319246,0.0158489319246,0.0158489319246,0.0158489319246,0.0158489319246,0.0158489319246,0.0158489319246,0.0158489319246,0.0158489319246,10,X37 X47 X48 X58,0.461244444444,0.0150358277955,0.461244444444,0.0150358277955
0.0158489319246,0.0158489319246,0.0158489319246,0.0158489319246,0.0158489319246,0.0158489319246,0.0158489319246,0.0158489319246,0.0158489319246,0.0158489319246,0.0158489319246,0.0158489319246,0.0158489319246,0.0158489319246,0.0158489319246,0.0158489319246,0.0158489319246,0.0158489319246,10,X38 X48 X49 X59,0.459377777778,0.0184402801928,0.459377777778,0.0184402801928
0.0158489319246,0.0158489319246,0.0158489319246,0.0158489319246,0.0158489319246,0.0158489319246,0.0158489319246,0.0158489319246,0.0158489319246,0.0158489319246,0.0158489319246,0.0158489319246,0.0158489319246,0.0158489319246,0.0158489319246,0.0158489319246,0.0158489319246,0.0158489319246,10,X39 X49 X50 X60,0.458355555556,0.0155232944062,0.458355555556,0.0155232944062
0.0158489319246,0.0158489319246,0.0158489319246,0.0158489319246,0.0158489319246,0.0158489319246,0.0158489319246,0.0158489319246,0.0158489319246,0.0158489319246,0.0158489319246,0.0158489319246,0.0158489319246,0.0158489319246,0.0158489319246,0.0158489319246,0.0158489319246,0.0158489319246,10,X4 X5 X15,0.0774888888889,0.01763285277,0.0774888888889,0.01763285277
0.0158489319246,0.0158489319246,0.0158489319246,0.0158489319246,0.0158489319246,0.0158489319246,0.0158489319246,0.0158489319246,0.0158489319246,0.0158489319246,0.0158489319246,0.0158489319246,0.0158489319246,0.0158489319246,0.0158489319246,0.0158489319246,0.0158489319246,0.0158489319246,10,X40 X50 X51 X61,0.460022222222,0.0146053927303,0.460022222222,0.0146053927303
0.0158489319246,0.0158489319246,0.0158489319246,0.0158489319246,0.0158489319246,0.0158489319246,0.0158489319246,0.0158489319246,0.0158489319246,0.0158489319246,0.0158489319246,0.0158489319246,0.0158489319246,0.0158489319246,0.0158489319246,0.0158489319246,0.0158489319246,0.0158489319246,10,X41 X51 X52 X62,0.0136666666667,0.0116181256196,0.0136666666667,0.0116181256196
0.0158489319246,0.0158489319246,0.0158489319246,0.0158489319246,0.0158489319246,0.0158489319246,0.0158489319246,0.0158489319246,0.0158489319246,0.0158489319246,0.0158489319246,0.0158489319246,0.0158489319246,0.0158489319246,0.0158489319246,0.0158489319246,0.0158489319246,0.0158489319246,10,X5 X6 X16,0.0507777777778,0.0199486569581,0.0507777777778,0.0199486569581
0.0158489319246,0.0158489319246,0.0158489319246,0.0158489319246,0.0158489319246,0.0158489319246,0.0158489319246,0.0158489319246,0.0158489319246,0.0158489319246,0.0158489319246,0.0158489319246,0.0158489319246,0.0158489319246,0.0158489319246,0.0158489319246,0.0158489319246,0.0158489319246,10,X53 X63 X64 X74,0.461288888889,0.020053517159,0.461288888889,0.020053517159
0.0158489319246,0.0158489319246,0.0158489319246,0.0158489319246,0.0158489319246,0.0158489319246,0.0158489319246,0.0158489319246,0.0158489319246,0.0158489319246,0.0158489319246,0.0158489319246,0.0158489319246,0.0158489319246,0.0158489319246,0.0158489319246,0.0158489319246,0.0158489319246,10,X54 X64 X65 X75,0.459333333333,0.0179748653803,0.459333333333,0.0179748653803
0.0158489319246,0.0158489319246,0.0158489319246,0.0158489319246,0.0158489319246,0.0158489319246,0.0158489319246,0.0158489319246,0.0158489319246,0.0158489319246,0.0158489319246,0.0158489319246,0.0158489319246,0.0158489319246,0.0158489319246,0.0158489319246,0.0158489319246,0.0158489319246,10,X55 X65 X66 X76,0.461355555556,0.0136642648109,0.461355555556,0.0136642648109
0.0158489319246,0.0158489319246,0.0158489319246,0.0158489319246,0.0158489319246,0.0158489319246,0.0158489319246,0.0158489319246,0.0158489319246,0.0158489319246,0.0158489319246,0.0158489319246,0.0158489319246,0.0158489319246,0.0158489319246,0.0158489319246,0.0158489319246,0.0158489319246,10,X56 X66 X67 X77,0.465755555556,0.0137993095872,0.465755555556,0.0137993095872
0.0158489319246,0.0158489319246,0.0158489319246,0.0158489319246,0.0158489319246,0.0158489319246,0.0158489319246,0.0158489319246,0.0158489319246,0.0158489319246,0.0158489319246,0.0158489319246,0.0158489319246,0.0158489319246,0.0158489319246,0.0158489319246,0.0158489319246,0.0158489319246,10,X57 X67 X68 X78,0.468444444444,0.0175025632131,0.468444444444,0.0175025632131
0.0158489319246,0.0158489319246,0.0158489319246,0.0158489319246,0.0158489319246,0.0158489319246,0.0158489319246,0.0158489319246,0.0158489319246,0.0158489319246,0.0158489319246,0.0158489319246,0.0158489319246,0.0158489319246,0.0158489319246,0.0158489319246,0.0158489319246,0.0158489319246,10,X58 X68 X69 X79,0.463555555556,0.0152901273668,0.463555555556,0.0152901273668
0.0158489319246,0.0158489319246,0.0158489319246,0.0158489319246,0.0158489319246,0.0158489319246,0.0158489319246,0.0158489319246,0.0158489319246,0.0158489319246,0.0158489319246,0.0158489319246,0.0158489319246,0.0158489319246,0.0158489319246,0.0158489319246,0.0158489319246,0.0158489319246,10,X59 X69 X70 X80,0.465688888889,0.014300264803,0.465688888889,0.014300264803
0.0158489319246,0.0158489319246,0.0158489319246,0.0158489319246,0.0158489319246,0.0158489319246,0.0158489319246,0.0158489319246,0.0158489319246,0.0158489319246,0.0158489319246,0.0158489319246,0.0158489319246,0.0158489319246,0.0158489319246,0.0158489319246,0.0158489319246,0.0158489319246,10,X6 X7 X17,0.0328222222222,0.0148036273212,0.0328222222222,0.0148036273212
0.0158489319246,0.0158489319246,0.0158489319246,0.0158489319246,0.0158489319246,0.0158489319246,0.0158489319246,0.0158489319246,0.0158489319246,0.0158489319246,0.0158489319246,0.0158489319246,0.0158489319246,0.0158489319246,0.0158489319246,0.0158489319246,0.0158489319246,0.0158489319246,10,X60 X70 X71 X81,0.467911111111,0.0153245685428,0.467911111111,0.0153245685428
0.0158489319246,0.0158489319246,0.0158489319246,0.0158489319246,0.0158489319246,0.0158489319246,0.0158489319246,0.0158489319246,0.0158489319246,0.0158489319246,0.0158489319246,0.0158489319246,0.0158489319246,0.0158489319246,0.0158489319246,0.0158489319246,0.0158489319246,0.0158489319246,10,X61 X71 X72 X82,0.461666666667,0.0147508036017,0.461666666667,0.0147508036017
0.0158489319246,0.0158489319246,0.0158489319246,0.0158489319246,0.0158489319246,0.0158489319246,0.0158489319246,0.0158489319246,0.0158489319246,0.0158489319246,0.0158489319246,0.0158489319246,0.0158489319246,0.0158489319246,0.0158489319246,0.0158489319246,0.0158489319246,0.0158489319246,10,X62 X72 X73 X83,0.0160222222222,0.0107132364626,0.0160222222222,0.0107132364626
0.0158489319246,0.0158489319246,0.0158489319246,0.0158489319246,0.0158489319246,0.0158489319246,0.0158489319246,0.0158489319246,0.0158489319246,0.0158489319246,0.0158489319246,0.0158489319246,0.0158489319246,0.0158489319246,0.0158489319246,0.0158489319246,0.0158489319246,0.0158489319246,10,X7 X8 X18,0.0182666666667,0.0127596106067,0.0182666666667,0.0127596106067
0.0158489319246,0.0158489319246,0.0158489319246,0.0158489319246,0.0158489319246,0.0158489319246,0.0158489319246,0.0158489319246,0.0158489319246,0.0158489319246,0.0158489319246,0.0158489319246,0.0158489319246,0.0158489319246,0.0158489319246,0.0158489319246,0.0158489319246,0.0158489319246,10,X74 X84 X85 X95,0.468288888889,0.0172799206516,0.468288888889,0.0172799206516
0.0158489319246,0.0158489319246,0.0158489319246,0.0158489319246,0.0158489319246,0.0158489319246,0.0158489319246,0.0158489319246,0.0158489319246,0.0158489319246,0.0158489319246,0.0158489319246,0.0158489319246,0.0158489319246,0.0158489319246,0.0158489319246,0.0158489319246,0.0158489319246,10,X75 X85 X86 X96,0.467977777778,0.0133051234142,0.467977777778,0.0133051234142
0.0158489319246,0.0158489319246,0.0158489319246,0.0158489319246,0.0158489319246,0.0158489319246,0.0158489319246,0.0158489319246,0.0158489319246,0.0158489319246,0.0158489319246,0.0158489319246,0.0158489319246,0.0158489319246,0.0158489319246,0.0158489319246,0.0158489319246,0.0158489319246,10,X76 X86 X87 X97,0.463644444444,0.016592232253,0.463644444444,0.016592232253
0.0158489319246,0.0158489319246,0.0158489319246,0.0158489319246,0.0158489319246,0.0158489319246,0.0158489319246,0.0158489319246,0.0158489319246,0.0158489319246,0.0158489319246,0.0158489319246,0.0158489319246,0.0158489319246,0.0158489319246,0.0158489319246,0.0158489319246,0.0158489319246,10,X77 X87 X88 X98,0.463866666667,0.0156360914656,0.463866666667,0.0156360914656
0.0158489319246,0.0158489319246,0.0158489319246,0.0158489319246,0.0158489319246,0.0158489319246,0.0158489319246,0.0158489319246,0.0158489319246,0.0158489319246,0.0158489319246,0.0158489319246,0.0158489319246,0.0158489319246,0.0158489319246,0.0158489319246,0.0158489319246,0.0158489319246,10,X78 X88 X89 X99,0.465955555556,0.0151143111329,0.465955555556,0.0151143111329
0.0158489319246,0.0158489319246,0.0158489319246,0.0158489319246,0.0158489319246,0.0158489319246,0.0158489319246,0.0158489319246,0.0158489319246,0.0158489319246,0.0158489319246,0.0158489319246,0.0158489319246,0.0158489319246,0.0158489319246,0.0158489319246,0.0158489319246,0.0158489319246,10,X79 X89 X90 X100,0.462733333333,0.0162842094965,0.462733333333,0.0162842094965
0.0158489319246,0.0158489319246,0.0158489319246,0.0158489319246,0.0158489319246,0.0158489319246,0.0158489319246,0.0158489319246,0.0158489319246,0.0158489319246,0.0158489319246,0.0158489319246,0.0158489319246,0.0158489319246,0.0158489319246,0.0158489319246,0.0158489319246,0.0158489319246,10,X8 X9 X19,0.0152666666667,0.0125339080328,0.0152666666667,0.0125339080328
0.0158489319246,0.0158489319246,0.0158489319246,0.0158489319246,0.0158489319246,0.0158489319246,0.0158489319246,0.0158489319246,0.0158489319246,0.0158489319246,0.0158489319246,0.0158489319246,0.0158489319246,0.0158489319246,0.0158489319246,0.0158489319246,0.0158489319246,0.0158489319246,10,X80 X90 X91 X101,0.466511111111,0.0162411740448,0.466511111111,0.0162411740448
0.0158489319246,0.0158489319246,0.0158489319246,0.0158489319246,0.0158489319246,0.0158489319246,0.0158489319246,0.0158489319246,0.0158489319246,0.0158489319246,0.0158489319246,0.0158489319246,0.0158489319246,0.0158489319246,0.0158489319246,0.0158489319246,0.0158489319246,0.0158489319246,10,X81 X91 X92 X102,0.463622222222,0.0178153004397,0.463622222222,0.0178153004397
0.0158489319246,0.0158489319246,0.0158489319246,0.0158489319246,0.0158489319246,0.0158489319246,0.0158489319246,0.0158489319246,0.0158489319246,0.0158489319246,0.0158489319246,0.0158489319246,0.0158489319246,0.0158489319246,0.0158489319246,0.0158489319246,0.0158489319246,0.0158489319246,10,X82 X92 X93 X103,0.462955555556,0.016426950413,0.462955555556,0.016426950413
0.0158489319246,0.0158489319246,0.0158489319246,0.0158489319246,0.0158489319246,0.0158489319246,0.0158489319246,0.0158489319246,0.0158489319246,0.0158489319246,0.0158489319246,0.0158489319246,0.0158489319246,0.0158489319246,0.0158489319246,0.0158489319246,0.0158489319246,0.0158489319246,10,X83 X93 X94 X104,0.0201555555556,0.0138538439092,0.0201555555556,0.0138538439092
0.0158489319246,0.0158489319246,0.0158489319246,0.0158489319246,0.0158489319246,0.0158489319246,0.0158489319246,0.0158489319246,0.0158489319246,0.0158489319246,0.0158489319246,0.0158489319246,0.0158489319246,0.0158489319246,0.0158489319246,0.0158489319246,0.0158489319246,0.0158489319246,10,X9 X10 X20,0.0150888888889,0.0103212511246,0.0150888888889,0.0103212511246
0.0158489319246,0.0158489319246,0.0158489319246,0.0158489319246,0.0158489319246,0.0158489319246,0.0158489319246,0.0158489319246,0.0158489319246,0.0158489319246,0.0158489319246,0.0158489319246,0.0158489319246,0.0158489319246,0.0158489319246,0.0158489319246,0.0158489319246,0.0158489319246,10,X95 X105 X106 X116,0.461422222222,0.0144325444645,0.461422222222,0.0144325444645
0.0158489319246,0.0158489319246,0.0158489319246,0.0158489319246,0.0158489319246,0.0158489319246,0.0158489319246,0.0158489319246,0.0158489319246,0.0158489319246,0.0158489319246,0.0158489319246,0.0158489319246,0.0158489319246,0.0158489319246,0.0158489319246,0.0158489319246,0.0158489319246,10,X96 X106 X107 X117,0.461088888889,0.0166574533922,0.461088888889,0.0166574533922
0.0158489319246,0.0158489319246,0.0158489319246,0.0158489319246,0.0158489319246,0.0158489319246,0.0158489319246,0.0158489319246,0.0158489319246,0.0158489319246,0.0158489319246,0.0158489319246,0.0158489319246,0.0158489319246,0.0158489319246,0.0158489319246,0.0158489319246,0.0158489319246,10,X97 X107 X108 X118,0.463911111111,0.0165811445638,0.463911111111,0.0165811445638
0.0158489319246,0.0158489319246,0.0158489319246,0.0158489319246,0.0158489319246,0.0158489319246,0.0158489319246,0.0158489319246,0.0158489319246,0.0158489319246,0.0158489319246,0.0158489319246,0.0158489319246,0.0158489319246,0.0158489319246,0.0158489319246,0.0158489319246,0.0158489319246,10,X98 X108 X109 X119,0.463266666667,0.0138490493747,0.463266666667,0.0138490493747
0.0158489319246,0.0158489319246,0.0158489319246,0.0158489319246,0.0158489319246,0.0158489319246,0.0158489319246,0.0158489319246,0.0158489319246,0.0158489319246,0.0158489319246,0.0158489319246,0.0158489319246,0.0158489319246,0.0158489319246,0.0158489319246,0.0158489319246,0.0158489319246,10,X99 X109 X110 X120,0.464555555556,0.013439899805,0.464555555556,0.013439899805
0.0158489319246,0.0158489319246,0.0158489319246,0.0158489319246,0.0158489319246,0.0158489319246,0.0158489319246,0.0158489319246,0.0158489319246,0.0158489319246,0.0158489319246,0.0158489319246,0.0158489319246,0.0158489319246,0.0158489319246,0.0158489319246,0.0158489319246,0.0158489319246,10,Z0 Z11 Z21,0.650088888889,0.0151616913232,0.650088888889,0.0151616913232
0.0158489319246,0.0158489319246,0.0158489319246,0.0158489319246,0.0158489319246,0.0158489319246,0.0158489319246,0.0158489319246,0.0158489319246,0.0158489319246,0.0158489319246,0.0158489319246,0.0158489319246,0.0158489319246,0.0158489319246,0.0158489319246,0.0158489319246,0.0158489319246,10,Z1 Z11 Z12 Z22,0.418977777778,0.0158776291052,0.418977777778,0.0158776291052
0.0158489319246,0.0158489319246,0.0158489319246,0.0158489319246,0.0158489319246,0.0158489319246,0.0158489319246,0.0158489319246,0.0158489319246,0.0158489319246,0.0158489319246,0.0158489319246,0.0158489319246,0.0158489319246,0.0158489319246,0.0158489319246,0.0158489319246,0.0158489319246,10,Z10 Z20 Z31,0.0624888888889,0.0144157569531,0.0624888888889,0.0144157569531
0.0158489319246,0.0158489319246,0.0158489319246,0.0158489319246,0.0158489319246,0.0158489319246,0.0158489319246,0.0158489319246,0.0158489319246,0.0158489319246,0.0158489319246,0.0158489319246,0.0158489319246,0.0158489319246,0.0158489319246,0.0158489319246,0.0158489319246,0.0158489319246,10,Z105 Z116 Z126,0.599733333333,0.0117242911867,0.599733333333,0.0117242911867
0.0158489319246,0.0158489319246,0.0158489319246,0.0158489319246,0.0158489319246,0.0158489319246,0.0158489319246,0.0158489319246,0.0158489319246,0.0158489319246,0.0158489319246,0.0158489319246,0.0158489319246,0.0158489319246,0.0158489319246,0.0158489319246,0.0158489319246,0.0158489319246,10,Z106 Z116 Z117 Z127,0.5416,0.0136789683911,0.5416,0.0136789683911
0.0158489319246,0.0158489319246,0.0158489319246,0.0158489319246,0.0158489319246,0.0158489319246,0.0158489319246,0.0158489319246,0.0158489319246,0.0158489319246,0.0158489319246,0.0158489319246,0.0158489319246,0.0158489319246,0.0158489319246,0.0158489319246,0.0158489319246,0.0158489319246,10,Z107 Z117 Z118 Z128,0.545333333333,0.0151478030981,0.545333333333,0.0151478030981
0.0158489319246,0.0158489319246,0.0158489319246,0.0158489319246,0.0158489319246,0.0158489319246,0.0158489319246,0.0158489319246,0.0158489319246,0.0158489319246,0.0158489319246,0.0158489319246,0.0158489319246,0.0158489319246,0.0158489319246,0.0158489319246,0.0158489319246,0.0158489319246,10,Z108 Z118 Z119 Z129,0.542133333333,0.0154873820845,0.542133333333,0.0154873820845
0.0158489319246,0.0158489319246,0.0158489319246,0.0158489319246,0.0158489319246,0.0158489319246,0.0158489319246,0.0158489319246,0.0158489319246,0.0158489319246,0.0158489319246,0.0158489319246,0.0158489319246,0.0158489319246,0.0158489319246,0.0158489319246,0.0158489319246,0.0158489319246,10,Z109 Z119 Z120 Z130,0.543133333333,0.015714063789,0.543133333333,0.015714063789
0.0158489319246,0.0158489319246,0.0158489319246,0.0158489319246,0.0158489319246,0.0158489319246,0.0158489319246,0.0158489319246,0.0158489319246,0.0158489319246,0.0158489319246,0.0158489319246,0.0158489319246,0.0158489319246,0.0158489319246,0.0158489319246,0.0158489319246,0.0158489319246,10,Z110 Z120 Z121 Z131,0.541555555556,0.0137869207088,0.541555555556,0.0137869207088
0.0158489319246,0.0158489319246,0.0158489319246,0.0158489319246,0.0158489319246,0.0158489319246,0.0158489319246,0.0158489319246,0.0158489319246,0.0158489319246,0.0158489319246,0.0158489319246,0.0158489319246,0.0158489319246,0.0158489319246,0.0158489319246,0.0158489319246,0.0158489319246,10,Z111 Z121 Z122 Z132,0.544577777778,0.0128793200046,0.544577777778,0.0128793200046
0.0158489319246,0.0158489319246,0.0158489319246,0.0158489319246,0.0158489319246,0.0158489319246,0.0158489319246,0.0158489319246,0.0158489319246,0.0158489319246,0.0158489319246,0.0158489319246,0.0158489319246,0.0158489319246,0.0158489319246,0.0158489319246,0.0158489319246,0.0158489319246,10,Z112 Z122 Z123 Z133,0.541133333333,0.0157569178385,0.541133333333,0.0157569178385
0.0158489319246,0.0158489319246,0.0158489319246,0.0158489319246,0.0158489319246,0.0158489319246,0.0158489319246,0.0158489319246,0.0158489319246,0.0158489319246,0.0158489319246,0.0158489319246,0.0158489319246,0.0158489319246,0.0158489319246,0.0158489319246,0.0158489319246,0.0158489319246,10,Z113 Z123 Z124 Z134,0.546088888889,0.0137316741921,0.546088888889,0.0137316741921
0.0158489319246,0.0158489319246,0.0158489319246,0.0158489319246,0.0158489319246,0.0158489319246,0.0158489319246,0.0158489319246,0.0158489319246,0.0158489319246,0.0158489319246,0.0158489319246,0.0158489319246,0.0158489319246,0.0158489319246,0.0158489319246,0.0158489319246,0.0158489319246,10,Z114 Z124 Z125 Z135,0.0679777777778,0.0243527608375,0.0679777777778,0.0243527608375
0.0158489319246,0.0158489319246,0.0158489319246,0.0158489319246,0.0158489319246,0.0158489319246,0.0158489319246,0.0158489319246,0.0158489319246,0.0158489319246,0.0158489319246,0.0158489319246,0.0158489319246,0.0158489319246,0.0158489319246,0.0158489319246,0.0158489319246,0.0158489319246,10,Z115 Z125 Z136,0.0771777777778,0.0227440756184,0.0771777777778,0.0227440756184
0.0158489319246,0.0158489319246,0.0158489319246,0.0158489319246,0.0158489319246,0.0158489319246,0.0158489319246,0.0158489319246,0.0158489319246,0.0158489319246,0.0158489319246,0.0158489319246,0.0158489319246,0.0158489319246,0.0158489319246,0.0158489319246,0.0158489319246,0.0158489319246,10,Z126 Z137 Z147,0.585622222222,0.0164082806245,0.585622222222,0.0164082806245
0.0158489319246,0.0158489319246,0.0158489319246,0.0158489319246,0.0158489319246,0.0158489319246,0.0158489319246,0.0158489319246,0.0158489319246,0.0158489319246,0.0158489319246,0.0158489319246,0.0158489319246,0.0158489319246,0.0158489319246,0.0158489319246,0.0158489319246,0.0158489319246,10,Z127 Z137 Z138 Z148,0.537888888889,0.0165342633529,0.537888888889,0.0165342633529
0.0158489319246,0.0158489319246,0.0158489319246,0.0158489319246,0.0158489319246,0.0158489319246,0.0158489319246,0.0158489319246,0.0158489319246,0.0158489319246,0.0158489319246,0.0158489319246,0.0158489319246,0.0158489319246,0.0158489319246,0.0158489319246,0.0158489319246,0.0158489319246,10,Z128 Z138 Z139 Z149,0.540511111111,0.0159209573764,0.540511111111,0.0159209573764
0.0158489319246,0.0158489319246,0.0158489319246,0.0158489319246,0.0158489319246,0.0158489319246,0.0158489319246,0.0158489319246,0.0158489319246,0.0158489319246,0.0158489319246,0.0158489319246,0.0158489319246,0.0158489319246,0.0158489319246,0.0158489319246,0.0158489319246,0.0158489319246,10,Z129 Z139 Z140 Z150,0.546066666667,0.0147742657077,0.546066666667,0.0147742657077
0.0158489319246,0.0158489319246,0.0158489319246,0.0158489319246,0.0158489319246,0.0158489319246,0.0158489319246,0.0158489319246,0.0158489319246,0.0158489319246,0.0158489319246,0.0158489319246,0.0158489319246,0.0158489319246,0.0158489319246,0.0158489319246,0.0158489319246,0.0158489319246,10,Z130 Z140 Z141 Z151,0.5438,0.0144149241522,0.5438,0.0144149241522
0.0158489319246,0.0158489319246,0.0158489319246,0.0158489319246,0.0158489319246,0.0158489319246,0.0158489319246,0.0158489319246,0.0158489319246,0.0158489319246,0.0158489319246,0.0158489319246,0.0158489319246,0.0158489319246,0.0158489319246,0.0158489319246,0.0158489319246,0.0158489319246,10,Z131 Z141 Z142 Z152,0.544133333333,0.0198387368279,0.544133333333,0.0198387368279
0.0158489319246,0.0158489319246,0.0158489319246,0.0158489319246,0.0158489319246,0.0158489319246,0.0158489319246,0.0158489319246,0.0158489319246,0.0158489319246,0.0158489319246,0.0158489319246,0.0158489319246,0.0158489319246,0.0158489319246,0.0158489319246,0.0158489319246,0.0158489319246,10,Z132 Z142 Z143 Z153,0.539555555556,0.0150425535182,0.539555555556,0.0150425535182
0.0158489319246,0.0158489319246,0.0158489319246,0.0158489319246,0.0158489319246,0.0158489319246,0.0158489319246,0.0158489319246,0.0158489319246,0.0158489319246,0.0158489319246,0.0158489319246,0.0158489319246,0.0158489319246,0.0158489319246,0.0158489319246,0.0158489319246,0.0158489319246,10,Z133 Z143 Z144 Z154,0.548844444444,0.0119474370304,0.548844444444,0.0119474370304
0.0158489319246,0.0158489319246,0.0158489319246,0.0158489319246,0.0158489319246,0.0158489319246,0.0158489319246,0.0158489319246,0.0158489319246,0.0158489319246,0.0158489319246,0.0158489319246,0.0158489319246,0.0158489319246,0.0158489319246,0.0158489319246,0.0158489319246,0.0158489319246,10,Z134 Z144 Z145 Z155,0.547066666667,0.0134062374686,0.547066666667,0.0134062374686
0.0158489319246,0.0158489319246,0.0158489319246,0.0158489319246,0.0158489319246,0.0158489319246,0.0158489319246,0.0158489319246,0.0158489319246,0.0158489319246,0.0158489319246,0.0158489319246,0.0158489319246,0.0158489319246,0.0158489319246,0.0158489319246,0.0158489319246,0.0158489319246,10,Z135 Z145 Z146 Z156,0.0575555555556,0.0185475124239,0.0575555555556,0.0185475124239
0.0158489319246,0.0158489319246,0.0158489319246,0.0158489319246,0.0158489319246,0.0158489319246,0.0158489319246,0.0158489319246,0.0158489319246,0.0158489319246,0.0158489319246,0.0158489319246,0.0158489319246,0.0158489319246,0.0158489319246,0.0158489319246,0.0158489319246,0.0158489319246,10,Z136 Z146 Z157,0.0812222222222,0.0174083992,0.0812222222222,0.0174083992
0.0158489319246,0.0158489319246,0.0158489319246,0.0158489319246,0.0158489319246,0.0158489319246,0.0158489319246,0.0158489319246,0.0158489319246,0.0158489319246,0.0158489319246,0.0158489319246,0.0158489319246,0.0158489319246,0.0158489319246,0.0158489319246,0.0158489319246,0.0158489319246,10,Z147 Z158 Z168,0.571266666667,0.0162983204362,0.571266666667,0.0162983204362
0.0158489319246,0.0158489319246,0.0158489319246,0.0158489319246,0.0158489319246,0.0158489319246,0.0158489319246,0.0158489319246,0.0158489319246,0.0158489319246,0.0158489319246,0.0158489319246,0.0158489319246,0.0158489319246,0.0158489319246,0.0158489319246,0.0158489319246,0.0158489319246,10,Z148 Z158 Z159 Z169,0.5408,0.0151208668081,0.5408,0.0151208668081
0.0158489319246,0.0158489319246,0.0158489319246,0.0158489319246,0.0158489319246,0.0158489319246,0.0158489319246,0.0158489319246,0.0158489319246,0.0158489319246,0.0158489319246,0.0158489319246,0.0158489319246,0.0158489319246,0.0158489319246,0.0158489319246,0.0158489319246,0.0158489319246,10,Z149 Z159 Z160 Z170,0.542244444444,0.0126799486726,0.542244444444,0.0126799486726
0.0158489319246,0.0158489319246,0.0158489319246,0.0158489319246,0.0158489319246,0.0158489319246,0.0158489319246,0.0158489319246,0.0158489319246,0.0158489319246,0.0158489319246,0.0158489319246,0.0158489319246,0.0158489319246,0.0158489319246,0.0158489319246,0.0158489319246,0.0158489319246,10,Z150 Z160 Z161 Z171,0.5458,0.0155670838508,0.5458,0.0155670838508
0.0158489319246,0.0158489319246,0.0158489319246,0.0158489319246,0.0158489319246,0.0158489319246,0.0158489319246,0.0158489319246,0.0158489319246,0.0158489319246,0.0158489319246,0.0158489319246,0.0158489319246,0.0158489319246,0.0158489319246,0.0158489319246,0.0158489319246,0.0158489319246,10,Z151 Z161 Z162 Z172,0.547911111111,0.0146810100536,0.547911111111,0.0146810100536
0.0158489319246,0.0158489319246,0.0158489319246,0.0158489319246,0.0158489319246,0.0158489319246,0.0158489319246,0.0158489319246,0.0158489319246,0.0158489319246,0.0158489319246,0.0158489319246,0.0158489319246,0.0158489319246,0.0158489319246,0.0158489319246,0.0158489319246,0.0158489319246,10,Z152 Z162 Z163 Z173,0.542711111111,0.0142015414773,0.542711111111,0.0142015414773
0.0158489319246,0.0158489319246,0.0158489319246,0.0158489319246,0.0158489319246,0.0158489319246,0.0158489319246,0.0158489319246,0.0158489319246,0.0158489319246,0.0158489319246,0.0158489319246,0.0158489319246,0.0158489319246,0.0158489319246,0.0158489319246,0.0158489319246,0.0158489319246,10,Z153 Z163 Z164 Z174,0.543822222222,0.0190871631118,0.543822222222,0.0190871631118
0.0158489319246,0.0158489319246,0.0158489319246,0.0158489319246,0.0158489319246,0.0158489319246,0.0158489319246,0.0158489319246,0.0158489319246,0.0158489319246,0.0158489319246,0.0158489319246,0.0158489319246,0.0158489319246,0.0158489319246,0.0158489319246,0.0158489319246,0.0158489319246,10,Z154 Z164 Z165 Z175,0.546511111111,0.0145002928583,0.546511111111,0.0145002928583
0.0158489319246,0.0158489319246,0.0158489319246,0.0158489319246,0.0158489319246,0.0158489319246,0.0158489319246,0.0158489319246,0.0158489319246,0.0158489319246,0.0158489319246,0.0158489319246,0.0158489319246,0.0158489319246,0.0158489319246,0.0158489319246,0.0158489319246,0.0158489319246,10,Z155 Z165 Z166 Z176,0.547488888889,0.0112098524444,0.547488888889,0.0112098524444
0.0158489319246,0.0158489319246,0.0158489319246,0.0158489319246,0.0158489319246,0.0158489319246,0.0158489319246,0.0158489319246,0.0158489319246,0.0158489319246,0.0158489319246,0.0158489319246,0.0158489319246,0.0158489319246,0.0158489319246,0.0158489319246,0.0158489319246,0.0158489319246,10,Z156 Z166 Z167 Z177,0.0586444444444,0.0181044084158,0.0586444444444,0.0181044084158
0.0158489319246,0.0158489319246,0.0158489319246,0.0158489319246,0.0158489319246,0.0158489319246,0.0158489319246,0.0158489319246,0.0158489319246,0.0158489319246,0.0158489319246,0.0158489319246,0.0158489319246,0.0158489319246,0.0158489319246,0.0158489319246,0.0158489319246,0.0158489319246,10,Z157 Z167 Z178,0.08,0.0218549730438,0.08,0.0218549730438
0.0158489319246,0.0158489319246,0.0158489319246,0.0158489319246,0.0158489319246,0.0158489319246,0.0158489319246,0.0158489319246,0.0158489319246,0.0158489319246,0.0158489319246,0.0158489319246,0.0158489319246,0.0158489319246,0.0158489319246,0.0158489319246,0.0158489319246,0.0158489319246,10,Z168 Z179 Z189,0.557911111111,0.0166678007277,0.557911111111,0.0166678007277
0.0158489319246,0.0158489319246,0.0158489319246,0.0158489319246,0.0158489319246,0.0158489319246,0.0158489319246,0.0158489319246,0.0158489319246,0.0158489319246,0.0158489319246,0.0158489319246,0.0158489319246,0.0158489319246,0.0158489319246,0.0158489319246,0.0158489319246,0.0158489319246,10,Z169 Z179 Z180 Z190,0.544955555556,0.0154092904587,0.544955555556,0.0154092904587
0.0158489319246,0.0158489319246,0.0158489319246,0.0158489319246,0.0158489319246,0.0158489319246,0.0158489319246,0.0158489319246,0.0158489319246,0.0158489319246,0.0158489319246,0.0158489319246,0.0158489319246,0.0158489319246,0.0158489319246,0.0158489319246,0.0158489319246,0.0158489319246,10,Z170 Z180 Z181 Z191,0.541622222222,0.0195330024948,0.541622222222,0.0195330024948
0.0158489319246,0.0158489319246,0.0158489319246,0.0158489319246,0.0158489319246,0.0158489319246,0.0158489319246,0.0158489319246,0.0158489319246,0.0158489319246,0.0158489319246,0.0158489319246,0.0158489319246,0.0158489319246,0.0158489319246,0.0158489319246,0.0158489319246,0.0158489319246,10,Z171 Z181 Z182 Z192,0.542222222222,0.01522584346,0.542222222222,0.01522584346
0.0158489319246,0.0158489319246,0.0158489319246,0.0158489319246,0.0158489319246,0.0158489319246,0.0158489319246,0.0158489319246,0.0158489319246,0.0158489319246,0.0158489319246,0.0158489319246,0.0158489319246,0.0158489319246,0.0158489319246,0.0158489319246,0.0158489319246,0.0158489319246,10,Z172 Z182 Z183 Z193,0.5422,0.0152266654589,0.5422,0.0152266654589
0.0158489319246,0.0158489319246,0.0158489319246,0.0158489319246,0.0158489319246,0.0158489319246,0.0158489319246,0.0158489319246,0.0158489319246,0.0158489319246,0.0158489319246,0.0158489319246,0.0158489319246,0.0158489319246,0.0158489319246,0.0158489319246,0.0158489319246,0.0158489319246,10,Z173 Z183 Z184 Z194,0.538555555556,0.017606236559,0.538555555556,0.017606236559
0.0158489319246,0.0158489319246,0.0158489319246,0.0158489319246,0.0158489319246,0.0158489319246,0.0158489319246,0.0158489319246,0.0158489319246,0.0158489319246,0.0158489319246,0.0158489319246,0.0158489319246,0.0158489319246,0.0158489319246,0.0158489319246,0.0158489319246,0.0158489319246,10,Z174 Z184 Z185 Z195,0.545511111111,0.0130767651961,0.545511111111,0.0130767651961
0.0158489319246,0.0158489319246,0.0158489319246,0.0158489319246,0.0158489319246,0.0158489319246,0.0158489319246,0.0158489319246,0.0158489319246,0.0158489319246,0.0158489319246,0.0158489319246,0.0158489319246,0.0158489319246,0.0158489319246,0.0158489319246,0.0158489319246,0.0158489319246,10,Z175 Z185 Z186 Z196,0.544533333333,0.0141360656652,0.544533333333,0.0141360656652
0.0158489319246,0.0158489319246,0.0158489319246,0.0158489319246,0.0158489319246,0.0158489319246,0.0158489319246,0.0158489319246,0.0158489319246,0.0158489319246,0.0158489319246,0.0158489319246,0.0158489319246,0.0158489319246,0.0158489319246,0.0158489319246,0.0158489319246,0.0158489319246,10,Z176 Z186 Z187 Z197,0.542,0.0178000817941,0.542,0.0178000817941
0.0158489319246,0.0158489319246,0.0158489319246,0.0158489319246,0.0158489319246,0.0158489319246,0.0158489319246,0.0158489319246,0.0158489319246,0.0158489319246,0.0158489319246,0.0158489319246,0.0158489319246,0.0158489319246,0.0158489319246,0.0158489319246,0.0158489319246,0.0158489319246,10,Z177 Z187 Z188 Z198,0.0611333333333,0.0166230694152,0.0611333333333,0.0166230694152
0.0158489319246,0.0158489319246,0.0158489319246,0.0158489319246,0.0158489319246,0.0158489319246,0.0158489319246,0.0158489319246,0.0158489319246,0.0158489319246,0.0158489319246,0.0158489319246,0.0158489319246,0.0158489319246,0.0158489319246,0.0158489319246,0.0158489319246,0.0158489319246,10,Z178 Z188 Z199,0.0807111111111,0.0183586519704,0.0807111111111,0.0183586519704
0.0158489319246,0.0158489319246,0.0158489319246,0.0158489319246,0.0158489319246,0.0158489319246,0.0158489319246,0.0158489319246,0.0158489319246,0.0158489319246,0.0158489319246,0.0158489319246,0.0158489319246,0.0158489319246,0.0158489319246,0.0158489319246,0.0158489319246,0.0158489319246,10,Z189 Z200 Z210,0.559755555556,0.0164854361206,0.559755555556,0.0164854361206
0.0158489319246,0.0158489319246,0.0158489319246,0.0158489319246,0.0158489319246,0.0158489319246,0.0158489319246,0.0158489319246,0.0158489319246,0.0158489319246,0.0158489319246,0.0158489319246,0.0158489319246,0.0158489319246,0.0158489319246,0.0158489319246,0.0158489319246,0.0158489319246,10,Z190 Z200 Z201 Z211,0.552,0.0146342379214,0.552,0.0146342379214
0.0158489319246,0.0158489319246,0.0158489319246,0.0158489319246,0.0158489319246,0.0158489319246,0.0158489319246,0.0158489319246,0.0158489319246,0.0158489319246,0.0158489319246,0.0158489319246,0.0158489319246,0.0158489319246,0.0158489319246,0.0158489319246,0.0158489319246,0.0158489319246,10,Z191 Z201 Z202 Z212,0.555555555556,0.0152369115577,0.555555555556,0.0152369115577
0.0158489319246,0.0158489319246,0.0158489319246,0.0158489319246,0.0158489319246,0.0158489319246,0.0158489319246,0.0158489319246,0.0158489319246,0.0158489319246,0.0158489319246,0.0158489319246,0.0158489319246,0.0158489319246,0.0158489319246,0.0158489319246,0.0158489319246,0.0158489319246,10,Z192 Z202 Z203 Z213,0.557288888889,0.0170182983183,0.557288888889,0.0170182983183
0.0158489319246,0.0158489319246,0.0158489319246,0.0158489319246,0.0158489319246,0.0158489319246,0.0158489319246,0.0158489319246,0.0158489319246,0.0158489319246,0.0158489319246,0.0158489319246,0.0158489319246,0.0158489319246,0.0158489319246,0.0158489319246,0.0158489319246,0.0158489319246,10,Z193 Z203 Z204 Z214,0.559422222222,0.0131676293358,0.559422222222,0.0131676293358
0.0158489319246,0.0158489319246,0.0158489319246,0.0158489319246,0.0158489319246,0.0158489319246,0.0158489319246,0.0158489319246,0.0158489319246,0.0158489319246,0.0158489319246,0.0158489319246,0.0158489319246,0.0158489319246,0.0158489319246,0.0158489319246,0.0158489319246,0.0158489319246,10,Z194 Z204 Z205 Z215,0.556111111111,0.0159693992175,0.556111111111,0.0159693992175
0.0158489319246,0.0158489319246,0.0158489319246,0.0158489319246,0.0158489319246,0.0158489319246,0.0158489319246,0.0158489319246,0.0158489319246,0.0158489319246,0.0158489319246,0.0158489319246,0.0158489319246,0.0158489319246,0.0158489319246,0.0158489319246,0.0158489319246,0.0158489319246,10,Z195 Z205 Z206 Z216,0.548111111111,0.015311912407,0.548111111111,0.015311912407
0.0158489319246,0.0158489319246,0.0158489319246,0.0158489319246,0.0158489319246,0.0158489319246,0.0158489319246,0.0158489319246,0.0158489319246,0.0158489319246,0.0158489319246,0.0158489319246,0.0158489319246,0.0158489319246,0.0158489319246,0.0158489319246,0.0158489319246,0.0158489319246,10,Z196 Z206 Z207 Z217,0.558533333333,0.0181879502025,0.558533333333,0.0181879502025
0.0158489319246,0.0158489319246,0.0158489319246,0.0158489319246,0.0158489319246,0.0158489319246,0.0158489319246,0.0158489319246,0.0158489319246,0.0158489319246,0.0158489319246,0.0158489319246,0.0158489319246,0.0158489319246,0.0158489319246,0.0158489319246,0.0158489319246,0.0158489319246,10,Z197 Z207 Z208 Z218,0.556533333333,0.0163827776124,0.556533333333,0.0163827776124
0.0158489319246,0.0158489319246,0.0158489319246,0.0158489319246,0.0158489319246,0.0158489319246,0.0158489319246,0.0158489319246,0.0158489319246,0.0158489319246,0.0158489319246,0.0158489319246,0.0158489319246,0.0158489319246,0.0158489319246,0.0158489319246,0.0158489319246,0.0158489319246,10,Z198 Z208 Z209 Z219,0.0566,0.0170582504392,0.0566,0.0170582504392
0.0158489319246,0.0158489319246,0.0158489319246,0.0158489319246,0.0158489319246,0.0158489319246,0.0158489319246,0.0158489319246,0.0158489319246,0.0158489319246,0.0158489319246,0.0158489319246,0.0158489319246,0.0158489319246,0.0158489319246,0.0158489319246,0.0158489319246,0.0158489319246,10,Z199 Z209 Z220,0.0170222222222,0.0128423787598,0.0170222222222,0.0128423787598
0.0158489319246,0.0158489319246,0.0158489319246,0.0158489319246,0.0158489319246,0.0158489319246,0.0158489319246,0.0158489319246,0.0158489319246,0.0158489319246,0.0158489319246,0.0158489319246,0.0158489319246,0.0158489319246,0.0158489319246,0.0158489319246,0.0158489319246,0.0158489319246,10,Z2 Z12 Z13 Z23,0.3298,0.0169453934789,0.3298,0.0169453934789
0.0158489319246,0.0158489319246,0.0158489319246,0.0158489319246,0.0158489319246,0.0158489319246,0.0158489319246,0.0158489319246,0.0158489319246,0.0158489319246,0.0158489319246,0.0158489319246,0.0158489319246,0.0158489319246,0.0158489319246,0.0158489319246,0.0158489319246,0.0158489319246,10,Z21 Z32 Z42,0.646822222222,0.0155705620008,0.646822222222,0.0155705620008
0.0158489319246,0.0158489319246,0.0158489319246,0.0158489319246,0.0158489319246,0.0158489319246,0.0158489319246,0.0158489319246,0.0158489319246,0.0158489319246,0.0158489319246,0.0158489319246,0.0158489319246,0.0158489319246,0.0158489319246,0.0158489319246,0.0158489319246,0.0158489319246,10,Z22 Z32 Z33 Z43,0.546755555556,0.0147953946789,0.546755555556,0.0147953946789
0.0158489319246,0.0158489319246,0.0158489319246,0.0158489319246,0.0158489319246,0.0158489319246,0.0158489319246,0.0158489319246,0.0158489319246,0.0158489319246,0.0158489319246,0.0158489319246,0.0158489319246,0.0158489319246,0.0158489319246,0.0158489319246,0.0158489319246,0.0158489319246,10,Z23 Z33 Z34 Z44,0.5488,0.0142515980149,0.5488,0.0142515980149
0.0158489319246,0.0158489319246,0.0158489319246,0.0158489319246,0.0158489319246,0.0158489319246,0.0158489319246,0.0158489319246,0.0158489319246,0.0158489319246,0.0158489319246,0.0158489319246,0.0158489319246,0.0158489319246,0.0158489319246,0.0158489319246,0.0158489319246,0.0158489319246,10,Z24 Z34 Z35 Z45,0.545333333333,0.01859262821,0.545333333333,0.01859262821
0.0158489319246,0.0158489319246,0.0158489319246,0.0158489319246,0.0158489319246,0.0158489319246,0.0158489319246,0.0158489319246,0.0158489319246,0.0158489319246,0.0158489319246,0.0158489319246,0.0158489319246,0.0158489319246,0.0158489319246,0.0158489319246,0.0158489319246,0.0158489319246,10,Z25 Z35 Z36 Z46,0.543666666667,0.0129895330689,0.543666666667,0.0129895330689
0.0158489319246,0.0158489319246,0.0158489319246,0.0158489319246,0.0158489319246,0.0158489319246,0.0158489319246,0.0158489319246,0.0158489319246,0.0158489319246,0.0158489319246,0.0158489319246,0.0158489319246,0.0158489319246,0.0158489319246,0.0158489319246,0.0158489319246,0.0158489319246,10,Z26 Z36 Z37 Z47,0.545577777778,0.0165105175659,0.545577777778,0.0165105175659
0.0158489319246,0.0158489319246,0.0158489319246,0.0158489319246,0.0158489319246,0.0158489319246,0.0158489319246,0.0158489319246,0.0158489319246,0.0158489319246,0.0158489319246,0.0158489319246,0.0158489319246,0.0158489319246,0.0158489319246,0.0158489319246,0.0158489319246,0.0158489319246,10,Z27 Z37 Z38 Z48,0.542222222222,0.0141803742563,0.542222222222,0.0141803742563
0.0158489319246,0.0158489319246,0.0158489319246,0.0158489319246,0.0158489319246,0.0158489319246,0.0158489319246,0.0158489319246,0.0158489319246,0.0158489319246,0.0158489319246,0.0158489319246,0.0158489319246,0.0158489319246,0.0158489319246,0.0158489319246,0.0158489319246,0.0158489319246,10,Z28 Z38 Z39 Z49,0.5382,0.0158442128381,0.5382,0.0158442128381
0.0158489319246,0.0158489319246,0.0158489319246,0.0158489319246,0.0158489319246,0.0158489319246,0.0158489319246,0.0158489319246,0.0158489319246,0.0158489319246,0.0158489319246,0.0158489319246,0.0158489319246,0.0158489319246,0.0158489319246,0.0158489319246,0.0158489319246,0.0158489319246,10,Z29 Z39 Z40 Z50,0.550422222222,0.0164910130718,0.550422222222,0.0164910130718
0.0158489319246,0.0158489319246,0.0158489319246,0.0158489319246,0.0158489319246,0.0158489319246,0.0158489319246,0.0158489319246,0.0158489319246,0.0158489319246,0.0158489319246,0.0158489319246,0.0158489319246,0.0158489319246,0.0158489319246,0.0158489319246,0.0158489319246,0.0158489319246,10,Z3 Z13 Z14 Z24,0.261044444444,0.0153195173472,0.261044444444,0.0153195173472
0.0158489319246,0.0158489319246,0.0158489319246,0.0158489319246,0.0158489319246,0.0158489319246,0.0158489319246,0.0158489319246,0.0158489319246,0.0158489319246,0.0158489319246,0.0158489319246,0.0158489319246,0.0158489319246,0.0158489319246,0.0158489319246,0.0158489319246,0.0158489319246,10,Z30 Z40 Z41 Z51,0.0746222222222,0.0173341585421,0.0746222222222,0.0173341585421
0.0158489319246,0.0158489319246,0.0158489319246,0.0158489319246,0.0158489319246,0.0158489319246,0.0158489319246,0.0158489319246,0.0158489319246,0.0158489319246,0.0158489319246,0.0158489319246,0.0158489319246,0.0158489319246,0.0158489319246,0.0158489319246,0.0158489319246,0.0158489319246,10,Z31 Z41 Z52,0.0637777777778,0.0189690882508,0.0637777777778,0.0189690882508
0.0158489319246,0.0158489319246,0.0158489319246,0.0158489319246,0.0158489319246,0.0158489319246,0.0158489319246,0.0158489319246,0.0158489319246,0.0158489319246,0.0158489319246,0.0158489319246,0.0158489319246,0.0158489319246,0.0158489319246,0.0158489319246,0.0158489319246,0.0158489319246,10,Z4 Z14 Z15 Z25,0.212355555556,0.0159748205449,0.212355555556,0.0159748205449
0.0158489319246,0.0158489319246,0.0158489319246,0.0158489319246,0.0158489319246,0.0158489319246,0.0158489319246,0.0158489319246,0.0158489319246,0.0158489319246,0.0158489319246,0.0158489319246,0.0158489319246,0.0158489319246,0.0158489319246,0.0158489319246,0.0158489319246,0.0158489319246,10,Z42 Z53 Z63,0.635244444444,0.0138084690913,0.635244444444,0.0138084690913
0.0158489319246,0.0158489319246,0.0158489319246,0.0158489319246,0.0158489319246,0.0158489319246,0.0158489319246,0.0158489319246,0.0158489319246,0.0158489319246,0.0158489319246,0.0158489319246,0.0158489319246,0.0158489319246,0.0158489319246,0.0158489319246,0.0158489319246,0.0158489319246,10,Z43 Z53 Z54 Z64,0.543311111111,0.0132589688674,0.543311111111,0.0132589688674
0.0158489319246,0.0158489319246,0.0158489319246,0.0158489319246,0.0158489319246,0.0158489319246,0.0158489319246,0.0158489319246,0.0158489319246,0.0158489319246,0.0158489319246,0.0158489319246,0.0158489319246,0.0158489319246,0.0158489319246,0.0158489319246,0.0158489319246,0.0158489319246,10,Z44 Z54 Z55 Z65,0.544355555556,0.0115506326089,0.544355555556,0.0115506326089
0.0158489319246,0.0158489319246,0.0158489319246,0.0158489319246,0.0158489319246,0.0158489319246,0.0158489319246,0.0158489319246,0.0158489319246,0.0158489319246,0.0158489319246,0.0158489319246,0.0158489319246,0.0158489319246,0.0158489319246,0.0158489319246,0.0158489319246,0.0158489319246,10,Z45 Z55 Z56 Z66,0.542711111111,0.0131864708716,0.542711111111,0.0131864708716
0.0158489319246,0.0158489319246,0.0158489319246,0.0158489319246,0.0158489319246,0.0158489319246,0.0158489319246,0.0158489319246,0.0158489319246,0.0158489319246,0.0158489319246,0.0158489319246,0.0158489319246,0.0158489319246,0.0158489319246,0.0158489319246,0.0158489319246,0.0158489319246,10,Z46 Z56 Z57 Z67,0.541066666667,0.0126752541973,0.541066666667,0.0126752541973
0.0158489319246,0.0158489319246,0.0158489319246,0.0158489319246,0.0158489319246,0.0158489319246,0.0158489319246,0.0158489319246,0.0158489319246,0.0158489319246,0.0158489319246,0.0158489319246,0.0158489319246,0.0158489319246,0.0158489319246,0.0158489319246,0.0158489319246,0.0158489319246,10,Z47 Z57 Z58 Z68,0.545333333333,0.0210461998645,0.545333333333,0.0210461998645
0.0158489319246,0.0158489319246,0.0158489319246,0.0158489319246,0.0158489319246,0.0158489319246,0.0158489319246,0.0158489319246,0.0158489319246,0.0158489319246,0.0158489319246,0.0158489319246,0.0158489319246,0.0158489319246,0.0158489319246,0.0158489319246,0.0158489319246,0.0158489319246,10,Z48 Z58 Z59 Z69,0.543733333333,0.0130176420227,0.543733333333,0.0130176420227
0.0158489319246,0.0158489319246,0.0158489319246,0.0158489319246,0.0158489319246,0.0158489319246,0.0158489319246,0.0158489319246,0.0158489319246,0.0158489319246,0.0158489319246,0.0158489319246,0.0158489319246,0.0158489319246,0.0158489319246,0.0158489319246,0.0158489319246,0.0158489319246,10,Z49 Z59 Z60 Z70,0.5464,0.0126849233223,0.5464,0.0126849233223
0.0158489319246,0.0158489319246,0.0158489319246,0.0158489319246,0.0158489319246,0.0158489319246,0.0158489319246,0.0158489319246,0.0158489319246,0.0158489319246,0.0158489319246,0.0158489319246,0.0158489319246,0.0158489319246,0.0158489319246,0.0158489319246,0.0158489319246,0.0158489319246,10,Z5 Z15 Z16 Z26,0.159355555556,0.0162617321829,0.159355555556,0.0162617321829
0.0158489319246,0.0158489319246,0.0158489319246,0.0158489319246,0.0158489319246,0.0158489319246,0.0158489319246,0.0158489319246,0.0158489319246,0.0158489319246,0.0158489319246,0.0158489319246,0.0158489319246,0.0158489319246,0.0158489319246,0.0158489319246,0.0158489319246,0.0158489319246,10,Z50 Z60 Z61 Z71,0.5428,0.0149136980928,0.5428,0.0149136980928
0.0158489319246,0.0158489319246,0.0158489319246,0.0158489319246,0.0158489319246,0.0158489319246,0.0158489319246,0.0158489319246,0.0158489319246,0.0158489319246,0.0158489319246,0.0158489319246,0.0158489319246,0.0158489319246,0.0158489319246,0.0158489319246,0.0158489319246,0.0158489319246,10,Z51 Z61 Z62 Z72,0.0677777777778,0.0145547804772,0.0677777777778,0.0145547804772
0.0158489319246,0.0158489319246,0.0158489319246,0.0158489319246,0.0158489319246,0.0158489319246,0.0158489319246,0.0158489319246,0.0158489319246,0.0158489319246,0.0158489319246,0.0158489319246,0.0158489319246,0.0158489319246,0.0158489319246,0.0158489319246,0.0158489319246,0.0158489319246,10,Z52 Z62 Z73,0.0748444444444,0.0178696286216,0.0748444444444,0.0178696286216
0.0158489319246,0.0158489319246,0.0158489319246,0.0158489319246,0.0158489319246,0.0158489319246,0.0158489319246,0.0158489319246,0.0158489319246,0.0158489319246,0.0158489319246,0.0158489319246,0.0158489319246,0.0158489319246,0.0158489319246,0.0158489319246,0.0158489319246,0.0158489319246,10,Z6 Z16 Z17 Z27,0.127777777778,0.0158772430058,0.127777777778,0.0158772430058
0.0158489319246,0.0158489319246,0.0158489319246,0.0158489319246,0.0158489319246,0.0158489319246,0.0158489319246,0.0158489319246,0.0158489319246,0.0158489319246,0.0158489319246,0.0158489319246,0.0158489319246,0.0158489319246,0.0158489319246,0.0158489319246,0.0158489319246,0.0158489319246,10,Z63 Z74 Z84,0.618866666667,0.0167745017227,0.618866666667,0.0167745017227
0.0158489319246,0.0158489319246,0.0158489319246,0.0158489319246,0.0158489319246,0.0158489319246,0.0158489319246,0.0158489319246,0.0158489319246,0.0158489319246,0.0158489319246,0.0158489319246,0.0158489319246,0.0158489319246,0.0158489319246,0.0158489319246,0.0158489319246,0.0158489319246,10,Z64 Z74 Z75 Z85,0.542711111111,0.0164942189648,0.542711111111,0.0164942189648
0.0158489319246,0.0158489319246,0.0158489319246,0.0158489319246,0.0158489319246,0.0158489319246,0.0158489319246,0.0158489319246,0.0158489319246,0.0158489319246,0.0158489319246,0.0158489319246,0.0158489319246,0.0158489319246,0.0158489319246,0.0158489319246,0.0158489319246,0.0158489319246,10,Z65 Z75 Z76 Z86,0.5462,0.0124095501476,0.5462,0.0124095501476
0.0158489319246,0.0158489319246,0.0158489319246,0.0158489319246,0.0158489319246,0.0158489319246,0.0158489319246,0.0158489319246,0.0158489319246,0.0158489319246,0.0158489319246,0.0158489319246,0.0158489319246,0.0158489319246,0.0158489319246,0.0158489319246,0.0158489319246,0.0158489319246,10,Z66 Z76 Z77 Z87,0.541844444444,0.014862520254,0.541844444444,0.014862520254
0.0158489319246,0.0158489319246,0.0158489319246,0.0158489319246,0.0158489319246,0.0158489319246,0.0158489319246,0.0158489319246,0.0158489319246,0.0158489319246,0.0158489319246,0.0158489319246,0.0158489319246,0.0158489319246,0.0158489319246,0.0158489319246,0.0158489319246,0.0158489319246,10,Z67 Z77 Z78 Z88,0.543333333333,0.0205562493411,0.543333333333,0.0205562493411
0.0158489319246,0.0158489319246,0.0158489319246,0.0158489319246,0.0158489319246,0.0158489319246,0.0158489319246,0.0158489319246,0.0158489319246,0.0158489319246,0.0158489319246,0.0158489319246,0.0158489319246,0.0158489319246,0.0158489319246,0.0158489319246,0.0158489319246,0.0158489319246,10,Z68 Z78 Z79 Z89,0.543866666667,0.0123578817513,0.543866666667,0.0123578817513
0.0158489319246,0.0158489319246,0.0158489319246,0.0158489319246,0.0158489319246,0.0158489319246,0.0158489319246,0.0158489319246,0.0158489319246,0.0158489319246,0.0158489319246,0.0158489319246,0.0158489319246,0.0158489319246,0.0158489319246,0.0158489319246,0.0158489319246,0.0158489319246,10,Z69 Z79 Z80 Z90,0.539755555556,0.0134949780168,0.539755555556,0.0134949780168
0.0158489319246,0.0158489319246,0.0158489319246,0.0158489319246,0.0158489319246,0.0158489319246,0.0158489319246,0.0158489319246,0.0158489319246,0.0158489319246,0.0158489319246,0.0158489319246,0.0158489319246,0.0158489319246,0.0158489319246,0.0158489319246,0.0158489319246,0.0158489319246,10,Z7 Z17 Z18 Z28,0.106066666667,0.0146304149683,0.106066666667,0.0146304149683
0.0158489319246,0.0158489319246,0.0158489319246,0.0158489319246,0.0158489319246,0.0158489319246,0.0158489319246,0.0158489319246,0.0158489319246,0.0158489319246,0.0158489319246,0.0158489319246,0.0158489319246,0.0158489319246,0.0158489319246,0.0158489319246,0.0158489319246,0.0158489319246,10,Z70 Z80 Z81 Z91,0.547022222222,0.0135858088382,0.547022222222,0.0135858088382
0.0158489319246,0.0158489319246,0.0158489319246,0.0158489319246,0.0158489319246,0.0158489319246,0.0158489319246,0.0158489319246,0.0158489319246,0.0158489319246,0.0158489319246,0.0158489319246,0.0158489319246,0.0158489319246,0.0158489319246,0.0158489319246,0.0158489319246,0.0158489319246,10,Z71 Z81 Z82 Z92,0.5442,0.0178835312412,0.5442,0.0178835312412
0.0158489319246,0.0158489319246,0.0158489319246,0.0158489319246,0.0158489319246,0.0158489319246,0.0158489319246,0.0158489319246,0.0158489319246,0.0158489319246,0.0158489319246,0.0158489319246,0.0158489319246,0.0158489319246,0.0158489319246,0.0158489319246,0.0158489319246,0.0158489319246,10,Z72 Z82 Z83 Z93,0.0693333333333,0.0180912967793,0.0693333333333,0.0180912967793
0.0158489319246,0.0158489319246,0.0158489319246,0.0158489319246,0.0158489319246,0.0158489319246,0.0158489319246,0.0158489319246,0.0158489319246,0.0158489319246,0.0158489319246,0.0158489319246,0.0158489319246,0.0158489319246,0.0158489319246,0.0158489319246,0.0158489319246,0.0158489319246,10,Z73 Z83 Z94,0.0662888888889,0.018095263734,0.0662888888889,0.018095263734
0.0158489319246,0.0158489319246,0.0158489319246,0.0158489319246,0.0158489319246,0.0158489319246,0.0158489319246,0.0158489319246,0.0158489319246,0.0158489319246,0.0158489319246,0.0158489319246,0.0158489319246,0.0158489319246,0.0158489319246,0.0158489319246,0.0158489319246,0.0158489319246,10,Z8 Z18 Z19 Z29,0.0835333333333,0.0221663166509,0.0835333333333,0.0221663166509
0.0158489319246,0.0158489319246,0.0158489319246,0.0158489319246,0.0158489319246,0.0158489319246,0.0158489319246,0.0158489319246,0.0158489319246,0.0158489319246,0.0158489319246,0.0158489319246,0.0158489319246,0.0158489319246,0.0158489319246,0.0158489319246,0.0158489319246,0.0158489319246,10,Z84 Z95 Z105,0.6098,0.0150403289277,0.6098,0.0150403289277
0.0158489319246,0.0158489319246,0.0158489319246,0.0158489319246,0.0158489319246,0.0158489319246,0.0158489319246,0.0158489319246,0.0158489319246,0.0158489319246,0.0158489319246,0.0158489319246,0.0158489319246,0.0158489319246,0.0158489319246,0.0158489319246,0.0158489319246,0.0158489319246,10,Z85 Z95 Z96 Z106,0.544088888889,0.0160035755903,0.544088888889,0.0160035755903
0.0158489319246,0.0158489319246,0.0158489319246,0.0158489319246,0.0158489319246,0.0158489319246,0.0158489319246,0.0158489319246,0.0158489319246,0.0158489319246,0.0158489319246,0.0158489319246,0.0158489319246,0.0158489319246,0.0158489319246,0.0158489319246,0.0158489319246,0.0158489319246,10,Z86 Z96 Z97 Z107,0.546422222222,0.0134220991596,0.546422222222,0.0134220991596
0.0158489319246,0.0158489319246,0.0158489319246,0.0158489319246,0.0158489319246,0.0158489319246,0.0158489319246,0.0158489319246,0.0158489319246,0.0158489319246,0.0158489319246,0.0158489319246,0.0158489319246,0.0158489319246,0.0158489319246,0.0158489319246,0.0158489319246,0.0158489319246,10,Z87 Z97 Z98 Z108,0.541244444444,0.0173251380567,0.541244444444,0.0173251380567
0.0158489319246,0.0158489319246,0.0158489319246,0.0158489319246,0.0158489319246,0.0158489319246,0.0158489319246,0.0158489319246,0.0158489319246,0.0158489319246,0.0158489319246,0.0158489319246,0.0158489319246,0.0158489319246,0.0158489319246,0.0158489319246,0.0158489319246,0.0158489319246,10,Z88 Z98 Z99 Z109,0.547422222222,0.0158621777996,0.547422222222,0.0158621777996
0.0158489319246,0.0158489319246,0.0158489319246,0.0158489319246,0.0158489319246,0.0158489319246,0.0158489319246,0.0158489319246,0.0158489319246,0.0158489319246,0.0158489319246,0.0158489319246,0.0158489319246,0.0158489319246,0.0158489319246,0.0158489319246,0.0158489319246,0.0158489319246,10,Z89 Z99 Z100 Z110,0.539288888889,0.013454544827,0.539288888889,0.013454544827
0.0158489319246,0.0158489319246,0.0158489319246,0.0158489319246,0.0158489319246,0.0158489319246,0.0158489319246,0.0158489319246,0.0158489319246,0.0158489319246,0.0158489319246,0.0158489319246,0.0158489319246,0.0158489319246,0.0158489319246,0.0158489319246,0.0158489319246,0.0158489319246,10,Z9 Z19 Z20 Z30,0.0140888888889,0.0107407389792,0.0140888888889,0.0107407389792
0.0158489319246,0.0158489319246,0.0158489319246,0.0158489319246,0.0158489319246,0.0158489319246,0.0158489319246,0.0158489319246,0.0158489319246,0.0158489319246,0.0158489319246,0.0158489319246,0.0158489319246,0.0158489319246,0.0158489319246,0.0158489319246,0.0158489319246,0.0158489319246,10,Z90 Z100 Z101 Z111,0.544377777778,0.0157681315286,0.544377777778,0.0157681315286
0.0158489319246,0.0158489319246,0.0158489319246,0.0158489319246,0.0158489319246,0.0158489319246,0.0158489319246,0.0158489319246,0.0158489319246,0.0158489319246,0.0158489319246,0.0158489319246,0.0158489319246,0.0158489319246,0.0158489319246,0.0158489319246,0.0158489319246,0.0158489319246,10,Z91 Z101 Z102 Z112,0.545155555556,0.0145111222592,0.545155555556,0.0145111222592
0.0158489319246,0.0158489319246,0.0158489319246,0.0158489319246,0.0158489319246,0.0158489319246,0.0158489319246,0.0158489319246,0.0158489319246,0.0158489319246,0.0158489319246,0.0158489319246,0.0158489319246,0.0158489319246,0.0158489319246,0.0158489319246,0.0158489319246,0.0158489319246,10,Z92 Z102 Z103 Z113,0.5436,0.0147776366196,0.5436,0.0147776366196
0.0158489319246,0.0158489319246,0.0158489319246,0.0158489319246,0.0158489319246,0.0158489319246,0.0158489319246,0.0158489319246,0.0158489319246,0.0158489319246,0.0158489319246,0.0158489319246,0.0158489319246,0.0158489319246,0.0158489319246,0.0158489319246,0.0158489319246,0.0158489319246,10,Z93 Z103 Z104 Z114,0.0723555555556,0.0169151439399,0.0723555555556,0.0169151439399
0.0158489319246,0.0158489319246,0.0158489319246,0.0158489319246,0.0158489319246,0.0158489319246,0.0158489319246,0.0158489319246,0.0158489319246,0.0158489319246,0.0158489319246,0.0158489319246,0.0158489319246,0.0158489319246,0.0158489319246,0.0158489319246,0.0158489319246,0.0158489319246,10,Z94 Z104 Z115,0.0734222222222,0.0180129653887,0.0734222222222,0.0180129653887
