g1_x,g1_y,g1_z,IX,IY,IZ,XI,XX,XY,XZ,YI,YX,YY,YZ,ZI,ZX,ZY,ZZ,round,operator,mean,std,mean_signed,std_signed
0.5,0.5,0.5,0.5,0.5,0.5,0.5,0.5,0.5,0.5,0.5,0.5,0.5,0.5,0.5,0.5,0.5,0.5,1,Logical X,0.0128222222222,0.00848470940822,-0.00262222222222,0.0174056258429
0.5,0.5,0.5,0.5,0.5,0.5,0.5,0.5,0.5,0.5,0.5,0.5,0.5,0.5,0.5,0.5,0.5,0.5,1,Logical Y,0.0149555555556,0.0108344325997,-0.000444444444444,0.0159437068461
0.5,0.5,0.5,0.5,0.5,0.5,0.5,0.5,0.5,0.5,0.5,0.5,0.5,0.5,0.5,0.5,0.5,0.5,1,Logical Z,0.0124666666667,0.0090331870031,-0.00111111111111,0.0194233602164
0.5,0.5,0.5,0.5,0.5,0.5,0.5,0.5,0.5,0.5,0.5,0.5,0.5,0.5,0.5,0.5,0.5,0.5,1,X0 X1,0.0149777777778,0.0108627569771,0.0149777777778,0.0108627569771
0.5,0.5,0.5,0.5,0.5,0.5,0.5,0.5,0.5,0.5,0.5,0.5,0.5,0.5,0.5,0.5,0.5,0.5,1,X1 Z2 Y3 Y4 Z5 X7,0.0117333333333,0.00892815083848,0.0117333333333,0.00892815083848
0.5,0.5,0.5,0.5,0.5,0.5,0.5,0.5,0.5,0.5,0.5,0.5,0.5,0.5,0.5,0.5,0.5,0.5,1,X10 Z13 Y14 Y17 Z18 X22,0.0121111111111,0.00795212366312,0.0121111111111,0.00795212366312
0.5,0.5,0.5,0.5,0.5,0.5,0.5,0.5,0.5,0.5,0.5,0.5,0.5,0.5,0.5,0.5,0.5,0.5,1,X100 Z110 Y111 Y121 Z122 X132,0.0116,0.00738975162768,0.0116,0.00738975162768
0.5,0.5,0.5,0.5,0.5,0.5,0.5,0.5,0.5,0.5,0.5,0.5,0.5,0.5,0.5,0.5,0.5,0.5,1,X101 Z111 Y112 Y122 Z123 X133,0.0157555555556,0.011799712099,0.0157555555556,0.011799712099
0.5,0.5,0.5,0.5,0.5,0.5,0.5,0.5,0.5,0.5,0.5,0.5,0.5,0.5,0.5,0.5,0.5,0.5,1,X102 Z112 Y113 Y123 Z124 X134,0.0117555555556,0.00941423611531,0.0117555555556,0.00941423611531
0.5,0.5,0.5,0.5,0.5,0.5,0.5,0.5,0.5,0.5,0.5,0.5,0.5,0.5,0.5,0.5,0.5,0.5,1,X103 Z113 Y114 Y124 Z125 X135,0.0153111111111,0.0109215009331,0.0153111111111,0.0109215009331
0.5,0.5,0.5,0.5,0.5,0.5,0.5,0.5,0.5,0.5,0.5,0.5,0.5,0.5,0.5,0.5,0.5,0.5,1,X104 Z114 Y115 Y125 Z126 X136,0.0127333333333,0.0109227170213,0.0127333333333,0.0109227170213
0.5,0.5,0.5,0.5,0.5,0.5,0.5,0.5,0.5,0.5,0.5,0.5,0.5,0.5,0.5,0.5,0.5,0.5,1,X105 Z115 Y116 Y126 Z127 X137,0.0138444444444,0.0114479442627,0.0138444444444,0.0114479442627
0.5,0.5,0.5,0.5,0.5,0.5,0.5,0.5,0.5,0.5,0.5,0.5,0.5,0.5,0.5,0.5,0.5,0.5,1,X106 Z116 Y117 Y127 Z128 X138,0.0142,0.0120600667796,0.0142,0.0120600667796
0.5,0.5,0.5,0.5,0.5,0.5,0.5,0.5,0.5,0.5,0.5,0.5,0.5,0.5,0.5,0.5,0.5,0.5,1,X107 Z117 Y118 Y128 Z129 X139,0.0121555555556,0.0103170926632,0.0121555555556,0.0103170926632
0.5,0.5,0.5,0.5,0.5,0.5,0.5,0.5,0.5,0.5,0.5,0.5,0.5,0.5,0.5,0.5,0.5,0.5,1,X108 Z118 Y119 Y129 Z130 X140,0.0178444444444,0.0145129703737,0.0178444444444,0.0145129703737
0.5,0.5,0.5,0.5,0.5,0.5,0.5,0.5,0.5,0.5,0.5,0.5,0.5,0.5,0.5,0.5,0.5,0.5,1,X109 Z119 Y120 Y130 Z131 X141,0.0129111111111,0.0108426337914,0.0129111111111,0.0108426337914
0.5,0.5,0.5,0.5,0.5,0.5,0.5,0.5,0.5,0.5,0.5,0.5,0.5,0.5,0.5,0.5,0.5,0.5,1,X11 Z14 Y15 Y18 Z19 X23,0.0138888888889,0.0106739678078,0.0138888888889,0.0106739678078
0.5,0.5,0.5,0.5,0.5,0.5,0.5,0.5,0.5,0.5,0.5,0.5,0.5,0.5,0.5,0.5,0.5,0.5,1,X110 X121,0.0144222222222,0.0102227802613,0.0144222222222,0.0102227802613
0.5,0.5,0.5,0.5,0.5,0.5,0.5,0.5,0.5,0.5,0.5,0.5,0.5,0.5,0.5,0.5,0.5,0.5,1,X111 X122,0.0122222222222,0.00837682139322,0.0122222222222,0.00837682139322
0.5,0.5,0.5,0.5,0.5,0.5,0.5,0.5,0.5,0.5,0.5,0.5,0.5,0.5,0.5,0.5,0.5,0.5,1,X112 X123,0.0156888888889,0.0112970797208,0.0156888888889,0.0112970797208
0.5,0.5,0.5,0.5,0.5,0.5,0.5,0.5,0.5,0.5,0.5,0.5,0.5,0.5,0.5,0.5,0.5,0.5,1,X113 X124,0.0156666666667,0.011374165794,0.0156666666667,0.011374165794
0.5,0.5,0.5,0.5,0.5,0.5,0.5,0.5,0.5,0.5,0.5,0.5,0.5,0.5,0.5,0.5,0.5,0.5,1,X114 X125,0.0128888888889,0.0103758241452,0.0128888888889,0.0103758241452
0.5,0.5,0.5,0.5,0.5,0.5,0.5,0.5,0.5,0.5,0.5,0.5,0.5,0.5,0.5,0.5,0.5,0.5,1,X115 X126,0.0118888888889,0.00900078044012,0.0118888888889,0.00900078044012
0.5,0.5,0.5,0.5,0.5,0.5,0.5,0.5,0.5,0.5,0.5,0.5,0.5,0.5,0.5,0.5,0.5,0.5,1,X116 X127,0.0132888888889,0.00986799204104,0.0132888888889,0.00986799204104
0.5,0.5,0.5,0.5,0.5,0.5,0.5,0.5,0.5,0.5,0.5,0.5,0.5,0.5,0.5,0.5,0.5,0.5,1,X117 X128,0.0151555555556,0.0111951458191,0.0151555555556,0.0111951458191
0.5,0.5,0.5,0.5,0.5,0.5,0.5,0.5,0.5,0.5,0.5,0.5,0.5,0.5,0.5,0.5,0.5,0.5,1,X118 X129,0.0118222222222,0.00964811272647,0.0118222222222,0.00964811272647
0.5,0.5,0.5,0.5,0.5,0.5,0.5,0.5,0.5,0.5,0.5,0.5,0.5,0.5,0.5,0.5,0.5,0.5,1,X119 X130,0.0147333333333,0.0103180829251,0.0147333333333,0.0103180829251
0.5,0.5,0.5,0.5,0.5,0.5,0.5,0.5,0.5,0.5,0.5,0.5,0.5,0.5,0.5,0.5,0.5,0.5,1,X12 X16,0.0144222222222,0.0105052197693,0.0144222222222,0.0105052197693
0.5,0.5,0.5,0.5,0.5,0.5,0.5,0.5,0.5,0.5,0.5,0.5,0.5,0.5,0.5,0.5,0.5,0.5,1,X120 X131,0.0121333333333,0.0100319795169,0.0121333333333,0.0100319795169
0.5,0.5,0.5,0.5,0.5,0.5,0.5,0.5,0.5,0.5,0.5,0.5,0.5,0.5,0.5,0.5,0.5,0.5,1,X121 Y132 Z142,0.0157333333333,0.0123581297795,0.0157333333333,0.0123581297795
0.5,0.5,0.5,0.5,0.5,0.5,0.5,0.5,0.5,0.5,0.5,0.5,0.5,0.5,0.5,0.5,0.5,0.5,1,X122 Z132 Y133 Y142 Z143 X152,0.0124,0.00986902736593,0.0124,0.00986902736593
0.5,0.5,0.5,0.5,0.5,0.5,0.5,0.5,0.5,0.5,0.5,0.5,0.5,0.5,0.5,0.5,0.5,0.5,1,X123 Z133 Y134 Y143 Z144 X153,0.0144666666667,0.0112145909336,0.0144666666667,0.0112145909336
0.5,0.5,0.5,0.5,0.5,0.5,0.5,0.5,0.5,0.5,0.5,0.5,0.5,0.5,0.5,0.5,0.5,0.5,1,X124 Z134 Y135 Y144 Z145 X154,0.0166222222222,0.0102264525646,0.0166222222222,0.0102264525646
0.5,0.5,0.5,0.5,0.5,0.5,0.5,0.5,0.5,0.5,0.5,0.5,0.5,0.5,0.5,0.5,0.5,0.5,1,X125 Z135 Y136 Y145 Z146 X155,0.0159555555556,0.0135837781701,0.0159555555556,0.0135837781701
0.5,0.5,0.5,0.5,0.5,0.5,0.5,0.5,0.5,0.5,0.5,0.5,0.5,0.5,0.5,0.5,0.5,0.5,1,X126 Z136 Y137 Y146 Z147 X156,0.0144222222222,0.0117684992006,0.0144222222222,0.0117684992006
0.5,0.5,0.5,0.5,0.5,0.5,0.5,0.5,0.5,0.5,0.5,0.5,0.5,0.5,0.5,0.5,0.5,0.5,1,X127 Z137 Y138 Y147 Z148 X157,0.0152222222222,0.0099978286276,0.0152222222222,0.0099978286276
0.5,0.5,0.5,0.5,0.5,0.5,0.5,0.5,0.5,0.5,0.5,0.5,0.5,0.5,0.5,0.5,0.5,0.5,1,X128 Z138 Y139 Y148 Z149 X158,0.0116,0.00930142328334,0.0116,0.00930142328334
0.5,0.5,0.5,0.5,0.5,0.5,0.5,0.5,0.5,0.5,0.5,0.5,0.5,0.5,0.5,0.5,0.5,0.5,1,X129 Z139 Y140 Y149 Z150 X159,0.0177111111111,0.0120327564842,0.0177111111111,0.0120327564842
0.5,0.5,0.5,0.5,0.5,0.5,0.5,0.5,0.5,0.5,0.5,0.5,0.5,0.5,0.5,0.5,0.5,0.5,1,X13 X17,0.0152666666667,0.0117200421063,0.0152666666667,0.0117200421063
0.5,0.5,0.5,0.5,0.5,0.5,0.5,0.5,0.5,0.5,0.5,0.5,0.5,0.5,0.5,0.5,0.5,0.5,1,X130 Z140 Y141 Y150 Z151 X160,0.0140888888889,0.011271274761,0.0140888888889,0.011271274761
0.5,0.5,0.5,0.5,0.5,0.5,0.5,0.5,0.5,0.5,0.5,0.5,0.5,0.5,0.5,0.5,0.5,0.5,1,X132 X142,0.0122666666667,0.0111260283007,0.0122666666667,0.0111260283007
0.5,0.5,0.5,0.5,0.5,0.5,0.5,0.5,0.5,0.5,0.5,0.5,0.5,0.5,0.5,0.5,0.5,0.5,1,X133 X143,0.0140222222222,0.0112654945093,0.0140222222222,0.0112654945093
0.5,0.5,0.5,0.5,0.5,0.5,0.5,0.5,0.5,0.5,0.5,0.5,0.5,0.5,0.5,0.5,0.5,0.5,1,X134 X144,0.0153111111111,0.0115913606794,0.0153111111111,0.0115913606794
0.5,0.5,0.5,0.5,0.5,0.5,0.5,0.5,0.5,0.5,0.5,0.5,0.5,0.5,0.5,0.5,0.5,0.5,1,X135 X145,0.0134888888889,0.00994341590177,0.0134888888889,0.00994341590177
0.5,0.5,0.5,0.5,0.5,0.5,0.5,0.5,0.5,0.5,0.5,0.5,0.5,0.5,0.5,0.5,0.5,0.5,1,X136 X146,0.0155777777778,0.0116809217782,0.0155777777778,0.0116809217782
0.5,0.5,0.5,0.5,0.5,0.5,0.5,0.5,0.5,0.5,0.5,0.5,0.5,0.5,0.5,0.5,0.5,0.5,1,X137 X147,0.0138222222222,0.00959555026717,0.0138222222222,0.00959555026717
0.5,0.5,0.5,0.5,0.5,0.5,0.5,0.5,0.5,0.5,0.5,0.5,0.5,0.5,0.5,0.5,0.5,0.5,1,X138 X148,0.0118666666667,0.00991055785958,0.0118666666667,0.00991055785958
0.5,0.5,0.5,0.5,0.5,0.5,0.5,0.5,0.5,0.5,0.5,0.5,0.5,0.5,0.5,0.5,0.5,0.5,1,X139 X149,0.0142,0.0102027717667,0.0142,0.0102027717667
0.5,0.5,0.5,0.5,0.5,0.5,0.5,0.5,0.5,0.5,0.5,0.5,0.5,0.5,0.5,0.5,0.5,0.5,1,X14 X18,0.0142666666667,0.01081590995,0.0142666666667,0.01081590995
0.5,0.5,0.5,0.5,0.5,0.5,0.5,0.5,0.5,0.5,0.5,0.5,0.5,0.5,0.5,0.5,0.5,0.5,1,X140 X150,0.0165111111111,0.0133674085652,0.0165111111111,0.0133674085652
0.5,0.5,0.5,0.5,0.5,0.5,0.5,0.5,0.5,0.5,0.5,0.5,0.5,0.5,0.5,0.5,0.5,0.5,1,X141 X151,0.0141777777778,0.0122176097183,0.0141777777778,0.0122176097183
0.5,0.5,0.5,0.5,0.5,0.5,0.5,0.5,0.5,0.5,0.5,0.5,0.5,0.5,0.5,0.5,0.5,0.5,1,X143 Z152 Y153 Y161 Z162 X170,0.0128222222222,0.0106575871319,0.0128222222222,0.0106575871319
0.5,0.5,0.5,0.5,0.5,0.5,0.5,0.5,0.5,0.5,0.5,0.5,0.5,0.5,0.5,0.5,0.5,0.5,1,X144 Z153 Y154 Y162 Z163 X171,0.0121333333333,0.00812054770438,0.0121333333333,0.00812054770438
0.5,0.5,0.5,0.5,0.5,0.5,0.5,0.5,0.5,0.5,0.5,0.5,0.5,0.5,0.5,0.5,0.5,0.5,1,X145 Z154 Y155 Y163 Z164 X172,0.0144666666667,0.010479902313,0.0144666666667,0.010479902313
0.5,0.5,0.5,0.5,0.5,0.5,0.5,0.5,0.5,0.5,0.5,0.5,0.5,0.5,0.5,0.5,0.5,0.5,1,X146 Z155 Y156 Y164 Z165 X173,0.0144666666667,0.0119053096754,0.0144666666667,0.0119053096754
0.5,0.5,0.5,0.5,0.5,0.5,0.5,0.5,0.5,0.5,0.5,0.5,0.5,0.5,0.5,0.5,0.5,0.5,1,X147 Z156 Y157 Y165 Z166 X174,0.0194444444444,0.0146238490285,0.0194444444444,0.0146238490285
0.5,0.5,0.5,0.5,0.5,0.5,0.5,0.5,0.5,0.5,0.5,0.5,0.5,0.5,0.5,0.5,0.5,0.5,1,X148 Z157 Y158 Y166 Z167 X175,0.0132,0.0104685626806,0.0132,0.0104685626806
0.5,0.5,0.5,0.5,0.5,0.5,0.5,0.5,0.5,0.5,0.5,0.5,0.5,0.5,0.5,0.5,0.5,0.5,1,X149 Z158 Y159 Y167 Z168 X176,0.0142222222222,0.0126640448991,0.0142222222222,0.0126640448991
0.5,0.5,0.5,0.5,0.5,0.5,0.5,0.5,0.5,0.5,0.5,0.5,0.5,0.5,0.5,0.5,0.5,0.5,1,X15 X19,0.0136888888889,0.0109638672783,0.0136888888889,0.0109638672783
0.5,0.5,0.5,0.5,0.5,0.5,0.5,0.5,0.5,0.5,0.5,0.5,0.5,0.5,0.5,0.5,0.5,0.5,1,X150 Z159 Y160 Y168 Z169 X177,0.0162666666667,0.0110250150954,0.0162666666667,0.0110250150954
0.5,0.5,0.5,0.5,0.5,0.5,0.5,0.5,0.5,0.5,0.5,0.5,0.5,0.5,0.5,0.5,0.5,0.5,1,X151 Z160 Y169,0.0115555555556,0.0110966956296,0.0115555555556,0.0110966956296
0.5,0.5,0.5,0.5,0.5,0.5,0.5,0.5,0.5,0.5,0.5,0.5,0.5,0.5,0.5,0.5,0.5,0.5,1,X152 X161,0.0169111111111,0.012472785189,0.0169111111111,0.012472785189
0.5,0.5,0.5,0.5,0.5,0.5,0.5,0.5,0.5,0.5,0.5,0.5,0.5,0.5,0.5,0.5,0.5,0.5,1,X153 X162,0.0159333333333,0.010850922944,0.0159333333333,0.010850922944
0.5,0.5,0.5,0.5,0.5,0.5,0.5,0.5,0.5,0.5,0.5,0.5,0.5,0.5,0.5,0.5,0.5,0.5,1,X154 X163,0.0106888888889,0.00735416754854,0.0106888888889,0.00735416754854
0.5,0.5,0.5,0.5,0.5,0.5,0.5,0.5,0.5,0.5,0.5,0.5,0.5,0.5,0.5,0.5,0.5,0.5,1,X155 X164,0.0149555555556,0.0113470955432,0.0149555555556,0.0113470955432
0.5,0.5,0.5,0.5,0.5,0.5,0.5,0.5,0.5,0.5,0.5,0.5,0.5,0.5,0.5,0.5,0.5,0.5,1,X156 X165,0.0129777777778,0.011386263598,0.0129777777778,0.011386263598
0.5,0.5,0.5,0.5,0.5,0.5,0.5,0.5,0.5,0.5,0.5,0.5,0.5,0.5,0.5,0.5,0.5,0.5,1,X157 X166,0.0146,0.0114595406887,0.0146,0.0114595406887
0.5,0.5,0.5,0.5,0.5,0.5,0.5,0.5,0.5,0.5,0.5,0.5,0.5,0.5,0.5,0.5,0.5,0.5,1,X158 X167,0.0135333333333,0.0111488019733,0.0135333333333,0.0111488019733
0.5,0.5,0.5,0.5,0.5,0.5,0.5,0.5,0.5,0.5,0.5,0.5,0.5,0.5,0.5,0.5,0.5,0.5,1,X159 X168,0.0166666666667,0.012358625821,0.0166666666667,0.012358625821
0.5,0.5,0.5,0.5,0.5,0.5,0.5,0.5,0.5,0.5,0.5,0.5,0.5,0.5,0.5,0.5,0.5,0.5,1,X16 Z20 Y21 Y25 Z26 X31,0.0144666666667,0.01313081836,0.0144666666667,0.01313081836
0.5,0.5,0.5,0.5,0.5,0.5,0.5,0.5,0.5,0.5,0.5,0.5,0.5,0.5,0.5,0.5,0.5,0.5,1,X160 X169,0.0164222222222,0.0124776991362,0.0164222222222,0.0124776991362
0.5,0.5,0.5,0.5,0.5,0.5,0.5,0.5,0.5,0.5,0.5,0.5,0.5,0.5,0.5,0.5,0.5,0.5,1,X161 Y170 Z178,0.0158888888889,0.0111115325591,0.0158888888889,0.0111115325591
0.5,0.5,0.5,0.5,0.5,0.5,0.5,0.5,0.5,0.5,0.5,0.5,0.5,0.5,0.5,0.5,0.5,0.5,1,X162 Z170 Y171 Y178 Z179 X186,0.0135777777778,0.00780506434145,0.0135777777778,0.00780506434145
0.5,0.5,0.5,0.5,0.5,0.5,0.5,0.5,0.5,0.5,0.5,0.5,0.5,0.5,0.5,0.5,0.5,0.5,1,X163 Z171 Y172 Y179 Z180 X187,0.0113333333333,0.0100786181623,0.0113333333333,0.0100786181623
0.5,0.5,0.5,0.5,0.5,0.5,0.5,0.5,0.5,0.5,0.5,0.5,0.5,0.5,0.5,0.5,0.5,0.5,1,X164 Z172 Y173 Y180 Z181 X188,0.0116666666667,0.00969219775479,0.0116666666667,0.00969219775479
0.5,0.5,0.5,0.5,0.5,0.5,0.5,0.5,0.5,0.5,0.5,0.5,0.5,0.5,0.5,0.5,0.5,0.5,1,X165 Z173 Y174 Y181 Z182 X189,0.0136666666667,0.0133972605423,0.0136666666667,0.0133972605423
0.5,0.5,0.5,0.5,0.5,0.5,0.5,0.5,0.5,0.5,0.5,0.5,0.5,0.5,0.5,0.5,0.5,0.5,1,X166 Z174 Y175 Y182 Z183 X190,0.0128666666667,0.0115935640754,0.0128666666667,0.0115935640754
0.5,0.5,0.5,0.5,0.5,0.5,0.5,0.5,0.5,0.5,0.5,0.5,0.5,0.5,0.5,0.5,0.5,0.5,1,X167 Z175 Y176 Y183 Z184 X191,0.0109555555556,0.00833527946624,0.0109555555556,0.00833527946624
0.5,0.5,0.5,0.5,0.5,0.5,0.5,0.5,0.5,0.5,0.5,0.5,0.5,0.5,0.5,0.5,0.5,0.5,1,X168 Z176 Y177 Y184 Z185 X192,0.0130888888889,0.0112273384643,0.0130888888889,0.0112273384643
0.5,0.5,0.5,0.5,0.5,0.5,0.5,0.5,0.5,0.5,0.5,0.5,0.5,0.5,0.5,0.5,0.5,0.5,1,X17 Z21 Y22 Y26 Z27 X32,0.0170444444444,0.0130283314426,0.0170444444444,0.0130283314426
0.5,0.5,0.5,0.5,0.5,0.5,0.5,0.5,0.5,0.5,0.5,0.5,0.5,0.5,0.5,0.5,0.5,0.5,1,X170 X178,0.0147111111111,0.0146718207593,0.0147111111111,0.0146718207593
0.5,0.5,0.5,0.5,0.5,0.5,0.5,0.5,0.5,0.5,0.5,0.5,0.5,0.5,0.5,0.5,0.5,0.5,1,X171 X179,0.0187333333333,0.0134641285875,0.0187333333333,0.0134641285875
0.5,0.5,0.5,0.5,0.5,0.5,0.5,0.5,0.5,0.5,0.5,0.5,0.5,0.5,0.5,0.5,0.5,0.5,1,X172 X180,0.0153555555556,0.0114020678817,0.0153555555556,0.0114020678817
0.5,0.5,0.5,0.5,0.5,0.5,0.5,0.5,0.5,0.5,0.5,0.5,0.5,0.5,0.5,0.5,0.5,0.5,1,X173 X181,0.0166222222222,0.0144677560195,0.0166222222222,0.0144677560195
0.5,0.5,0.5,0.5,0.5,0.5,0.5,0.5,0.5,0.5,0.5,0.5,0.5,0.5,0.5,0.5,0.5,0.5,1,X174 X182,0.0155777777778,0.0122433603347,0.0155777777778,0.0122433603347
0.5,0.5,0.5,0.5,0.5,0.5,0.5,0.5,0.5,0.5,0.5,0.5,0.5,0.5,0.5,0.5,0.5,0.5,1,X175 X183,0.0111777777778,0.00895742733546,0.0111777777778,0.00895742733546
0.5,0.5,0.5,0.5,0.5,0.5,0.5,0.5,0.5,0.5,0.5,0.5,0.5,0.5,0.5,0.5,0.5,0.5,1,X176 X184,0.0141111111111,0.011309756861,0.0141111111111,0.011309756861
0.5,0.5,0.5,0.5,0.5,0.5,0.5,0.5,0.5,0.5,0.5,0.5,0.5,0.5,0.5,0.5,0.5,0.5,1,X177 X185,0.0114444444444,0.00767557370319,0.0114444444444,0.00767557370319
0.5,0.5,0.5,0.5,0.5,0.5,0.5,0.5,0.5,0.5,0.5,0.5,0.5,0.5,0.5,0.5,0.5,0.5,1,X179 Z186 Y187 Y193 Z194 X200,0.0133555555556,0.0102467388825,0.0133555555556,0.0102467388825
0.5,0.5,0.5,0.5,0.5,0.5,0.5,0.5,0.5,0.5,0.5,0.5,0.5,0.5,0.5,0.5,0.5,0.5,1,X18 Z22 Y23 Y27 Z28 X33,0.0165777777778,0.0118505810302,0.0165777777778,0.0118505810302
0.5,0.5,0.5,0.5,0.5,0.5,0.5,0.5,0.5,0.5,0.5,0.5,0.5,0.5,0.5,0.5,0.5,0.5,1,X180 Z187 Y188 Y194 Z195 X201,0.0165777777778,0.0122273900604,0.0165777777778,0.0122273900604
0.5,0.5,0.5,0.5,0.5,0.5,0.5,0.5,0.5,0.5,0.5,0.5,0.5,0.5,0.5,0.5,0.5,0.5,1,X181 Z188 Y189 Y195 Z196 X202,0.0153111111111,0.0134083902747,0.0153111111111,0.0134083902747
0.5,0.5,0.5,0.5,0.5,0.5,0.5,0.5,0.5,0.5,0.5,0.5,0.5,0.5,0.5,0.5,0.5,0.5,1,X182 Z189 Y190 Y196 Z197 X203,0.0158666666667,0.0131077468247,0.0158666666667,0.0131077468247
0.5,0.5,0.5,0.5,0.5,0.5,0.5,0.5,0.5,0.5,0.5,0.5,0.5,0.5,0.5,0.5,0.5,0.5,1,X183 Z190 Y191 Y197 Z198 X204,0.0144666666667,0.0109308519752,0.0144666666667,0.0109308519752
0.5,0.5,0.5,0.5,0.5,0.5,0.5,0.5,0.5,0.5,0.5,0.5,0.5,0.5,0.5,0.5,0.5,0.5,1,X184 Z191 Y192 Y198 Z199 X205,0.0156222222222,0.0138737419321,0.0156222222222,0.0138737419321
0.5,0.5,0.5,0.5,0.5,0.5,0.5,0.5,0.5,0.5,0.5,0.5,0.5,0.5,0.5,0.5,0.5,0.5,1,X185 Z192 Y199,0.0170222222222,0.0108359177583,0.0170222222222,0.0108359177583
0.5,0.5,0.5,0.5,0.5,0.5,0.5,0.5,0.5,0.5,0.5,0.5,0.5,0.5,0.5,0.5,0.5,0.5,1,X186 X193,0.0117777777778,0.0103225131832,0.0117777777778,0.0103225131832
0.5,0.5,0.5,0.5,0.5,0.5,0.5,0.5,0.5,0.5,0.5,0.5,0.5,0.5,0.5,0.5,0.5,0.5,1,X187 X194,0.0145777777778,0.0119715285911,0.0145777777778,0.0119715285911
0.5,0.5,0.5,0.5,0.5,0.5,0.5,0.5,0.5,0.5,0.5,0.5,0.5,0.5,0.5,0.5,0.5,0.5,1,X188 X195,0.0147777777778,0.0126030870552,0.0147777777778,0.0126030870552
0.5,0.5,0.5,0.5,0.5,0.5,0.5,0.5,0.5,0.5,0.5,0.5,0.5,0.5,0.5,0.5,0.5,0.5,1,X189 X196,0.0127333333333,0.00945625135321,0.0127333333333,0.00945625135321
0.5,0.5,0.5,0.5,0.5,0.5,0.5,0.5,0.5,0.5,0.5,0.5,0.5,0.5,0.5,0.5,0.5,0.5,1,X19 Z23 Y24 Y28 Z29 X34,0.0159333333333,0.0104582365934,0.0159333333333,0.0104582365934
0.5,0.5,0.5,0.5,0.5,0.5,0.5,0.5,0.5,0.5,0.5,0.5,0.5,0.5,0.5,0.5,0.5,0.5,1,X190 X197,0.0120444444444,0.0104209240342,0.0120444444444,0.0104209240342
0.5,0.5,0.5,0.5,0.5,0.5,0.5,0.5,0.5,0.5,0.5,0.5,0.5,0.5,0.5,0.5,0.5,0.5,1,X191 X198,0.0151777777778,0.0110833599804,0.0151777777778,0.0110833599804
0.5,0.5,0.5,0.5,0.5,0.5,0.5,0.5,0.5,0.5,0.5,0.5,0.5,0.5,0.5,0.5,0.5,0.5,1,X192 X199,0.0129555555556,0.00846300641912,0.0129555555556,0.00846300641912
0.5,0.5,0.5,0.5,0.5,0.5,0.5,0.5,0.5,0.5,0.5,0.5,0.5,0.5,0.5,0.5,0.5,0.5,1,X193 Y200 Z206,0.0184222222222,0.0143684235887,0.0184222222222,0.0143684235887
0.5,0.5,0.5,0.5,0.5,0.5,0.5,0.5,0.5,0.5,0.5,0.5,0.5,0.5,0.5,0.5,0.5,0.5,1,X194 Z200 Y201 Y206 Z207 X212,0.0151333333333,0.0110757060438,0.0151333333333,0.0110757060438
0.5,0.5,0.5,0.5,0.5,0.5,0.5,0.5,0.5,0.5,0.5,0.5,0.5,0.5,0.5,0.5,0.5,0.5,1,X195 Z201 Y202 Y207 Z208 X213,0.0164,0.0106818856946,0.0164,0.0106818856946
0.5,0.5,0.5,0.5,0.5,0.5,0.5,0.5,0.5,0.5,0.5,0.5,0.5,0.5,0.5,0.5,0.5,0.5,1,X196 Z202 Y203 Y208 Z209 X214,0.0133555555556,0.0133384855946,0.0133555555556,0.0133384855946
0.5,0.5,0.5,0.5,0.5,0.5,0.5,0.5,0.5,0.5,0.5,0.5,0.5,0.5,0.5,0.5,0.5,0.5,1,X197 Z203 Y204 Y209 Z210 X215,0.0171333333333,0.012839295525,0.0171333333333,0.012839295525
0.5,0.5,0.5,0.5,0.5,0.5,0.5,0.5,0.5,0.5,0.5,0.5,0.5,0.5,0.5,0.5,0.5,0.5,1,X198 Z204 Y205 Y210 Z211 X216,0.0142444444444,0.00870193237594,0.0142444444444,0.00870193237594
0.5,0.5,0.5,0.5,0.5,0.5,0.5,0.5,0.5,0.5,0.5,0.5,0.5,0.5,0.5,0.5,0.5,0.5,1,X2 X4,0.0160888888889,0.0113444615188,0.0160888888889,0.0113444615188
0.5,0.5,0.5,0.5,0.5,0.5,0.5,0.5,0.5,0.5,0.5,0.5,0.5,0.5,0.5,0.5,0.5,0.5,1,X20 X25,0.0172,0.0141685529508,0.0172,0.0141685529508
0.5,0.5,0.5,0.5,0.5,0.5,0.5,0.5,0.5,0.5,0.5,0.5,0.5,0.5,0.5,0.5,0.5,0.5,1,X200 X206,0.0154888888889,0.0119496816461,0.0154888888889,0.0119496816461
0.5,0.5,0.5,0.5,0.5,0.5,0.5,0.5,0.5,0.5,0.5,0.5,0.5,0.5,0.5,0.5,0.5,0.5,1,X201 X207,0.0151555555556,0.0110352043187,0.0151555555556,0.0110352043187
0.5,0.5,0.5,0.5,0.5,0.5,0.5,0.5,0.5,0.5,0.5,0.5,0.5,0.5,0.5,0.5,0.5,0.5,1,X202 X208,0.0150444444444,0.013437162779,0.0150444444444,0.013437162779
0.5,0.5,0.5,0.5,0.5,0.5,0.5,0.5,0.5,0.5,0.5,0.5,0.5,0.5,0.5,0.5,0.5,0.5,1,X203 X209,0.0136888888889,0.0112112878714,0.0136888888889,0.0112112878714
0.5,0.5,0.5,0.5,0.5,0.5,0.5,0.5,0.5,0.5,0.5,0.5,0.5,0.5,0.5,0.5,0.5,0.5,1,X204 X210,0.0133555555556,0.0109956220244,0.0133555555556,0.0109956220244
0.5,0.5,0.5,0.5,0.5,0.5,0.5,0.5,0.5,0.5,0.5,0.5,0.5,0.5,0.5,0.5,0.5,0.5,1,X205 X211,0.0144222222222,0.0103360891147,0.0144222222222,0.0103360891147
0.5,0.5,0.5,0.5,0.5,0.5,0.5,0.5,0.5,0.5,0.5,0.5,0.5,0.5,0.5,0.5,0.5,0.5,1,X207 Z212 Y213 Y217 Z218 X222,0.0131777777778,0.00930156058811,0.0131777777778,0.00930156058811
0.5,0.5,0.5,0.5,0.5,0.5,0.5,0.5,0.5,0.5,0.5,0.5,0.5,0.5,0.5,0.5,0.5,0.5,1,X208 Z213 Y214 Y218 Z219 X223,0.0140888888889,0.00958244456982,0.0140888888889,0.00958244456982
0.5,0.5,0.5,0.5,0.5,0.5,0.5,0.5,0.5,0.5,0.5,0.5,0.5,0.5,0.5,0.5,0.5,0.5,1,X209 Z214 Y215 Y219 Z220 X224,0.0159333333333,0.0101079991843,0.0159333333333,0.0101079991843
0.5,0.5,0.5,0.5,0.5,0.5,0.5,0.5,0.5,0.5,0.5,0.5,0.5,0.5,0.5,0.5,0.5,0.5,1,X21 X26,0.0115777777778,0.00898441960606,0.0115777777778,0.00898441960606
0.5,0.5,0.5,0.5,0.5,0.5,0.5,0.5,0.5,0.5,0.5,0.5,0.5,0.5,0.5,0.5,0.5,0.5,1,X210 Z215 Y216 Y220 Z221 X225,0.0134222222222,0.00716041338162,0.0134222222222,0.00716041338162
0.5,0.5,0.5,0.5,0.5,0.5,0.5,0.5,0.5,0.5,0.5,0.5,0.5,0.5,0.5,0.5,0.5,0.5,1,X211 Z216 Y221,0.0142,0.00986677539549,0.0142,0.00986677539549
0.5,0.5,0.5,0.5,0.5,0.5,0.5,0.5,0.5,0.5,0.5,0.5,0.5,0.5,0.5,0.5,0.5,0.5,1,X212 X217,0.0162444444444,0.0145307003134,0.0162444444444,0.0145307003134
0.5,0.5,0.5,0.5,0.5,0.5,0.5,0.5,0.5,0.5,0.5,0.5,0.5,0.5,0.5,0.5,0.5,0.5,1,X213 X218,0.0162,0.00975272827532,0.0162,0.00975272827532
0.5,0.5,0.5,0.5,0.5,0.5,0.5,0.5,0.5,0.5,0.5,0.5,0.5,0.5,0.5,0.5,0.5,0.5,1,X214 X219,0.0158222222222,0.0101527541262,0.0158222222222,0.0101527541262
0.5,0.5,0.5,0.5,0.5,0.5,0.5,0.5,0.5,0.5,0.5,0.5,0.5,0.5,0.5,0.5,0.5,0.5,1,X215 X220,0.0154444444444,0.00964835099298,0.0154444444444,0.00964835099298
0.5,0.5,0.5,0.5,0.5,0.5,0.5,0.5,0.5,0.5,0.5,0.5,0.5,0.5,0.5,0.5,0.5,0.5,1,X216 X221,0.0114,0.00917492835639,0.0114,0.00917492835639
0.5,0.5,0.5,0.5,0.5,0.5,0.5,0.5,0.5,0.5,0.5,0.5,0.5,0.5,0.5,0.5,0.5,0.5,1,X217 Y222 Z226,0.0176,0.0146065644194,0.0176,0.0146065644194
0.5,0.5,0.5,0.5,0.5,0.5,0.5,0.5,0.5,0.5,0.5,0.5,0.5,0.5,0.5,0.5,0.5,0.5,1,X218 Z222 Y223 Y226 Z227 X230,0.0184,0.0123308167672,0.0184,0.0123308167672
0.5,0.5,0.5,0.5,0.5,0.5,0.5,0.5,0.5,0.5,0.5,0.5,0.5,0.5,0.5,0.5,0.5,0.5,1,X219 Z223 Y224 Y227 Z228 X231,0.0145333333333,0.0120171014795,0.0145333333333,0.0120171014795
0.5,0.5,0.5,0.5,0.5,0.5,0.5,0.5,0.5,0.5,0.5,0.5,0.5,0.5,0.5,0.5,0.5,0.5,1,X22 X27,0.0134888888889,0.0121127314463,0.0134888888889,0.0121127314463
0.5,0.5,0.5,0.5,0.5,0.5,0.5,0.5,0.5,0.5,0.5,0.5,0.5,0.5,0.5,0.5,0.5,0.5,1,X220 Z224 Y225 Y228 Z229 X232,0.0156888888889,0.0120468222335,0.0156888888889,0.0120468222335
0.5,0.5,0.5,0.5,0.5,0.5,0.5,0.5,0.5,0.5,0.5,0.5,0.5,0.5,0.5,0.5,0.5,0.5,1,X222 X226,0.0116444444444,0.00773256701184,0.0116444444444,0.00773256701184
0.5,0.5,0.5,0.5,0.5,0.5,0.5,0.5,0.5,0.5,0.5,0.5,0.5,0.5,0.5,0.5,0.5,0.5,1,X223 X227,0.0170666666667,0.0130669950698,0.0170666666667,0.0130669950698
0.5,0.5,0.5,0.5,0.5,0.5,0.5,0.5,0.5,0.5,0.5,0.5,0.5,0.5,0.5,0.5,0.5,0.5,1,X224 X228,0.0146666666667,0.0110491760411,0.0146666666667,0.0110491760411
0.5,0.5,0.5,0.5,0.5,0.5,0.5,0.5,0.5,0.5,0.5,0.5,0.5,0.5,0.5,0.5,0.5,0.5,1,X225 X229,0.0139333333333,0.0110288371573,0.0139333333333,0.0110288371573
0.5,0.5,0.5,0.5,0.5,0.5,0.5,0.5,0.5,0.5,0.5,0.5,0.5,0.5,0.5,0.5,0.5,0.5,1,X227 Z230 Y231 Y233 Z234 X236,0.0162666666667,0.0118865647458,0.0162666666667,0.0118865647458
0.5,0.5,0.5,0.5,0.5,0.5,0.5,0.5,0.5,0.5,0.5,0.5,0.5,0.5,0.5,0.5,0.5,0.5,1,X228 Z231 Y232 Y234 Z235 X237,0.0155777777778,0.0131801352133,0.0155777777778,0.0131801352133
0.5,0.5,0.5,0.5,0.5,0.5,0.5,0.5,0.5,0.5,0.5,0.5,0.5,0.5,0.5,0.5,0.5,0.5,1,X229 Z232 Y235,0.0155333333333,0.0107698315693,0.0155333333333,0.0107698315693
0.5,0.5,0.5,0.5,0.5,0.5,0.5,0.5,0.5,0.5,0.5,0.5,0.5,0.5,0.5,0.5,0.5,0.5,1,X23 X28,0.0144444444444,0.0106022961922,0.0144444444444,0.0106022961922
0.5,0.5,0.5,0.5,0.5,0.5,0.5,0.5,0.5,0.5,0.5,0.5,0.5,0.5,0.5,0.5,0.5,0.5,1,X230 X233,0.0117777777778,0.00851473068098,0.0117777777778,0.00851473068098
0.5,0.5,0.5,0.5,0.5,0.5,0.5,0.5,0.5,0.5,0.5,0.5,0.5,0.5,0.5,0.5,0.5,0.5,1,X231 X234,0.0173777777778,0.0151132971148,0.0173777777778,0.0151132971148
0.5,0.5,0.5,0.5,0.5,0.5,0.5,0.5,0.5,0.5,0.5,0.5,0.5,0.5,0.5,0.5,0.5,0.5,1,X232 X235,0.0138222222222,0.00927061576868,0.0138222222222,0.00927061576868
0.5,0.5,0.5,0.5,0.5,0.5,0.5,0.5,0.5,0.5,0.5,0.5,0.5,0.5,0.5,0.5,0.5,0.5,1,X233 Y236 Z238,0.0130888888889,0.0117149847825,0.0130888888889,0.0117149847825
0.5,0.5,0.5,0.5,0.5,0.5,0.5,0.5,0.5,0.5,0.5,0.5,0.5,0.5,0.5,0.5,0.5,0.5,1,X234 Z236 Y237 Y238 Z239 X240,0.0154,0.0118978410096,0.0154,0.0118978410096
0.5,0.5,0.5,0.5,0.5,0.5,0.5,0.5,0.5,0.5,0.5,0.5,0.5,0.5,0.5,0.5,0.5,0.5,1,X236 X238,0.0114666666667,0.00733521396993,0.0114666666667,0.00733521396993
0.5,0.5,0.5,0.5,0.5,0.5,0.5,0.5,0.5,0.5,0.5,0.5,0.5,0.5,0.5,0.5,0.5,0.5,1,X237 X239,0.0162666666667,0.0147350547702,0.0162666666667,0.0147350547702
0.5,0.5,0.5,0.5,0.5,0.5,0.5,0.5,0.5,0.5,0.5,0.5,0.5,0.5,0.5,0.5,0.5,0.5,1,X239 Z240 Y241,0.0150666666667,0.0115238882327,0.0150666666667,0.0115238882327
0.5,0.5,0.5,0.5,0.5,0.5,0.5,0.5,0.5,0.5,0.5,0.5,0.5,0.5,0.5,0.5,0.5,0.5,1,X24 X29,0.0173111111111,0.0109900454203,0.0173111111111,0.0109900454203
0.5,0.5,0.5,0.5,0.5,0.5,0.5,0.5,0.5,0.5,0.5,0.5,0.5,0.5,0.5,0.5,0.5,0.5,1,X240 X241,0.0215333333333,0.0133369535315,0.0215333333333,0.0133369535315
0.5,0.5,0.5,0.5,0.5,0.5,0.5,0.5,0.5,0.5,0.5,0.5,0.5,0.5,0.5,0.5,0.5,0.5,1,X25 Z30 Y31 Y36 Z37 X43,0.0178222222222,0.0102144564872,0.0178222222222,0.0102144564872
0.5,0.5,0.5,0.5,0.5,0.5,0.5,0.5,0.5,0.5,0.5,0.5,0.5,0.5,0.5,0.5,0.5,0.5,1,X26 Z31 Y32 Y37 Z38 X44,0.0164,0.00986902736593,0.0164,0.00986902736593
0.5,0.5,0.5,0.5,0.5,0.5,0.5,0.5,0.5,0.5,0.5,0.5,0.5,0.5,0.5,0.5,0.5,0.5,1,X27 Z32 Y33 Y38 Z39 X45,0.0164666666667,0.0100970766985,0.0164666666667,0.0100970766985
0.5,0.5,0.5,0.5,0.5,0.5,0.5,0.5,0.5,0.5,0.5,0.5,0.5,0.5,0.5,0.5,0.5,0.5,1,X28 Z33 Y34 Y39 Z40 X46,0.0146666666667,0.0101105005921,0.0146666666667,0.0101105005921
0.5,0.5,0.5,0.5,0.5,0.5,0.5,0.5,0.5,0.5,0.5,0.5,0.5,0.5,0.5,0.5,0.5,0.5,1,X29 Z34 Y35 Y40 Z41 X47,0.0140444444444,0.0125027915146,0.0140444444444,0.0125027915146
0.5,0.5,0.5,0.5,0.5,0.5,0.5,0.5,0.5,0.5,0.5,0.5,0.5,0.5,0.5,0.5,0.5,0.5,1,X3 X5,0.0137111111111,0.0101312207921,0.0137111111111,0.0101312207921
0.5,0.5,0.5,0.5,0.5,0.5,0.5,0.5,0.5,0.5,0.5,0.5,0.5,0.5,0.5,0.5,0.5,0.5,1,X30 X36,0.0113777777778,0.00948793681909,0.0113777777778,0.00948793681909
0.5,0.5,0.5,0.5,0.5,0.5,0.5,0.5,0.5,0.5,0.5,0.5,0.5,0.5,0.5,0.5,0.5,0.5,1,X31 X37,0.0142444444444,0.0115807785435,0.0142444444444,0.0115807785435
0.5,0.5,0.5,0.5,0.5,0.5,0.5,0.5,0.5,0.5,0.5,0.5,0.5,0.5,0.5,0.5,0.5,0.5,1,X32 X38,0.0157777777778,0.0116030559237,0.0157777777778,0.0116030559237
0.5,0.5,0.5,0.5,0.5,0.5,0.5,0.5,0.5,0.5,0.5,0.5,0.5,0.5,0.5,0.5,0.5,0.5,1,X33 X39,0.0144888888889,0.0093709150317,0.0144888888889,0.0093709150317
0.5,0.5,0.5,0.5,0.5,0.5,0.5,0.5,0.5,0.5,0.5,0.5,0.5,0.5,0.5,0.5,0.5,0.5,1,X34 X40,0.0139111111111,0.00735885492786,0.0139111111111,0.00735885492786
0.5,0.5,0.5,0.5,0.5,0.5,0.5,0.5,0.5,0.5,0.5,0.5,0.5,0.5,0.5,0.5,0.5,0.5,1,X35 X41,0.0130888888889,0.0108666361093,0.0130888888889,0.0108666361093
0.5,0.5,0.5,0.5,0.5,0.5,0.5,0.5,0.5,0.5,0.5,0.5,0.5,0.5,0.5,0.5,0.5,0.5,1,X36 Z42 Y43 Y49 Z50 X57,0.0126666666667,0.010783839193,0.0126666666667,0.010783839193
0.5,0.5,0.5,0.5,0.5,0.5,0.5,0.5,0.5,0.5,0.5,0.5,0.5,0.5,0.5,0.5,0.5,0.5,1,X37 Z43 Y44 Y50 Z51 X58,0.0127555555556,0.00862275939394,0.0127555555556,0.00862275939394
0.5,0.5,0.5,0.5,0.5,0.5,0.5,0.5,0.5,0.5,0.5,0.5,0.5,0.5,0.5,0.5,0.5,0.5,1,X38 Z44 Y45 Y51 Z52 X59,0.0181111111111,0.0109447702073,0.0181111111111,0.0109447702073
0.5,0.5,0.5,0.5,0.5,0.5,0.5,0.5,0.5,0.5,0.5,0.5,0.5,0.5,0.5,0.5,0.5,0.5,1,X39 Z45 Y46 Y52 Z53 X60,0.0157111111111,0.0113875422061,0.0157111111111,0.0113875422061
0.5,0.5,0.5,0.5,0.5,0.5,0.5,0.5,0.5,0.5,0.5,0.5,0.5,0.5,0.5,0.5,0.5,0.5,1,X4 Z6 Y7 Y9 Z10 X13,0.0144666666667,0.0117027684448,0.0144666666667,0.0117027684448
0.5,0.5,0.5,0.5,0.5,0.5,0.5,0.5,0.5,0.5,0.5,0.5,0.5,0.5,0.5,0.5,0.5,0.5,1,X40 Z46 Y47 Y53 Z54 X61,0.0155111111111,0.00884768226608,0.0155111111111,0.00884768226608
0.5,0.5,0.5,0.5,0.5,0.5,0.5,0.5,0.5,0.5,0.5,0.5,0.5,0.5,0.5,0.5,0.5,0.5,1,X41 Z47 Y48 Y54 Z55 X62,0.0166666666667,0.0118016818075,0.0166666666667,0.0118016818075
0.5,0.5,0.5,0.5,0.5,0.5,0.5,0.5,0.5,0.5,0.5,0.5,0.5,0.5,0.5,0.5,0.5,0.5,1,X42 X49,0.0139555555556,0.0103323074512,0.0139555555556,0.0103323074512
0.5,0.5,0.5,0.5,0.5,0.5,0.5,0.5,0.5,0.5,0.5,0.5,0.5,0.5,0.5,0.5,0.5,0.5,1,X43 X50,0.0151777777778,0.0110431870203,0.0151777777778,0.0110431870203
0.5,0.5,0.5,0.5,0.5,0.5,0.5,0.5,0.5,0.5,0.5,0.5,0.5,0.5,0.5,0.5,0.5,0.5,1,X44 X51,0.0150444444444,0.00899498938142,0.0150444444444,0.00899498938142
0.5,0.5,0.5,0.5,0.5,0.5,0.5,0.5,0.5,0.5,0.5,0.5,0.5,0.5,0.5,0.5,0.5,0.5,1,X45 X52,0.0133333333333,0.0118599748664,0.0133333333333,0.0118599748664
0.5,0.5,0.5,0.5,0.5,0.5,0.5,0.5,0.5,0.5,0.5,0.5,0.5,0.5,0.5,0.5,0.5,0.5,1,X46 X53,0.0126222222222,0.00875714632456,0.0126222222222,0.00875714632456
0.5,0.5,0.5,0.5,0.5,0.5,0.5,0.5,0.5,0.5,0.5,0.5,0.5,0.5,0.5,0.5,0.5,0.5,1,X47 X54,0.0137777777778,0.0116083380435,0.0137777777778,0.0116083380435
0.5,0.5,0.5,0.5,0.5,0.5,0.5,0.5,0.5,0.5,0.5,0.5,0.5,0.5,0.5,0.5,0.5,0.5,1,X48 X55,0.0174,0.0134595747799,0.0174,0.0134595747799
0.5,0.5,0.5,0.5,0.5,0.5,0.5,0.5,0.5,0.5,0.5,0.5,0.5,0.5,0.5,0.5,0.5,0.5,1,X49 Z56 Y57 Y64 Z65 X73,0.0163555555556,0.0104088576093,0.0163555555556,0.0104088576093
0.5,0.5,0.5,0.5,0.5,0.5,0.5,0.5,0.5,0.5,0.5,0.5,0.5,0.5,0.5,0.5,0.5,0.5,1,X5 Z7 Y8 Y10 Z11 X14,0.0132888888889,0.011101666484,0.0132888888889,0.011101666484
0.5,0.5,0.5,0.5,0.5,0.5,0.5,0.5,0.5,0.5,0.5,0.5,0.5,0.5,0.5,0.5,0.5,0.5,1,X50 Z57 Y58 Y65 Z66 X74,0.0110222222222,0.00848479972121,0.0110222222222,0.00848479972121
0.5,0.5,0.5,0.5,0.5,0.5,0.5,0.5,0.5,0.5,0.5,0.5,0.5,0.5,0.5,0.5,0.5,0.5,1,X51 Z58 Y59 Y66 Z67 X75,0.0177333333333,0.0127283434888,0.0177333333333,0.0127283434888
0.5,0.5,0.5,0.5,0.5,0.5,0.5,0.5,0.5,0.5,0.5,0.5,0.5,0.5,0.5,0.5,0.5,0.5,1,X52 Z59 Y60 Y67 Z68 X76,0.0132888888889,0.00861066492479,0.0132888888889,0.00861066492479
0.5,0.5,0.5,0.5,0.5,0.5,0.5,0.5,0.5,0.5,0.5,0.5,0.5,0.5,0.5,0.5,0.5,0.5,1,X53 Z60 Y61 Y68 Z69 X77,0.0146888888889,0.00791232286557,0.0146888888889,0.00791232286557
0.5,0.5,0.5,0.5,0.5,0.5,0.5,0.5,0.5,0.5,0.5,0.5,0.5,0.5,0.5,0.5,0.5,0.5,1,X54 Z61 Y62 Y69 Z70 X78,0.0106444444444,0.00746995685582,0.0106444444444,0.00746995685582
0.5,0.5,0.5,0.5,0.5,0.5,0.5,0.5,0.5,0.5,0.5,0.5,0.5,0.5,0.5,0.5,0.5,0.5,1,X55 Z62 Y63 Y70 Z71 X79,0.0128444444444,0.00889605075465,0.0128444444444,0.00889605075465
0.5,0.5,0.5,0.5,0.5,0.5,0.5,0.5,0.5,0.5,0.5,0.5,0.5,0.5,0.5,0.5,0.5,0.5,1,X56 X64,0.0146666666667,0.0104972172923,0.0146666666667,0.0104972172923
0.5,0.5,0.5,0.5,0.5,0.5,0.5,0.5,0.5,0.5,0.5,0.5,0.5,0.5,0.5,0.5,0.5,0.5,1,X57 X65,0.0150444444444,0.0119072833673,0.0150444444444,0.0119072833673
0.5,0.5,0.5,0.5,0.5,0.5,0.5,0.5,0.5,0.5,0.5,0.5,0.5,0.5,0.5,0.5,0.5,0.5,1,X58 X66,0.0193333333333,0.0124303423107,0.0193333333333,0.0124303423107
0.5,0.5,0.5,0.5,0.5,0.5,0.5,0.5,0.5,0.5,0.5,0.5,0.5,0.5,0.5,0.5,0.5,0.5,1,X59 X67,0.0126888888889,0.00986729313534,0.0126888888889,0.00986729313534
0.5,0.5,0.5,0.5,0.5,0.5,0.5,0.5,0.5,0.5,0.5,0.5,0.5,0.5,0.5,0.5,0.5,0.5,1,X6 X9,0.0132222222222,0.00783563592146,0.0132222222222,0.00783563592146
0.5,0.5,0.5,0.5,0.5,0.5,0.5,0.5,0.5,0.5,0.5,0.5,0.5,0.5,0.5,0.5,0.5,0.5,1,X60 X68,0.0144222222222,0.0105401743147,0.0144222222222,0.0105401743147
0.5,0.5,0.5,0.5,0.5,0.5,0.5,0.5,0.5,0.5,0.5,0.5,0.5,0.5,0.5,0.5,0.5,0.5,1,X61 X69,0.0157555555556,0.0123567448916,0.0157555555556,0.0123567448916
0.5,0.5,0.5,0.5,0.5,0.5,0.5,0.5,0.5,0.5,0.5,0.5,0.5,0.5,0.5,0.5,0.5,0.5,1,X62 X70,0.0160666666667,0.0149843852315,0.0160666666667,0.0149843852315
0.5,0.5,0.5,0.5,0.5,0.5,0.5,0.5,0.5,0.5,0.5,0.5,0.5,0.5,0.5,0.5,0.5,0.5,1,X63 X71,0.0117333333333,0.0101582874835,0.0117333333333,0.0101582874835
0.5,0.5,0.5,0.5,0.5,0.5,0.5,0.5,0.5,0.5,0.5,0.5,0.5,0.5,0.5,0.5,0.5,0.5,1,X64 Z72 Y73 Y81 Z82 X91,0.0178222222222,0.0127503987867,0.0178222222222,0.0127503987867
0.5,0.5,0.5,0.5,0.5,0.5,0.5,0.5,0.5,0.5,0.5,0.5,0.5,0.5,0.5,0.5,0.5,0.5,1,X65 Z73 Y74 Y82 Z83 X92,0.0149555555556,0.00846119532389,0.0149555555556,0.00846119532389
0.5,0.5,0.5,0.5,0.5,0.5,0.5,0.5,0.5,0.5,0.5,0.5,0.5,0.5,0.5,0.5,0.5,0.5,1,X66 Z74 Y75 Y83 Z84 X93,0.0186,0.0108537473445,0.0186,0.0108537473445
0.5,0.5,0.5,0.5,0.5,0.5,0.5,0.5,0.5,0.5,0.5,0.5,0.5,0.5,0.5,0.5,0.5,0.5,1,X67 Z75 Y76 Y84 Z85 X94,0.0171777777778,0.012784908888,0.0171777777778,0.012784908888
0.5,0.5,0.5,0.5,0.5,0.5,0.5,0.5,0.5,0.5,0.5,0.5,0.5,0.5,0.5,0.5,0.5,0.5,1,X68 Z76 Y77 Y85 Z86 X95,0.0160444444444,0.0103486106322,0.0160444444444,0.0103486106322
0.5,0.5,0.5,0.5,0.5,0.5,0.5,0.5,0.5,0.5,0.5,0.5,0.5,0.5,0.5,0.5,0.5,0.5,1,X69 Z77 Y78 Y86 Z87 X96,0.0156444444444,0.0104044395672,0.0156444444444,0.0104044395672
0.5,0.5,0.5,0.5,0.5,0.5,0.5,0.5,0.5,0.5,0.5,0.5,0.5,0.5,0.5,0.5,0.5,0.5,1,X7 X10,0.0152,0.0108989085186,0.0152,0.0108989085186
0.5,0.5,0.5,0.5,0.5,0.5,0.5,0.5,0.5,0.5,0.5,0.5,0.5,0.5,0.5,0.5,0.5,0.5,1,X70 Z78 Y79 Y87 Z88 X97,0.0134,0.0100761088397,0.0134,0.0100761088397
0.5,0.5,0.5,0.5,0.5,0.5,0.5,0.5,0.5,0.5,0.5,0.5,0.5,0.5,0.5,0.5,0.5,0.5,1,X71 Z79 Y80 Y88 Z89 X98,0.0157333333333,0.0115703412627,0.0157333333333,0.0115703412627
0.5,0.5,0.5,0.5,0.5,0.5,0.5,0.5,0.5,0.5,0.5,0.5,0.5,0.5,0.5,0.5,0.5,0.5,1,X72 X81,0.0130888888889,0.0133453777018,0.0130888888889,0.0133453777018
0.5,0.5,0.5,0.5,0.5,0.5,0.5,0.5,0.5,0.5,0.5,0.5,0.5,0.5,0.5,0.5,0.5,0.5,1,X73 X82,0.0192666666667,0.0111614415636,0.0192666666667,0.0111614415636
0.5,0.5,0.5,0.5,0.5,0.5,0.5,0.5,0.5,0.5,0.5,0.5,0.5,0.5,0.5,0.5,0.5,0.5,1,X74 X83,0.0158666666667,0.0127365284551,0.0158666666667,0.0127365284551
0.5,0.5,0.5,0.5,0.5,0.5,0.5,0.5,0.5,0.5,0.5,0.5,0.5,0.5,0.5,0.5,0.5,0.5,1,X75 X84,0.0142222222222,0.00940584856505,0.0142222222222,0.00940584856505
0.5,0.5,0.5,0.5,0.5,0.5,0.5,0.5,0.5,0.5,0.5,0.5,0.5,0.5,0.5,0.5,0.5,0.5,1,X76 X85,0.0136222222222,0.0121203205872,0.0136222222222,0.0121203205872
0.5,0.5,0.5,0.5,0.5,0.5,0.5,0.5,0.5,0.5,0.5,0.5,0.5,0.5,0.5,0.5,0.5,0.5,1,X77 X86,0.0117777777778,0.00778904493151,0.0117777777778,0.00778904493151
0.5,0.5,0.5,0.5,0.5,0.5,0.5,0.5,0.5,0.5,0.5,0.5,0.5,0.5,0.5,0.5,0.5,0.5,1,X78 X87,0.0137111111111,0.0105419189996,0.0137111111111,0.0105419189996
0.5,0.5,0.5,0.5,0.5,0.5,0.5,0.5,0.5,0.5,0.5,0.5,0.5,0.5,0.5,0.5,0.5,0.5,1,X79 X88,0.0140444444444,0.0096687406944,0.0140444444444,0.0096687406944
0.5,0.5,0.5,0.5,0.5,0.5,0.5,0.5,0.5,0.5,0.5,0.5,0.5,0.5,0.5,0.5,0.5,0.5,1,X8 X11,0.0163111111111,0.0109035947299,0.0163111111111,0.0109035947299
0.5,0.5,0.5,0.5,0.5,0.5,0.5,0.5,0.5,0.5,0.5,0.5,0.5,0.5,0.5,0.5,0.5,0.5,1,X80 X89,0.0123777777778,0.0110320790805,0.0123777777778,0.0110320790805
0.5,0.5,0.5,0.5,0.5,0.5,0.5,0.5,0.5,0.5,0.5,0.5,0.5,0.5,0.5,0.5,0.5,0.5,1,X81 Z90 Y91 Y100 Z101 X111,0.0137555555556,0.0107574916721,0.0137555555556,0.0107574916721
0.5,0.5,0.5,0.5,0.5,0.5,0.5,0.5,0.5,0.5,0.5,0.5,0.5,0.5,0.5,0.5,0.5,0.5,1,X82 Z91 Y92 Y101 Z102 X112,0.0122222222222,0.010987046826,0.0122222222222,0.010987046826
0.5,0.5,0.5,0.5,0.5,0.5,0.5,0.5,0.5,0.5,0.5,0.5,0.5,0.5,0.5,0.5,0.5,0.5,1,X83 Z92 Y93 Y102 Z103 X113,0.0117111111111,0.00882296434722,0.0117111111111,0.00882296434722
0.5,0.5,0.5,0.5,0.5,0.5,0.5,0.5,0.5,0.5,0.5,0.5,0.5,0.5,0.5,0.5,0.5,0.5,1,X84 Z93 Y94 Y103 Z104 X114,0.0124222222222,0.0111107049734,0.0124222222222,0.0111107049734
0.5,0.5,0.5,0.5,0.5,0.5,0.5,0.5,0.5,0.5,0.5,0.5,0.5,0.5,0.5,0.5,0.5,0.5,1,X85 Z94 Y95 Y104 Z105 X115,0.0133111111111,0.00786959488329,0.0133111111111,0.00786959488329
0.5,0.5,0.5,0.5,0.5,0.5,0.5,0.5,0.5,0.5,0.5,0.5,0.5,0.5,0.5,0.5,0.5,0.5,1,X86 Z95 Y96 Y105 Z106 X116,0.0156888888889,0.00948599828557,0.0156888888889,0.00948599828557
0.5,0.5,0.5,0.5,0.5,0.5,0.5,0.5,0.5,0.5,0.5,0.5,0.5,0.5,0.5,0.5,0.5,0.5,1,X87 Z96 Y97 Y106 Z107 X117,0.0131777777778,0.0113389888976,0.0131777777778,0.0113389888976
0.5,0.5,0.5,0.5,0.5,0.5,0.5,0.5,0.5,0.5,0.5,0.5,0.5,0.5,0.5,0.5,0.5,0.5,1,X88 Z97 Y98 Y107 Z108 X118,0.0132888888889,0.00869744020708,0.0132888888889,0.00869744020708
0.5,0.5,0.5,0.5,0.5,0.5,0.5,0.5,0.5,0.5,0.5,0.5,0.5,0.5,0.5,0.5,0.5,0.5,1,X89 Z98 Y99 Y108 Z109 X119,0.0126,0.0112339796533,0.0126,0.0112339796533
0.5,0.5,0.5,0.5,0.5,0.5,0.5,0.5,0.5,0.5,0.5,0.5,0.5,0.5,0.5,0.5,0.5,0.5,1,X9 Z12 Y13 Y16 Z17 X21,0.0148,0.00847154353164,0.0148,0.00847154353164
0.5,0.5,0.5,0.5,0.5,0.5,0.5,0.5,0.5,0.5,0.5,0.5,0.5,0.5,0.5,0.5,0.5,0.5,1,X90 X100,0.0129555555556,0.0103437964578,0.0129555555556,0.0103437964578
0.5,0.5,0.5,0.5,0.5,0.5,0.5,0.5,0.5,0.5,0.5,0.5,0.5,0.5,0.5,0.5,0.5,0.5,1,X91 X101,0.014,0.0143166168225,0.014,0.0143166168225
0.5,0.5,0.5,0.5,0.5,0.5,0.5,0.5,0.5,0.5,0.5,0.5,0.5,0.5,0.5,0.5,0.5,0.5,1,X92 X102,0.0147333333333,0.012628921378,0.0147333333333,0.012628921378
0.5,0.5,0.5,0.5,0.5,0.5,0.5,0.5,0.5,0.5,0.5,0.5,0.5,0.5,0.5,0.5,0.5,0.5,1,X93 X103,0.0146888888889,0.00987815940374,0.0146888888889,0.00987815940374
0.5,0.5,0.5,0.5,0.5,0.5,0.5,0.5,0.5,0.5,0.5,0.5,0.5,0.5,0.5,0.5,0.5,0.5,1,X94 X104,0.0139555555556,0.0112742657272,0.0139555555556,0.0112742657272
0.5,0.5,0.5,0.5,0.5,0.5,0.5,0.5,0.5,0.5,0.5,0.5,0.5,0.5,0.5,0.5,0.5,0.5,1,X95 X105,0.0125333333333,0.00938311845163,0.0125333333333,0.00938311845163
0.5,0.5,0.5,0.5,0.5,0.5,0.5,0.5,0.5,0.5,0.5,0.5,0.5,0.5,0.5,0.5,0.5,0.5,1,X96 X106,0.0184444444444,0.0110399252223,0.0184444444444,0.0110399252223
0.5,0.5,0.5,0.5,0.5,0.5,0.5,0.5,0.5,0.5,0.5,0.5,0.5,0.5,0.5,0.5,0.5,0.5,1,X97 X107,0.0146222222222,0.0101602988663,0.0146222222222,0.0101602988663
0.5,0.5,0.5,0.5,0.5,0.5,0.5,0.5,0.5,0.5,0.5,0.5,0.5,0.5,0.5,0.5,0.5,0.5,1,X98 X108,0.0145111111111,0.0107862312308,0.0145111111111,0.0107862312308
0.5,0.5,0.5,0.5,0.5,0.5,0.5,0.5,0.5,0.5,0.5,0.5,0.5,0.5,0.5,0.5,0.5,0.5,1,X99 X109,0.013,0.0098661540718,0.013,0.0098661540718
0.5,0.5,0.5,0.5,0.5,0.5,0.5,0.5,0.5,0.5,0.5,0.5,0.5,0.5,0.5,0.5,0.5,0.5,1,Y0 Z1 X2,0.0138888888889,0.00918116234569,0.0138888888889,0.00918116234569
0.5,0.5,0.5,0.5,0.5,0.5,0.5,0.5,0.5,0.5,0.5,0.5,0.5,0.5,0.5,0.5,0.5,0.5,1,Y20 Z25 X30,0.0130444444444,0.0105564468267,0.0130444444444,0.0105564468267
0.5,0.5,0.5,0.5,0.5,0.5,0.5,0.5,0.5,0.5,0.5,0.5,0.5,0.5,0.5,0.5,0.5,0.5,1,Y42 Z49 X56,0.0107333333333,0.00865755489183,0.0107333333333,0.00865755489183
0.5,0.5,0.5,0.5,0.5,0.5,0.5,0.5,0.5,0.5,0.5,0.5,0.5,0.5,0.5,0.5,0.5,0.5,1,Y6 Z9 X12,0.0167111111111,0.0134829915088,0.0167111111111,0.0134829915088
0.5,0.5,0.5,0.5,0.5,0.5,0.5,0.5,0.5,0.5,0.5,0.5,0.5,0.5,0.5,0.5,0.5,0.5,1,Y72 Z81 X90,0.0120222222222,0.0101716808187,0.0120222222222,0.0101716808187
0.5,0.5,0.5,0.5,0.5,0.5,0.5,0.5,0.5,0.5,0.5,0.5,0.5,0.5,0.5,0.5,0.5,0.5,1,Z15 Y19 X24,0.0157333333333,0.0108498636042,0.0157333333333,0.0108498636042
0.5,0.5,0.5,0.5,0.5,0.5,0.5,0.5,0.5,0.5,0.5,0.5,0.5,0.5,0.5,0.5,0.5,0.5,1,Z3 Y5 X8,0.0153111111111,0.0104642918945,0.0153111111111,0.0104642918945
0.5,0.5,0.5,0.5,0.5,0.5,0.5,0.5,0.5,0.5,0.5,0.5,0.5,0.5,0.5,0.5,0.5,0.5,1,Z35 Y41 X48,0.0108888888889,0.00791396909072,0.0108888888889,0.00791396909072
0.5,0.5,0.5,0.5,0.5,0.5,0.5,0.5,0.5,0.5,0.5,0.5,0.5,0.5,0.5,0.5,0.5,0.5,1,Z63 Y71 X80,0.0143333333333,0.0099435186538,0.0143333333333,0.0099435186538
0.5,0.5,0.5,0.5,0.5,0.5,0.5,0.5,0.5,0.5,0.5,0.5,0.5,0.5,0.5,0.5,0.5,0.5,1,Z99 Y109 X120,0.0142666666667,0.00753962711356,0.0142666666667,0.00753962711356
0.5,0.5,0.5,0.5,0.5,0.5,0.5,0.5,0.5,0.5,0.5,0.5,0.5,0.5,0.5,0.5,0.5,0.5,5,Logical X,0.0168444444444,0.0111622425044,0.00242222222222,0.0185335841655
0.5,0.5,0.5,0.5,0.5,0.5,0.5,0.5,0.5,0.5,0.5,0.5,0.5,0.5,0.5,0.5,0.5,0.5,5,Logical Y,0.0145333333333,0.0111505201501,-0.00295555555556,0.0157885290659
0.5,0.5,0.5,0.5,0.5,0.5,0.5,0.5,0.5,0.5,0.5,0.5,0.5,0.5,0.5,0.5,0.5,0.5,5,Logical Z,0.0143111111111,0.0102036479591,-0.00215555555556,0.015064289644
0.5,0.5,0.5,0.5,0.5,0.5,0.5,0.5,0.5,0.5,0.5,0.5,0.5,0.5,0.5,0.5,0.5,0.5,5,X0 X1,0.0142222222222,0.0117969193113,0.0142222222222,0.0117969193113
0.5,0.5,0.5,0.5,0.5,0.5,0.5,0.5,0.5,0.5,0.5,0.5,0.5,0.5,0.5,0.5,0.5,0.5,5,X1 Z2 Y3 Y4 Z5 X7,0.0144888888889,0.00877462963091,0.0144888888889,0.00877462963091
0.5,0.5,0.5,0.5,0.5,0.5,0.5,0.5,0.5,0.5,0.5,0.5,0.5,0.5,0.5,0.5,0.5,0.5,5,X10 Z13 Y14 Y17 Z18 X22,0.0138222222222,0.0104312135974,0.0138222222222,0.0104312135974
0.5,0.5,0.5,0.5,0.5,0.5,0.5,0.5,0.5,0.5,0.5,0.5,0.5,0.5,0.5,0.5,0.5,0.5,5,X100 Z110 Y111 Y121 Z122 X132,0.0126222222222,0.0102698208818,0.0126222222222,0.0102698208818
0.5,0.5,0.5,0.5,0.5,0.5,0.5,0.5,0.5,0.5,0.5,0.5,0.5,0.5,0.5,0.5,0.5,0.5,5,X101 Z111 Y112 Y122 Z123 X133,0.0145111111111,0.0109203782699,0.0145111111111,0.0109203782699
0.5,0.5,0.5,0.5,0.5,0.5,0.5,0.5,0.5,0.5,0.5,0.5,0.5,0.5,0.5,0.5,0.5,0.5,5,X102 Z112 Y113 Y123 Z124 X134,0.0126666666667,0.00976348659538,0.0126666666667,0.00976348659538
0.5,0.5,0.5,0.5,0.5,0.5,0.5,0.5,0.5,0.5,0.5,0.5,0.5,0.5,0.5,0.5,0.5,0.5,5,X103 Z113 Y114 Y124 Z125 X135,0.0150444444444,0.0106733934728,0.0150444444444,0.0106733934728
0.5,0.5,0.5,0.5,0.5,0.5,0.5,0.5,0.5,0.5,0.5,0.5,0.5,0.5,0.5,0.5,0.5,0.5,5,X104 Z114 Y115 Y125 Z126 X136,0.0139777777778,0.00910640940269,0.0139777777778,0.00910640940269
0.5,0.5,0.5,0.5,0.5,0.5,0.5,0.5,0.5,0.5,0.5,0.5,0.5,0.5,0.5,0.5,0.5,0.5,5,X105 Z115 Y116 Y126 Z127 X137,0.0152888888889,0.00939215182821,0.0152888888889,0.00939215182821
0.5,0.5,0.5,0.5,0.5,0.5,0.5,0.5,0.5,0.5,0.5,0.5,0.5,0.5,0.5,0.5,0.5,0.5,5,X106 Z116 Y117 Y127 Z128 X138,0.0150888888889,0.0106010674419,0.0150888888889,0.0106010674419
0.5,0.5,0.5,0.5,0.5,0.5,0.5,0.5,0.5,0.5,0.5,0.5,0.5,0.5,0.5,0.5,0.5,0.5,5,X107 Z117 Y118 Y128 Z129 X139,0.0126666666667,0.0110186188647,0.0126666666667,0.0110186188647
0.5,0.5,0.5,0.5,0.5,0.5,0.5,0.5,0.5,0.5,0.5,0.5,0.5,0.5,0.5,0.5,0.5,0.5,5,X108 Z118 Y119 Y129 Z130 X140,0.0172222222222,0.0141346381238,0.0172222222222,0.0141346381238
0.5,0.5,0.5,0.5,0.5,0.5,0.5,0.5,0.5,0.5,0.5,0.5,0.5,0.5,0.5,0.5,0.5,0.5,5,X109 Z119 Y120 Y130 Z131 X141,0.0143777777778,0.0107606254477,0.0143777777778,0.0107606254477
0.5,0.5,0.5,0.5,0.5,0.5,0.5,0.5,0.5,0.5,0.5,0.5,0.5,0.5,0.5,0.5,0.5,0.5,5,X11 Z14 Y15 Y18 Z19 X23,0.0147555555556,0.0131046285682,0.0147555555556,0.0131046285682
0.5,0.5,0.5,0.5,0.5,0.5,0.5,0.5,0.5,0.5,0.5,0.5,0.5,0.5,0.5,0.5,0.5,0.5,5,X110 X121,0.014,0.0101950329729,0.014,0.0101950329729
0.5,0.5,0.5,0.5,0.5,0.5,0.5,0.5,0.5,0.5,0.5,0.5,0.5,0.5,0.5,0.5,0.5,0.5,5,X111 X122,0.0128444444444,0.0109179220418,0.0128444444444,0.0109179220418
0.5,0.5,0.5,0.5,0.5,0.5,0.5,0.5,0.5,0.5,0.5,0.5,0.5,0.5,0.5,0.5,0.5,0.5,5,X112 X123,0.0172888888889,0.0125027915146,0.0172888888889,0.0125027915146
0.5,0.5,0.5,0.5,0.5,0.5,0.5,0.5,0.5,0.5,0.5,0.5,0.5,0.5,0.5,0.5,0.5,0.5,5,X113 X124,0.0140222222222,0.0117358974906,0.0140222222222,0.0117358974906
0.5,0.5,0.5,0.5,0.5,0.5,0.5,0.5,0.5,0.5,0.5,0.5,0.5,0.5,0.5,0.5,0.5,0.5,5,X114 X125,0.0148444444444,0.0104047341617,0.0148444444444,0.0104047341617
0.5,0.5,0.5,0.5,0.5,0.5,0.5,0.5,0.5,0.5,0.5,0.5,0.5,0.5,0.5,0.5,0.5,0.5,5,X115 X126,0.0177333333333,0.00947446659403,0.0177333333333,0.00947446659403
0.5,0.5,0.5,0.5,0.5,0.5,0.5,0.5,0.5,0.5,0.5,0.5,0.5,0.5,0.5,0.5,0.5,0.5,5,X116 X127,0.0142888888889,0.0109903243177,0.0142888888889,0.0109903243177
0.5,0.5,0.5,0.5,0.5,0.5,0.5,0.5,0.5,0.5,0.5,0.5,0.5,0.5,0.5,0.5,0.5,0.5,5,X117 X128,0.0157111111111,0.0140373703024,0.0157111111111,0.0140373703024
0.5,0.5,0.5,0.5,0.5,0.5,0.5,0.5,0.5,0.5,0.5,0.5,0.5,0.5,0.5,0.5,0.5,0.5,5,X118 X129,0.0135111111111,0.0109627489538,0.0135111111111,0.0109627489538
0.5,0.5,0.5,0.5,0.5,0.5,0.5,0.5,0.5,0.5,0.5,0.5,0.5,0.5,0.5,0.5,0.5,0.5,5,X119 X130,0.0166,0.0164871713742,0.0166,0.0164871713742
0.5,0.5,0.5,0.5,0.5,0.5,0.5,0.5,0.5,0.5,0.5,0.5,0.5,0.5,0.5,0.5,0.5,0.5,5,X12 X16,0.0208,0.0157707717433,0.0208,0.0157707717433
0.5,0.5,0.5,0.5,0.5,0.5,0.5,0.5,0.5,0.5,0.5,0.5,0.5,0.5,0.5,0.5,0.5,0.5,5,X120 X131,0.0117777777778,0.00700373919471,0.0117777777778,0.00700373919471
0.5,0.5,0.5,0.5,0.5,0.5,0.5,0.5,0.5,0.5,0.5,0.5,0.5,0.5,0.5,0.5,0.5,0.5,5,X121 Y132 Z142,0.0142444444444,0.0106256154506,0.0142444444444,0.0106256154506
0.5,0.5,0.5,0.5,0.5,0.5,0.5,0.5,0.5,0.5,0.5,0.5,0.5,0.5,0.5,0.5,0.5,0.5,5,X122 Z132 Y133 Y142 Z143 X152,0.0148,0.0118927519058,0.0148,0.0118927519058
0.5,0.5,0.5,0.5,0.5,0.5,0.5,0.5,0.5,0.5,0.5,0.5,0.5,0.5,0.5,0.5,0.5,0.5,5,X123 Z133 Y134 Y143 Z144 X153,0.0118888888889,0.00860380978312,0.0118888888889,0.00860380978312
0.5,0.5,0.5,0.5,0.5,0.5,0.5,0.5,0.5,0.5,0.5,0.5,0.5,0.5,0.5,0.5,0.5,0.5,5,X124 Z134 Y135 Y144 Z145 X154,0.0154666666667,0.0129347315277,0.0154666666667,0.0129347315277
0.5,0.5,0.5,0.5,0.5,0.5,0.5,0.5,0.5,0.5,0.5,0.5,0.5,0.5,0.5,0.5,0.5,0.5,5,X125 Z135 Y136 Y145 Z146 X155,0.0165111111111,0.0107663208846,0.0165111111111,0.0107663208846
0.5,0.5,0.5,0.5,0.5,0.5,0.5,0.5,0.5,0.5,0.5,0.5,0.5,0.5,0.5,0.5,0.5,0.5,5,X126 Z136 Y137 Y146 Z147 X156,0.0168222222222,0.0112997247901,0.0168222222222,0.0112997247901
0.5,0.5,0.5,0.5,0.5,0.5,0.5,0.5,0.5,0.5,0.5,0.5,0.5,0.5,0.5,0.5,0.5,0.5,5,X127 Z137 Y138 Y147 Z148 X157,0.0173777777778,0.00996689283307,0.0173777777778,0.00996689283307
0.5,0.5,0.5,0.5,0.5,0.5,0.5,0.5,0.5,0.5,0.5,0.5,0.5,0.5,0.5,0.5,0.5,0.5,5,X128 Z138 Y139 Y148 Z149 X158,0.015,0.0108246207228,0.015,0.0108246207228
0.5,0.5,0.5,0.5,0.5,0.5,0.5,0.5,0.5,0.5,0.5,0.5,0.5,0.5,0.5,0.5,0.5,0.5,5,X129 Z139 Y140 Y149 Z150 X159,0.0116444444444,0.00660136601058,0.0116444444444,0.00660136601058
0.5,0.5,0.5,0.5,0.5,0.5,0.5,0.5,0.5,0.5,0.5,0.5,0.5,0.5,0.5,0.5,0.5,0.5,5,X13 X17,0.0144,0.00625780738412,0.0144,0.00625780738412
0.5,0.5,0.5,0.5,0.5,0.5,0.5,0.5,0.5,0.5,0.5,0.5,0.5,0.5,0.5,0.5,0.5,0.5,5,X130 Z140 Y141 Y150 Z151 X160,0.0171333333333,0.0170939706159,0.0171333333333,0.0170939706159
0.5,0.5,0.5,0.5,0.5,0.5,0.5,0.5,0.5,0.5,0.5,0.5,0.5,0.5,0.5,0.5,0.5,0.5,5,X132 X142,0.0130888888889,0.00974696468455,0.0130888888889,0.00974696468455
0.5,0.5,0.5,0.5,0.5,0.5,0.5,0.5,0.5,0.5,0.5,0.5,0.5,0.5,0.5,0.5,0.5,0.5,5,X133 X143,0.0143555555556,0.00910683013154,0.0143555555556,0.00910683013154
0.5,0.5,0.5,0.5,0.5,0.5,0.5,0.5,0.5,0.5,0.5,0.5,0.5,0.5,0.5,0.5,0.5,0.5,5,X134 X144,0.0149777777778,0.0133077148521,0.0149777777778,0.0133077148521
0.5,0.5,0.5,0.5,0.5,0.5,0.5,0.5,0.5,0.5,0.5,0.5,0.5,0.5,0.5,0.5,0.5,0.5,5,X135 X145,0.0168222222222,0.0148098376058,0.0168222222222,0.0148098376058
0.5,0.5,0.5,0.5,0.5,0.5,0.5,0.5,0.5,0.5,0.5,0.5,0.5,0.5,0.5,0.5,0.5,0.5,5,X136 X146,0.0129555555556,0.00989861762605,0.0129555555556,0.00989861762605
0.5,0.5,0.5,0.5,0.5,0.5,0.5,0.5,0.5,0.5,0.5,0.5,0.5,0.5,0.5,0.5,0.5,0.5,5,X137 X147,0.0158888888889,0.0121056439557,0.0158888888889,0.0121056439557
0.5,0.5,0.5,0.5,0.5,0.5,0.5,0.5,0.5,0.5,0.5,0.5,0.5,0.5,0.5,0.5,0.5,0.5,5,X138 X148,0.0131333333333,0.0100483886739,0.0131333333333,0.0100483886739
0.5,0.5,0.5,0.5,0.5,0.5,0.5,0.5,0.5,0.5,0.5,0.5,0.5,0.5,0.5,0.5,0.5,0.5,5,X139 X149,0.0128,0.00883982628425,0.0128,0.00883982628425
0.5,0.5,0.5,0.5,0.5,0.5,0.5,0.5,0.5,0.5,0.5,0.5,0.5,0.5,0.5,0.5,0.5,0.5,5,X14 X18,0.0117555555556,0.00996927591776,0.0117555555556,0.00996927591776
0.5,0.5,0.5,0.5,0.5,0.5,0.5,0.5,0.5,0.5,0.5,0.5,0.5,0.5,0.5,0.5,0.5,0.5,5,X140 X150,0.0136666666667,0.011472105099,0.0136666666667,0.011472105099
0.5,0.5,0.5,0.5,0.5,0.5,0.5,0.5,0.5,0.5,0.5,0.5,0.5,0.5,0.5,0.5,0.5,0.5,5,X141 X151,0.0151111111111,0.0108777016579,0.0151111111111,0.0108777016579
0.5,0.5,0.5,0.5,0.5,0.5,0.5,0.5,0.5,0.5,0.5,0.5,0.5,0.5,0.5,0.5,0.5,0.5,5,X143 Z152 Y153 Y161 Z162 X170,0.0146444444444,0.0096442202068,0.0146444444444,0.0096442202068
0.5,0.5,0.5,0.5,0.5,0.5,0.5,0.5,0.5,0.5,0.5,0.5,0.5,0.5,0.5,0.5,0.5,0.5,5,X144 Z153 Y154 Y162 Z163 X171,0.0118222222222,0.0105262792229,0.0118222222222,0.0105262792229
0.5,0.5,0.5,0.5,0.5,0.5,0.5,0.5,0.5,0.5,0.5,0.5,0.5,0.5,0.5,0.5,0.5,0.5,5,X145 Z154 Y155 Y163 Z164 X172,0.0127333333333,0.0110787498084,0.0127333333333,0.0110787498084
0.5,0.5,0.5,0.5,0.5,0.5,0.5,0.5,0.5,0.5,0.5,0.5,0.5,0.5,0.5,0.5,0.5,0.5,5,X146 Z155 Y156 Y164 Z165 X173,0.0120444444444,0.00808562099793,0.0120444444444,0.00808562099793
0.5,0.5,0.5,0.5,0.5,0.5,0.5,0.5,0.5,0.5,0.5,0.5,0.5,0.5,0.5,0.5,0.5,0.5,5,X147 Z156 Y157 Y165 Z166 X174,0.0142888888889,0.0108471559326,0.0142888888889,0.0108471559326
0.5,0.5,0.5,0.5,0.5,0.5,0.5,0.5,0.5,0.5,0.5,0.5,0.5,0.5,0.5,0.5,0.5,0.5,5,X148 Z157 Y158 Y166 Z167 X175,0.0148666666667,0.0114190806241,0.0148666666667,0.0114190806241
0.5,0.5,0.5,0.5,0.5,0.5,0.5,0.5,0.5,0.5,0.5,0.5,0.5,0.5,0.5,0.5,0.5,0.5,5,X149 Z158 Y159 Y167 Z168 X176,0.0133777777778,0.00869567793877,0.0133777777778,0.00869567793877
0.5,0.5,0.5,0.5,0.5,0.5,0.5,0.5,0.5,0.5,0.5,0.5,0.5,0.5,0.5,0.5,0.5,0.5,5,X15 X19,0.0174888888889,0.0124003254602,0.0174888888889,0.0124003254602
0.5,0.5,0.5,0.5,0.5,0.5,0.5,0.5,0.5,0.5,0.5,0.5,0.5,0.5,0.5,0.5,0.5,0.5,5,X150 Z159 Y160 Y168 Z169 X177,0.0165777777778,0.0111756897267,0.0165777777778,0.0111756897267
0.5,0.5,0.5,0.5,0.5,0.5,0.5,0.5,0.5,0.5,0.5,0.5,0.5,0.5,0.5,0.5,0.5,0.5,5,X151 Z160 Y169,0.0156666666667,0.0106835355119,0.0156666666667,0.0106835355119
0.5,0.5,0.5,0.5,0.5,0.5,0.5,0.5,0.5,0.5,0.5,0.5,0.5,0.5,0.5,0.5,0.5,0.5,5,X152 X161,0.0119333333333,0.00688014523593,0.0119333333333,0.00688014523593
0.5,0.5,0.5,0.5,0.5,0.5,0.5,0.5,0.5,0.5,0.5,0.5,0.5,0.5,0.5,0.5,0.5,0.5,5,X153 X162,0.018,0.0139369131407,0.018,0.0139369131407
0.5,0.5,0.5,0.5,0.5,0.5,0.5,0.5,0.5,0.5,0.5,0.5,0.5,0.5,0.5,0.5,0.5,0.5,5,X154 X163,0.0125111111111,0.0101538861946,0.0125111111111,0.0101538861946
0.5,0.5,0.5,0.5,0.5,0.5,0.5,0.5,0.5,0.5,0.5,0.5,0.5,0.5,0.5,0.5,0.5,0.5,5,X155 X164,0.0184,0.0129243006733,0.0184,0.0129243006733
0.5,0.5,0.5,0.5,0.5,0.5,0.5,0.5,0.5,0.5,0.5,0.5,0.5,0.5,0.5,0.5,0.5,0.5,5,X156 X165,0.0180222222222,0.0134585879185,0.0180222222222,0.0134585879185
0.5,0.5,0.5,0.5,0.5,0.5,0.5,0.5,0.5,0.5,0.5,0.5,0.5,0.5,0.5,0.5,0.5,0.5,5,X157 X166,0.0127777777778,0.0127505790818,0.0127777777778,0.0127505790818
0.5,0.5,0.5,0.5,0.5,0.5,0.5,0.5,0.5,0.5,0.5,0.5,0.5,0.5,0.5,0.5,0.5,0.5,5,X158 X167,0.0106666666667,0.00848889290084,0.0106666666667,0.00848889290084
0.5,0.5,0.5,0.5,0.5,0.5,0.5,0.5,0.5,0.5,0.5,0.5,0.5,0.5,0.5,0.5,0.5,0.5,5,X159 X168,0.0122666666667,0.0103747409145,0.0122666666667,0.0103747409145
0.5,0.5,0.5,0.5,0.5,0.5,0.5,0.5,0.5,0.5,0.5,0.5,0.5,0.5,0.5,0.5,0.5,0.5,5,X16 Z20 Y21 Y25 Z26 X31,0.00968888888889,0.00839400138547,0.00968888888889,0.00839400138547
0.5,0.5,0.5,0.5,0.5,0.5,0.5,0.5,0.5,0.5,0.5,0.5,0.5,0.5,0.5,0.5,0.5,0.5,5,X160 X169,0.0126888888889,0.00878955028003,0.0126888888889,0.00878955028003
0.5,0.5,0.5,0.5,0.5,0.5,0.5,0.5,0.5,0.5,0.5,0.5,0.5,0.5,0.5,0.5,0.5,0.5,5,X161 Y170 Z178,0.0133111111111,0.0102227802613,0.0133111111111,0.0102227802613
0.5,0.5,0.5,0.5,0.5,0.5,0.5,0.5,0.5,0.5,0.5,0.5,0.5,0.5,0.5,0.5,0.5,0.5,5,X162 Z170 Y171 Y178 Z179 X186,0.0147777777778,0.0119026489641,0.0147777777778,0.0119026489641
0.5,0.5,0.5,0.5,0.5,0.5,0.5,0.5,0.5,0.5,0.5,0.5,0.5,0.5,0.5,0.5,0.5,0.5,5,X163 Z171 Y172 Y179 Z180 X187,0.0127111111111,0.0102951587526,0.0127111111111,0.0102951587526
0.5,0.5,0.5,0.5,0.5,0.5,0.5,0.5,0.5,0.5,0.5,0.5,0.5,0.5,0.5,0.5,0.5,0.5,5,X164 Z172 Y173 Y180 Z181 X188,0.0159555555556,0.0121079858177,0.0159555555556,0.0121079858177
0.5,0.5,0.5,0.5,0.5,0.5,0.5,0.5,0.5,0.5,0.5,0.5,0.5,0.5,0.5,0.5,0.5,0.5,5,X165 Z173 Y174 Y181 Z182 X189,0.0138444444444,0.00992490320878,0.0138444444444,0.00992490320878
0.5,0.5,0.5,0.5,0.5,0.5,0.5,0.5,0.5,0.5,0.5,0.5,0.5,0.5,0.5,0.5,0.5,0.5,5,X166 Z174 Y175 Y182 Z183 X190,0.0154888888889,0.0127944951445,0.0154888888889,0.0127944951445
0.5,0.5,0.5,0.5,0.5,0.5,0.5,0.5,0.5,0.5,0.5,0.5,0.5,0.5,0.5,0.5,0.5,0.5,5,X167 Z175 Y176 Y183 Z184 X191,0.0170444444444,0.0123284343589,0.0170444444444,0.0123284343589
0.5,0.5,0.5,0.5,0.5,0.5,0.5,0.5,0.5,0.5,0.5,0.5,0.5,0.5,0.5,0.5,0.5,0.5,5,X168 Z176 Y177 Y184 Z185 X192,0.0162444444444,0.0115277221528,0.0162444444444,0.0115277221528
0.5,0.5,0.5,0.5,0.5,0.5,0.5,0.5,0.5,0.5,0.5,0.5,0.5,0.5,0.5,0.5,0.5,0.5,5,X17 Z21 Y22 Y26 Z27 X32,0.0136,0.00796467295786,0.0136,0.00796467295786
0.5,0.5,0.5,0.5,0.5,0.5,0.5,0.5,0.5,0.5,0.5,0.5,0.5,0.5,0.5,0.5,0.5,0.5,5,X170 X178,0.0144666666667,0.0105324166632,0.0144666666667,0.0105324166632
0.5,0.5,0.5,0.5,0.5,0.5,0.5,0.5,0.5,0.5,0.5,0.5,0.5,0.5,0.5,0.5,0.5,0.5,5,X171 X179,0.0166888888889,0.0106630501532,0.0166888888889,0.0106630501532
0.5,0.5,0.5,0.5,0.5,0.5,0.5,0.5,0.5,0.5,0.5,0.5,0.5,0.5,0.5,0.5,0.5,0.5,5,X172 X180,0.0186,0.0136775678419,0.0186,0.0136775678419
0.5,0.5,0.5,0.5,0.5,0.5,0.5,0.5,0.5,0.5,0.5,0.5,0.5,0.5,0.5,0.5,0.5,0.5,5,X173 X181,0.0132222222222,0.0118406835949,0.0132222222222,0.0118406835949
0.5,0.5,0.5,0.5,0.5,0.5,0.5,0.5,0.5,0.5,0.5,0.5,0.5,0.5,0.5,0.5,0.5,0.5,5,X174 X182,0.0160666666667,0.0119518189834,0.0160666666667,0.0119518189834
0.5,0.5,0.5,0.5,0.5,0.5,0.5,0.5,0.5,0.5,0.5,0.5,0.5,0.5,0.5,0.5,0.5,0.5,5,X175 X183,0.0138,0.00892394428542,0.0138,0.00892394428542
0.5,0.5,0.5,0.5,0.5,0.5,0.5,0.5,0.5,0.5,0.5,0.5,0.5,0.5,0.5,0.5,0.5,0.5,5,X176 X184,0.0164888888889,0.0110282581422,0.0164888888889,0.0110282581422
0.5,0.5,0.5,0.5,0.5,0.5,0.5,0.5,0.5,0.5,0.5,0.5,0.5,0.5,0.5,0.5,0.5,0.5,5,X177 X185,0.0139333333333,0.0112802679243,0.0139333333333,0.0112802679243
0.5,0.5,0.5,0.5,0.5,0.5,0.5,0.5,0.5,0.5,0.5,0.5,0.5,0.5,0.5,0.5,0.5,0.5,5,X179 Z186 Y187 Y193 Z194 X200,0.0121777777778,0.00936273420675,0.0121777777778,0.00936273420675
0.5,0.5,0.5,0.5,0.5,0.5,0.5,0.5,0.5,0.5,0.5,0.5,0.5,0.5,0.5,0.5,0.5,0.5,5,X18 Z22 Y23 Y27 Z28 X33,0.0136,0.00931624050595,0.0136,0.00931624050595
0.5,0.5,0.5,0.5,0.5,0.5,0.5,0.5,0.5,0.5,0.5,0.5,0.5,0.5,0.5,0.5,0.5,0.5,5,X180 Z187 Y188 Y194 Z195 X201,0.0149777777778,0.00862453656185,0.0149777777778,0.00862453656185
0.5,0.5,0.5,0.5,0.5,0.5,0.5,0.5,0.5,0.5,0.5,0.5,0.5,0.5,0.5,0.5,0.5,0.5,5,X181 Z188 Y189 Y195 Z196 X202,0.0181111111111,0.0115802491828,0.0181111111111,0.0115802491828
0.5,0.5,0.5,0.5,0.5,0.5,0.5,0.5,0.5,0.5,0.5,0.5,0.5,0.5,0.5,0.5,0.5,0.5,5,X182 Z189 Y190 Y196 Z197 X203,0.0126,0.0123900219402,0.0126,0.0123900219402
0.5,0.5,0.5,0.5,0.5,0.5,0.5,0.5,0.5,0.5,0.5,0.5,0.5,0.5,0.5,0.5,0.5,0.5,5,X183 Z190 Y191 Y197 Z198 X204,0.0132444444444,0.0109204484397,0.0132444444444,0.0109204484397
0.5,0.5,0.5,0.5,0.5,0.5,0.5,0.5,0.5,0.5,0.5,0.5,0.5,0.5,0.5,0.5,0.5,0.5,5,X184 Z191 Y192 Y198 Z199 X205,0.0174222222222,0.0122499302784,0.0174222222222,0.0122499302784
0.5,0.5,0.5,0.5,0.5,0.5,0.5,0.5,0.5,0.5,0.5,0.5,0.5,0.5,0.5,0.5,0.5,0.5,5,X185 Z192 Y199,0.0124,0.0095469800244,0.0124,0.0095469800244
0.5,0.5,0.5,0.5,0.5,0.5,0.5,0.5,0.5,0.5,0.5,0.5,0.5,0.5,0.5,0.5,0.5,0.5,5,X186 X193,0.0138888888889,0.00850527595257,0.0138888888889,0.00850527595257
0.5,0.5,0.5,0.5,0.5,0.5,0.5,0.5,0.5,0.5,0.5,0.5,0.5,0.5,0.5,0.5,0.5,0.5,5,X187 X194,0.0152444444444,0.012898345058,0.0152444444444,0.012898345058
0.5,0.5,0.5,0.5,0.5,0.5,0.5,0.5,0.5,0.5,0.5,0.5,0.5,0.5,0.5,0.5,0.5,0.5,5,X188 X195,0.0118444444444,0.00938684713341,0.0118444444444,0.00938684713341
0.5,0.5,0.5,0.5,0.5,0.5,0.5,0.5,0.5,0.5,0.5,0.5,0.5,0.5,0.5,0.5,0.5,0.5,5,X189 X196,0.0134888888889,0.0123520309755,0.0134888888889,0.0123520309755
0.5,0.5,0.5,0.5,0.5,0.5,0.5,0.5,0.5,0.5,0.5,0.5,0.5,0.5,0.5,0.5,0.5,0.5,5,X19 Z23 Y24 Y28 Z29 X34,0.0159333333333,0.0105297971658,0.0159333333333,0.0105297971658
0.5,0.5,0.5,0.5,0.5,0.5,0.5,0.5,0.5,0.5,0.5,0.5,0.5,0.5,0.5,0.5,0.5,0.5,5,X190 X197,0.0168222222222,0.0113484460878,0.0168222222222,0.0113484460878
0.5,0.5,0.5,0.5,0.5,0.5,0.5,0.5,0.5,0.5,0.5,0.5,0.5,0.5,0.5,0.5,0.5,0.5,5,X191 X198,0.0139333333333,0.011947971501,0.0139333333333,0.011947971501
0.5,0.5,0.5,0.5,0.5,0.5,0.5,0.5,0.5,0.5,0.5,0.5,0.5,0.5,0.5,0.5,0.5,0.5,5,X192 X199,0.0109111111111,0.00913161882277,0.0109111111111,0.00913161882277
0.5,0.5,0.5,0.5,0.5,0.5,0.5,0.5,0.5,0.5,0.5,0.5,0.5,0.5,0.5,0.5,0.5,0.5,5,X193 Y200 Z206,0.0151555555556,0.0100541573084,0.0151555555556,0.0100541573084
0.5,0.5,0.5,0.5,0.5,0.5,0.5,0.5,0.5,0.5,0.5,0.5,0.5,0.5,0.5,0.5,0.5,0.5,5,X194 Z200 Y201 Y206 Z207 X212,0.0126,0.00761798637929,0.0126,0.00761798637929
0.5,0.5,0.5,0.5,0.5,0.5,0.5,0.5,0.5,0.5,0.5,0.5,0.5,0.5,0.5,0.5,0.5,0.5,5,X195 Z201 Y202 Y207 Z208 X213,0.0140222222222,0.0132993628555,0.0140222222222,0.0132993628555
0.5,0.5,0.5,0.5,0.5,0.5,0.5,0.5,0.5,0.5,0.5,0.5,0.5,0.5,0.5,0.5,0.5,0.5,5,X196 Z202 Y203 Y208 Z209 X214,0.0161555555556,0.00991717938724,0.0161555555556,0.00991717938724
0.5,0.5,0.5,0.5,0.5,0.5,0.5,0.5,0.5,0.5,0.5,0.5,0.5,0.5,0.5,0.5,0.5,0.5,5,X197 Z203 Y204 Y209 Z210 X215,0.0133111111111,0.00880870926278,0.0133111111111,0.00880870926278
0.5,0.5,0.5,0.5,0.5,0.5,0.5,0.5,0.5,0.5,0.5,0.5,0.5,0.5,0.5,0.5,0.5,0.5,5,X198 Z204 Y205 Y210 Z211 X216,0.0149555555556,0.0113673368641,0.0149555555556,0.0113673368641
0.5,0.5,0.5,0.5,0.5,0.5,0.5,0.5,0.5,0.5,0.5,0.5,0.5,0.5,0.5,0.5,0.5,0.5,5,X2 X4,0.0123777777778,0.0106186899977,0.0123777777778,0.0106186899977
0.5,0.5,0.5,0.5,0.5,0.5,0.5,0.5,0.5,0.5,0.5,0.5,0.5,0.5,0.5,0.5,0.5,0.5,5,X20 X25,0.0144444444444,0.0122156025264,0.0144444444444,0.0122156025264
0.5,0.5,0.5,0.5,0.5,0.5,0.5,0.5,0.5,0.5,0.5,0.5,0.5,0.5,0.5,0.5,0.5,0.5,5,X200 X206,0.0156222222222,0.0113119247876,0.0156222222222,0.0113119247876
0.5,0.5,0.5,0.5,0.5,0.5,0.5,0.5,0.5,0.5,0.5,0.5,0.5,0.5,0.5,0.5,0.5,0.5,5,X201 X207,0.0126888888889,0.0114020678817,0.0126888888889,0.0114020678817
0.5,0.5,0.5,0.5,0.5,0.5,0.5,0.5,0.5,0.5,0.5,0.5,0.5,0.5,0.5,0.5,0.5,0.5,5,X202 X208,0.0153333333333,0.0131562959303,0.0153333333333,0.0131562959303
0.5,0.5,0.5,0.5,0.5,0.5,0.5,0.5,0.5,0.5,0.5,0.5,0.5,0.5,0.5,0.5,0.5,0.5,5,X203 X209,0.0148888888889,0.0110218637935,0.0148888888889,0.0110218637935
0.5,0.5,0.5,0.5,0.5,0.5,0.5,0.5,0.5,0.5,0.5,0.5,0.5,0.5,0.5,0.5,0.5,0.5,5,X204 X210,0.0153333333333,0.00933661682801,0.0153333333333,0.00933661682801
0.5,0.5,0.5,0.5,0.5,0.5,0.5,0.5,0.5,0.5,0.5,0.5,0.5,0.5,0.5,0.5,0.5,0.5,5,X205 X211,0.0127777777778,0.0103813616265,0.0127777777778,0.0103813616265
0.5,0.5,0.5,0.5,0.5,0.5,0.5,0.5,0.5,0.5,0.5,0.5,0.5,0.5,0.5,0.5,0.5,0.5,5,X207 Z212 Y213 Y217 Z218 X222,0.0110444444444,0.00803189682074,0.0110444444444,0.00803189682074
0.5,0.5,0.5,0.5,0.5,0.5,0.5,0.5,0.5,0.5,0.5,0.5,0.5,0.5,0.5,0.5,0.5,0.5,5,X208 Z213 Y214 Y218 Z219 X223,0.0109777777778,0.010852876566,0.0109777777778,0.010852876566
0.5,0.5,0.5,0.5,0.5,0.5,0.5,0.5,0.5,0.5,0.5,0.5,0.5,0.5,0.5,0.5,0.5,0.5,5,X209 Z214 Y215 Y219 Z220 X224,0.0142444444444,0.0135742412511,0.0142444444444,0.0135742412511
0.5,0.5,0.5,0.5,0.5,0.5,0.5,0.5,0.5,0.5,0.5,0.5,0.5,0.5,0.5,0.5,0.5,0.5,5,X21 X26,0.0154888888889,0.0134314588502,0.0154888888889,0.0134314588502
0.5,0.5,0.5,0.5,0.5,0.5,0.5,0.5,0.5,0.5,0.5,0.5,0.5,0.5,0.5,0.5,0.5,0.5,5,X210 Z215 Y216 Y220 Z221 X225,0.0168,0.00907592495524,0.0168,0.00907592495524
0.5,0.5,0.5,0.5,0.5,0.5,0.5,0.5,0.5,0.5,0.5,0.5,0.5,0.5,0.5,0.5,0.5,0.5,5,X211 Z216 Y221,0.0123777777778,0.0100430999677,0.0123777777778,0.0100430999677
0.5,0.5,0.5,0.5,0.5,0.5,0.5,0.5,0.5,0.5,0.5,0.5,0.5,0.5,0.5,0.5,0.5,0.5,5,X212 X217,0.015,0.0104690750579,0.015,0.0104690750579
0.5,0.5,0.5,0.5,0.5,0.5,0.5,0.5,0.5,0.5,0.5,0.5,0.5,0.5,0.5,0.5,0.5,0.5,5,X213 X218,0.0132444444444,0.0098847509531,0.0132444444444,0.0098847509531
0.5,0.5,0.5,0.5,0.5,0.5,0.5,0.5,0.5,0.5,0.5,0.5,0.5,0.5,0.5,0.5,0.5,0.5,5,X214 X219,0.0117555555556,0.0106501068774,0.0117555555556,0.0106501068774
0.5,0.5,0.5,0.5,0.5,0.5,0.5,0.5,0.5,0.5,0.5,0.5,0.5,0.5,0.5,0.5,0.5,0.5,5,X215 X220,0.0134444444444,0.010350313573,0.0134444444444,0.010350313573
0.5,0.5,0.5,0.5,0.5,0.5,0.5,0.5,0.5,0.5,0.5,0.5,0.5,0.5,0.5,0.5,0.5,0.5,5,X216 X221,0.0115111111111,0.00731331297126,0.0115111111111,0.00731331297126
0.5,0.5,0.5,0.5,0.5,0.5,0.5,0.5,0.5,0.5,0.5,0.5,0.5,0.5,0.5,0.5,0.5,0.5,5,X217 Y222 Z226,0.0154222222222,0.01015245222,0.0154222222222,0.01015245222
0.5,0.5,0.5,0.5,0.5,0.5,0.5,0.5,0.5,0.5,0.5,0.5,0.5,0.5,0.5,0.5,0.5,0.5,5,X218 Z222 Y223 Y226 Z227 X230,0.0151333333333,0.0114391945702,0.0151333333333,0.0114391945702
0.5,0.5,0.5,0.5,0.5,0.5,0.5,0.5,0.5,0.5,0.5,0.5,0.5,0.5,0.5,0.5,0.5,0.5,5,X219 Z223 Y224 Y227 Z228 X231,0.0156444444444,0.0119240679799,0.0156444444444,0.0119240679799
0.5,0.5,0.5,0.5,0.5,0.5,0.5,0.5,0.5,0.5,0.5,0.5,0.5,0.5,0.5,0.5,0.5,0.5,5,X22 X27,0.0158222222222,0.0132618004514,0.0158222222222,0.0132618004514
0.5,0.5,0.5,0.5,0.5,0.5,0.5,0.5,0.5,0.5,0.5,0.5,0.5,0.5,0.5,0.5,0.5,0.5,5,X220 Z224 Y225 Y228 Z229 X232,0.0131777777778,0.00907809174225,0.0131777777778,0.00907809174225
0.5,0.5,0.5,0.5,0.5,0.5,0.5,0.5,0.5,0.5,0.5,0.5,0.5,0.5,0.5,0.5,0.5,0.5,5,X222 X226,0.0160222222222,0.0102452431101,0.0160222222222,0.0102452431101
0.5,0.5,0.5,0.5,0.5,0.5,0.5,0.5,0.5,0.5,0.5,0.5,0.5,0.5,0.5,0.5,0.5,0.5,5,X223 X227,0.0142,0.00880464871988,0.0142,0.00880464871988
0.5,0.5,0.5,0.5,0.5,0.5,0.5,0.5,0.5,0.5,0.5,0.5,0.5,0.5,0.5,0.5,0.5,0.5,5,X224 X228,0.0148,0.0102958534227,0.0148,0.0102958534227
0.5,0.5,0.5,0.5,0.5,0.5,0.5,0.5,0.5,0.5,0.5,0.5,0.5,0.5,0.5,0.5,0.5,0.5,5,X225 X229,0.0142444444444,0.009712311314,0.0142444444444,0.009712311314
0.5,0.5,0.5,0.5,0.5,0.5,0.5,0.5,0.5,0.5,0.5,0.5,0.5,0.5,0.5,0.5,0.5,0.5,5,X227 Z230 Y231 Y233 Z234 X236,0.0114888888889,0.0107648973078,0.0114888888889,0.0107648973078
0.5,0.5,0.5,0.5,0.5,0.5,0.5,0.5,0.5,0.5,0.5,0.5,0.5,0.5,0.5,0.5,0.5,0.5,5,X228 Z231 Y232 Y234 Z235 X237,0.0185111111111,0.0114947042057,0.0185111111111,0.0114947042057
0.5,0.5,0.5,0.5,0.5,0.5,0.5,0.5,0.5,0.5,0.5,0.5,0.5,0.5,0.5,0.5,0.5,0.5,5,X229 Z232 Y235,0.0137333333333,0.0116626922623,0.0137333333333,0.0116626922623
0.5,0.5,0.5,0.5,0.5,0.5,0.5,0.5,0.5,0.5,0.5,0.5,0.5,0.5,0.5,0.5,0.5,0.5,5,X23 X28,0.0138888888889,0.0125836156118,0.0138888888889,0.0125836156118
0.5,0.5,0.5,0.5,0.5,0.5,0.5,0.5,0.5,0.5,0.5,0.5,0.5,0.5,0.5,0.5,0.5,0.5,5,X230 X233,0.0184,0.0106732738158,0.0184,0.0106732738158
0.5,0.5,0.5,0.5,0.5,0.5,0.5,0.5,0.5,0.5,0.5,0.5,0.5,0.5,0.5,0.5,0.5,0.5,5,X231 X234,0.0121111111111,0.0107469440843,0.0121111111111,0.0107469440843
0.5,0.5,0.5,0.5,0.5,0.5,0.5,0.5,0.5,0.5,0.5,0.5,0.5,0.5,0.5,0.5,0.5,0.5,5,X232 X235,0.0160666666667,0.0107159064638,0.0160666666667,0.0107159064638
0.5,0.5,0.5,0.5,0.5,0.5,0.5,0.5,0.5,0.5,0.5,0.5,0.5,0.5,0.5,0.5,0.5,0.5,5,X233 Y236 Z238,0.0154,0.00947891388447,0.0154,0.00947891388447
0.5,0.5,0.5,0.5,0.5,0.5,0.5,0.5,0.5,0.5,0.5,0.5,0.5,0.5,0.5,0.5,0.5,0.5,5,X234 Z236 Y237 Y238 Z239 X240,0.0157111111111,0.0117986729994,0.0157111111111,0.0117986729994
0.5,0.5,0.5,0.5,0.5,0.5,0.5,0.5,0.5,0.5,0.5,0.5,0.5,0.5,0.5,0.5,0.5,0.5,5,X236 X238,0.0122666666667,0.0106660919385,0.0122666666667,0.0106660919385
0.5,0.5,0.5,0.5,0.5,0.5,0.5,0.5,0.5,0.5,0.5,0.5,0.5,0.5,0.5,0.5,0.5,0.5,5,X237 X239,0.0146,0.0106513539513,0.0146,0.0106513539513
0.5,0.5,0.5,0.5,0.5,0.5,0.5,0.5,0.5,0.5,0.5,0.5,0.5,0.5,0.5,0.5,0.5,0.5,5,X239 Z240 Y241,0.0151777777778,0.012517186142,0.0151777777778,0.012517186142
0.5,0.5,0.5,0.5,0.5,0.5,0.5,0.5,0.5,0.5,0.5,0.5,0.5,0.5,0.5,0.5,0.5,0.5,5,X24 X29,0.0165111111111,0.0130858448672,0.0165111111111,0.0130858448672
0.5,0.5,0.5,0.5,0.5,0.5,0.5,0.5,0.5,0.5,0.5,0.5,0.5,0.5,0.5,0.5,0.5,0.5,5,X240 X241,0.0146444444444,0.0094239986036,0.0146444444444,0.0094239986036
0.5,0.5,0.5,0.5,0.5,0.5,0.5,0.5,0.5,0.5,0.5,0.5,0.5,0.5,0.5,0.5,0.5,0.5,5,X25 Z30 Y31 Y36 Z37 X43,0.0137333333333,0.0114652231115,0.0137333333333,0.0114652231115
0.5,0.5,0.5,0.5,0.5,0.5,0.5,0.5,0.5,0.5,0.5,0.5,0.5,0.5,0.5,0.5,0.5,0.5,5,X26 Z31 Y32 Y37 Z38 X44,0.0127555555556,0.01107236155,0.0127555555556,0.01107236155
0.5,0.5,0.5,0.5,0.5,0.5,0.5,0.5,0.5,0.5,0.5,0.5,0.5,0.5,0.5,0.5,0.5,0.5,5,X27 Z32 Y33 Y38 Z39 X45,0.0142444444444,0.00890560688398,0.0142444444444,0.00890560688398
0.5,0.5,0.5,0.5,0.5,0.5,0.5,0.5,0.5,0.5,0.5,0.5,0.5,0.5,0.5,0.5,0.5,0.5,5,X28 Z33 Y34 Y39 Z40 X46,0.0154444444444,0.0124119375653,0.0154444444444,0.0124119375653
0.5,0.5,0.5,0.5,0.5,0.5,0.5,0.5,0.5,0.5,0.5,0.5,0.5,0.5,0.5,0.5,0.5,0.5,5,X29 Z34 Y35 Y40 Z41 X47,0.0128888888889,0.00888984669169,0.0128888888889,0.00888984669169
0.5,0.5,0.5,0.5,0.5,0.5,0.5,0.5,0.5,0.5,0.5,0.5,0.5,0.5,0.5,0.5,0.5,0.5,5,X3 X5,0.0113777777778,0.0100587292043,0.0113777777778,0.0100587292043
0.5,0.5,0.5,0.5,0.5,0.5,0.5,0.5,0.5,0.5,0.5,0.5,0.5,0.5,0.5,0.5,0.5,0.5,5,X30 X36,0.0147111111111,0.0106363554,0.0147111111111,0.0106363554
0.5,0.5,0.5,0.5,0.5,0.5,0.5,0.5,0.5,0.5,0.5,0.5,0.5,0.5,0.5,0.5,0.5,0.5,5,X31 X37,0.0130888888889,0.00894167278158,0.0130888888889,0.00894167278158
0.5,0.5,0.5,0.5,0.5,0.5,0.5,0.5,0.5,0.5,0.5,0.5,0.5,0.5,0.5,0.5,0.5,0.5,5,X32 X38,0.0170222222222,0.0122786714538,0.0170222222222,0.0122786714538
0.5,0.5,0.5,0.5,0.5,0.5,0.5,0.5,0.5,0.5,0.5,0.5,0.5,0.5,0.5,0.5,0.5,0.5,5,X33 X39,0.0122222222222,0.010671454864,0.0122222222222,0.010671454864
0.5,0.5,0.5,0.5,0.5,0.5,0.5,0.5,0.5,0.5,0.5,0.5,0.5,0.5,0.5,0.5,0.5,0.5,5,X34 X40,0.0149777777778,0.011141353479,0.0149777777778,0.011141353479
0.5,0.5,0.5,0.5,0.5,0.5,0.5,0.5,0.5,0.5,0.5,0.5,0.5,0.5,0.5,0.5,0.5,0.5,5,X35 X41,0.0171777777778,0.0119714645821,0.0171777777778,0.0119714645821
0.5,0.5,0.5,0.5,0.5,0.5,0.5,0.5,0.5,0.5,0.5,0.5,0.5,0.5,0.5,0.5,0.5,0.5,5,X36 Z42 Y43 Y49 Z50 X57,0.0173777777778,0.0116104502186,0.0173777777778,0.0116104502186
0.5,0.5,0.5,0.5,0.5,0.5,0.5,0.5,0.5,0.5,0.5,0.5,0.5,0.5,0.5,0.5,0.5,0.5,5,X37 Z43 Y44 Y50 Z51 X58,0.0150666666667,0.0112165723041,0.0150666666667,0.0112165723041
0.5,0.5,0.5,0.5,0.5,0.5,0.5,0.5,0.5,0.5,0.5,0.5,0.5,0.5,0.5,0.5,0.5,0.5,5,X38 Z44 Y45 Y51 Z52 X59,0.0155777777778,0.010929917231,0.0155777777778,0.010929917231
0.5,0.5,0.5,0.5,0.5,0.5,0.5,0.5,0.5,0.5,0.5,0.5,0.5,0.5,0.5,0.5,0.5,0.5,5,X39 Z45 Y46 Y52 Z53 X60,0.0142444444444,0.0104496359479,0.0142444444444,0.0104496359479
0.5,0.5,0.5,0.5,0.5,0.5,0.5,0.5,0.5,0.5,0.5,0.5,0.5,0.5,0.5,0.5,0.5,0.5,5,X4 Z6 Y7 Y9 Z10 X13,0.0121777777778,0.0138596504501,0.0121777777778,0.0138596504501
0.5,0.5,0.5,0.5,0.5,0.5,0.5,0.5,0.5,0.5,0.5,0.5,0.5,0.5,0.5,0.5,0.5,0.5,5,X40 Z46 Y47 Y53 Z54 X61,0.0144444444444,0.0102868190532,0.0144444444444,0.0102868190532
0.5,0.5,0.5,0.5,0.5,0.5,0.5,0.5,0.5,0.5,0.5,0.5,0.5,0.5,0.5,0.5,0.5,0.5,5,X41 Z47 Y48 Y54 Z55 X62,0.0163111111111,0.0118893149922,0.0163111111111,0.0118893149922
0.5,0.5,0.5,0.5,0.5,0.5,0.5,0.5,0.5,0.5,0.5,0.5,0.5,0.5,0.5,0.5,0.5,0.5,5,X42 X49,0.0159777777778,0.0108708663112,0.0159777777778,0.0108708663112
0.5,0.5,0.5,0.5,0.5,0.5,0.5,0.5,0.5,0.5,0.5,0.5,0.5,0.5,0.5,0.5,0.5,0.5,5,X43 X50,0.013,0.0110986520185,0.013,0.0110986520185
0.5,0.5,0.5,0.5,0.5,0.5,0.5,0.5,0.5,0.5,0.5,0.5,0.5,0.5,0.5,0.5,0.5,0.5,5,X44 X51,0.0126,0.0106657327177,0.0126,0.0106657327177
0.5,0.5,0.5,0.5,0.5,0.5,0.5,0.5,0.5,0.5,0.5,0.5,0.5,0.5,0.5,0.5,0.5,0.5,5,X45 X52,0.0136888888889,0.00972216858223,0.0136888888889,0.00972216858223
0.5,0.5,0.5,0.5,0.5,0.5,0.5,0.5,0.5,0.5,0.5,0.5,0.5,0.5,0.5,0.5,0.5,0.5,5,X46 X53,0.0136222222222,0.0118168440508,0.0136222222222,0.0118168440508
0.5,0.5,0.5,0.5,0.5,0.5,0.5,0.5,0.5,0.5,0.5,0.5,0.5,0.5,0.5,0.5,0.5,0.5,5,X47 X54,0.0171555555556,0.0126792838955,0.0171555555556,0.0126792838955
0.5,0.5,0.5,0.5,0.5,0.5,0.5,0.5,0.5,0.5,0.5,0.5,0.5,0.5,0.5,0.5,0.5,0.5,5,X48 X55,0.0152444444444,0.0152212125962,0.0152444444444,0.0152212125962
0.5,0.5,0.5,0.5,0.5,0.5,0.5,0.5,0.5,0.5,0.5,0.5,0.5,0.5,0.5,0.5,0.5,0.5,5,X49 Z56 Y57 Y64 Z65 X73,0.0129555555556,0.0093819478299,0.0129555555556,0.0093819478299
0.5,0.5,0.5,0.5,0.5,0.5,0.5,0.5,0.5,0.5,0.5,0.5,0.5,0.5,0.5,0.5,0.5,0.5,5,X5 Z7 Y8 Y10 Z11 X14,0.0132666666667,0.0105704714133,0.0132666666667,0.0105704714133
0.5,0.5,0.5,0.5,0.5,0.5,0.5,0.5,0.5,0.5,0.5,0.5,0.5,0.5,0.5,0.5,0.5,0.5,5,X50 Z57 Y58 Y65 Z66 X74,0.0109333333333,0.00678650904227,0.0109333333333,0.00678650904227
0.5,0.5,0.5,0.5,0.5,0.5,0.5,0.5,0.5,0.5,0.5,0.5,0.5,0.5,0.5,0.5,0.5,0.5,5,X51 Z58 Y59 Y66 Z67 X75,0.0169777777778,0.0119214971588,0.0169777777778,0.0119214971588
0.5,0.5,0.5,0.5,0.5,0.5,0.5,0.5,0.5,0.5,0.5,0.5,0.5,0.5,0.5,0.5,0.5,0.5,5,X52 Z59 Y60 Y67 Z68 X76,0.0139777777778,0.00980027888153,0.0139777777778,0.00980027888153
0.5,0.5,0.5,0.5,0.5,0.5,0.5,0.5,0.5,0.5,0.5,0.5,0.5,0.5,0.5,0.5,0.5,0.5,5,X53 Z60 Y61 Y68 Z69 X77,0.0143333333333,0.0127573883634,0.0143333333333,0.0127573883634
0.5,0.5,0.5,0.5,0.5,0.5,0.5,0.5,0.5,0.5,0.5,0.5,0.5,0.5,0.5,0.5,0.5,0.5,5,X54 Z61 Y62 Y69 Z70 X78,0.0134222222222,0.0109624693548,0.0134222222222,0.0109624693548
0.5,0.5,0.5,0.5,0.5,0.5,0.5,0.5,0.5,0.5,0.5,0.5,0.5,0.5,0.5,0.5,0.5,0.5,5,X55 Z62 Y63 Y70 Z71 X79,0.0136888888889,0.0101795879198,0.0136888888889,0.0101795879198
0.5,0.5,0.5,0.5,0.5,0.5,0.5,0.5,0.5,0.5,0.5,0.5,0.5,0.5,0.5,0.5,0.5,0.5,5,X56 X64,0.0142444444444,0.0122270767092,0.0142444444444,0.0122270767092
0.5,0.5,0.5,0.5,0.5,0.5,0.5,0.5,0.5,0.5,0.5,0.5,0.5,0.5,0.5,0.5,0.5,0.5,5,X57 X65,0.0181555555556,0.0133742857677,0.0181555555556,0.0133742857677
0.5,0.5,0.5,0.5,0.5,0.5,0.5,0.5,0.5,0.5,0.5,0.5,0.5,0.5,0.5,0.5,0.5,0.5,5,X58 X66,0.0150444444444,0.0110971790048,0.0150444444444,0.0110971790048
0.5,0.5,0.5,0.5,0.5,0.5,0.5,0.5,0.5,0.5,0.5,0.5,0.5,0.5,0.5,0.5,0.5,0.5,5,X59 X67,0.0133333333333,0.00963709308964,0.0133333333333,0.00963709308964
0.5,0.5,0.5,0.5,0.5,0.5,0.5,0.5,0.5,0.5,0.5,0.5,0.5,0.5,0.5,0.5,0.5,0.5,5,X6 X9,0.0180666666667,0.0116636777781,0.0180666666667,0.0116636777781
0.5,0.5,0.5,0.5,0.5,0.5,0.5,0.5,0.5,0.5,0.5,0.5,0.5,0.5,0.5,0.5,0.5,0.5,5,X60 X68,0.0139111111111,0.0130870745316,0.0139111111111,0.0130870745316
0.5,0.5,0.5,0.5,0.5,0.5,0.5,0.5,0.5,0.5,0.5,0.5,0.5,0.5,0.5,0.5,0.5,0.5,5,X61 X69,0.0163777777778,0.0111797344478,0.0163777777778,0.0111797344478
0.5,0.5,0.5,0.5,0.5,0.5,0.5,0.5,0.5,0.5,0.5,0.5,0.5,0.5,0.5,0.5,0.5,0.5,5,X62 X70,0.0148444444444,0.0123486184666,0.0148444444444,0.0123486184666
0.5,0.5,0.5,0.5,0.5,0.5,0.5,0.5,0.5,0.5,0.5,0.5,0.5,0.5,0.5,0.5,0.5,0.5,5,X63 X71,0.0145777777778,0.0104176880725,0.0145777777778,0.0104176880725
0.5,0.5,0.5,0.5,0.5,0.5,0.5,0.5,0.5,0.5,0.5,0.5,0.5,0.5,0.5,0.5,0.5,0.5,5,X64 Z72 Y73 Y81 Z82 X91,0.0130222222222,0.0107649684912,0.0130222222222,0.0107649684912
0.5,0.5,0.5,0.5,0.5,0.5,0.5,0.5,0.5,0.5,0.5,0.5,0.5,0.5,0.5,0.5,0.5,0.5,5,X65 Z73 Y74 Y82 Z83 X92,0.0124222222222,0.00918683604824,0.0124222222222,0.00918683604824
0.5,0.5,0.5,0.5,0.5,0.5,0.5,0.5,0.5,0.5,0.5,0.5,0.5,0.5,0.5,0.5,0.5,0.5,5,X66 Z74 Y75 Y83 Z84 X93,0.0154888888889,0.0117387700744,0.0154888888889,0.0117387700744
0.5,0.5,0.5,0.5,0.5,0.5,0.5,0.5,0.5,0.5,0.5,0.5,0.5,0.5,0.5,0.5,0.5,0.5,5,X67 Z75 Y76 Y84 Z85 X94,0.0146444444444,0.00997235002426,0.0146444444444,0.00997235002426
0.5,0.5,0.5,0.5,0.5,0.5,0.5,0.5,0.5,0.5,0.5,0.5,0.5,0.5,0.5,0.5,0.5,0.5,5,X68 Z76 Y77 Y85 Z86 X95,0.0113555555556,0.00918850411755,0.0113555555556,0.00918850411755
0.5,0.5,0.5,0.5,0.5,0.5,0.5,0.5,0.5,0.5,0.5,0.5,0.5,0.5,0.5,0.5,0.5,0.5,5,X69 Z77 Y78 Y86 Z87 X96,0.0169555555556,0.0133628217973,0.0169555555556,0.0133628217973
0.5,0.5,0.5,0.5,0.5,0.5,0.5,0.5,0.5,0.5,0.5,0.5,0.5,0.5,0.5,0.5,0.5,0.5,5,X7 X10,0.0146444444444,0.00937671908462,0.0146444444444,0.00937671908462
0.5,0.5,0.5,0.5,0.5,0.5,0.5,0.5,0.5,0.5,0.5,0.5,0.5,0.5,0.5,0.5,0.5,0.5,5,X70 Z78 Y79 Y87 Z88 X97,0.0162666666667,0.0102961511241,0.0162666666667,0.0102961511241
0.5,0.5,0.5,0.5,0.5,0.5,0.5,0.5,0.5,0.5,0.5,0.5,0.5,0.5,0.5,0.5,0.5,0.5,5,X71 Z79 Y80 Y88 Z89 X98,0.0150222222222,0.0136297323557,0.0150222222222,0.0136297323557
0.5,0.5,0.5,0.5,0.5,0.5,0.5,0.5,0.5,0.5,0.5,0.5,0.5,0.5,0.5,0.5,0.5,0.5,5,X72 X81,0.0138222222222,0.0104898174795,0.0138222222222,0.0104898174795
0.5,0.5,0.5,0.5,0.5,0.5,0.5,0.5,0.5,0.5,0.5,0.5,0.5,0.5,0.5,0.5,0.5,0.5,5,X73 X82,0.0158222222222,0.0122963824644,0.0158222222222,0.0122963824644
0.5,0.5,0.5,0.5,0.5,0.5,0.5,0.5,0.5,0.5,0.5,0.5,0.5,0.5,0.5,0.5,0.5,0.5,5,X74 X83,0.0166888888889,0.00927317778914,0.0166888888889,0.00927317778914
0.5,0.5,0.5,0.5,0.5,0.5,0.5,0.5,0.5,0.5,0.5,0.5,0.5,0.5,0.5,0.5,0.5,0.5,5,X75 X84,0.0119111111111,0.00949568699567,0.0119111111111,0.00949568699567
0.5,0.5,0.5,0.5,0.5,0.5,0.5,0.5,0.5,0.5,0.5,0.5,0.5,0.5,0.5,0.5,0.5,0.5,5,X76 X85,0.0181333333333,0.0128407875052,0.0181333333333,0.0128407875052
0.5,0.5,0.5,0.5,0.5,0.5,0.5,0.5,0.5,0.5,0.5,0.5,0.5,0.5,0.5,0.5,0.5,0.5,5,X77 X86,0.0131333333333,0.0121550014933,0.0131333333333,0.0121550014933
0.5,0.5,0.5,0.5,0.5,0.5,0.5,0.5,0.5,0.5,0.5,0.5,0.5,0.5,0.5,0.5,0.5,0.5,5,X78 X87,0.0140666666667,0.00869817438017,0.0140666666667,0.00869817438017
0.5,0.5,0.5,0.5,0.5,0.5,0.5,0.5,0.5,0.5,0.5,0.5,0.5,0.5,0.5,0.5,0.5,0.5,5,X79 X88,0.0130444444444,0.00844850678653,0.0130444444444,0.00844850678653
0.5,0.5,0.5,0.5,0.5,0.5,0.5,0.5,0.5,0.5,0.5,0.5,0.5,0.5,0.5,0.5,0.5,0.5,5,X8 X11,0.0146444444444,0.0111917913725,0.0146444444444,0.0111917913725
0.5,0.5,0.5,0.5,0.5,0.5,0.5,0.5,0.5,0.5,0.5,0.5,0.5,0.5,0.5,0.5,0.5,0.5,5,X80 X89,0.0199777777778,0.0147411726513,0.0199777777778,0.0147411726513
0.5,0.5,0.5,0.5,0.5,0.5,0.5,0.5,0.5,0.5,0.5,0.5,0.5,0.5,0.5,0.5,0.5,0.5,5,X81 Z90 Y91 Y100 Z101 X111,0.0183333333333,0.0120379349307,0.0183333333333,0.0120379349307
0.5,0.5,0.5,0.5,0.5,0.5,0.5,0.5,0.5,0.5,0.5,0.5,0.5,0.5,0.5,0.5,0.5,0.5,5,X82 Z91 Y92 Y101 Z102 X112,0.0167111111111,0.012101655418,0.0167111111111,0.012101655418
0.5,0.5,0.5,0.5,0.5,0.5,0.5,0.5,0.5,0.5,0.5,0.5,0.5,0.5,0.5,0.5,0.5,0.5,5,X83 Z92 Y93 Y102 Z103 X113,0.0138666666667,0.0106959368516,0.0138666666667,0.0106959368516
0.5,0.5,0.5,0.5,0.5,0.5,0.5,0.5,0.5,0.5,0.5,0.5,0.5,0.5,0.5,0.5,0.5,0.5,5,X84 Z93 Y94 Y103 Z104 X114,0.0158666666667,0.0100182209477,0.0158666666667,0.0100182209477
0.5,0.5,0.5,0.5,0.5,0.5,0.5,0.5,0.5,0.5,0.5,0.5,0.5,0.5,0.5,0.5,0.5,0.5,5,X85 Z94 Y95 Y104 Z105 X115,0.0154666666667,0.0105966090145,0.0154666666667,0.0105966090145
0.5,0.5,0.5,0.5,0.5,0.5,0.5,0.5,0.5,0.5,0.5,0.5,0.5,0.5,0.5,0.5,0.5,0.5,5,X86 Z95 Y96 Y105 Z106 X116,0.0149111111111,0.0123008062326,0.0149111111111,0.0123008062326
0.5,0.5,0.5,0.5,0.5,0.5,0.5,0.5,0.5,0.5,0.5,0.5,0.5,0.5,0.5,0.5,0.5,0.5,5,X87 Z96 Y97 Y106 Z107 X117,0.0170444444444,0.0108542180064,0.0170444444444,0.0108542180064
0.5,0.5,0.5,0.5,0.5,0.5,0.5,0.5,0.5,0.5,0.5,0.5,0.5,0.5,0.5,0.5,0.5,0.5,5,X88 Z97 Y98 Y107 Z108 X118,0.0110444444444,0.00899498938142,0.0110444444444,0.00899498938142
0.5,0.5,0.5,0.5,0.5,0.5,0.5,0.5,0.5,0.5,0.5,0.5,0.5,0.5,0.5,0.5,0.5,0.5,5,X89 Z98 Y99 Y108 Z109 X119,0.0119555555556,0.0101587903665,0.0119555555556,0.0101587903665
0.5,0.5,0.5,0.5,0.5,0.5,0.5,0.5,0.5,0.5,0.5,0.5,0.5,0.5,0.5,0.5,0.5,0.5,5,X9 Z12 Y13 Y16 Z17 X21,0.0142222222222,0.0117474488413,0.0142222222222,0.0117474488413
0.5,0.5,0.5,0.5,0.5,0.5,0.5,0.5,0.5,0.5,0.5,0.5,0.5,0.5,0.5,0.5,0.5,0.5,5,X90 X100,0.0118888888889,0.00964358454418,0.0118888888889,0.00964358454418
0.5,0.5,0.5,0.5,0.5,0.5,0.5,0.5,0.5,0.5,0.5,0.5,0.5,0.5,0.5,0.5,0.5,0.5,5,X91 X101,0.0145333333333,0.0114194161468,0.0145333333333,0.0114194161468
0.5,0.5,0.5,0.5,0.5,0.5,0.5,0.5,0.5,0.5,0.5,0.5,0.5,0.5,0.5,0.5,0.5,0.5,5,X92 X102,0.0167777777778,0.0121851405435,0.0167777777778,0.0121851405435
0.5,0.5,0.5,0.5,0.5,0.5,0.5,0.5,0.5,0.5,0.5,0.5,0.5,0.5,0.5,0.5,0.5,0.5,5,X93 X103,0.0121111111111,0.00832129398524,0.0121111111111,0.00832129398524
0.5,0.5,0.5,0.5,0.5,0.5,0.5,0.5,0.5,0.5,0.5,0.5,0.5,0.5,0.5,0.5,0.5,0.5,5,X94 X104,0.0166222222222,0.0120775696387,0.0166222222222,0.0120775696387
0.5,0.5,0.5,0.5,0.5,0.5,0.5,0.5,0.5,0.5,0.5,0.5,0.5,0.5,0.5,0.5,0.5,0.5,5,X95 X105,0.0128222222222,0.0115942690736,0.0128222222222,0.0115942690736
0.5,0.5,0.5,0.5,0.5,0.5,0.5,0.5,0.5,0.5,0.5,0.5,0.5,0.5,0.5,0.5,0.5,0.5,5,X96 X106,0.0141555555556,0.0116838078784,0.0141555555556,0.0116838078784
0.5,0.5,0.5,0.5,0.5,0.5,0.5,0.5,0.5,0.5,0.5,0.5,0.5,0.5,0.5,0.5,0.5,0.5,5,X97 X107,0.0152222222222,0.0114163065916,0.0152222222222,0.0114163065916
0.5,0.5,0.5,0.5,0.5,0.5,0.5,0.5,0.5,0.5,0.5,0.5,0.5,0.5,0.5,0.5,0.5,0.5,5,X98 X108,0.0104888888889,0.00972878705561,0.0104888888889,0.00972878705561
0.5,0.5,0.5,0.5,0.5,0.5,0.5,0.5,0.5,0.5,0.5,0.5,0.5,0.5,0.5,0.5,0.5,0.5,5,X99 X109,0.0105333333333,0.00833108015516,0.0105333333333,0.00833108015516
0.5,0.5,0.5,0.5,0.5,0.5,0.5,0.5,0.5,0.5,0.5,0.5,0.5,0.5,0.5,0.5,0.5,0.5,5,Y0 Z1 X2,0.0148888888889,0.00945622434164,0.0148888888889,0.00945622434164
0.5,0.5,0.5,0.5,0.5,0.5,0.5,0.5,0.5,0.5,0.5,0.5,0.5,0.5,0.5,0.5,0.5,0.5,5,Y20 Z25 X30,0.0156444444444,0.00881783864767,0.0156444444444,0.00881783864767
0.5,0.5,0.5,0.5,0.5,0.5,0.5,0.5,0.5,0.5,0.5,0.5,0.5,0.5,0.5,0.5,0.5,0.5,5,Y42 Z49 X56,0.0159555555556,0.0122251337528,0.0159555555556,0.0122251337528
0.5,0.5,0.5,0.5,0.5,0.5,0.5,0.5,0.5,0.5,0.5,0.5,0.5,0.5,0.5,0.5,0.5,0.5,5,Y6 Z9 X12,0.0124,0.0109146462112,0.0124,0.0109146462112
0.5,0.5,0.5,0.5,0.5,0.5,0.5,0.5,0.5,0.5,0.5,0.5,0.5,0.5,0.5,0.5,0.5,0.5,5,Y72 Z81 X90,0.0121555555556,0.00900860947649,0.0121555555556,0.00900860947649
0.5,0.5,0.5,0.5,0.5,0.5,0.5,0.5,0.5,0.5,0.5,0.5,0.5,0.5,0.5,0.5,0.5,0.5,5,Z15 Y19 X24,0.0145333333333,0.00772992394128,0.0145333333333,0.00772992394128
0.5,0.5,0.5,0.5,0.5,0.5,0.5,0.5,0.5,0.5,0.5,0.5,0.5,0.5,0.5,0.5,0.5,0.5,5,Z3 Y5 X8,0.0130444444444,0.0112030145551,0.0130444444444,0.0112030145551
0.5,0.5,0.5,0.5,0.5,0.5,0.5,0.5,0.5,0.5,0.5,0.5,0.5,0.5,0.5,0.5,0.5,0.5,5,Z35 Y41 X48,0.0128444444444,0.0116959348255,0.0128444444444,0.0116959348255
0.5,0.5,0.5,0.5,0.5,0.5,0.5,0.5,0.5,0.5,0.5,0.5,0.5,0.5,0.5,0.5,0.5,0.5,5,Z63 Y71 X80,0.0133111111111,0.0140535193049,0.0133111111111,0.0140535193049
0.5,0.5,0.5,0.5,0.5,0.5,0.5,0.5,0.5,0.5,0.5,0.5,0.5,0.5,0.5,0.5,0.5,0.5,5,Z99 Y109 X120,0.0163777777778,0.0112180524099,0.0163777777778,0.0112180524099
0.5,0.5,0.5,0.5,0.5,0.5,0.5,0.5,0.5,0.5,0.5,0.5,0.5,0.5,0.5,0.5,0.5,0.5,10,Logical X,0.0148222222222,0.0114492829113,-0.0044,0.0207658723857
0.5,0.5,0.5,0.5,0.5,0.5,0.5,0.5,0.5,0.5,0.5,0.5,0.5,0.5,0.5,0.5,0.5,0.5,10,Logical Y,0.0160222222222,0.0140087365552,0.00282222222222,0.0159074751298
0.5,0.5,0.5,0.5,0.5,0.5,0.5,0.5,0.5,0.5,0.5,0.5,0.5,0.5,0.5,0.5,0.5,0.5,10,Logical Z,0.0135333333333,0.0094153213361,0.00353333333333,0.0172190307264
0.5,0.5,0.5,0.5,0.5,0.5,0.5,0.5,0.5,0.5,0.5,0.5,0.5,0.5,0.5,0.5,0.5,0.5,10,X0 X1,0.0149555555556,0.0102813797147,0.0149555555556,0.0102813797147
0.5,0.5,0.5,0.5,0.5,0.5,0.5,0.5,0.5,0.5,0.5,0.5,0.5,0.5,0.5,0.5,0.5,0.5,10,X1 Z2 Y3 Y4 Z5 X7,0.0141333333333,0.00935203381081,0.0141333333333,0.00935203381081
0.5,0.5,0.5,0.5,0.5,0.5,0.5,0.5,0.5,0.5,0.5,0.5,0.5,0.5,0.5,0.5,0.5,0.5,10,X10 Z13 Y14 Y17 Z18 X22,0.0136222222222,0.00975827906022,0.0136222222222,0.00975827906022
0.5,0.5,0.5,0.5,0.5,0.5,0.5,0.5,0.5,0.5,0.5,0.5,0.5,0.5,0.5,0.5,0.5,0.5,10,X100 Z110 Y111 Y121 Z122 X132,0.0124,0.00809067387993,0.0124,0.00809067387993
0.5,0.5,0.5,0.5,0.5,0.5,0.5,0.5,0.5,0.5,0.5,0.5,0.5,0.5,0.5,0.5,0.5,0.5,10,X101 Z111 Y112 Y122 Z123 X133,0.0132666666667,0.0117513837124,0.0132666666667,0.0117513837124
0.5,0.5,0.5,0.5,0.5,0.5,0.5,0.5,0.5,0.5,0.5,0.5,0.5,0.5,0.5,0.5,0.5,0.5,10,X102 Z112 Y113 Y123 Z124 X134,0.0161333333333,0.0135096389599,0.0161333333333,0.0135096389599
0.5,0.5,0.5,0.5,0.5,0.5,0.5,0.5,0.5,0.5,0.5,0.5,0.5,0.5,0.5,0.5,0.5,0.5,10,X103 Z113 Y114 Y124 Z125 X135,0.0164,0.0113995361874,0.0164,0.0113995361874
0.5,0.5,0.5,0.5,0.5,0.5,0.5,0.5,0.5,0.5,0.5,0.5,0.5,0.5,0.5,0.5,0.5,0.5,10,X104 Z114 Y115 Y125 Z126 X136,0.0142222222222,0.00770795147651,0.0142222222222,0.00770795147651
0.5,0.5,0.5,0.5,0.5,0.5,0.5,0.5,0.5,0.5,0.5,0.5,0.5,0.5,0.5,0.5,0.5,0.5,10,X105 Z115 Y116 Y126 Z127 X137,0.0162666666667,0.0115225582515,0.0162666666667,0.0115225582515
0.5,0.5,0.5,0.5,0.5,0.5,0.5,0.5,0.5,0.5,0.5,0.5,0.5,0.5,0.5,0.5,0.5,0.5,10,X106 Z116 Y117 Y127 Z128 X138,0.0118222222222,0.00814604872524,0.0118222222222,0.00814604872524
0.5,0.5,0.5,0.5,0.5,0.5,0.5,0.5,0.5,0.5,0.5,0.5,0.5,0.5,0.5,0.5,0.5,0.5,10,X107 Z117 Y118 Y128 Z129 X139,0.0129111111111,0.00890388581637,0.0129111111111,0.00890388581637
0.5,0.5,0.5,0.5,0.5,0.5,0.5,0.5,0.5,0.5,0.5,0.5,0.5,0.5,0.5,0.5,0.5,0.5,10,X108 Z118 Y119 Y129 Z130 X140,0.0123111111111,0.0110140743584,0.0123111111111,0.0110140743584
0.5,0.5,0.5,0.5,0.5,0.5,0.5,0.5,0.5,0.5,0.5,0.5,0.5,0.5,0.5,0.5,0.5,0.5,10,X109 Z119 Y120 Y130 Z131 X141,0.0132444444444,0.0100599480256,0.0132444444444,0.0100599480256
0.5,0.5,0.5,0.5,0.5,0.5,0.5,0.5,0.5,0.5,0.5,0.5,0.5,0.5,0.5,0.5,0.5,0.5,10,X11 Z14 Y15 Y18 Z19 X23,0.0153555555556,0.0126230141136,0.0153555555556,0.0126230141136
0.5,0.5,0.5,0.5,0.5,0.5,0.5,0.5,0.5,0.5,0.5,0.5,0.5,0.5,0.5,0.5,0.5,0.5,10,X110 X121,0.0145555555556,0.0100452361265,0.0145555555556,0.0100452361265
0.5,0.5,0.5,0.5,0.5,0.5,0.5,0.5,0.5,0.5,0.5,0.5,0.5,0.5,0.5,0.5,0.5,0.5,10,X111 X122,0.0155333333333,0.00843664693431,0.0155333333333,0.00843664693431
0.5,0.5,0.5,0.5,0.5,0.5,0.5,0.5,0.5,0.5,0.5,0.5,0.5,0.5,0.5,0.5,0.5,0.5,10,X112 X123,0.0179555555556,0.0122201182445,0.0179555555556,0.0122201182445
0.5,0.5,0.5,0.5,0.5,0.5,0.5,0.5,0.5,0.5,0.5,0.5,0.5,0.5,0.5,0.5,0.5,0.5,10,X113 X124,0.0135333333333,0.0125544332052,0.0135333333333,0.0125544332052
0.5,0.5,0.5,0.5,0.5,0.5,0.5,0.5,0.5,0.5,0.5,0.5,0.5,0.5,0.5,0.5,0.5,0.5,10,X114 X125,0.0140666666667,0.0143842719556,0.0140666666667,0.0143842719556
0.5,0.5,0.5,0.5,0.5,0.5,0.5,0.5,0.5,0.5,0.5,0.5,0.5,0.5,0.5,0.5,0.5,0.5,10,X115 X126,0.0156,0.0124643245695,0.0156,0.0124643245695
0.5,0.5,0.5,0.5,0.5,0.5,0.5,0.5,0.5,0.5,0.5,0.5,0.5,0.5,0.5,0.5,0.5,0.5,10,X116 X127,0.0138888888889,0.0101348506628,0.0138888888889,0.0101348506628
0.5,0.5,0.5,0.5,0.5,0.5,0.5,0.5,0.5,0.5,0.5,0.5,0.5,0.5,0.5,0.5,0.5,0.5,10,X117 X128,0.0140666666667,0.0122030710286,0.0140666666667,0.0122030710286
0.5,0.5,0.5,0.5,0.5,0.5,0.5,0.5,0.5,0.5,0.5,0.5,0.5,0.5,0.5,0.5,0.5,0.5,10,X118 X129,0.0137555555556,0.00979558635983,0.0137555555556,0.00979558635983
0.5,0.5,0.5,0.5,0.5,0.5,0.5,0.5,0.5,0.5,0.5,0.5,0.5,0.5,0.5,0.5,0.5,0.5,10,X119 X130,0.0154666666667,0.0104010020148,0.0154666666667,0.0104010020148
0.5,0.5,0.5,0.5,0.5,0.5,0.5,0.5,0.5,0.5,0.5,0.5,0.5,0.5,0.5,0.5,0.5,0.5,10,X12 X16,0.0169555555556,0.0133490520373,0.0169555555556,0.0133490520373
0.5,0.5,0.5,0.5,0.5,0.5,0.5,0.5,0.5,0.5,0.5,0.5,0.5,0.5,0.5,0.5,0.5,0.5,10,X120 X131,0.0175777777778,0.012761872493,0.0175777777778,0.012761872493
0.5,0.5,0.5,0.5,0.5,0.5,0.5,0.5,0.5,0.5,0.5,0.5,0.5,0.5,0.5,0.5,0.5,0.5,10,X121 Y132 Z142,0.0168444444444,0.0118327208303,0.0168444444444,0.0118327208303
0.5,0.5,0.5,0.5,0.5,0.5,0.5,0.5,0.5,0.5,0.5,0.5,0.5,0.5,0.5,0.5,0.5,0.5,10,X122 Z132 Y133 Y142 Z143 X152,0.0170888888889,0.0111258675957,0.0170888888889,0.0111258675957
0.5,0.5,0.5,0.5,0.5,0.5,0.5,0.5,0.5,0.5,0.5,0.5,0.5,0.5,0.5,0.5,0.5,0.5,10,X123 Z133 Y134 Y143 Z144 X153,0.0160444444444,0.010957155619,0.0160444444444,0.010957155619
0.5,0.5,0.5,0.5,0.5,0.5,0.5,0.5,0.5,0.5,0.5,0.5,0.5,0.5,0.5,0.5,0.5,0.5,10,X124 Z134 Y135 Y144 Z145 X154,0.0155111111111,0.0107936881419,0.0155111111111,0.0107936881419
0.5,0.5,0.5,0.5,0.5,0.5,0.5,0.5,0.5,0.5,0.5,0.5,0.5,0.5,0.5,0.5,0.5,0.5,10,X125 Z135 Y136 Y145 Z146 X155,0.0130444444444,0.0111495350945,0.0130444444444,0.0111495350945
0.5,0.5,0.5,0.5,0.5,0.5,0.5,0.5,0.5,0.5,0.5,0.5,0.5,0.5,0.5,0.5,0.5,0.5,10,X126 Z136 Y137 Y146 Z147 X156,0.0124666666667,0.011465958278,0.0124666666667,0.011465958278
0.5,0.5,0.5,0.5,0.5,0.5,0.5,0.5,0.5,0.5,0.5,0.5,0.5,0.5,0.5,0.5,0.5,0.5,10,X127 Z137 Y138 Y147 Z148 X157,0.0146222222222,0.0102623566611,0.0146222222222,0.0102623566611
0.5,0.5,0.5,0.5,0.5,0.5,0.5,0.5,0.5,0.5,0.5,0.5,0.5,0.5,0.5,0.5,0.5,0.5,10,X128 Z138 Y139 Y148 Z149 X158,0.0174444444444,0.0118419778473,0.0174444444444,0.0118419778473
0.5,0.5,0.5,0.5,0.5,0.5,0.5,0.5,0.5,0.5,0.5,0.5,0.5,0.5,0.5,0.5,0.5,0.5,10,X129 Z139 Y140 Y149 Z150 X159,0.0164222222222,0.0112899553,0.0164222222222,0.0112899553
0.5,0.5,0.5,0.5,0.5,0.5,0.5,0.5,0.5,0.5,0.5,0.5,0.5,0.5,0.5,0.5,0.5,0.5,10,X13 X17,0.0155111111111,0.0122401679468,0.0155111111111,0.0122401679468
0.5,0.5,0.5,0.5,0.5,0.5,0.5,0.5,0.5,0.5,0.5,0.5,0.5,0.5,0.5,0.5,0.5,0.5,10,X130 Z140 Y141 Y150 Z151 X160,0.0122222222222,0.0101669336062,0.0122222222222,0.0101669336062
0.5,0.5,0.5,0.5,0.5,0.5,0.5,0.5,0.5,0.5,0.5,0.5,0.5,0.5,0.5,0.5,0.5,0.5,10,X132 X142,0.0144,0.00998021030345,0.0144,0.00998021030345
0.5,0.5,0.5,0.5,0.5,0.5,0.5,0.5,0.5,0.5,0.5,0.5,0.5,0.5,0.5,0.5,0.5,0.5,10,X133 X143,0.0125555555556,0.00806692947864,0.0125555555556,0.00806692947864
0.5,0.5,0.5,0.5,0.5,0.5,0.5,0.5,0.5,0.5,0.5,0.5,0.5,0.5,0.5,0.5,0.5,0.5,10,X134 X144,0.0186888888889,0.0128956713559,0.0186888888889,0.0128956713559
0.5,0.5,0.5,0.5,0.5,0.5,0.5,0.5,0.5,0.5,0.5,0.5,0.5,0.5,0.5,0.5,0.5,0.5,10,X135 X145,0.0144222222222,0.0122533702716,0.0144222222222,0.0122533702716
0.5,0.5,0.5,0.5,0.5,0.5,0.5,0.5,0.5,0.5,0.5,0.5,0.5,0.5,0.5,0.5,0.5,0.5,10,X136 X146,0.0175777777778,0.0143460070495,0.0175777777778,0.0143460070495
0.5,0.5,0.5,0.5,0.5,0.5,0.5,0.5,0.5,0.5,0.5,0.5,0.5,0.5,0.5,0.5,0.5,0.5,10,X137 X147,0.0147333333333,0.00921825608294,0.0147333333333,0.00921825608294
0.5,0.5,0.5,0.5,0.5,0.5,0.5,0.5,0.5,0.5,0.5,0.5,0.5,0.5,0.5,0.5,0.5,0.5,10,X138 X148,0.0124444444444,0.0104816326612,0.0124444444444,0.0104816326612
0.5,0.5,0.5,0.5,0.5,0.5,0.5,0.5,0.5,0.5,0.5,0.5,0.5,0.5,0.5,0.5,0.5,0.5,10,X139 X149,0.0130666666667,0.00889375345817,0.0130666666667,0.00889375345817
0.5,0.5,0.5,0.5,0.5,0.5,0.5,0.5,0.5,0.5,0.5,0.5,0.5,0.5,0.5,0.5,0.5,0.5,10,X14 X18,0.0132888888889,0.00955232949195,0.0132888888889,0.00955232949195
0.5,0.5,0.5,0.5,0.5,0.5,0.5,0.5,0.5,0.5,0.5,0.5,0.5,0.5,0.5,0.5,0.5,0.5,10,X140 X150,0.0171777777778,0.0147766859275,0.0171777777778,0.0147766859275
0.5,0.5,0.5,0.5,0.5,0.5,0.5,0.5,0.5,0.5,0.5,0.5,0.5,0.5,0.5,0.5,0.5,0.5,10,X141 X151,0.0147555555556,0.00938856128563,0.0147555555556,0.00938856128563
0.5,0.5,0.5,0.5,0.5,0.5,0.5,0.5,0.5,0.5,0.5,0.5,0.5,0.5,0.5,0.5,0.5,0.5,10,X143 Z152 Y153 Y161 Z162 X170,0.0115777777778,0.00894852599576,0.0115777777778,0.00894852599576
0.5,0.5,0.5,0.5,0.5,0.5,0.5,0.5,0.5,0.5,0.5,0.5,0.5,0.5,0.5,0.5,0.5,0.5,10,X144 Z153 Y154 Y162 Z163 X171,0.0162,0.011315266194,0.0162,0.011315266194
0.5,0.5,0.5,0.5,0.5,0.5,0.5,0.5,0.5,0.5,0.5,0.5,0.5,0.5,0.5,0.5,0.5,0.5,10,X145 Z154 Y155 Y163 Z164 X172,0.0161555555556,0.0112671268808,0.0161555555556,0.0112671268808
0.5,0.5,0.5,0.5,0.5,0.5,0.5,0.5,0.5,0.5,0.5,0.5,0.5,0.5,0.5,0.5,0.5,0.5,10,X146 Z155 Y156 Y164 Z165 X173,0.0134666666667,0.00953380755994,0.0134666666667,0.00953380755994
0.5,0.5,0.5,0.5,0.5,0.5,0.5,0.5,0.5,0.5,0.5,0.5,0.5,0.5,0.5,0.5,0.5,0.5,10,X147 Z156 Y157 Y165 Z166 X174,0.0122222222222,0.0107287465509,0.0122222222222,0.0107287465509
0.5,0.5,0.5,0.5,0.5,0.5,0.5,0.5,0.5,0.5,0.5,0.5,0.5,0.5,0.5,0.5,0.5,0.5,10,X148 Z157 Y158 Y166 Z167 X175,0.0168666666667,0.0124144891248,0.0168666666667,0.0124144891248
0.5,0.5,0.5,0.5,0.5,0.5,0.5,0.5,0.5,0.5,0.5,0.5,0.5,0.5,0.5,0.5,0.5,0.5,10,X149 Z158 Y159 Y167 Z168 X176,0.0147333333333,0.0103699388708,0.0147333333333,0.0103699388708
0.5,0.5,0.5,0.5,0.5,0.5,0.5,0.5,0.5,0.5,0.5,0.5,0.5,0.5,0.5,0.5,0.5,0.5,10,X15 X19,0.0165333333333,0.0104685626806,0.0165333333333,0.0104685626806
0.5,0.5,0.5,0.5,0.5,0.5,0.5,0.5,0.5,0.5,0.5,0.5,0.5,0.5,0.5,0.5,0.5,0.5,10,X150 Z159 Y160 Y168 Z169 X177,0.0118444444444,0.0095583440643,0.0118444444444,0.0095583440643
0.5,0.5,0.5,0.5,0.5,0.5,0.5,0.5,0.5,0.5,0.5,0.5,0.5,0.5,0.5,0.5,0.5,0.5,10,X151 Z160 Y169,0.0170444444444,0.0108287729865,0.0170444444444,0.0108287729865
0.5,0.5,0.5,0.5,0.5,0.5,0.5,0.5,0.5,0.5,0.5,0.5,0.5,0.5,0.5,0.5,0.5,0.5,10,X152 X161,0.0126666666667,0.0110325189823,0.0126666666667,0.0110325189823
0.5,0.5,0.5,0.5,0.5,0.5,0.5,0.5,0.5,0.5,0.5,0.5,0.5,0.5,0.5,0.5,0.5,0.5,10,X153 X162,0.0166444444444,0.010953728291,0.0166444444444,0.010953728291
0.5,0.5,0.5,0.5,0.5,0.5,0.5,0.5,0.5,0.5,0.5,0.5,0.5,0.5,0.5,0.5,0.5,0.5,10,X154 X163,0.0145333333333,0.010151949023,0.0145333333333,0.010151949023
0.5,0.5,0.5,0.5,0.5,0.5,0.5,0.5,0.5,0.5,0.5,0.5,0.5,0.5,0.5,0.5,0.5,0.5,10,X155 X164,0.0162444444444,0.0116085360763,0.0162444444444,0.0116085360763
0.5,0.5,0.5,0.5,0.5,0.5,0.5,0.5,0.5,0.5,0.5,0.5,0.5,0.5,0.5,0.5,0.5,0.5,10,X156 X165,0.0138888888889,0.0111994572027,0.0138888888889,0.0111994572027
0.5,0.5,0.5,0.5,0.5,0.5,0.5,0.5,0.5,0.5,0.5,0.5,0.5,0.5,0.5,0.5,0.5,0.5,10,X157 X166,0.0166666666667,0.015303819672,0.0166666666667,0.015303819672
0.5,0.5,0.5,0.5,0.5,0.5,0.5,0.5,0.5,0.5,0.5,0.5,0.5,0.5,0.5,0.5,0.5,0.5,10,X158 X167,0.0105555555556,0.00909226159682,0.0105555555556,0.00909226159682
0.5,0.5,0.5,0.5,0.5,0.5,0.5,0.5,0.5,0.5,0.5,0.5,0.5,0.5,0.5,0.5,0.5,0.5,10,X159 X168,0.0128888888889,0.010172961433,0.0128888888889,0.010172961433
0.5,0.5,0.5,0.5,0.5,0.5,0.5,0.5,0.5,0.5,0.5,0.5,0.5,0.5,0.5,0.5,0.5,0.5,10,X16 Z20 Y21 Y25 Z26 X31,0.0154222222222,0.012758569604,0.0154222222222,0.012758569604
0.5,0.5,0.5,0.5,0.5,0.5,0.5,0.5,0.5,0.5,0.5,0.5,0.5,0.5,0.5,0.5,0.5,0.5,10,X160 X169,0.0128666666667,0.00933686304356,0.0128666666667,0.00933686304356
0.5,0.5,0.5,0.5,0.5,0.5,0.5,0.5,0.5,0.5,0.5,0.5,0.5,0.5,0.5,0.5,0.5,0.5,10,X161 Y170 Z178,0.0134222222222,0.00939508852423,0.0134222222222,0.00939508852423
0.5,0.5,0.5,0.5,0.5,0.5,0.5,0.5,0.5,0.5,0.5,0.5,0.5,0.5,0.5,0.5,0.5,0.5,10,X162 Z170 Y171 Y178 Z179 X186,0.0162444444444,0.00994156618378,0.0162444444444,0.00994156618378
0.5,0.5,0.5,0.5,0.5,0.5,0.5,0.5,0.5,0.5,0.5,0.5,0.5,0.5,0.5,0.5,0.5,0.5,10,X163 Z171 Y172 Y179 Z180 X187,0.0162666666667,0.0126219416082,0.0162666666667,0.0126219416082
0.5,0.5,0.5,0.5,0.5,0.5,0.5,0.5,0.5,0.5,0.5,0.5,0.5,0.5,0.5,0.5,0.5,0.5,10,X164 Z172 Y173 Y180 Z181 X188,0.0154,0.0103684608715,0.0154,0.0103684608715
0.5,0.5,0.5,0.5,0.5,0.5,0.5,0.5,0.5,0.5,0.5,0.5,0.5,0.5,0.5,0.5,0.5,0.5,10,X165 Z173 Y174 Y181 Z182 X189,0.0110444444444,0.00868818431064,0.0110444444444,0.00868818431064
0.5,0.5,0.5,0.5,0.5,0.5,0.5,0.5,0.5,0.5,0.5,0.5,0.5,0.5,0.5,0.5,0.5,0.5,10,X166 Z174 Y175 Y182 Z183 X190,0.0147333333333,0.0108932120591,0.0147333333333,0.0108932120591
0.5,0.5,0.5,0.5,0.5,0.5,0.5,0.5,0.5,0.5,0.5,0.5,0.5,0.5,0.5,0.5,0.5,0.5,10,X167 Z175 Y176 Y183 Z184 X191,0.0144,0.00973613563817,0.0144,0.00973613563817
0.5,0.5,0.5,0.5,0.5,0.5,0.5,0.5,0.5,0.5,0.5,0.5,0.5,0.5,0.5,0.5,0.5,0.5,10,X168 Z176 Y177 Y184 Z185 X192,0.0166,0.0145062808434,0.0166,0.0145062808434
0.5,0.5,0.5,0.5,0.5,0.5,0.5,0.5,0.5,0.5,0.5,0.5,0.5,0.5,0.5,0.5,0.5,0.5,10,X17 Z21 Y22 Y26 Z27 X32,0.0133555555556,0.0103093653562,0.0133555555556,0.0103093653562
0.5,0.5,0.5,0.5,0.5,0.5,0.5,0.5,0.5,0.5,0.5,0.5,0.5,0.5,0.5,0.5,0.5,0.5,10,X170 X178,0.0164444444444,0.0133899182447,0.0164444444444,0.0133899182447
0.5,0.5,0.5,0.5,0.5,0.5,0.5,0.5,0.5,0.5,0.5,0.5,0.5,0.5,0.5,0.5,0.5,0.5,10,X171 X179,0.0175333333333,0.0122203899706,0.0175333333333,0.0122203899706
0.5,0.5,0.5,0.5,0.5,0.5,0.5,0.5,0.5,0.5,0.5,0.5,0.5,0.5,0.5,0.5,0.5,0.5,10,X172 X180,0.0125111111111,0.0108513937284,0.0125111111111,0.0108513937284
0.5,0.5,0.5,0.5,0.5,0.5,0.5,0.5,0.5,0.5,0.5,0.5,0.5,0.5,0.5,0.5,0.5,0.5,10,X173 X181,0.0129777777778,0.00966208108967,0.0129777777778,0.00966208108967
0.5,0.5,0.5,0.5,0.5,0.5,0.5,0.5,0.5,0.5,0.5,0.5,0.5,0.5,0.5,0.5,0.5,0.5,10,X174 X182,0.0183555555556,0.0124571090455,0.0183555555556,0.0124571090455
0.5,0.5,0.5,0.5,0.5,0.5,0.5,0.5,0.5,0.5,0.5,0.5,0.5,0.5,0.5,0.5,0.5,0.5,10,X175 X183,0.0165333333333,0.0123293252263,0.0165333333333,0.0123293252263
0.5,0.5,0.5,0.5,0.5,0.5,0.5,0.5,0.5,0.5,0.5,0.5,0.5,0.5,0.5,0.5,0.5,0.5,10,X176 X184,0.0141777777778,0.0100861170598,0.0141777777778,0.0100861170598
0.5,0.5,0.5,0.5,0.5,0.5,0.5,0.5,0.5,0.5,0.5,0.5,0.5,0.5,0.5,0.5,0.5,0.5,10,X177 X185,0.0117555555556,0.0111794602757,0.0117555555556,0.0111794602757
0.5,0.5,0.5,0.5,0.5,0.5,0.5,0.5,0.5,0.5,0.5,0.5,0.5,0.5,0.5,0.5,0.5,0.5,10,X179 Z186 Y187 Y193 Z194 X200,0.0157777777778,0.0112761686563,0.0157777777778,0.0112761686563
0.5,0.5,0.5,0.5,0.5,0.5,0.5,0.5,0.5,0.5,0.5,0.5,0.5,0.5,0.5,0.5,0.5,0.5,10,X18 Z22 Y23 Y27 Z28 X33,0.0134222222222,0.0125990127124,0.0134222222222,0.0125990127124
0.5,0.5,0.5,0.5,0.5,0.5,0.5,0.5,0.5,0.5,0.5,0.5,0.5,0.5,0.5,0.5,0.5,0.5,10,X180 Z187 Y188 Y194 Z195 X201,0.0149333333333,0.0105272498073,0.0149333333333,0.0105272498073
0.5,0.5,0.5,0.5,0.5,0.5,0.5,0.5,0.5,0.5,0.5,0.5,0.5,0.5,0.5,0.5,0.5,0.5,10,X181 Z188 Y189 Y195 Z196 X202,0.0178666666667,0.0118125850156,0.0178666666667,0.0118125850156
0.5,0.5,0.5,0.5,0.5,0.5,0.5,0.5,0.5,0.5,0.5,0.5,0.5,0.5,0.5,0.5,0.5,0.5,10,X182 Z189 Y190 Y196 Z197 X203,0.0148,0.0128622528312,0.0148,0.0128622528312
0.5,0.5,0.5,0.5,0.5,0.5,0.5,0.5,0.5,0.5,0.5,0.5,0.5,0.5,0.5,0.5,0.5,0.5,10,X183 Z190 Y191 Y197 Z198 X204,0.0204666666667,0.017352023522,0.0204666666667,0.017352023522
0.5,0.5,0.5,0.5,0.5,0.5,0.5,0.5,0.5,0.5,0.5,0.5,0.5,0.5,0.5,0.5,0.5,0.5,10,X184 Z191 Y192 Y198 Z199 X205,0.0126666666667,0.0101014015946,0.0126666666667,0.0101014015946
0.5,0.5,0.5,0.5,0.5,0.5,0.5,0.5,0.5,0.5,0.5,0.5,0.5,0.5,0.5,0.5,0.5,0.5,10,X185 Z192 Y199,0.0136666666667,0.0122035733728,0.0136666666667,0.0122035733728
0.5,0.5,0.5,0.5,0.5,0.5,0.5,0.5,0.5,0.5,0.5,0.5,0.5,0.5,0.5,0.5,0.5,0.5,10,X186 X193,0.0185555555556,0.0126601112297,0.0185555555556,0.0126601112297
0.5,0.5,0.5,0.5,0.5,0.5,0.5,0.5,0.5,0.5,0.5,0.5,0.5,0.5,0.5,0.5,0.5,0.5,10,X187 X194,0.0167333333333,0.0125265694637,0.0167333333333,0.0125265694637
0.5,0.5,0.5,0.5,0.5,0.5,0.5,0.5,0.5,0.5,0.5,0.5,0.5,0.5,0.5,0.5,0.5,0.5,10,X188 X195,0.0140444444444,0.00910380044986,0.0140444444444,0.00910380044986
0.5,0.5,0.5,0.5,0.5,0.5,0.5,0.5,0.5,0.5,0.5,0.5,0.5,0.5,0.5,0.5,0.5,0.5,10,X189 X196,0.0144888888889,0.00903281939978,0.0144888888889,0.00903281939978
0.5,0.5,0.5,0.5,0.5,0.5,0.5,0.5,0.5,0.5,0.5,0.5,0.5,0.5,0.5,0.5,0.5,0.5,10,X19 Z23 Y24 Y28 Z29 X34,0.0134,0.00865578450309,0.0134,0.00865578450309
0.5,0.5,0.5,0.5,0.5,0.5,0.5,0.5,0.5,0.5,0.5,0.5,0.5,0.5,0.5,0.5,0.5,0.5,10,X190 X197,0.0156,0.0128111541439,0.0156,0.0128111541439
0.5,0.5,0.5,0.5,0.5,0.5,0.5,0.5,0.5,0.5,0.5,0.5,0.5,0.5,0.5,0.5,0.5,0.5,10,X191 X198,0.0145777777778,0.0127849688244,0.0145777777778,0.0127849688244
0.5,0.5,0.5,0.5,0.5,0.5,0.5,0.5,0.5,0.5,0.5,0.5,0.5,0.5,0.5,0.5,0.5,0.5,10,X192 X199,0.0147777777778,0.00968798020274,0.0147777777778,0.00968798020274
0.5,0.5,0.5,0.5,0.5,0.5,0.5,0.5,0.5,0.5,0.5,0.5,0.5,0.5,0.5,0.5,0.5,0.5,10,X193 Y200 Z206,0.0125111111111,0.0105069702584,0.0125111111111,0.0105069702584
0.5,0.5,0.5,0.5,0.5,0.5,0.5,0.5,0.5,0.5,0.5,0.5,0.5,0.5,0.5,0.5,0.5,0.5,10,X194 Z200 Y201 Y206 Z207 X212,0.0147777777778,0.0111926129626,0.0147777777778,0.0111926129626
0.5,0.5,0.5,0.5,0.5,0.5,0.5,0.5,0.5,0.5,0.5,0.5,0.5,0.5,0.5,0.5,0.5,0.5,10,X195 Z201 Y202 Y207 Z208 X213,0.0136666666667,0.0121822054764,0.0136666666667,0.0121822054764
0.5,0.5,0.5,0.5,0.5,0.5,0.5,0.5,0.5,0.5,0.5,0.5,0.5,0.5,0.5,0.5,0.5,0.5,10,X196 Z202 Y203 Y208 Z209 X214,0.0143333333333,0.0111441271924,0.0143333333333,0.0111441271924
0.5,0.5,0.5,0.5,0.5,0.5,0.5,0.5,0.5,0.5,0.5,0.5,0.5,0.5,0.5,0.5,0.5,0.5,10,X197 Z203 Y204 Y209 Z210 X215,0.0131777777778,0.0106934768433,0.0131777777778,0.0106934768433
0.5,0.5,0.5,0.5,0.5,0.5,0.5,0.5,0.5,0.5,0.5,0.5,0.5,0.5,0.5,0.5,0.5,0.5,10,X198 Z204 Y205 Y210 Z211 X216,0.0142222222222,0.00898075137584,0.0142222222222,0.00898075137584
0.5,0.5,0.5,0.5,0.5,0.5,0.5,0.5,0.5,0.5,0.5,0.5,0.5,0.5,0.5,0.5,0.5,0.5,10,X2 X4,0.0166444444444,0.0114637303556,0.0166444444444,0.0114637303556
0.5,0.5,0.5,0.5,0.5,0.5,0.5,0.5,0.5,0.5,0.5,0.5,0.5,0.5,0.5,0.5,0.5,0.5,10,X20 X25,0.0143555555556,0.00969849430718,0.0143555555556,0.00969849430718
0.5,0.5,0.5,0.5,0.5,0.5,0.5,0.5,0.5,0.5,0.5,0.5,0.5,0.5,0.5,0.5,0.5,0.5,10,X200 X206,0.0147111111111,0.0115575300406,0.0147111111111,0.0115575300406
0.5,0.5,0.5,0.5,0.5,0.5,0.5,0.5,0.5,0.5,0.5,0.5,0.5,0.5,0.5,0.5,0.5,0.5,10,X201 X207,0.0150222222222,0.015590284167,0.0150222222222,0.015590284167
0.5,0.5,0.5,0.5,0.5,0.5,0.5,0.5,0.5,0.5,0.5,0.5,0.5,0.5,0.5,0.5,0.5,0.5,10,X202 X208,0.0118222222222,0.00902942543172,0.0118222222222,0.00902942543172
0.5,0.5,0.5,0.5,0.5,0.5,0.5,0.5,0.5,0.5,0.5,0.5,0.5,0.5,0.5,0.5,0.5,0.5,10,X203 X209,0.0153777777778,0.0122876548749,0.0153777777778,0.0122876548749
0.5,0.5,0.5,0.5,0.5,0.5,0.5,0.5,0.5,0.5,0.5,0.5,0.5,0.5,0.5,0.5,0.5,0.5,10,X204 X210,0.0149333333333,0.012129063288,0.0149333333333,0.012129063288
0.5,0.5,0.5,0.5,0.5,0.5,0.5,0.5,0.5,0.5,0.5,0.5,0.5,0.5,0.5,0.5,0.5,0.5,10,X205 X211,0.0105333333333,0.00913315714236,0.0105333333333,0.00913315714236
0.5,0.5,0.5,0.5,0.5,0.5,0.5,0.5,0.5,0.5,0.5,0.5,0.5,0.5,0.5,0.5,0.5,0.5,10,X207 Z212 Y213 Y217 Z218 X222,0.0139333333333,0.0109423427976,0.0139333333333,0.0109423427976
0.5,0.5,0.5,0.5,0.5,0.5,0.5,0.5,0.5,0.5,0.5,0.5,0.5,0.5,0.5,0.5,0.5,0.5,10,X208 Z213 Y214 Y218 Z219 X223,0.0137555555556,0.0123778114832,0.0137555555556,0.0123778114832
0.5,0.5,0.5,0.5,0.5,0.5,0.5,0.5,0.5,0.5,0.5,0.5,0.5,0.5,0.5,0.5,0.5,0.5,10,X209 Z214 Y215 Y219 Z220 X224,0.0164666666667,0.0128512265169,0.0164666666667,0.0128512265169
0.5,0.5,0.5,0.5,0.5,0.5,0.5,0.5,0.5,0.5,0.5,0.5,0.5,0.5,0.5,0.5,0.5,0.5,10,X21 X26,0.0148666666667,0.0123513692293,0.0148666666667,0.0123513692293
0.5,0.5,0.5,0.5,0.5,0.5,0.5,0.5,0.5,0.5,0.5,0.5,0.5,0.5,0.5,0.5,0.5,0.5,10,X210 Z215 Y216 Y220 Z221 X225,0.0129333333333,0.0118478217925,0.0129333333333,0.0118478217925
0.5,0.5,0.5,0.5,0.5,0.5,0.5,0.5,0.5,0.5,0.5,0.5,0.5,0.5,0.5,0.5,0.5,0.5,10,X211 Z216 Y221,0.0134222222222,0.00973162216628,0.0134222222222,0.00973162216628
0.5,0.5,0.5,0.5,0.5,0.5,0.5,0.5,0.5,0.5,0.5,0.5,0.5,0.5,0.5,0.5,0.5,0.5,10,X212 X217,0.0148444444444,0.0124129870605,0.0148444444444,0.0124129870605
0.5,0.5,0.5,0.5,0.5,0.5,0.5,0.5,0.5,0.5,0.5,0.5,0.5,0.5,0.5,0.5,0.5,0.5,10,X213 X218,0.0163333333333,0.0135270411736,0.0163333333333,0.0135270411736
0.5,0.5,0.5,0.5,0.5,0.5,0.5,0.5,0.5,0.5,0.5,0.5,0.5,0.5,0.5,0.5,0.5,0.5,10,X214 X219,0.015,0.011597000537,0.015,0.011597000537
0.5,0.5,0.5,0.5,0.5,0.5,0.5,0.5,0.5,0.5,0.5,0.5,0.5,0.5,0.5,0.5,0.5,0.5,10,X215 X220,0.0157777777778,0.0105355931423,0.0157777777778,0.0105355931423
0.5,0.5,0.5,0.5,0.5,0.5,0.5,0.5,0.5,0.5,0.5,0.5,0.5,0.5,0.5,0.5,0.5,0.5,10,X216 X221,0.0135777777778,0.010019878072,0.0135777777778,0.010019878072
0.5,0.5,0.5,0.5,0.5,0.5,0.5,0.5,0.5,0.5,0.5,0.5,0.5,0.5,0.5,0.5,0.5,0.5,10,X217 Y222 Z226,0.0160222222222,0.0123455774368,0.0160222222222,0.0123455774368
0.5,0.5,0.5,0.5,0.5,0.5,0.5,0.5,0.5,0.5,0.5,0.5,0.5,0.5,0.5,0.5,0.5,0.5,10,X218 Z222 Y223 Y226 Z227 X230,0.0144888888889,0.0112006203076,0.0144888888889,0.0112006203076
0.5,0.5,0.5,0.5,0.5,0.5,0.5,0.5,0.5,0.5,0.5,0.5,0.5,0.5,0.5,0.5,0.5,0.5,10,X219 Z223 Y224 Y227 Z228 X231,0.0133333333333,0.00901595010644,0.0133333333333,0.00901595010644
0.5,0.5,0.5,0.5,0.5,0.5,0.5,0.5,0.5,0.5,0.5,0.5,0.5,0.5,0.5,0.5,0.5,0.5,10,X22 X27,0.0132,0.00961225271718,0.0132,0.00961225271718
0.5,0.5,0.5,0.5,0.5,0.5,0.5,0.5,0.5,0.5,0.5,0.5,0.5,0.5,0.5,0.5,0.5,0.5,10,X220 Z224 Y225 Y228 Z229 X232,0.0138666666667,0.0106988021673,0.0138666666667,0.0106988021673
0.5,0.5,0.5,0.5,0.5,0.5,0.5,0.5,0.5,0.5,0.5,0.5,0.5,0.5,0.5,0.5,0.5,0.5,10,X222 X226,0.0141555555556,0.00885936668353,0.0141555555556,0.00885936668353
0.5,0.5,0.5,0.5,0.5,0.5,0.5,0.5,0.5,0.5,0.5,0.5,0.5,0.5,0.5,0.5,0.5,0.5,10,X223 X227,0.0149111111111,0.0124432607538,0.0149111111111,0.0124432607538
0.5,0.5,0.5,0.5,0.5,0.5,0.5,0.5,0.5,0.5,0.5,0.5,0.5,0.5,0.5,0.5,0.5,0.5,10,X224 X228,0.0173333333333,0.0140016419398,0.0173333333333,0.0140016419398
0.5,0.5,0.5,0.5,0.5,0.5,0.5,0.5,0.5,0.5,0.5,0.5,0.5,0.5,0.5,0.5,0.5,0.5,10,X225 X229,0.0130222222222,0.00924213793802,0.0130222222222,0.00924213793802
0.5,0.5,0.5,0.5,0.5,0.5,0.5,0.5,0.5,0.5,0.5,0.5,0.5,0.5,0.5,0.5,0.5,0.5,10,X227 Z230 Y231 Y233 Z234 X236,0.0155111111111,0.0116196864702,0.0155111111111,0.0116196864702
0.5,0.5,0.5,0.5,0.5,0.5,0.5,0.5,0.5,0.5,0.5,0.5,0.5,0.5,0.5,0.5,0.5,0.5,10,X228 Z231 Y232 Y234 Z235 X237,0.017,0.0138914786857,0.017,0.0138914786857
0.5,0.5,0.5,0.5,0.5,0.5,0.5,0.5,0.5,0.5,0.5,0.5,0.5,0.5,0.5,0.5,0.5,0.5,10,X229 Z232 Y235,0.0165111111111,0.0115532196283,0.0165111111111,0.0115532196283
0.5,0.5,0.5,0.5,0.5,0.5,0.5,0.5,0.5,0.5,0.5,0.5,0.5,0.5,0.5,0.5,0.5,0.5,10,X23 X28,0.0155555555556,0.011438100388,0.0155555555556,0.011438100388
0.5,0.5,0.5,0.5,0.5,0.5,0.5,0.5,0.5,0.5,0.5,0.5,0.5,0.5,0.5,0.5,0.5,0.5,10,X230 X233,0.0108666666667,0.00762361726675,0.0108666666667,0.00762361726675
0.5,0.5,0.5,0.5,0.5,0.5,0.5,0.5,0.5,0.5,0.5,0.5,0.5,0.5,0.5,0.5,0.5,0.5,10,X231 X234,0.0110888888889,0.0100854332698,0.0110888888889,0.0100854332698
0.5,0.5,0.5,0.5,0.5,0.5,0.5,0.5,0.5,0.5,0.5,0.5,0.5,0.5,0.5,0.5,0.5,0.5,10,X232 X235,0.0143555555556,0.0138328647846,0.0143555555556,0.0138328647846
0.5,0.5,0.5,0.5,0.5,0.5,0.5,0.5,0.5,0.5,0.5,0.5,0.5,0.5,0.5,0.5,0.5,0.5,10,X233 Y236 Z238,0.0148222222222,0.0116021973521,0.0148222222222,0.0116021973521
0.5,0.5,0.5,0.5,0.5,0.5,0.5,0.5,0.5,0.5,0.5,0.5,0.5,0.5,0.5,0.5,0.5,0.5,10,X234 Z236 Y237 Y238 Z239 X240,0.0092,0.0092382679042,0.0092,0.0092382679042
0.5,0.5,0.5,0.5,0.5,0.5,0.5,0.5,0.5,0.5,0.5,0.5,0.5,0.5,0.5,0.5,0.5,0.5,10,X236 X238,0.0162,0.0123971940961,0.0162,0.0123971940961
0.5,0.5,0.5,0.5,0.5,0.5,0.5,0.5,0.5,0.5,0.5,0.5,0.5,0.5,0.5,0.5,0.5,0.5,10,X237 X239,0.0138,0.0110104791604,0.0138,0.0110104791604
0.5,0.5,0.5,0.5,0.5,0.5,0.5,0.5,0.5,0.5,0.5,0.5,0.5,0.5,0.5,0.5,0.5,0.5,10,X239 Z240 Y241,0.0136444444444,0.00837206325629,0.0136444444444,0.00837206325629
0.5,0.5,0.5,0.5,0.5,0.5,0.5,0.5,0.5,0.5,0.5,0.5,0.5,0.5,0.5,0.5,0.5,0.5,10,X24 X29,0.0140888888889,0.0116536654432,0.0140888888889,0.0116536654432
0.5,0.5,0.5,0.5,0.5,0.5,0.5,0.5,0.5,0.5,0.5,0.5,0.5,0.5,0.5,0.5,0.5,0.5,10,X240 X241,0.0133333333333,0.0102893018131,0.0133333333333,0.0102893018131
0.5,0.5,0.5,0.5,0.5,0.5,0.5,0.5,0.5,0.5,0.5,0.5,0.5,0.5,0.5,0.5,0.5,0.5,10,X25 Z30 Y31 Y36 Z37 X43,0.0138,0.00974329516982,0.0138,0.00974329516982
0.5,0.5,0.5,0.5,0.5,0.5,0.5,0.5,0.5,0.5,0.5,0.5,0.5,0.5,0.5,0.5,0.5,0.5,10,X26 Z31 Y32 Y37 Z38 X44,0.0194222222222,0.0139388190635,0.0194222222222,0.0139388190635
0.5,0.5,0.5,0.5,0.5,0.5,0.5,0.5,0.5,0.5,0.5,0.5,0.5,0.5,0.5,0.5,0.5,0.5,10,X27 Z32 Y33 Y38 Z39 X45,0.0154,0.0111559478492,0.0154,0.0111559478492
0.5,0.5,0.5,0.5,0.5,0.5,0.5,0.5,0.5,0.5,0.5,0.5,0.5,0.5,0.5,0.5,0.5,0.5,10,X28 Z33 Y34 Y39 Z40 X46,0.0111555555556,0.0111882989416,0.0111555555556,0.0111882989416
0.5,0.5,0.5,0.5,0.5,0.5,0.5,0.5,0.5,0.5,0.5,0.5,0.5,0.5,0.5,0.5,0.5,0.5,10,X29 Z34 Y35 Y40 Z41 X47,0.0185777777778,0.0130847322141,0.0185777777778,0.0130847322141
0.5,0.5,0.5,0.5,0.5,0.5,0.5,0.5,0.5,0.5,0.5,0.5,0.5,0.5,0.5,0.5,0.5,0.5,10,X3 X5,0.0134,0.00809777416085,0.0134,0.00809777416085
0.5,0.5,0.5,0.5,0.5,0.5,0.5,0.5,0.5,0.5,0.5,0.5,0.5,0.5,0.5,0.5,0.5,0.5,10,X30 X36,0.0130222222222,0.00764486321583,0.0130222222222,0.00764486321583
0.5,0.5,0.5,0.5,0.5,0.5,0.5,0.5,0.5,0.5,0.5,0.5,0.5,0.5,0.5,0.5,0.5,0.5,10,X31 X37,0.0110444444444,0.00968260015953,0.0110444444444,0.00968260015953
0.5,0.5,0.5,0.5,0.5,0.5,0.5,0.5,0.5,0.5,0.5,0.5,0.5,0.5,0.5,0.5,0.5,0.5,10,X32 X38,0.0120444444444,0.0098804087795,0.0120444444444,0.0098804087795
0.5,0.5,0.5,0.5,0.5,0.5,0.5,0.5,0.5,0.5,0.5,0.5,0.5,0.5,0.5,0.5,0.5,0.5,10,X33 X39,0.0169777777778,0.0106245336461,0.0169777777778,0.0106245336461
0.5,0.5,0.5,0.5,0.5,0.5,0.5,0.5,0.5,0.5,0.5,0.5,0.5,0.5,0.5,0.5,0.5,0.5,10,X34 X40,0.0149777777778,0.0130612859357,0.0149777777778,0.0130612859357
0.5,0.5,0.5,0.5,0.5,0.5,0.5,0.5,0.5,0.5,0.5,0.5,0.5,0.5,0.5,0.5,0.5,0.5,10,X35 X41,0.0157111111111,0.0118647335805,0.0157111111111,0.0118647335805
0.5,0.5,0.5,0.5,0.5,0.5,0.5,0.5,0.5,0.5,0.5,0.5,0.5,0.5,0.5,0.5,0.5,0.5,10,X36 Z42 Y43 Y49 Z50 X57,0.014,0.0102624562198,0.014,0.0102624562198
0.5,0.5,0.5,0.5,0.5,0.5,0.5,0.5,0.5,0.5,0.5,0.5,0.5,0.5,0.5,0.5,0.5,0.5,10,X37 Z43 Y44 Y50 Z51 X58,0.0107555555556,0.00935585678568,0.0107555555556,0.00935585678568
0.5,0.5,0.5,0.5,0.5,0.5,0.5,0.5,0.5,0.5,0.5,0.5,0.5,0.5,0.5,0.5,0.5,0.5,10,X38 Z44 Y45 Y51 Z52 X59,0.0144444444444,0.0107144523492,0.0144444444444,0.0107144523492
0.5,0.5,0.5,0.5,0.5,0.5,0.5,0.5,0.5,0.5,0.5,0.5,0.5,0.5,0.5,0.5,0.5,0.5,10,X39 Z45 Y46 Y52 Z53 X60,0.0151777777778,0.0124975808643,0.0151777777778,0.0124975808643
0.5,0.5,0.5,0.5,0.5,0.5,0.5,0.5,0.5,0.5,0.5,0.5,0.5,0.5,0.5,0.5,0.5,0.5,10,X4 Z6 Y7 Y9 Z10 X13,0.0156888888889,0.0113444615188,0.0156888888889,0.0113444615188
0.5,0.5,0.5,0.5,0.5,0.5,0.5,0.5,0.5,0.5,0.5,0.5,0.5,0.5,0.5,0.5,0.5,0.5,10,X40 Z46 Y47 Y53 Z54 X61,0.0129777777778,0.0127453494887,0.0129777777778,0.0127453494887
0.5,0.5,0.5,0.5,0.5,0.5,0.5,0.5,0.5,0.5,0.5,0.5,0.5,0.5,0.5,0.5,0.5,0.5,10,X41 Z47 Y48 Y54 Z55 X62,0.0165111111111,0.0135360263821,0.0165111111111,0.0135360263821
0.5,0.5,0.5,0.5,0.5,0.5,0.5,0.5,0.5,0.5,0.5,0.5,0.5,0.5,0.5,0.5,0.5,0.5,10,X42 X49,0.0135777777778,0.0101581114686,0.0135777777778,0.0101581114686
0.5,0.5,0.5,0.5,0.5,0.5,0.5,0.5,0.5,0.5,0.5,0.5,0.5,0.5,0.5,0.5,0.5,0.5,10,X43 X50,0.0136222222222,0.00836281375467,0.0136222222222,0.00836281375467
0.5,0.5,0.5,0.5,0.5,0.5,0.5,0.5,0.5,0.5,0.5,0.5,0.5,0.5,0.5,0.5,0.5,0.5,10,X44 X51,0.0156,0.0106833203328,0.0156,0.0106833203328
0.5,0.5,0.5,0.5,0.5,0.5,0.5,0.5,0.5,0.5,0.5,0.5,0.5,0.5,0.5,0.5,0.5,0.5,10,X45 X52,0.0137111111111,0.0130424398128,0.0137111111111,0.0130424398128
0.5,0.5,0.5,0.5,0.5,0.5,0.5,0.5,0.5,0.5,0.5,0.5,0.5,0.5,0.5,0.5,0.5,0.5,10,X46 X53,0.0132444444444,0.0110598972972,0.0132444444444,0.0110598972972
0.5,0.5,0.5,0.5,0.5,0.5,0.5,0.5,0.5,0.5,0.5,0.5,0.5,0.5,0.5,0.5,0.5,0.5,10,X47 X54,0.0122666666667,0.00998021030345,0.0122666666667,0.00998021030345
0.5,0.5,0.5,0.5,0.5,0.5,0.5,0.5,0.5,0.5,0.5,0.5,0.5,0.5,0.5,0.5,0.5,0.5,10,X48 X55,0.0132888888889,0.00915751197339,0.0132888888889,0.00915751197339
0.5,0.5,0.5,0.5,0.5,0.5,0.5,0.5,0.5,0.5,0.5,0.5,0.5,0.5,0.5,0.5,0.5,0.5,10,X49 Z56 Y57 Y64 Z65 X73,0.0165333333333,0.014239764086,0.0165333333333,0.014239764086
0.5,0.5,0.5,0.5,0.5,0.5,0.5,0.5,0.5,0.5,0.5,0.5,0.5,0.5,0.5,0.5,0.5,0.5,10,X5 Z7 Y8 Y10 Z11 X14,0.0145111111111,0.0125550842484,0.0145111111111,0.0125550842484
0.5,0.5,0.5,0.5,0.5,0.5,0.5,0.5,0.5,0.5,0.5,0.5,0.5,0.5,0.5,0.5,0.5,0.5,10,X50 Z57 Y58 Y65 Z66 X74,0.0147111111111,0.0111965146922,0.0147111111111,0.0111965146922
0.5,0.5,0.5,0.5,0.5,0.5,0.5,0.5,0.5,0.5,0.5,0.5,0.5,0.5,0.5,0.5,0.5,0.5,10,X51 Z58 Y59 Y66 Z67 X75,0.0145333333333,0.0114073311105,0.0145333333333,0.0114073311105
0.5,0.5,0.5,0.5,0.5,0.5,0.5,0.5,0.5,0.5,0.5,0.5,0.5,0.5,0.5,0.5,0.5,0.5,10,X52 Z59 Y60 Y67 Z68 X76,0.0149555555556,0.0102305729675,0.0149555555556,0.0102305729675
0.5,0.5,0.5,0.5,0.5,0.5,0.5,0.5,0.5,0.5,0.5,0.5,0.5,0.5,0.5,0.5,0.5,0.5,10,X53 Z60 Y61 Y68 Z69 X77,0.0140888888889,0.0105855150555,0.0140888888889,0.0105855150555
0.5,0.5,0.5,0.5,0.5,0.5,0.5,0.5,0.5,0.5,0.5,0.5,0.5,0.5,0.5,0.5,0.5,0.5,10,X54 Z61 Y62 Y69 Z70 X78,0.0145333333333,0.0122332378085,0.0145333333333,0.0122332378085
0.5,0.5,0.5,0.5,0.5,0.5,0.5,0.5,0.5,0.5,0.5,0.5,0.5,0.5,0.5,0.5,0.5,0.5,10,X55 Z62 Y63 Y70 Z71 X79,0.0160888888889,0.0128721783601,0.0160888888889,0.0128721783601
0.5,0.5,0.5,0.5,0.5,0.5,0.5,0.5,0.5,0.5,0.5,0.5,0.5,0.5,0.5,0.5,0.5,0.5,10,X56 X64,0.0136888888889,0.0119317771198,0.0136888888889,0.0119317771198
0.5,0.5,0.5,0.5,0.5,0.5,0.5,0.5,0.5,0.5,0.5,0.5,0.5,0.5,0.5,0.5,0.5,0.5,10,X57 X65,0.0168888888889,0.0114635298213,0.0168888888889,0.0114635298213
0.5,0.5,0.5,0.5,0.5,0.5,0.5,0.5,0.5,0.5,0.5,0.5,0.5,0.5,0.5,0.5,0.5,0.5,10,X58 X66,0.0129555555556,0.00904595899846,0.0129555555556,0.00904595899846
0.5,0.5,0.5,0.5,0.5,0.5,0.5,0.5,0.5,0.5,0.5,0.5,0.5,0.5,0.5,0.5,0.5,0.5,10,X59 X67,0.0156666666667,0.0102829695906,0.0156666666667,0.0102829695906
0.5,0.5,0.5,0.5,0.5,0.5,0.5,0.5,0.5,0.5,0.5,0.5,0.5,0.5,0.5,0.5,0.5,0.5,10,X6 X9,0.0149555555556,0.0103881502391,0.0149555555556,0.0103881502391
0.5,0.5,0.5,0.5,0.5,0.5,0.5,0.5,0.5,0.5,0.5,0.5,0.5,0.5,0.5,0.5,0.5,0.5,10,X60 X68,0.00871111111111,0.00821722950828,0.00871111111111,0.00821722950828
0.5,0.5,0.5,0.5,0.5,0.5,0.5,0.5,0.5,0.5,0.5,0.5,0.5,0.5,0.5,0.5,0.5,0.5,10,X61 X69,0.0160666666667,0.0110385600705,0.0160666666667,0.0110385600705
0.5,0.5,0.5,0.5,0.5,0.5,0.5,0.5,0.5,0.5,0.5,0.5,0.5,0.5,0.5,0.5,0.5,0.5,10,X62 X70,0.0127333333333,0.0115288742958,0.0127333333333,0.0115288742958
0.5,0.5,0.5,0.5,0.5,0.5,0.5,0.5,0.5,0.5,0.5,0.5,0.5,0.5,0.5,0.5,0.5,0.5,10,X63 X71,0.0155333333333,0.0105542205246,0.0155333333333,0.0105542205246
0.5,0.5,0.5,0.5,0.5,0.5,0.5,0.5,0.5,0.5,0.5,0.5,0.5,0.5,0.5,0.5,0.5,0.5,10,X64 Z72 Y73 Y81 Z82 X91,0.0127333333333,0.00996138136876,0.0127333333333,0.00996138136876
0.5,0.5,0.5,0.5,0.5,0.5,0.5,0.5,0.5,0.5,0.5,0.5,0.5,0.5,0.5,0.5,0.5,0.5,10,X65 Z73 Y74 Y82 Z83 X92,0.0128444444444,0.00946205705051,0.0128444444444,0.00946205705051
0.5,0.5,0.5,0.5,0.5,0.5,0.5,0.5,0.5,0.5,0.5,0.5,0.5,0.5,0.5,0.5,0.5,0.5,10,X66 Z74 Y75 Y83 Z84 X93,0.0104222222222,0.0105721144568,0.0104222222222,0.0105721144568
0.5,0.5,0.5,0.5,0.5,0.5,0.5,0.5,0.5,0.5,0.5,0.5,0.5,0.5,0.5,0.5,0.5,0.5,10,X67 Z75 Y76 Y84 Z85 X94,0.0164888888889,0.0116644442328,0.0164888888889,0.0116644442328
0.5,0.5,0.5,0.5,0.5,0.5,0.5,0.5,0.5,0.5,0.5,0.5,0.5,0.5,0.5,0.5,0.5,0.5,10,X68 Z76 Y77 Y85 Z86 X95,0.0144222222222,0.00884170426756,0.0144222222222,0.00884170426756
0.5,0.5,0.5,0.5,0.5,0.5,0.5,0.5,0.5,0.5,0.5,0.5,0.5,0.5,0.5,0.5,0.5,0.5,10,X69 Z77 Y78 Y86 Z87 X96,0.0126444444444,0.00861342324663,0.0126444444444,0.00861342324663
0.5,0.5,0.5,0.5,0.5,0.5,0.5,0.5,0.5,0.5,0.5,0.5,0.5,0.5,0.5,0.5,0.5,0.5,10,X7 X10,0.0130666666667,0.0102184567444,0.0130666666667,0.0102184567444
0.5,0.5,0.5,0.5,0.5,0.5,0.5,0.5,0.5,0.5,0.5,0.5,0.5,0.5,0.5,0.5,0.5,0.5,10,X70 Z78 Y79 Y87 Z88 X97,0.0135555555556,0.0107970953002,0.0135555555556,0.0107970953002
0.5,0.5,0.5,0.5,0.5,0.5,0.5,0.5,0.5,0.5,0.5,0.5,0.5,0.5,0.5,0.5,0.5,0.5,10,X71 Z79 Y80 Y88 Z89 X98,0.0159333333333,0.010595090311,0.0159333333333,0.010595090311
0.5,0.5,0.5,0.5,0.5,0.5,0.5,0.5,0.5,0.5,0.5,0.5,0.5,0.5,0.5,0.5,0.5,0.5,10,X72 X81,0.0124444444444,0.00873506753569,0.0124444444444,0.00873506753569
0.5,0.5,0.5,0.5,0.5,0.5,0.5,0.5,0.5,0.5,0.5,0.5,0.5,0.5,0.5,0.5,0.5,0.5,10,X73 X82,0.0125111111111,0.00888182669647,0.0125111111111,0.00888182669647
0.5,0.5,0.5,0.5,0.5,0.5,0.5,0.5,0.5,0.5,0.5,0.5,0.5,0.5,0.5,0.5,0.5,0.5,10,X74 X83,0.0146888888889,0.0109760915143,0.0146888888889,0.0109760915143
0.5,0.5,0.5,0.5,0.5,0.5,0.5,0.5,0.5,0.5,0.5,0.5,0.5,0.5,0.5,0.5,0.5,0.5,10,X75 X84,0.019,0.012159539717,0.019,0.012159539717
0.5,0.5,0.5,0.5,0.5,0.5,0.5,0.5,0.5,0.5,0.5,0.5,0.5,0.5,0.5,0.5,0.5,0.5,10,X76 X85,0.0125111111111,0.00917715526726,0.0125111111111,0.00917715526726
0.5,0.5,0.5,0.5,0.5,0.5,0.5,0.5,0.5,0.5,0.5,0.5,0.5,0.5,0.5,0.5,0.5,0.5,10,X77 X86,0.0140222222222,0.00892108155107,0.0140222222222,0.00892108155107
0.5,0.5,0.5,0.5,0.5,0.5,0.5,0.5,0.5,0.5,0.5,0.5,0.5,0.5,0.5,0.5,0.5,0.5,10,X78 X87,0.0170888888889,0.0115303807706,0.0170888888889,0.0115303807706
0.5,0.5,0.5,0.5,0.5,0.5,0.5,0.5,0.5,0.5,0.5,0.5,0.5,0.5,0.5,0.5,0.5,0.5,10,X79 X88,0.0120888888889,0.00977875299908,0.0120888888889,0.00977875299908
0.5,0.5,0.5,0.5,0.5,0.5,0.5,0.5,0.5,0.5,0.5,0.5,0.5,0.5,0.5,0.5,0.5,0.5,10,X8 X11,0.0124666666667,0.0106912790758,0.0124666666667,0.0106912790758
0.5,0.5,0.5,0.5,0.5,0.5,0.5,0.5,0.5,0.5,0.5,0.5,0.5,0.5,0.5,0.5,0.5,0.5,10,X80 X89,0.0131777777778,0.00973784076601,0.0131777777778,0.00973784076601
0.5,0.5,0.5,0.5,0.5,0.5,0.5,0.5,0.5,0.5,0.5,0.5,0.5,0.5,0.5,0.5,0.5,0.5,10,X81 Z90 Y91 Y100 Z101 X111,0.0161555555556,0.00995265933515,0.0161555555556,0.00995265933515
0.5,0.5,0.5,0.5,0.5,0.5,0.5,0.5,0.5,0.5,0.5,0.5,0.5,0.5,0.5,0.5,0.5,0.5,10,X82 Z91 Y92 Y101 Z102 X112,0.0169777777778,0.0115107590295,0.0169777777778,0.0115107590295
0.5,0.5,0.5,0.5,0.5,0.5,0.5,0.5,0.5,0.5,0.5,0.5,0.5,0.5,0.5,0.5,0.5,0.5,10,X83 Z92 Y93 Y102 Z103 X113,0.0131111111111,0.0110828760024,0.0131111111111,0.0110828760024
0.5,0.5,0.5,0.5,0.5,0.5,0.5,0.5,0.5,0.5,0.5,0.5,0.5,0.5,0.5,0.5,0.5,0.5,10,X84 Z93 Y94 Y103 Z104 X114,0.0142,0.0135806375578,0.0142,0.0135806375578
0.5,0.5,0.5,0.5,0.5,0.5,0.5,0.5,0.5,0.5,0.5,0.5,0.5,0.5,0.5,0.5,0.5,0.5,10,X85 Z94 Y95 Y104 Z105 X115,0.0176,0.0108173268134,0.0176,0.0108173268134
0.5,0.5,0.5,0.5,0.5,0.5,0.5,0.5,0.5,0.5,0.5,0.5,0.5,0.5,0.5,0.5,0.5,0.5,10,X86 Z95 Y96 Y105 Z106 X116,0.0156888888889,0.0112304093651,0.0156888888889,0.0112304093651
0.5,0.5,0.5,0.5,0.5,0.5,0.5,0.5,0.5,0.5,0.5,0.5,0.5,0.5,0.5,0.5,0.5,0.5,10,X87 Z96 Y97 Y106 Z107 X117,0.0158444444444,0.011394269358,0.0158444444444,0.011394269358
0.5,0.5,0.5,0.5,0.5,0.5,0.5,0.5,0.5,0.5,0.5,0.5,0.5,0.5,0.5,0.5,0.5,0.5,10,X88 Z97 Y98 Y107 Z108 X118,0.0161555555556,0.0129054128456,0.0161555555556,0.0129054128456
0.5,0.5,0.5,0.5,0.5,0.5,0.5,0.5,0.5,0.5,0.5,0.5,0.5,0.5,0.5,0.5,0.5,0.5,10,X89 Z98 Y99 Y108 Z109 X119,0.0136444444444,0.00979910596177,0.0136444444444,0.00979910596177
0.5,0.5,0.5,0.5,0.5,0.5,0.5,0.5,0.5,0.5,0.5,0.5,0.5,0.5,0.5,0.5,0.5,0.5,10,X9 Z12 Y13 Y16 Z17 X21,0.0148,0.0111546426944,0.0148,0.0111546426944
0.5,0.5,0.5,0.5,0.5,0.5,0.5,0.5,0.5,0.5,0.5,0.5,0.5,0.5,0.5,0.5,0.5,0.5,10,X90 X100,0.0161111111111,0.00798865734854,0.0161111111111,0.00798865734854
0.5,0.5,0.5,0.5,0.5,0.5,0.5,0.5,0.5,0.5,0.5,0.5,0.5,0.5,0.5,0.5,0.5,0.5,10,X91 X101,0.0139111111111,0.0123582951289,0.0139111111111,0.0123582951289
0.5,0.5,0.5,0.5,0.5,0.5,0.5,0.5,0.5,0.5,0.5,0.5,0.5,0.5,0.5,0.5,0.5,0.5,10,X92 X102,0.0148,0.0133796895313,0.0148,0.0133796895313
0.5,0.5,0.5,0.5,0.5,0.5,0.5,0.5,0.5,0.5,0.5,0.5,0.5,0.5,0.5,0.5,0.5,0.5,10,X93 X103,0.0136444444444,0.00821685648674,0.0136444444444,0.00821685648674
0.5,0.5,0.5,0.5,0.5,0.5,0.5,0.5,0.5,0.5,0.5,0.5,0.5,0.5,0.5,0.5,0.5,0.5,10,X94 X104,0.0136,0.0109846287587,0.0136,0.0109846287587
0.5,0.5,0.5,0.5,0.5,0.5,0.5,0.5,0.5,0.5,0.5,0.5,0.5,0.5,0.5,0.5,0.5,0.5,10,X95 X105,0.0145777777778,0.0114466724015,0.0145777777778,0.0114466724015
0.5,0.5,0.5,0.5,0.5,0.5,0.5,0.5,0.5,0.5,0.5,0.5,0.5,0.5,0.5,0.5,0.5,0.5,10,X96 X106,0.0173777777778,0.0121862095708,0.0173777777778,0.0121862095708
0.5,0.5,0.5,0.5,0.5,0.5,0.5,0.5,0.5,0.5,0.5,0.5,0.5,0.5,0.5,0.5,0.5,0.5,10,X97 X107,0.0145333333333,0.0118423876644,0.0145333333333,0.0118423876644
0.5,0.5,0.5,0.5,0.5,0.5,0.5,0.5,0.5,0.5,0.5,0.5,0.5,0.5,0.5,0.5,0.5,0.5,10,X98 X108,0.0122888888889,0.00780742025149,0.0122888888889,0.00780742025149
0.5,0.5,0.5,0.5,0.5,0.5,0.5,0.5,0.5,0.5,0.5,0.5,0.5,0.5,0.5,0.5,0.5,0.5,10,X99 X109,0.0154444444444,0.0129284305595,0.0154444444444,0.0129284305595
0.5,0.5,0.5,0.5,0.5,0.5,0.5,0.5,0.5,0.5,0.5,0.5,0.5,0.5,0.5,0.5,0.5,0.5,10,Y0 Z1 X2,0.0139777777778,0.00994773057287,0.0139777777778,0.00994773057287
0.5,0.5,0.5,0.5,0.5,0.5,0.5,0.5,0.5,0.5,0.5,0.5,0.5,0.5,0.5,0.5,0.5,0.5,10,Y20 Z25 X30,0.0103555555556,0.00782320613805,0.0103555555556,0.00782320613805
0.5,0.5,0.5,0.5,0.5,0.5,0.5,0.5,0.5,0.5,0.5,0.5,0.5,0.5,0.5,0.5,0.5,0.5,10,Y42 Z49 X56,0.0145777777778,0.0115599166542,0.0145777777778,0.0115599166542
0.5,0.5,0.5,0.5,0.5,0.5,0.5,0.5,0.5,0.5,0.5,0.5,0.5,0.5,0.5,0.5,0.5,0.5,10,Y6 Z9 X12,0.0172,0.0105298699384,0.0172,0.0105298699384
0.5,0.5,0.5,0.5,0.5,0.5,0.5,0.5,0.5,0.5,0.5,0.5,0.5,0.5,0.5,0.5,0.5,0.5,10,Y72 Z81 X90,0.0152666666667,0.0136169265862,0.0152666666667,0.0136169265862
0.5,0.5,0.5,0.5,0.5,0.5,0.5,0.5,0.5,0.5,0.5,0.5,0.5,0.5,0.5,0.5,0.5,0.5,10,Z15 Y19 X24,0.00977777777778,0.0113141600269,0.00977777777778,0.0113141600269
0.5,0.5,0.5,0.5,0.5,0.5,0.5,0.5,0.5,0.5,0.5,0.5,0.5,0.5,0.5,0.5,0.5,0.5,10,Z3 Y5 X8,0.0147555555556,0.0125270384453,0.0147555555556,0.0125270384453
0.5,0.5,0.5,0.5,0.5,0.5,0.5,0.5,0.5,0.5,0.5,0.5,0.5,0.5,0.5,0.5,0.5,0.5,10,Z35 Y41 X48,0.0146888888889,0.00977208995138,0.0146888888889,0.00977208995138
0.5,0.5,0.5,0.5,0.5,0.5,0.5,0.5,0.5,0.5,0.5,0.5,0.5,0.5,0.5,0.5,0.5,0.5,10,Z63 Y71 X80,0.0149777777778,0.0096239378011,0.0149777777778,0.0096239378011
0.5,0.5,0.5,0.5,0.5,0.5,0.5,0.5,0.5,0.5,0.5,0.5,0.5,0.5,0.5,0.5,0.5,0.5,10,Z99 Y109 X120,0.0167777777778,0.0122578720764,0.0167777777778,0.0122578720764
