g1_x,g1_y,g1_z,IX,IY,IZ,XI,XX,XY,XZ,YI,YX,YY,YZ,ZI,ZX,ZY,ZZ,round,operator,mean,std,mean_signed,std_signed
3.0199517204e-05,3.0199517204e-05,3.0199517204e-05,3.0199517204e-05,3.0199517204e-05,3.0199517204e-05,3.0199517204e-05,3.0199517204e-05,3.0199517204e-05,3.0199517204e-05,3.0199517204e-05,3.0199517204e-05,3.0199517204e-05,3.0199517204e-05,3.0199517204e-05,3.0199517204e-05,3.0199517204e-05,3.0199517204e-05,1,Logical X,0.991644444444,0.00163048856964,0.991844444444,0.00263011345899
3.0199517204e-05,3.0199517204e-05,3.0199517204e-05,3.0199517204e-05,3.0199517204e-05,3.0199517204e-05,3.0199517204e-05,3.0199517204e-05,3.0199517204e-05,3.0199517204e-05,3.0199517204e-05,3.0199517204e-05,3.0199517204e-05,3.0199517204e-05,3.0199517204e-05,3.0199517204e-05,3.0199517204e-05,3.0199517204e-05,1,Logical Y,0.0171555555556,0.0107837444479,0.00324444444444,0.0188177248582
3.0199517204e-05,3.0199517204e-05,3.0199517204e-05,3.0199517204e-05,3.0199517204e-05,3.0199517204e-05,3.0199517204e-05,3.0199517204e-05,3.0199517204e-05,3.0199517204e-05,3.0199517204e-05,3.0199517204e-05,3.0199517204e-05,3.0199517204e-05,3.0199517204e-05,3.0199517204e-05,3.0199517204e-05,3.0199517204e-05,1,Logical Z,0.0134,0.00921493041367,-0.00528888888889,0.01827330472
3.0199517204e-05,3.0199517204e-05,3.0199517204e-05,3.0199517204e-05,3.0199517204e-05,3.0199517204e-05,3.0199517204e-05,3.0199517204e-05,3.0199517204e-05,3.0199517204e-05,3.0199517204e-05,3.0199517204e-05,3.0199517204e-05,3.0199517204e-05,3.0199517204e-05,3.0199517204e-05,3.0199517204e-05,3.0199517204e-05,1,X0 X1,0.994288888889,0.00189116383176,0.994288888889,0.00189116383176
3.0199517204e-05,3.0199517204e-05,3.0199517204e-05,3.0199517204e-05,3.0199517204e-05,3.0199517204e-05,3.0199517204e-05,3.0199517204e-05,3.0199517204e-05,3.0199517204e-05,3.0199517204e-05,3.0199517204e-05,3.0199517204e-05,3.0199517204e-05,3.0199517204e-05,3.0199517204e-05,3.0199517204e-05,3.0199517204e-05,1,X1 Z2 Y3 Y4 Z5 X7,0.982822222222,0.00285369067122,0.982822222222,0.00285369067122
3.0199517204e-05,3.0199517204e-05,3.0199517204e-05,3.0199517204e-05,3.0199517204e-05,3.0199517204e-05,3.0199517204e-05,3.0199517204e-05,3.0199517204e-05,3.0199517204e-05,3.0199517204e-05,3.0199517204e-05,3.0199517204e-05,3.0199517204e-05,3.0199517204e-05,3.0199517204e-05,3.0199517204e-05,3.0199517204e-05,1,X10 Z13 Y14 Y17 Z18 X22,0.982733333333,0.00278666776659,0.982733333333,0.00278666776659
3.0199517204e-05,3.0199517204e-05,3.0199517204e-05,3.0199517204e-05,3.0199517204e-05,3.0199517204e-05,3.0199517204e-05,3.0199517204e-05,3.0199517204e-05,3.0199517204e-05,3.0199517204e-05,3.0199517204e-05,3.0199517204e-05,3.0199517204e-05,3.0199517204e-05,3.0199517204e-05,3.0199517204e-05,3.0199517204e-05,1,X100 Z110 Y111 Y121 Z122 X132,0.982577777778,0.0036293116341,0.982577777778,0.0036293116341
3.0199517204e-05,3.0199517204e-05,3.0199517204e-05,3.0199517204e-05,3.0199517204e-05,3.0199517204e-05,3.0199517204e-05,3.0199517204e-05,3.0199517204e-05,3.0199517204e-05,3.0199517204e-05,3.0199517204e-05,3.0199517204e-05,3.0199517204e-05,3.0199517204e-05,3.0199517204e-05,3.0199517204e-05,3.0199517204e-05,1,X101 Z111 Y112 Y122 Z123 X133,0.981733333333,0.0029947591515,0.981733333333,0.0029947591515
3.0199517204e-05,3.0199517204e-05,3.0199517204e-05,3.0199517204e-05,3.0199517204e-05,3.0199517204e-05,3.0199517204e-05,3.0199517204e-05,3.0199517204e-05,3.0199517204e-05,3.0199517204e-05,3.0199517204e-05,3.0199517204e-05,3.0199517204e-05,3.0199517204e-05,3.0199517204e-05,3.0199517204e-05,3.0199517204e-05,1,X102 Z112 Y113 Y123 Z124 X134,0.982355555556,0.00377827357576,0.982355555556,0.00377827357576
3.0199517204e-05,3.0199517204e-05,3.0199517204e-05,3.0199517204e-05,3.0199517204e-05,3.0199517204e-05,3.0199517204e-05,3.0199517204e-05,3.0199517204e-05,3.0199517204e-05,3.0199517204e-05,3.0199517204e-05,3.0199517204e-05,3.0199517204e-05,3.0199517204e-05,3.0199517204e-05,3.0199517204e-05,3.0199517204e-05,1,X103 Z113 Y114 Y124 Z125 X135,0.982244444444,0.00349924275698,0.982244444444,0.00349924275698
3.0199517204e-05,3.0199517204e-05,3.0199517204e-05,3.0199517204e-05,3.0199517204e-05,3.0199517204e-05,3.0199517204e-05,3.0199517204e-05,3.0199517204e-05,3.0199517204e-05,3.0199517204e-05,3.0199517204e-05,3.0199517204e-05,3.0199517204e-05,3.0199517204e-05,3.0199517204e-05,3.0199517204e-05,3.0199517204e-05,1,X104 Z114 Y115 Y125 Z126 X136,0.982577777778,0.00325533259341,0.982577777778,0.00325533259341
3.0199517204e-05,3.0199517204e-05,3.0199517204e-05,3.0199517204e-05,3.0199517204e-05,3.0199517204e-05,3.0199517204e-05,3.0199517204e-05,3.0199517204e-05,3.0199517204e-05,3.0199517204e-05,3.0199517204e-05,3.0199517204e-05,3.0199517204e-05,3.0199517204e-05,3.0199517204e-05,3.0199517204e-05,3.0199517204e-05,1,X105 Z115 Y116 Y126 Z127 X137,0.980911111111,0.00318753959733,0.980911111111,0.00318753959733
3.0199517204e-05,3.0199517204e-05,3.0199517204e-05,3.0199517204e-05,3.0199517204e-05,3.0199517204e-05,3.0199517204e-05,3.0199517204e-05,3.0199517204e-05,3.0199517204e-05,3.0199517204e-05,3.0199517204e-05,3.0199517204e-05,3.0199517204e-05,3.0199517204e-05,3.0199517204e-05,3.0199517204e-05,3.0199517204e-05,1,X106 Z116 Y117 Y127 Z128 X138,0.982111111111,0.0030779568948,0.982111111111,0.0030779568948
3.0199517204e-05,3.0199517204e-05,3.0199517204e-05,3.0199517204e-05,3.0199517204e-05,3.0199517204e-05,3.0199517204e-05,3.0199517204e-05,3.0199517204e-05,3.0199517204e-05,3.0199517204e-05,3.0199517204e-05,3.0199517204e-05,3.0199517204e-05,3.0199517204e-05,3.0199517204e-05,3.0199517204e-05,3.0199517204e-05,1,X107 Z117 Y118 Y128 Z129 X139,0.982711111111,0.0036929396584,0.982711111111,0.0036929396584
3.0199517204e-05,3.0199517204e-05,3.0199517204e-05,3.0199517204e-05,3.0199517204e-05,3.0199517204e-05,3.0199517204e-05,3.0199517204e-05,3.0199517204e-05,3.0199517204e-05,3.0199517204e-05,3.0199517204e-05,3.0199517204e-05,3.0199517204e-05,3.0199517204e-05,3.0199517204e-05,3.0199517204e-05,3.0199517204e-05,1,X108 Z118 Y119 Y129 Z130 X140,0.982066666667,0.00354219232069,0.982066666667,0.00354219232069
3.0199517204e-05,3.0199517204e-05,3.0199517204e-05,3.0199517204e-05,3.0199517204e-05,3.0199517204e-05,3.0199517204e-05,3.0199517204e-05,3.0199517204e-05,3.0199517204e-05,3.0199517204e-05,3.0199517204e-05,3.0199517204e-05,3.0199517204e-05,3.0199517204e-05,3.0199517204e-05,3.0199517204e-05,3.0199517204e-05,1,X109 Z119 Y120 Y130 Z131 X141,0.981177777778,0.00365015439062,0.981177777778,0.00365015439062
3.0199517204e-05,3.0199517204e-05,3.0199517204e-05,3.0199517204e-05,3.0199517204e-05,3.0199517204e-05,3.0199517204e-05,3.0199517204e-05,3.0199517204e-05,3.0199517204e-05,3.0199517204e-05,3.0199517204e-05,3.0199517204e-05,3.0199517204e-05,3.0199517204e-05,3.0199517204e-05,3.0199517204e-05,3.0199517204e-05,1,X11 Z14 Y15 Y18 Z19 X23,0.982555555556,0.00339069419912,0.982555555556,0.00339069419912
3.0199517204e-05,3.0199517204e-05,3.0199517204e-05,3.0199517204e-05,3.0199517204e-05,3.0199517204e-05,3.0199517204e-05,3.0199517204e-05,3.0199517204e-05,3.0199517204e-05,3.0199517204e-05,3.0199517204e-05,3.0199517204e-05,3.0199517204e-05,3.0199517204e-05,3.0199517204e-05,3.0199517204e-05,3.0199517204e-05,1,X110 X121,0.994,0.00198847252646,0.994,0.00198847252646
3.0199517204e-05,3.0199517204e-05,3.0199517204e-05,3.0199517204e-05,3.0199517204e-05,3.0199517204e-05,3.0199517204e-05,3.0199517204e-05,3.0199517204e-05,3.0199517204e-05,3.0199517204e-05,3.0199517204e-05,3.0199517204e-05,3.0199517204e-05,3.0199517204e-05,3.0199517204e-05,3.0199517204e-05,3.0199517204e-05,1,X111 X122,0.993244444444,0.00261872615831,0.993244444444,0.00261872615831
3.0199517204e-05,3.0199517204e-05,3.0199517204e-05,3.0199517204e-05,3.0199517204e-05,3.0199517204e-05,3.0199517204e-05,3.0199517204e-05,3.0199517204e-05,3.0199517204e-05,3.0199517204e-05,3.0199517204e-05,3.0199517204e-05,3.0199517204e-05,3.0199517204e-05,3.0199517204e-05,3.0199517204e-05,3.0199517204e-05,1,X112 X123,0.993711111111,0.0022939756741,0.993711111111,0.0022939756741
3.0199517204e-05,3.0199517204e-05,3.0199517204e-05,3.0199517204e-05,3.0199517204e-05,3.0199517204e-05,3.0199517204e-05,3.0199517204e-05,3.0199517204e-05,3.0199517204e-05,3.0199517204e-05,3.0199517204e-05,3.0199517204e-05,3.0199517204e-05,3.0199517204e-05,3.0199517204e-05,3.0199517204e-05,3.0199517204e-05,1,X113 X124,0.994244444444,0.00208246341991,0.994244444444,0.00208246341991
3.0199517204e-05,3.0199517204e-05,3.0199517204e-05,3.0199517204e-05,3.0199517204e-05,3.0199517204e-05,3.0199517204e-05,3.0199517204e-05,3.0199517204e-05,3.0199517204e-05,3.0199517204e-05,3.0199517204e-05,3.0199517204e-05,3.0199517204e-05,3.0199517204e-05,3.0199517204e-05,3.0199517204e-05,3.0199517204e-05,1,X114 X125,0.994711111111,0.00168775925117,0.994711111111,0.00168775925117
3.0199517204e-05,3.0199517204e-05,3.0199517204e-05,3.0199517204e-05,3.0199517204e-05,3.0199517204e-05,3.0199517204e-05,3.0199517204e-05,3.0199517204e-05,3.0199517204e-05,3.0199517204e-05,3.0199517204e-05,3.0199517204e-05,3.0199517204e-05,3.0199517204e-05,3.0199517204e-05,3.0199517204e-05,3.0199517204e-05,1,X115 X126,0.9934,0.00221004325472,0.9934,0.00221004325472
3.0199517204e-05,3.0199517204e-05,3.0199517204e-05,3.0199517204e-05,3.0199517204e-05,3.0199517204e-05,3.0199517204e-05,3.0199517204e-05,3.0199517204e-05,3.0199517204e-05,3.0199517204e-05,3.0199517204e-05,3.0199517204e-05,3.0199517204e-05,3.0199517204e-05,3.0199517204e-05,3.0199517204e-05,3.0199517204e-05,1,X116 X127,0.993688888889,0.00214946011814,0.993688888889,0.00214946011814
3.0199517204e-05,3.0199517204e-05,3.0199517204e-05,3.0199517204e-05,3.0199517204e-05,3.0199517204e-05,3.0199517204e-05,3.0199517204e-05,3.0199517204e-05,3.0199517204e-05,3.0199517204e-05,3.0199517204e-05,3.0199517204e-05,3.0199517204e-05,3.0199517204e-05,3.0199517204e-05,3.0199517204e-05,3.0199517204e-05,1,X117 X128,0.994177777778,0.00169681543808,0.994177777778,0.00169681543808
3.0199517204e-05,3.0199517204e-05,3.0199517204e-05,3.0199517204e-05,3.0199517204e-05,3.0199517204e-05,3.0199517204e-05,3.0199517204e-05,3.0199517204e-05,3.0199517204e-05,3.0199517204e-05,3.0199517204e-05,3.0199517204e-05,3.0199517204e-05,3.0199517204e-05,3.0199517204e-05,3.0199517204e-05,3.0199517204e-05,1,X118 X129,0.993311111111,0.00217603339318,0.993311111111,0.00217603339318
3.0199517204e-05,3.0199517204e-05,3.0199517204e-05,3.0199517204e-05,3.0199517204e-05,3.0199517204e-05,3.0199517204e-05,3.0199517204e-05,3.0199517204e-05,3.0199517204e-05,3.0199517204e-05,3.0199517204e-05,3.0199517204e-05,3.0199517204e-05,3.0199517204e-05,3.0199517204e-05,3.0199517204e-05,3.0199517204e-05,1,X119 X130,0.993288888889,0.00245063653211,0.993288888889,0.00245063653211
3.0199517204e-05,3.0199517204e-05,3.0199517204e-05,3.0199517204e-05,3.0199517204e-05,3.0199517204e-05,3.0199517204e-05,3.0199517204e-05,3.0199517204e-05,3.0199517204e-05,3.0199517204e-05,3.0199517204e-05,3.0199517204e-05,3.0199517204e-05,3.0199517204e-05,3.0199517204e-05,3.0199517204e-05,3.0199517204e-05,1,X12 X16,0.994311111111,0.00196313404397,0.994311111111,0.00196313404397
3.0199517204e-05,3.0199517204e-05,3.0199517204e-05,3.0199517204e-05,3.0199517204e-05,3.0199517204e-05,3.0199517204e-05,3.0199517204e-05,3.0199517204e-05,3.0199517204e-05,3.0199517204e-05,3.0199517204e-05,3.0199517204e-05,3.0199517204e-05,3.0199517204e-05,3.0199517204e-05,3.0199517204e-05,3.0199517204e-05,1,X120 X131,0.993088888889,0.00224535848768,0.993088888889,0.00224535848768
3.0199517204e-05,3.0199517204e-05,3.0199517204e-05,3.0199517204e-05,3.0199517204e-05,3.0199517204e-05,3.0199517204e-05,3.0199517204e-05,3.0199517204e-05,3.0199517204e-05,3.0199517204e-05,3.0199517204e-05,3.0199517204e-05,3.0199517204e-05,3.0199517204e-05,3.0199517204e-05,3.0199517204e-05,3.0199517204e-05,1,X121 Y132 Z142,0.989444444444,0.00231657914882,0.989444444444,0.00231657914882
3.0199517204e-05,3.0199517204e-05,3.0199517204e-05,3.0199517204e-05,3.0199517204e-05,3.0199517204e-05,3.0199517204e-05,3.0199517204e-05,3.0199517204e-05,3.0199517204e-05,3.0199517204e-05,3.0199517204e-05,3.0199517204e-05,3.0199517204e-05,3.0199517204e-05,3.0199517204e-05,3.0199517204e-05,3.0199517204e-05,1,X122 Z132 Y133 Y142 Z143 X152,0.981822222222,0.00342151557615,0.981822222222,0.00342151557615
3.0199517204e-05,3.0199517204e-05,3.0199517204e-05,3.0199517204e-05,3.0199517204e-05,3.0199517204e-05,3.0199517204e-05,3.0199517204e-05,3.0199517204e-05,3.0199517204e-05,3.0199517204e-05,3.0199517204e-05,3.0199517204e-05,3.0199517204e-05,3.0199517204e-05,3.0199517204e-05,3.0199517204e-05,3.0199517204e-05,1,X123 Z133 Y134 Y143 Z144 X153,0.982688888889,0.00417062647088,0.982688888889,0.00417062647088
3.0199517204e-05,3.0199517204e-05,3.0199517204e-05,3.0199517204e-05,3.0199517204e-05,3.0199517204e-05,3.0199517204e-05,3.0199517204e-05,3.0199517204e-05,3.0199517204e-05,3.0199517204e-05,3.0199517204e-05,3.0199517204e-05,3.0199517204e-05,3.0199517204e-05,3.0199517204e-05,3.0199517204e-05,3.0199517204e-05,1,X124 Z134 Y135 Y144 Z145 X154,0.9824,0.00309541745091,0.9824,0.00309541745091
3.0199517204e-05,3.0199517204e-05,3.0199517204e-05,3.0199517204e-05,3.0199517204e-05,3.0199517204e-05,3.0199517204e-05,3.0199517204e-05,3.0199517204e-05,3.0199517204e-05,3.0199517204e-05,3.0199517204e-05,3.0199517204e-05,3.0199517204e-05,3.0199517204e-05,3.0199517204e-05,3.0199517204e-05,3.0199517204e-05,1,X125 Z135 Y136 Y145 Z146 X155,0.982577777778,0.00383464078986,0.982577777778,0.00383464078986
3.0199517204e-05,3.0199517204e-05,3.0199517204e-05,3.0199517204e-05,3.0199517204e-05,3.0199517204e-05,3.0199517204e-05,3.0199517204e-05,3.0199517204e-05,3.0199517204e-05,3.0199517204e-05,3.0199517204e-05,3.0199517204e-05,3.0199517204e-05,3.0199517204e-05,3.0199517204e-05,3.0199517204e-05,3.0199517204e-05,1,X126 Z136 Y137 Y146 Z147 X156,0.982177777778,0.00299646449823,0.982177777778,0.00299646449823
3.0199517204e-05,3.0199517204e-05,3.0199517204e-05,3.0199517204e-05,3.0199517204e-05,3.0199517204e-05,3.0199517204e-05,3.0199517204e-05,3.0199517204e-05,3.0199517204e-05,3.0199517204e-05,3.0199517204e-05,3.0199517204e-05,3.0199517204e-05,3.0199517204e-05,3.0199517204e-05,3.0199517204e-05,3.0199517204e-05,1,X127 Z137 Y138 Y147 Z148 X157,0.9822,0.00355859544379,0.9822,0.00355859544379
3.0199517204e-05,3.0199517204e-05,3.0199517204e-05,3.0199517204e-05,3.0199517204e-05,3.0199517204e-05,3.0199517204e-05,3.0199517204e-05,3.0199517204e-05,3.0199517204e-05,3.0199517204e-05,3.0199517204e-05,3.0199517204e-05,3.0199517204e-05,3.0199517204e-05,3.0199517204e-05,3.0199517204e-05,3.0199517204e-05,1,X128 Z138 Y139 Y148 Z149 X158,0.981377777778,0.00303205522313,0.981377777778,0.00303205522313
3.0199517204e-05,3.0199517204e-05,3.0199517204e-05,3.0199517204e-05,3.0199517204e-05,3.0199517204e-05,3.0199517204e-05,3.0199517204e-05,3.0199517204e-05,3.0199517204e-05,3.0199517204e-05,3.0199517204e-05,3.0199517204e-05,3.0199517204e-05,3.0199517204e-05,3.0199517204e-05,3.0199517204e-05,3.0199517204e-05,1,X129 Z139 Y140 Y149 Z150 X159,0.9812,0.00326786278829,0.9812,0.00326786278829
3.0199517204e-05,3.0199517204e-05,3.0199517204e-05,3.0199517204e-05,3.0199517204e-05,3.0199517204e-05,3.0199517204e-05,3.0199517204e-05,3.0199517204e-05,3.0199517204e-05,3.0199517204e-05,3.0199517204e-05,3.0199517204e-05,3.0199517204e-05,3.0199517204e-05,3.0199517204e-05,3.0199517204e-05,3.0199517204e-05,1,X13 X17,0.994844444444,0.00162295160215,0.994844444444,0.00162295160215
3.0199517204e-05,3.0199517204e-05,3.0199517204e-05,3.0199517204e-05,3.0199517204e-05,3.0199517204e-05,3.0199517204e-05,3.0199517204e-05,3.0199517204e-05,3.0199517204e-05,3.0199517204e-05,3.0199517204e-05,3.0199517204e-05,3.0199517204e-05,3.0199517204e-05,3.0199517204e-05,3.0199517204e-05,3.0199517204e-05,1,X130 Z140 Y141 Y150 Z151 X160,0.983066666667,0.00374104294266,0.983066666667,0.00374104294266
3.0199517204e-05,3.0199517204e-05,3.0199517204e-05,3.0199517204e-05,3.0199517204e-05,3.0199517204e-05,3.0199517204e-05,3.0199517204e-05,3.0199517204e-05,3.0199517204e-05,3.0199517204e-05,3.0199517204e-05,3.0199517204e-05,3.0199517204e-05,3.0199517204e-05,3.0199517204e-05,3.0199517204e-05,3.0199517204e-05,1,X132 X142,0.994511111111,0.00163001853017,0.994511111111,0.00163001853017
3.0199517204e-05,3.0199517204e-05,3.0199517204e-05,3.0199517204e-05,3.0199517204e-05,3.0199517204e-05,3.0199517204e-05,3.0199517204e-05,3.0199517204e-05,3.0199517204e-05,3.0199517204e-05,3.0199517204e-05,3.0199517204e-05,3.0199517204e-05,3.0199517204e-05,3.0199517204e-05,3.0199517204e-05,3.0199517204e-05,1,X133 X143,0.994333333333,0.0019397041288,0.994333333333,0.0019397041288
3.0199517204e-05,3.0199517204e-05,3.0199517204e-05,3.0199517204e-05,3.0199517204e-05,3.0199517204e-05,3.0199517204e-05,3.0199517204e-05,3.0199517204e-05,3.0199517204e-05,3.0199517204e-05,3.0199517204e-05,3.0199517204e-05,3.0199517204e-05,3.0199517204e-05,3.0199517204e-05,3.0199517204e-05,3.0199517204e-05,1,X134 X144,0.993955555556,0.00207102494353,0.993955555556,0.00207102494353
3.0199517204e-05,3.0199517204e-05,3.0199517204e-05,3.0199517204e-05,3.0199517204e-05,3.0199517204e-05,3.0199517204e-05,3.0199517204e-05,3.0199517204e-05,3.0199517204e-05,3.0199517204e-05,3.0199517204e-05,3.0199517204e-05,3.0199517204e-05,3.0199517204e-05,3.0199517204e-05,3.0199517204e-05,3.0199517204e-05,1,X135 X145,0.993533333333,0.00180378486709,0.993533333333,0.00180378486709
3.0199517204e-05,3.0199517204e-05,3.0199517204e-05,3.0199517204e-05,3.0199517204e-05,3.0199517204e-05,3.0199517204e-05,3.0199517204e-05,3.0199517204e-05,3.0199517204e-05,3.0199517204e-05,3.0199517204e-05,3.0199517204e-05,3.0199517204e-05,3.0199517204e-05,3.0199517204e-05,3.0199517204e-05,3.0199517204e-05,1,X136 X146,0.9936,0.0017559968406,0.9936,0.0017559968406
3.0199517204e-05,3.0199517204e-05,3.0199517204e-05,3.0199517204e-05,3.0199517204e-05,3.0199517204e-05,3.0199517204e-05,3.0199517204e-05,3.0199517204e-05,3.0199517204e-05,3.0199517204e-05,3.0199517204e-05,3.0199517204e-05,3.0199517204e-05,3.0199517204e-05,3.0199517204e-05,3.0199517204e-05,3.0199517204e-05,1,X137 X147,0.993511111111,0.00216508931679,0.993511111111,0.00216508931679
3.0199517204e-05,3.0199517204e-05,3.0199517204e-05,3.0199517204e-05,3.0199517204e-05,3.0199517204e-05,3.0199517204e-05,3.0199517204e-05,3.0199517204e-05,3.0199517204e-05,3.0199517204e-05,3.0199517204e-05,3.0199517204e-05,3.0199517204e-05,3.0199517204e-05,3.0199517204e-05,3.0199517204e-05,3.0199517204e-05,1,X138 X148,0.993866666667,0.00198384278205,0.993866666667,0.00198384278205
3.0199517204e-05,3.0199517204e-05,3.0199517204e-05,3.0199517204e-05,3.0199517204e-05,3.0199517204e-05,3.0199517204e-05,3.0199517204e-05,3.0199517204e-05,3.0199517204e-05,3.0199517204e-05,3.0199517204e-05,3.0199517204e-05,3.0199517204e-05,3.0199517204e-05,3.0199517204e-05,3.0199517204e-05,3.0199517204e-05,1,X139 X149,0.9924,0.00251645922872,0.9924,0.00251645922872
3.0199517204e-05,3.0199517204e-05,3.0199517204e-05,3.0199517204e-05,3.0199517204e-05,3.0199517204e-05,3.0199517204e-05,3.0199517204e-05,3.0199517204e-05,3.0199517204e-05,3.0199517204e-05,3.0199517204e-05,3.0199517204e-05,3.0199517204e-05,3.0199517204e-05,3.0199517204e-05,3.0199517204e-05,3.0199517204e-05,1,X14 X18,0.994466666667,0.00184577803425,0.994466666667,0.00184577803425
3.0199517204e-05,3.0199517204e-05,3.0199517204e-05,3.0199517204e-05,3.0199517204e-05,3.0199517204e-05,3.0199517204e-05,3.0199517204e-05,3.0199517204e-05,3.0199517204e-05,3.0199517204e-05,3.0199517204e-05,3.0199517204e-05,3.0199517204e-05,3.0199517204e-05,3.0199517204e-05,3.0199517204e-05,3.0199517204e-05,1,X140 X150,0.993844444444,0.00168548760146,0.993844444444,0.00168548760146
3.0199517204e-05,3.0199517204e-05,3.0199517204e-05,3.0199517204e-05,3.0199517204e-05,3.0199517204e-05,3.0199517204e-05,3.0199517204e-05,3.0199517204e-05,3.0199517204e-05,3.0199517204e-05,3.0199517204e-05,3.0199517204e-05,3.0199517204e-05,3.0199517204e-05,3.0199517204e-05,3.0199517204e-05,3.0199517204e-05,1,X141 X151,0.993644444444,0.00204720786085,0.993644444444,0.00204720786085
3.0199517204e-05,3.0199517204e-05,3.0199517204e-05,3.0199517204e-05,3.0199517204e-05,3.0199517204e-05,3.0199517204e-05,3.0199517204e-05,3.0199517204e-05,3.0199517204e-05,3.0199517204e-05,3.0199517204e-05,3.0199517204e-05,3.0199517204e-05,3.0199517204e-05,3.0199517204e-05,3.0199517204e-05,3.0199517204e-05,1,X143 Z152 Y153 Y161 Z162 X170,0.982711111111,0.00315103015854,0.982711111111,0.00315103015854
3.0199517204e-05,3.0199517204e-05,3.0199517204e-05,3.0199517204e-05,3.0199517204e-05,3.0199517204e-05,3.0199517204e-05,3.0199517204e-05,3.0199517204e-05,3.0199517204e-05,3.0199517204e-05,3.0199517204e-05,3.0199517204e-05,3.0199517204e-05,3.0199517204e-05,3.0199517204e-05,3.0199517204e-05,3.0199517204e-05,1,X144 Z153 Y154 Y162 Z163 X171,0.982511111111,0.00301049674919,0.982511111111,0.00301049674919
3.0199517204e-05,3.0199517204e-05,3.0199517204e-05,3.0199517204e-05,3.0199517204e-05,3.0199517204e-05,3.0199517204e-05,3.0199517204e-05,3.0199517204e-05,3.0199517204e-05,3.0199517204e-05,3.0199517204e-05,3.0199517204e-05,3.0199517204e-05,3.0199517204e-05,3.0199517204e-05,3.0199517204e-05,3.0199517204e-05,1,X145 Z154 Y155 Y163 Z164 X172,0.981933333333,0.00321085324237,0.981933333333,0.00321085324237
3.0199517204e-05,3.0199517204e-05,3.0199517204e-05,3.0199517204e-05,3.0199517204e-05,3.0199517204e-05,3.0199517204e-05,3.0199517204e-05,3.0199517204e-05,3.0199517204e-05,3.0199517204e-05,3.0199517204e-05,3.0199517204e-05,3.0199517204e-05,3.0199517204e-05,3.0199517204e-05,3.0199517204e-05,3.0199517204e-05,1,X146 Z155 Y156 Y164 Z165 X173,0.982222222222,0.00353345622572,0.982222222222,0.00353345622572
3.0199517204e-05,3.0199517204e-05,3.0199517204e-05,3.0199517204e-05,3.0199517204e-05,3.0199517204e-05,3.0199517204e-05,3.0199517204e-05,3.0199517204e-05,3.0199517204e-05,3.0199517204e-05,3.0199517204e-05,3.0199517204e-05,3.0199517204e-05,3.0199517204e-05,3.0199517204e-05,3.0199517204e-05,3.0199517204e-05,1,X147 Z156 Y157 Y165 Z166 X174,0.983422222222,0.00277223969005,0.983422222222,0.00277223969005
3.0199517204e-05,3.0199517204e-05,3.0199517204e-05,3.0199517204e-05,3.0199517204e-05,3.0199517204e-05,3.0199517204e-05,3.0199517204e-05,3.0199517204e-05,3.0199517204e-05,3.0199517204e-05,3.0199517204e-05,3.0199517204e-05,3.0199517204e-05,3.0199517204e-05,3.0199517204e-05,3.0199517204e-05,3.0199517204e-05,1,X148 Z157 Y158 Y166 Z167 X175,0.982355555556,0.00356970365205,0.982355555556,0.00356970365205
3.0199517204e-05,3.0199517204e-05,3.0199517204e-05,3.0199517204e-05,3.0199517204e-05,3.0199517204e-05,3.0199517204e-05,3.0199517204e-05,3.0199517204e-05,3.0199517204e-05,3.0199517204e-05,3.0199517204e-05,3.0199517204e-05,3.0199517204e-05,3.0199517204e-05,3.0199517204e-05,3.0199517204e-05,3.0199517204e-05,1,X149 Z158 Y159 Y167 Z168 X176,0.980666666667,0.0030575576861,0.980666666667,0.0030575576861
3.0199517204e-05,3.0199517204e-05,3.0199517204e-05,3.0199517204e-05,3.0199517204e-05,3.0199517204e-05,3.0199517204e-05,3.0199517204e-05,3.0199517204e-05,3.0199517204e-05,3.0199517204e-05,3.0199517204e-05,3.0199517204e-05,3.0199517204e-05,3.0199517204e-05,3.0199517204e-05,3.0199517204e-05,3.0199517204e-05,1,X15 X19,0.993866666667,0.001888866351,0.993866666667,0.001888866351
3.0199517204e-05,3.0199517204e-05,3.0199517204e-05,3.0199517204e-05,3.0199517204e-05,3.0199517204e-05,3.0199517204e-05,3.0199517204e-05,3.0199517204e-05,3.0199517204e-05,3.0199517204e-05,3.0199517204e-05,3.0199517204e-05,3.0199517204e-05,3.0199517204e-05,3.0199517204e-05,3.0199517204e-05,3.0199517204e-05,1,X150 Z159 Y160 Y168 Z169 X177,0.980822222222,0.00368359034141,0.980822222222,0.00368359034141
3.0199517204e-05,3.0199517204e-05,3.0199517204e-05,3.0199517204e-05,3.0199517204e-05,3.0199517204e-05,3.0199517204e-05,3.0199517204e-05,3.0199517204e-05,3.0199517204e-05,3.0199517204e-05,3.0199517204e-05,3.0199517204e-05,3.0199517204e-05,3.0199517204e-05,3.0199517204e-05,3.0199517204e-05,3.0199517204e-05,1,X151 Z160 Y169,0.988511111111,0.00272174911832,0.988511111111,0.00272174911832
3.0199517204e-05,3.0199517204e-05,3.0199517204e-05,3.0199517204e-05,3.0199517204e-05,3.0199517204e-05,3.0199517204e-05,3.0199517204e-05,3.0199517204e-05,3.0199517204e-05,3.0199517204e-05,3.0199517204e-05,3.0199517204e-05,3.0199517204e-05,3.0199517204e-05,3.0199517204e-05,3.0199517204e-05,3.0199517204e-05,1,X152 X161,0.993422222222,0.00220576279945,0.993422222222,0.00220576279945
3.0199517204e-05,3.0199517204e-05,3.0199517204e-05,3.0199517204e-05,3.0199517204e-05,3.0199517204e-05,3.0199517204e-05,3.0199517204e-05,3.0199517204e-05,3.0199517204e-05,3.0199517204e-05,3.0199517204e-05,3.0199517204e-05,3.0199517204e-05,3.0199517204e-05,3.0199517204e-05,3.0199517204e-05,3.0199517204e-05,1,X153 X162,0.993533333333,0.00187869686637,0.993533333333,0.00187869686637
3.0199517204e-05,3.0199517204e-05,3.0199517204e-05,3.0199517204e-05,3.0199517204e-05,3.0199517204e-05,3.0199517204e-05,3.0199517204e-05,3.0199517204e-05,3.0199517204e-05,3.0199517204e-05,3.0199517204e-05,3.0199517204e-05,3.0199517204e-05,3.0199517204e-05,3.0199517204e-05,3.0199517204e-05,3.0199517204e-05,1,X154 X163,0.992777777778,0.00166167835879,0.992777777778,0.00166167835879
3.0199517204e-05,3.0199517204e-05,3.0199517204e-05,3.0199517204e-05,3.0199517204e-05,3.0199517204e-05,3.0199517204e-05,3.0199517204e-05,3.0199517204e-05,3.0199517204e-05,3.0199517204e-05,3.0199517204e-05,3.0199517204e-05,3.0199517204e-05,3.0199517204e-05,3.0199517204e-05,3.0199517204e-05,3.0199517204e-05,1,X155 X164,0.993666666667,0.00194758913744,0.993666666667,0.00194758913744
3.0199517204e-05,3.0199517204e-05,3.0199517204e-05,3.0199517204e-05,3.0199517204e-05,3.0199517204e-05,3.0199517204e-05,3.0199517204e-05,3.0199517204e-05,3.0199517204e-05,3.0199517204e-05,3.0199517204e-05,3.0199517204e-05,3.0199517204e-05,3.0199517204e-05,3.0199517204e-05,3.0199517204e-05,3.0199517204e-05,1,X156 X165,0.9942,0.0022293754602,0.9942,0.0022293754602
3.0199517204e-05,3.0199517204e-05,3.0199517204e-05,3.0199517204e-05,3.0199517204e-05,3.0199517204e-05,3.0199517204e-05,3.0199517204e-05,3.0199517204e-05,3.0199517204e-05,3.0199517204e-05,3.0199517204e-05,3.0199517204e-05,3.0199517204e-05,3.0199517204e-05,3.0199517204e-05,3.0199517204e-05,3.0199517204e-05,1,X157 X166,0.993822222222,0.00207102494353,0.993822222222,0.00207102494353
3.0199517204e-05,3.0199517204e-05,3.0199517204e-05,3.0199517204e-05,3.0199517204e-05,3.0199517204e-05,3.0199517204e-05,3.0199517204e-05,3.0199517204e-05,3.0199517204e-05,3.0199517204e-05,3.0199517204e-05,3.0199517204e-05,3.0199517204e-05,3.0199517204e-05,3.0199517204e-05,3.0199517204e-05,3.0199517204e-05,1,X158 X167,0.993955555556,0.00198023438632,0.993955555556,0.00198023438632
3.0199517204e-05,3.0199517204e-05,3.0199517204e-05,3.0199517204e-05,3.0199517204e-05,3.0199517204e-05,3.0199517204e-05,3.0199517204e-05,3.0199517204e-05,3.0199517204e-05,3.0199517204e-05,3.0199517204e-05,3.0199517204e-05,3.0199517204e-05,3.0199517204e-05,3.0199517204e-05,3.0199517204e-05,3.0199517204e-05,1,X159 X168,0.992666666667,0.0027403610244,0.992666666667,0.0027403610244
3.0199517204e-05,3.0199517204e-05,3.0199517204e-05,3.0199517204e-05,3.0199517204e-05,3.0199517204e-05,3.0199517204e-05,3.0199517204e-05,3.0199517204e-05,3.0199517204e-05,3.0199517204e-05,3.0199517204e-05,3.0199517204e-05,3.0199517204e-05,3.0199517204e-05,3.0199517204e-05,3.0199517204e-05,3.0199517204e-05,1,X16 Z20 Y21 Y25 Z26 X31,0.981733333333,0.00319770032309,0.981733333333,0.00319770032309
3.0199517204e-05,3.0199517204e-05,3.0199517204e-05,3.0199517204e-05,3.0199517204e-05,3.0199517204e-05,3.0199517204e-05,3.0199517204e-05,3.0199517204e-05,3.0199517204e-05,3.0199517204e-05,3.0199517204e-05,3.0199517204e-05,3.0199517204e-05,3.0199517204e-05,3.0199517204e-05,3.0199517204e-05,3.0199517204e-05,1,X160 X169,0.994088888889,0.00237956390823,0.994088888889,0.00237956390823
3.0199517204e-05,3.0199517204e-05,3.0199517204e-05,3.0199517204e-05,3.0199517204e-05,3.0199517204e-05,3.0199517204e-05,3.0199517204e-05,3.0199517204e-05,3.0199517204e-05,3.0199517204e-05,3.0199517204e-05,3.0199517204e-05,3.0199517204e-05,3.0199517204e-05,3.0199517204e-05,3.0199517204e-05,3.0199517204e-05,1,X161 Y170 Z178,0.989222222222,0.0031371379852,0.989222222222,0.0031371379852
3.0199517204e-05,3.0199517204e-05,3.0199517204e-05,3.0199517204e-05,3.0199517204e-05,3.0199517204e-05,3.0199517204e-05,3.0199517204e-05,3.0199517204e-05,3.0199517204e-05,3.0199517204e-05,3.0199517204e-05,3.0199517204e-05,3.0199517204e-05,3.0199517204e-05,3.0199517204e-05,3.0199517204e-05,3.0199517204e-05,1,X162 Z170 Y171 Y178 Z179 X186,0.983444444444,0.00252547682738,0.983444444444,0.00252547682738
3.0199517204e-05,3.0199517204e-05,3.0199517204e-05,3.0199517204e-05,3.0199517204e-05,3.0199517204e-05,3.0199517204e-05,3.0199517204e-05,3.0199517204e-05,3.0199517204e-05,3.0199517204e-05,3.0199517204e-05,3.0199517204e-05,3.0199517204e-05,3.0199517204e-05,3.0199517204e-05,3.0199517204e-05,3.0199517204e-05,1,X163 Z171 Y172 Y179 Z180 X187,0.982622222222,0.00372187623485,0.982622222222,0.00372187623485
3.0199517204e-05,3.0199517204e-05,3.0199517204e-05,3.0199517204e-05,3.0199517204e-05,3.0199517204e-05,3.0199517204e-05,3.0199517204e-05,3.0199517204e-05,3.0199517204e-05,3.0199517204e-05,3.0199517204e-05,3.0199517204e-05,3.0199517204e-05,3.0199517204e-05,3.0199517204e-05,3.0199517204e-05,3.0199517204e-05,1,X164 Z172 Y173 Y180 Z181 X188,0.982822222222,0.00330184359664,0.982822222222,0.00330184359664
3.0199517204e-05,3.0199517204e-05,3.0199517204e-05,3.0199517204e-05,3.0199517204e-05,3.0199517204e-05,3.0199517204e-05,3.0199517204e-05,3.0199517204e-05,3.0199517204e-05,3.0199517204e-05,3.0199517204e-05,3.0199517204e-05,3.0199517204e-05,3.0199517204e-05,3.0199517204e-05,3.0199517204e-05,3.0199517204e-05,1,X165 Z173 Y174 Y181 Z182 X189,0.981977777778,0.00304491704249,0.981977777778,0.00304491704249
3.0199517204e-05,3.0199517204e-05,3.0199517204e-05,3.0199517204e-05,3.0199517204e-05,3.0199517204e-05,3.0199517204e-05,3.0199517204e-05,3.0199517204e-05,3.0199517204e-05,3.0199517204e-05,3.0199517204e-05,3.0199517204e-05,3.0199517204e-05,3.0199517204e-05,3.0199517204e-05,3.0199517204e-05,3.0199517204e-05,1,X166 Z174 Y175 Y182 Z183 X190,0.981333333333,0.00234888087806,0.981333333333,0.00234888087806
3.0199517204e-05,3.0199517204e-05,3.0199517204e-05,3.0199517204e-05,3.0199517204e-05,3.0199517204e-05,3.0199517204e-05,3.0199517204e-05,3.0199517204e-05,3.0199517204e-05,3.0199517204e-05,3.0199517204e-05,3.0199517204e-05,3.0199517204e-05,3.0199517204e-05,3.0199517204e-05,3.0199517204e-05,3.0199517204e-05,1,X167 Z175 Y176 Y183 Z184 X191,0.981333333333,0.00310727733133,0.981333333333,0.00310727733133
3.0199517204e-05,3.0199517204e-05,3.0199517204e-05,3.0199517204e-05,3.0199517204e-05,3.0199517204e-05,3.0199517204e-05,3.0199517204e-05,3.0199517204e-05,3.0199517204e-05,3.0199517204e-05,3.0199517204e-05,3.0199517204e-05,3.0199517204e-05,3.0199517204e-05,3.0199517204e-05,3.0199517204e-05,3.0199517204e-05,1,X168 Z176 Y177 Y184 Z185 X192,0.980688888889,0.00364931456676,0.980688888889,0.00364931456676
3.0199517204e-05,3.0199517204e-05,3.0199517204e-05,3.0199517204e-05,3.0199517204e-05,3.0199517204e-05,3.0199517204e-05,3.0199517204e-05,3.0199517204e-05,3.0199517204e-05,3.0199517204e-05,3.0199517204e-05,3.0199517204e-05,3.0199517204e-05,3.0199517204e-05,3.0199517204e-05,3.0199517204e-05,3.0199517204e-05,1,X17 Z21 Y22 Y26 Z27 X32,0.982111111111,0.00304793546524,0.982111111111,0.00304793546524
3.0199517204e-05,3.0199517204e-05,3.0199517204e-05,3.0199517204e-05,3.0199517204e-05,3.0199517204e-05,3.0199517204e-05,3.0199517204e-05,3.0199517204e-05,3.0199517204e-05,3.0199517204e-05,3.0199517204e-05,3.0199517204e-05,3.0199517204e-05,3.0199517204e-05,3.0199517204e-05,3.0199517204e-05,3.0199517204e-05,1,X170 X178,0.994533333333,0.0017802664573,0.994533333333,0.0017802664573
3.0199517204e-05,3.0199517204e-05,3.0199517204e-05,3.0199517204e-05,3.0199517204e-05,3.0199517204e-05,3.0199517204e-05,3.0199517204e-05,3.0199517204e-05,3.0199517204e-05,3.0199517204e-05,3.0199517204e-05,3.0199517204e-05,3.0199517204e-05,3.0199517204e-05,3.0199517204e-05,3.0199517204e-05,3.0199517204e-05,1,X171 X179,0.994244444444,0.00223166575817,0.994244444444,0.00223166575817
3.0199517204e-05,3.0199517204e-05,3.0199517204e-05,3.0199517204e-05,3.0199517204e-05,3.0199517204e-05,3.0199517204e-05,3.0199517204e-05,3.0199517204e-05,3.0199517204e-05,3.0199517204e-05,3.0199517204e-05,3.0199517204e-05,3.0199517204e-05,3.0199517204e-05,3.0199517204e-05,3.0199517204e-05,3.0199517204e-05,1,X172 X180,0.994155555556,0.00200140436007,0.994155555556,0.00200140436007
3.0199517204e-05,3.0199517204e-05,3.0199517204e-05,3.0199517204e-05,3.0199517204e-05,3.0199517204e-05,3.0199517204e-05,3.0199517204e-05,3.0199517204e-05,3.0199517204e-05,3.0199517204e-05,3.0199517204e-05,3.0199517204e-05,3.0199517204e-05,3.0199517204e-05,3.0199517204e-05,3.0199517204e-05,3.0199517204e-05,1,X173 X181,0.993444444444,0.0019264907316,0.993444444444,0.0019264907316
3.0199517204e-05,3.0199517204e-05,3.0199517204e-05,3.0199517204e-05,3.0199517204e-05,3.0199517204e-05,3.0199517204e-05,3.0199517204e-05,3.0199517204e-05,3.0199517204e-05,3.0199517204e-05,3.0199517204e-05,3.0199517204e-05,3.0199517204e-05,3.0199517204e-05,3.0199517204e-05,3.0199517204e-05,3.0199517204e-05,1,X174 X182,0.993755555556,0.00248510248381,0.993755555556,0.00248510248381
3.0199517204e-05,3.0199517204e-05,3.0199517204e-05,3.0199517204e-05,3.0199517204e-05,3.0199517204e-05,3.0199517204e-05,3.0199517204e-05,3.0199517204e-05,3.0199517204e-05,3.0199517204e-05,3.0199517204e-05,3.0199517204e-05,3.0199517204e-05,3.0199517204e-05,3.0199517204e-05,3.0199517204e-05,3.0199517204e-05,1,X175 X183,0.994066666667,0.00169153855469,0.994066666667,0.00169153855469
3.0199517204e-05,3.0199517204e-05,3.0199517204e-05,3.0199517204e-05,3.0199517204e-05,3.0199517204e-05,3.0199517204e-05,3.0199517204e-05,3.0199517204e-05,3.0199517204e-05,3.0199517204e-05,3.0199517204e-05,3.0199517204e-05,3.0199517204e-05,3.0199517204e-05,3.0199517204e-05,3.0199517204e-05,3.0199517204e-05,1,X176 X184,0.993244444444,0.0023731146311,0.993244444444,0.0023731146311
3.0199517204e-05,3.0199517204e-05,3.0199517204e-05,3.0199517204e-05,3.0199517204e-05,3.0199517204e-05,3.0199517204e-05,3.0199517204e-05,3.0199517204e-05,3.0199517204e-05,3.0199517204e-05,3.0199517204e-05,3.0199517204e-05,3.0199517204e-05,3.0199517204e-05,3.0199517204e-05,3.0199517204e-05,3.0199517204e-05,1,X177 X185,0.992244444444,0.00245407368473,0.992244444444,0.00245407368473
3.0199517204e-05,3.0199517204e-05,3.0199517204e-05,3.0199517204e-05,3.0199517204e-05,3.0199517204e-05,3.0199517204e-05,3.0199517204e-05,3.0199517204e-05,3.0199517204e-05,3.0199517204e-05,3.0199517204e-05,3.0199517204e-05,3.0199517204e-05,3.0199517204e-05,3.0199517204e-05,3.0199517204e-05,3.0199517204e-05,1,X179 Z186 Y187 Y193 Z194 X200,0.981533333333,0.00354565191602,0.981533333333,0.00354565191602
3.0199517204e-05,3.0199517204e-05,3.0199517204e-05,3.0199517204e-05,3.0199517204e-05,3.0199517204e-05,3.0199517204e-05,3.0199517204e-05,3.0199517204e-05,3.0199517204e-05,3.0199517204e-05,3.0199517204e-05,3.0199517204e-05,3.0199517204e-05,3.0199517204e-05,3.0199517204e-05,3.0199517204e-05,3.0199517204e-05,1,X18 Z22 Y23 Y27 Z28 X33,0.982466666667,0.0041767464285,0.982466666667,0.0041767464285
3.0199517204e-05,3.0199517204e-05,3.0199517204e-05,3.0199517204e-05,3.0199517204e-05,3.0199517204e-05,3.0199517204e-05,3.0199517204e-05,3.0199517204e-05,3.0199517204e-05,3.0199517204e-05,3.0199517204e-05,3.0199517204e-05,3.0199517204e-05,3.0199517204e-05,3.0199517204e-05,3.0199517204e-05,3.0199517204e-05,1,X180 Z187 Y188 Y194 Z195 X201,0.982022222222,0.00366607449067,0.982022222222,0.00366607449067
3.0199517204e-05,3.0199517204e-05,3.0199517204e-05,3.0199517204e-05,3.0199517204e-05,3.0199517204e-05,3.0199517204e-05,3.0199517204e-05,3.0199517204e-05,3.0199517204e-05,3.0199517204e-05,3.0199517204e-05,3.0199517204e-05,3.0199517204e-05,3.0199517204e-05,3.0199517204e-05,3.0199517204e-05,3.0199517204e-05,1,X181 Z188 Y189 Y195 Z196 X202,0.982644444444,0.00321148959044,0.982644444444,0.00321148959044
3.0199517204e-05,3.0199517204e-05,3.0199517204e-05,3.0199517204e-05,3.0199517204e-05,3.0199517204e-05,3.0199517204e-05,3.0199517204e-05,3.0199517204e-05,3.0199517204e-05,3.0199517204e-05,3.0199517204e-05,3.0199517204e-05,3.0199517204e-05,3.0199517204e-05,3.0199517204e-05,3.0199517204e-05,3.0199517204e-05,1,X182 Z189 Y190 Y196 Z197 X203,0.980977777778,0.00339363087616,0.980977777778,0.00339363087616
3.0199517204e-05,3.0199517204e-05,3.0199517204e-05,3.0199517204e-05,3.0199517204e-05,3.0199517204e-05,3.0199517204e-05,3.0199517204e-05,3.0199517204e-05,3.0199517204e-05,3.0199517204e-05,3.0199517204e-05,3.0199517204e-05,3.0199517204e-05,3.0199517204e-05,3.0199517204e-05,3.0199517204e-05,3.0199517204e-05,1,X183 Z190 Y191 Y197 Z198 X204,0.981666666667,0.00267670524299,0.981666666667,0.00267670524299
3.0199517204e-05,3.0199517204e-05,3.0199517204e-05,3.0199517204e-05,3.0199517204e-05,3.0199517204e-05,3.0199517204e-05,3.0199517204e-05,3.0199517204e-05,3.0199517204e-05,3.0199517204e-05,3.0199517204e-05,3.0199517204e-05,3.0199517204e-05,3.0199517204e-05,3.0199517204e-05,3.0199517204e-05,3.0199517204e-05,1,X184 Z191 Y192 Y198 Z199 X205,0.981866666667,0.00298861184604,0.981866666667,0.00298861184604
3.0199517204e-05,3.0199517204e-05,3.0199517204e-05,3.0199517204e-05,3.0199517204e-05,3.0199517204e-05,3.0199517204e-05,3.0199517204e-05,3.0199517204e-05,3.0199517204e-05,3.0199517204e-05,3.0199517204e-05,3.0199517204e-05,3.0199517204e-05,3.0199517204e-05,3.0199517204e-05,3.0199517204e-05,3.0199517204e-05,1,X185 Z192 Y199,0.987711111111,0.00265331908581,0.987711111111,0.00265331908581
3.0199517204e-05,3.0199517204e-05,3.0199517204e-05,3.0199517204e-05,3.0199517204e-05,3.0199517204e-05,3.0199517204e-05,3.0199517204e-05,3.0199517204e-05,3.0199517204e-05,3.0199517204e-05,3.0199517204e-05,3.0199517204e-05,3.0199517204e-05,3.0199517204e-05,3.0199517204e-05,3.0199517204e-05,3.0199517204e-05,1,X186 X193,0.993355555556,0.00205281478251,0.993355555556,0.00205281478251
3.0199517204e-05,3.0199517204e-05,3.0199517204e-05,3.0199517204e-05,3.0199517204e-05,3.0199517204e-05,3.0199517204e-05,3.0199517204e-05,3.0199517204e-05,3.0199517204e-05,3.0199517204e-05,3.0199517204e-05,3.0199517204e-05,3.0199517204e-05,3.0199517204e-05,3.0199517204e-05,3.0199517204e-05,3.0199517204e-05,1,X187 X194,0.993333333333,0.00240051080133,0.993333333333,0.00240051080133
3.0199517204e-05,3.0199517204e-05,3.0199517204e-05,3.0199517204e-05,3.0199517204e-05,3.0199517204e-05,3.0199517204e-05,3.0199517204e-05,3.0199517204e-05,3.0199517204e-05,3.0199517204e-05,3.0199517204e-05,3.0199517204e-05,3.0199517204e-05,3.0199517204e-05,3.0199517204e-05,3.0199517204e-05,3.0199517204e-05,1,X188 X195,0.994177777778,0.00187692855267,0.994177777778,0.00187692855267
3.0199517204e-05,3.0199517204e-05,3.0199517204e-05,3.0199517204e-05,3.0199517204e-05,3.0199517204e-05,3.0199517204e-05,3.0199517204e-05,3.0199517204e-05,3.0199517204e-05,3.0199517204e-05,3.0199517204e-05,3.0199517204e-05,3.0199517204e-05,3.0199517204e-05,3.0199517204e-05,3.0199517204e-05,3.0199517204e-05,1,X189 X196,0.993822222222,0.00220715196479,0.993822222222,0.00220715196479
3.0199517204e-05,3.0199517204e-05,3.0199517204e-05,3.0199517204e-05,3.0199517204e-05,3.0199517204e-05,3.0199517204e-05,3.0199517204e-05,3.0199517204e-05,3.0199517204e-05,3.0199517204e-05,3.0199517204e-05,3.0199517204e-05,3.0199517204e-05,3.0199517204e-05,3.0199517204e-05,3.0199517204e-05,3.0199517204e-05,1,X19 Z23 Y24 Y28 Z29 X34,0.982422222222,0.00264058122786,0.982422222222,0.00264058122786
3.0199517204e-05,3.0199517204e-05,3.0199517204e-05,3.0199517204e-05,3.0199517204e-05,3.0199517204e-05,3.0199517204e-05,3.0199517204e-05,3.0199517204e-05,3.0199517204e-05,3.0199517204e-05,3.0199517204e-05,3.0199517204e-05,3.0199517204e-05,3.0199517204e-05,3.0199517204e-05,3.0199517204e-05,3.0199517204e-05,1,X190 X197,0.994177777778,0.00186052629915,0.994177777778,0.00186052629915
3.0199517204e-05,3.0199517204e-05,3.0199517204e-05,3.0199517204e-05,3.0199517204e-05,3.0199517204e-05,3.0199517204e-05,3.0199517204e-05,3.0199517204e-05,3.0199517204e-05,3.0199517204e-05,3.0199517204e-05,3.0199517204e-05,3.0199517204e-05,3.0199517204e-05,3.0199517204e-05,3.0199517204e-05,3.0199517204e-05,1,X191 X198,0.9938,0.00204283628238,0.9938,0.00204283628238
3.0199517204e-05,3.0199517204e-05,3.0199517204e-05,3.0199517204e-05,3.0199517204e-05,3.0199517204e-05,3.0199517204e-05,3.0199517204e-05,3.0199517204e-05,3.0199517204e-05,3.0199517204e-05,3.0199517204e-05,3.0199517204e-05,3.0199517204e-05,3.0199517204e-05,3.0199517204e-05,3.0199517204e-05,3.0199517204e-05,1,X192 X199,0.994266666667,0.00194640842249,0.994266666667,0.00194640842249
3.0199517204e-05,3.0199517204e-05,3.0199517204e-05,3.0199517204e-05,3.0199517204e-05,3.0199517204e-05,3.0199517204e-05,3.0199517204e-05,3.0199517204e-05,3.0199517204e-05,3.0199517204e-05,3.0199517204e-05,3.0199517204e-05,3.0199517204e-05,3.0199517204e-05,3.0199517204e-05,3.0199517204e-05,3.0199517204e-05,1,X193 Y200 Z206,0.989355555556,0.00313420547086,0.989355555556,0.00313420547086
3.0199517204e-05,3.0199517204e-05,3.0199517204e-05,3.0199517204e-05,3.0199517204e-05,3.0199517204e-05,3.0199517204e-05,3.0199517204e-05,3.0199517204e-05,3.0199517204e-05,3.0199517204e-05,3.0199517204e-05,3.0199517204e-05,3.0199517204e-05,3.0199517204e-05,3.0199517204e-05,3.0199517204e-05,3.0199517204e-05,1,X194 Z200 Y201 Y206 Z207 X212,0.982911111111,0.00334702170271,0.982911111111,0.00334702170271
3.0199517204e-05,3.0199517204e-05,3.0199517204e-05,3.0199517204e-05,3.0199517204e-05,3.0199517204e-05,3.0199517204e-05,3.0199517204e-05,3.0199517204e-05,3.0199517204e-05,3.0199517204e-05,3.0199517204e-05,3.0199517204e-05,3.0199517204e-05,3.0199517204e-05,3.0199517204e-05,3.0199517204e-05,3.0199517204e-05,1,X195 Z201 Y202 Y207 Z208 X213,0.982111111111,0.00342666279052,0.982111111111,0.00342666279052
3.0199517204e-05,3.0199517204e-05,3.0199517204e-05,3.0199517204e-05,3.0199517204e-05,3.0199517204e-05,3.0199517204e-05,3.0199517204e-05,3.0199517204e-05,3.0199517204e-05,3.0199517204e-05,3.0199517204e-05,3.0199517204e-05,3.0199517204e-05,3.0199517204e-05,3.0199517204e-05,3.0199517204e-05,3.0199517204e-05,1,X196 Z202 Y203 Y208 Z209 X214,0.9828,0.00254552420664,0.9828,0.00254552420664
3.0199517204e-05,3.0199517204e-05,3.0199517204e-05,3.0199517204e-05,3.0199517204e-05,3.0199517204e-05,3.0199517204e-05,3.0199517204e-05,3.0199517204e-05,3.0199517204e-05,3.0199517204e-05,3.0199517204e-05,3.0199517204e-05,3.0199517204e-05,3.0199517204e-05,3.0199517204e-05,3.0199517204e-05,3.0199517204e-05,1,X197 Z203 Y204 Y209 Z210 X215,0.982977777778,0.003818620775,0.982977777778,0.003818620775
3.0199517204e-05,3.0199517204e-05,3.0199517204e-05,3.0199517204e-05,3.0199517204e-05,3.0199517204e-05,3.0199517204e-05,3.0199517204e-05,3.0199517204e-05,3.0199517204e-05,3.0199517204e-05,3.0199517204e-05,3.0199517204e-05,3.0199517204e-05,3.0199517204e-05,3.0199517204e-05,3.0199517204e-05,3.0199517204e-05,1,X198 Z204 Y205 Y210 Z211 X216,0.980711111111,0.00403787939236,0.980711111111,0.00403787939236
3.0199517204e-05,3.0199517204e-05,3.0199517204e-05,3.0199517204e-05,3.0199517204e-05,3.0199517204e-05,3.0199517204e-05,3.0199517204e-05,3.0199517204e-05,3.0199517204e-05,3.0199517204e-05,3.0199517204e-05,3.0199517204e-05,3.0199517204e-05,3.0199517204e-05,3.0199517204e-05,3.0199517204e-05,3.0199517204e-05,1,X2 X4,0.993688888889,0.00203970799002,0.993688888889,0.00203970799002
3.0199517204e-05,3.0199517204e-05,3.0199517204e-05,3.0199517204e-05,3.0199517204e-05,3.0199517204e-05,3.0199517204e-05,3.0199517204e-05,3.0199517204e-05,3.0199517204e-05,3.0199517204e-05,3.0199517204e-05,3.0199517204e-05,3.0199517204e-05,3.0199517204e-05,3.0199517204e-05,3.0199517204e-05,3.0199517204e-05,1,X20 X25,0.994,0.00190180394298,0.994,0.00190180394298
3.0199517204e-05,3.0199517204e-05,3.0199517204e-05,3.0199517204e-05,3.0199517204e-05,3.0199517204e-05,3.0199517204e-05,3.0199517204e-05,3.0199517204e-05,3.0199517204e-05,3.0199517204e-05,3.0199517204e-05,3.0199517204e-05,3.0199517204e-05,3.0199517204e-05,3.0199517204e-05,3.0199517204e-05,3.0199517204e-05,1,X200 X206,0.994733333333,0.00185571499992,0.994733333333,0.00185571499992
3.0199517204e-05,3.0199517204e-05,3.0199517204e-05,3.0199517204e-05,3.0199517204e-05,3.0199517204e-05,3.0199517204e-05,3.0199517204e-05,3.0199517204e-05,3.0199517204e-05,3.0199517204e-05,3.0199517204e-05,3.0199517204e-05,3.0199517204e-05,3.0199517204e-05,3.0199517204e-05,3.0199517204e-05,3.0199517204e-05,1,X201 X207,0.994222222222,0.00227822161828,0.994222222222,0.00227822161828
3.0199517204e-05,3.0199517204e-05,3.0199517204e-05,3.0199517204e-05,3.0199517204e-05,3.0199517204e-05,3.0199517204e-05,3.0199517204e-05,3.0199517204e-05,3.0199517204e-05,3.0199517204e-05,3.0199517204e-05,3.0199517204e-05,3.0199517204e-05,3.0199517204e-05,3.0199517204e-05,3.0199517204e-05,3.0199517204e-05,1,X202 X208,0.994,0.00270659758702,0.994,0.00270659758702
3.0199517204e-05,3.0199517204e-05,3.0199517204e-05,3.0199517204e-05,3.0199517204e-05,3.0199517204e-05,3.0199517204e-05,3.0199517204e-05,3.0199517204e-05,3.0199517204e-05,3.0199517204e-05,3.0199517204e-05,3.0199517204e-05,3.0199517204e-05,3.0199517204e-05,3.0199517204e-05,3.0199517204e-05,3.0199517204e-05,1,X203 X209,0.993955555556,0.00242549253731,0.993955555556,0.00242549253731
3.0199517204e-05,3.0199517204e-05,3.0199517204e-05,3.0199517204e-05,3.0199517204e-05,3.0199517204e-05,3.0199517204e-05,3.0199517204e-05,3.0199517204e-05,3.0199517204e-05,3.0199517204e-05,3.0199517204e-05,3.0199517204e-05,3.0199517204e-05,3.0199517204e-05,3.0199517204e-05,3.0199517204e-05,3.0199517204e-05,1,X204 X210,0.993755555556,0.00200752098004,0.993755555556,0.00200752098004
3.0199517204e-05,3.0199517204e-05,3.0199517204e-05,3.0199517204e-05,3.0199517204e-05,3.0199517204e-05,3.0199517204e-05,3.0199517204e-05,3.0199517204e-05,3.0199517204e-05,3.0199517204e-05,3.0199517204e-05,3.0199517204e-05,3.0199517204e-05,3.0199517204e-05,3.0199517204e-05,3.0199517204e-05,3.0199517204e-05,1,X205 X211,0.993088888889,0.0016468554346,0.993088888889,0.0016468554346
3.0199517204e-05,3.0199517204e-05,3.0199517204e-05,3.0199517204e-05,3.0199517204e-05,3.0199517204e-05,3.0199517204e-05,3.0199517204e-05,3.0199517204e-05,3.0199517204e-05,3.0199517204e-05,3.0199517204e-05,3.0199517204e-05,3.0199517204e-05,3.0199517204e-05,3.0199517204e-05,3.0199517204e-05,3.0199517204e-05,1,X207 Z212 Y213 Y217 Z218 X222,0.982511111111,0.00370433455675,0.982511111111,0.00370433455675
3.0199517204e-05,3.0199517204e-05,3.0199517204e-05,3.0199517204e-05,3.0199517204e-05,3.0199517204e-05,3.0199517204e-05,3.0199517204e-05,3.0199517204e-05,3.0199517204e-05,3.0199517204e-05,3.0199517204e-05,3.0199517204e-05,3.0199517204e-05,3.0199517204e-05,3.0199517204e-05,3.0199517204e-05,3.0199517204e-05,1,X208 Z213 Y214 Y218 Z219 X223,0.9822,0.00313746365093,0.9822,0.00313746365093
3.0199517204e-05,3.0199517204e-05,3.0199517204e-05,3.0199517204e-05,3.0199517204e-05,3.0199517204e-05,3.0199517204e-05,3.0199517204e-05,3.0199517204e-05,3.0199517204e-05,3.0199517204e-05,3.0199517204e-05,3.0199517204e-05,3.0199517204e-05,3.0199517204e-05,3.0199517204e-05,3.0199517204e-05,3.0199517204e-05,1,X209 Z214 Y215 Y219 Z220 X224,0.983466666667,0.00345479842884,0.983466666667,0.00345479842884
3.0199517204e-05,3.0199517204e-05,3.0199517204e-05,3.0199517204e-05,3.0199517204e-05,3.0199517204e-05,3.0199517204e-05,3.0199517204e-05,3.0199517204e-05,3.0199517204e-05,3.0199517204e-05,3.0199517204e-05,3.0199517204e-05,3.0199517204e-05,3.0199517204e-05,3.0199517204e-05,3.0199517204e-05,3.0199517204e-05,1,X21 X26,0.993466666667,0.00250302498981,0.993466666667,0.00250302498981
3.0199517204e-05,3.0199517204e-05,3.0199517204e-05,3.0199517204e-05,3.0199517204e-05,3.0199517204e-05,3.0199517204e-05,3.0199517204e-05,3.0199517204e-05,3.0199517204e-05,3.0199517204e-05,3.0199517204e-05,3.0199517204e-05,3.0199517204e-05,3.0199517204e-05,3.0199517204e-05,3.0199517204e-05,3.0199517204e-05,1,X210 Z215 Y216 Y220 Z221 X225,0.982555555556,0.00371837451956,0.982555555556,0.00371837451956
3.0199517204e-05,3.0199517204e-05,3.0199517204e-05,3.0199517204e-05,3.0199517204e-05,3.0199517204e-05,3.0199517204e-05,3.0199517204e-05,3.0199517204e-05,3.0199517204e-05,3.0199517204e-05,3.0199517204e-05,3.0199517204e-05,3.0199517204e-05,3.0199517204e-05,3.0199517204e-05,3.0199517204e-05,3.0199517204e-05,1,X211 Z216 Y221,0.988622222222,0.00247552515166,0.988622222222,0.00247552515166
3.0199517204e-05,3.0199517204e-05,3.0199517204e-05,3.0199517204e-05,3.0199517204e-05,3.0199517204e-05,3.0199517204e-05,3.0199517204e-05,3.0199517204e-05,3.0199517204e-05,3.0199517204e-05,3.0199517204e-05,3.0199517204e-05,3.0199517204e-05,3.0199517204e-05,3.0199517204e-05,3.0199517204e-05,3.0199517204e-05,1,X212 X217,0.993888888889,0.00176889543502,0.993888888889,0.00176889543502
3.0199517204e-05,3.0199517204e-05,3.0199517204e-05,3.0199517204e-05,3.0199517204e-05,3.0199517204e-05,3.0199517204e-05,3.0199517204e-05,3.0199517204e-05,3.0199517204e-05,3.0199517204e-05,3.0199517204e-05,3.0199517204e-05,3.0199517204e-05,3.0199517204e-05,3.0199517204e-05,3.0199517204e-05,3.0199517204e-05,1,X213 X218,0.993911111111,0.00175716013775,0.993911111111,0.00175716013775
3.0199517204e-05,3.0199517204e-05,3.0199517204e-05,3.0199517204e-05,3.0199517204e-05,3.0199517204e-05,3.0199517204e-05,3.0199517204e-05,3.0199517204e-05,3.0199517204e-05,3.0199517204e-05,3.0199517204e-05,3.0199517204e-05,3.0199517204e-05,3.0199517204e-05,3.0199517204e-05,3.0199517204e-05,3.0199517204e-05,1,X214 X219,0.9942,0.00232362512391,0.9942,0.00232362512391
3.0199517204e-05,3.0199517204e-05,3.0199517204e-05,3.0199517204e-05,3.0199517204e-05,3.0199517204e-05,3.0199517204e-05,3.0199517204e-05,3.0199517204e-05,3.0199517204e-05,3.0199517204e-05,3.0199517204e-05,3.0199517204e-05,3.0199517204e-05,3.0199517204e-05,3.0199517204e-05,3.0199517204e-05,3.0199517204e-05,1,X215 X220,0.994377777778,0.00141890177524,0.994377777778,0.00141890177524
3.0199517204e-05,3.0199517204e-05,3.0199517204e-05,3.0199517204e-05,3.0199517204e-05,3.0199517204e-05,3.0199517204e-05,3.0199517204e-05,3.0199517204e-05,3.0199517204e-05,3.0199517204e-05,3.0199517204e-05,3.0199517204e-05,3.0199517204e-05,3.0199517204e-05,3.0199517204e-05,3.0199517204e-05,3.0199517204e-05,1,X216 X221,0.994644444444,0.00224535848768,0.994644444444,0.00224535848768
3.0199517204e-05,3.0199517204e-05,3.0199517204e-05,3.0199517204e-05,3.0199517204e-05,3.0199517204e-05,3.0199517204e-05,3.0199517204e-05,3.0199517204e-05,3.0199517204e-05,3.0199517204e-05,3.0199517204e-05,3.0199517204e-05,3.0199517204e-05,3.0199517204e-05,3.0199517204e-05,3.0199517204e-05,3.0199517204e-05,1,X217 Y222 Z226,0.989022222222,0.00306123123169,0.989022222222,0.00306123123169
3.0199517204e-05,3.0199517204e-05,3.0199517204e-05,3.0199517204e-05,3.0199517204e-05,3.0199517204e-05,3.0199517204e-05,3.0199517204e-05,3.0199517204e-05,3.0199517204e-05,3.0199517204e-05,3.0199517204e-05,3.0199517204e-05,3.0199517204e-05,3.0199517204e-05,3.0199517204e-05,3.0199517204e-05,3.0199517204e-05,1,X218 Z222 Y223 Y226 Z227 X230,0.982088888889,0.0040861726777,0.982088888889,0.0040861726777
3.0199517204e-05,3.0199517204e-05,3.0199517204e-05,3.0199517204e-05,3.0199517204e-05,3.0199517204e-05,3.0199517204e-05,3.0199517204e-05,3.0199517204e-05,3.0199517204e-05,3.0199517204e-05,3.0199517204e-05,3.0199517204e-05,3.0199517204e-05,3.0199517204e-05,3.0199517204e-05,3.0199517204e-05,3.0199517204e-05,1,X219 Z223 Y224 Y227 Z228 X231,0.982755555556,0.00358256028372,0.982755555556,0.00358256028372
3.0199517204e-05,3.0199517204e-05,3.0199517204e-05,3.0199517204e-05,3.0199517204e-05,3.0199517204e-05,3.0199517204e-05,3.0199517204e-05,3.0199517204e-05,3.0199517204e-05,3.0199517204e-05,3.0199517204e-05,3.0199517204e-05,3.0199517204e-05,3.0199517204e-05,3.0199517204e-05,3.0199517204e-05,3.0199517204e-05,1,X22 X27,0.9942,0.00206522010924,0.9942,0.00206522010924
3.0199517204e-05,3.0199517204e-05,3.0199517204e-05,3.0199517204e-05,3.0199517204e-05,3.0199517204e-05,3.0199517204e-05,3.0199517204e-05,3.0199517204e-05,3.0199517204e-05,3.0199517204e-05,3.0199517204e-05,3.0199517204e-05,3.0199517204e-05,3.0199517204e-05,3.0199517204e-05,3.0199517204e-05,3.0199517204e-05,1,X220 Z224 Y225 Y228 Z229 X232,0.982933333333,0.00283167632412,0.982933333333,0.00283167632412
3.0199517204e-05,3.0199517204e-05,3.0199517204e-05,3.0199517204e-05,3.0199517204e-05,3.0199517204e-05,3.0199517204e-05,3.0199517204e-05,3.0199517204e-05,3.0199517204e-05,3.0199517204e-05,3.0199517204e-05,3.0199517204e-05,3.0199517204e-05,3.0199517204e-05,3.0199517204e-05,3.0199517204e-05,3.0199517204e-05,1,X222 X226,0.994,0.00238128076553,0.994,0.00238128076553
3.0199517204e-05,3.0199517204e-05,3.0199517204e-05,3.0199517204e-05,3.0199517204e-05,3.0199517204e-05,3.0199517204e-05,3.0199517204e-05,3.0199517204e-05,3.0199517204e-05,3.0199517204e-05,3.0199517204e-05,3.0199517204e-05,3.0199517204e-05,3.0199517204e-05,3.0199517204e-05,3.0199517204e-05,3.0199517204e-05,1,X223 X227,0.993688888889,0.00150333813322,0.993688888889,0.00150333813322
3.0199517204e-05,3.0199517204e-05,3.0199517204e-05,3.0199517204e-05,3.0199517204e-05,3.0199517204e-05,3.0199517204e-05,3.0199517204e-05,3.0199517204e-05,3.0199517204e-05,3.0199517204e-05,3.0199517204e-05,3.0199517204e-05,3.0199517204e-05,3.0199517204e-05,3.0199517204e-05,3.0199517204e-05,3.0199517204e-05,1,X224 X228,0.994488888889,0.00189318870528,0.994488888889,0.00189318870528
3.0199517204e-05,3.0199517204e-05,3.0199517204e-05,3.0199517204e-05,3.0199517204e-05,3.0199517204e-05,3.0199517204e-05,3.0199517204e-05,3.0199517204e-05,3.0199517204e-05,3.0199517204e-05,3.0199517204e-05,3.0199517204e-05,3.0199517204e-05,3.0199517204e-05,3.0199517204e-05,3.0199517204e-05,3.0199517204e-05,1,X225 X229,0.993377777778,0.0019093103875,0.993377777778,0.0019093103875
3.0199517204e-05,3.0199517204e-05,3.0199517204e-05,3.0199517204e-05,3.0199517204e-05,3.0199517204e-05,3.0199517204e-05,3.0199517204e-05,3.0199517204e-05,3.0199517204e-05,3.0199517204e-05,3.0199517204e-05,3.0199517204e-05,3.0199517204e-05,3.0199517204e-05,3.0199517204e-05,3.0199517204e-05,3.0199517204e-05,1,X227 Z230 Y231 Y233 Z234 X236,0.982733333333,0.00375229176459,0.982733333333,0.00375229176459
3.0199517204e-05,3.0199517204e-05,3.0199517204e-05,3.0199517204e-05,3.0199517204e-05,3.0199517204e-05,3.0199517204e-05,3.0199517204e-05,3.0199517204e-05,3.0199517204e-05,3.0199517204e-05,3.0199517204e-05,3.0199517204e-05,3.0199517204e-05,3.0199517204e-05,3.0199517204e-05,3.0199517204e-05,3.0199517204e-05,1,X228 Z231 Y232 Y234 Z235 X237,0.982,0.00313673085549,0.982,0.00313673085549
3.0199517204e-05,3.0199517204e-05,3.0199517204e-05,3.0199517204e-05,3.0199517204e-05,3.0199517204e-05,3.0199517204e-05,3.0199517204e-05,3.0199517204e-05,3.0199517204e-05,3.0199517204e-05,3.0199517204e-05,3.0199517204e-05,3.0199517204e-05,3.0199517204e-05,3.0199517204e-05,3.0199517204e-05,3.0199517204e-05,1,X229 Z232 Y235,0.988911111111,0.00268661123889,0.988911111111,0.00268661123889
3.0199517204e-05,3.0199517204e-05,3.0199517204e-05,3.0199517204e-05,3.0199517204e-05,3.0199517204e-05,3.0199517204e-05,3.0199517204e-05,3.0199517204e-05,3.0199517204e-05,3.0199517204e-05,3.0199517204e-05,3.0199517204e-05,3.0199517204e-05,3.0199517204e-05,3.0199517204e-05,3.0199517204e-05,3.0199517204e-05,1,X23 X28,0.994022222222,0.00174622380394,0.994022222222,0.00174622380394
3.0199517204e-05,3.0199517204e-05,3.0199517204e-05,3.0199517204e-05,3.0199517204e-05,3.0199517204e-05,3.0199517204e-05,3.0199517204e-05,3.0199517204e-05,3.0199517204e-05,3.0199517204e-05,3.0199517204e-05,3.0199517204e-05,3.0199517204e-05,3.0199517204e-05,3.0199517204e-05,3.0199517204e-05,3.0199517204e-05,1,X230 X233,0.994222222222,0.0021250798197,0.994222222222,0.0021250798197
3.0199517204e-05,3.0199517204e-05,3.0199517204e-05,3.0199517204e-05,3.0199517204e-05,3.0199517204e-05,3.0199517204e-05,3.0199517204e-05,3.0199517204e-05,3.0199517204e-05,3.0199517204e-05,3.0199517204e-05,3.0199517204e-05,3.0199517204e-05,3.0199517204e-05,3.0199517204e-05,3.0199517204e-05,3.0199517204e-05,1,X231 X234,0.994222222222,0.0016172758263,0.994222222222,0.0016172758263
3.0199517204e-05,3.0199517204e-05,3.0199517204e-05,3.0199517204e-05,3.0199517204e-05,3.0199517204e-05,3.0199517204e-05,3.0199517204e-05,3.0199517204e-05,3.0199517204e-05,3.0199517204e-05,3.0199517204e-05,3.0199517204e-05,3.0199517204e-05,3.0199517204e-05,3.0199517204e-05,3.0199517204e-05,3.0199517204e-05,1,X232 X235,0.994066666667,0.00229842524801,0.994066666667,0.00229842524801
3.0199517204e-05,3.0199517204e-05,3.0199517204e-05,3.0199517204e-05,3.0199517204e-05,3.0199517204e-05,3.0199517204e-05,3.0199517204e-05,3.0199517204e-05,3.0199517204e-05,3.0199517204e-05,3.0199517204e-05,3.0199517204e-05,3.0199517204e-05,3.0199517204e-05,3.0199517204e-05,3.0199517204e-05,3.0199517204e-05,1,X233 Y236 Z238,0.990444444444,0.00193640923237,0.990444444444,0.00193640923237
3.0199517204e-05,3.0199517204e-05,3.0199517204e-05,3.0199517204e-05,3.0199517204e-05,3.0199517204e-05,3.0199517204e-05,3.0199517204e-05,3.0199517204e-05,3.0199517204e-05,3.0199517204e-05,3.0199517204e-05,3.0199517204e-05,3.0199517204e-05,3.0199517204e-05,3.0199517204e-05,3.0199517204e-05,3.0199517204e-05,1,X234 Z236 Y237 Y238 Z239 X240,0.982555555556,0.0033497679148,0.982555555556,0.0033497679148
3.0199517204e-05,3.0199517204e-05,3.0199517204e-05,3.0199517204e-05,3.0199517204e-05,3.0199517204e-05,3.0199517204e-05,3.0199517204e-05,3.0199517204e-05,3.0199517204e-05,3.0199517204e-05,3.0199517204e-05,3.0199517204e-05,3.0199517204e-05,3.0199517204e-05,3.0199517204e-05,3.0199517204e-05,3.0199517204e-05,1,X236 X238,0.993933333333,0.00221004325472,0.993933333333,0.00221004325472
3.0199517204e-05,3.0199517204e-05,3.0199517204e-05,3.0199517204e-05,3.0199517204e-05,3.0199517204e-05,3.0199517204e-05,3.0199517204e-05,3.0199517204e-05,3.0199517204e-05,3.0199517204e-05,3.0199517204e-05,3.0199517204e-05,3.0199517204e-05,3.0199517204e-05,3.0199517204e-05,3.0199517204e-05,3.0199517204e-05,1,X237 X239,0.994466666667,0.00179526836594,0.994466666667,0.00179526836594
3.0199517204e-05,3.0199517204e-05,3.0199517204e-05,3.0199517204e-05,3.0199517204e-05,3.0199517204e-05,3.0199517204e-05,3.0199517204e-05,3.0199517204e-05,3.0199517204e-05,3.0199517204e-05,3.0199517204e-05,3.0199517204e-05,3.0199517204e-05,3.0199517204e-05,3.0199517204e-05,3.0199517204e-05,3.0199517204e-05,1,X239 Z240 Y241,0.989133333333,0.00247686614503,0.989133333333,0.00247686614503
3.0199517204e-05,3.0199517204e-05,3.0199517204e-05,3.0199517204e-05,3.0199517204e-05,3.0199517204e-05,3.0199517204e-05,3.0199517204e-05,3.0199517204e-05,3.0199517204e-05,3.0199517204e-05,3.0199517204e-05,3.0199517204e-05,3.0199517204e-05,3.0199517204e-05,3.0199517204e-05,3.0199517204e-05,3.0199517204e-05,1,X24 X29,0.993911111111,0.00219182272218,0.993911111111,0.00219182272218
3.0199517204e-05,3.0199517204e-05,3.0199517204e-05,3.0199517204e-05,3.0199517204e-05,3.0199517204e-05,3.0199517204e-05,3.0199517204e-05,3.0199517204e-05,3.0199517204e-05,3.0199517204e-05,3.0199517204e-05,3.0199517204e-05,3.0199517204e-05,3.0199517204e-05,3.0199517204e-05,3.0199517204e-05,3.0199517204e-05,1,X240 X241,0.994155555556,0.00203180333116,0.994155555556,0.00203180333116
3.0199517204e-05,3.0199517204e-05,3.0199517204e-05,3.0199517204e-05,3.0199517204e-05,3.0199517204e-05,3.0199517204e-05,3.0199517204e-05,3.0199517204e-05,3.0199517204e-05,3.0199517204e-05,3.0199517204e-05,3.0199517204e-05,3.0199517204e-05,3.0199517204e-05,3.0199517204e-05,3.0199517204e-05,3.0199517204e-05,1,X25 Z30 Y31 Y36 Z37 X43,0.982911111111,0.00328695707995,0.982911111111,0.00328695707995
3.0199517204e-05,3.0199517204e-05,3.0199517204e-05,3.0199517204e-05,3.0199517204e-05,3.0199517204e-05,3.0199517204e-05,3.0199517204e-05,3.0199517204e-05,3.0199517204e-05,3.0199517204e-05,3.0199517204e-05,3.0199517204e-05,3.0199517204e-05,3.0199517204e-05,3.0199517204e-05,3.0199517204e-05,3.0199517204e-05,1,X26 Z31 Y32 Y37 Z38 X44,0.983355555556,0.00382563778604,0.983355555556,0.00382563778604
3.0199517204e-05,3.0199517204e-05,3.0199517204e-05,3.0199517204e-05,3.0199517204e-05,3.0199517204e-05,3.0199517204e-05,3.0199517204e-05,3.0199517204e-05,3.0199517204e-05,3.0199517204e-05,3.0199517204e-05,3.0199517204e-05,3.0199517204e-05,3.0199517204e-05,3.0199517204e-05,3.0199517204e-05,3.0199517204e-05,1,X27 Z32 Y33 Y38 Z39 X45,0.980688888889,0.00299927620047,0.980688888889,0.00299927620047
3.0199517204e-05,3.0199517204e-05,3.0199517204e-05,3.0199517204e-05,3.0199517204e-05,3.0199517204e-05,3.0199517204e-05,3.0199517204e-05,3.0199517204e-05,3.0199517204e-05,3.0199517204e-05,3.0199517204e-05,3.0199517204e-05,3.0199517204e-05,3.0199517204e-05,3.0199517204e-05,3.0199517204e-05,3.0199517204e-05,1,X28 Z33 Y34 Y39 Z40 X46,0.982933333333,0.00338398300767,0.982933333333,0.00338398300767
3.0199517204e-05,3.0199517204e-05,3.0199517204e-05,3.0199517204e-05,3.0199517204e-05,3.0199517204e-05,3.0199517204e-05,3.0199517204e-05,3.0199517204e-05,3.0199517204e-05,3.0199517204e-05,3.0199517204e-05,3.0199517204e-05,3.0199517204e-05,3.0199517204e-05,3.0199517204e-05,3.0199517204e-05,3.0199517204e-05,1,X29 Z34 Y35 Y40 Z41 X47,0.982244444444,0.0032682535828,0.982244444444,0.0032682535828
3.0199517204e-05,3.0199517204e-05,3.0199517204e-05,3.0199517204e-05,3.0199517204e-05,3.0199517204e-05,3.0199517204e-05,3.0199517204e-05,3.0199517204e-05,3.0199517204e-05,3.0199517204e-05,3.0199517204e-05,3.0199517204e-05,3.0199517204e-05,3.0199517204e-05,3.0199517204e-05,3.0199517204e-05,3.0199517204e-05,1,X3 X5,0.993711111111,0.00128275724742,0.993711111111,0.00128275724742
3.0199517204e-05,3.0199517204e-05,3.0199517204e-05,3.0199517204e-05,3.0199517204e-05,3.0199517204e-05,3.0199517204e-05,3.0199517204e-05,3.0199517204e-05,3.0199517204e-05,3.0199517204e-05,3.0199517204e-05,3.0199517204e-05,3.0199517204e-05,3.0199517204e-05,3.0199517204e-05,3.0199517204e-05,3.0199517204e-05,1,X30 X36,0.993755555556,0.00217603339318,0.993755555556,0.00217603339318
3.0199517204e-05,3.0199517204e-05,3.0199517204e-05,3.0199517204e-05,3.0199517204e-05,3.0199517204e-05,3.0199517204e-05,3.0199517204e-05,3.0199517204e-05,3.0199517204e-05,3.0199517204e-05,3.0199517204e-05,3.0199517204e-05,3.0199517204e-05,3.0199517204e-05,3.0199517204e-05,3.0199517204e-05,3.0199517204e-05,1,X31 X37,0.993755555556,0.00188141410364,0.993755555556,0.00188141410364
3.0199517204e-05,3.0199517204e-05,3.0199517204e-05,3.0199517204e-05,3.0199517204e-05,3.0199517204e-05,3.0199517204e-05,3.0199517204e-05,3.0199517204e-05,3.0199517204e-05,3.0199517204e-05,3.0199517204e-05,3.0199517204e-05,3.0199517204e-05,3.0199517204e-05,3.0199517204e-05,3.0199517204e-05,3.0199517204e-05,1,X32 X38,0.993644444444,0.00183397759491,0.993644444444,0.00183397759491
3.0199517204e-05,3.0199517204e-05,3.0199517204e-05,3.0199517204e-05,3.0199517204e-05,3.0199517204e-05,3.0199517204e-05,3.0199517204e-05,3.0199517204e-05,3.0199517204e-05,3.0199517204e-05,3.0199517204e-05,3.0199517204e-05,3.0199517204e-05,3.0199517204e-05,3.0199517204e-05,3.0199517204e-05,3.0199517204e-05,1,X33 X39,0.993777777778,0.00170941349834,0.993777777778,0.00170941349834
3.0199517204e-05,3.0199517204e-05,3.0199517204e-05,3.0199517204e-05,3.0199517204e-05,3.0199517204e-05,3.0199517204e-05,3.0199517204e-05,3.0199517204e-05,3.0199517204e-05,3.0199517204e-05,3.0199517204e-05,3.0199517204e-05,3.0199517204e-05,3.0199517204e-05,3.0199517204e-05,3.0199517204e-05,3.0199517204e-05,1,X34 X40,0.992955555556,0.00217039172857,0.992955555556,0.00217039172857
3.0199517204e-05,3.0199517204e-05,3.0199517204e-05,3.0199517204e-05,3.0199517204e-05,3.0199517204e-05,3.0199517204e-05,3.0199517204e-05,3.0199517204e-05,3.0199517204e-05,3.0199517204e-05,3.0199517204e-05,3.0199517204e-05,3.0199517204e-05,3.0199517204e-05,3.0199517204e-05,3.0199517204e-05,3.0199517204e-05,1,X35 X41,0.994044444444,0.00175016875669,0.994044444444,0.00175016875669
3.0199517204e-05,3.0199517204e-05,3.0199517204e-05,3.0199517204e-05,3.0199517204e-05,3.0199517204e-05,3.0199517204e-05,3.0199517204e-05,3.0199517204e-05,3.0199517204e-05,3.0199517204e-05,3.0199517204e-05,3.0199517204e-05,3.0199517204e-05,3.0199517204e-05,3.0199517204e-05,3.0199517204e-05,3.0199517204e-05,1,X36 Z42 Y43 Y49 Z50 X57,0.982266666667,0.00325470481738,0.982266666667,0.00325470481738
3.0199517204e-05,3.0199517204e-05,3.0199517204e-05,3.0199517204e-05,3.0199517204e-05,3.0199517204e-05,3.0199517204e-05,3.0199517204e-05,3.0199517204e-05,3.0199517204e-05,3.0199517204e-05,3.0199517204e-05,3.0199517204e-05,3.0199517204e-05,3.0199517204e-05,3.0199517204e-05,3.0199517204e-05,3.0199517204e-05,1,X37 Z43 Y44 Y50 Z51 X58,0.982133333333,0.00235799772195,0.982133333333,0.00235799772195
3.0199517204e-05,3.0199517204e-05,3.0199517204e-05,3.0199517204e-05,3.0199517204e-05,3.0199517204e-05,3.0199517204e-05,3.0199517204e-05,3.0199517204e-05,3.0199517204e-05,3.0199517204e-05,3.0199517204e-05,3.0199517204e-05,3.0199517204e-05,3.0199517204e-05,3.0199517204e-05,3.0199517204e-05,3.0199517204e-05,1,X38 Z44 Y45 Y51 Z52 X59,0.981688888889,0.00356970365205,0.981688888889,0.00356970365205
3.0199517204e-05,3.0199517204e-05,3.0199517204e-05,3.0199517204e-05,3.0199517204e-05,3.0199517204e-05,3.0199517204e-05,3.0199517204e-05,3.0199517204e-05,3.0199517204e-05,3.0199517204e-05,3.0199517204e-05,3.0199517204e-05,3.0199517204e-05,3.0199517204e-05,3.0199517204e-05,3.0199517204e-05,3.0199517204e-05,1,X39 Z45 Y46 Y52 Z53 X60,0.982355555556,0.00366711944261,0.982355555556,0.00366711944261
3.0199517204e-05,3.0199517204e-05,3.0199517204e-05,3.0199517204e-05,3.0199517204e-05,3.0199517204e-05,3.0199517204e-05,3.0199517204e-05,3.0199517204e-05,3.0199517204e-05,3.0199517204e-05,3.0199517204e-05,3.0199517204e-05,3.0199517204e-05,3.0199517204e-05,3.0199517204e-05,3.0199517204e-05,3.0199517204e-05,1,X4 Z6 Y7 Y9 Z10 X13,0.9828,0.00364055488171,0.9828,0.00364055488171
3.0199517204e-05,3.0199517204e-05,3.0199517204e-05,3.0199517204e-05,3.0199517204e-05,3.0199517204e-05,3.0199517204e-05,3.0199517204e-05,3.0199517204e-05,3.0199517204e-05,3.0199517204e-05,3.0199517204e-05,3.0199517204e-05,3.0199517204e-05,3.0199517204e-05,3.0199517204e-05,3.0199517204e-05,3.0199517204e-05,1,X40 Z46 Y47 Y53 Z54 X61,0.982022222222,0.00328229119739,0.982022222222,0.00328229119739
3.0199517204e-05,3.0199517204e-05,3.0199517204e-05,3.0199517204e-05,3.0199517204e-05,3.0199517204e-05,3.0199517204e-05,3.0199517204e-05,3.0199517204e-05,3.0199517204e-05,3.0199517204e-05,3.0199517204e-05,3.0199517204e-05,3.0199517204e-05,3.0199517204e-05,3.0199517204e-05,3.0199517204e-05,3.0199517204e-05,1,X41 Z47 Y48 Y54 Z55 X62,0.981088888889,0.00305496685377,0.981088888889,0.00305496685377
3.0199517204e-05,3.0199517204e-05,3.0199517204e-05,3.0199517204e-05,3.0199517204e-05,3.0199517204e-05,3.0199517204e-05,3.0199517204e-05,3.0199517204e-05,3.0199517204e-05,3.0199517204e-05,3.0199517204e-05,3.0199517204e-05,3.0199517204e-05,3.0199517204e-05,3.0199517204e-05,3.0199517204e-05,3.0199517204e-05,1,X42 X49,0.9942,0.00204283628238,0.9942,0.00204283628238
3.0199517204e-05,3.0199517204e-05,3.0199517204e-05,3.0199517204e-05,3.0199517204e-05,3.0199517204e-05,3.0199517204e-05,3.0199517204e-05,3.0199517204e-05,3.0199517204e-05,3.0199517204e-05,3.0199517204e-05,3.0199517204e-05,3.0199517204e-05,3.0199517204e-05,3.0199517204e-05,3.0199517204e-05,3.0199517204e-05,1,X43 X50,0.993533333333,0.00209469316693,0.993533333333,0.00209469316693
3.0199517204e-05,3.0199517204e-05,3.0199517204e-05,3.0199517204e-05,3.0199517204e-05,3.0199517204e-05,3.0199517204e-05,3.0199517204e-05,3.0199517204e-05,3.0199517204e-05,3.0199517204e-05,3.0199517204e-05,3.0199517204e-05,3.0199517204e-05,3.0199517204e-05,3.0199517204e-05,3.0199517204e-05,3.0199517204e-05,1,X44 X51,0.993666666667,0.00178327693541,0.993666666667,0.00178327693541
3.0199517204e-05,3.0199517204e-05,3.0199517204e-05,3.0199517204e-05,3.0199517204e-05,3.0199517204e-05,3.0199517204e-05,3.0199517204e-05,3.0199517204e-05,3.0199517204e-05,3.0199517204e-05,3.0199517204e-05,3.0199517204e-05,3.0199517204e-05,3.0199517204e-05,3.0199517204e-05,3.0199517204e-05,3.0199517204e-05,1,X45 X52,0.994088888889,0.00249893974963,0.994088888889,0.00249893974963
3.0199517204e-05,3.0199517204e-05,3.0199517204e-05,3.0199517204e-05,3.0199517204e-05,3.0199517204e-05,3.0199517204e-05,3.0199517204e-05,3.0199517204e-05,3.0199517204e-05,3.0199517204e-05,3.0199517204e-05,3.0199517204e-05,3.0199517204e-05,3.0199517204e-05,3.0199517204e-05,3.0199517204e-05,3.0199517204e-05,1,X46 X53,0.993822222222,0.0018272801498,0.993822222222,0.0018272801498
3.0199517204e-05,3.0199517204e-05,3.0199517204e-05,3.0199517204e-05,3.0199517204e-05,3.0199517204e-05,3.0199517204e-05,3.0199517204e-05,3.0199517204e-05,3.0199517204e-05,3.0199517204e-05,3.0199517204e-05,3.0199517204e-05,3.0199517204e-05,3.0199517204e-05,3.0199517204e-05,3.0199517204e-05,3.0199517204e-05,1,X47 X54,0.993555555556,0.00266858168786,0.993555555556,0.00266858168786
3.0199517204e-05,3.0199517204e-05,3.0199517204e-05,3.0199517204e-05,3.0199517204e-05,3.0199517204e-05,3.0199517204e-05,3.0199517204e-05,3.0199517204e-05,3.0199517204e-05,3.0199517204e-05,3.0199517204e-05,3.0199517204e-05,3.0199517204e-05,3.0199517204e-05,3.0199517204e-05,3.0199517204e-05,3.0199517204e-05,1,X48 X55,0.993488888889,0.00221235356609,0.993488888889,0.00221235356609
3.0199517204e-05,3.0199517204e-05,3.0199517204e-05,3.0199517204e-05,3.0199517204e-05,3.0199517204e-05,3.0199517204e-05,3.0199517204e-05,3.0199517204e-05,3.0199517204e-05,3.0199517204e-05,3.0199517204e-05,3.0199517204e-05,3.0199517204e-05,3.0199517204e-05,3.0199517204e-05,3.0199517204e-05,3.0199517204e-05,1,X49 Z56 Y57 Y64 Z65 X73,0.982244444444,0.00284185106872,0.982244444444,0.00284185106872
3.0199517204e-05,3.0199517204e-05,3.0199517204e-05,3.0199517204e-05,3.0199517204e-05,3.0199517204e-05,3.0199517204e-05,3.0199517204e-05,3.0199517204e-05,3.0199517204e-05,3.0199517204e-05,3.0199517204e-05,3.0199517204e-05,3.0199517204e-05,3.0199517204e-05,3.0199517204e-05,3.0199517204e-05,3.0199517204e-05,1,X5 Z7 Y8 Y10 Z11 X14,0.982133333333,0.00245979159943,0.982133333333,0.00245979159943
3.0199517204e-05,3.0199517204e-05,3.0199517204e-05,3.0199517204e-05,3.0199517204e-05,3.0199517204e-05,3.0199517204e-05,3.0199517204e-05,3.0199517204e-05,3.0199517204e-05,3.0199517204e-05,3.0199517204e-05,3.0199517204e-05,3.0199517204e-05,3.0199517204e-05,3.0199517204e-05,3.0199517204e-05,3.0199517204e-05,1,X50 Z57 Y58 Y65 Z66 X74,0.982422222222,0.00368275814236,0.982422222222,0.00368275814236
3.0199517204e-05,3.0199517204e-05,3.0199517204e-05,3.0199517204e-05,3.0199517204e-05,3.0199517204e-05,3.0199517204e-05,3.0199517204e-05,3.0199517204e-05,3.0199517204e-05,3.0199517204e-05,3.0199517204e-05,3.0199517204e-05,3.0199517204e-05,3.0199517204e-05,3.0199517204e-05,3.0199517204e-05,3.0199517204e-05,1,X51 Z58 Y59 Y66 Z67 X75,0.982533333333,0.00313379796017,0.982533333333,0.00313379796017
3.0199517204e-05,3.0199517204e-05,3.0199517204e-05,3.0199517204e-05,3.0199517204e-05,3.0199517204e-05,3.0199517204e-05,3.0199517204e-05,3.0199517204e-05,3.0199517204e-05,3.0199517204e-05,3.0199517204e-05,3.0199517204e-05,3.0199517204e-05,3.0199517204e-05,3.0199517204e-05,3.0199517204e-05,3.0199517204e-05,1,X52 Z59 Y60 Y67 Z68 X76,0.982177777778,0.00319929749632,0.982177777778,0.00319929749632
3.0199517204e-05,3.0199517204e-05,3.0199517204e-05,3.0199517204e-05,3.0199517204e-05,3.0199517204e-05,3.0199517204e-05,3.0199517204e-05,3.0199517204e-05,3.0199517204e-05,3.0199517204e-05,3.0199517204e-05,3.0199517204e-05,3.0199517204e-05,3.0199517204e-05,3.0199517204e-05,3.0199517204e-05,3.0199517204e-05,1,X53 Z60 Y61 Y68 Z69 X77,0.981955555556,0.00357485185325,0.981955555556,0.00357485185325
3.0199517204e-05,3.0199517204e-05,3.0199517204e-05,3.0199517204e-05,3.0199517204e-05,3.0199517204e-05,3.0199517204e-05,3.0199517204e-05,3.0199517204e-05,3.0199517204e-05,3.0199517204e-05,3.0199517204e-05,3.0199517204e-05,3.0199517204e-05,3.0199517204e-05,3.0199517204e-05,3.0199517204e-05,3.0199517204e-05,1,X54 Z61 Y62 Y69 Z70 X78,0.982377777778,0.00328322490437,0.982377777778,0.00328322490437
3.0199517204e-05,3.0199517204e-05,3.0199517204e-05,3.0199517204e-05,3.0199517204e-05,3.0199517204e-05,3.0199517204e-05,3.0199517204e-05,3.0199517204e-05,3.0199517204e-05,3.0199517204e-05,3.0199517204e-05,3.0199517204e-05,3.0199517204e-05,3.0199517204e-05,3.0199517204e-05,3.0199517204e-05,3.0199517204e-05,1,X55 Z62 Y63 Y70 Z71 X79,0.982288888889,0.00390179576825,0.982288888889,0.00390179576825
3.0199517204e-05,3.0199517204e-05,3.0199517204e-05,3.0199517204e-05,3.0199517204e-05,3.0199517204e-05,3.0199517204e-05,3.0199517204e-05,3.0199517204e-05,3.0199517204e-05,3.0199517204e-05,3.0199517204e-05,3.0199517204e-05,3.0199517204e-05,3.0199517204e-05,3.0199517204e-05,3.0199517204e-05,3.0199517204e-05,1,X56 X64,0.993266666667,0.00199885024423,0.993266666667,0.00199885024423
3.0199517204e-05,3.0199517204e-05,3.0199517204e-05,3.0199517204e-05,3.0199517204e-05,3.0199517204e-05,3.0199517204e-05,3.0199517204e-05,3.0199517204e-05,3.0199517204e-05,3.0199517204e-05,3.0199517204e-05,3.0199517204e-05,3.0199517204e-05,3.0199517204e-05,3.0199517204e-05,3.0199517204e-05,3.0199517204e-05,1,X57 X65,0.993155555556,0.00223475393716,0.993155555556,0.00223475393716
3.0199517204e-05,3.0199517204e-05,3.0199517204e-05,3.0199517204e-05,3.0199517204e-05,3.0199517204e-05,3.0199517204e-05,3.0199517204e-05,3.0199517204e-05,3.0199517204e-05,3.0199517204e-05,3.0199517204e-05,3.0199517204e-05,3.0199517204e-05,3.0199517204e-05,3.0199517204e-05,3.0199517204e-05,3.0199517204e-05,1,X58 X66,0.993822222222,0.0024568823239,0.993822222222,0.0024568823239
3.0199517204e-05,3.0199517204e-05,3.0199517204e-05,3.0199517204e-05,3.0199517204e-05,3.0199517204e-05,3.0199517204e-05,3.0199517204e-05,3.0199517204e-05,3.0199517204e-05,3.0199517204e-05,3.0199517204e-05,3.0199517204e-05,3.0199517204e-05,3.0199517204e-05,3.0199517204e-05,3.0199517204e-05,3.0199517204e-05,1,X59 X67,0.993688888889,0.00206954440603,0.993688888889,0.00206954440603
3.0199517204e-05,3.0199517204e-05,3.0199517204e-05,3.0199517204e-05,3.0199517204e-05,3.0199517204e-05,3.0199517204e-05,3.0199517204e-05,3.0199517204e-05,3.0199517204e-05,3.0199517204e-05,3.0199517204e-05,3.0199517204e-05,3.0199517204e-05,3.0199517204e-05,3.0199517204e-05,3.0199517204e-05,3.0199517204e-05,1,X6 X9,0.994777777778,0.00150690195837,0.994777777778,0.00150690195837
3.0199517204e-05,3.0199517204e-05,3.0199517204e-05,3.0199517204e-05,3.0199517204e-05,3.0199517204e-05,3.0199517204e-05,3.0199517204e-05,3.0199517204e-05,3.0199517204e-05,3.0199517204e-05,3.0199517204e-05,3.0199517204e-05,3.0199517204e-05,3.0199517204e-05,3.0199517204e-05,3.0199517204e-05,3.0199517204e-05,1,X60 X68,0.994088888889,0.00180873430765,0.994088888889,0.00180873430765
3.0199517204e-05,3.0199517204e-05,3.0199517204e-05,3.0199517204e-05,3.0199517204e-05,3.0199517204e-05,3.0199517204e-05,3.0199517204e-05,3.0199517204e-05,3.0199517204e-05,3.0199517204e-05,3.0199517204e-05,3.0199517204e-05,3.0199517204e-05,3.0199517204e-05,3.0199517204e-05,3.0199517204e-05,3.0199517204e-05,1,X61 X69,0.993866666667,0.00213275854326,0.993866666667,0.00213275854326
3.0199517204e-05,3.0199517204e-05,3.0199517204e-05,3.0199517204e-05,3.0199517204e-05,3.0199517204e-05,3.0199517204e-05,3.0199517204e-05,3.0199517204e-05,3.0199517204e-05,3.0199517204e-05,3.0199517204e-05,3.0199517204e-05,3.0199517204e-05,3.0199517204e-05,3.0199517204e-05,3.0199517204e-05,3.0199517204e-05,1,X62 X70,0.993888888889,0.00213048181073,0.993888888889,0.00213048181073
3.0199517204e-05,3.0199517204e-05,3.0199517204e-05,3.0199517204e-05,3.0199517204e-05,3.0199517204e-05,3.0199517204e-05,3.0199517204e-05,3.0199517204e-05,3.0199517204e-05,3.0199517204e-05,3.0199517204e-05,3.0199517204e-05,3.0199517204e-05,3.0199517204e-05,3.0199517204e-05,3.0199517204e-05,3.0199517204e-05,1,X63 X71,0.994088888889,0.00193165470791,0.994088888889,0.00193165470791
3.0199517204e-05,3.0199517204e-05,3.0199517204e-05,3.0199517204e-05,3.0199517204e-05,3.0199517204e-05,3.0199517204e-05,3.0199517204e-05,3.0199517204e-05,3.0199517204e-05,3.0199517204e-05,3.0199517204e-05,3.0199517204e-05,3.0199517204e-05,3.0199517204e-05,3.0199517204e-05,3.0199517204e-05,3.0199517204e-05,1,X64 Z72 Y73 Y81 Z82 X91,0.982155555556,0.00337982897993,0.982155555556,0.00337982897993
3.0199517204e-05,3.0199517204e-05,3.0199517204e-05,3.0199517204e-05,3.0199517204e-05,3.0199517204e-05,3.0199517204e-05,3.0199517204e-05,3.0199517204e-05,3.0199517204e-05,3.0199517204e-05,3.0199517204e-05,3.0199517204e-05,3.0199517204e-05,3.0199517204e-05,3.0199517204e-05,3.0199517204e-05,3.0199517204e-05,1,X65 Z73 Y74 Y82 Z83 X92,0.981333333333,0.0039069640152,0.981333333333,0.0039069640152
3.0199517204e-05,3.0199517204e-05,3.0199517204e-05,3.0199517204e-05,3.0199517204e-05,3.0199517204e-05,3.0199517204e-05,3.0199517204e-05,3.0199517204e-05,3.0199517204e-05,3.0199517204e-05,3.0199517204e-05,3.0199517204e-05,3.0199517204e-05,3.0199517204e-05,3.0199517204e-05,3.0199517204e-05,3.0199517204e-05,1,X66 Z74 Y75 Y83 Z84 X93,0.981177777778,0.00374956787634,0.981177777778,0.00374956787634
3.0199517204e-05,3.0199517204e-05,3.0199517204e-05,3.0199517204e-05,3.0199517204e-05,3.0199517204e-05,3.0199517204e-05,3.0199517204e-05,3.0199517204e-05,3.0199517204e-05,3.0199517204e-05,3.0199517204e-05,3.0199517204e-05,3.0199517204e-05,3.0199517204e-05,3.0199517204e-05,3.0199517204e-05,3.0199517204e-05,1,X67 Z75 Y76 Y84 Z85 X94,0.982111111111,0.00266714555087,0.982111111111,0.00266714555087
3.0199517204e-05,3.0199517204e-05,3.0199517204e-05,3.0199517204e-05,3.0199517204e-05,3.0199517204e-05,3.0199517204e-05,3.0199517204e-05,3.0199517204e-05,3.0199517204e-05,3.0199517204e-05,3.0199517204e-05,3.0199517204e-05,3.0199517204e-05,3.0199517204e-05,3.0199517204e-05,3.0199517204e-05,3.0199517204e-05,1,X68 Z76 Y77 Y85 Z86 X95,0.980466666667,0.0038957684087,0.980466666667,0.0038957684087
3.0199517204e-05,3.0199517204e-05,3.0199517204e-05,3.0199517204e-05,3.0199517204e-05,3.0199517204e-05,3.0199517204e-05,3.0199517204e-05,3.0199517204e-05,3.0199517204e-05,3.0199517204e-05,3.0199517204e-05,3.0199517204e-05,3.0199517204e-05,3.0199517204e-05,3.0199517204e-05,3.0199517204e-05,3.0199517204e-05,1,X69 Z77 Y78 Y86 Z87 X96,0.980777777778,0.0040686949279,0.980777777778,0.0040686949279
3.0199517204e-05,3.0199517204e-05,3.0199517204e-05,3.0199517204e-05,3.0199517204e-05,3.0199517204e-05,3.0199517204e-05,3.0199517204e-05,3.0199517204e-05,3.0199517204e-05,3.0199517204e-05,3.0199517204e-05,3.0199517204e-05,3.0199517204e-05,3.0199517204e-05,3.0199517204e-05,3.0199517204e-05,3.0199517204e-05,1,X7 X10,0.993933333333,0.00209615594167,0.993933333333,0.00209615594167
3.0199517204e-05,3.0199517204e-05,3.0199517204e-05,3.0199517204e-05,3.0199517204e-05,3.0199517204e-05,3.0199517204e-05,3.0199517204e-05,3.0199517204e-05,3.0199517204e-05,3.0199517204e-05,3.0199517204e-05,3.0199517204e-05,3.0199517204e-05,3.0199517204e-05,3.0199517204e-05,3.0199517204e-05,3.0199517204e-05,1,X70 Z78 Y79 Y87 Z88 X97,0.983733333333,0.00234626955888,0.983733333333,0.00234626955888
3.0199517204e-05,3.0199517204e-05,3.0199517204e-05,3.0199517204e-05,3.0199517204e-05,3.0199517204e-05,3.0199517204e-05,3.0199517204e-05,3.0199517204e-05,3.0199517204e-05,3.0199517204e-05,3.0199517204e-05,3.0199517204e-05,3.0199517204e-05,3.0199517204e-05,3.0199517204e-05,3.0199517204e-05,3.0199517204e-05,1,X71 Z79 Y80 Y88 Z89 X98,0.981133333333,0.00363528893907,0.981133333333,0.00363528893907
3.0199517204e-05,3.0199517204e-05,3.0199517204e-05,3.0199517204e-05,3.0199517204e-05,3.0199517204e-05,3.0199517204e-05,3.0199517204e-05,3.0199517204e-05,3.0199517204e-05,3.0199517204e-05,3.0199517204e-05,3.0199517204e-05,3.0199517204e-05,3.0199517204e-05,3.0199517204e-05,3.0199517204e-05,3.0199517204e-05,1,X72 X81,0.994466666667,0.00197416260923,0.994466666667,0.00197416260923
3.0199517204e-05,3.0199517204e-05,3.0199517204e-05,3.0199517204e-05,3.0199517204e-05,3.0199517204e-05,3.0199517204e-05,3.0199517204e-05,3.0199517204e-05,3.0199517204e-05,3.0199517204e-05,3.0199517204e-05,3.0199517204e-05,3.0199517204e-05,3.0199517204e-05,3.0199517204e-05,3.0199517204e-05,3.0199517204e-05,1,X73 X82,0.994,0.00201146141188,0.994,0.00201146141188
3.0199517204e-05,3.0199517204e-05,3.0199517204e-05,3.0199517204e-05,3.0199517204e-05,3.0199517204e-05,3.0199517204e-05,3.0199517204e-05,3.0199517204e-05,3.0199517204e-05,3.0199517204e-05,3.0199517204e-05,3.0199517204e-05,3.0199517204e-05,3.0199517204e-05,3.0199517204e-05,3.0199517204e-05,3.0199517204e-05,1,X74 X83,0.993688888889,0.00214231824398,0.993688888889,0.00214231824398
3.0199517204e-05,3.0199517204e-05,3.0199517204e-05,3.0199517204e-05,3.0199517204e-05,3.0199517204e-05,3.0199517204e-05,3.0199517204e-05,3.0199517204e-05,3.0199517204e-05,3.0199517204e-05,3.0199517204e-05,3.0199517204e-05,3.0199517204e-05,3.0199517204e-05,3.0199517204e-05,3.0199517204e-05,3.0199517204e-05,1,X75 X84,0.994311111111,0.00137557604327,0.994311111111,0.00137557604327
3.0199517204e-05,3.0199517204e-05,3.0199517204e-05,3.0199517204e-05,3.0199517204e-05,3.0199517204e-05,3.0199517204e-05,3.0199517204e-05,3.0199517204e-05,3.0199517204e-05,3.0199517204e-05,3.0199517204e-05,3.0199517204e-05,3.0199517204e-05,3.0199517204e-05,3.0199517204e-05,3.0199517204e-05,3.0199517204e-05,1,X76 X85,0.993533333333,0.00256202745386,0.993533333333,0.00256202745386
3.0199517204e-05,3.0199517204e-05,3.0199517204e-05,3.0199517204e-05,3.0199517204e-05,3.0199517204e-05,3.0199517204e-05,3.0199517204e-05,3.0199517204e-05,3.0199517204e-05,3.0199517204e-05,3.0199517204e-05,3.0199517204e-05,3.0199517204e-05,3.0199517204e-05,3.0199517204e-05,3.0199517204e-05,3.0199517204e-05,1,X77 X86,0.994111111111,0.00229664645293,0.994111111111,0.00229664645293
3.0199517204e-05,3.0199517204e-05,3.0199517204e-05,3.0199517204e-05,3.0199517204e-05,3.0199517204e-05,3.0199517204e-05,3.0199517204e-05,3.0199517204e-05,3.0199517204e-05,3.0199517204e-05,3.0199517204e-05,3.0199517204e-05,3.0199517204e-05,3.0199517204e-05,3.0199517204e-05,3.0199517204e-05,3.0199517204e-05,1,X78 X87,0.993533333333,0.00211652864063,0.993533333333,0.00211652864063
3.0199517204e-05,3.0199517204e-05,3.0199517204e-05,3.0199517204e-05,3.0199517204e-05,3.0199517204e-05,3.0199517204e-05,3.0199517204e-05,3.0199517204e-05,3.0199517204e-05,3.0199517204e-05,3.0199517204e-05,3.0199517204e-05,3.0199517204e-05,3.0199517204e-05,3.0199517204e-05,3.0199517204e-05,3.0199517204e-05,1,X79 X88,0.9932,0.00159885016155,0.9932,0.00159885016155
3.0199517204e-05,3.0199517204e-05,3.0199517204e-05,3.0199517204e-05,3.0199517204e-05,3.0199517204e-05,3.0199517204e-05,3.0199517204e-05,3.0199517204e-05,3.0199517204e-05,3.0199517204e-05,3.0199517204e-05,3.0199517204e-05,3.0199517204e-05,3.0199517204e-05,3.0199517204e-05,3.0199517204e-05,3.0199517204e-05,1,X8 X11,0.993333333333,0.00203419051086,0.993333333333,0.00203419051086
3.0199517204e-05,3.0199517204e-05,3.0199517204e-05,3.0199517204e-05,3.0199517204e-05,3.0199517204e-05,3.0199517204e-05,3.0199517204e-05,3.0199517204e-05,3.0199517204e-05,3.0199517204e-05,3.0199517204e-05,3.0199517204e-05,3.0199517204e-05,3.0199517204e-05,3.0199517204e-05,3.0199517204e-05,3.0199517204e-05,1,X80 X89,0.993866666667,0.00197610243735,0.993866666667,0.00197610243735
3.0199517204e-05,3.0199517204e-05,3.0199517204e-05,3.0199517204e-05,3.0199517204e-05,3.0199517204e-05,3.0199517204e-05,3.0199517204e-05,3.0199517204e-05,3.0199517204e-05,3.0199517204e-05,3.0199517204e-05,3.0199517204e-05,3.0199517204e-05,3.0199517204e-05,3.0199517204e-05,3.0199517204e-05,3.0199517204e-05,1,X81 Z90 Y91 Y100 Z101 X111,0.980933333333,0.00328283589207,0.980933333333,0.00328283589207
3.0199517204e-05,3.0199517204e-05,3.0199517204e-05,3.0199517204e-05,3.0199517204e-05,3.0199517204e-05,3.0199517204e-05,3.0199517204e-05,3.0199517204e-05,3.0199517204e-05,3.0199517204e-05,3.0199517204e-05,3.0199517204e-05,3.0199517204e-05,3.0199517204e-05,3.0199517204e-05,3.0199517204e-05,3.0199517204e-05,1,X82 Z91 Y92 Y101 Z102 X112,0.980044444444,0.00391454046797,0.980044444444,0.00391454046797
3.0199517204e-05,3.0199517204e-05,3.0199517204e-05,3.0199517204e-05,3.0199517204e-05,3.0199517204e-05,3.0199517204e-05,3.0199517204e-05,3.0199517204e-05,3.0199517204e-05,3.0199517204e-05,3.0199517204e-05,3.0199517204e-05,3.0199517204e-05,3.0199517204e-05,3.0199517204e-05,3.0199517204e-05,3.0199517204e-05,1,X83 Z92 Y93 Y102 Z103 X113,0.9816,0.00361181543382,0.9816,0.00361181543382
3.0199517204e-05,3.0199517204e-05,3.0199517204e-05,3.0199517204e-05,3.0199517204e-05,3.0199517204e-05,3.0199517204e-05,3.0199517204e-05,3.0199517204e-05,3.0199517204e-05,3.0199517204e-05,3.0199517204e-05,3.0199517204e-05,3.0199517204e-05,3.0199517204e-05,3.0199517204e-05,3.0199517204e-05,3.0199517204e-05,1,X84 Z93 Y94 Y103 Z104 X114,0.981222222222,0.00357977859857,0.981222222222,0.00357977859857
3.0199517204e-05,3.0199517204e-05,3.0199517204e-05,3.0199517204e-05,3.0199517204e-05,3.0199517204e-05,3.0199517204e-05,3.0199517204e-05,3.0199517204e-05,3.0199517204e-05,3.0199517204e-05,3.0199517204e-05,3.0199517204e-05,3.0199517204e-05,3.0199517204e-05,3.0199517204e-05,3.0199517204e-05,3.0199517204e-05,1,X85 Z94 Y95 Y104 Z105 X115,0.982422222222,0.00359856648059,0.982422222222,0.00359856648059
3.0199517204e-05,3.0199517204e-05,3.0199517204e-05,3.0199517204e-05,3.0199517204e-05,3.0199517204e-05,3.0199517204e-05,3.0199517204e-05,3.0199517204e-05,3.0199517204e-05,3.0199517204e-05,3.0199517204e-05,3.0199517204e-05,3.0199517204e-05,3.0199517204e-05,3.0199517204e-05,3.0199517204e-05,3.0199517204e-05,1,X86 Z95 Y96 Y105 Z106 X116,0.981177777778,0.00398727221532,0.981177777778,0.00398727221532
3.0199517204e-05,3.0199517204e-05,3.0199517204e-05,3.0199517204e-05,3.0199517204e-05,3.0199517204e-05,3.0199517204e-05,3.0199517204e-05,3.0199517204e-05,3.0199517204e-05,3.0199517204e-05,3.0199517204e-05,3.0199517204e-05,3.0199517204e-05,3.0199517204e-05,3.0199517204e-05,3.0199517204e-05,3.0199517204e-05,1,X87 Z96 Y97 Y106 Z107 X117,0.981466666667,0.00359821156087,0.981466666667,0.00359821156087
3.0199517204e-05,3.0199517204e-05,3.0199517204e-05,3.0199517204e-05,3.0199517204e-05,3.0199517204e-05,3.0199517204e-05,3.0199517204e-05,3.0199517204e-05,3.0199517204e-05,3.0199517204e-05,3.0199517204e-05,3.0199517204e-05,3.0199517204e-05,3.0199517204e-05,3.0199517204e-05,3.0199517204e-05,3.0199517204e-05,1,X88 Z97 Y98 Y107 Z108 X118,0.981511111111,0.00284965996941,0.981511111111,0.00284965996941
3.0199517204e-05,3.0199517204e-05,3.0199517204e-05,3.0199517204e-05,3.0199517204e-05,3.0199517204e-05,3.0199517204e-05,3.0199517204e-05,3.0199517204e-05,3.0199517204e-05,3.0199517204e-05,3.0199517204e-05,3.0199517204e-05,3.0199517204e-05,3.0199517204e-05,3.0199517204e-05,3.0199517204e-05,3.0199517204e-05,1,X89 Z98 Y99 Y108 Z109 X119,0.981577777778,0.00386549063897,0.981577777778,0.00386549063897
3.0199517204e-05,3.0199517204e-05,3.0199517204e-05,3.0199517204e-05,3.0199517204e-05,3.0199517204e-05,3.0199517204e-05,3.0199517204e-05,3.0199517204e-05,3.0199517204e-05,3.0199517204e-05,3.0199517204e-05,3.0199517204e-05,3.0199517204e-05,3.0199517204e-05,3.0199517204e-05,3.0199517204e-05,3.0199517204e-05,1,X9 Z12 Y13 Y16 Z17 X21,0.982488888889,0.00294487454388,0.982488888889,0.00294487454388
3.0199517204e-05,3.0199517204e-05,3.0199517204e-05,3.0199517204e-05,3.0199517204e-05,3.0199517204e-05,3.0199517204e-05,3.0199517204e-05,3.0199517204e-05,3.0199517204e-05,3.0199517204e-05,3.0199517204e-05,3.0199517204e-05,3.0199517204e-05,3.0199517204e-05,3.0199517204e-05,3.0199517204e-05,3.0199517204e-05,1,X90 X100,0.992911111111,0.00276532072694,0.992911111111,0.00276532072694
3.0199517204e-05,3.0199517204e-05,3.0199517204e-05,3.0199517204e-05,3.0199517204e-05,3.0199517204e-05,3.0199517204e-05,3.0199517204e-05,3.0199517204e-05,3.0199517204e-05,3.0199517204e-05,3.0199517204e-05,3.0199517204e-05,3.0199517204e-05,3.0199517204e-05,3.0199517204e-05,3.0199517204e-05,3.0199517204e-05,1,X91 X101,0.993688888889,0.00215657834091,0.993688888889,0.00215657834091
3.0199517204e-05,3.0199517204e-05,3.0199517204e-05,3.0199517204e-05,3.0199517204e-05,3.0199517204e-05,3.0199517204e-05,3.0199517204e-05,3.0199517204e-05,3.0199517204e-05,3.0199517204e-05,3.0199517204e-05,3.0199517204e-05,3.0199517204e-05,3.0199517204e-05,3.0199517204e-05,3.0199517204e-05,3.0199517204e-05,1,X92 X102,0.992977777778,0.00223338194034,0.992977777778,0.00223338194034
3.0199517204e-05,3.0199517204e-05,3.0199517204e-05,3.0199517204e-05,3.0199517204e-05,3.0199517204e-05,3.0199517204e-05,3.0199517204e-05,3.0199517204e-05,3.0199517204e-05,3.0199517204e-05,3.0199517204e-05,3.0199517204e-05,3.0199517204e-05,3.0199517204e-05,3.0199517204e-05,3.0199517204e-05,3.0199517204e-05,1,X93 X103,0.993244444444,0.00221961532916,0.993244444444,0.00221961532916
3.0199517204e-05,3.0199517204e-05,3.0199517204e-05,3.0199517204e-05,3.0199517204e-05,3.0199517204e-05,3.0199517204e-05,3.0199517204e-05,3.0199517204e-05,3.0199517204e-05,3.0199517204e-05,3.0199517204e-05,3.0199517204e-05,3.0199517204e-05,3.0199517204e-05,3.0199517204e-05,3.0199517204e-05,3.0199517204e-05,1,X94 X104,0.993044444444,0.00193125796919,0.993044444444,0.00193125796919
3.0199517204e-05,3.0199517204e-05,3.0199517204e-05,3.0199517204e-05,3.0199517204e-05,3.0199517204e-05,3.0199517204e-05,3.0199517204e-05,3.0199517204e-05,3.0199517204e-05,3.0199517204e-05,3.0199517204e-05,3.0199517204e-05,3.0199517204e-05,3.0199517204e-05,3.0199517204e-05,3.0199517204e-05,3.0199517204e-05,1,X95 X105,0.993311111111,0.00173742517319,0.993311111111,0.00173742517319
3.0199517204e-05,3.0199517204e-05,3.0199517204e-05,3.0199517204e-05,3.0199517204e-05,3.0199517204e-05,3.0199517204e-05,3.0199517204e-05,3.0199517204e-05,3.0199517204e-05,3.0199517204e-05,3.0199517204e-05,3.0199517204e-05,3.0199517204e-05,3.0199517204e-05,3.0199517204e-05,3.0199517204e-05,3.0199517204e-05,1,X96 X106,0.9938,0.00176079048775,0.9938,0.00176079048775
3.0199517204e-05,3.0199517204e-05,3.0199517204e-05,3.0199517204e-05,3.0199517204e-05,3.0199517204e-05,3.0199517204e-05,3.0199517204e-05,3.0199517204e-05,3.0199517204e-05,3.0199517204e-05,3.0199517204e-05,3.0199517204e-05,3.0199517204e-05,3.0199517204e-05,3.0199517204e-05,3.0199517204e-05,3.0199517204e-05,1,X97 X107,0.993777777778,0.00214660621985,0.993777777778,0.00214660621985
3.0199517204e-05,3.0199517204e-05,3.0199517204e-05,3.0199517204e-05,3.0199517204e-05,3.0199517204e-05,3.0199517204e-05,3.0199517204e-05,3.0199517204e-05,3.0199517204e-05,3.0199517204e-05,3.0199517204e-05,3.0199517204e-05,3.0199517204e-05,3.0199517204e-05,3.0199517204e-05,3.0199517204e-05,3.0199517204e-05,1,X98 X108,0.993444444444,0.00181169748165,0.993444444444,0.00181169748165
3.0199517204e-05,3.0199517204e-05,3.0199517204e-05,3.0199517204e-05,3.0199517204e-05,3.0199517204e-05,3.0199517204e-05,3.0199517204e-05,3.0199517204e-05,3.0199517204e-05,3.0199517204e-05,3.0199517204e-05,3.0199517204e-05,3.0199517204e-05,3.0199517204e-05,3.0199517204e-05,3.0199517204e-05,3.0199517204e-05,1,X99 X109,0.994222222222,0.00204421121442,0.994222222222,0.00204421121442
3.0199517204e-05,3.0199517204e-05,3.0199517204e-05,3.0199517204e-05,3.0199517204e-05,3.0199517204e-05,3.0199517204e-05,3.0199517204e-05,3.0199517204e-05,3.0199517204e-05,3.0199517204e-05,3.0199517204e-05,3.0199517204e-05,3.0199517204e-05,3.0199517204e-05,3.0199517204e-05,3.0199517204e-05,3.0199517204e-05,1,Y0 Z1 X2,0.988822222222,0.00272174911832,0.988822222222,0.00272174911832
3.0199517204e-05,3.0199517204e-05,3.0199517204e-05,3.0199517204e-05,3.0199517204e-05,3.0199517204e-05,3.0199517204e-05,3.0199517204e-05,3.0199517204e-05,3.0199517204e-05,3.0199517204e-05,3.0199517204e-05,3.0199517204e-05,3.0199517204e-05,3.0199517204e-05,3.0199517204e-05,3.0199517204e-05,3.0199517204e-05,1,Y20 Z25 X30,0.988422222222,0.0024974060617,0.988422222222,0.0024974060617
3.0199517204e-05,3.0199517204e-05,3.0199517204e-05,3.0199517204e-05,3.0199517204e-05,3.0199517204e-05,3.0199517204e-05,3.0199517204e-05,3.0199517204e-05,3.0199517204e-05,3.0199517204e-05,3.0199517204e-05,3.0199517204e-05,3.0199517204e-05,3.0199517204e-05,3.0199517204e-05,3.0199517204e-05,3.0199517204e-05,1,Y42 Z49 X56,0.987444444444,0.00291952514552,0.987444444444,0.00291952514552
3.0199517204e-05,3.0199517204e-05,3.0199517204e-05,3.0199517204e-05,3.0199517204e-05,3.0199517204e-05,3.0199517204e-05,3.0199517204e-05,3.0199517204e-05,3.0199517204e-05,3.0199517204e-05,3.0199517204e-05,3.0199517204e-05,3.0199517204e-05,3.0199517204e-05,3.0199517204e-05,3.0199517204e-05,3.0199517204e-05,1,Y6 Z9 X12,0.988955555556,0.00279399099785,0.988955555556,0.00279399099785
3.0199517204e-05,3.0199517204e-05,3.0199517204e-05,3.0199517204e-05,3.0199517204e-05,3.0199517204e-05,3.0199517204e-05,3.0199517204e-05,3.0199517204e-05,3.0199517204e-05,3.0199517204e-05,3.0199517204e-05,3.0199517204e-05,3.0199517204e-05,3.0199517204e-05,3.0199517204e-05,3.0199517204e-05,3.0199517204e-05,1,Y72 Z81 X90,0.9874,0.00323936515232,0.9874,0.00323936515232
3.0199517204e-05,3.0199517204e-05,3.0199517204e-05,3.0199517204e-05,3.0199517204e-05,3.0199517204e-05,3.0199517204e-05,3.0199517204e-05,3.0199517204e-05,3.0199517204e-05,3.0199517204e-05,3.0199517204e-05,3.0199517204e-05,3.0199517204e-05,3.0199517204e-05,3.0199517204e-05,3.0199517204e-05,3.0199517204e-05,1,Z15 Y19 X24,0.989022222222,0.00245563443642,0.989022222222,0.00245563443642
3.0199517204e-05,3.0199517204e-05,3.0199517204e-05,3.0199517204e-05,3.0199517204e-05,3.0199517204e-05,3.0199517204e-05,3.0199517204e-05,3.0199517204e-05,3.0199517204e-05,3.0199517204e-05,3.0199517204e-05,3.0199517204e-05,3.0199517204e-05,3.0199517204e-05,3.0199517204e-05,3.0199517204e-05,3.0199517204e-05,1,Z3 Y5 X8,0.988288888889,0.00281039849826,0.988288888889,0.00281039849826
3.0199517204e-05,3.0199517204e-05,3.0199517204e-05,3.0199517204e-05,3.0199517204e-05,3.0199517204e-05,3.0199517204e-05,3.0199517204e-05,3.0199517204e-05,3.0199517204e-05,3.0199517204e-05,3.0199517204e-05,3.0199517204e-05,3.0199517204e-05,3.0199517204e-05,3.0199517204e-05,3.0199517204e-05,3.0199517204e-05,1,Z35 Y41 X48,0.989822222222,0.00246932651456,0.989822222222,0.00246932651456
3.0199517204e-05,3.0199517204e-05,3.0199517204e-05,3.0199517204e-05,3.0199517204e-05,3.0199517204e-05,3.0199517204e-05,3.0199517204e-05,3.0199517204e-05,3.0199517204e-05,3.0199517204e-05,3.0199517204e-05,3.0199517204e-05,3.0199517204e-05,3.0199517204e-05,3.0199517204e-05,3.0199517204e-05,3.0199517204e-05,1,Z63 Y71 X80,0.988622222222,0.00323265585192,0.988622222222,0.00323265585192
3.0199517204e-05,3.0199517204e-05,3.0199517204e-05,3.0199517204e-05,3.0199517204e-05,3.0199517204e-05,3.0199517204e-05,3.0199517204e-05,3.0199517204e-05,3.0199517204e-05,3.0199517204e-05,3.0199517204e-05,3.0199517204e-05,3.0199517204e-05,3.0199517204e-05,3.0199517204e-05,3.0199517204e-05,3.0199517204e-05,1,Z99 Y109 X120,0.988333333333,0.00297499154833,0.988333333333,0.00297499154833
3.0199517204e-05,3.0199517204e-05,3.0199517204e-05,3.0199517204e-05,3.0199517204e-05,3.0199517204e-05,3.0199517204e-05,3.0199517204e-05,3.0199517204e-05,3.0199517204e-05,3.0199517204e-05,3.0199517204e-05,3.0199517204e-05,3.0199517204e-05,3.0199517204e-05,3.0199517204e-05,3.0199517204e-05,3.0199517204e-05,5,Logical X,0.992088888889,0.00245563443642,0.991888888889,0.00191051402951
3.0199517204e-05,3.0199517204e-05,3.0199517204e-05,3.0199517204e-05,3.0199517204e-05,3.0199517204e-05,3.0199517204e-05,3.0199517204e-05,3.0199517204e-05,3.0199517204e-05,3.0199517204e-05,3.0199517204e-05,3.0199517204e-05,3.0199517204e-05,3.0199517204e-05,3.0199517204e-05,3.0199517204e-05,3.0199517204e-05,5,Logical Y,0.0109777777778,0.00903248006036,-0.00108888888889,0.01705477615
3.0199517204e-05,3.0199517204e-05,3.0199517204e-05,3.0199517204e-05,3.0199517204e-05,3.0199517204e-05,3.0199517204e-05,3.0199517204e-05,3.0199517204e-05,3.0199517204e-05,3.0199517204e-05,3.0199517204e-05,3.0199517204e-05,3.0199517204e-05,3.0199517204e-05,3.0199517204e-05,3.0199517204e-05,3.0199517204e-05,5,Logical Z,0.0142666666667,0.00898632422009,0.00115555555556,0.01358264989
3.0199517204e-05,3.0199517204e-05,3.0199517204e-05,3.0199517204e-05,3.0199517204e-05,3.0199517204e-05,3.0199517204e-05,3.0199517204e-05,3.0199517204e-05,3.0199517204e-05,3.0199517204e-05,3.0199517204e-05,3.0199517204e-05,3.0199517204e-05,3.0199517204e-05,3.0199517204e-05,3.0199517204e-05,3.0199517204e-05,5,X0 X1,0.994222222222,0.00196000886176,0.994222222222,0.00196000886176
3.0199517204e-05,3.0199517204e-05,3.0199517204e-05,3.0199517204e-05,3.0199517204e-05,3.0199517204e-05,3.0199517204e-05,3.0199517204e-05,3.0199517204e-05,3.0199517204e-05,3.0199517204e-05,3.0199517204e-05,3.0199517204e-05,3.0199517204e-05,3.0199517204e-05,3.0199517204e-05,3.0199517204e-05,3.0199517204e-05,5,X1 Z2 Y3 Y4 Z5 X7,0.984644444444,0.0024974060617,0.984644444444,0.0024974060617
3.0199517204e-05,3.0199517204e-05,3.0199517204e-05,3.0199517204e-05,3.0199517204e-05,3.0199517204e-05,3.0199517204e-05,3.0199517204e-05,3.0199517204e-05,3.0199517204e-05,3.0199517204e-05,3.0199517204e-05,3.0199517204e-05,3.0199517204e-05,3.0199517204e-05,3.0199517204e-05,3.0199517204e-05,3.0199517204e-05,5,X10 Z13 Y14 Y17 Z18 X22,0.9828,0.00334664010614,0.9828,0.00334664010614
3.0199517204e-05,3.0199517204e-05,3.0199517204e-05,3.0199517204e-05,3.0199517204e-05,3.0199517204e-05,3.0199517204e-05,3.0199517204e-05,3.0199517204e-05,3.0199517204e-05,3.0199517204e-05,3.0199517204e-05,3.0199517204e-05,3.0199517204e-05,3.0199517204e-05,3.0199517204e-05,3.0199517204e-05,3.0199517204e-05,5,X100 Z110 Y111 Y121 Z122 X132,0.9826,0.00330957047137,0.9826,0.00330957047137
3.0199517204e-05,3.0199517204e-05,3.0199517204e-05,3.0199517204e-05,3.0199517204e-05,3.0199517204e-05,3.0199517204e-05,3.0199517204e-05,3.0199517204e-05,3.0199517204e-05,3.0199517204e-05,3.0199517204e-05,3.0199517204e-05,3.0199517204e-05,3.0199517204e-05,3.0199517204e-05,3.0199517204e-05,3.0199517204e-05,5,X101 Z111 Y112 Y122 Z123 X133,0.982333333333,0.00332527762215,0.982333333333,0.00332527762215
3.0199517204e-05,3.0199517204e-05,3.0199517204e-05,3.0199517204e-05,3.0199517204e-05,3.0199517204e-05,3.0199517204e-05,3.0199517204e-05,3.0199517204e-05,3.0199517204e-05,3.0199517204e-05,3.0199517204e-05,3.0199517204e-05,3.0199517204e-05,3.0199517204e-05,3.0199517204e-05,3.0199517204e-05,3.0199517204e-05,5,X102 Z112 Y113 Y123 Z124 X134,0.981688888889,0.00277223969005,0.981688888889,0.00277223969005
3.0199517204e-05,3.0199517204e-05,3.0199517204e-05,3.0199517204e-05,3.0199517204e-05,3.0199517204e-05,3.0199517204e-05,3.0199517204e-05,3.0199517204e-05,3.0199517204e-05,3.0199517204e-05,3.0199517204e-05,3.0199517204e-05,3.0199517204e-05,3.0199517204e-05,3.0199517204e-05,3.0199517204e-05,3.0199517204e-05,5,X103 Z113 Y114 Y124 Z125 X135,0.983088888889,0.00261140048939,0.983088888889,0.00261140048939
3.0199517204e-05,3.0199517204e-05,3.0199517204e-05,3.0199517204e-05,3.0199517204e-05,3.0199517204e-05,3.0199517204e-05,3.0199517204e-05,3.0199517204e-05,3.0199517204e-05,3.0199517204e-05,3.0199517204e-05,3.0199517204e-05,3.0199517204e-05,3.0199517204e-05,3.0199517204e-05,3.0199517204e-05,3.0199517204e-05,5,X104 Z114 Y115 Y125 Z126 X136,0.981311111111,0.00398650341162,0.981311111111,0.00398650341162
3.0199517204e-05,3.0199517204e-05,3.0199517204e-05,3.0199517204e-05,3.0199517204e-05,3.0199517204e-05,3.0199517204e-05,3.0199517204e-05,3.0199517204e-05,3.0199517204e-05,3.0199517204e-05,3.0199517204e-05,3.0199517204e-05,3.0199517204e-05,3.0199517204e-05,3.0199517204e-05,3.0199517204e-05,3.0199517204e-05,5,X105 Z115 Y116 Y126 Z127 X137,0.982688888889,0.00299927620047,0.982688888889,0.00299927620047
3.0199517204e-05,3.0199517204e-05,3.0199517204e-05,3.0199517204e-05,3.0199517204e-05,3.0199517204e-05,3.0199517204e-05,3.0199517204e-05,3.0199517204e-05,3.0199517204e-05,3.0199517204e-05,3.0199517204e-05,3.0199517204e-05,3.0199517204e-05,3.0199517204e-05,3.0199517204e-05,3.0199517204e-05,3.0199517204e-05,5,X106 Z116 Y117 Y127 Z128 X138,0.982555555556,0.00273522969446,0.982555555556,0.00273522969446
3.0199517204e-05,3.0199517204e-05,3.0199517204e-05,3.0199517204e-05,3.0199517204e-05,3.0199517204e-05,3.0199517204e-05,3.0199517204e-05,3.0199517204e-05,3.0199517204e-05,3.0199517204e-05,3.0199517204e-05,3.0199517204e-05,3.0199517204e-05,3.0199517204e-05,3.0199517204e-05,3.0199517204e-05,3.0199517204e-05,5,X107 Z117 Y118 Y128 Z129 X139,0.9824,0.00324999263188,0.9824,0.00324999263188
3.0199517204e-05,3.0199517204e-05,3.0199517204e-05,3.0199517204e-05,3.0199517204e-05,3.0199517204e-05,3.0199517204e-05,3.0199517204e-05,3.0199517204e-05,3.0199517204e-05,3.0199517204e-05,3.0199517204e-05,3.0199517204e-05,3.0199517204e-05,3.0199517204e-05,3.0199517204e-05,3.0199517204e-05,3.0199517204e-05,5,X108 Z118 Y119 Y129 Z130 X140,0.982088888889,0.00404091463162,0.982088888889,0.00404091463162
3.0199517204e-05,3.0199517204e-05,3.0199517204e-05,3.0199517204e-05,3.0199517204e-05,3.0199517204e-05,3.0199517204e-05,3.0199517204e-05,3.0199517204e-05,3.0199517204e-05,3.0199517204e-05,3.0199517204e-05,3.0199517204e-05,3.0199517204e-05,3.0199517204e-05,3.0199517204e-05,3.0199517204e-05,3.0199517204e-05,5,X109 Z119 Y120 Y130 Z131 X141,0.9814,0.00380501786061,0.9814,0.00380501786061
3.0199517204e-05,3.0199517204e-05,3.0199517204e-05,3.0199517204e-05,3.0199517204e-05,3.0199517204e-05,3.0199517204e-05,3.0199517204e-05,3.0199517204e-05,3.0199517204e-05,3.0199517204e-05,3.0199517204e-05,3.0199517204e-05,3.0199517204e-05,3.0199517204e-05,3.0199517204e-05,3.0199517204e-05,3.0199517204e-05,5,X11 Z14 Y15 Y18 Z19 X23,0.9828,0.00308947043783,0.9828,0.00308947043783
3.0199517204e-05,3.0199517204e-05,3.0199517204e-05,3.0199517204e-05,3.0199517204e-05,3.0199517204e-05,3.0199517204e-05,3.0199517204e-05,3.0199517204e-05,3.0199517204e-05,3.0199517204e-05,3.0199517204e-05,3.0199517204e-05,3.0199517204e-05,3.0199517204e-05,3.0199517204e-05,3.0199517204e-05,3.0199517204e-05,5,X110 X121,0.9936,0.00173845397472,0.9936,0.00173845397472
3.0199517204e-05,3.0199517204e-05,3.0199517204e-05,3.0199517204e-05,3.0199517204e-05,3.0199517204e-05,3.0199517204e-05,3.0199517204e-05,3.0199517204e-05,3.0199517204e-05,3.0199517204e-05,3.0199517204e-05,3.0199517204e-05,3.0199517204e-05,3.0199517204e-05,3.0199517204e-05,3.0199517204e-05,3.0199517204e-05,5,X111 X122,0.993888888889,0.00198139494446,0.993888888889,0.00198139494446
3.0199517204e-05,3.0199517204e-05,3.0199517204e-05,3.0199517204e-05,3.0199517204e-05,3.0199517204e-05,3.0199517204e-05,3.0199517204e-05,3.0199517204e-05,3.0199517204e-05,3.0199517204e-05,3.0199517204e-05,3.0199517204e-05,3.0199517204e-05,3.0199517204e-05,3.0199517204e-05,3.0199517204e-05,3.0199517204e-05,5,X112 X123,0.993577777778,0.00150078736253,0.993577777778,0.00150078736253
3.0199517204e-05,3.0199517204e-05,3.0199517204e-05,3.0199517204e-05,3.0199517204e-05,3.0199517204e-05,3.0199517204e-05,3.0199517204e-05,3.0199517204e-05,3.0199517204e-05,3.0199517204e-05,3.0199517204e-05,3.0199517204e-05,3.0199517204e-05,3.0199517204e-05,3.0199517204e-05,3.0199517204e-05,3.0199517204e-05,5,X113 X124,0.994422222222,0.00169274614974,0.994422222222,0.00169274614974
3.0199517204e-05,3.0199517204e-05,3.0199517204e-05,3.0199517204e-05,3.0199517204e-05,3.0199517204e-05,3.0199517204e-05,3.0199517204e-05,3.0199517204e-05,3.0199517204e-05,3.0199517204e-05,3.0199517204e-05,3.0199517204e-05,3.0199517204e-05,3.0199517204e-05,3.0199517204e-05,3.0199517204e-05,3.0199517204e-05,5,X114 X125,0.994,0.00188561808316,0.994,0.00188561808316
3.0199517204e-05,3.0199517204e-05,3.0199517204e-05,3.0199517204e-05,3.0199517204e-05,3.0199517204e-05,3.0199517204e-05,3.0199517204e-05,3.0199517204e-05,3.0199517204e-05,3.0199517204e-05,3.0199517204e-05,3.0199517204e-05,3.0199517204e-05,3.0199517204e-05,3.0199517204e-05,3.0199517204e-05,3.0199517204e-05,5,X115 X126,0.993977777778,0.00189763582159,0.993977777778,0.00189763582159
3.0199517204e-05,3.0199517204e-05,3.0199517204e-05,3.0199517204e-05,3.0199517204e-05,3.0199517204e-05,3.0199517204e-05,3.0199517204e-05,3.0199517204e-05,3.0199517204e-05,3.0199517204e-05,3.0199517204e-05,3.0199517204e-05,3.0199517204e-05,3.0199517204e-05,3.0199517204e-05,3.0199517204e-05,3.0199517204e-05,5,X116 X127,0.993844444444,0.00234027429596,0.993844444444,0.00234027429596
3.0199517204e-05,3.0199517204e-05,3.0199517204e-05,3.0199517204e-05,3.0199517204e-05,3.0199517204e-05,3.0199517204e-05,3.0199517204e-05,3.0199517204e-05,3.0199517204e-05,3.0199517204e-05,3.0199517204e-05,3.0199517204e-05,3.0199517204e-05,3.0199517204e-05,3.0199517204e-05,3.0199517204e-05,3.0199517204e-05,5,X117 X128,0.993777777778,0.00185557735092,0.993777777778,0.00185557735092
3.0199517204e-05,3.0199517204e-05,3.0199517204e-05,3.0199517204e-05,3.0199517204e-05,3.0199517204e-05,3.0199517204e-05,3.0199517204e-05,3.0199517204e-05,3.0199517204e-05,3.0199517204e-05,3.0199517204e-05,3.0199517204e-05,3.0199517204e-05,3.0199517204e-05,3.0199517204e-05,3.0199517204e-05,3.0199517204e-05,5,X118 X129,0.993155555556,0.00168775925117,0.993155555556,0.00168775925117
3.0199517204e-05,3.0199517204e-05,3.0199517204e-05,3.0199517204e-05,3.0199517204e-05,3.0199517204e-05,3.0199517204e-05,3.0199517204e-05,3.0199517204e-05,3.0199517204e-05,3.0199517204e-05,3.0199517204e-05,3.0199517204e-05,3.0199517204e-05,3.0199517204e-05,3.0199517204e-05,3.0199517204e-05,3.0199517204e-05,5,X119 X130,0.992666666667,0.00239411795162,0.992666666667,0.00239411795162
3.0199517204e-05,3.0199517204e-05,3.0199517204e-05,3.0199517204e-05,3.0199517204e-05,3.0199517204e-05,3.0199517204e-05,3.0199517204e-05,3.0199517204e-05,3.0199517204e-05,3.0199517204e-05,3.0199517204e-05,3.0199517204e-05,3.0199517204e-05,3.0199517204e-05,3.0199517204e-05,3.0199517204e-05,3.0199517204e-05,5,X12 X16,0.993822222222,0.00214374852226,0.993822222222,0.00214374852226
3.0199517204e-05,3.0199517204e-05,3.0199517204e-05,3.0199517204e-05,3.0199517204e-05,3.0199517204e-05,3.0199517204e-05,3.0199517204e-05,3.0199517204e-05,3.0199517204e-05,3.0199517204e-05,3.0199517204e-05,3.0199517204e-05,3.0199517204e-05,3.0199517204e-05,3.0199517204e-05,3.0199517204e-05,3.0199517204e-05,5,X120 X131,0.993155555556,0.00248787609388,0.993155555556,0.00248787609388
3.0199517204e-05,3.0199517204e-05,3.0199517204e-05,3.0199517204e-05,3.0199517204e-05,3.0199517204e-05,3.0199517204e-05,3.0199517204e-05,3.0199517204e-05,3.0199517204e-05,3.0199517204e-05,3.0199517204e-05,3.0199517204e-05,3.0199517204e-05,3.0199517204e-05,3.0199517204e-05,3.0199517204e-05,3.0199517204e-05,5,X121 Y132 Z142,0.988422222222,0.00316824925165,0.988422222222,0.00316824925165
3.0199517204e-05,3.0199517204e-05,3.0199517204e-05,3.0199517204e-05,3.0199517204e-05,3.0199517204e-05,3.0199517204e-05,3.0199517204e-05,3.0199517204e-05,3.0199517204e-05,3.0199517204e-05,3.0199517204e-05,3.0199517204e-05,3.0199517204e-05,3.0199517204e-05,3.0199517204e-05,3.0199517204e-05,3.0199517204e-05,5,X122 Z132 Y133 Y142 Z143 X152,0.983,0.00267670524299,0.983,0.00267670524299
3.0199517204e-05,3.0199517204e-05,3.0199517204e-05,3.0199517204e-05,3.0199517204e-05,3.0199517204e-05,3.0199517204e-05,3.0199517204e-05,3.0199517204e-05,3.0199517204e-05,3.0199517204e-05,3.0199517204e-05,3.0199517204e-05,3.0199517204e-05,3.0199517204e-05,3.0199517204e-05,3.0199517204e-05,3.0199517204e-05,5,X123 Z133 Y134 Y143 Z144 X153,0.982311111111,0.00349595643087,0.982311111111,0.00349595643087
3.0199517204e-05,3.0199517204e-05,3.0199517204e-05,3.0199517204e-05,3.0199517204e-05,3.0199517204e-05,3.0199517204e-05,3.0199517204e-05,3.0199517204e-05,3.0199517204e-05,3.0199517204e-05,3.0199517204e-05,3.0199517204e-05,3.0199517204e-05,3.0199517204e-05,3.0199517204e-05,3.0199517204e-05,3.0199517204e-05,5,X124 Z134 Y135 Y144 Z145 X154,0.982244444444,0.00362825579338,0.982244444444,0.00362825579338
3.0199517204e-05,3.0199517204e-05,3.0199517204e-05,3.0199517204e-05,3.0199517204e-05,3.0199517204e-05,3.0199517204e-05,3.0199517204e-05,3.0199517204e-05,3.0199517204e-05,3.0199517204e-05,3.0199517204e-05,3.0199517204e-05,3.0199517204e-05,3.0199517204e-05,3.0199517204e-05,3.0199517204e-05,3.0199517204e-05,5,X125 Z135 Y136 Y145 Z146 X155,0.982222222222,0.00393951718587,0.982222222222,0.00393951718587
3.0199517204e-05,3.0199517204e-05,3.0199517204e-05,3.0199517204e-05,3.0199517204e-05,3.0199517204e-05,3.0199517204e-05,3.0199517204e-05,3.0199517204e-05,3.0199517204e-05,3.0199517204e-05,3.0199517204e-05,3.0199517204e-05,3.0199517204e-05,3.0199517204e-05,3.0199517204e-05,3.0199517204e-05,3.0199517204e-05,5,X126 Z136 Y137 Y146 Z147 X156,0.982333333333,0.00361245185838,0.982333333333,0.00361245185838
3.0199517204e-05,3.0199517204e-05,3.0199517204e-05,3.0199517204e-05,3.0199517204e-05,3.0199517204e-05,3.0199517204e-05,3.0199517204e-05,3.0199517204e-05,3.0199517204e-05,3.0199517204e-05,3.0199517204e-05,3.0199517204e-05,3.0199517204e-05,3.0199517204e-05,3.0199517204e-05,3.0199517204e-05,3.0199517204e-05,5,X127 Z137 Y138 Y147 Z148 X157,0.981533333333,0.00286155652524,0.981533333333,0.00286155652524
3.0199517204e-05,3.0199517204e-05,3.0199517204e-05,3.0199517204e-05,3.0199517204e-05,3.0199517204e-05,3.0199517204e-05,3.0199517204e-05,3.0199517204e-05,3.0199517204e-05,3.0199517204e-05,3.0199517204e-05,3.0199517204e-05,3.0199517204e-05,3.0199517204e-05,3.0199517204e-05,3.0199517204e-05,3.0199517204e-05,5,X128 Z138 Y139 Y148 Z149 X158,0.982555555556,0.00344895267943,0.982555555556,0.00344895267943
3.0199517204e-05,3.0199517204e-05,3.0199517204e-05,3.0199517204e-05,3.0199517204e-05,3.0199517204e-05,3.0199517204e-05,3.0199517204e-05,3.0199517204e-05,3.0199517204e-05,3.0199517204e-05,3.0199517204e-05,3.0199517204e-05,3.0199517204e-05,3.0199517204e-05,3.0199517204e-05,3.0199517204e-05,3.0199517204e-05,5,X129 Z139 Y140 Y149 Z150 X159,0.980622222222,0.00354038910922,0.980622222222,0.00354038910922
3.0199517204e-05,3.0199517204e-05,3.0199517204e-05,3.0199517204e-05,3.0199517204e-05,3.0199517204e-05,3.0199517204e-05,3.0199517204e-05,3.0199517204e-05,3.0199517204e-05,3.0199517204e-05,3.0199517204e-05,3.0199517204e-05,3.0199517204e-05,3.0199517204e-05,3.0199517204e-05,3.0199517204e-05,3.0199517204e-05,5,X13 X17,0.993844444444,0.00204683351997,0.993844444444,0.00204683351997
3.0199517204e-05,3.0199517204e-05,3.0199517204e-05,3.0199517204e-05,3.0199517204e-05,3.0199517204e-05,3.0199517204e-05,3.0199517204e-05,3.0199517204e-05,3.0199517204e-05,3.0199517204e-05,3.0199517204e-05,3.0199517204e-05,3.0199517204e-05,3.0199517204e-05,3.0199517204e-05,3.0199517204e-05,3.0199517204e-05,5,X130 Z140 Y141 Y150 Z151 X160,0.982533333333,0.00333287353151,0.982533333333,0.00333287353151
3.0199517204e-05,3.0199517204e-05,3.0199517204e-05,3.0199517204e-05,3.0199517204e-05,3.0199517204e-05,3.0199517204e-05,3.0199517204e-05,3.0199517204e-05,3.0199517204e-05,3.0199517204e-05,3.0199517204e-05,3.0199517204e-05,3.0199517204e-05,3.0199517204e-05,3.0199517204e-05,3.0199517204e-05,3.0199517204e-05,5,X132 X142,0.994155555556,0.00198603039517,0.994155555556,0.00198603039517
3.0199517204e-05,3.0199517204e-05,3.0199517204e-05,3.0199517204e-05,3.0199517204e-05,3.0199517204e-05,3.0199517204e-05,3.0199517204e-05,3.0199517204e-05,3.0199517204e-05,3.0199517204e-05,3.0199517204e-05,3.0199517204e-05,3.0199517204e-05,3.0199517204e-05,3.0199517204e-05,3.0199517204e-05,3.0199517204e-05,5,X133 X143,0.993933333333,0.00213239922078,0.993933333333,0.00213239922078
3.0199517204e-05,3.0199517204e-05,3.0199517204e-05,3.0199517204e-05,3.0199517204e-05,3.0199517204e-05,3.0199517204e-05,3.0199517204e-05,3.0199517204e-05,3.0199517204e-05,3.0199517204e-05,3.0199517204e-05,3.0199517204e-05,3.0199517204e-05,3.0199517204e-05,3.0199517204e-05,3.0199517204e-05,3.0199517204e-05,5,X134 X144,0.9936,0.0015911633374,0.9936,0.0015911633374
3.0199517204e-05,3.0199517204e-05,3.0199517204e-05,3.0199517204e-05,3.0199517204e-05,3.0199517204e-05,3.0199517204e-05,3.0199517204e-05,3.0199517204e-05,3.0199517204e-05,3.0199517204e-05,3.0199517204e-05,3.0199517204e-05,3.0199517204e-05,3.0199517204e-05,3.0199517204e-05,3.0199517204e-05,3.0199517204e-05,5,X135 X145,0.993666666667,0.00189170400996,0.993666666667,0.00189170400996
3.0199517204e-05,3.0199517204e-05,3.0199517204e-05,3.0199517204e-05,3.0199517204e-05,3.0199517204e-05,3.0199517204e-05,3.0199517204e-05,3.0199517204e-05,3.0199517204e-05,3.0199517204e-05,3.0199517204e-05,3.0199517204e-05,3.0199517204e-05,3.0199517204e-05,3.0199517204e-05,3.0199517204e-05,3.0199517204e-05,5,X136 X146,0.993622222222,0.0018418991809,0.993622222222,0.0018418991809
3.0199517204e-05,3.0199517204e-05,3.0199517204e-05,3.0199517204e-05,3.0199517204e-05,3.0199517204e-05,3.0199517204e-05,3.0199517204e-05,3.0199517204e-05,3.0199517204e-05,3.0199517204e-05,3.0199517204e-05,3.0199517204e-05,3.0199517204e-05,3.0199517204e-05,3.0199517204e-05,3.0199517204e-05,3.0199517204e-05,5,X137 X147,0.992888888889,0.00202916160203,0.992888888889,0.00202916160203
3.0199517204e-05,3.0199517204e-05,3.0199517204e-05,3.0199517204e-05,3.0199517204e-05,3.0199517204e-05,3.0199517204e-05,3.0199517204e-05,3.0199517204e-05,3.0199517204e-05,3.0199517204e-05,3.0199517204e-05,3.0199517204e-05,3.0199517204e-05,3.0199517204e-05,3.0199517204e-05,3.0199517204e-05,3.0199517204e-05,5,X138 X148,0.993777777778,0.00153960071784,0.993777777778,0.00153960071784
3.0199517204e-05,3.0199517204e-05,3.0199517204e-05,3.0199517204e-05,3.0199517204e-05,3.0199517204e-05,3.0199517204e-05,3.0199517204e-05,3.0199517204e-05,3.0199517204e-05,3.0199517204e-05,3.0199517204e-05,3.0199517204e-05,3.0199517204e-05,3.0199517204e-05,3.0199517204e-05,3.0199517204e-05,3.0199517204e-05,5,X139 X149,0.993022222222,0.00166766253772,0.993022222222,0.00166766253772
3.0199517204e-05,3.0199517204e-05,3.0199517204e-05,3.0199517204e-05,3.0199517204e-05,3.0199517204e-05,3.0199517204e-05,3.0199517204e-05,3.0199517204e-05,3.0199517204e-05,3.0199517204e-05,3.0199517204e-05,3.0199517204e-05,3.0199517204e-05,3.0199517204e-05,3.0199517204e-05,3.0199517204e-05,3.0199517204e-05,5,X14 X18,0.993777777778,0.0021250798197,0.993777777778,0.0021250798197
3.0199517204e-05,3.0199517204e-05,3.0199517204e-05,3.0199517204e-05,3.0199517204e-05,3.0199517204e-05,3.0199517204e-05,3.0199517204e-05,3.0199517204e-05,3.0199517204e-05,3.0199517204e-05,3.0199517204e-05,3.0199517204e-05,3.0199517204e-05,3.0199517204e-05,3.0199517204e-05,3.0199517204e-05,3.0199517204e-05,5,X140 X150,0.994333333333,0.00184245380277,0.994333333333,0.00184245380277
3.0199517204e-05,3.0199517204e-05,3.0199517204e-05,3.0199517204e-05,3.0199517204e-05,3.0199517204e-05,3.0199517204e-05,3.0199517204e-05,3.0199517204e-05,3.0199517204e-05,3.0199517204e-05,3.0199517204e-05,3.0199517204e-05,3.0199517204e-05,3.0199517204e-05,3.0199517204e-05,3.0199517204e-05,3.0199517204e-05,5,X141 X151,0.994866666667,0.00211652864063,0.994866666667,0.00211652864063
3.0199517204e-05,3.0199517204e-05,3.0199517204e-05,3.0199517204e-05,3.0199517204e-05,3.0199517204e-05,3.0199517204e-05,3.0199517204e-05,3.0199517204e-05,3.0199517204e-05,3.0199517204e-05,3.0199517204e-05,3.0199517204e-05,3.0199517204e-05,3.0199517204e-05,3.0199517204e-05,3.0199517204e-05,3.0199517204e-05,5,X143 Z152 Y153 Y161 Z162 X170,0.981555555556,0.00371940477804,0.981555555556,0.00371940477804
3.0199517204e-05,3.0199517204e-05,3.0199517204e-05,3.0199517204e-05,3.0199517204e-05,3.0199517204e-05,3.0199517204e-05,3.0199517204e-05,3.0199517204e-05,3.0199517204e-05,3.0199517204e-05,3.0199517204e-05,3.0199517204e-05,3.0199517204e-05,3.0199517204e-05,3.0199517204e-05,3.0199517204e-05,3.0199517204e-05,5,X144 Z153 Y154 Y162 Z163 X171,0.982644444444,0.0039245111791,0.982644444444,0.0039245111791
3.0199517204e-05,3.0199517204e-05,3.0199517204e-05,3.0199517204e-05,3.0199517204e-05,3.0199517204e-05,3.0199517204e-05,3.0199517204e-05,3.0199517204e-05,3.0199517204e-05,3.0199517204e-05,3.0199517204e-05,3.0199517204e-05,3.0199517204e-05,3.0199517204e-05,3.0199517204e-05,3.0199517204e-05,3.0199517204e-05,5,X145 Z154 Y155 Y163 Z164 X172,0.9812,0.00356397470653,0.9812,0.00356397470653
3.0199517204e-05,3.0199517204e-05,3.0199517204e-05,3.0199517204e-05,3.0199517204e-05,3.0199517204e-05,3.0199517204e-05,3.0199517204e-05,3.0199517204e-05,3.0199517204e-05,3.0199517204e-05,3.0199517204e-05,3.0199517204e-05,3.0199517204e-05,3.0199517204e-05,3.0199517204e-05,3.0199517204e-05,3.0199517204e-05,5,X146 Z155 Y156 Y164 Z165 X173,0.983266666667,0.00235116340322,0.983266666667,0.00235116340322
3.0199517204e-05,3.0199517204e-05,3.0199517204e-05,3.0199517204e-05,3.0199517204e-05,3.0199517204e-05,3.0199517204e-05,3.0199517204e-05,3.0199517204e-05,3.0199517204e-05,3.0199517204e-05,3.0199517204e-05,3.0199517204e-05,3.0199517204e-05,3.0199517204e-05,3.0199517204e-05,3.0199517204e-05,3.0199517204e-05,5,X147 Z156 Y157 Y165 Z166 X174,0.982977777778,0.00291768728722,0.982977777778,0.00291768728722
3.0199517204e-05,3.0199517204e-05,3.0199517204e-05,3.0199517204e-05,3.0199517204e-05,3.0199517204e-05,3.0199517204e-05,3.0199517204e-05,3.0199517204e-05,3.0199517204e-05,3.0199517204e-05,3.0199517204e-05,3.0199517204e-05,3.0199517204e-05,3.0199517204e-05,3.0199517204e-05,3.0199517204e-05,3.0199517204e-05,5,X148 Z157 Y158 Y166 Z167 X175,0.982311111111,0.00327410990312,0.982311111111,0.00327410990312
3.0199517204e-05,3.0199517204e-05,3.0199517204e-05,3.0199517204e-05,3.0199517204e-05,3.0199517204e-05,3.0199517204e-05,3.0199517204e-05,3.0199517204e-05,3.0199517204e-05,3.0199517204e-05,3.0199517204e-05,3.0199517204e-05,3.0199517204e-05,3.0199517204e-05,3.0199517204e-05,3.0199517204e-05,3.0199517204e-05,5,X149 Z158 Y159 Y167 Z168 X176,0.981466666667,0.00442701563505,0.981466666667,0.00442701563505
3.0199517204e-05,3.0199517204e-05,3.0199517204e-05,3.0199517204e-05,3.0199517204e-05,3.0199517204e-05,3.0199517204e-05,3.0199517204e-05,3.0199517204e-05,3.0199517204e-05,3.0199517204e-05,3.0199517204e-05,3.0199517204e-05,3.0199517204e-05,3.0199517204e-05,3.0199517204e-05,3.0199517204e-05,3.0199517204e-05,5,X15 X19,0.993755555556,0.00172858175723,0.993755555556,0.00172858175723
3.0199517204e-05,3.0199517204e-05,3.0199517204e-05,3.0199517204e-05,3.0199517204e-05,3.0199517204e-05,3.0199517204e-05,3.0199517204e-05,3.0199517204e-05,3.0199517204e-05,3.0199517204e-05,3.0199517204e-05,3.0199517204e-05,3.0199517204e-05,3.0199517204e-05,3.0199517204e-05,3.0199517204e-05,3.0199517204e-05,5,X150 Z159 Y160 Y168 Z169 X177,0.983177777778,0.00389393214311,0.983177777778,0.00389393214311
3.0199517204e-05,3.0199517204e-05,3.0199517204e-05,3.0199517204e-05,3.0199517204e-05,3.0199517204e-05,3.0199517204e-05,3.0199517204e-05,3.0199517204e-05,3.0199517204e-05,3.0199517204e-05,3.0199517204e-05,3.0199517204e-05,3.0199517204e-05,3.0199517204e-05,3.0199517204e-05,3.0199517204e-05,3.0199517204e-05,5,X151 Z160 Y169,0.989111111111,0.00262807321774,0.989111111111,0.00262807321774
3.0199517204e-05,3.0199517204e-05,3.0199517204e-05,3.0199517204e-05,3.0199517204e-05,3.0199517204e-05,3.0199517204e-05,3.0199517204e-05,3.0199517204e-05,3.0199517204e-05,3.0199517204e-05,3.0199517204e-05,3.0199517204e-05,3.0199517204e-05,3.0199517204e-05,3.0199517204e-05,3.0199517204e-05,3.0199517204e-05,5,X152 X161,0.993422222222,0.00192370438727,0.993422222222,0.00192370438727
3.0199517204e-05,3.0199517204e-05,3.0199517204e-05,3.0199517204e-05,3.0199517204e-05,3.0199517204e-05,3.0199517204e-05,3.0199517204e-05,3.0199517204e-05,3.0199517204e-05,3.0199517204e-05,3.0199517204e-05,3.0199517204e-05,3.0199517204e-05,3.0199517204e-05,3.0199517204e-05,3.0199517204e-05,3.0199517204e-05,5,X153 X162,0.993311111111,0.00193759604055,0.993311111111,0.00193759604055
3.0199517204e-05,3.0199517204e-05,3.0199517204e-05,3.0199517204e-05,3.0199517204e-05,3.0199517204e-05,3.0199517204e-05,3.0199517204e-05,3.0199517204e-05,3.0199517204e-05,3.0199517204e-05,3.0199517204e-05,3.0199517204e-05,3.0199517204e-05,3.0199517204e-05,3.0199517204e-05,3.0199517204e-05,3.0199517204e-05,5,X154 X163,0.993311111111,0.00196118138869,0.993311111111,0.00196118138869
3.0199517204e-05,3.0199517204e-05,3.0199517204e-05,3.0199517204e-05,3.0199517204e-05,3.0199517204e-05,3.0199517204e-05,3.0199517204e-05,3.0199517204e-05,3.0199517204e-05,3.0199517204e-05,3.0199517204e-05,3.0199517204e-05,3.0199517204e-05,3.0199517204e-05,3.0199517204e-05,3.0199517204e-05,3.0199517204e-05,5,X155 X164,0.992933333333,0.00216272851648,0.992933333333,0.00216272851648
3.0199517204e-05,3.0199517204e-05,3.0199517204e-05,3.0199517204e-05,3.0199517204e-05,3.0199517204e-05,3.0199517204e-05,3.0199517204e-05,3.0199517204e-05,3.0199517204e-05,3.0199517204e-05,3.0199517204e-05,3.0199517204e-05,3.0199517204e-05,3.0199517204e-05,3.0199517204e-05,3.0199517204e-05,3.0199517204e-05,5,X156 X165,0.993866666667,0.00210381882296,0.993866666667,0.00210381882296
3.0199517204e-05,3.0199517204e-05,3.0199517204e-05,3.0199517204e-05,3.0199517204e-05,3.0199517204e-05,3.0199517204e-05,3.0199517204e-05,3.0199517204e-05,3.0199517204e-05,3.0199517204e-05,3.0199517204e-05,3.0199517204e-05,3.0199517204e-05,3.0199517204e-05,3.0199517204e-05,3.0199517204e-05,3.0199517204e-05,5,X157 X166,0.995022222222,0.00163048856964,0.995022222222,0.00163048856964
3.0199517204e-05,3.0199517204e-05,3.0199517204e-05,3.0199517204e-05,3.0199517204e-05,3.0199517204e-05,3.0199517204e-05,3.0199517204e-05,3.0199517204e-05,3.0199517204e-05,3.0199517204e-05,3.0199517204e-05,3.0199517204e-05,3.0199517204e-05,3.0199517204e-05,3.0199517204e-05,3.0199517204e-05,3.0199517204e-05,5,X158 X167,0.994422222222,0.00225217363433,0.994422222222,0.00225217363433
3.0199517204e-05,3.0199517204e-05,3.0199517204e-05,3.0199517204e-05,3.0199517204e-05,3.0199517204e-05,3.0199517204e-05,3.0199517204e-05,3.0199517204e-05,3.0199517204e-05,3.0199517204e-05,3.0199517204e-05,3.0199517204e-05,3.0199517204e-05,3.0199517204e-05,3.0199517204e-05,3.0199517204e-05,3.0199517204e-05,5,X159 X168,0.993955555556,0.00160395424528,0.993955555556,0.00160395424528
3.0199517204e-05,3.0199517204e-05,3.0199517204e-05,3.0199517204e-05,3.0199517204e-05,3.0199517204e-05,3.0199517204e-05,3.0199517204e-05,3.0199517204e-05,3.0199517204e-05,3.0199517204e-05,3.0199517204e-05,3.0199517204e-05,3.0199517204e-05,3.0199517204e-05,3.0199517204e-05,3.0199517204e-05,3.0199517204e-05,5,X16 Z20 Y21 Y25 Z26 X31,0.982333333333,0.00370874497263,0.982333333333,0.00370874497263
3.0199517204e-05,3.0199517204e-05,3.0199517204e-05,3.0199517204e-05,3.0199517204e-05,3.0199517204e-05,3.0199517204e-05,3.0199517204e-05,3.0199517204e-05,3.0199517204e-05,3.0199517204e-05,3.0199517204e-05,3.0199517204e-05,3.0199517204e-05,3.0199517204e-05,3.0199517204e-05,3.0199517204e-05,3.0199517204e-05,5,X160 X169,0.9946,0.00164561416408,0.9946,0.00164561416408
3.0199517204e-05,3.0199517204e-05,3.0199517204e-05,3.0199517204e-05,3.0199517204e-05,3.0199517204e-05,3.0199517204e-05,3.0199517204e-05,3.0199517204e-05,3.0199517204e-05,3.0199517204e-05,3.0199517204e-05,3.0199517204e-05,3.0199517204e-05,3.0199517204e-05,3.0199517204e-05,3.0199517204e-05,3.0199517204e-05,5,X161 Y170 Z178,0.989155555556,0.0024631122781,0.989155555556,0.0024631122781
3.0199517204e-05,3.0199517204e-05,3.0199517204e-05,3.0199517204e-05,3.0199517204e-05,3.0199517204e-05,3.0199517204e-05,3.0199517204e-05,3.0199517204e-05,3.0199517204e-05,3.0199517204e-05,3.0199517204e-05,3.0199517204e-05,3.0199517204e-05,3.0199517204e-05,3.0199517204e-05,3.0199517204e-05,3.0199517204e-05,5,X162 Z170 Y171 Y178 Z179 X186,0.982622222222,0.00286574876154,0.982622222222,0.00286574876154
3.0199517204e-05,3.0199517204e-05,3.0199517204e-05,3.0199517204e-05,3.0199517204e-05,3.0199517204e-05,3.0199517204e-05,3.0199517204e-05,3.0199517204e-05,3.0199517204e-05,3.0199517204e-05,3.0199517204e-05,3.0199517204e-05,3.0199517204e-05,3.0199517204e-05,3.0199517204e-05,3.0199517204e-05,3.0199517204e-05,5,X163 Z171 Y172 Y179 Z180 X187,0.982155555556,0.00312048396548,0.982155555556,0.00312048396548
3.0199517204e-05,3.0199517204e-05,3.0199517204e-05,3.0199517204e-05,3.0199517204e-05,3.0199517204e-05,3.0199517204e-05,3.0199517204e-05,3.0199517204e-05,3.0199517204e-05,3.0199517204e-05,3.0199517204e-05,3.0199517204e-05,3.0199517204e-05,3.0199517204e-05,3.0199517204e-05,3.0199517204e-05,3.0199517204e-05,5,X164 Z172 Y173 Y180 Z181 X188,0.982488888889,0.00354903616869,0.982488888889,0.00354903616869
3.0199517204e-05,3.0199517204e-05,3.0199517204e-05,3.0199517204e-05,3.0199517204e-05,3.0199517204e-05,3.0199517204e-05,3.0199517204e-05,3.0199517204e-05,3.0199517204e-05,3.0199517204e-05,3.0199517204e-05,3.0199517204e-05,3.0199517204e-05,3.0199517204e-05,3.0199517204e-05,3.0199517204e-05,3.0199517204e-05,5,X165 Z173 Y174 Y181 Z182 X189,0.981466666667,0.0038293082316,0.981466666667,0.0038293082316
3.0199517204e-05,3.0199517204e-05,3.0199517204e-05,3.0199517204e-05,3.0199517204e-05,3.0199517204e-05,3.0199517204e-05,3.0199517204e-05,3.0199517204e-05,3.0199517204e-05,3.0199517204e-05,3.0199517204e-05,3.0199517204e-05,3.0199517204e-05,3.0199517204e-05,3.0199517204e-05,3.0199517204e-05,3.0199517204e-05,5,X166 Z174 Y175 Y182 Z183 X190,0.982733333333,0.00330957047137,0.982733333333,0.00330957047137
3.0199517204e-05,3.0199517204e-05,3.0199517204e-05,3.0199517204e-05,3.0199517204e-05,3.0199517204e-05,3.0199517204e-05,3.0199517204e-05,3.0199517204e-05,3.0199517204e-05,3.0199517204e-05,3.0199517204e-05,3.0199517204e-05,3.0199517204e-05,3.0199517204e-05,3.0199517204e-05,3.0199517204e-05,3.0199517204e-05,5,X167 Z175 Y176 Y183 Z184 X191,0.981155555556,0.00313640511367,0.981155555556,0.00313640511367
3.0199517204e-05,3.0199517204e-05,3.0199517204e-05,3.0199517204e-05,3.0199517204e-05,3.0199517204e-05,3.0199517204e-05,3.0199517204e-05,3.0199517204e-05,3.0199517204e-05,3.0199517204e-05,3.0199517204e-05,3.0199517204e-05,3.0199517204e-05,3.0199517204e-05,3.0199517204e-05,3.0199517204e-05,3.0199517204e-05,5,X168 Z176 Y177 Y184 Z185 X192,0.980244444444,0.00380555485639,0.980244444444,0.00380555485639
3.0199517204e-05,3.0199517204e-05,3.0199517204e-05,3.0199517204e-05,3.0199517204e-05,3.0199517204e-05,3.0199517204e-05,3.0199517204e-05,3.0199517204e-05,3.0199517204e-05,3.0199517204e-05,3.0199517204e-05,3.0199517204e-05,3.0199517204e-05,3.0199517204e-05,3.0199517204e-05,3.0199517204e-05,3.0199517204e-05,5,X17 Z21 Y22 Y26 Z27 X32,0.982866666667,0.00356289950371,0.982866666667,0.00356289950371
3.0199517204e-05,3.0199517204e-05,3.0199517204e-05,3.0199517204e-05,3.0199517204e-05,3.0199517204e-05,3.0199517204e-05,3.0199517204e-05,3.0199517204e-05,3.0199517204e-05,3.0199517204e-05,3.0199517204e-05,3.0199517204e-05,3.0199517204e-05,3.0199517204e-05,3.0199517204e-05,3.0199517204e-05,3.0199517204e-05,5,X170 X178,0.994222222222,0.00179683274632,0.994222222222,0.00179683274632
3.0199517204e-05,3.0199517204e-05,3.0199517204e-05,3.0199517204e-05,3.0199517204e-05,3.0199517204e-05,3.0199517204e-05,3.0199517204e-05,3.0199517204e-05,3.0199517204e-05,3.0199517204e-05,3.0199517204e-05,3.0199517204e-05,3.0199517204e-05,3.0199517204e-05,3.0199517204e-05,3.0199517204e-05,3.0199517204e-05,5,X171 X179,0.993888888889,0.00201209624271,0.993888888889,0.00201209624271
3.0199517204e-05,3.0199517204e-05,3.0199517204e-05,3.0199517204e-05,3.0199517204e-05,3.0199517204e-05,3.0199517204e-05,3.0199517204e-05,3.0199517204e-05,3.0199517204e-05,3.0199517204e-05,3.0199517204e-05,3.0199517204e-05,3.0199517204e-05,3.0199517204e-05,3.0199517204e-05,3.0199517204e-05,3.0199517204e-05,5,X172 X180,0.993911111111,0.00225387420111,0.993911111111,0.00225387420111
3.0199517204e-05,3.0199517204e-05,3.0199517204e-05,3.0199517204e-05,3.0199517204e-05,3.0199517204e-05,3.0199517204e-05,3.0199517204e-05,3.0199517204e-05,3.0199517204e-05,3.0199517204e-05,3.0199517204e-05,3.0199517204e-05,3.0199517204e-05,3.0199517204e-05,3.0199517204e-05,3.0199517204e-05,3.0199517204e-05,5,X173 X181,0.993755555556,0.00170177579853,0.993755555556,0.00170177579853
3.0199517204e-05,3.0199517204e-05,3.0199517204e-05,3.0199517204e-05,3.0199517204e-05,3.0199517204e-05,3.0199517204e-05,3.0199517204e-05,3.0199517204e-05,3.0199517204e-05,3.0199517204e-05,3.0199517204e-05,3.0199517204e-05,3.0199517204e-05,3.0199517204e-05,3.0199517204e-05,3.0199517204e-05,3.0199517204e-05,5,X174 X182,0.993622222222,0.00192330600856,0.993622222222,0.00192330600856
3.0199517204e-05,3.0199517204e-05,3.0199517204e-05,3.0199517204e-05,3.0199517204e-05,3.0199517204e-05,3.0199517204e-05,3.0199517204e-05,3.0199517204e-05,3.0199517204e-05,3.0199517204e-05,3.0199517204e-05,3.0199517204e-05,3.0199517204e-05,3.0199517204e-05,3.0199517204e-05,3.0199517204e-05,3.0199517204e-05,5,X175 X183,0.993577777778,0.00223166575817,0.993577777778,0.00223166575817
3.0199517204e-05,3.0199517204e-05,3.0199517204e-05,3.0199517204e-05,3.0199517204e-05,3.0199517204e-05,3.0199517204e-05,3.0199517204e-05,3.0199517204e-05,3.0199517204e-05,3.0199517204e-05,3.0199517204e-05,3.0199517204e-05,3.0199517204e-05,3.0199517204e-05,3.0199517204e-05,3.0199517204e-05,3.0199517204e-05,5,X176 X184,0.993444444444,0.00207213465245,0.993444444444,0.00207213465245
3.0199517204e-05,3.0199517204e-05,3.0199517204e-05,3.0199517204e-05,3.0199517204e-05,3.0199517204e-05,3.0199517204e-05,3.0199517204e-05,3.0199517204e-05,3.0199517204e-05,3.0199517204e-05,3.0199517204e-05,3.0199517204e-05,3.0199517204e-05,3.0199517204e-05,3.0199517204e-05,3.0199517204e-05,3.0199517204e-05,5,X177 X185,0.9926,0.00208883182444,0.9926,0.00208883182444
3.0199517204e-05,3.0199517204e-05,3.0199517204e-05,3.0199517204e-05,3.0199517204e-05,3.0199517204e-05,3.0199517204e-05,3.0199517204e-05,3.0199517204e-05,3.0199517204e-05,3.0199517204e-05,3.0199517204e-05,3.0199517204e-05,3.0199517204e-05,3.0199517204e-05,3.0199517204e-05,3.0199517204e-05,3.0199517204e-05,5,X179 Z186 Y187 Y193 Z194 X200,0.981866666667,0.00321109188768,0.981866666667,0.00321109188768
3.0199517204e-05,3.0199517204e-05,3.0199517204e-05,3.0199517204e-05,3.0199517204e-05,3.0199517204e-05,3.0199517204e-05,3.0199517204e-05,3.0199517204e-05,3.0199517204e-05,3.0199517204e-05,3.0199517204e-05,3.0199517204e-05,3.0199517204e-05,3.0199517204e-05,3.0199517204e-05,3.0199517204e-05,3.0199517204e-05,5,X18 Z22 Y23 Y27 Z28 X33,0.983,0.00325541105691,0.983,0.00325541105691
3.0199517204e-05,3.0199517204e-05,3.0199517204e-05,3.0199517204e-05,3.0199517204e-05,3.0199517204e-05,3.0199517204e-05,3.0199517204e-05,3.0199517204e-05,3.0199517204e-05,3.0199517204e-05,3.0199517204e-05,3.0199517204e-05,3.0199517204e-05,3.0199517204e-05,3.0199517204e-05,3.0199517204e-05,3.0199517204e-05,5,X180 Z187 Y188 Y194 Z195 X201,0.982377777778,0.0028483151346,0.982377777778,0.0028483151346
3.0199517204e-05,3.0199517204e-05,3.0199517204e-05,3.0199517204e-05,3.0199517204e-05,3.0199517204e-05,3.0199517204e-05,3.0199517204e-05,3.0199517204e-05,3.0199517204e-05,3.0199517204e-05,3.0199517204e-05,3.0199517204e-05,3.0199517204e-05,3.0199517204e-05,3.0199517204e-05,3.0199517204e-05,3.0199517204e-05,5,X181 Z188 Y189 Y195 Z196 X202,0.983133333333,0.00320989848373,0.983133333333,0.00320989848373
3.0199517204e-05,3.0199517204e-05,3.0199517204e-05,3.0199517204e-05,3.0199517204e-05,3.0199517204e-05,3.0199517204e-05,3.0199517204e-05,3.0199517204e-05,3.0199517204e-05,3.0199517204e-05,3.0199517204e-05,3.0199517204e-05,3.0199517204e-05,3.0199517204e-05,3.0199517204e-05,3.0199517204e-05,3.0199517204e-05,5,X182 Z189 Y190 Y196 Z197 X203,0.982688888889,0.00299416205067,0.982688888889,0.00299416205067
3.0199517204e-05,3.0199517204e-05,3.0199517204e-05,3.0199517204e-05,3.0199517204e-05,3.0199517204e-05,3.0199517204e-05,3.0199517204e-05,3.0199517204e-05,3.0199517204e-05,3.0199517204e-05,3.0199517204e-05,3.0199517204e-05,3.0199517204e-05,3.0199517204e-05,3.0199517204e-05,3.0199517204e-05,3.0199517204e-05,5,X183 Z190 Y191 Y197 Z198 X204,0.982622222222,0.00295007413808,0.982622222222,0.00295007413808
3.0199517204e-05,3.0199517204e-05,3.0199517204e-05,3.0199517204e-05,3.0199517204e-05,3.0199517204e-05,3.0199517204e-05,3.0199517204e-05,3.0199517204e-05,3.0199517204e-05,3.0199517204e-05,3.0199517204e-05,3.0199517204e-05,3.0199517204e-05,3.0199517204e-05,3.0199517204e-05,3.0199517204e-05,3.0199517204e-05,5,X184 Z191 Y192 Y198 Z199 X205,0.981555555556,0.00341882699668,0.981555555556,0.00341882699668
3.0199517204e-05,3.0199517204e-05,3.0199517204e-05,3.0199517204e-05,3.0199517204e-05,3.0199517204e-05,3.0199517204e-05,3.0199517204e-05,3.0199517204e-05,3.0199517204e-05,3.0199517204e-05,3.0199517204e-05,3.0199517204e-05,3.0199517204e-05,3.0199517204e-05,3.0199517204e-05,3.0199517204e-05,3.0199517204e-05,5,X185 Z192 Y199,0.987333333333,0.00304751641863,0.987333333333,0.00304751641863
3.0199517204e-05,3.0199517204e-05,3.0199517204e-05,3.0199517204e-05,3.0199517204e-05,3.0199517204e-05,3.0199517204e-05,3.0199517204e-05,3.0199517204e-05,3.0199517204e-05,3.0199517204e-05,3.0199517204e-05,3.0199517204e-05,3.0199517204e-05,3.0199517204e-05,3.0199517204e-05,3.0199517204e-05,3.0199517204e-05,5,X186 X193,0.993644444444,0.00198641619445,0.993644444444,0.00198641619445
3.0199517204e-05,3.0199517204e-05,3.0199517204e-05,3.0199517204e-05,3.0199517204e-05,3.0199517204e-05,3.0199517204e-05,3.0199517204e-05,3.0199517204e-05,3.0199517204e-05,3.0199517204e-05,3.0199517204e-05,3.0199517204e-05,3.0199517204e-05,3.0199517204e-05,3.0199517204e-05,3.0199517204e-05,3.0199517204e-05,5,X187 X194,0.993777777778,0.00185557735092,0.993777777778,0.00185557735092
3.0199517204e-05,3.0199517204e-05,3.0199517204e-05,3.0199517204e-05,3.0199517204e-05,3.0199517204e-05,3.0199517204e-05,3.0199517204e-05,3.0199517204e-05,3.0199517204e-05,3.0199517204e-05,3.0199517204e-05,3.0199517204e-05,3.0199517204e-05,3.0199517204e-05,3.0199517204e-05,3.0199517204e-05,3.0199517204e-05,5,X188 X195,0.9932,0.00203720189743,0.9932,0.00203720189743
3.0199517204e-05,3.0199517204e-05,3.0199517204e-05,3.0199517204e-05,3.0199517204e-05,3.0199517204e-05,3.0199517204e-05,3.0199517204e-05,3.0199517204e-05,3.0199517204e-05,3.0199517204e-05,3.0199517204e-05,3.0199517204e-05,3.0199517204e-05,3.0199517204e-05,3.0199517204e-05,3.0199517204e-05,3.0199517204e-05,5,X189 X196,0.994044444444,0.00173256688035,0.994044444444,0.00173256688035
3.0199517204e-05,3.0199517204e-05,3.0199517204e-05,3.0199517204e-05,3.0199517204e-05,3.0199517204e-05,3.0199517204e-05,3.0199517204e-05,3.0199517204e-05,3.0199517204e-05,3.0199517204e-05,3.0199517204e-05,3.0199517204e-05,3.0199517204e-05,3.0199517204e-05,3.0199517204e-05,3.0199517204e-05,3.0199517204e-05,5,X19 Z23 Y24 Y28 Z29 X34,0.981422222222,0.0033800556949,0.981422222222,0.0033800556949
3.0199517204e-05,3.0199517204e-05,3.0199517204e-05,3.0199517204e-05,3.0199517204e-05,3.0199517204e-05,3.0199517204e-05,3.0199517204e-05,3.0199517204e-05,3.0199517204e-05,3.0199517204e-05,3.0199517204e-05,3.0199517204e-05,3.0199517204e-05,3.0199517204e-05,3.0199517204e-05,3.0199517204e-05,3.0199517204e-05,5,X190 X197,0.993911111111,0.00193165470791,0.993911111111,0.00193165470791
3.0199517204e-05,3.0199517204e-05,3.0199517204e-05,3.0199517204e-05,3.0199517204e-05,3.0199517204e-05,3.0199517204e-05,3.0199517204e-05,3.0199517204e-05,3.0199517204e-05,3.0199517204e-05,3.0199517204e-05,3.0199517204e-05,3.0199517204e-05,3.0199517204e-05,3.0199517204e-05,3.0199517204e-05,3.0199517204e-05,5,X191 X198,0.9938,0.00238867057721,0.9938,0.00238867057721
3.0199517204e-05,3.0199517204e-05,3.0199517204e-05,3.0199517204e-05,3.0199517204e-05,3.0199517204e-05,3.0199517204e-05,3.0199517204e-05,3.0199517204e-05,3.0199517204e-05,3.0199517204e-05,3.0199517204e-05,3.0199517204e-05,3.0199517204e-05,3.0199517204e-05,3.0199517204e-05,3.0199517204e-05,3.0199517204e-05,5,X192 X199,0.994244444444,0.00159964874816,0.994244444444,0.00159964874816
3.0199517204e-05,3.0199517204e-05,3.0199517204e-05,3.0199517204e-05,3.0199517204e-05,3.0199517204e-05,3.0199517204e-05,3.0199517204e-05,3.0199517204e-05,3.0199517204e-05,3.0199517204e-05,3.0199517204e-05,3.0199517204e-05,3.0199517204e-05,3.0199517204e-05,3.0199517204e-05,3.0199517204e-05,3.0199517204e-05,5,X193 Y200 Z206,0.989266666667,0.00265716698731,0.989266666667,0.00265716698731
3.0199517204e-05,3.0199517204e-05,3.0199517204e-05,3.0199517204e-05,3.0199517204e-05,3.0199517204e-05,3.0199517204e-05,3.0199517204e-05,3.0199517204e-05,3.0199517204e-05,3.0199517204e-05,3.0199517204e-05,3.0199517204e-05,3.0199517204e-05,3.0199517204e-05,3.0199517204e-05,3.0199517204e-05,3.0199517204e-05,5,X194 Z200 Y201 Y206 Z207 X212,0.982644444444,0.00318272797197,0.982644444444,0.00318272797197
3.0199517204e-05,3.0199517204e-05,3.0199517204e-05,3.0199517204e-05,3.0199517204e-05,3.0199517204e-05,3.0199517204e-05,3.0199517204e-05,3.0199517204e-05,3.0199517204e-05,3.0199517204e-05,3.0199517204e-05,3.0199517204e-05,3.0199517204e-05,3.0199517204e-05,3.0199517204e-05,3.0199517204e-05,3.0199517204e-05,5,X195 Z201 Y202 Y207 Z208 X213,0.982377777778,0.00316437707105,0.982377777778,0.00316437707105
3.0199517204e-05,3.0199517204e-05,3.0199517204e-05,3.0199517204e-05,3.0199517204e-05,3.0199517204e-05,3.0199517204e-05,3.0199517204e-05,3.0199517204e-05,3.0199517204e-05,3.0199517204e-05,3.0199517204e-05,3.0199517204e-05,3.0199517204e-05,3.0199517204e-05,3.0199517204e-05,3.0199517204e-05,3.0199517204e-05,5,X196 Z202 Y203 Y208 Z209 X214,0.981977777778,0.00413371645734,0.981977777778,0.00413371645734
3.0199517204e-05,3.0199517204e-05,3.0199517204e-05,3.0199517204e-05,3.0199517204e-05,3.0199517204e-05,3.0199517204e-05,3.0199517204e-05,3.0199517204e-05,3.0199517204e-05,3.0199517204e-05,3.0199517204e-05,3.0199517204e-05,3.0199517204e-05,3.0199517204e-05,3.0199517204e-05,3.0199517204e-05,3.0199517204e-05,5,X197 Z203 Y204 Y209 Z210 X215,0.9822,0.00351962206261,0.9822,0.00351962206261
3.0199517204e-05,3.0199517204e-05,3.0199517204e-05,3.0199517204e-05,3.0199517204e-05,3.0199517204e-05,3.0199517204e-05,3.0199517204e-05,3.0199517204e-05,3.0199517204e-05,3.0199517204e-05,3.0199517204e-05,3.0199517204e-05,3.0199517204e-05,3.0199517204e-05,3.0199517204e-05,3.0199517204e-05,3.0199517204e-05,5,X198 Z204 Y205 Y210 Z211 X216,0.981933333333,0.00284113193135,0.981933333333,0.00284113193135
3.0199517204e-05,3.0199517204e-05,3.0199517204e-05,3.0199517204e-05,3.0199517204e-05,3.0199517204e-05,3.0199517204e-05,3.0199517204e-05,3.0199517204e-05,3.0199517204e-05,3.0199517204e-05,3.0199517204e-05,3.0199517204e-05,3.0199517204e-05,3.0199517204e-05,3.0199517204e-05,3.0199517204e-05,3.0199517204e-05,5,X2 X4,0.993977777778,0.00169274614974,0.993977777778,0.00169274614974
3.0199517204e-05,3.0199517204e-05,3.0199517204e-05,3.0199517204e-05,3.0199517204e-05,3.0199517204e-05,3.0199517204e-05,3.0199517204e-05,3.0199517204e-05,3.0199517204e-05,3.0199517204e-05,3.0199517204e-05,3.0199517204e-05,3.0199517204e-05,3.0199517204e-05,3.0199517204e-05,3.0199517204e-05,3.0199517204e-05,5,X20 X25,0.994644444444,0.00191372004049,0.994644444444,0.00191372004049
3.0199517204e-05,3.0199517204e-05,3.0199517204e-05,3.0199517204e-05,3.0199517204e-05,3.0199517204e-05,3.0199517204e-05,3.0199517204e-05,3.0199517204e-05,3.0199517204e-05,3.0199517204e-05,3.0199517204e-05,3.0199517204e-05,3.0199517204e-05,3.0199517204e-05,3.0199517204e-05,3.0199517204e-05,3.0199517204e-05,5,X200 X206,0.994288888889,0.00179981551488,0.994288888889,0.00179981551488
3.0199517204e-05,3.0199517204e-05,3.0199517204e-05,3.0199517204e-05,3.0199517204e-05,3.0199517204e-05,3.0199517204e-05,3.0199517204e-05,3.0199517204e-05,3.0199517204e-05,3.0199517204e-05,3.0199517204e-05,3.0199517204e-05,3.0199517204e-05,3.0199517204e-05,3.0199517204e-05,3.0199517204e-05,3.0199517204e-05,5,X201 X207,0.993955555556,0.00223475393716,0.993955555556,0.00223475393716
3.0199517204e-05,3.0199517204e-05,3.0199517204e-05,3.0199517204e-05,3.0199517204e-05,3.0199517204e-05,3.0199517204e-05,3.0199517204e-05,3.0199517204e-05,3.0199517204e-05,3.0199517204e-05,3.0199517204e-05,3.0199517204e-05,3.0199517204e-05,3.0199517204e-05,3.0199517204e-05,3.0199517204e-05,3.0199517204e-05,5,X202 X208,0.993422222222,0.00228762007759,0.993422222222,0.00228762007759
3.0199517204e-05,3.0199517204e-05,3.0199517204e-05,3.0199517204e-05,3.0199517204e-05,3.0199517204e-05,3.0199517204e-05,3.0199517204e-05,3.0199517204e-05,3.0199517204e-05,3.0199517204e-05,3.0199517204e-05,3.0199517204e-05,3.0199517204e-05,3.0199517204e-05,3.0199517204e-05,3.0199517204e-05,3.0199517204e-05,5,X203 X209,0.993622222222,0.00174797821543,0.993622222222,0.00174797821543
3.0199517204e-05,3.0199517204e-05,3.0199517204e-05,3.0199517204e-05,3.0199517204e-05,3.0199517204e-05,3.0199517204e-05,3.0199517204e-05,3.0199517204e-05,3.0199517204e-05,3.0199517204e-05,3.0199517204e-05,3.0199517204e-05,3.0199517204e-05,3.0199517204e-05,3.0199517204e-05,3.0199517204e-05,3.0199517204e-05,5,X204 X210,0.993777777778,0.00185557735092,0.993777777778,0.00185557735092
3.0199517204e-05,3.0199517204e-05,3.0199517204e-05,3.0199517204e-05,3.0199517204e-05,3.0199517204e-05,3.0199517204e-05,3.0199517204e-05,3.0199517204e-05,3.0199517204e-05,3.0199517204e-05,3.0199517204e-05,3.0199517204e-05,3.0199517204e-05,3.0199517204e-05,3.0199517204e-05,3.0199517204e-05,3.0199517204e-05,5,X205 X211,0.994377777778,0.00167637021975,0.994377777778,0.00167637021975
3.0199517204e-05,3.0199517204e-05,3.0199517204e-05,3.0199517204e-05,3.0199517204e-05,3.0199517204e-05,3.0199517204e-05,3.0199517204e-05,3.0199517204e-05,3.0199517204e-05,3.0199517204e-05,3.0199517204e-05,3.0199517204e-05,3.0199517204e-05,3.0199517204e-05,3.0199517204e-05,3.0199517204e-05,3.0199517204e-05,5,X207 Z212 Y213 Y217 Z218 X222,0.982555555556,0.00303281331065,0.982555555556,0.00303281331065
3.0199517204e-05,3.0199517204e-05,3.0199517204e-05,3.0199517204e-05,3.0199517204e-05,3.0199517204e-05,3.0199517204e-05,3.0199517204e-05,3.0199517204e-05,3.0199517204e-05,3.0199517204e-05,3.0199517204e-05,3.0199517204e-05,3.0199517204e-05,3.0199517204e-05,3.0199517204e-05,3.0199517204e-05,3.0199517204e-05,5,X208 Z213 Y214 Y218 Z219 X223,0.982333333333,0.00339370614216,0.982333333333,0.00339370614216
3.0199517204e-05,3.0199517204e-05,3.0199517204e-05,3.0199517204e-05,3.0199517204e-05,3.0199517204e-05,3.0199517204e-05,3.0199517204e-05,3.0199517204e-05,3.0199517204e-05,3.0199517204e-05,3.0199517204e-05,3.0199517204e-05,3.0199517204e-05,3.0199517204e-05,3.0199517204e-05,3.0199517204e-05,3.0199517204e-05,5,X209 Z214 Y215 Y219 Z220 X224,0.983311111111,0.00328229119739,0.983311111111,0.00328229119739
3.0199517204e-05,3.0199517204e-05,3.0199517204e-05,3.0199517204e-05,3.0199517204e-05,3.0199517204e-05,3.0199517204e-05,3.0199517204e-05,3.0199517204e-05,3.0199517204e-05,3.0199517204e-05,3.0199517204e-05,3.0199517204e-05,3.0199517204e-05,3.0199517204e-05,3.0199517204e-05,3.0199517204e-05,3.0199517204e-05,5,X21 X26,0.994222222222,0.002051694624,0.994222222222,0.002051694624
3.0199517204e-05,3.0199517204e-05,3.0199517204e-05,3.0199517204e-05,3.0199517204e-05,3.0199517204e-05,3.0199517204e-05,3.0199517204e-05,3.0199517204e-05,3.0199517204e-05,3.0199517204e-05,3.0199517204e-05,3.0199517204e-05,3.0199517204e-05,3.0199517204e-05,3.0199517204e-05,3.0199517204e-05,3.0199517204e-05,5,X210 Z215 Y216 Y220 Z221 X225,0.982777777778,0.00375120244664,0.982777777778,0.00375120244664
3.0199517204e-05,3.0199517204e-05,3.0199517204e-05,3.0199517204e-05,3.0199517204e-05,3.0199517204e-05,3.0199517204e-05,3.0199517204e-05,3.0199517204e-05,3.0199517204e-05,3.0199517204e-05,3.0199517204e-05,3.0199517204e-05,3.0199517204e-05,3.0199517204e-05,3.0199517204e-05,3.0199517204e-05,3.0199517204e-05,5,X211 Z216 Y221,0.9892,0.00253345432258,0.9892,0.00253345432258
3.0199517204e-05,3.0199517204e-05,3.0199517204e-05,3.0199517204e-05,3.0199517204e-05,3.0199517204e-05,3.0199517204e-05,3.0199517204e-05,3.0199517204e-05,3.0199517204e-05,3.0199517204e-05,3.0199517204e-05,3.0199517204e-05,3.0199517204e-05,3.0199517204e-05,3.0199517204e-05,3.0199517204e-05,3.0199517204e-05,5,X212 X217,0.993733333333,0.00251036166893,0.993733333333,0.00251036166893
3.0199517204e-05,3.0199517204e-05,3.0199517204e-05,3.0199517204e-05,3.0199517204e-05,3.0199517204e-05,3.0199517204e-05,3.0199517204e-05,3.0199517204e-05,3.0199517204e-05,3.0199517204e-05,3.0199517204e-05,3.0199517204e-05,3.0199517204e-05,3.0199517204e-05,3.0199517204e-05,3.0199517204e-05,3.0199517204e-05,5,X213 X218,0.992955555556,0.00179981551488,0.992955555556,0.00179981551488
3.0199517204e-05,3.0199517204e-05,3.0199517204e-05,3.0199517204e-05,3.0199517204e-05,3.0199517204e-05,3.0199517204e-05,3.0199517204e-05,3.0199517204e-05,3.0199517204e-05,3.0199517204e-05,3.0199517204e-05,3.0199517204e-05,3.0199517204e-05,3.0199517204e-05,3.0199517204e-05,3.0199517204e-05,3.0199517204e-05,5,X214 X219,0.994155555556,0.00174797821543,0.994155555556,0.00174797821543
3.0199517204e-05,3.0199517204e-05,3.0199517204e-05,3.0199517204e-05,3.0199517204e-05,3.0199517204e-05,3.0199517204e-05,3.0199517204e-05,3.0199517204e-05,3.0199517204e-05,3.0199517204e-05,3.0199517204e-05,3.0199517204e-05,3.0199517204e-05,3.0199517204e-05,3.0199517204e-05,3.0199517204e-05,3.0199517204e-05,5,X215 X220,0.993666666667,0.00245573845126,0.993666666667,0.00245573845126
3.0199517204e-05,3.0199517204e-05,3.0199517204e-05,3.0199517204e-05,3.0199517204e-05,3.0199517204e-05,3.0199517204e-05,3.0199517204e-05,3.0199517204e-05,3.0199517204e-05,3.0199517204e-05,3.0199517204e-05,3.0199517204e-05,3.0199517204e-05,3.0199517204e-05,3.0199517204e-05,3.0199517204e-05,3.0199517204e-05,5,X216 X221,0.994355555556,0.00198641619445,0.994355555556,0.00198641619445
3.0199517204e-05,3.0199517204e-05,3.0199517204e-05,3.0199517204e-05,3.0199517204e-05,3.0199517204e-05,3.0199517204e-05,3.0199517204e-05,3.0199517204e-05,3.0199517204e-05,3.0199517204e-05,3.0199517204e-05,3.0199517204e-05,3.0199517204e-05,3.0199517204e-05,3.0199517204e-05,3.0199517204e-05,3.0199517204e-05,5,X217 Y222 Z226,0.988711111111,0.00228225426862,0.988711111111,0.00228225426862
3.0199517204e-05,3.0199517204e-05,3.0199517204e-05,3.0199517204e-05,3.0199517204e-05,3.0199517204e-05,3.0199517204e-05,3.0199517204e-05,3.0199517204e-05,3.0199517204e-05,3.0199517204e-05,3.0199517204e-05,3.0199517204e-05,3.0199517204e-05,3.0199517204e-05,3.0199517204e-05,3.0199517204e-05,3.0199517204e-05,5,X218 Z222 Y223 Y226 Z227 X230,0.982755555556,0.00328812251607,0.982755555556,0.00328812251607
3.0199517204e-05,3.0199517204e-05,3.0199517204e-05,3.0199517204e-05,3.0199517204e-05,3.0199517204e-05,3.0199517204e-05,3.0199517204e-05,3.0199517204e-05,3.0199517204e-05,3.0199517204e-05,3.0199517204e-05,3.0199517204e-05,3.0199517204e-05,3.0199517204e-05,3.0199517204e-05,3.0199517204e-05,3.0199517204e-05,5,X219 Z223 Y224 Y227 Z228 X231,0.982111111111,0.00356261272816,0.982111111111,0.00356261272816
3.0199517204e-05,3.0199517204e-05,3.0199517204e-05,3.0199517204e-05,3.0199517204e-05,3.0199517204e-05,3.0199517204e-05,3.0199517204e-05,3.0199517204e-05,3.0199517204e-05,3.0199517204e-05,3.0199517204e-05,3.0199517204e-05,3.0199517204e-05,3.0199517204e-05,3.0199517204e-05,3.0199517204e-05,3.0199517204e-05,5,X22 X27,0.993955555556,0.0018188736638,0.993955555556,0.0018188736638
3.0199517204e-05,3.0199517204e-05,3.0199517204e-05,3.0199517204e-05,3.0199517204e-05,3.0199517204e-05,3.0199517204e-05,3.0199517204e-05,3.0199517204e-05,3.0199517204e-05,3.0199517204e-05,3.0199517204e-05,3.0199517204e-05,3.0199517204e-05,3.0199517204e-05,3.0199517204e-05,3.0199517204e-05,3.0199517204e-05,5,X220 Z224 Y225 Y228 Z229 X232,0.982377777778,0.00377401209659,0.982377777778,0.00377401209659
3.0199517204e-05,3.0199517204e-05,3.0199517204e-05,3.0199517204e-05,3.0199517204e-05,3.0199517204e-05,3.0199517204e-05,3.0199517204e-05,3.0199517204e-05,3.0199517204e-05,3.0199517204e-05,3.0199517204e-05,3.0199517204e-05,3.0199517204e-05,3.0199517204e-05,3.0199517204e-05,3.0199517204e-05,3.0199517204e-05,5,X222 X226,0.994777777778,0.00212327610189,0.994777777778,0.00212327610189
3.0199517204e-05,3.0199517204e-05,3.0199517204e-05,3.0199517204e-05,3.0199517204e-05,3.0199517204e-05,3.0199517204e-05,3.0199517204e-05,3.0199517204e-05,3.0199517204e-05,3.0199517204e-05,3.0199517204e-05,3.0199517204e-05,3.0199517204e-05,3.0199517204e-05,3.0199517204e-05,3.0199517204e-05,3.0199517204e-05,5,X223 X227,0.993844444444,0.00208393477908,0.993844444444,0.00208393477908
3.0199517204e-05,3.0199517204e-05,3.0199517204e-05,3.0199517204e-05,3.0199517204e-05,3.0199517204e-05,3.0199517204e-05,3.0199517204e-05,3.0199517204e-05,3.0199517204e-05,3.0199517204e-05,3.0199517204e-05,3.0199517204e-05,3.0199517204e-05,3.0199517204e-05,3.0199517204e-05,3.0199517204e-05,3.0199517204e-05,5,X224 X228,0.994177777778,0.0019646947709,0.994177777778,0.0019646947709
3.0199517204e-05,3.0199517204e-05,3.0199517204e-05,3.0199517204e-05,3.0199517204e-05,3.0199517204e-05,3.0199517204e-05,3.0199517204e-05,3.0199517204e-05,3.0199517204e-05,3.0199517204e-05,3.0199517204e-05,3.0199517204e-05,3.0199517204e-05,3.0199517204e-05,3.0199517204e-05,3.0199517204e-05,3.0199517204e-05,5,X225 X229,0.993311111111,0.00177235763784,0.993311111111,0.00177235763784
3.0199517204e-05,3.0199517204e-05,3.0199517204e-05,3.0199517204e-05,3.0199517204e-05,3.0199517204e-05,3.0199517204e-05,3.0199517204e-05,3.0199517204e-05,3.0199517204e-05,3.0199517204e-05,3.0199517204e-05,3.0199517204e-05,3.0199517204e-05,3.0199517204e-05,3.0199517204e-05,3.0199517204e-05,3.0199517204e-05,5,X227 Z230 Y231 Y233 Z234 X236,0.982822222222,0.00410096085679,0.982822222222,0.00410096085679
3.0199517204e-05,3.0199517204e-05,3.0199517204e-05,3.0199517204e-05,3.0199517204e-05,3.0199517204e-05,3.0199517204e-05,3.0199517204e-05,3.0199517204e-05,3.0199517204e-05,3.0199517204e-05,3.0199517204e-05,3.0199517204e-05,3.0199517204e-05,3.0199517204e-05,3.0199517204e-05,3.0199517204e-05,3.0199517204e-05,5,X228 Z231 Y232 Y234 Z235 X237,0.984155555556,0.00291216675312,0.984155555556,0.00291216675312
3.0199517204e-05,3.0199517204e-05,3.0199517204e-05,3.0199517204e-05,3.0199517204e-05,3.0199517204e-05,3.0199517204e-05,3.0199517204e-05,3.0199517204e-05,3.0199517204e-05,3.0199517204e-05,3.0199517204e-05,3.0199517204e-05,3.0199517204e-05,3.0199517204e-05,3.0199517204e-05,3.0199517204e-05,3.0199517204e-05,5,X229 Z232 Y235,0.989555555556,0.00234452706361,0.989555555556,0.00234452706361
3.0199517204e-05,3.0199517204e-05,3.0199517204e-05,3.0199517204e-05,3.0199517204e-05,3.0199517204e-05,3.0199517204e-05,3.0199517204e-05,3.0199517204e-05,3.0199517204e-05,3.0199517204e-05,3.0199517204e-05,3.0199517204e-05,3.0199517204e-05,3.0199517204e-05,3.0199517204e-05,3.0199517204e-05,3.0199517204e-05,5,X23 X28,0.993844444444,0.00208393477908,0.993844444444,0.00208393477908
3.0199517204e-05,3.0199517204e-05,3.0199517204e-05,3.0199517204e-05,3.0199517204e-05,3.0199517204e-05,3.0199517204e-05,3.0199517204e-05,3.0199517204e-05,3.0199517204e-05,3.0199517204e-05,3.0199517204e-05,3.0199517204e-05,3.0199517204e-05,3.0199517204e-05,3.0199517204e-05,3.0199517204e-05,3.0199517204e-05,5,X230 X233,0.994244444444,0.00178956818211,0.994244444444,0.00178956818211
3.0199517204e-05,3.0199517204e-05,3.0199517204e-05,3.0199517204e-05,3.0199517204e-05,3.0199517204e-05,3.0199517204e-05,3.0199517204e-05,3.0199517204e-05,3.0199517204e-05,3.0199517204e-05,3.0199517204e-05,3.0199517204e-05,3.0199517204e-05,3.0199517204e-05,3.0199517204e-05,3.0199517204e-05,3.0199517204e-05,5,X231 X234,0.994577777778,0.00155347425076,0.994577777778,0.00155347425076
3.0199517204e-05,3.0199517204e-05,3.0199517204e-05,3.0199517204e-05,3.0199517204e-05,3.0199517204e-05,3.0199517204e-05,3.0199517204e-05,3.0199517204e-05,3.0199517204e-05,3.0199517204e-05,3.0199517204e-05,3.0199517204e-05,3.0199517204e-05,3.0199517204e-05,3.0199517204e-05,3.0199517204e-05,3.0199517204e-05,5,X232 X235,0.994244444444,0.00194548959322,0.994244444444,0.00194548959322
3.0199517204e-05,3.0199517204e-05,3.0199517204e-05,3.0199517204e-05,3.0199517204e-05,3.0199517204e-05,3.0199517204e-05,3.0199517204e-05,3.0199517204e-05,3.0199517204e-05,3.0199517204e-05,3.0199517204e-05,3.0199517204e-05,3.0199517204e-05,3.0199517204e-05,3.0199517204e-05,3.0199517204e-05,3.0199517204e-05,5,X233 Y236 Z238,0.989222222222,0.00257356638414,0.989222222222,0.00257356638414
3.0199517204e-05,3.0199517204e-05,3.0199517204e-05,3.0199517204e-05,3.0199517204e-05,3.0199517204e-05,3.0199517204e-05,3.0199517204e-05,3.0199517204e-05,3.0199517204e-05,3.0199517204e-05,3.0199517204e-05,3.0199517204e-05,3.0199517204e-05,3.0199517204e-05,3.0199517204e-05,3.0199517204e-05,3.0199517204e-05,5,X234 Z236 Y237 Y238 Z239 X240,0.983488888889,0.00286975686601,0.983488888889,0.00286975686601
3.0199517204e-05,3.0199517204e-05,3.0199517204e-05,3.0199517204e-05,3.0199517204e-05,3.0199517204e-05,3.0199517204e-05,3.0199517204e-05,3.0199517204e-05,3.0199517204e-05,3.0199517204e-05,3.0199517204e-05,3.0199517204e-05,3.0199517204e-05,3.0199517204e-05,3.0199517204e-05,3.0199517204e-05,3.0199517204e-05,5,X236 X238,0.994666666667,0.00145428419806,0.994666666667,0.00145428419806
3.0199517204e-05,3.0199517204e-05,3.0199517204e-05,3.0199517204e-05,3.0199517204e-05,3.0199517204e-05,3.0199517204e-05,3.0199517204e-05,3.0199517204e-05,3.0199517204e-05,3.0199517204e-05,3.0199517204e-05,3.0199517204e-05,3.0199517204e-05,3.0199517204e-05,3.0199517204e-05,3.0199517204e-05,3.0199517204e-05,5,X237 X239,0.993866666667,0.00205964695855,0.993866666667,0.00205964695855
3.0199517204e-05,3.0199517204e-05,3.0199517204e-05,3.0199517204e-05,3.0199517204e-05,3.0199517204e-05,3.0199517204e-05,3.0199517204e-05,3.0199517204e-05,3.0199517204e-05,3.0199517204e-05,3.0199517204e-05,3.0199517204e-05,3.0199517204e-05,3.0199517204e-05,3.0199517204e-05,3.0199517204e-05,3.0199517204e-05,5,X239 Z240 Y241,0.989111111111,0.00240263797126,0.989111111111,0.00240263797126
3.0199517204e-05,3.0199517204e-05,3.0199517204e-05,3.0199517204e-05,3.0199517204e-05,3.0199517204e-05,3.0199517204e-05,3.0199517204e-05,3.0199517204e-05,3.0199517204e-05,3.0199517204e-05,3.0199517204e-05,3.0199517204e-05,3.0199517204e-05,3.0199517204e-05,3.0199517204e-05,3.0199517204e-05,3.0199517204e-05,5,X24 X29,0.9934,0.00156934229824,0.9934,0.00156934229824
3.0199517204e-05,3.0199517204e-05,3.0199517204e-05,3.0199517204e-05,3.0199517204e-05,3.0199517204e-05,3.0199517204e-05,3.0199517204e-05,3.0199517204e-05,3.0199517204e-05,3.0199517204e-05,3.0199517204e-05,3.0199517204e-05,3.0199517204e-05,3.0199517204e-05,3.0199517204e-05,3.0199517204e-05,3.0199517204e-05,5,X240 X241,0.994,0.00203419051086,0.994,0.00203419051086
3.0199517204e-05,3.0199517204e-05,3.0199517204e-05,3.0199517204e-05,3.0199517204e-05,3.0199517204e-05,3.0199517204e-05,3.0199517204e-05,3.0199517204e-05,3.0199517204e-05,3.0199517204e-05,3.0199517204e-05,3.0199517204e-05,3.0199517204e-05,3.0199517204e-05,3.0199517204e-05,3.0199517204e-05,3.0199517204e-05,5,X25 Z30 Y31 Y36 Z37 X43,0.982711111111,0.00346601821227,0.982711111111,0.00346601821227
3.0199517204e-05,3.0199517204e-05,3.0199517204e-05,3.0199517204e-05,3.0199517204e-05,3.0199517204e-05,3.0199517204e-05,3.0199517204e-05,3.0199517204e-05,3.0199517204e-05,3.0199517204e-05,3.0199517204e-05,3.0199517204e-05,3.0199517204e-05,3.0199517204e-05,3.0199517204e-05,3.0199517204e-05,3.0199517204e-05,5,X26 Z31 Y32 Y37 Z38 X44,0.981866666667,0.00357685193037,0.981866666667,0.00357685193037
3.0199517204e-05,3.0199517204e-05,3.0199517204e-05,3.0199517204e-05,3.0199517204e-05,3.0199517204e-05,3.0199517204e-05,3.0199517204e-05,3.0199517204e-05,3.0199517204e-05,3.0199517204e-05,3.0199517204e-05,3.0199517204e-05,3.0199517204e-05,3.0199517204e-05,3.0199517204e-05,3.0199517204e-05,3.0199517204e-05,5,X27 Z32 Y33 Y38 Z39 X45,0.981733333333,0.00383410786778,0.981733333333,0.00383410786778
3.0199517204e-05,3.0199517204e-05,3.0199517204e-05,3.0199517204e-05,3.0199517204e-05,3.0199517204e-05,3.0199517204e-05,3.0199517204e-05,3.0199517204e-05,3.0199517204e-05,3.0199517204e-05,3.0199517204e-05,3.0199517204e-05,3.0199517204e-05,3.0199517204e-05,3.0199517204e-05,3.0199517204e-05,3.0199517204e-05,5,X28 Z33 Y34 Y39 Z40 X46,0.982355555556,0.00304617508212,0.982355555556,0.00304617508212
3.0199517204e-05,3.0199517204e-05,3.0199517204e-05,3.0199517204e-05,3.0199517204e-05,3.0199517204e-05,3.0199517204e-05,3.0199517204e-05,3.0199517204e-05,3.0199517204e-05,3.0199517204e-05,3.0199517204e-05,3.0199517204e-05,3.0199517204e-05,3.0199517204e-05,3.0199517204e-05,3.0199517204e-05,3.0199517204e-05,5,X29 Z34 Y35 Y40 Z41 X47,0.982288888889,0.00350011858949,0.982288888889,0.00350011858949
3.0199517204e-05,3.0199517204e-05,3.0199517204e-05,3.0199517204e-05,3.0199517204e-05,3.0199517204e-05,3.0199517204e-05,3.0199517204e-05,3.0199517204e-05,3.0199517204e-05,3.0199517204e-05,3.0199517204e-05,3.0199517204e-05,3.0199517204e-05,3.0199517204e-05,3.0199517204e-05,3.0199517204e-05,3.0199517204e-05,5,X3 X5,0.993755555556,0.00176368938746,0.993755555556,0.00176368938746
3.0199517204e-05,3.0199517204e-05,3.0199517204e-05,3.0199517204e-05,3.0199517204e-05,3.0199517204e-05,3.0199517204e-05,3.0199517204e-05,3.0199517204e-05,3.0199517204e-05,3.0199517204e-05,3.0199517204e-05,3.0199517204e-05,3.0199517204e-05,3.0199517204e-05,3.0199517204e-05,3.0199517204e-05,3.0199517204e-05,5,X30 X36,0.993622222222,0.00211314683055,0.993622222222,0.00211314683055
3.0199517204e-05,3.0199517204e-05,3.0199517204e-05,3.0199517204e-05,3.0199517204e-05,3.0199517204e-05,3.0199517204e-05,3.0199517204e-05,3.0199517204e-05,3.0199517204e-05,3.0199517204e-05,3.0199517204e-05,3.0199517204e-05,3.0199517204e-05,3.0199517204e-05,3.0199517204e-05,3.0199517204e-05,3.0199517204e-05,5,X31 X37,0.994088888889,0.00157308134874,0.994088888889,0.00157308134874
3.0199517204e-05,3.0199517204e-05,3.0199517204e-05,3.0199517204e-05,3.0199517204e-05,3.0199517204e-05,3.0199517204e-05,3.0199517204e-05,3.0199517204e-05,3.0199517204e-05,3.0199517204e-05,3.0199517204e-05,3.0199517204e-05,3.0199517204e-05,3.0199517204e-05,3.0199517204e-05,3.0199517204e-05,3.0199517204e-05,5,X32 X38,0.993777777778,0.00234452706361,0.993777777778,0.00234452706361
3.0199517204e-05,3.0199517204e-05,3.0199517204e-05,3.0199517204e-05,3.0199517204e-05,3.0199517204e-05,3.0199517204e-05,3.0199517204e-05,3.0199517204e-05,3.0199517204e-05,3.0199517204e-05,3.0199517204e-05,3.0199517204e-05,3.0199517204e-05,3.0199517204e-05,3.0199517204e-05,3.0199517204e-05,3.0199517204e-05,5,X33 X39,0.994111111111,0.00170717066313,0.994111111111,0.00170717066313
3.0199517204e-05,3.0199517204e-05,3.0199517204e-05,3.0199517204e-05,3.0199517204e-05,3.0199517204e-05,3.0199517204e-05,3.0199517204e-05,3.0199517204e-05,3.0199517204e-05,3.0199517204e-05,3.0199517204e-05,3.0199517204e-05,3.0199517204e-05,3.0199517204e-05,3.0199517204e-05,3.0199517204e-05,3.0199517204e-05,5,X34 X40,0.994155555556,0.00213479356155,0.994155555556,0.00213479356155
3.0199517204e-05,3.0199517204e-05,3.0199517204e-05,3.0199517204e-05,3.0199517204e-05,3.0199517204e-05,3.0199517204e-05,3.0199517204e-05,3.0199517204e-05,3.0199517204e-05,3.0199517204e-05,3.0199517204e-05,3.0199517204e-05,3.0199517204e-05,3.0199517204e-05,3.0199517204e-05,3.0199517204e-05,3.0199517204e-05,5,X35 X41,0.994755555556,0.00158279381814,0.994755555556,0.00158279381814
3.0199517204e-05,3.0199517204e-05,3.0199517204e-05,3.0199517204e-05,3.0199517204e-05,3.0199517204e-05,3.0199517204e-05,3.0199517204e-05,3.0199517204e-05,3.0199517204e-05,3.0199517204e-05,3.0199517204e-05,3.0199517204e-05,3.0199517204e-05,3.0199517204e-05,3.0199517204e-05,3.0199517204e-05,3.0199517204e-05,5,X36 Z42 Y43 Y49 Z50 X57,0.9828,0.00334664010614,0.9828,0.00334664010614
3.0199517204e-05,3.0199517204e-05,3.0199517204e-05,3.0199517204e-05,3.0199517204e-05,3.0199517204e-05,3.0199517204e-05,3.0199517204e-05,3.0199517204e-05,3.0199517204e-05,3.0199517204e-05,3.0199517204e-05,3.0199517204e-05,3.0199517204e-05,3.0199517204e-05,3.0199517204e-05,3.0199517204e-05,3.0199517204e-05,5,X37 Z43 Y44 Y50 Z51 X58,0.981511111111,0.00267202526735,0.981511111111,0.00267202526735
3.0199517204e-05,3.0199517204e-05,3.0199517204e-05,3.0199517204e-05,3.0199517204e-05,3.0199517204e-05,3.0199517204e-05,3.0199517204e-05,3.0199517204e-05,3.0199517204e-05,3.0199517204e-05,3.0199517204e-05,3.0199517204e-05,3.0199517204e-05,3.0199517204e-05,3.0199517204e-05,3.0199517204e-05,3.0199517204e-05,5,X38 Z44 Y45 Y51 Z52 X59,0.982066666667,0.00358092006414,0.982066666667,0.00358092006414
3.0199517204e-05,3.0199517204e-05,3.0199517204e-05,3.0199517204e-05,3.0199517204e-05,3.0199517204e-05,3.0199517204e-05,3.0199517204e-05,3.0199517204e-05,3.0199517204e-05,3.0199517204e-05,3.0199517204e-05,3.0199517204e-05,3.0199517204e-05,3.0199517204e-05,3.0199517204e-05,3.0199517204e-05,3.0199517204e-05,5,X39 Z45 Y46 Y52 Z53 X60,0.982133333333,0.00241578461906,0.982133333333,0.00241578461906
3.0199517204e-05,3.0199517204e-05,3.0199517204e-05,3.0199517204e-05,3.0199517204e-05,3.0199517204e-05,3.0199517204e-05,3.0199517204e-05,3.0199517204e-05,3.0199517204e-05,3.0199517204e-05,3.0199517204e-05,3.0199517204e-05,3.0199517204e-05,3.0199517204e-05,3.0199517204e-05,3.0199517204e-05,3.0199517204e-05,5,X4 Z6 Y7 Y9 Z10 X13,0.982066666667,0.00309417943244,0.982066666667,0.00309417943244
3.0199517204e-05,3.0199517204e-05,3.0199517204e-05,3.0199517204e-05,3.0199517204e-05,3.0199517204e-05,3.0199517204e-05,3.0199517204e-05,3.0199517204e-05,3.0199517204e-05,3.0199517204e-05,3.0199517204e-05,3.0199517204e-05,3.0199517204e-05,3.0199517204e-05,3.0199517204e-05,3.0199517204e-05,3.0199517204e-05,5,X40 Z46 Y47 Y53 Z54 X61,0.982422222222,0.00273186578676,0.982422222222,0.00273186578676
3.0199517204e-05,3.0199517204e-05,3.0199517204e-05,3.0199517204e-05,3.0199517204e-05,3.0199517204e-05,3.0199517204e-05,3.0199517204e-05,3.0199517204e-05,3.0199517204e-05,3.0199517204e-05,3.0199517204e-05,3.0199517204e-05,3.0199517204e-05,3.0199517204e-05,3.0199517204e-05,3.0199517204e-05,3.0199517204e-05,5,X41 Z47 Y48 Y54 Z55 X62,0.981688888889,0.00295422722433,0.981688888889,0.00295422722433
3.0199517204e-05,3.0199517204e-05,3.0199517204e-05,3.0199517204e-05,3.0199517204e-05,3.0199517204e-05,3.0199517204e-05,3.0199517204e-05,3.0199517204e-05,3.0199517204e-05,3.0199517204e-05,3.0199517204e-05,3.0199517204e-05,3.0199517204e-05,3.0199517204e-05,3.0199517204e-05,3.0199517204e-05,3.0199517204e-05,5,X42 X49,0.994333333333,0.00171314503192,0.994333333333,0.00171314503192
3.0199517204e-05,3.0199517204e-05,3.0199517204e-05,3.0199517204e-05,3.0199517204e-05,3.0199517204e-05,3.0199517204e-05,3.0199517204e-05,3.0199517204e-05,3.0199517204e-05,3.0199517204e-05,3.0199517204e-05,3.0199517204e-05,3.0199517204e-05,3.0199517204e-05,3.0199517204e-05,3.0199517204e-05,3.0199517204e-05,5,X43 X50,0.994644444444,0.0016468554346,0.994644444444,0.0016468554346
3.0199517204e-05,3.0199517204e-05,3.0199517204e-05,3.0199517204e-05,3.0199517204e-05,3.0199517204e-05,3.0199517204e-05,3.0199517204e-05,3.0199517204e-05,3.0199517204e-05,3.0199517204e-05,3.0199517204e-05,3.0199517204e-05,3.0199517204e-05,3.0199517204e-05,3.0199517204e-05,3.0199517204e-05,3.0199517204e-05,5,X44 X51,0.994222222222,0.00226472759069,0.994222222222,0.00226472759069
3.0199517204e-05,3.0199517204e-05,3.0199517204e-05,3.0199517204e-05,3.0199517204e-05,3.0199517204e-05,3.0199517204e-05,3.0199517204e-05,3.0199517204e-05,3.0199517204e-05,3.0199517204e-05,3.0199517204e-05,3.0199517204e-05,3.0199517204e-05,3.0199517204e-05,3.0199517204e-05,3.0199517204e-05,3.0199517204e-05,5,X45 X52,0.993866666667,0.00171001109091,0.993866666667,0.00171001109091
3.0199517204e-05,3.0199517204e-05,3.0199517204e-05,3.0199517204e-05,3.0199517204e-05,3.0199517204e-05,3.0199517204e-05,3.0199517204e-05,3.0199517204e-05,3.0199517204e-05,3.0199517204e-05,3.0199517204e-05,3.0199517204e-05,3.0199517204e-05,3.0199517204e-05,3.0199517204e-05,3.0199517204e-05,3.0199517204e-05,5,X46 X53,0.993511111111,0.00212940250885,0.993511111111,0.00212940250885
3.0199517204e-05,3.0199517204e-05,3.0199517204e-05,3.0199517204e-05,3.0199517204e-05,3.0199517204e-05,3.0199517204e-05,3.0199517204e-05,3.0199517204e-05,3.0199517204e-05,3.0199517204e-05,3.0199517204e-05,3.0199517204e-05,3.0199517204e-05,3.0199517204e-05,3.0199517204e-05,3.0199517204e-05,3.0199517204e-05,5,X47 X54,0.993666666667,0.0021208687586,0.993666666667,0.0021208687586
3.0199517204e-05,3.0199517204e-05,3.0199517204e-05,3.0199517204e-05,3.0199517204e-05,3.0199517204e-05,3.0199517204e-05,3.0199517204e-05,3.0199517204e-05,3.0199517204e-05,3.0199517204e-05,3.0199517204e-05,3.0199517204e-05,3.0199517204e-05,3.0199517204e-05,3.0199517204e-05,3.0199517204e-05,3.0199517204e-05,5,X48 X55,0.993777777778,0.00208135921795,0.993777777778,0.00208135921795
3.0199517204e-05,3.0199517204e-05,3.0199517204e-05,3.0199517204e-05,3.0199517204e-05,3.0199517204e-05,3.0199517204e-05,3.0199517204e-05,3.0199517204e-05,3.0199517204e-05,3.0199517204e-05,3.0199517204e-05,3.0199517204e-05,3.0199517204e-05,3.0199517204e-05,3.0199517204e-05,3.0199517204e-05,3.0199517204e-05,5,X49 Z56 Y57 Y64 Z65 X73,0.981022222222,0.00337097520291,0.981022222222,0.00337097520291
3.0199517204e-05,3.0199517204e-05,3.0199517204e-05,3.0199517204e-05,3.0199517204e-05,3.0199517204e-05,3.0199517204e-05,3.0199517204e-05,3.0199517204e-05,3.0199517204e-05,3.0199517204e-05,3.0199517204e-05,3.0199517204e-05,3.0199517204e-05,3.0199517204e-05,3.0199517204e-05,3.0199517204e-05,3.0199517204e-05,5,X5 Z7 Y8 Y10 Z11 X14,0.982644444444,0.00322577423459,0.982644444444,0.00322577423459
3.0199517204e-05,3.0199517204e-05,3.0199517204e-05,3.0199517204e-05,3.0199517204e-05,3.0199517204e-05,3.0199517204e-05,3.0199517204e-05,3.0199517204e-05,3.0199517204e-05,3.0199517204e-05,3.0199517204e-05,3.0199517204e-05,3.0199517204e-05,3.0199517204e-05,3.0199517204e-05,3.0199517204e-05,3.0199517204e-05,5,X50 Z57 Y58 Y65 Z66 X74,0.9828,0.00364476215791,0.9828,0.00364476215791
3.0199517204e-05,3.0199517204e-05,3.0199517204e-05,3.0199517204e-05,3.0199517204e-05,3.0199517204e-05,3.0199517204e-05,3.0199517204e-05,3.0199517204e-05,3.0199517204e-05,3.0199517204e-05,3.0199517204e-05,3.0199517204e-05,3.0199517204e-05,3.0199517204e-05,3.0199517204e-05,3.0199517204e-05,3.0199517204e-05,5,X51 Z58 Y59 Y66 Z67 X75,0.982422222222,0.0033240483711,0.982422222222,0.0033240483711
3.0199517204e-05,3.0199517204e-05,3.0199517204e-05,3.0199517204e-05,3.0199517204e-05,3.0199517204e-05,3.0199517204e-05,3.0199517204e-05,3.0199517204e-05,3.0199517204e-05,3.0199517204e-05,3.0199517204e-05,3.0199517204e-05,3.0199517204e-05,3.0199517204e-05,3.0199517204e-05,3.0199517204e-05,3.0199517204e-05,5,X52 Z59 Y60 Y67 Z68 X76,0.982044444444,0.00330764044492,0.982044444444,0.00330764044492
3.0199517204e-05,3.0199517204e-05,3.0199517204e-05,3.0199517204e-05,3.0199517204e-05,3.0199517204e-05,3.0199517204e-05,3.0199517204e-05,3.0199517204e-05,3.0199517204e-05,3.0199517204e-05,3.0199517204e-05,3.0199517204e-05,3.0199517204e-05,3.0199517204e-05,3.0199517204e-05,3.0199517204e-05,3.0199517204e-05,5,X53 Z60 Y61 Y68 Z69 X77,0.981822222222,0.00292398370638,0.981822222222,0.00292398370638
3.0199517204e-05,3.0199517204e-05,3.0199517204e-05,3.0199517204e-05,3.0199517204e-05,3.0199517204e-05,3.0199517204e-05,3.0199517204e-05,3.0199517204e-05,3.0199517204e-05,3.0199517204e-05,3.0199517204e-05,3.0199517204e-05,3.0199517204e-05,3.0199517204e-05,3.0199517204e-05,3.0199517204e-05,3.0199517204e-05,5,X54 Z61 Y62 Y69 Z70 X78,0.982955555556,0.00408973421214,0.982955555556,0.00408973421214
3.0199517204e-05,3.0199517204e-05,3.0199517204e-05,3.0199517204e-05,3.0199517204e-05,3.0199517204e-05,3.0199517204e-05,3.0199517204e-05,3.0199517204e-05,3.0199517204e-05,3.0199517204e-05,3.0199517204e-05,3.0199517204e-05,3.0199517204e-05,3.0199517204e-05,3.0199517204e-05,3.0199517204e-05,3.0199517204e-05,5,X55 Z62 Y63 Y70 Z71 X79,0.982444444444,0.00309904611864,0.982444444444,0.00309904611864
3.0199517204e-05,3.0199517204e-05,3.0199517204e-05,3.0199517204e-05,3.0199517204e-05,3.0199517204e-05,3.0199517204e-05,3.0199517204e-05,3.0199517204e-05,3.0199517204e-05,3.0199517204e-05,3.0199517204e-05,3.0199517204e-05,3.0199517204e-05,3.0199517204e-05,3.0199517204e-05,3.0199517204e-05,3.0199517204e-05,5,X56 X64,0.993511111111,0.0018188736638,0.993511111111,0.0018188736638
3.0199517204e-05,3.0199517204e-05,3.0199517204e-05,3.0199517204e-05,3.0199517204e-05,3.0199517204e-05,3.0199517204e-05,3.0199517204e-05,3.0199517204e-05,3.0199517204e-05,3.0199517204e-05,3.0199517204e-05,3.0199517204e-05,3.0199517204e-05,3.0199517204e-05,3.0199517204e-05,3.0199517204e-05,3.0199517204e-05,5,X57 X65,0.993577777778,0.00206769224337,0.993577777778,0.00206769224337
3.0199517204e-05,3.0199517204e-05,3.0199517204e-05,3.0199517204e-05,3.0199517204e-05,3.0199517204e-05,3.0199517204e-05,3.0199517204e-05,3.0199517204e-05,3.0199517204e-05,3.0199517204e-05,3.0199517204e-05,3.0199517204e-05,3.0199517204e-05,3.0199517204e-05,3.0199517204e-05,3.0199517204e-05,3.0199517204e-05,5,X58 X66,0.992911111111,0.00201514064678,0.992911111111,0.00201514064678
3.0199517204e-05,3.0199517204e-05,3.0199517204e-05,3.0199517204e-05,3.0199517204e-05,3.0199517204e-05,3.0199517204e-05,3.0199517204e-05,3.0199517204e-05,3.0199517204e-05,3.0199517204e-05,3.0199517204e-05,3.0199517204e-05,3.0199517204e-05,3.0199517204e-05,3.0199517204e-05,3.0199517204e-05,3.0199517204e-05,5,X59 X67,0.9938,0.00185406253744,0.9938,0.00185406253744
3.0199517204e-05,3.0199517204e-05,3.0199517204e-05,3.0199517204e-05,3.0199517204e-05,3.0199517204e-05,3.0199517204e-05,3.0199517204e-05,3.0199517204e-05,3.0199517204e-05,3.0199517204e-05,3.0199517204e-05,3.0199517204e-05,3.0199517204e-05,3.0199517204e-05,3.0199517204e-05,3.0199517204e-05,3.0199517204e-05,5,X6 X9,0.995088888889,0.00158037129672,0.995088888889,0.00158037129672
3.0199517204e-05,3.0199517204e-05,3.0199517204e-05,3.0199517204e-05,3.0199517204e-05,3.0199517204e-05,3.0199517204e-05,3.0199517204e-05,3.0199517204e-05,3.0199517204e-05,3.0199517204e-05,3.0199517204e-05,3.0199517204e-05,3.0199517204e-05,3.0199517204e-05,3.0199517204e-05,3.0199517204e-05,3.0199517204e-05,5,X60 X68,0.993711111111,0.00193125796919,0.993711111111,0.00193125796919
3.0199517204e-05,3.0199517204e-05,3.0199517204e-05,3.0199517204e-05,3.0199517204e-05,3.0199517204e-05,3.0199517204e-05,3.0199517204e-05,3.0199517204e-05,3.0199517204e-05,3.0199517204e-05,3.0199517204e-05,3.0199517204e-05,3.0199517204e-05,3.0199517204e-05,3.0199517204e-05,3.0199517204e-05,3.0199517204e-05,5,X61 X69,0.994088888889,0.00175716013775,0.994088888889,0.00175716013775
3.0199517204e-05,3.0199517204e-05,3.0199517204e-05,3.0199517204e-05,3.0199517204e-05,3.0199517204e-05,3.0199517204e-05,3.0199517204e-05,3.0199517204e-05,3.0199517204e-05,3.0199517204e-05,3.0199517204e-05,3.0199517204e-05,3.0199517204e-05,3.0199517204e-05,3.0199517204e-05,3.0199517204e-05,3.0199517204e-05,5,X62 X70,0.993977777778,0.00188141410364,0.993977777778,0.00188141410364
3.0199517204e-05,3.0199517204e-05,3.0199517204e-05,3.0199517204e-05,3.0199517204e-05,3.0199517204e-05,3.0199517204e-05,3.0199517204e-05,3.0199517204e-05,3.0199517204e-05,3.0199517204e-05,3.0199517204e-05,3.0199517204e-05,3.0199517204e-05,3.0199517204e-05,3.0199517204e-05,3.0199517204e-05,3.0199517204e-05,5,X63 X71,0.993977777778,0.00232582261364,0.993977777778,0.00232582261364
3.0199517204e-05,3.0199517204e-05,3.0199517204e-05,3.0199517204e-05,3.0199517204e-05,3.0199517204e-05,3.0199517204e-05,3.0199517204e-05,3.0199517204e-05,3.0199517204e-05,3.0199517204e-05,3.0199517204e-05,3.0199517204e-05,3.0199517204e-05,3.0199517204e-05,3.0199517204e-05,3.0199517204e-05,3.0199517204e-05,5,X64 Z72 Y73 Y81 Z82 X91,0.981666666667,0.00270518163213,0.981666666667,0.00270518163213
3.0199517204e-05,3.0199517204e-05,3.0199517204e-05,3.0199517204e-05,3.0199517204e-05,3.0199517204e-05,3.0199517204e-05,3.0199517204e-05,3.0199517204e-05,3.0199517204e-05,3.0199517204e-05,3.0199517204e-05,3.0199517204e-05,3.0199517204e-05,3.0199517204e-05,3.0199517204e-05,3.0199517204e-05,3.0199517204e-05,5,X65 Z73 Y74 Y82 Z83 X92,0.981666666667,0.00265370412704,0.981666666667,0.00265370412704
3.0199517204e-05,3.0199517204e-05,3.0199517204e-05,3.0199517204e-05,3.0199517204e-05,3.0199517204e-05,3.0199517204e-05,3.0199517204e-05,3.0199517204e-05,3.0199517204e-05,3.0199517204e-05,3.0199517204e-05,3.0199517204e-05,3.0199517204e-05,3.0199517204e-05,3.0199517204e-05,3.0199517204e-05,3.0199517204e-05,5,X66 Z74 Y75 Y83 Z84 X93,0.981444444444,0.0030779568948,0.981444444444,0.0030779568948
3.0199517204e-05,3.0199517204e-05,3.0199517204e-05,3.0199517204e-05,3.0199517204e-05,3.0199517204e-05,3.0199517204e-05,3.0199517204e-05,3.0199517204e-05,3.0199517204e-05,3.0199517204e-05,3.0199517204e-05,3.0199517204e-05,3.0199517204e-05,3.0199517204e-05,3.0199517204e-05,3.0199517204e-05,3.0199517204e-05,5,X67 Z75 Y76 Y84 Z85 X94,0.981222222222,0.00298185230474,0.981222222222,0.00298185230474
3.0199517204e-05,3.0199517204e-05,3.0199517204e-05,3.0199517204e-05,3.0199517204e-05,3.0199517204e-05,3.0199517204e-05,3.0199517204e-05,3.0199517204e-05,3.0199517204e-05,3.0199517204e-05,3.0199517204e-05,3.0199517204e-05,3.0199517204e-05,3.0199517204e-05,3.0199517204e-05,3.0199517204e-05,3.0199517204e-05,5,X68 Z76 Y77 Y85 Z86 X95,0.981777777778,0.00298826995828,0.981777777778,0.00298826995828
3.0199517204e-05,3.0199517204e-05,3.0199517204e-05,3.0199517204e-05,3.0199517204e-05,3.0199517204e-05,3.0199517204e-05,3.0199517204e-05,3.0199517204e-05,3.0199517204e-05,3.0199517204e-05,3.0199517204e-05,3.0199517204e-05,3.0199517204e-05,3.0199517204e-05,3.0199517204e-05,3.0199517204e-05,3.0199517204e-05,5,X69 Z77 Y78 Y86 Z87 X96,0.981155555556,0.00303205522313,0.981155555556,0.00303205522313
3.0199517204e-05,3.0199517204e-05,3.0199517204e-05,3.0199517204e-05,3.0199517204e-05,3.0199517204e-05,3.0199517204e-05,3.0199517204e-05,3.0199517204e-05,3.0199517204e-05,3.0199517204e-05,3.0199517204e-05,3.0199517204e-05,3.0199517204e-05,3.0199517204e-05,3.0199517204e-05,3.0199517204e-05,3.0199517204e-05,5,X7 X10,0.993577777778,0.00213335727956,0.993577777778,0.00213335727956
3.0199517204e-05,3.0199517204e-05,3.0199517204e-05,3.0199517204e-05,3.0199517204e-05,3.0199517204e-05,3.0199517204e-05,3.0199517204e-05,3.0199517204e-05,3.0199517204e-05,3.0199517204e-05,3.0199517204e-05,3.0199517204e-05,3.0199517204e-05,3.0199517204e-05,3.0199517204e-05,3.0199517204e-05,3.0199517204e-05,5,X70 Z78 Y79 Y87 Z88 X97,0.981533333333,0.00363107068638,0.981533333333,0.00363107068638
3.0199517204e-05,3.0199517204e-05,3.0199517204e-05,3.0199517204e-05,3.0199517204e-05,3.0199517204e-05,3.0199517204e-05,3.0199517204e-05,3.0199517204e-05,3.0199517204e-05,3.0199517204e-05,3.0199517204e-05,3.0199517204e-05,3.0199517204e-05,3.0199517204e-05,3.0199517204e-05,3.0199517204e-05,3.0199517204e-05,5,X71 Z79 Y80 Y88 Z89 X98,0.983111111111,0.00373174569417,0.983111111111,0.00373174569417
3.0199517204e-05,3.0199517204e-05,3.0199517204e-05,3.0199517204e-05,3.0199517204e-05,3.0199517204e-05,3.0199517204e-05,3.0199517204e-05,3.0199517204e-05,3.0199517204e-05,3.0199517204e-05,3.0199517204e-05,3.0199517204e-05,3.0199517204e-05,3.0199517204e-05,3.0199517204e-05,3.0199517204e-05,3.0199517204e-05,5,X72 X81,0.994288888889,0.00204683351997,0.994288888889,0.00204683351997
3.0199517204e-05,3.0199517204e-05,3.0199517204e-05,3.0199517204e-05,3.0199517204e-05,3.0199517204e-05,3.0199517204e-05,3.0199517204e-05,3.0199517204e-05,3.0199517204e-05,3.0199517204e-05,3.0199517204e-05,3.0199517204e-05,3.0199517204e-05,3.0199517204e-05,3.0199517204e-05,3.0199517204e-05,3.0199517204e-05,5,X73 X82,0.994177777778,0.0019646947709,0.994177777778,0.0019646947709
3.0199517204e-05,3.0199517204e-05,3.0199517204e-05,3.0199517204e-05,3.0199517204e-05,3.0199517204e-05,3.0199517204e-05,3.0199517204e-05,3.0199517204e-05,3.0199517204e-05,3.0199517204e-05,3.0199517204e-05,3.0199517204e-05,3.0199517204e-05,3.0199517204e-05,3.0199517204e-05,3.0199517204e-05,3.0199517204e-05,5,X74 X83,0.994355555556,0.00172191939001,0.994355555556,0.00172191939001
3.0199517204e-05,3.0199517204e-05,3.0199517204e-05,3.0199517204e-05,3.0199517204e-05,3.0199517204e-05,3.0199517204e-05,3.0199517204e-05,3.0199517204e-05,3.0199517204e-05,3.0199517204e-05,3.0199517204e-05,3.0199517204e-05,3.0199517204e-05,3.0199517204e-05,3.0199517204e-05,3.0199517204e-05,3.0199517204e-05,5,X75 X84,0.993911111111,0.00254150728098,0.993911111111,0.00254150728098
3.0199517204e-05,3.0199517204e-05,3.0199517204e-05,3.0199517204e-05,3.0199517204e-05,3.0199517204e-05,3.0199517204e-05,3.0199517204e-05,3.0199517204e-05,3.0199517204e-05,3.0199517204e-05,3.0199517204e-05,3.0199517204e-05,3.0199517204e-05,3.0199517204e-05,3.0199517204e-05,3.0199517204e-05,3.0199517204e-05,5,X76 X85,0.993222222222,0.00172503169682,0.993222222222,0.00172503169682
3.0199517204e-05,3.0199517204e-05,3.0199517204e-05,3.0199517204e-05,3.0199517204e-05,3.0199517204e-05,3.0199517204e-05,3.0199517204e-05,3.0199517204e-05,3.0199517204e-05,3.0199517204e-05,3.0199517204e-05,3.0199517204e-05,3.0199517204e-05,3.0199517204e-05,3.0199517204e-05,3.0199517204e-05,3.0199517204e-05,5,X77 X86,0.992888888889,0.0024343224778,0.992888888889,0.0024343224778
3.0199517204e-05,3.0199517204e-05,3.0199517204e-05,3.0199517204e-05,3.0199517204e-05,3.0199517204e-05,3.0199517204e-05,3.0199517204e-05,3.0199517204e-05,3.0199517204e-05,3.0199517204e-05,3.0199517204e-05,3.0199517204e-05,3.0199517204e-05,3.0199517204e-05,3.0199517204e-05,3.0199517204e-05,3.0199517204e-05,5,X78 X87,0.9936,0.0018495106529,0.9936,0.0018495106529
3.0199517204e-05,3.0199517204e-05,3.0199517204e-05,3.0199517204e-05,3.0199517204e-05,3.0199517204e-05,3.0199517204e-05,3.0199517204e-05,3.0199517204e-05,3.0199517204e-05,3.0199517204e-05,3.0199517204e-05,3.0199517204e-05,3.0199517204e-05,3.0199517204e-05,3.0199517204e-05,3.0199517204e-05,3.0199517204e-05,5,X79 X88,0.992444444444,0.00157891599978,0.992444444444,0.00157891599978
3.0199517204e-05,3.0199517204e-05,3.0199517204e-05,3.0199517204e-05,3.0199517204e-05,3.0199517204e-05,3.0199517204e-05,3.0199517204e-05,3.0199517204e-05,3.0199517204e-05,3.0199517204e-05,3.0199517204e-05,3.0199517204e-05,3.0199517204e-05,3.0199517204e-05,3.0199517204e-05,3.0199517204e-05,3.0199517204e-05,5,X8 X11,0.993711111111,0.00189116383176,0.993711111111,0.00189116383176
3.0199517204e-05,3.0199517204e-05,3.0199517204e-05,3.0199517204e-05,3.0199517204e-05,3.0199517204e-05,3.0199517204e-05,3.0199517204e-05,3.0199517204e-05,3.0199517204e-05,3.0199517204e-05,3.0199517204e-05,3.0199517204e-05,3.0199517204e-05,3.0199517204e-05,3.0199517204e-05,3.0199517204e-05,3.0199517204e-05,5,X80 X89,0.993777777778,0.00200637553418,0.993777777778,0.00200637553418
3.0199517204e-05,3.0199517204e-05,3.0199517204e-05,3.0199517204e-05,3.0199517204e-05,3.0199517204e-05,3.0199517204e-05,3.0199517204e-05,3.0199517204e-05,3.0199517204e-05,3.0199517204e-05,3.0199517204e-05,3.0199517204e-05,3.0199517204e-05,3.0199517204e-05,3.0199517204e-05,3.0199517204e-05,3.0199517204e-05,5,X81 Z90 Y91 Y100 Z101 X111,0.979577777778,0.00348607886447,0.979577777778,0.00348607886447
3.0199517204e-05,3.0199517204e-05,3.0199517204e-05,3.0199517204e-05,3.0199517204e-05,3.0199517204e-05,3.0199517204e-05,3.0199517204e-05,3.0199517204e-05,3.0199517204e-05,3.0199517204e-05,3.0199517204e-05,3.0199517204e-05,3.0199517204e-05,3.0199517204e-05,3.0199517204e-05,3.0199517204e-05,3.0199517204e-05,5,X82 Z91 Y92 Y101 Z102 X112,0.980111111111,0.00307297369094,0.980111111111,0.00307297369094
3.0199517204e-05,3.0199517204e-05,3.0199517204e-05,3.0199517204e-05,3.0199517204e-05,3.0199517204e-05,3.0199517204e-05,3.0199517204e-05,3.0199517204e-05,3.0199517204e-05,3.0199517204e-05,3.0199517204e-05,3.0199517204e-05,3.0199517204e-05,3.0199517204e-05,3.0199517204e-05,3.0199517204e-05,3.0199517204e-05,5,X83 Z92 Y93 Y102 Z103 X113,0.979511111111,0.00354038910922,0.979511111111,0.00354038910922
3.0199517204e-05,3.0199517204e-05,3.0199517204e-05,3.0199517204e-05,3.0199517204e-05,3.0199517204e-05,3.0199517204e-05,3.0199517204e-05,3.0199517204e-05,3.0199517204e-05,3.0199517204e-05,3.0199517204e-05,3.0199517204e-05,3.0199517204e-05,3.0199517204e-05,3.0199517204e-05,3.0199517204e-05,3.0199517204e-05,5,X84 Z93 Y94 Y103 Z104 X114,0.980377777778,0.00338436039372,0.980377777778,0.00338436039372
3.0199517204e-05,3.0199517204e-05,3.0199517204e-05,3.0199517204e-05,3.0199517204e-05,3.0199517204e-05,3.0199517204e-05,3.0199517204e-05,3.0199517204e-05,3.0199517204e-05,3.0199517204e-05,3.0199517204e-05,3.0199517204e-05,3.0199517204e-05,3.0199517204e-05,3.0199517204e-05,3.0199517204e-05,3.0199517204e-05,5,X85 Z94 Y95 Y104 Z105 X115,0.981688888889,0.00354385046489,0.981688888889,0.00354385046489
3.0199517204e-05,3.0199517204e-05,3.0199517204e-05,3.0199517204e-05,3.0199517204e-05,3.0199517204e-05,3.0199517204e-05,3.0199517204e-05,3.0199517204e-05,3.0199517204e-05,3.0199517204e-05,3.0199517204e-05,3.0199517204e-05,3.0199517204e-05,3.0199517204e-05,3.0199517204e-05,3.0199517204e-05,3.0199517204e-05,5,X86 Z95 Y96 Y105 Z106 X116,0.981755555556,0.00321148959044,0.981755555556,0.00321148959044
3.0199517204e-05,3.0199517204e-05,3.0199517204e-05,3.0199517204e-05,3.0199517204e-05,3.0199517204e-05,3.0199517204e-05,3.0199517204e-05,3.0199517204e-05,3.0199517204e-05,3.0199517204e-05,3.0199517204e-05,3.0199517204e-05,3.0199517204e-05,3.0199517204e-05,3.0199517204e-05,3.0199517204e-05,3.0199517204e-05,5,X87 Z96 Y97 Y106 Z107 X117,0.982133333333,0.00313868459648,0.982133333333,0.00313868459648
3.0199517204e-05,3.0199517204e-05,3.0199517204e-05,3.0199517204e-05,3.0199517204e-05,3.0199517204e-05,3.0199517204e-05,3.0199517204e-05,3.0199517204e-05,3.0199517204e-05,3.0199517204e-05,3.0199517204e-05,3.0199517204e-05,3.0199517204e-05,3.0199517204e-05,3.0199517204e-05,3.0199517204e-05,3.0199517204e-05,5,X88 Z97 Y98 Y107 Z108 X118,0.982111111111,0.00293523101277,0.982111111111,0.00293523101277
3.0199517204e-05,3.0199517204e-05,3.0199517204e-05,3.0199517204e-05,3.0199517204e-05,3.0199517204e-05,3.0199517204e-05,3.0199517204e-05,3.0199517204e-05,3.0199517204e-05,3.0199517204e-05,3.0199517204e-05,3.0199517204e-05,3.0199517204e-05,3.0199517204e-05,3.0199517204e-05,3.0199517204e-05,3.0199517204e-05,5,X89 Z98 Y99 Y108 Z109 X119,0.982377777778,0.00389393214311,0.982377777778,0.00389393214311
3.0199517204e-05,3.0199517204e-05,3.0199517204e-05,3.0199517204e-05,3.0199517204e-05,3.0199517204e-05,3.0199517204e-05,3.0199517204e-05,3.0199517204e-05,3.0199517204e-05,3.0199517204e-05,3.0199517204e-05,3.0199517204e-05,3.0199517204e-05,3.0199517204e-05,3.0199517204e-05,3.0199517204e-05,3.0199517204e-05,5,X9 Z12 Y13 Y16 Z17 X21,0.9834,0.00355083498895,0.9834,0.00355083498895
3.0199517204e-05,3.0199517204e-05,3.0199517204e-05,3.0199517204e-05,3.0199517204e-05,3.0199517204e-05,3.0199517204e-05,3.0199517204e-05,3.0199517204e-05,3.0199517204e-05,3.0199517204e-05,3.0199517204e-05,3.0199517204e-05,3.0199517204e-05,3.0199517204e-05,3.0199517204e-05,3.0199517204e-05,3.0199517204e-05,5,X90 X100,0.993066666667,0.00172961581897,0.993066666667,0.00172961581897
3.0199517204e-05,3.0199517204e-05,3.0199517204e-05,3.0199517204e-05,3.0199517204e-05,3.0199517204e-05,3.0199517204e-05,3.0199517204e-05,3.0199517204e-05,3.0199517204e-05,3.0199517204e-05,3.0199517204e-05,3.0199517204e-05,3.0199517204e-05,3.0199517204e-05,3.0199517204e-05,3.0199517204e-05,3.0199517204e-05,5,X91 X101,0.993177777778,0.00241758140965,0.993177777778,0.00241758140965
3.0199517204e-05,3.0199517204e-05,3.0199517204e-05,3.0199517204e-05,3.0199517204e-05,3.0199517204e-05,3.0199517204e-05,3.0199517204e-05,3.0199517204e-05,3.0199517204e-05,3.0199517204e-05,3.0199517204e-05,3.0199517204e-05,3.0199517204e-05,3.0199517204e-05,3.0199517204e-05,3.0199517204e-05,3.0199517204e-05,5,X92 X102,0.993777777778,0.00201399953455,0.993777777778,0.00201399953455
3.0199517204e-05,3.0199517204e-05,3.0199517204e-05,3.0199517204e-05,3.0199517204e-05,3.0199517204e-05,3.0199517204e-05,3.0199517204e-05,3.0199517204e-05,3.0199517204e-05,3.0199517204e-05,3.0199517204e-05,3.0199517204e-05,3.0199517204e-05,3.0199517204e-05,3.0199517204e-05,3.0199517204e-05,3.0199517204e-05,5,X93 X103,0.993022222222,0.00209164243395,0.993022222222,0.00209164243395
3.0199517204e-05,3.0199517204e-05,3.0199517204e-05,3.0199517204e-05,3.0199517204e-05,3.0199517204e-05,3.0199517204e-05,3.0199517204e-05,3.0199517204e-05,3.0199517204e-05,3.0199517204e-05,3.0199517204e-05,3.0199517204e-05,3.0199517204e-05,3.0199517204e-05,3.0199517204e-05,3.0199517204e-05,3.0199517204e-05,5,X94 X104,0.992955555556,0.00222616508449,0.992955555556,0.00222616508449
3.0199517204e-05,3.0199517204e-05,3.0199517204e-05,3.0199517204e-05,3.0199517204e-05,3.0199517204e-05,3.0199517204e-05,3.0199517204e-05,3.0199517204e-05,3.0199517204e-05,3.0199517204e-05,3.0199517204e-05,3.0199517204e-05,3.0199517204e-05,3.0199517204e-05,3.0199517204e-05,3.0199517204e-05,3.0199517204e-05,5,X95 X105,0.993266666667,0.0021179763348,0.993266666667,0.0021179763348
3.0199517204e-05,3.0199517204e-05,3.0199517204e-05,3.0199517204e-05,3.0199517204e-05,3.0199517204e-05,3.0199517204e-05,3.0199517204e-05,3.0199517204e-05,3.0199517204e-05,3.0199517204e-05,3.0199517204e-05,3.0199517204e-05,3.0199517204e-05,3.0199517204e-05,3.0199517204e-05,3.0199517204e-05,3.0199517204e-05,5,X96 X106,0.994022222222,0.00143821231449,0.994022222222,0.00143821231449
3.0199517204e-05,3.0199517204e-05,3.0199517204e-05,3.0199517204e-05,3.0199517204e-05,3.0199517204e-05,3.0199517204e-05,3.0199517204e-05,3.0199517204e-05,3.0199517204e-05,3.0199517204e-05,3.0199517204e-05,3.0199517204e-05,3.0199517204e-05,3.0199517204e-05,3.0199517204e-05,3.0199517204e-05,3.0199517204e-05,5,X97 X107,0.993644444444,0.00223338194034,0.993644444444,0.00223338194034
3.0199517204e-05,3.0199517204e-05,3.0199517204e-05,3.0199517204e-05,3.0199517204e-05,3.0199517204e-05,3.0199517204e-05,3.0199517204e-05,3.0199517204e-05,3.0199517204e-05,3.0199517204e-05,3.0199517204e-05,3.0199517204e-05,3.0199517204e-05,3.0199517204e-05,3.0199517204e-05,3.0199517204e-05,3.0199517204e-05,5,X98 X108,0.994,0.00194167838288,0.994,0.00194167838288
3.0199517204e-05,3.0199517204e-05,3.0199517204e-05,3.0199517204e-05,3.0199517204e-05,3.0199517204e-05,3.0199517204e-05,3.0199517204e-05,3.0199517204e-05,3.0199517204e-05,3.0199517204e-05,3.0199517204e-05,3.0199517204e-05,3.0199517204e-05,3.0199517204e-05,3.0199517204e-05,3.0199517204e-05,3.0199517204e-05,5,X99 X109,0.994177777778,0.00174139005851,0.994177777778,0.00174139005851
3.0199517204e-05,3.0199517204e-05,3.0199517204e-05,3.0199517204e-05,3.0199517204e-05,3.0199517204e-05,3.0199517204e-05,3.0199517204e-05,3.0199517204e-05,3.0199517204e-05,3.0199517204e-05,3.0199517204e-05,3.0199517204e-05,3.0199517204e-05,3.0199517204e-05,3.0199517204e-05,3.0199517204e-05,3.0199517204e-05,5,Y0 Z1 X2,0.987622222222,0.00296432599555,0.987622222222,0.00296432599555
3.0199517204e-05,3.0199517204e-05,3.0199517204e-05,3.0199517204e-05,3.0199517204e-05,3.0199517204e-05,3.0199517204e-05,3.0199517204e-05,3.0199517204e-05,3.0199517204e-05,3.0199517204e-05,3.0199517204e-05,3.0199517204e-05,3.0199517204e-05,3.0199517204e-05,3.0199517204e-05,3.0199517204e-05,3.0199517204e-05,5,Y20 Z25 X30,0.988222222222,0.00390827134802,0.988222222222,0.00390827134802
3.0199517204e-05,3.0199517204e-05,3.0199517204e-05,3.0199517204e-05,3.0199517204e-05,3.0199517204e-05,3.0199517204e-05,3.0199517204e-05,3.0199517204e-05,3.0199517204e-05,3.0199517204e-05,3.0199517204e-05,3.0199517204e-05,3.0199517204e-05,3.0199517204e-05,3.0199517204e-05,3.0199517204e-05,3.0199517204e-05,5,Y42 Z49 X56,0.987777777778,0.00268575543335,0.987777777778,0.00268575543335
3.0199517204e-05,3.0199517204e-05,3.0199517204e-05,3.0199517204e-05,3.0199517204e-05,3.0199517204e-05,3.0199517204e-05,3.0199517204e-05,3.0199517204e-05,3.0199517204e-05,3.0199517204e-05,3.0199517204e-05,3.0199517204e-05,3.0199517204e-05,3.0199517204e-05,3.0199517204e-05,3.0199517204e-05,3.0199517204e-05,5,Y6 Z9 X12,0.989111111111,0.0022849387482,0.989111111111,0.0022849387482
3.0199517204e-05,3.0199517204e-05,3.0199517204e-05,3.0199517204e-05,3.0199517204e-05,3.0199517204e-05,3.0199517204e-05,3.0199517204e-05,3.0199517204e-05,3.0199517204e-05,3.0199517204e-05,3.0199517204e-05,3.0199517204e-05,3.0199517204e-05,3.0199517204e-05,3.0199517204e-05,3.0199517204e-05,3.0199517204e-05,5,Y72 Z81 X90,0.987622222222,0.00223989144054,0.987622222222,0.00223989144054
3.0199517204e-05,3.0199517204e-05,3.0199517204e-05,3.0199517204e-05,3.0199517204e-05,3.0199517204e-05,3.0199517204e-05,3.0199517204e-05,3.0199517204e-05,3.0199517204e-05,3.0199517204e-05,3.0199517204e-05,3.0199517204e-05,3.0199517204e-05,3.0199517204e-05,3.0199517204e-05,3.0199517204e-05,3.0199517204e-05,5,Z15 Y19 X24,0.989333333333,0.00332181919415,0.989333333333,0.00332181919415
3.0199517204e-05,3.0199517204e-05,3.0199517204e-05,3.0199517204e-05,3.0199517204e-05,3.0199517204e-05,3.0199517204e-05,3.0199517204e-05,3.0199517204e-05,3.0199517204e-05,3.0199517204e-05,3.0199517204e-05,3.0199517204e-05,3.0199517204e-05,3.0199517204e-05,3.0199517204e-05,3.0199517204e-05,3.0199517204e-05,5,Z3 Y5 X8,0.988422222222,0.00229263911795,0.988422222222,0.00229263911795
3.0199517204e-05,3.0199517204e-05,3.0199517204e-05,3.0199517204e-05,3.0199517204e-05,3.0199517204e-05,3.0199517204e-05,3.0199517204e-05,3.0199517204e-05,3.0199517204e-05,3.0199517204e-05,3.0199517204e-05,3.0199517204e-05,3.0199517204e-05,3.0199517204e-05,3.0199517204e-05,3.0199517204e-05,3.0199517204e-05,5,Z35 Y41 X48,0.989222222222,0.00242011578415,0.989222222222,0.00242011578415
3.0199517204e-05,3.0199517204e-05,3.0199517204e-05,3.0199517204e-05,3.0199517204e-05,3.0199517204e-05,3.0199517204e-05,3.0199517204e-05,3.0199517204e-05,3.0199517204e-05,3.0199517204e-05,3.0199517204e-05,3.0199517204e-05,3.0199517204e-05,3.0199517204e-05,3.0199517204e-05,3.0199517204e-05,3.0199517204e-05,5,Z63 Y71 X80,0.989266666667,0.00269155056509,0.989266666667,0.00269155056509
3.0199517204e-05,3.0199517204e-05,3.0199517204e-05,3.0199517204e-05,3.0199517204e-05,3.0199517204e-05,3.0199517204e-05,3.0199517204e-05,3.0199517204e-05,3.0199517204e-05,3.0199517204e-05,3.0199517204e-05,3.0199517204e-05,3.0199517204e-05,3.0199517204e-05,3.0199517204e-05,3.0199517204e-05,3.0199517204e-05,5,Z99 Y109 X120,0.988733333333,0.00285726874381,0.988733333333,0.00285726874381
3.0199517204e-05,3.0199517204e-05,3.0199517204e-05,3.0199517204e-05,3.0199517204e-05,3.0199517204e-05,3.0199517204e-05,3.0199517204e-05,3.0199517204e-05,3.0199517204e-05,3.0199517204e-05,3.0199517204e-05,3.0199517204e-05,3.0199517204e-05,3.0199517204e-05,3.0199517204e-05,3.0199517204e-05,3.0199517204e-05,10,Logical X,0.991444444444,0.0026031712657,0.991155555556,0.0024568823239
3.0199517204e-05,3.0199517204e-05,3.0199517204e-05,3.0199517204e-05,3.0199517204e-05,3.0199517204e-05,3.0199517204e-05,3.0199517204e-05,3.0199517204e-05,3.0199517204e-05,3.0199517204e-05,3.0199517204e-05,3.0199517204e-05,3.0199517204e-05,3.0199517204e-05,3.0199517204e-05,3.0199517204e-05,3.0199517204e-05,10,Logical Y,0.0205111111111,0.013203602589,-0.00711111111111,0.0163995452075
3.0199517204e-05,3.0199517204e-05,3.0199517204e-05,3.0199517204e-05,3.0199517204e-05,3.0199517204e-05,3.0199517204e-05,3.0199517204e-05,3.0199517204e-05,3.0199517204e-05,3.0199517204e-05,3.0199517204e-05,3.0199517204e-05,3.0199517204e-05,3.0199517204e-05,3.0199517204e-05,3.0199517204e-05,3.0199517204e-05,10,Logical Z,0.0138888888889,0.00968481583339,-0.00137777777778,0.0178344308038
3.0199517204e-05,3.0199517204e-05,3.0199517204e-05,3.0199517204e-05,3.0199517204e-05,3.0199517204e-05,3.0199517204e-05,3.0199517204e-05,3.0199517204e-05,3.0199517204e-05,3.0199517204e-05,3.0199517204e-05,3.0199517204e-05,3.0199517204e-05,3.0199517204e-05,3.0199517204e-05,3.0199517204e-05,3.0199517204e-05,10,X0 X1,0.994422222222,0.0020227316103,0.994422222222,0.0020227316103
3.0199517204e-05,3.0199517204e-05,3.0199517204e-05,3.0199517204e-05,3.0199517204e-05,3.0199517204e-05,3.0199517204e-05,3.0199517204e-05,3.0199517204e-05,3.0199517204e-05,3.0199517204e-05,3.0199517204e-05,3.0199517204e-05,3.0199517204e-05,3.0199517204e-05,3.0199517204e-05,3.0199517204e-05,3.0199517204e-05,10,X1 Z2 Y3 Y4 Z5 X7,0.983466666667,0.00259914515862,0.983466666667,0.00259914515862
3.0199517204e-05,3.0199517204e-05,3.0199517204e-05,3.0199517204e-05,3.0199517204e-05,3.0199517204e-05,3.0199517204e-05,3.0199517204e-05,3.0199517204e-05,3.0199517204e-05,3.0199517204e-05,3.0199517204e-05,3.0199517204e-05,3.0199517204e-05,3.0199517204e-05,3.0199517204e-05,3.0199517204e-05,3.0199517204e-05,10,X10 Z13 Y14 Y17 Z18 X22,0.983244444444,0.00296974957125,0.983244444444,0.00296974957125
3.0199517204e-05,3.0199517204e-05,3.0199517204e-05,3.0199517204e-05,3.0199517204e-05,3.0199517204e-05,3.0199517204e-05,3.0199517204e-05,3.0199517204e-05,3.0199517204e-05,3.0199517204e-05,3.0199517204e-05,3.0199517204e-05,3.0199517204e-05,3.0199517204e-05,3.0199517204e-05,3.0199517204e-05,3.0199517204e-05,10,X100 Z110 Y111 Y121 Z122 X132,0.982222222222,0.00307422024918,0.982222222222,0.00307422024918
3.0199517204e-05,3.0199517204e-05,3.0199517204e-05,3.0199517204e-05,3.0199517204e-05,3.0199517204e-05,3.0199517204e-05,3.0199517204e-05,3.0199517204e-05,3.0199517204e-05,3.0199517204e-05,3.0199517204e-05,3.0199517204e-05,3.0199517204e-05,3.0199517204e-05,3.0199517204e-05,3.0199517204e-05,3.0199517204e-05,10,X101 Z111 Y112 Y122 Z123 X133,0.980933333333,0.00389753827405,0.980933333333,0.00389753827405
3.0199517204e-05,3.0199517204e-05,3.0199517204e-05,3.0199517204e-05,3.0199517204e-05,3.0199517204e-05,3.0199517204e-05,3.0199517204e-05,3.0199517204e-05,3.0199517204e-05,3.0199517204e-05,3.0199517204e-05,3.0199517204e-05,3.0199517204e-05,3.0199517204e-05,3.0199517204e-05,3.0199517204e-05,3.0199517204e-05,10,X102 Z112 Y113 Y123 Z124 X134,0.981933333333,0.00336468019237,0.981933333333,0.00336468019237
3.0199517204e-05,3.0199517204e-05,3.0199517204e-05,3.0199517204e-05,3.0199517204e-05,3.0199517204e-05,3.0199517204e-05,3.0199517204e-05,3.0199517204e-05,3.0199517204e-05,3.0199517204e-05,3.0199517204e-05,3.0199517204e-05,3.0199517204e-05,3.0199517204e-05,3.0199517204e-05,3.0199517204e-05,3.0199517204e-05,10,X103 Z113 Y114 Y124 Z125 X135,0.982577777778,0.00345627679701,0.982577777778,0.00345627679701
3.0199517204e-05,3.0199517204e-05,3.0199517204e-05,3.0199517204e-05,3.0199517204e-05,3.0199517204e-05,3.0199517204e-05,3.0199517204e-05,3.0199517204e-05,3.0199517204e-05,3.0199517204e-05,3.0199517204e-05,3.0199517204e-05,3.0199517204e-05,3.0199517204e-05,3.0199517204e-05,3.0199517204e-05,3.0199517204e-05,10,X104 Z114 Y115 Y125 Z126 X136,0.9822,0.00269610191151,0.9822,0.00269610191151
3.0199517204e-05,3.0199517204e-05,3.0199517204e-05,3.0199517204e-05,3.0199517204e-05,3.0199517204e-05,3.0199517204e-05,3.0199517204e-05,3.0199517204e-05,3.0199517204e-05,3.0199517204e-05,3.0199517204e-05,3.0199517204e-05,3.0199517204e-05,3.0199517204e-05,3.0199517204e-05,3.0199517204e-05,3.0199517204e-05,10,X105 Z115 Y116 Y126 Z127 X137,0.981644444444,0.00303609616925,0.981644444444,0.00303609616925
3.0199517204e-05,3.0199517204e-05,3.0199517204e-05,3.0199517204e-05,3.0199517204e-05,3.0199517204e-05,3.0199517204e-05,3.0199517204e-05,3.0199517204e-05,3.0199517204e-05,3.0199517204e-05,3.0199517204e-05,3.0199517204e-05,3.0199517204e-05,3.0199517204e-05,3.0199517204e-05,3.0199517204e-05,3.0199517204e-05,10,X106 Z116 Y117 Y127 Z128 X138,0.983088888889,0.00377319984059,0.983088888889,0.00377319984059
3.0199517204e-05,3.0199517204e-05,3.0199517204e-05,3.0199517204e-05,3.0199517204e-05,3.0199517204e-05,3.0199517204e-05,3.0199517204e-05,3.0199517204e-05,3.0199517204e-05,3.0199517204e-05,3.0199517204e-05,3.0199517204e-05,3.0199517204e-05,3.0199517204e-05,3.0199517204e-05,3.0199517204e-05,3.0199517204e-05,10,X107 Z117 Y118 Y128 Z129 X139,0.981844444444,0.00272174911832,0.981844444444,0.00272174911832
3.0199517204e-05,3.0199517204e-05,3.0199517204e-05,3.0199517204e-05,3.0199517204e-05,3.0199517204e-05,3.0199517204e-05,3.0199517204e-05,3.0199517204e-05,3.0199517204e-05,3.0199517204e-05,3.0199517204e-05,3.0199517204e-05,3.0199517204e-05,3.0199517204e-05,3.0199517204e-05,3.0199517204e-05,3.0199517204e-05,10,X108 Z118 Y119 Y129 Z130 X140,0.981844444444,0.00421885326372,0.981844444444,0.00421885326372
3.0199517204e-05,3.0199517204e-05,3.0199517204e-05,3.0199517204e-05,3.0199517204e-05,3.0199517204e-05,3.0199517204e-05,3.0199517204e-05,3.0199517204e-05,3.0199517204e-05,3.0199517204e-05,3.0199517204e-05,3.0199517204e-05,3.0199517204e-05,3.0199517204e-05,3.0199517204e-05,3.0199517204e-05,3.0199517204e-05,10,X109 Z119 Y120 Y130 Z131 X141,0.982733333333,0.00322988914795,0.982733333333,0.00322988914795
3.0199517204e-05,3.0199517204e-05,3.0199517204e-05,3.0199517204e-05,3.0199517204e-05,3.0199517204e-05,3.0199517204e-05,3.0199517204e-05,3.0199517204e-05,3.0199517204e-05,3.0199517204e-05,3.0199517204e-05,3.0199517204e-05,3.0199517204e-05,3.0199517204e-05,3.0199517204e-05,3.0199517204e-05,3.0199517204e-05,10,X11 Z14 Y15 Y18 Z19 X23,0.982555555556,0.00341770613101,0.982555555556,0.00341770613101
3.0199517204e-05,3.0199517204e-05,3.0199517204e-05,3.0199517204e-05,3.0199517204e-05,3.0199517204e-05,3.0199517204e-05,3.0199517204e-05,3.0199517204e-05,3.0199517204e-05,3.0199517204e-05,3.0199517204e-05,3.0199517204e-05,3.0199517204e-05,3.0199517204e-05,3.0199517204e-05,3.0199517204e-05,3.0199517204e-05,10,X110 X121,0.993733333333,0.00202361536787,0.993733333333,0.00202361536787
3.0199517204e-05,3.0199517204e-05,3.0199517204e-05,3.0199517204e-05,3.0199517204e-05,3.0199517204e-05,3.0199517204e-05,3.0199517204e-05,3.0199517204e-05,3.0199517204e-05,3.0199517204e-05,3.0199517204e-05,3.0199517204e-05,3.0199517204e-05,3.0199517204e-05,3.0199517204e-05,3.0199517204e-05,3.0199517204e-05,10,X111 X122,0.993333333333,0.00186107536993,0.993333333333,0.00186107536993
3.0199517204e-05,3.0199517204e-05,3.0199517204e-05,3.0199517204e-05,3.0199517204e-05,3.0199517204e-05,3.0199517204e-05,3.0199517204e-05,3.0199517204e-05,3.0199517204e-05,3.0199517204e-05,3.0199517204e-05,3.0199517204e-05,3.0199517204e-05,3.0199517204e-05,3.0199517204e-05,3.0199517204e-05,3.0199517204e-05,10,X112 X123,0.993933333333,0.00225806345675,0.993933333333,0.00225806345675
3.0199517204e-05,3.0199517204e-05,3.0199517204e-05,3.0199517204e-05,3.0199517204e-05,3.0199517204e-05,3.0199517204e-05,3.0199517204e-05,3.0199517204e-05,3.0199517204e-05,3.0199517204e-05,3.0199517204e-05,3.0199517204e-05,3.0199517204e-05,3.0199517204e-05,3.0199517204e-05,3.0199517204e-05,3.0199517204e-05,10,X113 X124,0.994577777778,0.00170402573446,0.994577777778,0.00170402573446
3.0199517204e-05,3.0199517204e-05,3.0199517204e-05,3.0199517204e-05,3.0199517204e-05,3.0199517204e-05,3.0199517204e-05,3.0199517204e-05,3.0199517204e-05,3.0199517204e-05,3.0199517204e-05,3.0199517204e-05,3.0199517204e-05,3.0199517204e-05,3.0199517204e-05,3.0199517204e-05,3.0199517204e-05,3.0199517204e-05,10,X114 X125,0.994577777778,0.00178313369456,0.994577777778,0.00178313369456
3.0199517204e-05,3.0199517204e-05,3.0199517204e-05,3.0199517204e-05,3.0199517204e-05,3.0199517204e-05,3.0199517204e-05,3.0199517204e-05,3.0199517204e-05,3.0199517204e-05,3.0199517204e-05,3.0199517204e-05,3.0199517204e-05,3.0199517204e-05,3.0199517204e-05,3.0199517204e-05,3.0199517204e-05,3.0199517204e-05,10,X115 X126,0.9942,0.00191104873818,0.9942,0.00191104873818
3.0199517204e-05,3.0199517204e-05,3.0199517204e-05,3.0199517204e-05,3.0199517204e-05,3.0199517204e-05,3.0199517204e-05,3.0199517204e-05,3.0199517204e-05,3.0199517204e-05,3.0199517204e-05,3.0199517204e-05,3.0199517204e-05,3.0199517204e-05,3.0199517204e-05,3.0199517204e-05,3.0199517204e-05,3.0199517204e-05,10,X116 X127,0.993688888889,0.00155347425076,0.993688888889,0.00155347425076
3.0199517204e-05,3.0199517204e-05,3.0199517204e-05,3.0199517204e-05,3.0199517204e-05,3.0199517204e-05,3.0199517204e-05,3.0199517204e-05,3.0199517204e-05,3.0199517204e-05,3.0199517204e-05,3.0199517204e-05,3.0199517204e-05,3.0199517204e-05,3.0199517204e-05,3.0199517204e-05,3.0199517204e-05,3.0199517204e-05,10,X117 X128,0.993866666667,0.00189696268623,0.993866666667,0.00189696268623
3.0199517204e-05,3.0199517204e-05,3.0199517204e-05,3.0199517204e-05,3.0199517204e-05,3.0199517204e-05,3.0199517204e-05,3.0199517204e-05,3.0199517204e-05,3.0199517204e-05,3.0199517204e-05,3.0199517204e-05,3.0199517204e-05,3.0199517204e-05,3.0199517204e-05,3.0199517204e-05,3.0199517204e-05,3.0199517204e-05,10,X118 X129,0.993222222222,0.00168912077456,0.993222222222,0.00168912077456
3.0199517204e-05,3.0199517204e-05,3.0199517204e-05,3.0199517204e-05,3.0199517204e-05,3.0199517204e-05,3.0199517204e-05,3.0199517204e-05,3.0199517204e-05,3.0199517204e-05,3.0199517204e-05,3.0199517204e-05,3.0199517204e-05,3.0199517204e-05,3.0199517204e-05,3.0199517204e-05,3.0199517204e-05,3.0199517204e-05,10,X119 X130,0.993133333333,0.00197416260923,0.993133333333,0.00197416260923
3.0199517204e-05,3.0199517204e-05,3.0199517204e-05,3.0199517204e-05,3.0199517204e-05,3.0199517204e-05,3.0199517204e-05,3.0199517204e-05,3.0199517204e-05,3.0199517204e-05,3.0199517204e-05,3.0199517204e-05,3.0199517204e-05,3.0199517204e-05,3.0199517204e-05,3.0199517204e-05,3.0199517204e-05,3.0199517204e-05,10,X12 X16,0.993844444444,0.00224672317084,0.993844444444,0.00224672317084
3.0199517204e-05,3.0199517204e-05,3.0199517204e-05,3.0199517204e-05,3.0199517204e-05,3.0199517204e-05,3.0199517204e-05,3.0199517204e-05,3.0199517204e-05,3.0199517204e-05,3.0199517204e-05,3.0199517204e-05,3.0199517204e-05,3.0199517204e-05,3.0199517204e-05,3.0199517204e-05,3.0199517204e-05,3.0199517204e-05,10,X120 X131,0.993377777778,0.00194903126214,0.993377777778,0.00194903126214
3.0199517204e-05,3.0199517204e-05,3.0199517204e-05,3.0199517204e-05,3.0199517204e-05,3.0199517204e-05,3.0199517204e-05,3.0199517204e-05,3.0199517204e-05,3.0199517204e-05,3.0199517204e-05,3.0199517204e-05,3.0199517204e-05,3.0199517204e-05,3.0199517204e-05,3.0199517204e-05,3.0199517204e-05,3.0199517204e-05,10,X121 Y132 Z142,0.989088888889,0.00300438164481,0.989088888889,0.00300438164481
3.0199517204e-05,3.0199517204e-05,3.0199517204e-05,3.0199517204e-05,3.0199517204e-05,3.0199517204e-05,3.0199517204e-05,3.0199517204e-05,3.0199517204e-05,3.0199517204e-05,3.0199517204e-05,3.0199517204e-05,3.0199517204e-05,3.0199517204e-05,3.0199517204e-05,3.0199517204e-05,3.0199517204e-05,3.0199517204e-05,10,X122 Z132 Y133 Y142 Z143 X152,0.9824,0.00419304295177,0.9824,0.00419304295177
3.0199517204e-05,3.0199517204e-05,3.0199517204e-05,3.0199517204e-05,3.0199517204e-05,3.0199517204e-05,3.0199517204e-05,3.0199517204e-05,3.0199517204e-05,3.0199517204e-05,3.0199517204e-05,3.0199517204e-05,3.0199517204e-05,3.0199517204e-05,3.0199517204e-05,3.0199517204e-05,3.0199517204e-05,3.0199517204e-05,10,X123 Z133 Y134 Y143 Z144 X153,0.982466666667,0.00361838642305,0.982466666667,0.00361838642305
3.0199517204e-05,3.0199517204e-05,3.0199517204e-05,3.0199517204e-05,3.0199517204e-05,3.0199517204e-05,3.0199517204e-05,3.0199517204e-05,3.0199517204e-05,3.0199517204e-05,3.0199517204e-05,3.0199517204e-05,3.0199517204e-05,3.0199517204e-05,3.0199517204e-05,3.0199517204e-05,3.0199517204e-05,3.0199517204e-05,10,X124 Z134 Y135 Y144 Z145 X154,0.983311111111,0.00287935355311,0.983311111111,0.00287935355311
3.0199517204e-05,3.0199517204e-05,3.0199517204e-05,3.0199517204e-05,3.0199517204e-05,3.0199517204e-05,3.0199517204e-05,3.0199517204e-05,3.0199517204e-05,3.0199517204e-05,3.0199517204e-05,3.0199517204e-05,3.0199517204e-05,3.0199517204e-05,3.0199517204e-05,3.0199517204e-05,3.0199517204e-05,3.0199517204e-05,10,X125 Z135 Y136 Y145 Z146 X155,0.982377777778,0.00280493999544,0.982377777778,0.00280493999544
3.0199517204e-05,3.0199517204e-05,3.0199517204e-05,3.0199517204e-05,3.0199517204e-05,3.0199517204e-05,3.0199517204e-05,3.0199517204e-05,3.0199517204e-05,3.0199517204e-05,3.0199517204e-05,3.0199517204e-05,3.0199517204e-05,3.0199517204e-05,3.0199517204e-05,3.0199517204e-05,3.0199517204e-05,3.0199517204e-05,10,X126 Z136 Y137 Y146 Z147 X156,0.981733333333,0.00351722635411,0.981733333333,0.00351722635411
3.0199517204e-05,3.0199517204e-05,3.0199517204e-05,3.0199517204e-05,3.0199517204e-05,3.0199517204e-05,3.0199517204e-05,3.0199517204e-05,3.0199517204e-05,3.0199517204e-05,3.0199517204e-05,3.0199517204e-05,3.0199517204e-05,3.0199517204e-05,3.0199517204e-05,3.0199517204e-05,3.0199517204e-05,3.0199517204e-05,10,X127 Z137 Y138 Y147 Z148 X157,0.982688888889,0.00318753959733,0.982688888889,0.00318753959733
3.0199517204e-05,3.0199517204e-05,3.0199517204e-05,3.0199517204e-05,3.0199517204e-05,3.0199517204e-05,3.0199517204e-05,3.0199517204e-05,3.0199517204e-05,3.0199517204e-05,3.0199517204e-05,3.0199517204e-05,3.0199517204e-05,3.0199517204e-05,3.0199517204e-05,3.0199517204e-05,3.0199517204e-05,3.0199517204e-05,10,X128 Z138 Y139 Y148 Z149 X158,0.981733333333,0.00342450041103,0.981733333333,0.00342450041103
3.0199517204e-05,3.0199517204e-05,3.0199517204e-05,3.0199517204e-05,3.0199517204e-05,3.0199517204e-05,3.0199517204e-05,3.0199517204e-05,3.0199517204e-05,3.0199517204e-05,3.0199517204e-05,3.0199517204e-05,3.0199517204e-05,3.0199517204e-05,3.0199517204e-05,3.0199517204e-05,3.0199517204e-05,3.0199517204e-05,10,X129 Z139 Y140 Y149 Z150 X159,0.981355555556,0.00335616700425,0.981355555556,0.00335616700425
3.0199517204e-05,3.0199517204e-05,3.0199517204e-05,3.0199517204e-05,3.0199517204e-05,3.0199517204e-05,3.0199517204e-05,3.0199517204e-05,3.0199517204e-05,3.0199517204e-05,3.0199517204e-05,3.0199517204e-05,3.0199517204e-05,3.0199517204e-05,3.0199517204e-05,3.0199517204e-05,3.0199517204e-05,3.0199517204e-05,10,X13 X17,0.994177777778,0.00216508931679,0.994177777778,0.00216508931679
3.0199517204e-05,3.0199517204e-05,3.0199517204e-05,3.0199517204e-05,3.0199517204e-05,3.0199517204e-05,3.0199517204e-05,3.0199517204e-05,3.0199517204e-05,3.0199517204e-05,3.0199517204e-05,3.0199517204e-05,3.0199517204e-05,3.0199517204e-05,3.0199517204e-05,3.0199517204e-05,3.0199517204e-05,3.0199517204e-05,10,X130 Z140 Y141 Y150 Z151 X160,0.982288888889,0.0029539678275,0.982288888889,0.0029539678275
3.0199517204e-05,3.0199517204e-05,3.0199517204e-05,3.0199517204e-05,3.0199517204e-05,3.0199517204e-05,3.0199517204e-05,3.0199517204e-05,3.0199517204e-05,3.0199517204e-05,3.0199517204e-05,3.0199517204e-05,3.0199517204e-05,3.0199517204e-05,3.0199517204e-05,3.0199517204e-05,3.0199517204e-05,3.0199517204e-05,10,X132 X142,0.994444444444,0.002051694624,0.994444444444,0.002051694624
3.0199517204e-05,3.0199517204e-05,3.0199517204e-05,3.0199517204e-05,3.0199517204e-05,3.0199517204e-05,3.0199517204e-05,3.0199517204e-05,3.0199517204e-05,3.0199517204e-05,3.0199517204e-05,3.0199517204e-05,3.0199517204e-05,3.0199517204e-05,3.0199517204e-05,3.0199517204e-05,3.0199517204e-05,3.0199517204e-05,10,X133 X143,0.993955555556,0.00211495918701,0.993955555556,0.00211495918701
3.0199517204e-05,3.0199517204e-05,3.0199517204e-05,3.0199517204e-05,3.0199517204e-05,3.0199517204e-05,3.0199517204e-05,3.0199517204e-05,3.0199517204e-05,3.0199517204e-05,3.0199517204e-05,3.0199517204e-05,3.0199517204e-05,3.0199517204e-05,3.0199517204e-05,3.0199517204e-05,3.0199517204e-05,3.0199517204e-05,10,X134 X144,0.993444444444,0.00224945005341,0.993444444444,0.00224945005341
3.0199517204e-05,3.0199517204e-05,3.0199517204e-05,3.0199517204e-05,3.0199517204e-05,3.0199517204e-05,3.0199517204e-05,3.0199517204e-05,3.0199517204e-05,3.0199517204e-05,3.0199517204e-05,3.0199517204e-05,3.0199517204e-05,3.0199517204e-05,3.0199517204e-05,3.0199517204e-05,3.0199517204e-05,3.0199517204e-05,10,X135 X145,0.993644444444,0.00208430245658,0.993644444444,0.00208430245658
3.0199517204e-05,3.0199517204e-05,3.0199517204e-05,3.0199517204e-05,3.0199517204e-05,3.0199517204e-05,3.0199517204e-05,3.0199517204e-05,3.0199517204e-05,3.0199517204e-05,3.0199517204e-05,3.0199517204e-05,3.0199517204e-05,3.0199517204e-05,3.0199517204e-05,3.0199517204e-05,3.0199517204e-05,3.0199517204e-05,10,X136 X146,0.994022222222,0.00197674862371,0.994022222222,0.00197674862371
3.0199517204e-05,3.0199517204e-05,3.0199517204e-05,3.0199517204e-05,3.0199517204e-05,3.0199517204e-05,3.0199517204e-05,3.0199517204e-05,3.0199517204e-05,3.0199517204e-05,3.0199517204e-05,3.0199517204e-05,3.0199517204e-05,3.0199517204e-05,3.0199517204e-05,3.0199517204e-05,3.0199517204e-05,3.0199517204e-05,10,X137 X147,0.993466666667,0.0019290082418,0.993466666667,0.0019290082418
3.0199517204e-05,3.0199517204e-05,3.0199517204e-05,3.0199517204e-05,3.0199517204e-05,3.0199517204e-05,3.0199517204e-05,3.0199517204e-05,3.0199517204e-05,3.0199517204e-05,3.0199517204e-05,3.0199517204e-05,3.0199517204e-05,3.0199517204e-05,3.0199517204e-05,3.0199517204e-05,3.0199517204e-05,3.0199517204e-05,10,X138 X148,0.993444444444,0.00195021038915,0.993444444444,0.00195021038915
3.0199517204e-05,3.0199517204e-05,3.0199517204e-05,3.0199517204e-05,3.0199517204e-05,3.0199517204e-05,3.0199517204e-05,3.0199517204e-05,3.0199517204e-05,3.0199517204e-05,3.0199517204e-05,3.0199517204e-05,3.0199517204e-05,3.0199517204e-05,3.0199517204e-05,3.0199517204e-05,3.0199517204e-05,3.0199517204e-05,10,X139 X149,0.9934,0.00173624865356,0.9934,0.00173624865356
3.0199517204e-05,3.0199517204e-05,3.0199517204e-05,3.0199517204e-05,3.0199517204e-05,3.0199517204e-05,3.0199517204e-05,3.0199517204e-05,3.0199517204e-05,3.0199517204e-05,3.0199517204e-05,3.0199517204e-05,3.0199517204e-05,3.0199517204e-05,3.0199517204e-05,3.0199517204e-05,3.0199517204e-05,3.0199517204e-05,10,X14 X18,0.994288888889,0.00177408620552,0.994288888889,0.00177408620552
3.0199517204e-05,3.0199517204e-05,3.0199517204e-05,3.0199517204e-05,3.0199517204e-05,3.0199517204e-05,3.0199517204e-05,3.0199517204e-05,3.0199517204e-05,3.0199517204e-05,3.0199517204e-05,3.0199517204e-05,3.0199517204e-05,3.0199517204e-05,3.0199517204e-05,3.0199517204e-05,3.0199517204e-05,3.0199517204e-05,10,X140 X150,0.994688888889,0.00169274614974,0.994688888889,0.00169274614974
3.0199517204e-05,3.0199517204e-05,3.0199517204e-05,3.0199517204e-05,3.0199517204e-05,3.0199517204e-05,3.0199517204e-05,3.0199517204e-05,3.0199517204e-05,3.0199517204e-05,3.0199517204e-05,3.0199517204e-05,3.0199517204e-05,3.0199517204e-05,3.0199517204e-05,3.0199517204e-05,3.0199517204e-05,3.0199517204e-05,10,X141 X151,0.9946,0.0014474181003,0.9946,0.0014474181003
3.0199517204e-05,3.0199517204e-05,3.0199517204e-05,3.0199517204e-05,3.0199517204e-05,3.0199517204e-05,3.0199517204e-05,3.0199517204e-05,3.0199517204e-05,3.0199517204e-05,3.0199517204e-05,3.0199517204e-05,3.0199517204e-05,3.0199517204e-05,3.0199517204e-05,3.0199517204e-05,3.0199517204e-05,3.0199517204e-05,10,X143 Z152 Y153 Y161 Z162 X170,0.981733333333,0.00354759645577,0.981733333333,0.00354759645577
3.0199517204e-05,3.0199517204e-05,3.0199517204e-05,3.0199517204e-05,3.0199517204e-05,3.0199517204e-05,3.0199517204e-05,3.0199517204e-05,3.0199517204e-05,3.0199517204e-05,3.0199517204e-05,3.0199517204e-05,3.0199517204e-05,3.0199517204e-05,3.0199517204e-05,3.0199517204e-05,3.0199517204e-05,3.0199517204e-05,10,X144 Z153 Y154 Y162 Z163 X171,0.982311111111,0.00331597010341,0.982311111111,0.00331597010341
3.0199517204e-05,3.0199517204e-05,3.0199517204e-05,3.0199517204e-05,3.0199517204e-05,3.0199517204e-05,3.0199517204e-05,3.0199517204e-05,3.0199517204e-05,3.0199517204e-05,3.0199517204e-05,3.0199517204e-05,3.0199517204e-05,3.0199517204e-05,3.0199517204e-05,3.0199517204e-05,3.0199517204e-05,3.0199517204e-05,10,X145 Z154 Y155 Y163 Z164 X172,0.981711111111,0.00314006776086,0.981711111111,0.00314006776086
3.0199517204e-05,3.0199517204e-05,3.0199517204e-05,3.0199517204e-05,3.0199517204e-05,3.0199517204e-05,3.0199517204e-05,3.0199517204e-05,3.0199517204e-05,3.0199517204e-05,3.0199517204e-05,3.0199517204e-05,3.0199517204e-05,3.0199517204e-05,3.0199517204e-05,3.0199517204e-05,3.0199517204e-05,3.0199517204e-05,10,X146 Z155 Y156 Y164 Z165 X173,0.982911111111,0.00278189732842,0.982911111111,0.00278189732842
3.0199517204e-05,3.0199517204e-05,3.0199517204e-05,3.0199517204e-05,3.0199517204e-05,3.0199517204e-05,3.0199517204e-05,3.0199517204e-05,3.0199517204e-05,3.0199517204e-05,3.0199517204e-05,3.0199517204e-05,3.0199517204e-05,3.0199517204e-05,3.0199517204e-05,3.0199517204e-05,3.0199517204e-05,3.0199517204e-05,10,X147 Z156 Y157 Y165 Z166 X174,0.982644444444,0.00342397825276,0.982644444444,0.00342397825276
3.0199517204e-05,3.0199517204e-05,3.0199517204e-05,3.0199517204e-05,3.0199517204e-05,3.0199517204e-05,3.0199517204e-05,3.0199517204e-05,3.0199517204e-05,3.0199517204e-05,3.0199517204e-05,3.0199517204e-05,3.0199517204e-05,3.0199517204e-05,3.0199517204e-05,3.0199517204e-05,3.0199517204e-05,3.0199517204e-05,10,X148 Z157 Y158 Y166 Z167 X175,0.981622222222,0.0037125997886,0.981622222222,0.0037125997886
3.0199517204e-05,3.0199517204e-05,3.0199517204e-05,3.0199517204e-05,3.0199517204e-05,3.0199517204e-05,3.0199517204e-05,3.0199517204e-05,3.0199517204e-05,3.0199517204e-05,3.0199517204e-05,3.0199517204e-05,3.0199517204e-05,3.0199517204e-05,3.0199517204e-05,3.0199517204e-05,3.0199517204e-05,3.0199517204e-05,10,X149 Z158 Y159 Y167 Z168 X176,0.980133333333,0.00368657084534,0.980133333333,0.00368657084534
3.0199517204e-05,3.0199517204e-05,3.0199517204e-05,3.0199517204e-05,3.0199517204e-05,3.0199517204e-05,3.0199517204e-05,3.0199517204e-05,3.0199517204e-05,3.0199517204e-05,3.0199517204e-05,3.0199517204e-05,3.0199517204e-05,3.0199517204e-05,3.0199517204e-05,3.0199517204e-05,3.0199517204e-05,3.0199517204e-05,10,X15 X19,0.994111111111,0.00162436744737,0.994111111111,0.00162436744737
3.0199517204e-05,3.0199517204e-05,3.0199517204e-05,3.0199517204e-05,3.0199517204e-05,3.0199517204e-05,3.0199517204e-05,3.0199517204e-05,3.0199517204e-05,3.0199517204e-05,3.0199517204e-05,3.0199517204e-05,3.0199517204e-05,3.0199517204e-05,3.0199517204e-05,3.0199517204e-05,3.0199517204e-05,3.0199517204e-05,10,X150 Z159 Y160 Y168 Z169 X177,0.981777777778,0.00492497998388,0.981777777778,0.00492497998388
3.0199517204e-05,3.0199517204e-05,3.0199517204e-05,3.0199517204e-05,3.0199517204e-05,3.0199517204e-05,3.0199517204e-05,3.0199517204e-05,3.0199517204e-05,3.0199517204e-05,3.0199517204e-05,3.0199517204e-05,3.0199517204e-05,3.0199517204e-05,3.0199517204e-05,3.0199517204e-05,3.0199517204e-05,3.0199517204e-05,10,X151 Z160 Y169,0.989044444444,0.00311556878239,0.989044444444,0.00311556878239
3.0199517204e-05,3.0199517204e-05,3.0199517204e-05,3.0199517204e-05,3.0199517204e-05,3.0199517204e-05,3.0199517204e-05,3.0199517204e-05,3.0199517204e-05,3.0199517204e-05,3.0199517204e-05,3.0199517204e-05,3.0199517204e-05,3.0199517204e-05,3.0199517204e-05,3.0199517204e-05,3.0199517204e-05,3.0199517204e-05,10,X152 X161,0.993155555556,0.00200331780998,0.993155555556,0.00200331780998
3.0199517204e-05,3.0199517204e-05,3.0199517204e-05,3.0199517204e-05,3.0199517204e-05,3.0199517204e-05,3.0199517204e-05,3.0199517204e-05,3.0199517204e-05,3.0199517204e-05,3.0199517204e-05,3.0199517204e-05,3.0199517204e-05,3.0199517204e-05,3.0199517204e-05,3.0199517204e-05,3.0199517204e-05,3.0199517204e-05,10,X153 X162,0.993022222222,0.00260699520717,0.993022222222,0.00260699520717
3.0199517204e-05,3.0199517204e-05,3.0199517204e-05,3.0199517204e-05,3.0199517204e-05,3.0199517204e-05,3.0199517204e-05,3.0199517204e-05,3.0199517204e-05,3.0199517204e-05,3.0199517204e-05,3.0199517204e-05,3.0199517204e-05,3.0199517204e-05,3.0199517204e-05,3.0199517204e-05,3.0199517204e-05,3.0199517204e-05,10,X154 X163,0.993377777778,0.00157502863401,0.993377777778,0.00157502863401
3.0199517204e-05,3.0199517204e-05,3.0199517204e-05,3.0199517204e-05,3.0199517204e-05,3.0199517204e-05,3.0199517204e-05,3.0199517204e-05,3.0199517204e-05,3.0199517204e-05,3.0199517204e-05,3.0199517204e-05,3.0199517204e-05,3.0199517204e-05,3.0199517204e-05,3.0199517204e-05,3.0199517204e-05,3.0199517204e-05,10,X155 X164,0.993688888889,0.00174841654324,0.993688888889,0.00174841654324
3.0199517204e-05,3.0199517204e-05,3.0199517204e-05,3.0199517204e-05,3.0199517204e-05,3.0199517204e-05,3.0199517204e-05,3.0199517204e-05,3.0199517204e-05,3.0199517204e-05,3.0199517204e-05,3.0199517204e-05,3.0199517204e-05,3.0199517204e-05,3.0199517204e-05,3.0199517204e-05,3.0199517204e-05,3.0199517204e-05,10,X156 X165,0.994577777778,0.00183397759491,0.994577777778,0.00183397759491
3.0199517204e-05,3.0199517204e-05,3.0199517204e-05,3.0199517204e-05,3.0199517204e-05,3.0199517204e-05,3.0199517204e-05,3.0199517204e-05,3.0199517204e-05,3.0199517204e-05,3.0199517204e-05,3.0199517204e-05,3.0199517204e-05,3.0199517204e-05,3.0199517204e-05,3.0199517204e-05,3.0199517204e-05,3.0199517204e-05,10,X157 X166,0.993888888889,0.00194233602164,0.993888888889,0.00194233602164
3.0199517204e-05,3.0199517204e-05,3.0199517204e-05,3.0199517204e-05,3.0199517204e-05,3.0199517204e-05,3.0199517204e-05,3.0199517204e-05,3.0199517204e-05,3.0199517204e-05,3.0199517204e-05,3.0199517204e-05,3.0199517204e-05,3.0199517204e-05,3.0199517204e-05,3.0199517204e-05,3.0199517204e-05,3.0199517204e-05,10,X158 X167,0.994133333333,0.00199923356962,0.994133333333,0.00199923356962
3.0199517204e-05,3.0199517204e-05,3.0199517204e-05,3.0199517204e-05,3.0199517204e-05,3.0199517204e-05,3.0199517204e-05,3.0199517204e-05,3.0199517204e-05,3.0199517204e-05,3.0199517204e-05,3.0199517204e-05,3.0199517204e-05,3.0199517204e-05,3.0199517204e-05,3.0199517204e-05,3.0199517204e-05,3.0199517204e-05,10,X159 X168,0.992933333333,0.00216272851648,0.992933333333,0.00216272851648
3.0199517204e-05,3.0199517204e-05,3.0199517204e-05,3.0199517204e-05,3.0199517204e-05,3.0199517204e-05,3.0199517204e-05,3.0199517204e-05,3.0199517204e-05,3.0199517204e-05,3.0199517204e-05,3.0199517204e-05,3.0199517204e-05,3.0199517204e-05,3.0199517204e-05,3.0199517204e-05,3.0199517204e-05,3.0199517204e-05,10,X16 Z20 Y21 Y25 Z26 X31,0.982555555556,0.00251940109245,0.982555555556,0.00251940109245
3.0199517204e-05,3.0199517204e-05,3.0199517204e-05,3.0199517204e-05,3.0199517204e-05,3.0199517204e-05,3.0199517204e-05,3.0199517204e-05,3.0199517204e-05,3.0199517204e-05,3.0199517204e-05,3.0199517204e-05,3.0199517204e-05,3.0199517204e-05,3.0199517204e-05,3.0199517204e-05,3.0199517204e-05,3.0199517204e-05,10,X160 X169,0.994,0.00222145580653,0.994,0.00222145580653
3.0199517204e-05,3.0199517204e-05,3.0199517204e-05,3.0199517204e-05,3.0199517204e-05,3.0199517204e-05,3.0199517204e-05,3.0199517204e-05,3.0199517204e-05,3.0199517204e-05,3.0199517204e-05,3.0199517204e-05,3.0199517204e-05,3.0199517204e-05,3.0199517204e-05,3.0199517204e-05,3.0199517204e-05,3.0199517204e-05,10,X161 Y170 Z178,0.9896,0.0023397285103,0.9896,0.0023397285103
3.0199517204e-05,3.0199517204e-05,3.0199517204e-05,3.0199517204e-05,3.0199517204e-05,3.0199517204e-05,3.0199517204e-05,3.0199517204e-05,3.0199517204e-05,3.0199517204e-05,3.0199517204e-05,3.0199517204e-05,3.0199517204e-05,3.0199517204e-05,3.0199517204e-05,3.0199517204e-05,3.0199517204e-05,3.0199517204e-05,10,X162 Z170 Y171 Y178 Z179 X186,0.982133333333,0.00435018826386,0.982133333333,0.00435018826386
3.0199517204e-05,3.0199517204e-05,3.0199517204e-05,3.0199517204e-05,3.0199517204e-05,3.0199517204e-05,3.0199517204e-05,3.0199517204e-05,3.0199517204e-05,3.0199517204e-05,3.0199517204e-05,3.0199517204e-05,3.0199517204e-05,3.0199517204e-05,3.0199517204e-05,3.0199517204e-05,3.0199517204e-05,3.0199517204e-05,10,X163 Z171 Y172 Y179 Z180 X187,0.981444444444,0.00418016969108,0.981444444444,0.00418016969108
3.0199517204e-05,3.0199517204e-05,3.0199517204e-05,3.0199517204e-05,3.0199517204e-05,3.0199517204e-05,3.0199517204e-05,3.0199517204e-05,3.0199517204e-05,3.0199517204e-05,3.0199517204e-05,3.0199517204e-05,3.0199517204e-05,3.0199517204e-05,3.0199517204e-05,3.0199517204e-05,3.0199517204e-05,3.0199517204e-05,10,X164 Z172 Y173 Y180 Z181 X188,0.983755555556,0.00300438164481,0.983755555556,0.00300438164481
3.0199517204e-05,3.0199517204e-05,3.0199517204e-05,3.0199517204e-05,3.0199517204e-05,3.0199517204e-05,3.0199517204e-05,3.0199517204e-05,3.0199517204e-05,3.0199517204e-05,3.0199517204e-05,3.0199517204e-05,3.0199517204e-05,3.0199517204e-05,3.0199517204e-05,3.0199517204e-05,3.0199517204e-05,3.0199517204e-05,10,X165 Z173 Y174 Y181 Z182 X189,0.981288888889,0.00331689432977,0.981288888889,0.00331689432977
3.0199517204e-05,3.0199517204e-05,3.0199517204e-05,3.0199517204e-05,3.0199517204e-05,3.0199517204e-05,3.0199517204e-05,3.0199517204e-05,3.0199517204e-05,3.0199517204e-05,3.0199517204e-05,3.0199517204e-05,3.0199517204e-05,3.0199517204e-05,3.0199517204e-05,3.0199517204e-05,3.0199517204e-05,3.0199517204e-05,10,X166 Z174 Y175 Y182 Z183 X190,0.981955555556,0.00323265585192,0.981955555556,0.00323265585192
3.0199517204e-05,3.0199517204e-05,3.0199517204e-05,3.0199517204e-05,3.0199517204e-05,3.0199517204e-05,3.0199517204e-05,3.0199517204e-05,3.0199517204e-05,3.0199517204e-05,3.0199517204e-05,3.0199517204e-05,3.0199517204e-05,3.0199517204e-05,3.0199517204e-05,3.0199517204e-05,3.0199517204e-05,3.0199517204e-05,10,X167 Z175 Y176 Y183 Z184 X191,0.980866666667,0.00313746365093,0.980866666667,0.00313746365093
3.0199517204e-05,3.0199517204e-05,3.0199517204e-05,3.0199517204e-05,3.0199517204e-05,3.0199517204e-05,3.0199517204e-05,3.0199517204e-05,3.0199517204e-05,3.0199517204e-05,3.0199517204e-05,3.0199517204e-05,3.0199517204e-05,3.0199517204e-05,3.0199517204e-05,3.0199517204e-05,3.0199517204e-05,3.0199517204e-05,10,X168 Z176 Y177 Y184 Z185 X192,0.980888888889,0.00309409688027,0.980888888889,0.00309409688027
3.0199517204e-05,3.0199517204e-05,3.0199517204e-05,3.0199517204e-05,3.0199517204e-05,3.0199517204e-05,3.0199517204e-05,3.0199517204e-05,3.0199517204e-05,3.0199517204e-05,3.0199517204e-05,3.0199517204e-05,3.0199517204e-05,3.0199517204e-05,3.0199517204e-05,3.0199517204e-05,3.0199517204e-05,3.0199517204e-05,10,X17 Z21 Y22 Y26 Z27 X32,0.982955555556,0.00269913187879,0.982955555556,0.00269913187879
3.0199517204e-05,3.0199517204e-05,3.0199517204e-05,3.0199517204e-05,3.0199517204e-05,3.0199517204e-05,3.0199517204e-05,3.0199517204e-05,3.0199517204e-05,3.0199517204e-05,3.0199517204e-05,3.0199517204e-05,3.0199517204e-05,3.0199517204e-05,3.0199517204e-05,3.0199517204e-05,3.0199517204e-05,3.0199517204e-05,10,X170 X178,0.993866666667,0.00220344557768,0.993866666667,0.00220344557768
3.0199517204e-05,3.0199517204e-05,3.0199517204e-05,3.0199517204e-05,3.0199517204e-05,3.0199517204e-05,3.0199517204e-05,3.0199517204e-05,3.0199517204e-05,3.0199517204e-05,3.0199517204e-05,3.0199517204e-05,3.0199517204e-05,3.0199517204e-05,3.0199517204e-05,3.0199517204e-05,3.0199517204e-05,3.0199517204e-05,10,X171 X179,0.993977777778,0.0018066147792,0.993977777778,0.0018066147792
3.0199517204e-05,3.0199517204e-05,3.0199517204e-05,3.0199517204e-05,3.0199517204e-05,3.0199517204e-05,3.0199517204e-05,3.0199517204e-05,3.0199517204e-05,3.0199517204e-05,3.0199517204e-05,3.0199517204e-05,3.0199517204e-05,3.0199517204e-05,3.0199517204e-05,3.0199517204e-05,3.0199517204e-05,3.0199517204e-05,10,X172 X180,0.993511111111,0.00209310734071,0.993511111111,0.00209310734071
3.0199517204e-05,3.0199517204e-05,3.0199517204e-05,3.0199517204e-05,3.0199517204e-05,3.0199517204e-05,3.0199517204e-05,3.0199517204e-05,3.0199517204e-05,3.0199517204e-05,3.0199517204e-05,3.0199517204e-05,3.0199517204e-05,3.0199517204e-05,3.0199517204e-05,3.0199517204e-05,3.0199517204e-05,3.0199517204e-05,10,X173 X181,0.993422222222,0.00195531172287,0.993422222222,0.00195531172287
3.0199517204e-05,3.0199517204e-05,3.0199517204e-05,3.0199517204e-05,3.0199517204e-05,3.0199517204e-05,3.0199517204e-05,3.0199517204e-05,3.0199517204e-05,3.0199517204e-05,3.0199517204e-05,3.0199517204e-05,3.0199517204e-05,3.0199517204e-05,3.0199517204e-05,3.0199517204e-05,3.0199517204e-05,3.0199517204e-05,10,X174 X182,0.993577777778,0.00174622380394,0.993577777778,0.00174622380394
3.0199517204e-05,3.0199517204e-05,3.0199517204e-05,3.0199517204e-05,3.0199517204e-05,3.0199517204e-05,3.0199517204e-05,3.0199517204e-05,3.0199517204e-05,3.0199517204e-05,3.0199517204e-05,3.0199517204e-05,3.0199517204e-05,3.0199517204e-05,3.0199517204e-05,3.0199517204e-05,3.0199517204e-05,3.0199517204e-05,10,X175 X183,0.993466666667,0.00252739776521,0.993466666667,0.00252739776521
3.0199517204e-05,3.0199517204e-05,3.0199517204e-05,3.0199517204e-05,3.0199517204e-05,3.0199517204e-05,3.0199517204e-05,3.0199517204e-05,3.0199517204e-05,3.0199517204e-05,3.0199517204e-05,3.0199517204e-05,3.0199517204e-05,3.0199517204e-05,3.0199517204e-05,3.0199517204e-05,3.0199517204e-05,3.0199517204e-05,10,X176 X184,0.9936,0.00267584626926,0.9936,0.00267584626926
3.0199517204e-05,3.0199517204e-05,3.0199517204e-05,3.0199517204e-05,3.0199517204e-05,3.0199517204e-05,3.0199517204e-05,3.0199517204e-05,3.0199517204e-05,3.0199517204e-05,3.0199517204e-05,3.0199517204e-05,3.0199517204e-05,3.0199517204e-05,3.0199517204e-05,3.0199517204e-05,3.0199517204e-05,3.0199517204e-05,10,X177 X185,0.9926,0.00166413600977,0.9926,0.00166413600977
3.0199517204e-05,3.0199517204e-05,3.0199517204e-05,3.0199517204e-05,3.0199517204e-05,3.0199517204e-05,3.0199517204e-05,3.0199517204e-05,3.0199517204e-05,3.0199517204e-05,3.0199517204e-05,3.0199517204e-05,3.0199517204e-05,3.0199517204e-05,3.0199517204e-05,3.0199517204e-05,3.0199517204e-05,3.0199517204e-05,10,X179 Z186 Y187 Y193 Z194 X200,0.981644444444,0.00326003706033,0.981644444444,0.00326003706033
3.0199517204e-05,3.0199517204e-05,3.0199517204e-05,3.0199517204e-05,3.0199517204e-05,3.0199517204e-05,3.0199517204e-05,3.0199517204e-05,3.0199517204e-05,3.0199517204e-05,3.0199517204e-05,3.0199517204e-05,3.0199517204e-05,3.0199517204e-05,3.0199517204e-05,3.0199517204e-05,3.0199517204e-05,3.0199517204e-05,10,X18 Z22 Y23 Y27 Z28 X33,0.982288888889,0.00314494465512,0.982288888889,0.00314494465512
3.0199517204e-05,3.0199517204e-05,3.0199517204e-05,3.0199517204e-05,3.0199517204e-05,3.0199517204e-05,3.0199517204e-05,3.0199517204e-05,3.0199517204e-05,3.0199517204e-05,3.0199517204e-05,3.0199517204e-05,3.0199517204e-05,3.0199517204e-05,3.0199517204e-05,3.0199517204e-05,3.0199517204e-05,3.0199517204e-05,10,X180 Z187 Y188 Y194 Z195 X201,0.9828,0.00357256467972,0.9828,0.00357256467972
3.0199517204e-05,3.0199517204e-05,3.0199517204e-05,3.0199517204e-05,3.0199517204e-05,3.0199517204e-05,3.0199517204e-05,3.0199517204e-05,3.0199517204e-05,3.0199517204e-05,3.0199517204e-05,3.0199517204e-05,3.0199517204e-05,3.0199517204e-05,3.0199517204e-05,3.0199517204e-05,3.0199517204e-05,3.0199517204e-05,10,X181 Z188 Y189 Y195 Z196 X202,0.981666666667,0.00307629672375,0.981666666667,0.00307629672375
3.0199517204e-05,3.0199517204e-05,3.0199517204e-05,3.0199517204e-05,3.0199517204e-05,3.0199517204e-05,3.0199517204e-05,3.0199517204e-05,3.0199517204e-05,3.0199517204e-05,3.0199517204e-05,3.0199517204e-05,3.0199517204e-05,3.0199517204e-05,3.0199517204e-05,3.0199517204e-05,3.0199517204e-05,3.0199517204e-05,10,X182 Z189 Y190 Y196 Z197 X203,0.9824,0.00374104294266,0.9824,0.00374104294266
3.0199517204e-05,3.0199517204e-05,3.0199517204e-05,3.0199517204e-05,3.0199517204e-05,3.0199517204e-05,3.0199517204e-05,3.0199517204e-05,3.0199517204e-05,3.0199517204e-05,3.0199517204e-05,3.0199517204e-05,3.0199517204e-05,3.0199517204e-05,3.0199517204e-05,3.0199517204e-05,3.0199517204e-05,3.0199517204e-05,10,X183 Z190 Y191 Y197 Z198 X204,0.982733333333,0.00349427555951,0.982733333333,0.00349427555951
3.0199517204e-05,3.0199517204e-05,3.0199517204e-05,3.0199517204e-05,3.0199517204e-05,3.0199517204e-05,3.0199517204e-05,3.0199517204e-05,3.0199517204e-05,3.0199517204e-05,3.0199517204e-05,3.0199517204e-05,3.0199517204e-05,3.0199517204e-05,3.0199517204e-05,3.0199517204e-05,3.0199517204e-05,3.0199517204e-05,10,X184 Z191 Y192 Y198 Z199 X205,0.982911111111,0.00306997988603,0.982911111111,0.00306997988603
3.0199517204e-05,3.0199517204e-05,3.0199517204e-05,3.0199517204e-05,3.0199517204e-05,3.0199517204e-05,3.0199517204e-05,3.0199517204e-05,3.0199517204e-05,3.0199517204e-05,3.0199517204e-05,3.0199517204e-05,3.0199517204e-05,3.0199517204e-05,3.0199517204e-05,3.0199517204e-05,3.0199517204e-05,3.0199517204e-05,10,X185 Z192 Y199,0.987377777778,0.00326097713928,0.987377777778,0.00326097713928
3.0199517204e-05,3.0199517204e-05,3.0199517204e-05,3.0199517204e-05,3.0199517204e-05,3.0199517204e-05,3.0199517204e-05,3.0199517204e-05,3.0199517204e-05,3.0199517204e-05,3.0199517204e-05,3.0199517204e-05,3.0199517204e-05,3.0199517204e-05,3.0199517204e-05,3.0199517204e-05,3.0199517204e-05,3.0199517204e-05,10,X186 X193,0.993977777778,0.00158037129672,0.993977777778,0.00158037129672
3.0199517204e-05,3.0199517204e-05,3.0199517204e-05,3.0199517204e-05,3.0199517204e-05,3.0199517204e-05,3.0199517204e-05,3.0199517204e-05,3.0199517204e-05,3.0199517204e-05,3.0199517204e-05,3.0199517204e-05,3.0199517204e-05,3.0199517204e-05,3.0199517204e-05,3.0199517204e-05,3.0199517204e-05,3.0199517204e-05,10,X187 X194,0.993177777778,0.00194706446363,0.993177777778,0.00194706446363
3.0199517204e-05,3.0199517204e-05,3.0199517204e-05,3.0199517204e-05,3.0199517204e-05,3.0199517204e-05,3.0199517204e-05,3.0199517204e-05,3.0199517204e-05,3.0199517204e-05,3.0199517204e-05,3.0199517204e-05,3.0199517204e-05,3.0199517204e-05,3.0199517204e-05,3.0199517204e-05,3.0199517204e-05,3.0199517204e-05,10,X188 X195,0.993755555556,0.0016468554346,0.993755555556,0.0016468554346
3.0199517204e-05,3.0199517204e-05,3.0199517204e-05,3.0199517204e-05,3.0199517204e-05,3.0199517204e-05,3.0199517204e-05,3.0199517204e-05,3.0199517204e-05,3.0199517204e-05,3.0199517204e-05,3.0199517204e-05,3.0199517204e-05,3.0199517204e-05,3.0199517204e-05,3.0199517204e-05,3.0199517204e-05,3.0199517204e-05,10,X189 X196,0.994177777778,0.00154556176679,0.994177777778,0.00154556176679
3.0199517204e-05,3.0199517204e-05,3.0199517204e-05,3.0199517204e-05,3.0199517204e-05,3.0199517204e-05,3.0199517204e-05,3.0199517204e-05,3.0199517204e-05,3.0199517204e-05,3.0199517204e-05,3.0199517204e-05,3.0199517204e-05,3.0199517204e-05,3.0199517204e-05,3.0199517204e-05,3.0199517204e-05,3.0199517204e-05,10,X19 Z23 Y24 Y28 Z29 X34,0.982822222222,0.00355227338932,0.982822222222,0.00355227338932
3.0199517204e-05,3.0199517204e-05,3.0199517204e-05,3.0199517204e-05,3.0199517204e-05,3.0199517204e-05,3.0199517204e-05,3.0199517204e-05,3.0199517204e-05,3.0199517204e-05,3.0199517204e-05,3.0199517204e-05,3.0199517204e-05,3.0199517204e-05,3.0199517204e-05,3.0199517204e-05,3.0199517204e-05,3.0199517204e-05,10,X190 X197,0.994155555556,0.00135254360439,0.994155555556,0.00135254360439
3.0199517204e-05,3.0199517204e-05,3.0199517204e-05,3.0199517204e-05,3.0199517204e-05,3.0199517204e-05,3.0199517204e-05,3.0199517204e-05,3.0199517204e-05,3.0199517204e-05,3.0199517204e-05,3.0199517204e-05,3.0199517204e-05,3.0199517204e-05,3.0199517204e-05,3.0199517204e-05,3.0199517204e-05,3.0199517204e-05,10,X191 X198,0.994755555556,0.00173962900289,0.994755555556,0.00173962900289
3.0199517204e-05,3.0199517204e-05,3.0199517204e-05,3.0199517204e-05,3.0199517204e-05,3.0199517204e-05,3.0199517204e-05,3.0199517204e-05,3.0199517204e-05,3.0199517204e-05,3.0199517204e-05,3.0199517204e-05,3.0199517204e-05,3.0199517204e-05,3.0199517204e-05,3.0199517204e-05,3.0199517204e-05,3.0199517204e-05,10,X192 X199,0.994044444444,0.00164172914481,0.994044444444,0.00164172914481
3.0199517204e-05,3.0199517204e-05,3.0199517204e-05,3.0199517204e-05,3.0199517204e-05,3.0199517204e-05,3.0199517204e-05,3.0199517204e-05,3.0199517204e-05,3.0199517204e-05,3.0199517204e-05,3.0199517204e-05,3.0199517204e-05,3.0199517204e-05,3.0199517204e-05,3.0199517204e-05,3.0199517204e-05,3.0199517204e-05,10,X193 Y200 Z206,0.9882,0.00273560320665,0.9882,0.00273560320665
3.0199517204e-05,3.0199517204e-05,3.0199517204e-05,3.0199517204e-05,3.0199517204e-05,3.0199517204e-05,3.0199517204e-05,3.0199517204e-05,3.0199517204e-05,3.0199517204e-05,3.0199517204e-05,3.0199517204e-05,3.0199517204e-05,3.0199517204e-05,3.0199517204e-05,3.0199517204e-05,3.0199517204e-05,3.0199517204e-05,10,X194 Z200 Y201 Y206 Z207 X212,0.983177777778,0.0030408878182,0.983177777778,0.0030408878182
3.0199517204e-05,3.0199517204e-05,3.0199517204e-05,3.0199517204e-05,3.0199517204e-05,3.0199517204e-05,3.0199517204e-05,3.0199517204e-05,3.0199517204e-05,3.0199517204e-05,3.0199517204e-05,3.0199517204e-05,3.0199517204e-05,3.0199517204e-05,3.0199517204e-05,3.0199517204e-05,3.0199517204e-05,3.0199517204e-05,10,X195 Z201 Y202 Y207 Z208 X213,0.9826,0.00296260214917,0.9826,0.00296260214917
3.0199517204e-05,3.0199517204e-05,3.0199517204e-05,3.0199517204e-05,3.0199517204e-05,3.0199517204e-05,3.0199517204e-05,3.0199517204e-05,3.0199517204e-05,3.0199517204e-05,3.0199517204e-05,3.0199517204e-05,3.0199517204e-05,3.0199517204e-05,3.0199517204e-05,3.0199517204e-05,3.0199517204e-05,3.0199517204e-05,10,X196 Z202 Y203 Y208 Z209 X214,0.982333333333,0.00302099930182,0.982333333333,0.00302099930182
3.0199517204e-05,3.0199517204e-05,3.0199517204e-05,3.0199517204e-05,3.0199517204e-05,3.0199517204e-05,3.0199517204e-05,3.0199517204e-05,3.0199517204e-05,3.0199517204e-05,3.0199517204e-05,3.0199517204e-05,3.0199517204e-05,3.0199517204e-05,3.0199517204e-05,3.0199517204e-05,3.0199517204e-05,3.0199517204e-05,10,X197 Z203 Y204 Y209 Z210 X215,0.9824,0.00333838697371,0.9824,0.00333838697371
3.0199517204e-05,3.0199517204e-05,3.0199517204e-05,3.0199517204e-05,3.0199517204e-05,3.0199517204e-05,3.0199517204e-05,3.0199517204e-05,3.0199517204e-05,3.0199517204e-05,3.0199517204e-05,3.0199517204e-05,3.0199517204e-05,3.0199517204e-05,3.0199517204e-05,3.0199517204e-05,3.0199517204e-05,3.0199517204e-05,10,X198 Z204 Y205 Y210 Z211 X216,0.981777777778,0.0041220213519,0.981777777778,0.0041220213519
3.0199517204e-05,3.0199517204e-05,3.0199517204e-05,3.0199517204e-05,3.0199517204e-05,3.0199517204e-05,3.0199517204e-05,3.0199517204e-05,3.0199517204e-05,3.0199517204e-05,3.0199517204e-05,3.0199517204e-05,3.0199517204e-05,3.0199517204e-05,3.0199517204e-05,3.0199517204e-05,3.0199517204e-05,3.0199517204e-05,10,X2 X4,0.994088888889,0.00196313404397,0.994088888889,0.00196313404397
3.0199517204e-05,3.0199517204e-05,3.0199517204e-05,3.0199517204e-05,3.0199517204e-05,3.0199517204e-05,3.0199517204e-05,3.0199517204e-05,3.0199517204e-05,3.0199517204e-05,3.0199517204e-05,3.0199517204e-05,3.0199517204e-05,3.0199517204e-05,3.0199517204e-05,3.0199517204e-05,3.0199517204e-05,3.0199517204e-05,10,X20 X25,0.994422222222,0.00223166575817,0.994422222222,0.00223166575817
3.0199517204e-05,3.0199517204e-05,3.0199517204e-05,3.0199517204e-05,3.0199517204e-05,3.0199517204e-05,3.0199517204e-05,3.0199517204e-05,3.0199517204e-05,3.0199517204e-05,3.0199517204e-05,3.0199517204e-05,3.0199517204e-05,3.0199517204e-05,3.0199517204e-05,3.0199517204e-05,3.0199517204e-05,3.0199517204e-05,10,X200 X206,0.993644444444,0.00235366077194,0.993644444444,0.00235366077194
3.0199517204e-05,3.0199517204e-05,3.0199517204e-05,3.0199517204e-05,3.0199517204e-05,3.0199517204e-05,3.0199517204e-05,3.0199517204e-05,3.0199517204e-05,3.0199517204e-05,3.0199517204e-05,3.0199517204e-05,3.0199517204e-05,3.0199517204e-05,3.0199517204e-05,3.0199517204e-05,3.0199517204e-05,3.0199517204e-05,10,X201 X207,0.993488888889,0.00199373219654,0.993488888889,0.00199373219654
3.0199517204e-05,3.0199517204e-05,3.0199517204e-05,3.0199517204e-05,3.0199517204e-05,3.0199517204e-05,3.0199517204e-05,3.0199517204e-05,3.0199517204e-05,3.0199517204e-05,3.0199517204e-05,3.0199517204e-05,3.0199517204e-05,3.0199517204e-05,3.0199517204e-05,3.0199517204e-05,3.0199517204e-05,3.0199517204e-05,10,X202 X208,0.9946,0.00156934229824,0.9946,0.00156934229824
3.0199517204e-05,3.0199517204e-05,3.0199517204e-05,3.0199517204e-05,3.0199517204e-05,3.0199517204e-05,3.0199517204e-05,3.0199517204e-05,3.0199517204e-05,3.0199517204e-05,3.0199517204e-05,3.0199517204e-05,3.0199517204e-05,3.0199517204e-05,3.0199517204e-05,3.0199517204e-05,3.0199517204e-05,3.0199517204e-05,10,X203 X209,0.994044444444,0.0019956530026,0.994044444444,0.0019956530026
3.0199517204e-05,3.0199517204e-05,3.0199517204e-05,3.0199517204e-05,3.0199517204e-05,3.0199517204e-05,3.0199517204e-05,3.0199517204e-05,3.0199517204e-05,3.0199517204e-05,3.0199517204e-05,3.0199517204e-05,3.0199517204e-05,3.0199517204e-05,3.0199517204e-05,3.0199517204e-05,3.0199517204e-05,3.0199517204e-05,10,X204 X210,0.993466666667,0.00201450677534,0.993466666667,0.00201450677534
3.0199517204e-05,3.0199517204e-05,3.0199517204e-05,3.0199517204e-05,3.0199517204e-05,3.0199517204e-05,3.0199517204e-05,3.0199517204e-05,3.0199517204e-05,3.0199517204e-05,3.0199517204e-05,3.0199517204e-05,3.0199517204e-05,3.0199517204e-05,3.0199517204e-05,3.0199517204e-05,3.0199517204e-05,3.0199517204e-05,10,X205 X211,0.993577777778,0.00188954237062,0.993577777778,0.00188954237062
3.0199517204e-05,3.0199517204e-05,3.0199517204e-05,3.0199517204e-05,3.0199517204e-05,3.0199517204e-05,3.0199517204e-05,3.0199517204e-05,3.0199517204e-05,3.0199517204e-05,3.0199517204e-05,3.0199517204e-05,3.0199517204e-05,3.0199517204e-05,3.0199517204e-05,3.0199517204e-05,3.0199517204e-05,3.0199517204e-05,10,X207 Z212 Y213 Y217 Z218 X222,0.981911111111,0.00392548733664,0.981911111111,0.00392548733664
3.0199517204e-05,3.0199517204e-05,3.0199517204e-05,3.0199517204e-05,3.0199517204e-05,3.0199517204e-05,3.0199517204e-05,3.0199517204e-05,3.0199517204e-05,3.0199517204e-05,3.0199517204e-05,3.0199517204e-05,3.0199517204e-05,3.0199517204e-05,3.0199517204e-05,3.0199517204e-05,3.0199517204e-05,3.0199517204e-05,10,X208 Z213 Y214 Y218 Z219 X223,0.982888888889,0.00269714384669,0.982888888889,0.00269714384669
3.0199517204e-05,3.0199517204e-05,3.0199517204e-05,3.0199517204e-05,3.0199517204e-05,3.0199517204e-05,3.0199517204e-05,3.0199517204e-05,3.0199517204e-05,3.0199517204e-05,3.0199517204e-05,3.0199517204e-05,3.0199517204e-05,3.0199517204e-05,3.0199517204e-05,3.0199517204e-05,3.0199517204e-05,3.0199517204e-05,10,X209 Z214 Y215 Y219 Z220 X224,0.982733333333,0.00300879935576,0.982733333333,0.00300879935576
3.0199517204e-05,3.0199517204e-05,3.0199517204e-05,3.0199517204e-05,3.0199517204e-05,3.0199517204e-05,3.0199517204e-05,3.0199517204e-05,3.0199517204e-05,3.0199517204e-05,3.0199517204e-05,3.0199517204e-05,3.0199517204e-05,3.0199517204e-05,3.0199517204e-05,3.0199517204e-05,3.0199517204e-05,3.0199517204e-05,10,X21 X26,0.993733333333,0.00184120566862,0.993733333333,0.00184120566862
3.0199517204e-05,3.0199517204e-05,3.0199517204e-05,3.0199517204e-05,3.0199517204e-05,3.0199517204e-05,3.0199517204e-05,3.0199517204e-05,3.0199517204e-05,3.0199517204e-05,3.0199517204e-05,3.0199517204e-05,3.0199517204e-05,3.0199517204e-05,3.0199517204e-05,3.0199517204e-05,3.0199517204e-05,3.0199517204e-05,10,X210 Z215 Y216 Y220 Z221 X225,0.983177777778,0.00322197118853,0.983177777778,0.00322197118853
3.0199517204e-05,3.0199517204e-05,3.0199517204e-05,3.0199517204e-05,3.0199517204e-05,3.0199517204e-05,3.0199517204e-05,3.0199517204e-05,3.0199517204e-05,3.0199517204e-05,3.0199517204e-05,3.0199517204e-05,3.0199517204e-05,3.0199517204e-05,3.0199517204e-05,3.0199517204e-05,3.0199517204e-05,3.0199517204e-05,10,X211 Z216 Y221,0.988822222222,0.00285369067122,0.988822222222,0.00285369067122
3.0199517204e-05,3.0199517204e-05,3.0199517204e-05,3.0199517204e-05,3.0199517204e-05,3.0199517204e-05,3.0199517204e-05,3.0199517204e-05,3.0199517204e-05,3.0199517204e-05,3.0199517204e-05,3.0199517204e-05,3.0199517204e-05,3.0199517204e-05,3.0199517204e-05,3.0199517204e-05,3.0199517204e-05,3.0199517204e-05,10,X212 X217,0.9934,0.00196013917717,0.9934,0.00196013917717
3.0199517204e-05,3.0199517204e-05,3.0199517204e-05,3.0199517204e-05,3.0199517204e-05,3.0199517204e-05,3.0199517204e-05,3.0199517204e-05,3.0199517204e-05,3.0199517204e-05,3.0199517204e-05,3.0199517204e-05,3.0199517204e-05,3.0199517204e-05,3.0199517204e-05,3.0199517204e-05,3.0199517204e-05,3.0199517204e-05,10,X213 X218,0.993911111111,0.00197092531964,0.993911111111,0.00197092531964
3.0199517204e-05,3.0199517204e-05,3.0199517204e-05,3.0199517204e-05,3.0199517204e-05,3.0199517204e-05,3.0199517204e-05,3.0199517204e-05,3.0199517204e-05,3.0199517204e-05,3.0199517204e-05,3.0199517204e-05,3.0199517204e-05,3.0199517204e-05,3.0199517204e-05,3.0199517204e-05,3.0199517204e-05,3.0199517204e-05,10,X214 X219,0.994266666667,0.0012817612404,0.994266666667,0.0012817612404
3.0199517204e-05,3.0199517204e-05,3.0199517204e-05,3.0199517204e-05,3.0199517204e-05,3.0199517204e-05,3.0199517204e-05,3.0199517204e-05,3.0199517204e-05,3.0199517204e-05,3.0199517204e-05,3.0199517204e-05,3.0199517204e-05,3.0199517204e-05,3.0199517204e-05,3.0199517204e-05,3.0199517204e-05,3.0199517204e-05,10,X215 X220,0.993488888889,0.00274975907455,0.993488888889,0.00274975907455
3.0199517204e-05,3.0199517204e-05,3.0199517204e-05,3.0199517204e-05,3.0199517204e-05,3.0199517204e-05,3.0199517204e-05,3.0199517204e-05,3.0199517204e-05,3.0199517204e-05,3.0199517204e-05,3.0199517204e-05,3.0199517204e-05,3.0199517204e-05,3.0199517204e-05,3.0199517204e-05,3.0199517204e-05,3.0199517204e-05,10,X216 X221,0.994666666667,0.00162358101913,0.994666666667,0.00162358101913
3.0199517204e-05,3.0199517204e-05,3.0199517204e-05,3.0199517204e-05,3.0199517204e-05,3.0199517204e-05,3.0199517204e-05,3.0199517204e-05,3.0199517204e-05,3.0199517204e-05,3.0199517204e-05,3.0199517204e-05,3.0199517204e-05,3.0199517204e-05,3.0199517204e-05,3.0199517204e-05,3.0199517204e-05,3.0199517204e-05,10,X217 Y222 Z226,0.989177777778,0.00173035405615,0.989177777778,0.00173035405615
3.0199517204e-05,3.0199517204e-05,3.0199517204e-05,3.0199517204e-05,3.0199517204e-05,3.0199517204e-05,3.0199517204e-05,3.0199517204e-05,3.0199517204e-05,3.0199517204e-05,3.0199517204e-05,3.0199517204e-05,3.0199517204e-05,3.0199517204e-05,3.0199517204e-05,3.0199517204e-05,3.0199517204e-05,3.0199517204e-05,10,X218 Z222 Y223 Y226 Z227 X230,0.983088888889,0.0031779090614,0.983088888889,0.0031779090614
3.0199517204e-05,3.0199517204e-05,3.0199517204e-05,3.0199517204e-05,3.0199517204e-05,3.0199517204e-05,3.0199517204e-05,3.0199517204e-05,3.0199517204e-05,3.0199517204e-05,3.0199517204e-05,3.0199517204e-05,3.0199517204e-05,3.0199517204e-05,3.0199517204e-05,3.0199517204e-05,3.0199517204e-05,3.0199517204e-05,10,X219 Z223 Y224 Y227 Z228 X231,0.982644444444,0.00268090070833,0.982644444444,0.00268090070833
3.0199517204e-05,3.0199517204e-05,3.0199517204e-05,3.0199517204e-05,3.0199517204e-05,3.0199517204e-05,3.0199517204e-05,3.0199517204e-05,3.0199517204e-05,3.0199517204e-05,3.0199517204e-05,3.0199517204e-05,3.0199517204e-05,3.0199517204e-05,3.0199517204e-05,3.0199517204e-05,3.0199517204e-05,3.0199517204e-05,10,X22 X27,0.994111111111,0.00214482060505,0.994111111111,0.00214482060505
3.0199517204e-05,3.0199517204e-05,3.0199517204e-05,3.0199517204e-05,3.0199517204e-05,3.0199517204e-05,3.0199517204e-05,3.0199517204e-05,3.0199517204e-05,3.0199517204e-05,3.0199517204e-05,3.0199517204e-05,3.0199517204e-05,3.0199517204e-05,3.0199517204e-05,3.0199517204e-05,3.0199517204e-05,3.0199517204e-05,10,X220 Z224 Y225 Y228 Z229 X232,0.982244444444,0.00362825579338,0.982244444444,0.00362825579338
3.0199517204e-05,3.0199517204e-05,3.0199517204e-05,3.0199517204e-05,3.0199517204e-05,3.0199517204e-05,3.0199517204e-05,3.0199517204e-05,3.0199517204e-05,3.0199517204e-05,3.0199517204e-05,3.0199517204e-05,3.0199517204e-05,3.0199517204e-05,3.0199517204e-05,3.0199517204e-05,3.0199517204e-05,3.0199517204e-05,10,X222 X226,0.994,0.00218668909436,0.994,0.00218668909436
3.0199517204e-05,3.0199517204e-05,3.0199517204e-05,3.0199517204e-05,3.0199517204e-05,3.0199517204e-05,3.0199517204e-05,3.0199517204e-05,3.0199517204e-05,3.0199517204e-05,3.0199517204e-05,3.0199517204e-05,3.0199517204e-05,3.0199517204e-05,3.0199517204e-05,3.0199517204e-05,3.0199517204e-05,3.0199517204e-05,10,X223 X227,0.993577777778,0.0020227316103,0.993577777778,0.0020227316103
3.0199517204e-05,3.0199517204e-05,3.0199517204e-05,3.0199517204e-05,3.0199517204e-05,3.0199517204e-05,3.0199517204e-05,3.0199517204e-05,3.0199517204e-05,3.0199517204e-05,3.0199517204e-05,3.0199517204e-05,3.0199517204e-05,3.0199517204e-05,3.0199517204e-05,3.0199517204e-05,3.0199517204e-05,3.0199517204e-05,10,X224 X228,0.993955555556,0.00185227070614,0.993955555556,0.00185227070614
3.0199517204e-05,3.0199517204e-05,3.0199517204e-05,3.0199517204e-05,3.0199517204e-05,3.0199517204e-05,3.0199517204e-05,3.0199517204e-05,3.0199517204e-05,3.0199517204e-05,3.0199517204e-05,3.0199517204e-05,3.0199517204e-05,3.0199517204e-05,3.0199517204e-05,3.0199517204e-05,3.0199517204e-05,3.0199517204e-05,10,X225 X229,0.993533333333,0.00210927526549,0.993533333333,0.00210927526549
3.0199517204e-05,3.0199517204e-05,3.0199517204e-05,3.0199517204e-05,3.0199517204e-05,3.0199517204e-05,3.0199517204e-05,3.0199517204e-05,3.0199517204e-05,3.0199517204e-05,3.0199517204e-05,3.0199517204e-05,3.0199517204e-05,3.0199517204e-05,3.0199517204e-05,3.0199517204e-05,3.0199517204e-05,3.0199517204e-05,10,X227 Z230 Y231 Y233 Z234 X236,0.982844444444,0.00349683308649,0.982844444444,0.00349683308649
3.0199517204e-05,3.0199517204e-05,3.0199517204e-05,3.0199517204e-05,3.0199517204e-05,3.0199517204e-05,3.0199517204e-05,3.0199517204e-05,3.0199517204e-05,3.0199517204e-05,3.0199517204e-05,3.0199517204e-05,3.0199517204e-05,3.0199517204e-05,3.0199517204e-05,3.0199517204e-05,3.0199517204e-05,3.0199517204e-05,10,X228 Z231 Y232 Y234 Z235 X237,0.984044444444,0.00300667626643,0.984044444444,0.00300667626643
3.0199517204e-05,3.0199517204e-05,3.0199517204e-05,3.0199517204e-05,3.0199517204e-05,3.0199517204e-05,3.0199517204e-05,3.0199517204e-05,3.0199517204e-05,3.0199517204e-05,3.0199517204e-05,3.0199517204e-05,3.0199517204e-05,3.0199517204e-05,3.0199517204e-05,3.0199517204e-05,3.0199517204e-05,3.0199517204e-05,10,X229 Z232 Y235,0.989,0.00294392028878,0.989,0.00294392028878
3.0199517204e-05,3.0199517204e-05,3.0199517204e-05,3.0199517204e-05,3.0199517204e-05,3.0199517204e-05,3.0199517204e-05,3.0199517204e-05,3.0199517204e-05,3.0199517204e-05,3.0199517204e-05,3.0199517204e-05,3.0199517204e-05,3.0199517204e-05,3.0199517204e-05,3.0199517204e-05,3.0199517204e-05,3.0199517204e-05,10,X23 X28,0.994088888889,0.00213515248109,0.994088888889,0.00213515248109
3.0199517204e-05,3.0199517204e-05,3.0199517204e-05,3.0199517204e-05,3.0199517204e-05,3.0199517204e-05,3.0199517204e-05,3.0199517204e-05,3.0199517204e-05,3.0199517204e-05,3.0199517204e-05,3.0199517204e-05,3.0199517204e-05,3.0199517204e-05,3.0199517204e-05,3.0199517204e-05,3.0199517204e-05,3.0199517204e-05,10,X230 X233,0.993688888889,0.00206212577394,0.993688888889,0.00206212577394
3.0199517204e-05,3.0199517204e-05,3.0199517204e-05,3.0199517204e-05,3.0199517204e-05,3.0199517204e-05,3.0199517204e-05,3.0199517204e-05,3.0199517204e-05,3.0199517204e-05,3.0199517204e-05,3.0199517204e-05,3.0199517204e-05,3.0199517204e-05,3.0199517204e-05,3.0199517204e-05,3.0199517204e-05,3.0199517204e-05,10,X231 X234,0.993466666667,0.00249689462305,0.993466666667,0.00249689462305
3.0199517204e-05,3.0199517204e-05,3.0199517204e-05,3.0199517204e-05,3.0199517204e-05,3.0199517204e-05,3.0199517204e-05,3.0199517204e-05,3.0199517204e-05,3.0199517204e-05,3.0199517204e-05,3.0199517204e-05,3.0199517204e-05,3.0199517204e-05,3.0199517204e-05,3.0199517204e-05,3.0199517204e-05,3.0199517204e-05,10,X232 X235,0.994311111111,0.00173962900289,0.994311111111,0.00173962900289
3.0199517204e-05,3.0199517204e-05,3.0199517204e-05,3.0199517204e-05,3.0199517204e-05,3.0199517204e-05,3.0199517204e-05,3.0199517204e-05,3.0199517204e-05,3.0199517204e-05,3.0199517204e-05,3.0199517204e-05,3.0199517204e-05,3.0199517204e-05,3.0199517204e-05,3.0199517204e-05,3.0199517204e-05,3.0199517204e-05,10,X233 Y236 Z238,0.989555555556,0.00273663010228,0.989555555556,0.00273663010228
3.0199517204e-05,3.0199517204e-05,3.0199517204e-05,3.0199517204e-05,3.0199517204e-05,3.0199517204e-05,3.0199517204e-05,3.0199517204e-05,3.0199517204e-05,3.0199517204e-05,3.0199517204e-05,3.0199517204e-05,3.0199517204e-05,3.0199517204e-05,3.0199517204e-05,3.0199517204e-05,3.0199517204e-05,3.0199517204e-05,10,X234 Z236 Y237 Y238 Z239 X240,0.982444444444,0.00261638417588,0.982444444444,0.00261638417588
3.0199517204e-05,3.0199517204e-05,3.0199517204e-05,3.0199517204e-05,3.0199517204e-05,3.0199517204e-05,3.0199517204e-05,3.0199517204e-05,3.0199517204e-05,3.0199517204e-05,3.0199517204e-05,3.0199517204e-05,3.0199517204e-05,3.0199517204e-05,3.0199517204e-05,3.0199517204e-05,3.0199517204e-05,3.0199517204e-05,10,X236 X238,0.994088888889,0.00189156897987,0.994088888889,0.00189156897987
3.0199517204e-05,3.0199517204e-05,3.0199517204e-05,3.0199517204e-05,3.0199517204e-05,3.0199517204e-05,3.0199517204e-05,3.0199517204e-05,3.0199517204e-05,3.0199517204e-05,3.0199517204e-05,3.0199517204e-05,3.0199517204e-05,3.0199517204e-05,3.0199517204e-05,3.0199517204e-05,3.0199517204e-05,3.0199517204e-05,10,X237 X239,0.993688888889,0.00219182272218,0.993688888889,0.00219182272218
3.0199517204e-05,3.0199517204e-05,3.0199517204e-05,3.0199517204e-05,3.0199517204e-05,3.0199517204e-05,3.0199517204e-05,3.0199517204e-05,3.0199517204e-05,3.0199517204e-05,3.0199517204e-05,3.0199517204e-05,3.0199517204e-05,3.0199517204e-05,3.0199517204e-05,3.0199517204e-05,3.0199517204e-05,3.0199517204e-05,10,X239 Z240 Y241,0.989044444444,0.0023920899875,0.989044444444,0.0023920899875
3.0199517204e-05,3.0199517204e-05,3.0199517204e-05,3.0199517204e-05,3.0199517204e-05,3.0199517204e-05,3.0199517204e-05,3.0199517204e-05,3.0199517204e-05,3.0199517204e-05,3.0199517204e-05,3.0199517204e-05,3.0199517204e-05,3.0199517204e-05,3.0199517204e-05,3.0199517204e-05,3.0199517204e-05,3.0199517204e-05,10,X24 X29,0.9936,0.00244855106111,0.9936,0.00244855106111
3.0199517204e-05,3.0199517204e-05,3.0199517204e-05,3.0199517204e-05,3.0199517204e-05,3.0199517204e-05,3.0199517204e-05,3.0199517204e-05,3.0199517204e-05,3.0199517204e-05,3.0199517204e-05,3.0199517204e-05,3.0199517204e-05,3.0199517204e-05,3.0199517204e-05,3.0199517204e-05,3.0199517204e-05,3.0199517204e-05,10,X240 X241,0.993955555556,0.00216508931679,0.993955555556,0.00216508931679
3.0199517204e-05,3.0199517204e-05,3.0199517204e-05,3.0199517204e-05,3.0199517204e-05,3.0199517204e-05,3.0199517204e-05,3.0199517204e-05,3.0199517204e-05,3.0199517204e-05,3.0199517204e-05,3.0199517204e-05,3.0199517204e-05,3.0199517204e-05,3.0199517204e-05,3.0199517204e-05,3.0199517204e-05,3.0199517204e-05,10,X25 Z30 Y31 Y36 Z37 X43,0.981377777778,0.00348366008843,0.981377777778,0.00348366008843
3.0199517204e-05,3.0199517204e-05,3.0199517204e-05,3.0199517204e-05,3.0199517204e-05,3.0199517204e-05,3.0199517204e-05,3.0199517204e-05,3.0199517204e-05,3.0199517204e-05,3.0199517204e-05,3.0199517204e-05,3.0199517204e-05,3.0199517204e-05,3.0199517204e-05,3.0199517204e-05,3.0199517204e-05,3.0199517204e-05,10,X26 Z31 Y32 Y37 Z38 X44,0.982111111111,0.00410245542149,0.982111111111,0.00410245542149
3.0199517204e-05,3.0199517204e-05,3.0199517204e-05,3.0199517204e-05,3.0199517204e-05,3.0199517204e-05,3.0199517204e-05,3.0199517204e-05,3.0199517204e-05,3.0199517204e-05,3.0199517204e-05,3.0199517204e-05,3.0199517204e-05,3.0199517204e-05,3.0199517204e-05,3.0199517204e-05,3.0199517204e-05,3.0199517204e-05,10,X27 Z32 Y33 Y38 Z39 X45,0.982888888889,0.00364448182394,0.982888888889,0.00364448182394
3.0199517204e-05,3.0199517204e-05,3.0199517204e-05,3.0199517204e-05,3.0199517204e-05,3.0199517204e-05,3.0199517204e-05,3.0199517204e-05,3.0199517204e-05,3.0199517204e-05,3.0199517204e-05,3.0199517204e-05,3.0199517204e-05,3.0199517204e-05,3.0199517204e-05,3.0199517204e-05,3.0199517204e-05,3.0199517204e-05,10,X28 Z33 Y34 Y39 Z40 X46,0.982755555556,0.00387835464317,0.982755555556,0.00387835464317
3.0199517204e-05,3.0199517204e-05,3.0199517204e-05,3.0199517204e-05,3.0199517204e-05,3.0199517204e-05,3.0199517204e-05,3.0199517204e-05,3.0199517204e-05,3.0199517204e-05,3.0199517204e-05,3.0199517204e-05,3.0199517204e-05,3.0199517204e-05,3.0199517204e-05,3.0199517204e-05,3.0199517204e-05,3.0199517204e-05,10,X29 Z34 Y35 Y40 Z41 X47,0.982222222222,0.00277002750216,0.982222222222,0.00277002750216
3.0199517204e-05,3.0199517204e-05,3.0199517204e-05,3.0199517204e-05,3.0199517204e-05,3.0199517204e-05,3.0199517204e-05,3.0199517204e-05,3.0199517204e-05,3.0199517204e-05,3.0199517204e-05,3.0199517204e-05,3.0199517204e-05,3.0199517204e-05,3.0199517204e-05,3.0199517204e-05,3.0199517204e-05,3.0199517204e-05,10,X3 X5,0.994333333333,0.00224034753735,0.994333333333,0.00224034753735
3.0199517204e-05,3.0199517204e-05,3.0199517204e-05,3.0199517204e-05,3.0199517204e-05,3.0199517204e-05,3.0199517204e-05,3.0199517204e-05,3.0199517204e-05,3.0199517204e-05,3.0199517204e-05,3.0199517204e-05,3.0199517204e-05,3.0199517204e-05,3.0199517204e-05,3.0199517204e-05,3.0199517204e-05,3.0199517204e-05,10,X30 X36,0.993844444444,0.00216331895809,0.993844444444,0.00216331895809
3.0199517204e-05,3.0199517204e-05,3.0199517204e-05,3.0199517204e-05,3.0199517204e-05,3.0199517204e-05,3.0199517204e-05,3.0199517204e-05,3.0199517204e-05,3.0199517204e-05,3.0199517204e-05,3.0199517204e-05,3.0199517204e-05,3.0199517204e-05,3.0199517204e-05,3.0199517204e-05,3.0199517204e-05,3.0199517204e-05,10,X31 X37,0.993466666667,0.00233841810498,0.993466666667,0.00233841810498
3.0199517204e-05,3.0199517204e-05,3.0199517204e-05,3.0199517204e-05,3.0199517204e-05,3.0199517204e-05,3.0199517204e-05,3.0199517204e-05,3.0199517204e-05,3.0199517204e-05,3.0199517204e-05,3.0199517204e-05,3.0199517204e-05,3.0199517204e-05,3.0199517204e-05,3.0199517204e-05,3.0199517204e-05,3.0199517204e-05,10,X32 X38,0.993933333333,0.00208148193598,0.993933333333,0.00208148193598
3.0199517204e-05,3.0199517204e-05,3.0199517204e-05,3.0199517204e-05,3.0199517204e-05,3.0199517204e-05,3.0199517204e-05,3.0199517204e-05,3.0199517204e-05,3.0199517204e-05,3.0199517204e-05,3.0199517204e-05,3.0199517204e-05,3.0199517204e-05,3.0199517204e-05,3.0199517204e-05,3.0199517204e-05,3.0199517204e-05,10,X33 X39,0.993844444444,0.0019782986098,0.993844444444,0.0019782986098
3.0199517204e-05,3.0199517204e-05,3.0199517204e-05,3.0199517204e-05,3.0199517204e-05,3.0199517204e-05,3.0199517204e-05,3.0199517204e-05,3.0199517204e-05,3.0199517204e-05,3.0199517204e-05,3.0199517204e-05,3.0199517204e-05,3.0199517204e-05,3.0199517204e-05,3.0199517204e-05,3.0199517204e-05,3.0199517204e-05,10,X34 X40,0.993933333333,0.00229842524801,0.993933333333,0.00229842524801
3.0199517204e-05,3.0199517204e-05,3.0199517204e-05,3.0199517204e-05,3.0199517204e-05,3.0199517204e-05,3.0199517204e-05,3.0199517204e-05,3.0199517204e-05,3.0199517204e-05,3.0199517204e-05,3.0199517204e-05,3.0199517204e-05,3.0199517204e-05,3.0199517204e-05,3.0199517204e-05,3.0199517204e-05,3.0199517204e-05,10,X35 X41,0.995066666667,0.00169380208916,0.995066666667,0.00169380208916
3.0199517204e-05,3.0199517204e-05,3.0199517204e-05,3.0199517204e-05,3.0199517204e-05,3.0199517204e-05,3.0199517204e-05,3.0199517204e-05,3.0199517204e-05,3.0199517204e-05,3.0199517204e-05,3.0199517204e-05,3.0199517204e-05,3.0199517204e-05,3.0199517204e-05,3.0199517204e-05,3.0199517204e-05,3.0199517204e-05,10,X36 Z42 Y43 Y49 Z50 X57,0.983044444444,0.0034024256992,0.983044444444,0.0034024256992
3.0199517204e-05,3.0199517204e-05,3.0199517204e-05,3.0199517204e-05,3.0199517204e-05,3.0199517204e-05,3.0199517204e-05,3.0199517204e-05,3.0199517204e-05,3.0199517204e-05,3.0199517204e-05,3.0199517204e-05,3.0199517204e-05,3.0199517204e-05,3.0199517204e-05,3.0199517204e-05,3.0199517204e-05,3.0199517204e-05,10,X37 Z43 Y44 Y50 Z51 X58,0.981466666667,0.00442355242898,0.981466666667,0.00442355242898
3.0199517204e-05,3.0199517204e-05,3.0199517204e-05,3.0199517204e-05,3.0199517204e-05,3.0199517204e-05,3.0199517204e-05,3.0199517204e-05,3.0199517204e-05,3.0199517204e-05,3.0199517204e-05,3.0199517204e-05,3.0199517204e-05,3.0199517204e-05,3.0199517204e-05,3.0199517204e-05,3.0199517204e-05,3.0199517204e-05,10,X38 Z44 Y45 Y51 Z52 X59,0.981,0.00310604404002,0.981,0.00310604404002
3.0199517204e-05,3.0199517204e-05,3.0199517204e-05,3.0199517204e-05,3.0199517204e-05,3.0199517204e-05,3.0199517204e-05,3.0199517204e-05,3.0199517204e-05,3.0199517204e-05,3.0199517204e-05,3.0199517204e-05,3.0199517204e-05,3.0199517204e-05,3.0199517204e-05,3.0199517204e-05,3.0199517204e-05,3.0199517204e-05,10,X39 Z45 Y46 Y52 Z53 X60,0.982555555556,0.0031371379852,0.982555555556,0.0031371379852
3.0199517204e-05,3.0199517204e-05,3.0199517204e-05,3.0199517204e-05,3.0199517204e-05,3.0199517204e-05,3.0199517204e-05,3.0199517204e-05,3.0199517204e-05,3.0199517204e-05,3.0199517204e-05,3.0199517204e-05,3.0199517204e-05,3.0199517204e-05,3.0199517204e-05,3.0199517204e-05,3.0199517204e-05,3.0199517204e-05,10,X4 Z6 Y7 Y9 Z10 X13,0.983,0.00326481298567,0.983,0.00326481298567
3.0199517204e-05,3.0199517204e-05,3.0199517204e-05,3.0199517204e-05,3.0199517204e-05,3.0199517204e-05,3.0199517204e-05,3.0199517204e-05,3.0199517204e-05,3.0199517204e-05,3.0199517204e-05,3.0199517204e-05,3.0199517204e-05,3.0199517204e-05,3.0199517204e-05,3.0199517204e-05,3.0199517204e-05,3.0199517204e-05,10,X40 Z46 Y47 Y53 Z54 X61,0.981311111111,0.00275421423293,0.981311111111,0.00275421423293
3.0199517204e-05,3.0199517204e-05,3.0199517204e-05,3.0199517204e-05,3.0199517204e-05,3.0199517204e-05,3.0199517204e-05,3.0199517204e-05,3.0199517204e-05,3.0199517204e-05,3.0199517204e-05,3.0199517204e-05,3.0199517204e-05,3.0199517204e-05,3.0199517204e-05,3.0199517204e-05,3.0199517204e-05,3.0199517204e-05,10,X41 Z47 Y48 Y54 Z55 X62,0.981533333333,0.00319554287295,0.981533333333,0.00319554287295
3.0199517204e-05,3.0199517204e-05,3.0199517204e-05,3.0199517204e-05,3.0199517204e-05,3.0199517204e-05,3.0199517204e-05,3.0199517204e-05,3.0199517204e-05,3.0199517204e-05,3.0199517204e-05,3.0199517204e-05,3.0199517204e-05,3.0199517204e-05,3.0199517204e-05,3.0199517204e-05,3.0199517204e-05,3.0199517204e-05,10,X42 X49,0.9946,0.00200650283824,0.9946,0.00200650283824
3.0199517204e-05,3.0199517204e-05,3.0199517204e-05,3.0199517204e-05,3.0199517204e-05,3.0199517204e-05,3.0199517204e-05,3.0199517204e-05,3.0199517204e-05,3.0199517204e-05,3.0199517204e-05,3.0199517204e-05,3.0199517204e-05,3.0199517204e-05,3.0199517204e-05,3.0199517204e-05,3.0199517204e-05,3.0199517204e-05,10,X43 X50,0.994133333333,0.0019210469687,0.994133333333,0.0019210469687
3.0199517204e-05,3.0199517204e-05,3.0199517204e-05,3.0199517204e-05,3.0199517204e-05,3.0199517204e-05,3.0199517204e-05,3.0199517204e-05,3.0199517204e-05,3.0199517204e-05,3.0199517204e-05,3.0199517204e-05,3.0199517204e-05,3.0199517204e-05,3.0199517204e-05,3.0199517204e-05,3.0199517204e-05,3.0199517204e-05,10,X44 X51,0.994622222222,0.00219322071704,0.994622222222,0.00219322071704
3.0199517204e-05,3.0199517204e-05,3.0199517204e-05,3.0199517204e-05,3.0199517204e-05,3.0199517204e-05,3.0199517204e-05,3.0199517204e-05,3.0199517204e-05,3.0199517204e-05,3.0199517204e-05,3.0199517204e-05,3.0199517204e-05,3.0199517204e-05,3.0199517204e-05,3.0199517204e-05,3.0199517204e-05,3.0199517204e-05,10,X45 X52,0.993822222222,0.00204870454037,0.993822222222,0.00204870454037
3.0199517204e-05,3.0199517204e-05,3.0199517204e-05,3.0199517204e-05,3.0199517204e-05,3.0199517204e-05,3.0199517204e-05,3.0199517204e-05,3.0199517204e-05,3.0199517204e-05,3.0199517204e-05,3.0199517204e-05,3.0199517204e-05,3.0199517204e-05,3.0199517204e-05,3.0199517204e-05,3.0199517204e-05,3.0199517204e-05,10,X46 X53,0.993777777778,0.00211060691701,0.993777777778,0.00211060691701
3.0199517204e-05,3.0199517204e-05,3.0199517204e-05,3.0199517204e-05,3.0199517204e-05,3.0199517204e-05,3.0199517204e-05,3.0199517204e-05,3.0199517204e-05,3.0199517204e-05,3.0199517204e-05,3.0199517204e-05,3.0199517204e-05,3.0199517204e-05,3.0199517204e-05,3.0199517204e-05,3.0199517204e-05,3.0199517204e-05,10,X47 X54,0.9938,0.00197416260923,0.9938,0.00197416260923
3.0199517204e-05,3.0199517204e-05,3.0199517204e-05,3.0199517204e-05,3.0199517204e-05,3.0199517204e-05,3.0199517204e-05,3.0199517204e-05,3.0199517204e-05,3.0199517204e-05,3.0199517204e-05,3.0199517204e-05,3.0199517204e-05,3.0199517204e-05,3.0199517204e-05,3.0199517204e-05,3.0199517204e-05,3.0199517204e-05,10,X48 X55,0.993866666667,0.00215420821343,0.993866666667,0.00215420821343
3.0199517204e-05,3.0199517204e-05,3.0199517204e-05,3.0199517204e-05,3.0199517204e-05,3.0199517204e-05,3.0199517204e-05,3.0199517204e-05,3.0199517204e-05,3.0199517204e-05,3.0199517204e-05,3.0199517204e-05,3.0199517204e-05,3.0199517204e-05,3.0199517204e-05,3.0199517204e-05,3.0199517204e-05,3.0199517204e-05,10,X49 Z56 Y57 Y64 Z65 X73,0.981355555556,0.00478337905648,0.981355555556,0.00478337905648
3.0199517204e-05,3.0199517204e-05,3.0199517204e-05,3.0199517204e-05,3.0199517204e-05,3.0199517204e-05,3.0199517204e-05,3.0199517204e-05,3.0199517204e-05,3.0199517204e-05,3.0199517204e-05,3.0199517204e-05,3.0199517204e-05,3.0199517204e-05,3.0199517204e-05,3.0199517204e-05,3.0199517204e-05,3.0199517204e-05,10,X5 Z7 Y8 Y10 Z11 X14,0.983022222222,0.00284319896104,0.983022222222,0.00284319896104
3.0199517204e-05,3.0199517204e-05,3.0199517204e-05,3.0199517204e-05,3.0199517204e-05,3.0199517204e-05,3.0199517204e-05,3.0199517204e-05,3.0199517204e-05,3.0199517204e-05,3.0199517204e-05,3.0199517204e-05,3.0199517204e-05,3.0199517204e-05,3.0199517204e-05,3.0199517204e-05,3.0199517204e-05,3.0199517204e-05,10,X50 Z57 Y58 Y65 Z66 X74,0.981088888889,0.00334243966848,0.981088888889,0.00334243966848
3.0199517204e-05,3.0199517204e-05,3.0199517204e-05,3.0199517204e-05,3.0199517204e-05,3.0199517204e-05,3.0199517204e-05,3.0199517204e-05,3.0199517204e-05,3.0199517204e-05,3.0199517204e-05,3.0199517204e-05,3.0199517204e-05,3.0199517204e-05,3.0199517204e-05,3.0199517204e-05,3.0199517204e-05,3.0199517204e-05,10,X51 Z58 Y59 Y66 Z67 X75,0.982466666667,0.0041694014014,0.982466666667,0.0041694014014
3.0199517204e-05,3.0199517204e-05,3.0199517204e-05,3.0199517204e-05,3.0199517204e-05,3.0199517204e-05,3.0199517204e-05,3.0199517204e-05,3.0199517204e-05,3.0199517204e-05,3.0199517204e-05,3.0199517204e-05,3.0199517204e-05,3.0199517204e-05,3.0199517204e-05,3.0199517204e-05,3.0199517204e-05,3.0199517204e-05,10,X52 Z59 Y60 Y67 Z68 X76,0.982355555556,0.00308119165549,0.982355555556,0.00308119165549
3.0199517204e-05,3.0199517204e-05,3.0199517204e-05,3.0199517204e-05,3.0199517204e-05,3.0199517204e-05,3.0199517204e-05,3.0199517204e-05,3.0199517204e-05,3.0199517204e-05,3.0199517204e-05,3.0199517204e-05,3.0199517204e-05,3.0199517204e-05,3.0199517204e-05,3.0199517204e-05,3.0199517204e-05,3.0199517204e-05,10,X53 Z60 Y61 Y68 Z69 X77,0.982133333333,0.00236448823167,0.982133333333,0.00236448823167
3.0199517204e-05,3.0199517204e-05,3.0199517204e-05,3.0199517204e-05,3.0199517204e-05,3.0199517204e-05,3.0199517204e-05,3.0199517204e-05,3.0199517204e-05,3.0199517204e-05,3.0199517204e-05,3.0199517204e-05,3.0199517204e-05,3.0199517204e-05,3.0199517204e-05,3.0199517204e-05,3.0199517204e-05,3.0199517204e-05,10,X54 Z61 Y62 Y69 Z70 X78,0.982177777778,0.00312661707842,0.982177777778,0.00312661707842
3.0199517204e-05,3.0199517204e-05,3.0199517204e-05,3.0199517204e-05,3.0199517204e-05,3.0199517204e-05,3.0199517204e-05,3.0199517204e-05,3.0199517204e-05,3.0199517204e-05,3.0199517204e-05,3.0199517204e-05,3.0199517204e-05,3.0199517204e-05,3.0199517204e-05,3.0199517204e-05,3.0199517204e-05,3.0199517204e-05,10,X55 Z62 Y63 Y70 Z71 X79,0.983066666667,0.00378988369093,0.983066666667,0.00378988369093
3.0199517204e-05,3.0199517204e-05,3.0199517204e-05,3.0199517204e-05,3.0199517204e-05,3.0199517204e-05,3.0199517204e-05,3.0199517204e-05,3.0199517204e-05,3.0199517204e-05,3.0199517204e-05,3.0199517204e-05,3.0199517204e-05,3.0199517204e-05,3.0199517204e-05,3.0199517204e-05,3.0199517204e-05,3.0199517204e-05,10,X56 X64,0.9934,0.00237063775631,0.9934,0.00237063775631
3.0199517204e-05,3.0199517204e-05,3.0199517204e-05,3.0199517204e-05,3.0199517204e-05,3.0199517204e-05,3.0199517204e-05,3.0199517204e-05,3.0199517204e-05,3.0199517204e-05,3.0199517204e-05,3.0199517204e-05,3.0199517204e-05,3.0199517204e-05,3.0199517204e-05,3.0199517204e-05,3.0199517204e-05,3.0199517204e-05,10,X57 X65,0.993666666667,0.00241165751176,0.993666666667,0.00241165751176
3.0199517204e-05,3.0199517204e-05,3.0199517204e-05,3.0199517204e-05,3.0199517204e-05,3.0199517204e-05,3.0199517204e-05,3.0199517204e-05,3.0199517204e-05,3.0199517204e-05,3.0199517204e-05,3.0199517204e-05,3.0199517204e-05,3.0199517204e-05,3.0199517204e-05,3.0199517204e-05,3.0199517204e-05,3.0199517204e-05,10,X58 X66,0.993355555556,0.00238438941851,0.993355555556,0.00238438941851
3.0199517204e-05,3.0199517204e-05,3.0199517204e-05,3.0199517204e-05,3.0199517204e-05,3.0199517204e-05,3.0199517204e-05,3.0199517204e-05,3.0199517204e-05,3.0199517204e-05,3.0199517204e-05,3.0199517204e-05,3.0199517204e-05,3.0199517204e-05,3.0199517204e-05,3.0199517204e-05,3.0199517204e-05,3.0199517204e-05,10,X59 X67,0.994288888889,0.00217744152537,0.994288888889,0.00217744152537
3.0199517204e-05,3.0199517204e-05,3.0199517204e-05,3.0199517204e-05,3.0199517204e-05,3.0199517204e-05,3.0199517204e-05,3.0199517204e-05,3.0199517204e-05,3.0199517204e-05,3.0199517204e-05,3.0199517204e-05,3.0199517204e-05,3.0199517204e-05,3.0199517204e-05,3.0199517204e-05,3.0199517204e-05,3.0199517204e-05,10,X6 X9,0.9942,0.00125212463116,0.9942,0.00125212463116
3.0199517204e-05,3.0199517204e-05,3.0199517204e-05,3.0199517204e-05,3.0199517204e-05,3.0199517204e-05,3.0199517204e-05,3.0199517204e-05,3.0199517204e-05,3.0199517204e-05,3.0199517204e-05,3.0199517204e-05,3.0199517204e-05,3.0199517204e-05,3.0199517204e-05,3.0199517204e-05,3.0199517204e-05,3.0199517204e-05,10,X60 X68,0.993622222222,0.00183355972131,0.993622222222,0.00183355972131
3.0199517204e-05,3.0199517204e-05,3.0199517204e-05,3.0199517204e-05,3.0199517204e-05,3.0199517204e-05,3.0199517204e-05,3.0199517204e-05,3.0199517204e-05,3.0199517204e-05,3.0199517204e-05,3.0199517204e-05,3.0199517204e-05,3.0199517204e-05,3.0199517204e-05,3.0199517204e-05,3.0199517204e-05,3.0199517204e-05,10,X61 X69,0.993844444444,0.00203933227246,0.993844444444,0.00203933227246
3.0199517204e-05,3.0199517204e-05,3.0199517204e-05,3.0199517204e-05,3.0199517204e-05,3.0199517204e-05,3.0199517204e-05,3.0199517204e-05,3.0199517204e-05,3.0199517204e-05,3.0199517204e-05,3.0199517204e-05,3.0199517204e-05,3.0199517204e-05,3.0199517204e-05,3.0199517204e-05,3.0199517204e-05,3.0199517204e-05,10,X62 X70,0.993911111111,0.00190770435016,0.993911111111,0.00190770435016
3.0199517204e-05,3.0199517204e-05,3.0199517204e-05,3.0199517204e-05,3.0199517204e-05,3.0199517204e-05,3.0199517204e-05,3.0199517204e-05,3.0199517204e-05,3.0199517204e-05,3.0199517204e-05,3.0199517204e-05,3.0199517204e-05,3.0199517204e-05,3.0199517204e-05,3.0199517204e-05,3.0199517204e-05,3.0199517204e-05,10,X63 X71,0.994111111111,0.00177753829805,0.994111111111,0.00177753829805
3.0199517204e-05,3.0199517204e-05,3.0199517204e-05,3.0199517204e-05,3.0199517204e-05,3.0199517204e-05,3.0199517204e-05,3.0199517204e-05,3.0199517204e-05,3.0199517204e-05,3.0199517204e-05,3.0199517204e-05,3.0199517204e-05,3.0199517204e-05,3.0199517204e-05,3.0199517204e-05,3.0199517204e-05,3.0199517204e-05,10,X64 Z72 Y73 Y81 Z82 X91,0.982111111111,0.00356691194058,0.982111111111,0.00356691194058
3.0199517204e-05,3.0199517204e-05,3.0199517204e-05,3.0199517204e-05,3.0199517204e-05,3.0199517204e-05,3.0199517204e-05,3.0199517204e-05,3.0199517204e-05,3.0199517204e-05,3.0199517204e-05,3.0199517204e-05,3.0199517204e-05,3.0199517204e-05,3.0199517204e-05,3.0199517204e-05,3.0199517204e-05,3.0199517204e-05,10,X65 Z73 Y74 Y82 Z83 X92,0.981177777778,0.00326919129903,0.981177777778,0.00326919129903
3.0199517204e-05,3.0199517204e-05,3.0199517204e-05,3.0199517204e-05,3.0199517204e-05,3.0199517204e-05,3.0199517204e-05,3.0199517204e-05,3.0199517204e-05,3.0199517204e-05,3.0199517204e-05,3.0199517204e-05,3.0199517204e-05,3.0199517204e-05,3.0199517204e-05,3.0199517204e-05,3.0199517204e-05,3.0199517204e-05,10,X66 Z74 Y75 Y83 Z84 X93,0.982555555556,0.00387182902845,0.982555555556,0.00387182902845
3.0199517204e-05,3.0199517204e-05,3.0199517204e-05,3.0199517204e-05,3.0199517204e-05,3.0199517204e-05,3.0199517204e-05,3.0199517204e-05,3.0199517204e-05,3.0199517204e-05,3.0199517204e-05,3.0199517204e-05,3.0199517204e-05,3.0199517204e-05,3.0199517204e-05,3.0199517204e-05,3.0199517204e-05,3.0199517204e-05,10,X67 Z75 Y76 Y84 Z85 X94,0.9824,0.00340655217209,0.9824,0.00340655217209
3.0199517204e-05,3.0199517204e-05,3.0199517204e-05,3.0199517204e-05,3.0199517204e-05,3.0199517204e-05,3.0199517204e-05,3.0199517204e-05,3.0199517204e-05,3.0199517204e-05,3.0199517204e-05,3.0199517204e-05,3.0199517204e-05,3.0199517204e-05,3.0199517204e-05,3.0199517204e-05,3.0199517204e-05,3.0199517204e-05,10,X68 Z76 Y77 Y85 Z86 X95,0.981733333333,0.0032594101904,0.981733333333,0.0032594101904
3.0199517204e-05,3.0199517204e-05,3.0199517204e-05,3.0199517204e-05,3.0199517204e-05,3.0199517204e-05,3.0199517204e-05,3.0199517204e-05,3.0199517204e-05,3.0199517204e-05,3.0199517204e-05,3.0199517204e-05,3.0199517204e-05,3.0199517204e-05,3.0199517204e-05,3.0199517204e-05,3.0199517204e-05,3.0199517204e-05,10,X69 Z77 Y78 Y86 Z87 X96,0.982933333333,0.00383010858864,0.982933333333,0.00383010858864
3.0199517204e-05,3.0199517204e-05,3.0199517204e-05,3.0199517204e-05,3.0199517204e-05,3.0199517204e-05,3.0199517204e-05,3.0199517204e-05,3.0199517204e-05,3.0199517204e-05,3.0199517204e-05,3.0199517204e-05,3.0199517204e-05,3.0199517204e-05,3.0199517204e-05,3.0199517204e-05,3.0199517204e-05,3.0199517204e-05,10,X7 X10,0.994133333333,0.0019290082418,0.994133333333,0.0019290082418
3.0199517204e-05,3.0199517204e-05,3.0199517204e-05,3.0199517204e-05,3.0199517204e-05,3.0199517204e-05,3.0199517204e-05,3.0199517204e-05,3.0199517204e-05,3.0199517204e-05,3.0199517204e-05,3.0199517204e-05,3.0199517204e-05,3.0199517204e-05,3.0199517204e-05,3.0199517204e-05,3.0199517204e-05,3.0199517204e-05,10,X70 Z78 Y79 Y87 Z88 X97,0.9814,0.00428970075495,0.9814,0.00428970075495
3.0199517204e-05,3.0199517204e-05,3.0199517204e-05,3.0199517204e-05,3.0199517204e-05,3.0199517204e-05,3.0199517204e-05,3.0199517204e-05,3.0199517204e-05,3.0199517204e-05,3.0199517204e-05,3.0199517204e-05,3.0199517204e-05,3.0199517204e-05,3.0199517204e-05,3.0199517204e-05,3.0199517204e-05,3.0199517204e-05,10,X71 Z79 Y80 Y88 Z89 X98,0.981177777778,0.00302573044072,0.981177777778,0.00302573044072
3.0199517204e-05,3.0199517204e-05,3.0199517204e-05,3.0199517204e-05,3.0199517204e-05,3.0199517204e-05,3.0199517204e-05,3.0199517204e-05,3.0199517204e-05,3.0199517204e-05,3.0199517204e-05,3.0199517204e-05,3.0199517204e-05,3.0199517204e-05,3.0199517204e-05,3.0199517204e-05,3.0199517204e-05,3.0199517204e-05,10,X72 X81,0.994022222222,0.00160920087574,0.994022222222,0.00160920087574
3.0199517204e-05,3.0199517204e-05,3.0199517204e-05,3.0199517204e-05,3.0199517204e-05,3.0199517204e-05,3.0199517204e-05,3.0199517204e-05,3.0199517204e-05,3.0199517204e-05,3.0199517204e-05,3.0199517204e-05,3.0199517204e-05,3.0199517204e-05,3.0199517204e-05,3.0199517204e-05,3.0199517204e-05,3.0199517204e-05,10,X73 X82,0.993844444444,0.00222616508449,0.993844444444,0.00222616508449
3.0199517204e-05,3.0199517204e-05,3.0199517204e-05,3.0199517204e-05,3.0199517204e-05,3.0199517204e-05,3.0199517204e-05,3.0199517204e-05,3.0199517204e-05,3.0199517204e-05,3.0199517204e-05,3.0199517204e-05,3.0199517204e-05,3.0199517204e-05,3.0199517204e-05,3.0199517204e-05,3.0199517204e-05,3.0199517204e-05,10,X74 X83,0.993533333333,0.0019663841605,0.993533333333,0.0019663841605
3.0199517204e-05,3.0199517204e-05,3.0199517204e-05,3.0199517204e-05,3.0199517204e-05,3.0199517204e-05,3.0199517204e-05,3.0199517204e-05,3.0199517204e-05,3.0199517204e-05,3.0199517204e-05,3.0199517204e-05,3.0199517204e-05,3.0199517204e-05,3.0199517204e-05,3.0199517204e-05,3.0199517204e-05,3.0199517204e-05,10,X75 X84,0.994311111111,0.00175716013775,0.994311111111,0.00175716013775
3.0199517204e-05,3.0199517204e-05,3.0199517204e-05,3.0199517204e-05,3.0199517204e-05,3.0199517204e-05,3.0199517204e-05,3.0199517204e-05,3.0199517204e-05,3.0199517204e-05,3.0199517204e-05,3.0199517204e-05,3.0199517204e-05,3.0199517204e-05,3.0199517204e-05,3.0199517204e-05,3.0199517204e-05,3.0199517204e-05,10,X76 X85,0.993711111111,0.0022939756741,0.993711111111,0.0022939756741
3.0199517204e-05,3.0199517204e-05,3.0199517204e-05,3.0199517204e-05,3.0199517204e-05,3.0199517204e-05,3.0199517204e-05,3.0199517204e-05,3.0199517204e-05,3.0199517204e-05,3.0199517204e-05,3.0199517204e-05,3.0199517204e-05,3.0199517204e-05,3.0199517204e-05,3.0199517204e-05,3.0199517204e-05,3.0199517204e-05,10,X77 X86,0.9936,0.0023787050149,0.9936,0.0023787050149
3.0199517204e-05,3.0199517204e-05,3.0199517204e-05,3.0199517204e-05,3.0199517204e-05,3.0199517204e-05,3.0199517204e-05,3.0199517204e-05,3.0199517204e-05,3.0199517204e-05,3.0199517204e-05,3.0199517204e-05,3.0199517204e-05,3.0199517204e-05,3.0199517204e-05,3.0199517204e-05,3.0199517204e-05,3.0199517204e-05,10,X78 X87,0.992955555556,0.00164871558817,0.992955555556,0.00164871558817
3.0199517204e-05,3.0199517204e-05,3.0199517204e-05,3.0199517204e-05,3.0199517204e-05,3.0199517204e-05,3.0199517204e-05,3.0199517204e-05,3.0199517204e-05,3.0199517204e-05,3.0199517204e-05,3.0199517204e-05,3.0199517204e-05,3.0199517204e-05,3.0199517204e-05,3.0199517204e-05,3.0199517204e-05,3.0199517204e-05,10,X79 X88,0.993,0.00205480466766,0.993,0.00205480466766
3.0199517204e-05,3.0199517204e-05,3.0199517204e-05,3.0199517204e-05,3.0199517204e-05,3.0199517204e-05,3.0199517204e-05,3.0199517204e-05,3.0199517204e-05,3.0199517204e-05,3.0199517204e-05,3.0199517204e-05,3.0199517204e-05,3.0199517204e-05,3.0199517204e-05,3.0199517204e-05,3.0199517204e-05,3.0199517204e-05,10,X8 X11,0.994155555556,0.00203933227246,0.994155555556,0.00203933227246
3.0199517204e-05,3.0199517204e-05,3.0199517204e-05,3.0199517204e-05,3.0199517204e-05,3.0199517204e-05,3.0199517204e-05,3.0199517204e-05,3.0199517204e-05,3.0199517204e-05,3.0199517204e-05,3.0199517204e-05,3.0199517204e-05,3.0199517204e-05,3.0199517204e-05,3.0199517204e-05,3.0199517204e-05,3.0199517204e-05,10,X80 X89,0.992955555556,0.00213479356155,0.992955555556,0.00213479356155
3.0199517204e-05,3.0199517204e-05,3.0199517204e-05,3.0199517204e-05,3.0199517204e-05,3.0199517204e-05,3.0199517204e-05,3.0199517204e-05,3.0199517204e-05,3.0199517204e-05,3.0199517204e-05,3.0199517204e-05,3.0199517204e-05,3.0199517204e-05,3.0199517204e-05,3.0199517204e-05,3.0199517204e-05,3.0199517204e-05,10,X81 Z90 Y91 Y100 Z101 X111,0.981733333333,0.00386595316445,0.981733333333,0.00386595316445
3.0199517204e-05,3.0199517204e-05,3.0199517204e-05,3.0199517204e-05,3.0199517204e-05,3.0199517204e-05,3.0199517204e-05,3.0199517204e-05,3.0199517204e-05,3.0199517204e-05,3.0199517204e-05,3.0199517204e-05,3.0199517204e-05,3.0199517204e-05,3.0199517204e-05,3.0199517204e-05,3.0199517204e-05,3.0199517204e-05,10,X82 Z91 Y92 Y101 Z102 X112,0.980244444444,0.00334243966848,0.980244444444,0.00334243966848
3.0199517204e-05,3.0199517204e-05,3.0199517204e-05,3.0199517204e-05,3.0199517204e-05,3.0199517204e-05,3.0199517204e-05,3.0199517204e-05,3.0199517204e-05,3.0199517204e-05,3.0199517204e-05,3.0199517204e-05,3.0199517204e-05,3.0199517204e-05,3.0199517204e-05,3.0199517204e-05,3.0199517204e-05,3.0199517204e-05,10,X83 Z92 Y93 Y102 Z103 X113,0.981577777778,0.00260552512461,0.981577777778,0.00260552512461
3.0199517204e-05,3.0199517204e-05,3.0199517204e-05,3.0199517204e-05,3.0199517204e-05,3.0199517204e-05,3.0199517204e-05,3.0199517204e-05,3.0199517204e-05,3.0199517204e-05,3.0199517204e-05,3.0199517204e-05,3.0199517204e-05,3.0199517204e-05,3.0199517204e-05,3.0199517204e-05,3.0199517204e-05,3.0199517204e-05,10,X84 Z93 Y94 Y103 Z104 X114,0.980355555556,0.00325533259341,0.980355555556,0.00325533259341
3.0199517204e-05,3.0199517204e-05,3.0199517204e-05,3.0199517204e-05,3.0199517204e-05,3.0199517204e-05,3.0199517204e-05,3.0199517204e-05,3.0199517204e-05,3.0199517204e-05,3.0199517204e-05,3.0199517204e-05,3.0199517204e-05,3.0199517204e-05,3.0199517204e-05,3.0199517204e-05,3.0199517204e-05,3.0199517204e-05,10,X85 Z94 Y95 Y104 Z105 X115,0.981266666667,0.00291567306557,0.981266666667,0.00291567306557
3.0199517204e-05,3.0199517204e-05,3.0199517204e-05,3.0199517204e-05,3.0199517204e-05,3.0199517204e-05,3.0199517204e-05,3.0199517204e-05,3.0199517204e-05,3.0199517204e-05,3.0199517204e-05,3.0199517204e-05,3.0199517204e-05,3.0199517204e-05,3.0199517204e-05,3.0199517204e-05,3.0199517204e-05,3.0199517204e-05,10,X86 Z95 Y96 Y105 Z106 X116,0.9818,0.0032146694413,0.9818,0.0032146694413
3.0199517204e-05,3.0199517204e-05,3.0199517204e-05,3.0199517204e-05,3.0199517204e-05,3.0199517204e-05,3.0199517204e-05,3.0199517204e-05,3.0199517204e-05,3.0199517204e-05,3.0199517204e-05,3.0199517204e-05,3.0199517204e-05,3.0199517204e-05,3.0199517204e-05,3.0199517204e-05,3.0199517204e-05,3.0199517204e-05,10,X87 Z96 Y97 Y106 Z107 X117,0.981844444444,0.00375773361765,0.981844444444,0.00375773361765
3.0199517204e-05,3.0199517204e-05,3.0199517204e-05,3.0199517204e-05,3.0199517204e-05,3.0199517204e-05,3.0199517204e-05,3.0199517204e-05,3.0199517204e-05,3.0199517204e-05,3.0199517204e-05,3.0199517204e-05,3.0199517204e-05,3.0199517204e-05,3.0199517204e-05,3.0199517204e-05,3.0199517204e-05,3.0199517204e-05,10,X88 Z97 Y98 Y107 Z108 X118,0.981755555556,0.00311950154842,0.981755555556,0.00311950154842
3.0199517204e-05,3.0199517204e-05,3.0199517204e-05,3.0199517204e-05,3.0199517204e-05,3.0199517204e-05,3.0199517204e-05,3.0199517204e-05,3.0199517204e-05,3.0199517204e-05,3.0199517204e-05,3.0199517204e-05,3.0199517204e-05,3.0199517204e-05,3.0199517204e-05,3.0199517204e-05,3.0199517204e-05,3.0199517204e-05,10,X89 Z98 Y99 Y108 Z109 X119,0.982777777778,0.0030529595381,0.982777777778,0.0030529595381
3.0199517204e-05,3.0199517204e-05,3.0199517204e-05,3.0199517204e-05,3.0199517204e-05,3.0199517204e-05,3.0199517204e-05,3.0199517204e-05,3.0199517204e-05,3.0199517204e-05,3.0199517204e-05,3.0199517204e-05,3.0199517204e-05,3.0199517204e-05,3.0199517204e-05,3.0199517204e-05,3.0199517204e-05,3.0199517204e-05,10,X9 Z12 Y13 Y16 Z17 X21,0.982866666667,0.00368968739915,0.982866666667,0.00368968739915
3.0199517204e-05,3.0199517204e-05,3.0199517204e-05,3.0199517204e-05,3.0199517204e-05,3.0199517204e-05,3.0199517204e-05,3.0199517204e-05,3.0199517204e-05,3.0199517204e-05,3.0199517204e-05,3.0199517204e-05,3.0199517204e-05,3.0199517204e-05,3.0199517204e-05,3.0199517204e-05,3.0199517204e-05,3.0199517204e-05,10,X90 X100,0.992933333333,0.00211978456218,0.992933333333,0.00211978456218
3.0199517204e-05,3.0199517204e-05,3.0199517204e-05,3.0199517204e-05,3.0199517204e-05,3.0199517204e-05,3.0199517204e-05,3.0199517204e-05,3.0199517204e-05,3.0199517204e-05,3.0199517204e-05,3.0199517204e-05,3.0199517204e-05,3.0199517204e-05,3.0199517204e-05,3.0199517204e-05,3.0199517204e-05,3.0199517204e-05,10,X91 X101,0.993377777778,0.00191732039493,0.993377777778,0.00191732039493
3.0199517204e-05,3.0199517204e-05,3.0199517204e-05,3.0199517204e-05,3.0199517204e-05,3.0199517204e-05,3.0199517204e-05,3.0199517204e-05,3.0199517204e-05,3.0199517204e-05,3.0199517204e-05,3.0199517204e-05,3.0199517204e-05,3.0199517204e-05,3.0199517204e-05,3.0199517204e-05,3.0199517204e-05,3.0199517204e-05,10,X92 X102,0.993844444444,0.00188304256393,0.993844444444,0.00188304256393
3.0199517204e-05,3.0199517204e-05,3.0199517204e-05,3.0199517204e-05,3.0199517204e-05,3.0199517204e-05,3.0199517204e-05,3.0199517204e-05,3.0199517204e-05,3.0199517204e-05,3.0199517204e-05,3.0199517204e-05,3.0199517204e-05,3.0199517204e-05,3.0199517204e-05,3.0199517204e-05,3.0199517204e-05,3.0199517204e-05,10,X93 X103,0.993688888889,0.00208430245658,0.993688888889,0.00208430245658
3.0199517204e-05,3.0199517204e-05,3.0199517204e-05,3.0199517204e-05,3.0199517204e-05,3.0199517204e-05,3.0199517204e-05,3.0199517204e-05,3.0199517204e-05,3.0199517204e-05,3.0199517204e-05,3.0199517204e-05,3.0199517204e-05,3.0199517204e-05,3.0199517204e-05,3.0199517204e-05,3.0199517204e-05,3.0199517204e-05,10,X94 X104,0.993577777778,0.00204533547133,0.993577777778,0.00204533547133
3.0199517204e-05,3.0199517204e-05,3.0199517204e-05,3.0199517204e-05,3.0199517204e-05,3.0199517204e-05,3.0199517204e-05,3.0199517204e-05,3.0199517204e-05,3.0199517204e-05,3.0199517204e-05,3.0199517204e-05,3.0199517204e-05,3.0199517204e-05,3.0199517204e-05,3.0199517204e-05,3.0199517204e-05,3.0199517204e-05,10,X95 X105,0.993066666667,0.00226653143613,0.993066666667,0.00226653143613
3.0199517204e-05,3.0199517204e-05,3.0199517204e-05,3.0199517204e-05,3.0199517204e-05,3.0199517204e-05,3.0199517204e-05,3.0199517204e-05,3.0199517204e-05,3.0199517204e-05,3.0199517204e-05,3.0199517204e-05,3.0199517204e-05,3.0199517204e-05,3.0199517204e-05,3.0199517204e-05,3.0199517204e-05,3.0199517204e-05,10,X96 X106,0.993777777778,0.00220992767575,0.993777777778,0.00220992767575
3.0199517204e-05,3.0199517204e-05,3.0199517204e-05,3.0199517204e-05,3.0199517204e-05,3.0199517204e-05,3.0199517204e-05,3.0199517204e-05,3.0199517204e-05,3.0199517204e-05,3.0199517204e-05,3.0199517204e-05,3.0199517204e-05,3.0199517204e-05,3.0199517204e-05,3.0199517204e-05,3.0199517204e-05,3.0199517204e-05,10,X97 X107,0.993977777778,0.00166536347518,0.993977777778,0.00166536347518
3.0199517204e-05,3.0199517204e-05,3.0199517204e-05,3.0199517204e-05,3.0199517204e-05,3.0199517204e-05,3.0199517204e-05,3.0199517204e-05,3.0199517204e-05,3.0199517204e-05,3.0199517204e-05,3.0199517204e-05,3.0199517204e-05,3.0199517204e-05,3.0199517204e-05,3.0199517204e-05,3.0199517204e-05,3.0199517204e-05,10,X98 X108,0.993933333333,0.0020217211286,0.993933333333,0.0020217211286
3.0199517204e-05,3.0199517204e-05,3.0199517204e-05,3.0199517204e-05,3.0199517204e-05,3.0199517204e-05,3.0199517204e-05,3.0199517204e-05,3.0199517204e-05,3.0199517204e-05,3.0199517204e-05,3.0199517204e-05,3.0199517204e-05,3.0199517204e-05,3.0199517204e-05,3.0199517204e-05,3.0199517204e-05,3.0199517204e-05,10,X99 X109,0.9934,0.00169153855469,0.9934,0.00169153855469
3.0199517204e-05,3.0199517204e-05,3.0199517204e-05,3.0199517204e-05,3.0199517204e-05,3.0199517204e-05,3.0199517204e-05,3.0199517204e-05,3.0199517204e-05,3.0199517204e-05,3.0199517204e-05,3.0199517204e-05,3.0199517204e-05,3.0199517204e-05,3.0199517204e-05,3.0199517204e-05,3.0199517204e-05,3.0199517204e-05,10,Y0 Z1 X2,0.989866666667,0.00263428616546,0.989866666667,0.00263428616546
3.0199517204e-05,3.0199517204e-05,3.0199517204e-05,3.0199517204e-05,3.0199517204e-05,3.0199517204e-05,3.0199517204e-05,3.0199517204e-05,3.0199517204e-05,3.0199517204e-05,3.0199517204e-05,3.0199517204e-05,3.0199517204e-05,3.0199517204e-05,3.0199517204e-05,3.0199517204e-05,3.0199517204e-05,3.0199517204e-05,10,Y20 Z25 X30,0.9882,0.00286155652524,0.9882,0.00286155652524
3.0199517204e-05,3.0199517204e-05,3.0199517204e-05,3.0199517204e-05,3.0199517204e-05,3.0199517204e-05,3.0199517204e-05,3.0199517204e-05,3.0199517204e-05,3.0199517204e-05,3.0199517204e-05,3.0199517204e-05,3.0199517204e-05,3.0199517204e-05,3.0199517204e-05,3.0199517204e-05,3.0199517204e-05,3.0199517204e-05,10,Y42 Z49 X56,0.987888888889,0.00226979725213,0.987888888889,0.00226979725213
3.0199517204e-05,3.0199517204e-05,3.0199517204e-05,3.0199517204e-05,3.0199517204e-05,3.0199517204e-05,3.0199517204e-05,3.0199517204e-05,3.0199517204e-05,3.0199517204e-05,3.0199517204e-05,3.0199517204e-05,3.0199517204e-05,3.0199517204e-05,3.0199517204e-05,3.0199517204e-05,3.0199517204e-05,3.0199517204e-05,10,Y6 Z9 X12,0.989222222222,0.00287189223447,0.989222222222,0.00287189223447
3.0199517204e-05,3.0199517204e-05,3.0199517204e-05,3.0199517204e-05,3.0199517204e-05,3.0199517204e-05,3.0199517204e-05,3.0199517204e-05,3.0199517204e-05,3.0199517204e-05,3.0199517204e-05,3.0199517204e-05,3.0199517204e-05,3.0199517204e-05,3.0199517204e-05,3.0199517204e-05,3.0199517204e-05,3.0199517204e-05,10,Y72 Z81 X90,0.988066666667,0.0027142309792,0.988066666667,0.0027142309792
3.0199517204e-05,3.0199517204e-05,3.0199517204e-05,3.0199517204e-05,3.0199517204e-05,3.0199517204e-05,3.0199517204e-05,3.0199517204e-05,3.0199517204e-05,3.0199517204e-05,3.0199517204e-05,3.0199517204e-05,3.0199517204e-05,3.0199517204e-05,3.0199517204e-05,3.0199517204e-05,3.0199517204e-05,3.0199517204e-05,10,Z15 Y19 X24,0.989355555556,0.00272625005014,0.989355555556,0.00272625005014
3.0199517204e-05,3.0199517204e-05,3.0199517204e-05,3.0199517204e-05,3.0199517204e-05,3.0199517204e-05,3.0199517204e-05,3.0199517204e-05,3.0199517204e-05,3.0199517204e-05,3.0199517204e-05,3.0199517204e-05,3.0199517204e-05,3.0199517204e-05,3.0199517204e-05,3.0199517204e-05,3.0199517204e-05,3.0199517204e-05,10,Z3 Y5 X8,0.989355555556,0.00257594729565,0.989355555556,0.00257594729565
3.0199517204e-05,3.0199517204e-05,3.0199517204e-05,3.0199517204e-05,3.0199517204e-05,3.0199517204e-05,3.0199517204e-05,3.0199517204e-05,3.0199517204e-05,3.0199517204e-05,3.0199517204e-05,3.0199517204e-05,3.0199517204e-05,3.0199517204e-05,3.0199517204e-05,3.0199517204e-05,3.0199517204e-05,3.0199517204e-05,10,Z35 Y41 X48,0.9892,0.00259914515862,0.9892,0.00259914515862
3.0199517204e-05,3.0199517204e-05,3.0199517204e-05,3.0199517204e-05,3.0199517204e-05,3.0199517204e-05,3.0199517204e-05,3.0199517204e-05,3.0199517204e-05,3.0199517204e-05,3.0199517204e-05,3.0199517204e-05,3.0199517204e-05,3.0199517204e-05,3.0199517204e-05,3.0199517204e-05,3.0199517204e-05,3.0199517204e-05,10,Z63 Y71 X80,0.9888,0.00208185004668,0.9888,0.00208185004668
3.0199517204e-05,3.0199517204e-05,3.0199517204e-05,3.0199517204e-05,3.0199517204e-05,3.0199517204e-05,3.0199517204e-05,3.0199517204e-05,3.0199517204e-05,3.0199517204e-05,3.0199517204e-05,3.0199517204e-05,3.0199517204e-05,3.0199517204e-05,3.0199517204e-05,3.0199517204e-05,3.0199517204e-05,3.0199517204e-05,10,Z99 Y109 X120,0.988644444444,0.0027206227219,0.988644444444,0.0027206227219
