g1_z,IZ,ZI,ZZ,round,operator,mean,std,mean_signed,std_signed
2.08929613085e-05,2.08929613085e-05,2.08929613085e-05,2.08929613085e-05,1,Logical X,0.991022222222,0.00224706421213,0.991377777778,0.00201856011299
2.08929613085e-05,2.08929613085e-05,2.08929613085e-05,2.08929613085e-05,1,Logical Y,0.013,0.00981163591017,-0.00422222222222,0.0207553406012
2.08929613085e-05,2.08929613085e-05,2.08929613085e-05,2.08929613085e-05,1,Logical Z,0.0142222222222,0.010775782886,0.00251111111111,0.0180715337494
2.08929613085e-05,2.08929613085e-05,2.08929613085e-05,2.08929613085e-05,1,X0 X1,0.995022222222,0.00190770435016,0.995022222222,0.00190770435016
2.08929613085e-05,2.08929613085e-05,2.08929613085e-05,2.08929613085e-05,1,X1 Z2 Y3 Y4 Z5 X7,0.983222222222,0.0032000159642,0.983222222222,0.0032000159642
2.08929613085e-05,2.08929613085e-05,2.08929613085e-05,2.08929613085e-05,1,X10 Z13 Y14 Y17 Z18 X22,0.983422222222,0.00336187018438,0.983422222222,0.00336187018438
2.08929613085e-05,2.08929613085e-05,2.08929613085e-05,2.08929613085e-05,1,X100 Z110 Y111 Y121 Z122 X132,0.982933333333,0.00340205031711,0.982933333333,0.00340205031711
2.08929613085e-05,2.08929613085e-05,2.08929613085e-05,2.08929613085e-05,1,X101 Z111 Y112 Y122 Z123 X133,0.984,0.00294001329264,0.984,0.00294001329264
2.08929613085e-05,2.08929613085e-05,2.08929613085e-05,2.08929613085e-05,1,X102 Z112 Y113 Y123 Z124 X134,0.981866666667,0.00353374536743,0.981866666667,0.00353374536743
2.08929613085e-05,2.08929613085e-05,2.08929613085e-05,2.08929613085e-05,1,X103 Z113 Y114 Y124 Z125 X135,0.9828,0.00306456699735,0.9828,0.00306456699735
2.08929613085e-05,2.08929613085e-05,2.08929613085e-05,2.08929613085e-05,1,X104 Z114 Y115 Y125 Z126 X136,0.982022222222,0.00323526229145,0.982022222222,0.00323526229145
2.08929613085e-05,2.08929613085e-05,2.08929613085e-05,2.08929613085e-05,1,X105 Z115 Y116 Y126 Z127 X137,0.982666666667,0.00336763955443,0.982666666667,0.00336763955443
2.08929613085e-05,2.08929613085e-05,2.08929613085e-05,2.08929613085e-05,1,X106 Z116 Y117 Y127 Z128 X138,0.983488888889,0.00325509719159,0.983488888889,0.00325509719159
2.08929613085e-05,2.08929613085e-05,2.08929613085e-05,2.08929613085e-05,1,X107 Z117 Y118 Y128 Z129 X139,0.9832,0.00319674163612,0.9832,0.00319674163612
2.08929613085e-05,2.08929613085e-05,2.08929613085e-05,2.08929613085e-05,1,X108 Z118 Y119 Y129 Z130 X140,0.983622222222,0.0029331417562,0.983622222222,0.0029331417562
2.08929613085e-05,2.08929613085e-05,2.08929613085e-05,2.08929613085e-05,1,X109 Z119 Y120 Y130 Z131 X141,0.982422222222,0.00331943462542,0.982422222222,0.00331943462542
2.08929613085e-05,2.08929613085e-05,2.08929613085e-05,2.08929613085e-05,1,X11 Z14 Y15 Y18 Z19 X23,0.983155555556,0.00283347982493,0.983155555556,0.00283347982493
2.08929613085e-05,2.08929613085e-05,2.08929613085e-05,2.08929613085e-05,1,X110 X121,0.993533333333,0.00194286197237,0.993533333333,0.00194286197237
2.08929613085e-05,2.08929613085e-05,2.08929613085e-05,2.08929613085e-05,1,X111 X122,0.994244444444,0.00223166575817,0.994244444444,0.00223166575817
2.08929613085e-05,2.08929613085e-05,2.08929613085e-05,2.08929613085e-05,1,X112 X123,0.993955555556,0.00186052629915,0.993955555556,0.00186052629915
2.08929613085e-05,2.08929613085e-05,2.08929613085e-05,2.08929613085e-05,1,X113 X124,0.994133333333,0.00162735240869,0.994133333333,0.00162735240869
2.08929613085e-05,2.08929613085e-05,2.08929613085e-05,2.08929613085e-05,1,X114 X125,0.993888888889,0.00191851901162,0.993888888889,0.00191851901162
2.08929613085e-05,2.08929613085e-05,2.08929613085e-05,2.08929613085e-05,1,X115 X126,0.993711111111,0.00178270390296,0.993711111111,0.00178270390296
2.08929613085e-05,2.08929613085e-05,2.08929613085e-05,2.08929613085e-05,1,X116 X127,0.993866666667,0.00218949074714,0.993866666667,0.00218949074714
2.08929613085e-05,2.08929613085e-05,2.08929613085e-05,2.08929613085e-05,1,X117 X128,0.994155555556,0.00191532103355,0.994155555556,0.00191532103355
2.08929613085e-05,2.08929613085e-05,2.08929613085e-05,2.08929613085e-05,1,X118 X129,0.9934,0.00218914073662,0.9934,0.00218914073662
2.08929613085e-05,2.08929613085e-05,2.08929613085e-05,2.08929613085e-05,1,X119 X130,0.994355555556,0.00212796258813,0.994355555556,0.00212796258813
2.08929613085e-05,2.08929613085e-05,2.08929613085e-05,2.08929613085e-05,1,X12 X16,0.993733333333,0.00196209286965,0.993733333333,0.00196209286965
2.08929613085e-05,2.08929613085e-05,2.08929613085e-05,2.08929613085e-05,1,X120 X131,0.993977777778,0.00195335124807,0.993977777778,0.00195335124807
2.08929613085e-05,2.08929613085e-05,2.08929613085e-05,2.08929613085e-05,1,X121 Y132 Z142,0.989422222222,0.00257148127822,0.989422222222,0.00257148127822
2.08929613085e-05,2.08929613085e-05,2.08929613085e-05,2.08929613085e-05,1,X122 Z132 Y133 Y142 Z143 X152,0.982333333333,0.00264212848133,0.982333333333,0.00264212848133
2.08929613085e-05,2.08929613085e-05,2.08929613085e-05,2.08929613085e-05,1,X123 Z133 Y134 Y143 Z144 X153,0.9824,0.00313477589683,0.9824,0.00313477589683
2.08929613085e-05,2.08929613085e-05,2.08929613085e-05,2.08929613085e-05,1,X124 Z134 Y135 Y144 Z145 X154,0.982044444444,0.00360473648963,0.982044444444,0.00360473648963
2.08929613085e-05,2.08929613085e-05,2.08929613085e-05,2.08929613085e-05,1,X125 Z135 Y136 Y145 Z146 X155,0.983311111111,0.00302471724822,0.983311111111,0.00302471724822
2.08929613085e-05,2.08929613085e-05,2.08929613085e-05,2.08929613085e-05,1,X126 Z136 Y137 Y146 Z147 X156,0.982822222222,0.00350886489088,0.982822222222,0.00350886489088
2.08929613085e-05,2.08929613085e-05,2.08929613085e-05,2.08929613085e-05,1,X127 Z137 Y138 Y147 Z148 X157,0.983533333333,0.00354997166898,0.983533333333,0.00354997166898
2.08929613085e-05,2.08929613085e-05,2.08929613085e-05,2.08929613085e-05,1,X128 Z138 Y139 Y148 Z149 X158,0.982244444444,0.00357720896932,0.982244444444,0.00357720896932
2.08929613085e-05,2.08929613085e-05,2.08929613085e-05,2.08929613085e-05,1,X129 Z139 Y140 Y149 Z150 X159,0.982111111111,0.00360537416377,0.982111111111,0.00360537416377
2.08929613085e-05,2.08929613085e-05,2.08929613085e-05,2.08929613085e-05,1,X13 X17,0.993733333333,0.00161031159975,0.993733333333,0.00161031159975
2.08929613085e-05,2.08929613085e-05,2.08929613085e-05,2.08929613085e-05,1,X130 Z140 Y141 Y150 Z151 X160,0.982955555556,0.00373318281032,0.982955555556,0.00373318281032
2.08929613085e-05,2.08929613085e-05,2.08929613085e-05,2.08929613085e-05,1,X132 X142,0.994533333333,0.001788854382,0.994533333333,0.001788854382
2.08929613085e-05,2.08929613085e-05,2.08929613085e-05,2.08929613085e-05,1,X133 X143,0.993577777778,0.00160920087574,0.993577777778,0.00160920087574
2.08929613085e-05,2.08929613085e-05,2.08929613085e-05,2.08929613085e-05,1,X134 X144,0.994466666667,0.00202020445838,0.994466666667,0.00202020445838
2.08929613085e-05,2.08929613085e-05,2.08929613085e-05,2.08929613085e-05,1,X135 X145,0.994066666667,0.00192861095867,0.994066666667,0.00192861095867
2.08929613085e-05,2.08929613085e-05,2.08929613085e-05,2.08929613085e-05,1,X136 X146,0.993933333333,0.00177983597333,0.993933333333,0.00177983597333
2.08929613085e-05,2.08929613085e-05,2.08929613085e-05,2.08929613085e-05,1,X137 X147,0.993377777778,0.00227552921441,0.993377777778,0.00227552921441
2.08929613085e-05,2.08929613085e-05,2.08929613085e-05,2.08929613085e-05,1,X138 X148,0.9938,0.00237580395749,0.9938,0.00237580395749
2.08929613085e-05,2.08929613085e-05,2.08929613085e-05,2.08929613085e-05,1,X139 X149,0.993066666667,0.00184120566862,0.993066666667,0.00184120566862
2.08929613085e-05,2.08929613085e-05,2.08929613085e-05,2.08929613085e-05,1,X14 X18,0.994066666667,0.00159837081806,0.994066666667,0.00159837081806
2.08929613085e-05,2.08929613085e-05,2.08929613085e-05,2.08929613085e-05,1,X140 X150,0.993622222222,0.00243652496299,0.993622222222,0.00243652496299
2.08929613085e-05,2.08929613085e-05,2.08929613085e-05,2.08929613085e-05,1,X141 X151,0.994711111111,0.00201856011299,0.994711111111,0.00201856011299
2.08929613085e-05,2.08929613085e-05,2.08929613085e-05,2.08929613085e-05,1,X143 Z152 Y153 Y161 Z162 X170,0.983511111111,0.00412053388399,0.983511111111,0.00412053388399
2.08929613085e-05,2.08929613085e-05,2.08929613085e-05,2.08929613085e-05,1,X144 Z153 Y154 Y162 Z163 X171,0.983377777778,0.00349683308649,0.983377777778,0.00349683308649
2.08929613085e-05,2.08929613085e-05,2.08929613085e-05,2.08929613085e-05,1,X145 Z154 Y155 Y163 Z164 X172,0.982933333333,0.00388177784446,0.982933333333,0.00388177784446
2.08929613085e-05,2.08929613085e-05,2.08929613085e-05,2.08929613085e-05,1,X146 Z155 Y156 Y164 Z165 X173,0.983311111111,0.00364931456676,0.983311111111,0.00364931456676
2.08929613085e-05,2.08929613085e-05,2.08929613085e-05,2.08929613085e-05,1,X147 Z156 Y157 Y165 Z166 X174,0.983133333333,0.00323841879964,0.983133333333,0.00323841879964
2.08929613085e-05,2.08929613085e-05,2.08929613085e-05,2.08929613085e-05,1,X148 Z157 Y158 Y166 Z167 X175,0.981933333333,0.00471193154137,0.981933333333,0.00471193154137
2.08929613085e-05,2.08929613085e-05,2.08929613085e-05,2.08929613085e-05,1,X149 Z158 Y159 Y167 Z168 X176,0.9804,0.00373284068999,0.9804,0.00373284068999
2.08929613085e-05,2.08929613085e-05,2.08929613085e-05,2.08929613085e-05,1,X15 X19,0.994911111111,0.00193759604055,0.994911111111,0.00193759604055
2.08929613085e-05,2.08929613085e-05,2.08929613085e-05,2.08929613085e-05,1,X150 Z159 Y160 Y168 Z169 X177,0.982422222222,0.00286334120579,0.982422222222,0.00286334120579
2.08929613085e-05,2.08929613085e-05,2.08929613085e-05,2.08929613085e-05,1,X151 Z160 Y169,0.989488888889,0.00251087036448,0.989488888889,0.00251087036448
2.08929613085e-05,2.08929613085e-05,2.08929613085e-05,2.08929613085e-05,1,X152 X161,0.993933333333,0.00168245396401,0.993933333333,0.00168245396401
2.08929613085e-05,2.08929613085e-05,2.08929613085e-05,2.08929613085e-05,1,X153 X162,0.993844444444,0.00221927006973,0.993844444444,0.00221927006973
2.08929613085e-05,2.08929613085e-05,2.08929613085e-05,2.08929613085e-05,1,X154 X163,0.994044444444,0.00183564813808,0.994044444444,0.00183564813808
2.08929613085e-05,2.08929613085e-05,2.08929613085e-05,2.08929613085e-05,1,X155 X164,0.993355555556,0.00182350202698,0.993355555556,0.00182350202698
2.08929613085e-05,2.08929613085e-05,2.08929613085e-05,2.08929613085e-05,1,X156 X165,0.994,0.00181099240379,0.994,0.00181099240379
2.08929613085e-05,2.08929613085e-05,2.08929613085e-05,2.08929613085e-05,1,X157 X166,0.994288888889,0.00176542644243,0.994288888889,0.00176542644243
2.08929613085e-05,2.08929613085e-05,2.08929613085e-05,2.08929613085e-05,1,X158 X167,0.994377777778,0.00154308079494,0.994377777778,0.00154308079494
2.08929613085e-05,2.08929613085e-05,2.08929613085e-05,2.08929613085e-05,1,X159 X168,0.992888888889,0.00199103995494,0.992888888889,0.00199103995494
2.08929613085e-05,2.08929613085e-05,2.08929613085e-05,2.08929613085e-05,1,X16 Z20 Y21 Y25 Z26 X31,0.983266666667,0.00296260214917,0.983266666667,0.00296260214917
2.08929613085e-05,2.08929613085e-05,2.08929613085e-05,2.08929613085e-05,1,X160 X169,0.993933333333,0.00186395533796,0.993933333333,0.00186395533796
2.08929613085e-05,2.08929613085e-05,2.08929613085e-05,2.08929613085e-05,1,X161 Y170 Z178,0.989222222222,0.00259727728546,0.989222222222,0.00259727728546
2.08929613085e-05,2.08929613085e-05,2.08929613085e-05,2.08929613085e-05,1,X162 Z170 Y171 Y178 Z179 X186,0.980644444444,0.00424709351446,0.980644444444,0.00424709351446
2.08929613085e-05,2.08929613085e-05,2.08929613085e-05,2.08929613085e-05,1,X163 Z171 Y172 Y179 Z180 X187,0.982422222222,0.00339250168583,0.982422222222,0.00339250168583
2.08929613085e-05,2.08929613085e-05,2.08929613085e-05,2.08929613085e-05,1,X164 Z172 Y173 Y180 Z181 X188,0.981711111111,0.00258900317114,0.981711111111,0.00258900317114
2.08929613085e-05,2.08929613085e-05,2.08929613085e-05,2.08929613085e-05,1,X165 Z173 Y174 Y181 Z182 X189,0.982933333333,0.00304046780026,0.982933333333,0.00304046780026
2.08929613085e-05,2.08929613085e-05,2.08929613085e-05,2.08929613085e-05,1,X166 Z174 Y175 Y182 Z183 X190,0.983844444444,0.00288573361435,0.983844444444,0.00288573361435
2.08929613085e-05,2.08929613085e-05,2.08929613085e-05,2.08929613085e-05,1,X167 Z175 Y176 Y183 Z184 X191,0.982777777778,0.00392685354953,0.982777777778,0.00392685354953
2.08929613085e-05,2.08929613085e-05,2.08929613085e-05,2.08929613085e-05,1,X168 Z176 Y177 Y184 Z185 X192,0.9834,0.00275903253631,0.9834,0.00275903253631
2.08929613085e-05,2.08929613085e-05,2.08929613085e-05,2.08929613085e-05,1,X17 Z21 Y22 Y26 Z27 X32,0.982133333333,0.00445118263161,0.982133333333,0.00445118263161
2.08929613085e-05,2.08929613085e-05,2.08929613085e-05,2.08929613085e-05,1,X170 X178,0.994288888889,0.00212038696196,0.994288888889,0.00212038696196
2.08929613085e-05,2.08929613085e-05,2.08929613085e-05,2.08929613085e-05,1,X171 X179,0.993777777778,0.00202159478288,0.993777777778,0.00202159478288
2.08929613085e-05,2.08929613085e-05,2.08929613085e-05,2.08929613085e-05,1,X172 X180,0.993933333333,0.00167332005307,0.993933333333,0.00167332005307
2.08929613085e-05,2.08929613085e-05,2.08929613085e-05,2.08929613085e-05,1,X173 X181,0.993777777778,0.00176238547267,0.993777777778,0.00176238547267
2.08929613085e-05,2.08929613085e-05,2.08929613085e-05,2.08929613085e-05,1,X174 X182,0.993355555556,0.00256999088111,0.993355555556,0.00256999088111
2.08929613085e-05,2.08929613085e-05,2.08929613085e-05,2.08929613085e-05,1,X175 X183,0.993488888889,0.00201666112535,0.993488888889,0.00201666112535
2.08929613085e-05,2.08929613085e-05,2.08929613085e-05,2.08929613085e-05,1,X176 X184,0.993666666667,0.0019158544006,0.993666666667,0.0019158544006
2.08929613085e-05,2.08929613085e-05,2.08929613085e-05,2.08929613085e-05,1,X177 X185,0.992866666667,0.00216662245755,0.992866666667,0.00216662245755
2.08929613085e-05,2.08929613085e-05,2.08929613085e-05,2.08929613085e-05,1,X179 Z186 Y187 Y193 Z194 X200,0.983422222222,0.00311581472569,0.983422222222,0.00311581472569
2.08929613085e-05,2.08929613085e-05,2.08929613085e-05,2.08929613085e-05,1,X18 Z22 Y23 Y27 Z28 X33,0.982977777778,0.00336642577189,0.982977777778,0.00336642577189
2.08929613085e-05,2.08929613085e-05,2.08929613085e-05,2.08929613085e-05,1,X180 Z187 Y188 Y194 Z195 X201,0.982444444444,0.00327223702096,0.982444444444,0.00327223702096
2.08929613085e-05,2.08929613085e-05,2.08929613085e-05,2.08929613085e-05,1,X181 Z188 Y189 Y195 Z196 X202,0.982911111111,0.00237795322875,0.982911111111,0.00237795322875
2.08929613085e-05,2.08929613085e-05,2.08929613085e-05,2.08929613085e-05,1,X182 Z189 Y190 Y196 Z197 X203,0.982711111111,0.00360898552236,0.982711111111,0.00360898552236
2.08929613085e-05,2.08929613085e-05,2.08929613085e-05,2.08929613085e-05,1,X183 Z190 Y191 Y197 Z198 X204,0.982155555556,0.0030358437677,0.982155555556,0.0030358437677
2.08929613085e-05,2.08929613085e-05,2.08929613085e-05,2.08929613085e-05,1,X184 Z191 Y192 Y198 Z199 X205,0.983022222222,0.0036166212014,0.983022222222,0.0036166212014
2.08929613085e-05,2.08929613085e-05,2.08929613085e-05,2.08929613085e-05,1,X185 Z192 Y199,0.986977777778,0.00326942568607,0.986977777778,0.00326942568607
2.08929613085e-05,2.08929613085e-05,2.08929613085e-05,2.08929613085e-05,1,X186 X193,0.993644444444,0.00150333813322,0.993644444444,0.00150333813322
2.08929613085e-05,2.08929613085e-05,2.08929613085e-05,2.08929613085e-05,1,X187 X194,0.993111111111,0.00178828313677,0.993111111111,0.00178828313677
2.08929613085e-05,2.08929613085e-05,2.08929613085e-05,2.08929613085e-05,1,X188 X195,0.993888888889,0.00176021013491,0.993888888889,0.00176021013491
2.08929613085e-05,2.08929613085e-05,2.08929613085e-05,2.08929613085e-05,1,X189 X196,0.994022222222,0.00277085727959,0.994022222222,0.00277085727959
2.08929613085e-05,2.08929613085e-05,2.08929613085e-05,2.08929613085e-05,1,X19 Z23 Y24 Y28 Z29 X34,0.982888888889,0.00369044882311,0.982888888889,0.00369044882311
2.08929613085e-05,2.08929613085e-05,2.08929613085e-05,2.08929613085e-05,1,X190 X197,0.994355555556,0.00185061516816,0.994355555556,0.00185061516816
2.08929613085e-05,2.08929613085e-05,2.08929613085e-05,2.08929613085e-05,1,X191 X198,0.994088888889,0.00151349822721,0.994088888889,0.00151349822721
2.08929613085e-05,2.08929613085e-05,2.08929613085e-05,2.08929613085e-05,1,X192 X199,0.993688888889,0.00209895674384,0.993688888889,0.00209895674384
2.08929613085e-05,2.08929613085e-05,2.08929613085e-05,2.08929613085e-05,1,X193 Y200 Z206,0.988933333333,0.00237225340276,0.988933333333,0.00237225340276
2.08929613085e-05,2.08929613085e-05,2.08929613085e-05,2.08929613085e-05,1,X194 Z200 Y201 Y206 Z207 X212,0.9834,0.00373591864507,0.9834,0.00373591864507
2.08929613085e-05,2.08929613085e-05,2.08929613085e-05,2.08929613085e-05,1,X195 Z201 Y202 Y207 Z208 X213,0.9814,0.00449213872725,0.9814,0.00449213872725
2.08929613085e-05,2.08929613085e-05,2.08929613085e-05,2.08929613085e-05,1,X196 Z202 Y203 Y208 Z209 X214,0.9822,0.00368553140842,0.9822,0.00368553140842
2.08929613085e-05,2.08929613085e-05,2.08929613085e-05,2.08929613085e-05,1,X197 Z203 Y204 Y209 Z210 X215,0.982044444444,0.00356196739874,0.982044444444,0.00356196739874
2.08929613085e-05,2.08929613085e-05,2.08929613085e-05,2.08929613085e-05,1,X198 Z204 Y205 Y210 Z211 X216,0.9828,0.00337400474896,0.9828,0.00337400474896
2.08929613085e-05,2.08929613085e-05,2.08929613085e-05,2.08929613085e-05,1,X2 X4,0.994422222222,0.00184854366067,0.994422222222,0.00184854366067
2.08929613085e-05,2.08929613085e-05,2.08929613085e-05,2.08929613085e-05,1,X20 X25,0.994244444444,0.00187325056743,0.994244444444,0.00187325056743
2.08929613085e-05,2.08929613085e-05,2.08929613085e-05,2.08929613085e-05,1,X200 X206,0.994111111111,0.00194233602164,0.994111111111,0.00194233602164
2.08929613085e-05,2.08929613085e-05,2.08929613085e-05,2.08929613085e-05,1,X201 X207,0.994088888889,0.00189965379652,0.994088888889,0.00189965379652
2.08929613085e-05,2.08929613085e-05,2.08929613085e-05,2.08929613085e-05,1,X202 X208,0.993977777778,0.00224535848768,0.993977777778,0.00224535848768
2.08929613085e-05,2.08929613085e-05,2.08929613085e-05,2.08929613085e-05,1,X203 X209,0.994133333333,0.00153028182114,0.994133333333,0.00153028182114
2.08929613085e-05,2.08929613085e-05,2.08929613085e-05,2.08929613085e-05,1,X204 X210,0.993688888889,0.00249893974963,0.993688888889,0.00249893974963
2.08929613085e-05,2.08929613085e-05,2.08929613085e-05,2.08929613085e-05,1,X205 X211,0.993444444444,0.00195021038915,0.993444444444,0.00195021038915
2.08929613085e-05,2.08929613085e-05,2.08929613085e-05,2.08929613085e-05,1,X207 Z212 Y213 Y217 Z218 X222,0.983622222222,0.00292791209242,0.983622222222,0.00292791209242
2.08929613085e-05,2.08929613085e-05,2.08929613085e-05,2.08929613085e-05,1,X208 Z213 Y214 Y218 Z219 X223,0.983022222222,0.00384661201712,0.983022222222,0.00384661201712
2.08929613085e-05,2.08929613085e-05,2.08929613085e-05,2.08929613085e-05,1,X209 Z214 Y215 Y219 Z220 X224,0.983355555556,0.00375283630499,0.983355555556,0.00375283630499
2.08929613085e-05,2.08929613085e-05,2.08929613085e-05,2.08929613085e-05,1,X21 X26,0.994044444444,0.00204870454037,0.994044444444,0.00204870454037
2.08929613085e-05,2.08929613085e-05,2.08929613085e-05,2.08929613085e-05,1,X210 Z215 Y216 Y220 Z221 X225,0.982355555556,0.0028806838978,0.982355555556,0.0028806838978
2.08929613085e-05,2.08929613085e-05,2.08929613085e-05,2.08929613085e-05,1,X211 Z216 Y221,0.989688888889,0.00257148127822,0.989688888889,0.00257148127822
2.08929613085e-05,2.08929613085e-05,2.08929613085e-05,2.08929613085e-05,1,X212 X217,0.994266666667,0.00164794077935,0.994266666667,0.00164794077935
2.08929613085e-05,2.08929613085e-05,2.08929613085e-05,2.08929613085e-05,1,X213 X218,0.994311111111,0.0021207483197,0.994311111111,0.0021207483197
2.08929613085e-05,2.08929613085e-05,2.08929613085e-05,2.08929613085e-05,1,X214 X219,0.994444444444,0.00208870953824,0.994444444444,0.00208870953824
2.08929613085e-05,2.08929613085e-05,2.08929613085e-05,2.08929613085e-05,1,X215 X220,0.994333333333,0.00164933517316,0.994333333333,0.00164933517316
2.08929613085e-05,2.08929613085e-05,2.08929613085e-05,2.08929613085e-05,1,X216 X221,0.994177777778,0.00164172914481,0.994177777778,0.00164172914481
2.08929613085e-05,2.08929613085e-05,2.08929613085e-05,2.08929613085e-05,1,X217 Y222 Z226,0.989466666667,0.00280885299943,0.989466666667,0.00280885299943
2.08929613085e-05,2.08929613085e-05,2.08929613085e-05,2.08929613085e-05,1,X218 Z222 Y223 Y226 Z227 X230,0.982511111111,0.00334793735703,0.982511111111,0.00334793735703
2.08929613085e-05,2.08929613085e-05,2.08929613085e-05,2.08929613085e-05,1,X219 Z223 Y224 Y227 Z228 X231,0.984377777778,0.00279947084947,0.984377777778,0.00279947084947
2.08929613085e-05,2.08929613085e-05,2.08929613085e-05,2.08929613085e-05,1,X22 X27,0.993911111111,0.00204720786085,0.993911111111,0.00204720786085
2.08929613085e-05,2.08929613085e-05,2.08929613085e-05,2.08929613085e-05,1,X220 Z224 Y225 Y228 Z229 X232,0.983288888889,0.00364700405396,0.983288888889,0.00364700405396
2.08929613085e-05,2.08929613085e-05,2.08929613085e-05,2.08929613085e-05,1,X222 X226,0.994,0.00185282222341,0.994,0.00185282222341
2.08929613085e-05,2.08929613085e-05,2.08929613085e-05,2.08929613085e-05,1,X223 X227,0.994266666667,0.00214136419439,0.994266666667,0.00214136419439
2.08929613085e-05,2.08929613085e-05,2.08929613085e-05,2.08929613085e-05,1,X224 X228,0.993844444444,0.00198603039517,0.993844444444,0.00198603039517
2.08929613085e-05,2.08929613085e-05,2.08929613085e-05,2.08929613085e-05,1,X225 X229,0.994111111111,0.00164312880995,0.994111111111,0.00164312880995
2.08929613085e-05,2.08929613085e-05,2.08929613085e-05,2.08929613085e-05,1,X227 Z230 Y231 Y233 Z234 X236,0.9826,0.00283032294436,0.9826,0.00283032294436
2.08929613085e-05,2.08929613085e-05,2.08929613085e-05,2.08929613085e-05,1,X228 Z231 Y232 Y234 Z235 X237,0.983266666667,0.00382510360965,0.983266666667,0.00382510360965
2.08929613085e-05,2.08929613085e-05,2.08929613085e-05,2.08929613085e-05,1,X229 Z232 Y235,0.988355555556,0.00300565665087,0.988355555556,0.00300565665087
2.08929613085e-05,2.08929613085e-05,2.08929613085e-05,2.08929613085e-05,1,X23 X28,0.993422222222,0.00235366077194,0.993422222222,0.00235366077194
2.08929613085e-05,2.08929613085e-05,2.08929613085e-05,2.08929613085e-05,1,X230 X233,0.994777777778,0.00216615083751,0.994777777778,0.00216615083751
2.08929613085e-05,2.08929613085e-05,2.08929613085e-05,2.08929613085e-05,1,X231 X234,0.994377777778,0.0018251821582,0.994377777778,0.0018251821582
2.08929613085e-05,2.08929613085e-05,2.08929613085e-05,2.08929613085e-05,1,X232 X235,0.994288888889,0.00195491978519,0.994288888889,0.00195491978519
2.08929613085e-05,2.08929613085e-05,2.08929613085e-05,2.08929613085e-05,1,X233 Y236 Z238,0.989133333333,0.00277454217686,0.989133333333,0.00277454217686
2.08929613085e-05,2.08929613085e-05,2.08929613085e-05,2.08929613085e-05,1,X234 Z236 Y237 Y238 Z239 X240,0.9844,0.00312988315794,0.9844,0.00312988315794
2.08929613085e-05,2.08929613085e-05,2.08929613085e-05,2.08929613085e-05,1,X236 X238,0.994,0.00208626230888,0.994,0.00208626230888
2.08929613085e-05,2.08929613085e-05,2.08929613085e-05,2.08929613085e-05,1,X237 X239,0.994111111111,0.00201209624271,0.994111111111,0.00201209624271
2.08929613085e-05,2.08929613085e-05,2.08929613085e-05,2.08929613085e-05,1,X239 Z240 Y241,0.989466666667,0.00330516836652,0.989466666667,0.00330516836652
2.08929613085e-05,2.08929613085e-05,2.08929613085e-05,2.08929613085e-05,1,X24 X29,0.994177777778,0.00194115211145,0.994177777778,0.00194115211145
2.08929613085e-05,2.08929613085e-05,2.08929613085e-05,2.08929613085e-05,1,X240 X241,0.994244444444,0.00190569490013,0.994244444444,0.00190569490013
2.08929613085e-05,2.08929613085e-05,2.08929613085e-05,2.08929613085e-05,1,X25 Z30 Y31 Y36 Z37 X43,0.9822,0.00393101431735,0.9822,0.00393101431735
2.08929613085e-05,2.08929613085e-05,2.08929613085e-05,2.08929613085e-05,1,X26 Z31 Y32 Y37 Z38 X44,0.982777777778,0.00291427104682,0.982777777778,0.00291427104682
2.08929613085e-05,2.08929613085e-05,2.08929613085e-05,2.08929613085e-05,1,X27 Z32 Y33 Y38 Z39 X45,0.982977777778,0.00359963102976,0.982977777778,0.00359963102976
2.08929613085e-05,2.08929613085e-05,2.08929613085e-05,2.08929613085e-05,1,X28 Z33 Y34 Y39 Z40 X46,0.982622222222,0.00310201187136,0.982622222222,0.00310201187136
2.08929613085e-05,2.08929613085e-05,2.08929613085e-05,2.08929613085e-05,1,X29 Z34 Y35 Y40 Z41 X47,0.982288888889,0.0030408878182,0.982288888889,0.0030408878182
2.08929613085e-05,2.08929613085e-05,2.08929613085e-05,2.08929613085e-05,1,X3 X5,0.995,0.00151366698433,0.995,0.00151366698433
2.08929613085e-05,2.08929613085e-05,2.08929613085e-05,2.08929613085e-05,1,X30 X36,0.994288888889,0.0018083106007,0.994288888889,0.0018083106007
2.08929613085e-05,2.08929613085e-05,2.08929613085e-05,2.08929613085e-05,1,X31 X37,0.9936,0.00173845397472,0.9936,0.00173845397472
2.08929613085e-05,2.08929613085e-05,2.08929613085e-05,2.08929613085e-05,1,X32 X38,0.993733333333,0.00201602773197,0.993733333333,0.00201602773197
2.08929613085e-05,2.08929613085e-05,2.08929613085e-05,2.08929613085e-05,1,X33 X39,0.994022222222,0.00203029419255,0.994022222222,0.00203029419255
2.08929613085e-05,2.08929613085e-05,2.08929613085e-05,2.08929613085e-05,1,X34 X40,0.995111111111,0.00206658014897,0.995111111111,0.00206658014897
2.08929613085e-05,2.08929613085e-05,2.08929613085e-05,2.08929613085e-05,1,X35 X41,0.9944,0.00185777851106,0.9944,0.00185777851106
2.08929613085e-05,2.08929613085e-05,2.08929613085e-05,2.08929613085e-05,1,X36 Z42 Y43 Y49 Z50 X57,0.982377777778,0.0036627286411,0.982377777778,0.0036627286411
2.08929613085e-05,2.08929613085e-05,2.08929613085e-05,2.08929613085e-05,1,X37 Z43 Y44 Y50 Z51 X58,0.981733333333,0.00400994931222,0.981733333333,0.00400994931222
2.08929613085e-05,2.08929613085e-05,2.08929613085e-05,2.08929613085e-05,1,X38 Z44 Y45 Y51 Z52 X59,0.982377777778,0.00289633581875,0.982377777778,0.00289633581875
2.08929613085e-05,2.08929613085e-05,2.08929613085e-05,2.08929613085e-05,1,X39 Z45 Y46 Y52 Z53 X60,0.982844444444,0.00361322955839,0.982844444444,0.00361322955839
2.08929613085e-05,2.08929613085e-05,2.08929613085e-05,2.08929613085e-05,1,X4 Z6 Y7 Y9 Z10 X13,0.982911111111,0.00378536537999,0.982911111111,0.00378536537999
2.08929613085e-05,2.08929613085e-05,2.08929613085e-05,2.08929613085e-05,1,X40 Z46 Y47 Y53 Z54 X61,0.982911111111,0.00369936655376,0.982911111111,0.00369936655376
2.08929613085e-05,2.08929613085e-05,2.08929613085e-05,2.08929613085e-05,1,X41 Z47 Y48 Y54 Z55 X62,0.982777777778,0.00369356210476,0.982777777778,0.00369356210476
2.08929613085e-05,2.08929613085e-05,2.08929613085e-05,2.08929613085e-05,1,X42 X49,0.994555555556,0.00184522441155,0.994555555556,0.00184522441155
2.08929613085e-05,2.08929613085e-05,2.08929613085e-05,2.08929613085e-05,1,X43 X50,0.994,0.0012502873233,0.994,0.0012502873233
2.08929613085e-05,2.08929613085e-05,2.08929613085e-05,2.08929613085e-05,1,X44 X51,0.994555555556,0.00194233602164,0.994555555556,0.00194233602164
2.08929613085e-05,2.08929613085e-05,2.08929613085e-05,2.08929613085e-05,1,X45 X52,0.994622222222,0.00172369853916,0.994622222222,0.00172369853916
2.08929613085e-05,2.08929613085e-05,2.08929613085e-05,2.08929613085e-05,1,X46 X53,0.993111111111,0.00229163618928,0.993111111111,0.00229163618928
2.08929613085e-05,2.08929613085e-05,2.08929613085e-05,2.08929613085e-05,1,X47 X54,0.994022222222,0.00197674862371,0.994022222222,0.00197674862371
2.08929613085e-05,2.08929613085e-05,2.08929613085e-05,2.08929613085e-05,1,X48 X55,0.9936,0.00307554935441,0.9936,0.00307554935441
2.08929613085e-05,2.08929613085e-05,2.08929613085e-05,2.08929613085e-05,1,X49 Z56 Y57 Y64 Z65 X73,0.981888888889,0.00388368562689,0.981888888889,0.00388368562689
2.08929613085e-05,2.08929613085e-05,2.08929613085e-05,2.08929613085e-05,1,X5 Z7 Y8 Y10 Z11 X14,0.983688888889,0.00326003706033,0.983688888889,0.00326003706033
2.08929613085e-05,2.08929613085e-05,2.08929613085e-05,2.08929613085e-05,1,X50 Z57 Y58 Y65 Z66 X74,0.982333333333,0.00342964314576,0.982333333333,0.00342964314576
2.08929613085e-05,2.08929613085e-05,2.08929613085e-05,2.08929613085e-05,1,X51 Z58 Y59 Y66 Z67 X75,0.982911111111,0.0031390914728,0.982911111111,0.0031390914728
2.08929613085e-05,2.08929613085e-05,2.08929613085e-05,2.08929613085e-05,1,X52 Z59 Y60 Y67 Z68 X76,0.982911111111,0.00343291854802,0.982911111111,0.00343291854802
2.08929613085e-05,2.08929613085e-05,2.08929613085e-05,2.08929613085e-05,1,X53 Z60 Y61 Y68 Z69 X77,0.982488888889,0.00318007847482,0.982488888889,0.00318007847482
2.08929613085e-05,2.08929613085e-05,2.08929613085e-05,2.08929613085e-05,1,X54 Z61 Y62 Y69 Z70 X78,0.983311111111,0.0027597730671,0.983311111111,0.0027597730671
2.08929613085e-05,2.08929613085e-05,2.08929613085e-05,2.08929613085e-05,1,X55 Z62 Y63 Y70 Z71 X79,0.983822222222,0.00328439166482,0.983822222222,0.00328439166482
2.08929613085e-05,2.08929613085e-05,2.08929613085e-05,2.08929613085e-05,1,X56 X64,0.9936,0.00185777851106,0.9936,0.00185777851106
2.08929613085e-05,2.08929613085e-05,2.08929613085e-05,2.08929613085e-05,1,X57 X65,0.993555555556,0.00211785573142,0.993555555556,0.00211785573142
2.08929613085e-05,2.08929613085e-05,2.08929613085e-05,2.08929613085e-05,1,X58 X66,0.992977777778,0.00177451808435,0.992977777778,0.00177451808435
2.08929613085e-05,2.08929613085e-05,2.08929613085e-05,2.08929613085e-05,1,X59 X67,0.993244444444,0.00194745798224,0.993244444444,0.00194745798224
2.08929613085e-05,2.08929613085e-05,2.08929613085e-05,2.08929613085e-05,1,X6 X9,0.994333333333,0.00202475106081,0.994333333333,0.00202475106081
2.08929613085e-05,2.08929613085e-05,2.08929613085e-05,2.08929613085e-05,1,X60 X68,0.993444444444,0.00257356638414,0.993444444444,0.00257356638414
2.08929613085e-05,2.08929613085e-05,2.08929613085e-05,2.08929613085e-05,1,X61 X69,0.994288888889,0.00202424638705,0.994288888889,0.00202424638705
2.08929613085e-05,2.08929613085e-05,2.08929613085e-05,2.08929613085e-05,1,X62 X70,0.993822222222,0.00194115211145,0.993822222222,0.00194115211145
2.08929613085e-05,2.08929613085e-05,2.08929613085e-05,2.08929613085e-05,1,X63 X71,0.994288888889,0.00173918846036,0.994288888889,0.00173918846036
2.08929613085e-05,2.08929613085e-05,2.08929613085e-05,2.08929613085e-05,1,X64 Z72 Y73 Y81 Z82 X91,0.981933333333,0.00356805752234,0.981933333333,0.00356805752234
2.08929613085e-05,2.08929613085e-05,2.08929613085e-05,2.08929613085e-05,1,X65 Z73 Y74 Y82 Z83 X92,0.983266666667,0.00281947251935,0.983266666667,0.00281947251935
2.08929613085e-05,2.08929613085e-05,2.08929613085e-05,2.08929613085e-05,1,X66 Z74 Y75 Y83 Z84 X93,0.981755555556,0.00339250168583,0.981755555556,0.00339250168583
2.08929613085e-05,2.08929613085e-05,2.08929613085e-05,2.08929613085e-05,1,X67 Z75 Y76 Y84 Z85 X94,0.982955555556,0.0034869580034,0.982955555556,0.0034869580034
2.08929613085e-05,2.08929613085e-05,2.08929613085e-05,2.08929613085e-05,1,X68 Z76 Y77 Y85 Z86 X95,0.9822,0.00316663641849,0.9822,0.00316663641849
2.08929613085e-05,2.08929613085e-05,2.08929613085e-05,2.08929613085e-05,1,X69 Z77 Y78 Y86 Z87 X96,0.9824,0.00372050340597,0.9824,0.00372050340597
2.08929613085e-05,2.08929613085e-05,2.08929613085e-05,2.08929613085e-05,1,X7 X10,0.993533333333,0.00198962827927,0.993533333333,0.00198962827927
2.08929613085e-05,2.08929613085e-05,2.08929613085e-05,2.08929613085e-05,1,X70 Z78 Y79 Y87 Z88 X97,0.982688888889,0.00332865572182,0.982688888889,0.00332865572182
2.08929613085e-05,2.08929613085e-05,2.08929613085e-05,2.08929613085e-05,1,X71 Z79 Y80 Y88 Z89 X98,0.984133333333,0.00330980199892,0.984133333333,0.00330980199892
2.08929613085e-05,2.08929613085e-05,2.08929613085e-05,2.08929613085e-05,1,X72 X81,0.994333333333,0.00220587859665,0.994333333333,0.00220587859665
2.08929613085e-05,2.08929613085e-05,2.08929613085e-05,2.08929613085e-05,1,X73 X82,0.994555555556,0.00240741723154,0.994555555556,0.00240741723154
2.08929613085e-05,2.08929613085e-05,2.08929613085e-05,2.08929613085e-05,1,X74 X83,0.994022222222,0.00182350202698,0.994022222222,0.00182350202698
2.08929613085e-05,2.08929613085e-05,2.08929613085e-05,2.08929613085e-05,1,X75 X84,0.994466666667,0.00203532030296,0.994466666667,0.00203532030296
2.08929613085e-05,2.08929613085e-05,2.08929613085e-05,2.08929613085e-05,1,X76 X85,0.994177777778,0.00222788550394,0.994177777778,0.00222788550394
2.08929613085e-05,2.08929613085e-05,2.08929613085e-05,2.08929613085e-05,1,X77 X86,0.993688888889,0.001883449459,0.993688888889,0.001883449459
2.08929613085e-05,2.08929613085e-05,2.08929613085e-05,2.08929613085e-05,1,X78 X87,0.993155555556,0.0018272801498,0.993155555556,0.0018272801498
2.08929613085e-05,2.08929613085e-05,2.08929613085e-05,2.08929613085e-05,1,X79 X88,0.993622222222,0.00188304256393,0.993622222222,0.00188304256393
2.08929613085e-05,2.08929613085e-05,2.08929613085e-05,2.08929613085e-05,1,X8 X11,0.994333333333,0.00152375820932,0.994333333333,0.00152375820932
2.08929613085e-05,2.08929613085e-05,2.08929613085e-05,2.08929613085e-05,1,X80 X89,0.993488888889,0.00197053648749,0.993488888889,0.00197053648749
2.08929613085e-05,2.08929613085e-05,2.08929613085e-05,2.08929613085e-05,1,X81 Z90 Y91 Y100 Z101 X111,0.980777777778,0.0042239359297,0.980777777778,0.0042239359297
2.08929613085e-05,2.08929613085e-05,2.08929613085e-05,2.08929613085e-05,1,X82 Z91 Y92 Y101 Z102 X112,0.981844444444,0.00370433455675,0.981844444444,0.00370433455675
2.08929613085e-05,2.08929613085e-05,2.08929613085e-05,2.08929613085e-05,1,X83 Z92 Y93 Y102 Z103 X113,0.980822222222,0.00339791837712,0.980822222222,0.00339791837712
2.08929613085e-05,2.08929613085e-05,2.08929613085e-05,2.08929613085e-05,1,X84 Z93 Y94 Y103 Z104 X114,0.981222222222,0.00468823695782,0.981222222222,0.00468823695782
2.08929613085e-05,2.08929613085e-05,2.08929613085e-05,2.08929613085e-05,1,X85 Z94 Y95 Y104 Z105 X115,0.981733333333,0.00405933010724,0.981733333333,0.00405933010724
2.08929613085e-05,2.08929613085e-05,2.08929613085e-05,2.08929613085e-05,1,X86 Z95 Y96 Y105 Z106 X116,0.983377777778,0.00218622180317,0.983377777778,0.00218622180317
2.08929613085e-05,2.08929613085e-05,2.08929613085e-05,2.08929613085e-05,1,X87 Z96 Y97 Y106 Z107 X117,0.9824,0.00329681141669,0.9824,0.00329681141669
2.08929613085e-05,2.08929613085e-05,2.08929613085e-05,2.08929613085e-05,1,X88 Z97 Y98 Y107 Z108 X118,0.9816,0.00378178736959,0.9816,0.00378178736959
2.08929613085e-05,2.08929613085e-05,2.08929613085e-05,2.08929613085e-05,1,X89 Z98 Y99 Y108 Z109 X119,0.982844444444,0.0041168128629,0.982844444444,0.0041168128629
2.08929613085e-05,2.08929613085e-05,2.08929613085e-05,2.08929613085e-05,1,X9 Z12 Y13 Y16 Z17 X21,0.983733333333,0.00360331903195,0.983733333333,0.00360331903195
2.08929613085e-05,2.08929613085e-05,2.08929613085e-05,2.08929613085e-05,1,X90 X100,0.992333333333,0.00228773173145,0.992333333333,0.00228773173145
2.08929613085e-05,2.08929613085e-05,2.08929613085e-05,2.08929613085e-05,1,X91 X101,0.993355555556,0.0018066147792,0.993355555556,0.0018066147792
2.08929613085e-05,2.08929613085e-05,2.08929613085e-05,2.08929613085e-05,1,X92 X102,0.993911111111,0.0027500377334,0.993911111111,0.0027500377334
2.08929613085e-05,2.08929613085e-05,2.08929613085e-05,2.08929613085e-05,1,X93 X103,0.993555555556,0.00199103995494,0.993555555556,0.00199103995494
2.08929613085e-05,2.08929613085e-05,2.08929613085e-05,2.08929613085e-05,1,X94 X104,0.992866666667,0.00213814113416,0.992866666667,0.00213814113416
2.08929613085e-05,2.08929613085e-05,2.08929613085e-05,2.08929613085e-05,1,X95 X105,0.994288888889,0.00244907259534,0.994288888889,0.00244907259534
2.08929613085e-05,2.08929613085e-05,2.08929613085e-05,2.08929613085e-05,1,X96 X106,0.994066666667,0.00172739921442,0.994066666667,0.00172739921442
2.08929613085e-05,2.08929613085e-05,2.08929613085e-05,2.08929613085e-05,1,X97 X107,0.9936,0.00211254236621,0.9936,0.00211254236621
2.08929613085e-05,2.08929613085e-05,2.08929613085e-05,2.08929613085e-05,1,X98 X108,0.993688888889,0.00227418181714,0.993688888889,0.00227418181714
2.08929613085e-05,2.08929613085e-05,2.08929613085e-05,2.08929613085e-05,1,X99 X109,0.994733333333,0.00166413600977,0.994733333333,0.00166413600977
2.08929613085e-05,2.08929613085e-05,2.08929613085e-05,2.08929613085e-05,1,Y0 Z1 X2,0.989844444444,0.00214196052518,0.989844444444,0.00214196052518
2.08929613085e-05,2.08929613085e-05,2.08929613085e-05,2.08929613085e-05,1,Y20 Z25 X30,0.9874,0.00275347220712,0.9874,0.00275347220712
2.08929613085e-05,2.08929613085e-05,2.08929613085e-05,2.08929613085e-05,1,Y42 Z49 X56,0.988644444444,0.00259373446848,0.988644444444,0.00259373446848
2.08929613085e-05,2.08929613085e-05,2.08929613085e-05,2.08929613085e-05,1,Y6 Z9 X12,0.988844444444,0.0027898740456,0.988844444444,0.0027898740456
2.08929613085e-05,2.08929613085e-05,2.08929613085e-05,2.08929613085e-05,1,Y72 Z81 X90,0.987533333333,0.0030633165109,0.987533333333,0.0030633165109
2.08929613085e-05,2.08929613085e-05,2.08929613085e-05,2.08929613085e-05,1,Z15 Y19 X24,0.989155555556,0.00222788550394,0.989155555556,0.00222788550394
2.08929613085e-05,2.08929613085e-05,2.08929613085e-05,2.08929613085e-05,1,Z3 Y5 X8,0.988866666667,0.00261531006638,0.988866666667,0.00261531006638
2.08929613085e-05,2.08929613085e-05,2.08929613085e-05,2.08929613085e-05,1,Z35 Y41 X48,0.988711111111,0.00302192921726,0.988711111111,0.00302192921726
2.08929613085e-05,2.08929613085e-05,2.08929613085e-05,2.08929613085e-05,1,Z63 Y71 X80,0.988977777778,0.00239241030665,0.988977777778,0.00239241030665
2.08929613085e-05,2.08929613085e-05,2.08929613085e-05,2.08929613085e-05,1,Z99 Y109 X120,0.989022222222,0.00239241030665,0.989022222222,0.00239241030665
2.08929613085e-05,2.08929613085e-05,2.08929613085e-05,2.08929613085e-05,5,Logical X,0.991711111111,0.00218446857094,0.990844444444,0.00267775472558
2.08929613085e-05,2.08929613085e-05,2.08929613085e-05,2.08929613085e-05,5,Logical Y,0.0143555555556,0.00907648780679,-0.000688888888889,0.0240181817039
2.08929613085e-05,2.08929613085e-05,2.08929613085e-05,2.08929613085e-05,5,Logical Z,0.0128666666667,0.00893081110388,-0.00608888888889,0.0205485936227
2.08929613085e-05,2.08929613085e-05,2.08929613085e-05,2.08929613085e-05,5,X0 X1,0.994711111111,0.00204121016869,0.994711111111,0.00204121016869
2.08929613085e-05,2.08929613085e-05,2.08929613085e-05,2.08929613085e-05,5,X1 Z2 Y3 Y4 Z5 X7,0.984311111111,0.00335730841533,0.984311111111,0.00335730841533
2.08929613085e-05,2.08929613085e-05,2.08929613085e-05,2.08929613085e-05,5,X10 Z13 Y14 Y17 Z18 X22,0.983755555556,0.00262311173951,0.983755555556,0.00262311173951
2.08929613085e-05,2.08929613085e-05,2.08929613085e-05,2.08929613085e-05,5,X100 Z110 Y111 Y121 Z122 X132,0.983177777778,0.00346491261254,0.983177777778,0.00346491261254
2.08929613085e-05,2.08929613085e-05,2.08929613085e-05,2.08929613085e-05,5,X101 Z111 Y112 Y122 Z123 X133,0.982755555556,0.0034651337607,0.982755555556,0.0034651337607
2.08929613085e-05,2.08929613085e-05,2.08929613085e-05,2.08929613085e-05,5,X102 Z112 Y113 Y123 Z124 X134,0.982733333333,0.00293662302471,0.982733333333,0.00293662302471
2.08929613085e-05,2.08929613085e-05,2.08929613085e-05,2.08929613085e-05,5,X103 Z113 Y114 Y124 Z125 X135,0.983288888889,0.00409441572171,0.983288888889,0.00409441572171
2.08929613085e-05,2.08929613085e-05,2.08929613085e-05,2.08929613085e-05,5,X104 Z114 Y115 Y125 Z126 X136,0.982377777778,0.00322672429574,0.982377777778,0.00322672429574
2.08929613085e-05,2.08929613085e-05,2.08929613085e-05,2.08929613085e-05,5,X105 Z115 Y116 Y126 Z127 X137,0.982533333333,0.00351635478271,0.982533333333,0.00351635478271
2.08929613085e-05,2.08929613085e-05,2.08929613085e-05,2.08929613085e-05,5,X106 Z116 Y117 Y127 Z128 X138,0.982511111111,0.00252911526234,0.982511111111,0.00252911526234
2.08929613085e-05,2.08929613085e-05,2.08929613085e-05,2.08929613085e-05,5,X107 Z117 Y118 Y128 Z129 X139,0.984444444444,0.00373585027362,0.984444444444,0.00373585027362
2.08929613085e-05,2.08929613085e-05,2.08929613085e-05,2.08929613085e-05,5,X108 Z118 Y119 Y129 Z130 X140,0.983444444444,0.00393075439839,0.983444444444,0.00393075439839
2.08929613085e-05,2.08929613085e-05,2.08929613085e-05,2.08929613085e-05,5,X109 Z119 Y120 Y130 Z131 X141,0.983022222222,0.00377015232203,0.983022222222,0.00377015232203
2.08929613085e-05,2.08929613085e-05,2.08929613085e-05,2.08929613085e-05,5,X11 Z14 Y15 Y18 Z19 X23,0.983177777778,0.00491360869901,0.983177777778,0.00491360869901
2.08929613085e-05,2.08929613085e-05,2.08929613085e-05,2.08929613085e-05,5,X110 X121,0.994,0.00217966920756,0.994,0.00217966920756
2.08929613085e-05,2.08929613085e-05,2.08929613085e-05,2.08929613085e-05,5,X111 X122,0.994066666667,0.00196794230984,0.994066666667,0.00196794230984
2.08929613085e-05,2.08929613085e-05,2.08929613085e-05,2.08929613085e-05,5,X112 X123,0.994333333333,0.00169515875905,0.994333333333,0.00169515875905
2.08929613085e-05,2.08929613085e-05,2.08929613085e-05,2.08929613085e-05,5,X113 X124,0.994311111111,0.0018171876999,0.994311111111,0.0018171876999
2.08929613085e-05,2.08929613085e-05,2.08929613085e-05,2.08929613085e-05,5,X114 X125,0.994666666667,0.0018937283059,0.994666666667,0.0018937283059
2.08929613085e-05,2.08929613085e-05,2.08929613085e-05,2.08929613085e-05,5,X115 X126,0.993866666667,0.0017802664573,0.993866666667,0.0017802664573
2.08929613085e-05,2.08929613085e-05,2.08929613085e-05,2.08929613085e-05,5,X116 X127,0.994311111111,0.00193957244041,0.994311111111,0.00193957244041
2.08929613085e-05,2.08929613085e-05,2.08929613085e-05,2.08929613085e-05,5,X117 X128,0.994244444444,0.00197674862371,0.994244444444,0.00197674862371
2.08929613085e-05,2.08929613085e-05,2.08929613085e-05,2.08929613085e-05,5,X118 X129,0.993488888889,0.00231393137676,0.993488888889,0.00231393137676
2.08929613085e-05,2.08929613085e-05,2.08929613085e-05,2.08929613085e-05,5,X119 X130,0.9938,0.00157713547986,0.9938,0.00157713547986
2.08929613085e-05,2.08929613085e-05,2.08929613085e-05,2.08929613085e-05,5,X12 X16,0.993844444444,0.00203180333116,0.993844444444,0.00203180333116
2.08929613085e-05,2.08929613085e-05,2.08929613085e-05,2.08929613085e-05,5,X120 X131,0.993444444444,0.00177753829805,0.993444444444,0.00177753829805
2.08929613085e-05,2.08929613085e-05,2.08929613085e-05,2.08929613085e-05,5,X121 Y132 Z142,0.989,0.00254160778149,0.989,0.00254160778149
2.08929613085e-05,2.08929613085e-05,2.08929613085e-05,2.08929613085e-05,5,X122 Z132 Y133 Y142 Z143 X152,0.982266666667,0.00358198985775,0.982266666667,0.00358198985775
2.08929613085e-05,2.08929613085e-05,2.08929613085e-05,2.08929613085e-05,5,X123 Z133 Y134 Y143 Z144 X153,0.982933333333,0.00342002218182,0.982933333333,0.00342002218182
2.08929613085e-05,2.08929613085e-05,2.08929613085e-05,2.08929613085e-05,5,X124 Z134 Y135 Y144 Z145 X154,0.982066666667,0.002972930234,0.982066666667,0.002972930234
2.08929613085e-05,2.08929613085e-05,2.08929613085e-05,2.08929613085e-05,5,X125 Z135 Y136 Y145 Z146 X155,0.983266666667,0.0033326436068,0.983266666667,0.0033326436068
2.08929613085e-05,2.08929613085e-05,2.08929613085e-05,2.08929613085e-05,5,X126 Z136 Y137 Y146 Z147 X156,0.982311111111,0.00272765506821,0.982311111111,0.00272765506821
2.08929613085e-05,2.08929613085e-05,2.08929613085e-05,2.08929613085e-05,5,X127 Z137 Y138 Y147 Z148 X157,0.983155555556,0.00307222551322,0.983155555556,0.00307222551322
2.08929613085e-05,2.08929613085e-05,2.08929613085e-05,2.08929613085e-05,5,X128 Z138 Y139 Y148 Z149 X158,0.983044444444,0.00346933289748,0.983044444444,0.00346933289748
2.08929613085e-05,2.08929613085e-05,2.08929613085e-05,2.08929613085e-05,5,X129 Z139 Y140 Y149 Z150 X159,0.982222222222,0.00346336417998,0.982222222222,0.00346336417998
2.08929613085e-05,2.08929613085e-05,2.08929613085e-05,2.08929613085e-05,5,X13 X17,0.994333333333,0.00176600508107,0.994333333333,0.00176600508107
2.08929613085e-05,2.08929613085e-05,2.08929613085e-05,2.08929613085e-05,5,X130 Z140 Y141 Y150 Z151 X160,0.983177777778,0.00273298754938,0.983177777778,0.00273298754938
2.08929613085e-05,2.08929613085e-05,2.08929613085e-05,2.08929613085e-05,5,X132 X142,0.994644444444,0.00218306497137,0.994644444444,0.00218306497137
2.08929613085e-05,2.08929613085e-05,2.08929613085e-05,2.08929613085e-05,5,X133 X143,0.993644444444,0.00206212577394,0.993644444444,0.00206212577394
2.08929613085e-05,2.08929613085e-05,2.08929613085e-05,2.08929613085e-05,5,X134 X144,0.994044444444,0.00175016875669,0.994044444444,0.00175016875669
2.08929613085e-05,2.08929613085e-05,2.08929613085e-05,2.08929613085e-05,5,X135 X145,0.993977777778,0.00214052905218,0.993977777778,0.00214052905218
2.08929613085e-05,2.08929613085e-05,2.08929613085e-05,2.08929613085e-05,5,X136 X146,0.9938,0.00208000884171,0.9938,0.00208000884171
2.08929613085e-05,2.08929613085e-05,2.08929613085e-05,2.08929613085e-05,5,X137 X147,0.994,0.00218668909436,0.994,0.00218668909436
2.08929613085e-05,2.08929613085e-05,2.08929613085e-05,2.08929613085e-05,5,X138 X148,0.993666666667,0.00226077666104,0.993666666667,0.00226077666104
2.08929613085e-05,2.08929613085e-05,2.08929613085e-05,2.08929613085e-05,5,X139 X149,0.993977777778,0.00225896822027,0.993977777778,0.00225896822027
2.08929613085e-05,2.08929613085e-05,2.08929613085e-05,2.08929613085e-05,5,X14 X18,0.994266666667,0.00185777851106,0.994266666667,0.00185777851106
2.08929613085e-05,2.08929613085e-05,2.08929613085e-05,2.08929613085e-05,5,X140 X150,0.994355555556,0.00195531172287,0.994355555556,0.00195531172287
2.08929613085e-05,2.08929613085e-05,2.08929613085e-05,2.08929613085e-05,5,X141 X151,0.993577777778,0.00184854366067,0.993577777778,0.00184854366067
2.08929613085e-05,2.08929613085e-05,2.08929613085e-05,2.08929613085e-05,5,X143 Z152 Y153 Y161 Z162 X170,0.983044444444,0.00318850105108,0.983044444444,0.00318850105108
2.08929613085e-05,2.08929613085e-05,2.08929613085e-05,2.08929613085e-05,5,X144 Z153 Y154 Y162 Z163 X171,0.982266666667,0.002385139176,0.982266666667,0.002385139176
2.08929613085e-05,2.08929613085e-05,2.08929613085e-05,2.08929613085e-05,5,X145 Z154 Y155 Y163 Z164 X172,0.9828,0.00348571249114,0.9828,0.00348571249114
2.08929613085e-05,2.08929613085e-05,2.08929613085e-05,2.08929613085e-05,5,X146 Z155 Y156 Y164 Z165 X173,0.9836,0.00270433170334,0.9836,0.00270433170334
2.08929613085e-05,2.08929613085e-05,2.08929613085e-05,2.08929613085e-05,5,X147 Z156 Y157 Y165 Z166 X174,0.982266666667,0.00308549939449,0.982266666667,0.00308549939449
2.08929613085e-05,2.08929613085e-05,2.08929613085e-05,2.08929613085e-05,5,X148 Z157 Y158 Y166 Z167 X175,0.982933333333,0.00286396558125,0.982933333333,0.00286396558125
2.08929613085e-05,2.08929613085e-05,2.08929613085e-05,2.08929613085e-05,5,X149 Z158 Y159 Y167 Z168 X176,0.980555555556,0.00315175962935,0.980555555556,0.00315175962935
2.08929613085e-05,2.08929613085e-05,2.08929613085e-05,2.08929613085e-05,5,X15 X19,0.994488888889,0.00165103783298,0.994488888889,0.00165103783298
2.08929613085e-05,2.08929613085e-05,2.08929613085e-05,2.08929613085e-05,5,X150 Z159 Y160 Y168 Z169 X177,0.983333333333,0.00259087700946,0.983333333333,0.00259087700946
2.08929613085e-05,2.08929613085e-05,2.08929613085e-05,2.08929613085e-05,5,X151 Z160 Y169,0.988222222222,0.00300361638139,0.988222222222,0.00300361638139
2.08929613085e-05,2.08929613085e-05,2.08929613085e-05,2.08929613085e-05,5,X152 X161,0.992844444444,0.0019646947709,0.992844444444,0.0019646947709
2.08929613085e-05,2.08929613085e-05,2.08929613085e-05,2.08929613085e-05,5,X153 X162,0.993977777778,0.00229931412951,0.993977777778,0.00229931412951
2.08929613085e-05,2.08929613085e-05,2.08929613085e-05,2.08929613085e-05,5,X154 X163,0.994244444444,0.00195335124807,0.994244444444,0.00195335124807
2.08929613085e-05,2.08929613085e-05,2.08929613085e-05,2.08929613085e-05,5,X155 X164,0.993044444444,0.0019782986098,0.993044444444,0.0019782986098
2.08929613085e-05,2.08929613085e-05,2.08929613085e-05,2.08929613085e-05,5,X156 X165,0.9944,0.00161031159975,0.9944,0.00161031159975
2.08929613085e-05,2.08929613085e-05,2.08929613085e-05,2.08929613085e-05,5,X157 X166,0.994155555556,0.0022054153714,0.994155555556,0.0022054153714
2.08929613085e-05,2.08929613085e-05,2.08929613085e-05,2.08929613085e-05,5,X158 X167,0.994911111111,0.00174622380394,0.994911111111,0.00174622380394
2.08929613085e-05,2.08929613085e-05,2.08929613085e-05,2.08929613085e-05,5,X159 X168,0.992555555556,0.00264406127492,0.992555555556,0.00264406127492
2.08929613085e-05,2.08929613085e-05,2.08929613085e-05,2.08929613085e-05,5,X16 Z20 Y21 Y25 Z26 X31,0.983466666667,0.00334664010614,0.983466666667,0.00334664010614
2.08929613085e-05,2.08929613085e-05,2.08929613085e-05,2.08929613085e-05,5,X160 X169,0.993933333333,0.00193654113586,0.993933333333,0.00193654113586
2.08929613085e-05,2.08929613085e-05,2.08929613085e-05,2.08929613085e-05,5,X161 Y170 Z178,0.989066666667,0.00308052839176,0.989066666667,0.00308052839176
2.08929613085e-05,2.08929613085e-05,2.08929613085e-05,2.08929613085e-05,5,X162 Z170 Y171 Y178 Z179 X186,0.983266666667,0.00320607660593,0.983266666667,0.00320607660593
2.08929613085e-05,2.08929613085e-05,2.08929613085e-05,2.08929613085e-05,5,X163 Z171 Y172 Y179 Z180 X187,0.982488888889,0.0040568123807,0.982488888889,0.0040568123807
2.08929613085e-05,2.08929613085e-05,2.08929613085e-05,2.08929613085e-05,5,X164 Z172 Y173 Y180 Z181 X188,0.983422222222,0.00333440595769,0.983422222222,0.00333440595769
2.08929613085e-05,2.08929613085e-05,2.08929613085e-05,2.08929613085e-05,5,X165 Z173 Y174 Y181 Z182 X189,0.982511111111,0.00346048668131,0.982511111111,0.00346048668131
2.08929613085e-05,2.08929613085e-05,2.08929613085e-05,2.08929613085e-05,5,X166 Z174 Y175 Y182 Z183 X190,0.983355555556,0.00286868858571,0.983355555556,0.00286868858571
2.08929613085e-05,2.08929613085e-05,2.08929613085e-05,2.08929613085e-05,5,X167 Z175 Y176 Y183 Z184 X191,0.9828,0.00314356363657,0.9828,0.00314356363657
2.08929613085e-05,2.08929613085e-05,2.08929613085e-05,2.08929613085e-05,5,X168 Z176 Y177 Y184 Z185 X192,0.9834,0.00302404159796,0.9834,0.00302404159796
2.08929613085e-05,2.08929613085e-05,2.08929613085e-05,2.08929613085e-05,5,X17 Z21 Y22 Y26 Z27 X32,0.984111111111,0.00264406127492,0.984111111111,0.00264406127492
2.08929613085e-05,2.08929613085e-05,2.08929613085e-05,2.08929613085e-05,5,X170 X178,0.994444444444,0.00192847851277,0.994444444444,0.00192847851277
2.08929613085e-05,2.08929613085e-05,2.08929613085e-05,2.08929613085e-05,5,X171 X179,0.993955555556,0.00201856011299,0.993955555556,0.00201856011299
2.08929613085e-05,2.08929613085e-05,2.08929613085e-05,2.08929613085e-05,5,X172 X180,0.994444444444,0.00215373387495,0.994444444444,0.00215373387495
2.08929613085e-05,2.08929613085e-05,2.08929613085e-05,2.08929613085e-05,5,X173 X181,0.994133333333,0.0019290082418,0.994133333333,0.0019290082418
2.08929613085e-05,2.08929613085e-05,2.08929613085e-05,2.08929613085e-05,5,X174 X182,0.993622222222,0.00198603039517,0.993622222222,0.00198603039517
2.08929613085e-05,2.08929613085e-05,2.08929613085e-05,2.08929613085e-05,5,X175 X183,0.993666666667,0.00188358507116,0.993666666667,0.00188358507116
2.08929613085e-05,2.08929613085e-05,2.08929613085e-05,2.08929613085e-05,5,X176 X184,0.993311111111,0.00297361749755,0.993311111111,0.00297361749755
2.08929613085e-05,2.08929613085e-05,2.08929613085e-05,2.08929613085e-05,5,X177 X185,0.993177777778,0.00163939371405,0.993177777778,0.00163939371405
2.08929613085e-05,2.08929613085e-05,2.08929613085e-05,2.08929613085e-05,5,X179 Z186 Y187 Y193 Z194 X200,0.982977777778,0.0038105855116,0.982977777778,0.0038105855116
2.08929613085e-05,2.08929613085e-05,2.08929613085e-05,2.08929613085e-05,5,X18 Z22 Y23 Y27 Z28 X33,0.982733333333,0.00415541008207,0.982733333333,0.00415541008207
2.08929613085e-05,2.08929613085e-05,2.08929613085e-05,2.08929613085e-05,5,X180 Z187 Y188 Y194 Z195 X201,0.983311111111,0.00284185106872,0.983311111111,0.00284185106872
2.08929613085e-05,2.08929613085e-05,2.08929613085e-05,2.08929613085e-05,5,X181 Z188 Y189 Y195 Z196 X202,0.982622222222,0.00296044592961,0.982622222222,0.00296044592961
2.08929613085e-05,2.08929613085e-05,2.08929613085e-05,2.08929613085e-05,5,X182 Z189 Y190 Y196 Z197 X203,0.984177777778,0.00305722350853,0.984177777778,0.00305722350853
2.08929613085e-05,2.08929613085e-05,2.08929613085e-05,2.08929613085e-05,5,X183 Z190 Y191 Y197 Z198 X204,0.982,0.00351896884932,0.982,0.00351896884932
2.08929613085e-05,2.08929613085e-05,2.08929613085e-05,2.08929613085e-05,5,X184 Z191 Y192 Y198 Z199 X205,0.982577777778,0.00293862288666,0.982577777778,0.00293862288666
2.08929613085e-05,2.08929613085e-05,2.08929613085e-05,2.08929613085e-05,5,X185 Z192 Y199,0.986955555556,0.00246155626774,0.986955555556,0.00246155626774
2.08929613085e-05,2.08929613085e-05,2.08929613085e-05,2.08929613085e-05,5,X186 X193,0.993644444444,0.00224023352185,0.993644444444,0.00224023352185
2.08929613085e-05,2.08929613085e-05,2.08929613085e-05,2.08929613085e-05,5,X187 X194,0.993644444444,0.00215657834091,0.993644444444,0.00215657834091
2.08929613085e-05,2.08929613085e-05,2.08929613085e-05,2.08929613085e-05,5,X188 X195,0.994155555556,0.0018418991809,0.994155555556,0.0018418991809
2.08929613085e-05,2.08929613085e-05,2.08929613085e-05,2.08929613085e-05,5,X189 X196,0.993244444444,0.00205468035629,0.993244444444,0.00205468035629
2.08929613085e-05,2.08929613085e-05,2.08929613085e-05,2.08929613085e-05,5,X19 Z23 Y24 Y28 Z29 X34,0.983977777778,0.00335159747276,0.983977777778,0.00335159747276
2.08929613085e-05,2.08929613085e-05,2.08929613085e-05,2.08929613085e-05,5,X190 X197,0.993755555556,0.00203029419255,0.993755555556,0.00203029419255
2.08929613085e-05,2.08929613085e-05,2.08929613085e-05,2.08929613085e-05,5,X191 X198,0.994266666667,0.00215563060264,0.994266666667,0.00215563060264
2.08929613085e-05,2.08929613085e-05,2.08929613085e-05,2.08929613085e-05,5,X192 X199,0.993866666667,0.00174549227871,0.993866666667,0.00174549227871
2.08929613085e-05,2.08929613085e-05,2.08929613085e-05,2.08929613085e-05,5,X193 Y200 Z206,0.989355555556,0.00208246341991,0.989355555556,0.00208246341991
2.08929613085e-05,2.08929613085e-05,2.08929613085e-05,2.08929613085e-05,5,X194 Z200 Y201 Y206 Z207 X212,0.983466666667,0.0034236052338,0.983466666667,0.0034236052338
2.08929613085e-05,2.08929613085e-05,2.08929613085e-05,2.08929613085e-05,5,X195 Z201 Y202 Y207 Z208 X213,0.982888888889,0.00341434132626,0.982888888889,0.00341434132626
2.08929613085e-05,2.08929613085e-05,2.08929613085e-05,2.08929613085e-05,5,X196 Z202 Y203 Y208 Z209 X214,0.982311111111,0.0034695537639,0.982311111111,0.0034695537639
2.08929613085e-05,2.08929613085e-05,2.08929613085e-05,2.08929613085e-05,5,X197 Z203 Y204 Y209 Z210 X215,0.983688888889,0.00322696176732,0.983688888889,0.00322696176732
2.08929613085e-05,2.08929613085e-05,2.08929613085e-05,2.08929613085e-05,5,X198 Z204 Y205 Y210 Z211 X216,0.983977777778,0.0029373187833,0.983977777778,0.0029373187833
2.08929613085e-05,2.08929613085e-05,2.08929613085e-05,2.08929613085e-05,5,X2 X4,0.994,0.00194167838288,0.994,0.00194167838288
2.08929613085e-05,2.08929613085e-05,2.08929613085e-05,2.08929613085e-05,5,X20 X25,0.994288888889,0.00196274366832,0.994288888889,0.00196274366832
2.08929613085e-05,2.08929613085e-05,2.08929613085e-05,2.08929613085e-05,5,X200 X206,0.994488888889,0.0018272801498,0.994488888889,0.0018272801498
2.08929613085e-05,2.08929613085e-05,2.08929613085e-05,2.08929613085e-05,5,X201 X207,0.993688888889,0.00239880770725,0.993688888889,0.00239880770725
2.08929613085e-05,2.08929613085e-05,2.08929613085e-05,2.08929613085e-05,5,X202 X208,0.994177777778,0.0019093103875,0.994177777778,0.0019093103875
2.08929613085e-05,2.08929613085e-05,2.08929613085e-05,2.08929613085e-05,5,X203 X209,0.994222222222,0.00195217401816,0.994222222222,0.00195217401816
2.08929613085e-05,2.08929613085e-05,2.08929613085e-05,2.08929613085e-05,5,X204 X210,0.993822222222,0.00188507616101,0.993822222222,0.00188507616101
2.08929613085e-05,2.08929613085e-05,2.08929613085e-05,2.08929613085e-05,5,X205 X211,0.993577777778,0.0024478207265,0.993577777778,0.0024478207265
2.08929613085e-05,2.08929613085e-05,2.08929613085e-05,2.08929613085e-05,5,X207 Z212 Y213 Y217 Z218 X222,0.982733333333,0.00374411415486,0.982733333333,0.00374411415486
2.08929613085e-05,2.08929613085e-05,2.08929613085e-05,2.08929613085e-05,5,X208 Z213 Y214 Y218 Z219 X223,0.983133333333,0.00260944350433,0.983133333333,0.00260944350433
2.08929613085e-05,2.08929613085e-05,2.08929613085e-05,2.08929613085e-05,5,X209 Z214 Y215 Y219 Z220 X224,0.9832,0.00281974428883,0.9832,0.00281974428883
2.08929613085e-05,2.08929613085e-05,2.08929613085e-05,2.08929613085e-05,5,X21 X26,0.994022222222,0.00208246341991,0.994022222222,0.00208246341991
2.08929613085e-05,2.08929613085e-05,2.08929613085e-05,2.08929613085e-05,5,X210 Z215 Y216 Y220 Z221 X225,0.982955555556,0.00315467582578,0.982955555556,0.00315467582578
2.08929613085e-05,2.08929613085e-05,2.08929613085e-05,2.08929613085e-05,5,X211 Z216 Y221,0.990155555556,0.00241123381929,0.990155555556,0.00241123381929
2.08929613085e-05,2.08929613085e-05,2.08929613085e-05,2.08929613085e-05,5,X212 X217,0.993822222222,0.0019646947709,0.993822222222,0.0019646947709
2.08929613085e-05,2.08929613085e-05,2.08929613085e-05,2.08929613085e-05,5,X213 X218,0.993977777778,0.00159003923741,0.993977777778,0.00159003923741
2.08929613085e-05,2.08929613085e-05,2.08929613085e-05,2.08929613085e-05,5,X214 X219,0.993155555556,0.00168775925117,0.993155555556,0.00168775925117
2.08929613085e-05,2.08929613085e-05,2.08929613085e-05,2.08929613085e-05,5,X215 X220,0.994111111111,0.00241377485853,0.994111111111,0.00241377485853
2.08929613085e-05,2.08929613085e-05,2.08929613085e-05,2.08929613085e-05,5,X216 X221,0.994688888889,0.00242264750739,0.994688888889,0.00242264750739
2.08929613085e-05,2.08929613085e-05,2.08929613085e-05,2.08929613085e-05,5,X217 Y222 Z226,0.989244444444,0.00276116102702,0.989244444444,0.00276116102702
2.08929613085e-05,2.08929613085e-05,2.08929613085e-05,2.08929613085e-05,5,X218 Z222 Y223 Y226 Z227 X230,0.982244444444,0.00389707949725,0.982244444444,0.00389707949725
2.08929613085e-05,2.08929613085e-05,2.08929613085e-05,2.08929613085e-05,5,X219 Z223 Y224 Y227 Z228 X231,0.983666666667,0.00380260044114,0.983666666667,0.00380260044114
2.08929613085e-05,2.08929613085e-05,2.08929613085e-05,2.08929613085e-05,5,X22 X27,0.993866666667,0.00212556055262,0.993866666667,0.00212556055262
2.08929613085e-05,2.08929613085e-05,2.08929613085e-05,2.08929613085e-05,5,X220 Z224 Y225 Y228 Z229 X232,0.9826,0.00304927602739,0.9826,0.00304927602739
2.08929613085e-05,2.08929613085e-05,2.08929613085e-05,2.08929613085e-05,5,X222 X226,0.9938,0.00176079048775,0.9938,0.00176079048775
2.08929613085e-05,2.08929613085e-05,2.08929613085e-05,2.08929613085e-05,5,X223 X227,0.994222222222,0.00190448821241,0.994222222222,0.00190448821241
2.08929613085e-05,2.08929613085e-05,2.08929613085e-05,2.08929613085e-05,5,X224 X228,0.994622222222,0.00139987228025,0.994622222222,0.00139987228025
2.08929613085e-05,2.08929613085e-05,2.08929613085e-05,2.08929613085e-05,5,X225 X229,0.994266666667,0.00227328310862,0.994266666667,0.00227328310862
2.08929613085e-05,2.08929613085e-05,2.08929613085e-05,2.08929613085e-05,5,X227 Z230 Y231 Y233 Z234 X236,0.9838,0.0030633165109,0.9838,0.0030633165109
2.08929613085e-05,2.08929613085e-05,2.08929613085e-05,2.08929613085e-05,5,X228 Z231 Y232 Y234 Z235 X237,0.982622222222,0.00334450236072,0.982622222222,0.00334450236072
2.08929613085e-05,2.08929613085e-05,2.08929613085e-05,2.08929613085e-05,5,X229 Z232 Y235,0.988577777778,0.00293862288666,0.988577777778,0.00293862288666
2.08929613085e-05,2.08929613085e-05,2.08929613085e-05,2.08929613085e-05,5,X23 X28,0.9944,0.00206113460552,0.9944,0.00206113460552
2.08929613085e-05,2.08929613085e-05,2.08929613085e-05,2.08929613085e-05,5,X230 X233,0.994355555556,0.0020769365396,0.994355555556,0.0020769365396
2.08929613085e-05,2.08929613085e-05,2.08929613085e-05,2.08929613085e-05,5,X231 X234,0.993666666667,0.00214243747031,0.993666666667,0.00214243747031
2.08929613085e-05,2.08929613085e-05,2.08929613085e-05,2.08929613085e-05,5,X232 X235,0.994533333333,0.00190502461243,0.994533333333,0.00190502461243
2.08929613085e-05,2.08929613085e-05,2.08929613085e-05,2.08929613085e-05,5,X233 Y236 Z238,0.989422222222,0.00242422849177,0.989422222222,0.00242422849177
2.08929613085e-05,2.08929613085e-05,2.08929613085e-05,2.08929613085e-05,5,X234 Z236 Y237 Y238 Z239 X240,0.983777777778,0.00366126387044,0.983777777778,0.00366126387044
2.08929613085e-05,2.08929613085e-05,2.08929613085e-05,2.08929613085e-05,5,X236 X238,0.994222222222,0.00218201167918,0.994222222222,0.00218201167918
2.08929613085e-05,2.08929613085e-05,2.08929613085e-05,2.08929613085e-05,5,X237 X239,0.994533333333,0.00250914037882,0.994533333333,0.00250914037882
2.08929613085e-05,2.08929613085e-05,2.08929613085e-05,2.08929613085e-05,5,X239 Z240 Y241,0.988822222222,0.00265908884999,0.988822222222,0.00265908884999
2.08929613085e-05,2.08929613085e-05,2.08929613085e-05,2.08929613085e-05,5,X24 X29,0.992511111111,0.00248016396277,0.992511111111,0.00248016396277
2.08929613085e-05,2.08929613085e-05,2.08929613085e-05,2.08929613085e-05,5,X240 X241,0.994555555556,0.00181169748165,0.994555555556,0.00181169748165
2.08929613085e-05,2.08929613085e-05,2.08929613085e-05,2.08929613085e-05,5,X25 Z30 Y31 Y36 Z37 X43,0.983955555556,0.00348805661547,0.983955555556,0.00348805661547
2.08929613085e-05,2.08929613085e-05,2.08929613085e-05,2.08929613085e-05,5,X26 Z31 Y32 Y37 Z38 X44,0.983977777778,0.00276532072694,0.983977777778,0.00276532072694
2.08929613085e-05,2.08929613085e-05,2.08929613085e-05,2.08929613085e-05,5,X27 Z32 Y33 Y38 Z39 X45,0.983022222222,0.00323644634279,0.983022222222,0.00323644634279
2.08929613085e-05,2.08929613085e-05,2.08929613085e-05,2.08929613085e-05,5,X28 Z33 Y34 Y39 Z40 X46,0.982777777778,0.00305797535671,0.982777777778,0.00305797535671
2.08929613085e-05,2.08929613085e-05,2.08929613085e-05,2.08929613085e-05,5,X29 Z34 Y35 Y40 Z41 X47,0.982177777778,0.00310694850151,0.982177777778,0.00310694850151
2.08929613085e-05,2.08929613085e-05,2.08929613085e-05,2.08929613085e-05,5,X3 X5,0.994311111111,0.00193165470791,0.994311111111,0.00193165470791
2.08929613085e-05,2.08929613085e-05,2.08929613085e-05,2.08929613085e-05,5,X30 X36,0.993533333333,0.00170776904053,0.993533333333,0.00170776904053
2.08929613085e-05,2.08929613085e-05,2.08929613085e-05,2.08929613085e-05,5,X31 X37,0.993711111111,0.00217744152537,0.993711111111,0.00217744152537
2.08929613085e-05,2.08929613085e-05,2.08929613085e-05,2.08929613085e-05,5,X32 X38,0.994466666667,0.00198191052993,0.994466666667,0.00198191052993
2.08929613085e-05,2.08929613085e-05,2.08929613085e-05,2.08929613085e-05,5,X33 X39,0.994066666667,0.00211072793457,0.994066666667,0.00211072793457
2.08929613085e-05,2.08929613085e-05,2.08929613085e-05,2.08929613085e-05,5,X34 X40,0.994133333333,0.00179740127434,0.994133333333,0.00179740127434
2.08929613085e-05,2.08929613085e-05,2.08929613085e-05,2.08929613085e-05,5,X35 X41,0.9948,0.00176296510941,0.9948,0.00176296510941
2.08929613085e-05,2.08929613085e-05,2.08929613085e-05,2.08929613085e-05,5,X36 Z42 Y43 Y49 Z50 X57,0.982088888889,0.00322696176732,0.982088888889,0.00322696176732
2.08929613085e-05,2.08929613085e-05,2.08929613085e-05,2.08929613085e-05,5,X37 Z43 Y44 Y50 Z51 X58,0.983066666667,0.00293792743691,0.983066666667,0.00293792743691
2.08929613085e-05,2.08929613085e-05,2.08929613085e-05,2.08929613085e-05,5,X38 Z44 Y45 Y51 Z52 X59,0.9832,0.00347690794944,0.9832,0.00347690794944
2.08929613085e-05,2.08929613085e-05,2.08929613085e-05,2.08929613085e-05,5,X39 Z45 Y46 Y52 Z53 X60,0.9834,0.00343232325282,0.9834,0.00343232325282
2.08929613085e-05,2.08929613085e-05,2.08929613085e-05,2.08929613085e-05,5,X4 Z6 Y7 Y9 Z10 X13,0.983155555556,0.00267775472558,0.983155555556,0.00267775472558
2.08929613085e-05,2.08929613085e-05,2.08929613085e-05,2.08929613085e-05,5,X40 Z46 Y47 Y53 Z54 X61,0.982466666667,0.00294079510712,0.982466666667,0.00294079510712
2.08929613085e-05,2.08929613085e-05,2.08929613085e-05,2.08929613085e-05,5,X41 Z47 Y48 Y54 Z55 X62,0.983644444444,0.00323170753453,0.983644444444,0.00323170753453
2.08929613085e-05,2.08929613085e-05,2.08929613085e-05,2.08929613085e-05,5,X42 X49,0.995311111111,0.0016468554346,0.995311111111,0.0016468554346
2.08929613085e-05,2.08929613085e-05,2.08929613085e-05,2.08929613085e-05,5,X43 X50,0.993822222222,0.00200331780998,0.993822222222,0.00200331780998
2.08929613085e-05,2.08929613085e-05,2.08929613085e-05,2.08929613085e-05,5,X44 X51,0.993866666667,0.00213993232249,0.993866666667,0.00213993232249
2.08929613085e-05,2.08929613085e-05,2.08929613085e-05,2.08929613085e-05,5,X45 X52,0.993911111111,0.00160204211953,0.993911111111,0.00160204211953
2.08929613085e-05,2.08929613085e-05,2.08929613085e-05,2.08929613085e-05,5,X46 X53,0.993266666667,0.0021179763348,0.993266666667,0.0021179763348
2.08929613085e-05,2.08929613085e-05,2.08929613085e-05,2.08929613085e-05,5,X47 X54,0.993755555556,0.0019296701986,0.993755555556,0.0019296701986
2.08929613085e-05,2.08929613085e-05,2.08929613085e-05,2.08929613085e-05,5,X48 X55,0.992933333333,0.00216980321159,0.992933333333,0.00216980321159
2.08929613085e-05,2.08929613085e-05,2.08929613085e-05,2.08929613085e-05,5,X49 Z56 Y57 Y64 Z65 X73,0.982422222222,0.00266369566297,0.982422222222,0.00266369566297
2.08929613085e-05,2.08929613085e-05,2.08929613085e-05,2.08929613085e-05,5,X5 Z7 Y8 Y10 Z11 X14,0.983111111111,0.00353345622572,0.983111111111,0.00353345622572
2.08929613085e-05,2.08929613085e-05,2.08929613085e-05,2.08929613085e-05,5,X50 Z57 Y58 Y65 Z66 X74,0.982088888889,0.00377827357576,0.982088888889,0.00377827357576
2.08929613085e-05,2.08929613085e-05,2.08929613085e-05,2.08929613085e-05,5,X51 Z58 Y59 Y66 Z67 X75,0.982088888889,0.00385457218018,0.982088888889,0.00385457218018
2.08929613085e-05,2.08929613085e-05,2.08929613085e-05,2.08929613085e-05,5,X52 Z59 Y60 Y67 Z68 X76,0.983266666667,0.00348549264866,0.983266666667,0.00348549264866
2.08929613085e-05,2.08929613085e-05,2.08929613085e-05,2.08929613085e-05,5,X53 Z60 Y61 Y68 Z69 X77,0.982888888889,0.00404318956575,0.982888888889,0.00404318956575
2.08929613085e-05,2.08929613085e-05,2.08929613085e-05,2.08929613085e-05,5,X54 Z61 Y62 Y69 Z70 X78,0.983555555556,0.00322981006444,0.983555555556,0.00322981006444
2.08929613085e-05,2.08929613085e-05,2.08929613085e-05,2.08929613085e-05,5,X55 Z62 Y63 Y70 Z71 X79,0.9828,0.00351199368121,0.9828,0.00351199368121
2.08929613085e-05,2.08929613085e-05,2.08929613085e-05,2.08929613085e-05,5,X56 X64,0.993733333333,0.00260032417667,0.993733333333,0.00260032417667
2.08929613085e-05,2.08929613085e-05,2.08929613085e-05,2.08929613085e-05,5,X57 X65,0.993622222222,0.00192330600856,0.993622222222,0.00192330600856
2.08929613085e-05,2.08929613085e-05,2.08929613085e-05,2.08929613085e-05,5,X58 X66,0.993377777778,0.00213658755629,0.993377777778,0.00213658755629
2.08929613085e-05,2.08929613085e-05,2.08929613085e-05,2.08929613085e-05,5,X59 X67,0.993044444444,0.00214910358811,0.993044444444,0.00214910358811
2.08929613085e-05,2.08929613085e-05,2.08929613085e-05,2.08929613085e-05,5,X6 X9,0.993822222222,0.00187692855267,0.993822222222,0.00187692855267
2.08929613085e-05,2.08929613085e-05,2.08929613085e-05,2.08929613085e-05,5,X60 X68,0.994311111111,0.00177451808435,0.994311111111,0.00177451808435
2.08929613085e-05,2.08929613085e-05,2.08929613085e-05,2.08929613085e-05,5,X61 X69,0.994533333333,0.00173668994182,0.994533333333,0.00173668994182
2.08929613085e-05,2.08929613085e-05,2.08929613085e-05,2.08929613085e-05,5,X62 X70,0.994088888889,0.00221961532916,0.994088888889,0.00221961532916
2.08929613085e-05,2.08929613085e-05,2.08929613085e-05,2.08929613085e-05,5,X63 X71,0.994622222222,0.00210770041081,0.994622222222,0.00210770041081
2.08929613085e-05,2.08929613085e-05,2.08929613085e-05,2.08929613085e-05,5,X64 Z72 Y73 Y81 Z82 X91,0.9826,0.00367803879108,0.9826,0.00367803879108
2.08929613085e-05,2.08929613085e-05,2.08929613085e-05,2.08929613085e-05,5,X65 Z73 Y74 Y82 Z83 X92,0.983311111111,0.00325886158029,0.983311111111,0.00325886158029
2.08929613085e-05,2.08929613085e-05,2.08929613085e-05,2.08929613085e-05,5,X66 Z74 Y75 Y83 Z84 X93,0.982444444444,0.00316268150126,0.982444444444,0.00316268150126
2.08929613085e-05,2.08929613085e-05,2.08929613085e-05,2.08929613085e-05,5,X67 Z75 Y76 Y84 Z85 X94,0.982088888889,0.0031983392881,0.982088888889,0.0031983392881
2.08929613085e-05,2.08929613085e-05,2.08929613085e-05,2.08929613085e-05,5,X68 Z76 Y77 Y85 Z86 X95,0.982933333333,0.00342450041103,0.982933333333,0.00342450041103
2.08929613085e-05,2.08929613085e-05,2.08929613085e-05,2.08929613085e-05,5,X69 Z77 Y78 Y86 Z87 X96,0.982244444444,0.00309978782284,0.982244444444,0.00309978782284
2.08929613085e-05,2.08929613085e-05,2.08929613085e-05,2.08929613085e-05,5,X7 X10,0.993644444444,0.00193165470791,0.993644444444,0.00193165470791
2.08929613085e-05,2.08929613085e-05,2.08929613085e-05,2.08929613085e-05,5,X70 Z78 Y79 Y87 Z88 X97,0.982688888889,0.0029684591425,0.982688888889,0.0029684591425
2.08929613085e-05,2.08929613085e-05,2.08929613085e-05,2.08929613085e-05,5,X71 Z79 Y80 Y88 Z89 X98,0.982177777778,0.00377908474124,0.982177777778,0.00377908474124
2.08929613085e-05,2.08929613085e-05,2.08929613085e-05,2.08929613085e-05,5,X72 X81,0.9942,0.00199731620698,0.9942,0.00199731620698
2.08929613085e-05,2.08929613085e-05,2.08929613085e-05,2.08929613085e-05,5,X73 X82,0.9946,0.00173624865356,0.9946,0.00173624865356
2.08929613085e-05,2.08929613085e-05,2.08929613085e-05,2.08929613085e-05,5,X74 X83,0.993755555556,0.00182350202698,0.993755555556,0.00182350202698
2.08929613085e-05,2.08929613085e-05,2.08929613085e-05,2.08929613085e-05,5,X75 X84,0.994177777778,0.00179341779345,0.994177777778,0.00179341779345
2.08929613085e-05,2.08929613085e-05,2.08929613085e-05,2.08929613085e-05,5,X76 X85,0.993822222222,0.00219322071704,0.993822222222,0.00219322071704
2.08929613085e-05,2.08929613085e-05,2.08929613085e-05,2.08929613085e-05,5,X77 X86,0.993711111111,0.00208393477908,0.993711111111,0.00208393477908
2.08929613085e-05,2.08929613085e-05,2.08929613085e-05,2.08929613085e-05,5,X78 X87,0.993111111111,0.00198332769889,0.993111111111,0.00198332769889
2.08929613085e-05,2.08929613085e-05,2.08929613085e-05,2.08929613085e-05,5,X79 X88,0.994088888889,0.00169500807158,0.994088888889,0.00169500807158
2.08929613085e-05,2.08929613085e-05,2.08929613085e-05,2.08929613085e-05,5,X8 X11,0.994,0.00184453214951,0.994,0.00184453214951
2.08929613085e-05,2.08929613085e-05,2.08929613085e-05,2.08929613085e-05,5,X80 X89,0.993577777778,0.0018066147792,0.993577777778,0.0018066147792
2.08929613085e-05,2.08929613085e-05,2.08929613085e-05,2.08929613085e-05,5,X81 Z90 Y91 Y100 Z101 X111,0.982066666667,0.00340542726628,0.982066666667,0.00340542726628
2.08929613085e-05,2.08929613085e-05,2.08929613085e-05,2.08929613085e-05,5,X82 Z91 Y92 Y101 Z102 X112,0.982644444444,0.0029373187833,0.982644444444,0.0029373187833
2.08929613085e-05,2.08929613085e-05,2.08929613085e-05,2.08929613085e-05,5,X83 Z92 Y93 Y102 Z103 X113,0.982222222222,0.00327691721933,0.982222222222,0.00327691721933
2.08929613085e-05,2.08929613085e-05,2.08929613085e-05,2.08929613085e-05,5,X84 Z93 Y94 Y103 Z104 X114,0.982511111111,0.00376994906653,0.982511111111,0.00376994906653
2.08929613085e-05,2.08929613085e-05,2.08929613085e-05,2.08929613085e-05,5,X85 Z94 Y95 Y104 Z105 X115,0.982555555556,0.00280712467027,0.982555555556,0.00280712467027
2.08929613085e-05,2.08929613085e-05,2.08929613085e-05,2.08929613085e-05,5,X86 Z95 Y96 Y105 Z106 X116,0.982888888889,0.00363184439948,0.982888888889,0.00363184439948
2.08929613085e-05,2.08929613085e-05,2.08929613085e-05,2.08929613085e-05,5,X87 Z96 Y97 Y106 Z107 X117,0.981777777778,0.00339182399119,0.981777777778,0.00339182399119
2.08929613085e-05,2.08929613085e-05,2.08929613085e-05,2.08929613085e-05,5,X88 Z97 Y98 Y107 Z108 X118,0.983133333333,0.00348900846612,0.983133333333,0.00348900846612
2.08929613085e-05,2.08929613085e-05,2.08929613085e-05,2.08929613085e-05,5,X89 Z98 Y99 Y108 Z109 X119,0.982688888889,0.00311950154842,0.982688888889,0.00311950154842
2.08929613085e-05,2.08929613085e-05,2.08929613085e-05,2.08929613085e-05,5,X9 Z12 Y13 Y16 Z17 X21,0.982666666667,0.0034218141768,0.982666666667,0.0034218141768
2.08929613085e-05,2.08929613085e-05,2.08929613085e-05,2.08929613085e-05,5,X90 X100,0.9922,0.00267899449314,0.9922,0.00267899449314
2.08929613085e-05,2.08929613085e-05,2.08929613085e-05,2.08929613085e-05,5,X91 X101,0.992622222222,0.00234191088976,0.992622222222,0.00234191088976
2.08929613085e-05,2.08929613085e-05,2.08929613085e-05,2.08929613085e-05,5,X92 X102,0.994266666667,0.00209798297587,0.994266666667,0.00209798297587
2.08929613085e-05,2.08929613085e-05,2.08929613085e-05,2.08929613085e-05,5,X93 X103,0.993866666667,0.0021824798718,0.993866666667,0.0021824798718
2.08929613085e-05,2.08929613085e-05,2.08929613085e-05,2.08929613085e-05,5,X94 X104,0.992688888889,0.00207509097494,0.992688888889,0.00207509097494
2.08929613085e-05,2.08929613085e-05,2.08929613085e-05,2.08929613085e-05,5,X95 X105,0.994333333333,0.0020019147922,0.994333333333,0.0020019147922
2.08929613085e-05,2.08929613085e-05,2.08929613085e-05,2.08929613085e-05,5,X96 X106,0.994088888889,0.00175716013775,0.994088888889,0.00175716013775
2.08929613085e-05,2.08929613085e-05,2.08929613085e-05,2.08929613085e-05,5,X97 X107,0.994155555556,0.00171254853293,0.994155555556,0.00171254853293
2.08929613085e-05,2.08929613085e-05,2.08929613085e-05,2.08929613085e-05,5,X98 X108,0.994066666667,0.00217509413193,0.994066666667,0.00217509413193
2.08929613085e-05,2.08929613085e-05,2.08929613085e-05,2.08929613085e-05,5,X99 X109,0.994577777778,0.00233404477386,0.994577777778,0.00233404477386
2.08929613085e-05,2.08929613085e-05,2.08929613085e-05,2.08929613085e-05,5,Y0 Z1 X2,0.989133333333,0.00220865590791,0.989133333333,0.00220865590791
2.08929613085e-05,2.08929613085e-05,2.08929613085e-05,2.08929613085e-05,5,Y20 Z25 X30,0.988644444444,0.00223166575817,0.988644444444,0.00223166575817
2.08929613085e-05,2.08929613085e-05,2.08929613085e-05,2.08929613085e-05,5,Y42 Z49 X56,0.988955555556,0.00291216675312,0.988955555556,0.00291216675312
2.08929613085e-05,2.08929613085e-05,2.08929613085e-05,2.08929613085e-05,5,Y6 Z9 X12,0.988555555556,0.00318080128382,0.988555555556,0.00318080128382
2.08929613085e-05,2.08929613085e-05,2.08929613085e-05,2.08929613085e-05,5,Y72 Z81 X90,0.987466666667,0.00296286079006,0.987466666667,0.00296286079006
2.08929613085e-05,2.08929613085e-05,2.08929613085e-05,2.08929613085e-05,5,Z15 Y19 X24,0.989666666667,0.00214957894835,0.989666666667,0.00214957894835
2.08929613085e-05,2.08929613085e-05,2.08929613085e-05,2.08929613085e-05,5,Z3 Y5 X8,0.990133333333,0.00233841810498,0.990133333333,0.00233841810498
2.08929613085e-05,2.08929613085e-05,2.08929613085e-05,2.08929613085e-05,5,Z35 Y41 X48,0.988911111111,0.00246031075091,0.988911111111,0.00246031075091
2.08929613085e-05,2.08929613085e-05,2.08929613085e-05,2.08929613085e-05,5,Z63 Y71 X80,0.988866666667,0.00313746365093,0.988866666667,0.00313746365093
2.08929613085e-05,2.08929613085e-05,2.08929613085e-05,2.08929613085e-05,5,Z99 Y109 X120,0.989244444444,0.00297490568875,0.989244444444,0.00297490568875
2.08929613085e-05,2.08929613085e-05,2.08929613085e-05,2.08929613085e-05,10,Logical X,0.991644444444,0.00205468035629,0.992088888889,0.00230763074221
2.08929613085e-05,2.08929613085e-05,2.08929613085e-05,2.08929613085e-05,10,Logical Y,0.0165333333333,0.0109368090915,-0.00204444444444,0.0162809936279
2.08929613085e-05,2.08929613085e-05,2.08929613085e-05,2.08929613085e-05,10,Logical Z,0.0148666666667,0.0117602486486,-0.00351111111111,0.0192606110146
2.08929613085e-05,2.08929613085e-05,2.08929613085e-05,2.08929613085e-05,10,X0 X1,0.994977777778,0.00185061516816,0.994977777778,0.00185061516816
2.08929613085e-05,2.08929613085e-05,2.08929613085e-05,2.08929613085e-05,10,X1 Z2 Y3 Y4 Z5 X7,0.983088888889,0.00363247731489,0.983088888889,0.00363247731489
2.08929613085e-05,2.08929613085e-05,2.08929613085e-05,2.08929613085e-05,10,X10 Z13 Y14 Y17 Z18 X22,0.983022222222,0.00287002387395,0.983022222222,0.00287002387395
2.08929613085e-05,2.08929613085e-05,2.08929613085e-05,2.08929613085e-05,10,X100 Z110 Y111 Y121 Z122 X132,0.983088888889,0.00329626903141,0.983088888889,0.00329626903141
2.08929613085e-05,2.08929613085e-05,2.08929613085e-05,2.08929613085e-05,10,X101 Z111 Y112 Y122 Z123 X133,0.9824,0.0032594101904,0.9824,0.0032594101904
2.08929613085e-05,2.08929613085e-05,2.08929613085e-05,2.08929613085e-05,10,X102 Z112 Y113 Y123 Z124 X134,0.982311111111,0.0029954414067,0.982311111111,0.0029954414067
2.08929613085e-05,2.08929613085e-05,2.08929613085e-05,2.08929613085e-05,10,X103 Z113 Y114 Y124 Z125 X135,0.982511111111,0.00314006776086,0.982511111111,0.00314006776086
2.08929613085e-05,2.08929613085e-05,2.08929613085e-05,2.08929613085e-05,10,X104 Z114 Y115 Y125 Z126 X136,0.981822222222,0.00370950248477,0.981822222222,0.00370950248477
2.08929613085e-05,2.08929613085e-05,2.08929613085e-05,2.08929613085e-05,10,X105 Z115 Y116 Y126 Z127 X137,0.982844444444,0.00442886157097,0.982844444444,0.00442886157097
2.08929613085e-05,2.08929613085e-05,2.08929613085e-05,2.08929613085e-05,10,X106 Z116 Y117 Y127 Z128 X138,0.983244444444,0.00325533259341,0.983244444444,0.00325533259341
2.08929613085e-05,2.08929613085e-05,2.08929613085e-05,2.08929613085e-05,10,X107 Z117 Y118 Y128 Z129 X139,0.983844444444,0.00354363422921,0.983844444444,0.00354363422921
2.08929613085e-05,2.08929613085e-05,2.08929613085e-05,2.08929613085e-05,10,X108 Z118 Y119 Y129 Z130 X140,0.983444444444,0.00342666279052,0.983444444444,0.00342666279052
2.08929613085e-05,2.08929613085e-05,2.08929613085e-05,2.08929613085e-05,10,X109 Z119 Y120 Y130 Z131 X141,0.984044444444,0.00368878733184,0.984044444444,0.00368878733184
2.08929613085e-05,2.08929613085e-05,2.08929613085e-05,2.08929613085e-05,10,X11 Z14 Y15 Y18 Z19 X23,0.983511111111,0.00339001614315,0.983511111111,0.00339001614315
2.08929613085e-05,2.08929613085e-05,2.08929613085e-05,2.08929613085e-05,10,X110 X121,0.993355555556,0.001999872282,0.993355555556,0.001999872282
2.08929613085e-05,2.08929613085e-05,2.08929613085e-05,2.08929613085e-05,10,X111 X122,0.994133333333,0.00181437427864,0.994133333333,0.00181437427864
2.08929613085e-05,2.08929613085e-05,2.08929613085e-05,2.08929613085e-05,10,X112 X123,0.993888888889,0.00166167835879,0.993888888889,0.00166167835879
2.08929613085e-05,2.08929613085e-05,2.08929613085e-05,2.08929613085e-05,10,X113 X124,0.994488888889,0.00160395424528,0.994488888889,0.00160395424528
2.08929613085e-05,2.08929613085e-05,2.08929613085e-05,2.08929613085e-05,10,X114 X125,0.994666666667,0.00219368651735,0.994666666667,0.00219368651735
2.08929613085e-05,2.08929613085e-05,2.08929613085e-05,2.08929613085e-05,10,X115 X126,0.993511111111,0.00173256688035,0.993511111111,0.00173256688035
2.08929613085e-05,2.08929613085e-05,2.08929613085e-05,2.08929613085e-05,10,X116 X127,0.993777777778,0.00205915083739,0.993777777778,0.00205915083739
2.08929613085e-05,2.08929613085e-05,2.08929613085e-05,2.08929613085e-05,10,X117 X128,0.993577777778,0.00241631322557,0.993577777778,0.00241631322557
2.08929613085e-05,2.08929613085e-05,2.08929613085e-05,2.08929613085e-05,10,X118 X129,0.994133333333,0.00223109340409,0.994133333333,0.00223109340409
2.08929613085e-05,2.08929613085e-05,2.08929613085e-05,2.08929613085e-05,10,X119 X130,0.993311111111,0.00207509097494,0.993311111111,0.00207509097494
2.08929613085e-05,2.08929613085e-05,2.08929613085e-05,2.08929613085e-05,10,X12 X16,0.994533333333,0.00158923582205,0.994533333333,0.00158923582205
2.08929613085e-05,2.08929613085e-05,2.08929613085e-05,2.08929613085e-05,10,X120 X131,0.993155555556,0.00218622180317,0.993155555556,0.00218622180317
2.08929613085e-05,2.08929613085e-05,2.08929613085e-05,2.08929613085e-05,10,X121 Y132 Z142,0.989622222222,0.00268204378714,0.989622222222,0.00268204378714
2.08929613085e-05,2.08929613085e-05,2.08929613085e-05,2.08929613085e-05,10,X122 Z132 Y133 Y142 Z143 X152,0.983066666667,0.00360331903194,0.983066666667,0.00360331903194
2.08929613085e-05,2.08929613085e-05,2.08929613085e-05,2.08929613085e-05,10,X123 Z133 Y134 Y143 Z144 X153,0.983533333333,0.00317147245738,0.983533333333,0.00317147245738
2.08929613085e-05,2.08929613085e-05,2.08929613085e-05,2.08929613085e-05,10,X124 Z134 Y135 Y144 Z145 X154,0.982688888889,0.0031779090614,0.982688888889,0.0031779090614
2.08929613085e-05,2.08929613085e-05,2.08929613085e-05,2.08929613085e-05,10,X125 Z135 Y136 Y145 Z146 X155,0.983177777778,0.00329719878012,0.983177777778,0.00329719878012
2.08929613085e-05,2.08929613085e-05,2.08929613085e-05,2.08929613085e-05,10,X126 Z136 Y137 Y146 Z147 X156,0.983533333333,0.00384428719808,0.983533333333,0.00384428719808
2.08929613085e-05,2.08929613085e-05,2.08929613085e-05,2.08929613085e-05,10,X127 Z137 Y138 Y147 Z148 X157,0.982088888889,0.00316945833792,0.982088888889,0.00316945833792
2.08929613085e-05,2.08929613085e-05,2.08929613085e-05,2.08929613085e-05,10,X128 Z138 Y139 Y148 Z149 X158,0.981933333333,0.0033464111273,0.981933333333,0.0033464111273
2.08929613085e-05,2.08929613085e-05,2.08929613085e-05,2.08929613085e-05,10,X129 Z139 Y140 Y149 Z150 X159,0.982066666667,0.003225140705,0.982066666667,0.003225140705
2.08929613085e-05,2.08929613085e-05,2.08929613085e-05,2.08929613085e-05,10,X13 X17,0.993911111111,0.00206954440603,0.993911111111,0.00206954440603
2.08929613085e-05,2.08929613085e-05,2.08929613085e-05,2.08929613085e-05,10,X130 Z140 Y141 Y150 Z151 X160,0.982533333333,0.00357256467972,0.982533333333,0.00357256467972
2.08929613085e-05,2.08929613085e-05,2.08929613085e-05,2.08929613085e-05,10,X132 X142,0.994377777778,0.00194706446363,0.994377777778,0.00194706446363
2.08929613085e-05,2.08929613085e-05,2.08929613085e-05,2.08929613085e-05,10,X133 X143,0.994444444444,0.00211060691701,0.994444444444,0.00211060691701
2.08929613085e-05,2.08929613085e-05,2.08929613085e-05,2.08929613085e-05,10,X134 X144,0.994577777778,0.00190770435016,0.994577777778,0.00190770435016
2.08929613085e-05,2.08929613085e-05,2.08929613085e-05,2.08929613085e-05,10,X135 X145,0.993977777778,0.00214052905218,0.993977777778,0.00214052905218
2.08929613085e-05,2.08929613085e-05,2.08929613085e-05,2.08929613085e-05,10,X136 X146,0.993422222222,0.0021207483197,0.993422222222,0.0021207483197
2.08929613085e-05,2.08929613085e-05,2.08929613085e-05,2.08929613085e-05,10,X137 X147,0.993822222222,0.0019646947709,0.993822222222,0.0019646947709
2.08929613085e-05,2.08929613085e-05,2.08929613085e-05,2.08929613085e-05,10,X138 X148,0.993755555556,0.00211894091476,0.993755555556,0.00211894091476
2.08929613085e-05,2.08929613085e-05,2.08929613085e-05,2.08929613085e-05,10,X139 X149,0.993488888889,0.00216331895809,0.993488888889,0.00216331895809
2.08929613085e-05,2.08929613085e-05,2.08929613085e-05,2.08929613085e-05,10,X14 X18,0.994155555556,0.00209127604693,0.994155555556,0.00209127604693
2.08929613085e-05,2.08929613085e-05,2.08929613085e-05,2.08929613085e-05,10,X140 X150,0.993866666667,0.00200688470194,0.993866666667,0.00200688470194
2.08929613085e-05,2.08929613085e-05,2.08929613085e-05,2.08929613085e-05,10,X141 X151,0.994377777778,0.00175672399159,0.994377777778,0.00175672399159
2.08929613085e-05,2.08929613085e-05,2.08929613085e-05,2.08929613085e-05,10,X143 Z152 Y153 Y161 Z162 X170,0.984266666667,0.00357342254135,0.984266666667,0.00357342254135
2.08929613085e-05,2.08929613085e-05,2.08929613085e-05,2.08929613085e-05,10,X144 Z153 Y154 Y162 Z163 X171,0.983,0.00425886499369,0.983,0.00425886499369
2.08929613085e-05,2.08929613085e-05,2.08929613085e-05,2.08929613085e-05,10,X145 Z154 Y155 Y163 Z164 X172,0.983511111111,0.00336278179561,0.983511111111,0.00336278179561
2.08929613085e-05,2.08929613085e-05,2.08929613085e-05,2.08929613085e-05,10,X146 Z155 Y156 Y164 Z165 X173,0.982866666667,0.00320989848373,0.982866666667,0.00320989848373
2.08929613085e-05,2.08929613085e-05,2.08929613085e-05,2.08929613085e-05,10,X147 Z156 Y157 Y165 Z166 X174,0.982355555556,0.00370867610022,0.982355555556,0.00370867610022
2.08929613085e-05,2.08929613085e-05,2.08929613085e-05,2.08929613085e-05,10,X148 Z157 Y158 Y166 Z167 X175,0.981888888889,0.00254963498752,0.981888888889,0.00254963498752
2.08929613085e-05,2.08929613085e-05,2.08929613085e-05,2.08929613085e-05,10,X149 Z158 Y159 Y167 Z168 X176,0.981,0.00340722693731,0.981,0.00340722693731
2.08929613085e-05,2.08929613085e-05,2.08929613085e-05,2.08929613085e-05,10,X15 X19,0.995,0.00113123538072,0.995,0.00113123538072
2.08929613085e-05,2.08929613085e-05,2.08929613085e-05,2.08929613085e-05,10,X150 Z159 Y160 Y168 Z169 X177,0.981555555556,0.00302902097575,0.981555555556,0.00302902097575
2.08929613085e-05,2.08929613085e-05,2.08929613085e-05,2.08929613085e-05,10,X151 Z160 Y169,0.988888888889,0.0028030270082,0.988888888889,0.0028030270082
2.08929613085e-05,2.08929613085e-05,2.08929613085e-05,2.08929613085e-05,10,X152 X161,0.993777777778,0.00232483400031,0.993777777778,0.00232483400031
2.08929613085e-05,2.08929613085e-05,2.08929613085e-05,2.08929613085e-05,10,X153 X162,0.993511111111,0.00263156980572,0.993511111111,0.00263156980572
2.08929613085e-05,2.08929613085e-05,2.08929613085e-05,2.08929613085e-05,10,X154 X163,0.9934,0.00245948005595,0.9934,0.00245948005595
2.08929613085e-05,2.08929613085e-05,2.08929613085e-05,2.08929613085e-05,10,X155 X164,0.994133333333,0.00175425044849,0.994133333333,0.00175425044849
2.08929613085e-05,2.08929613085e-05,2.08929613085e-05,2.08929613085e-05,10,X156 X165,0.993666666667,0.00203230612833,0.993666666667,0.00203230612833
2.08929613085e-05,2.08929613085e-05,2.08929613085e-05,2.08929613085e-05,10,X157 X166,0.994466666667,0.00190301233278,0.994466666667,0.00190301233278
2.08929613085e-05,2.08929613085e-05,2.08929613085e-05,2.08929613085e-05,10,X158 X167,0.994644444444,0.00244155175413,0.994644444444,0.00244155175413
2.08929613085e-05,2.08929613085e-05,2.08929613085e-05,2.08929613085e-05,10,X159 X168,0.992488888889,0.00238085166727,0.992488888889,0.00238085166727
2.08929613085e-05,2.08929613085e-05,2.08929613085e-05,2.08929613085e-05,10,X16 Z20 Y21 Y25 Z26 X31,0.982933333333,0.00398695189846,0.982933333333,0.00398695189846
2.08929613085e-05,2.08929613085e-05,2.08929613085e-05,2.08929613085e-05,10,X160 X169,0.994066666667,0.00215385246936,0.994066666667,0.00215385246936
2.08929613085e-05,2.08929613085e-05,2.08929613085e-05,2.08929613085e-05,10,X161 Y170 Z178,0.989711111111,0.00251696669192,0.989711111111,0.00251696669192
2.08929613085e-05,2.08929613085e-05,2.08929613085e-05,2.08929613085e-05,10,X162 Z170 Y171 Y178 Z179 X186,0.982244444444,0.00322577423459,0.982244444444,0.00322577423459
2.08929613085e-05,2.08929613085e-05,2.08929613085e-05,2.08929613085e-05,10,X163 Z171 Y172 Y179 Z180 X187,0.982577777778,0.00381460525903,0.982577777778,0.00381460525903
2.08929613085e-05,2.08929613085e-05,2.08929613085e-05,2.08929613085e-05,10,X164 Z172 Y173 Y180 Z181 X188,0.982,0.00402292282377,0.982,0.00402292282377
2.08929613085e-05,2.08929613085e-05,2.08929613085e-05,2.08929613085e-05,10,X165 Z173 Y174 Y181 Z182 X189,0.982444444444,0.00279755412239,0.982444444444,0.00279755412239
2.08929613085e-05,2.08929613085e-05,2.08929613085e-05,2.08929613085e-05,10,X166 Z174 Y175 Y182 Z183 X190,0.982933333333,0.00407440379485,0.982933333333,0.00407440379485
2.08929613085e-05,2.08929613085e-05,2.08929613085e-05,2.08929613085e-05,10,X167 Z175 Y176 Y183 Z184 X191,0.982444444444,0.00279755412239,0.982444444444,0.00279755412239
2.08929613085e-05,2.08929613085e-05,2.08929613085e-05,2.08929613085e-05,10,X168 Z176 Y177 Y184 Z185 X192,0.982888888889,0.00385298146321,0.982888888889,0.00385298146321
2.08929613085e-05,2.08929613085e-05,2.08929613085e-05,2.08929613085e-05,10,X17 Z21 Y22 Y26 Z27 X32,0.9824,0.00305053226936,0.9824,0.00305053226936
2.08929613085e-05,2.08929613085e-05,2.08929613085e-05,2.08929613085e-05,10,X170 X178,0.993622222222,0.00230729865326,0.993622222222,0.00230729865326
2.08929613085e-05,2.08929613085e-05,2.08929613085e-05,2.08929613085e-05,10,X171 X179,0.993577777778,0.00233240266059,0.993577777778,0.00233240266059
2.08929613085e-05,2.08929613085e-05,2.08929613085e-05,2.08929613085e-05,10,X172 X180,0.993977777778,0.00199219421827,0.993977777778,0.00199219421827
2.08929613085e-05,2.08929613085e-05,2.08929613085e-05,2.08929613085e-05,10,X173 X181,0.994133333333,0.00210381882296,0.994133333333,0.00210381882296
2.08929613085e-05,2.08929613085e-05,2.08929613085e-05,2.08929613085e-05,10,X174 X182,0.993244444444,0.00185887811371,0.993244444444,0.00185887811371
2.08929613085e-05,2.08929613085e-05,2.08929613085e-05,2.08929613085e-05,10,X175 X183,0.994244444444,0.00205281478251,0.994244444444,0.00205281478251
2.08929613085e-05,2.08929613085e-05,2.08929613085e-05,2.08929613085e-05,10,X176 X184,0.993066666667,0.00212700209944,0.993066666667,0.00212700209944
2.08929613085e-05,2.08929613085e-05,2.08929613085e-05,2.08929613085e-05,10,X177 X185,0.992688888889,0.0016468554346,0.992688888889,0.0016468554346
2.08929613085e-05,2.08929613085e-05,2.08929613085e-05,2.08929613085e-05,10,X179 Z186 Y187 Y193 Z194 X200,0.982688888889,0.00338345459647,0.982688888889,0.00338345459647
2.08929613085e-05,2.08929613085e-05,2.08929613085e-05,2.08929613085e-05,10,X18 Z22 Y23 Y27 Z28 X33,0.983844444444,0.00315953017184,0.983844444444,0.00315953017184
2.08929613085e-05,2.08929613085e-05,2.08929613085e-05,2.08929613085e-05,10,X180 Z187 Y188 Y194 Z195 X201,0.983022222222,0.00356540780591,0.983022222222,0.00356540780591
2.08929613085e-05,2.08929613085e-05,2.08929613085e-05,2.08929613085e-05,10,X181 Z188 Y189 Y195 Z196 X202,0.983288888889,0.00351867849337,0.983288888889,0.00351867849337
2.08929613085e-05,2.08929613085e-05,2.08929613085e-05,2.08929613085e-05,10,X182 Z189 Y190 Y196 Z197 X203,0.982822222222,0.00351322987626,0.982822222222,0.00351322987626
2.08929613085e-05,2.08929613085e-05,2.08929613085e-05,2.08929613085e-05,10,X183 Z190 Y191 Y197 Z198 X204,0.983422222222,0.00322696176732,0.983422222222,0.00322696176732
2.08929613085e-05,2.08929613085e-05,2.08929613085e-05,2.08929613085e-05,10,X184 Z191 Y192 Y198 Z199 X205,0.982755555556,0.00341613630123,0.982755555556,0.00341613630123
2.08929613085e-05,2.08929613085e-05,2.08929613085e-05,2.08929613085e-05,10,X185 Z192 Y199,0.9872,0.00299885035443,0.9872,0.00299885035443
2.08929613085e-05,2.08929613085e-05,2.08929613085e-05,2.08929613085e-05,10,X186 X193,0.993622222222,0.00173035405615,0.993622222222,0.00173035405615
2.08929613085e-05,2.08929613085e-05,2.08929613085e-05,2.08929613085e-05,10,X187 X194,0.993177777778,0.00189116383176,0.993177777778,0.00189116383176
2.08929613085e-05,2.08929613085e-05,2.08929613085e-05,2.08929613085e-05,10,X188 X195,0.993622222222,0.00203933227246,0.993622222222,0.00203933227246
2.08929613085e-05,2.08929613085e-05,2.08929613085e-05,2.08929613085e-05,10,X189 X196,0.994088888889,0.00217779341616,0.994088888889,0.00217779341616
2.08929613085e-05,2.08929613085e-05,2.08929613085e-05,2.08929613085e-05,10,X19 Z23 Y24 Y28 Z29 X34,0.982622222222,0.00333532507544,0.982622222222,0.00333532507544
2.08929613085e-05,2.08929613085e-05,2.08929613085e-05,2.08929613085e-05,10,X190 X197,0.994177777778,0.00232878593554,0.994177777778,0.00232878593554
2.08929613085e-05,2.08929613085e-05,2.08929613085e-05,2.08929613085e-05,10,X191 X198,0.993955555556,0.00167865420767,0.993955555556,0.00167865420767
2.08929613085e-05,2.08929613085e-05,2.08929613085e-05,2.08929613085e-05,10,X192 X199,0.994466666667,0.00197416260923,0.994466666667,0.00197416260923
2.08929613085e-05,2.08929613085e-05,2.08929613085e-05,2.08929613085e-05,10,X193 Y200 Z206,0.989044444444,0.00276642892391,0.989044444444,0.00276642892391
2.08929613085e-05,2.08929613085e-05,2.08929613085e-05,2.08929613085e-05,10,X194 Z200 Y201 Y206 Z207 X212,0.982955555556,0.00343827156672,0.982955555556,0.00343827156672
2.08929613085e-05,2.08929613085e-05,2.08929613085e-05,2.08929613085e-05,10,X195 Z201 Y202 Y207 Z208 X213,0.982355555556,0.00397591728575,0.982355555556,0.00397591728575
2.08929613085e-05,2.08929613085e-05,2.08929613085e-05,2.08929613085e-05,10,X196 Z202 Y203 Y208 Z209 X214,0.983311111111,0.00364090567375,0.983311111111,0.00364090567375
2.08929613085e-05,2.08929613085e-05,2.08929613085e-05,2.08929613085e-05,10,X197 Z203 Y204 Y209 Z210 X215,0.983044444444,0.00289633581875,0.983044444444,0.00289633581875
2.08929613085e-05,2.08929613085e-05,2.08929613085e-05,2.08929613085e-05,10,X198 Z204 Y205 Y210 Z211 X216,0.9832,0.00357256467972,0.9832,0.00357256467972
2.08929613085e-05,2.08929613085e-05,2.08929613085e-05,2.08929613085e-05,10,X2 X4,0.994533333333,0.00183954017243,0.994533333333,0.00183954017243
2.08929613085e-05,2.08929613085e-05,2.08929613085e-05,2.08929613085e-05,10,X20 X25,0.994622222222,0.00158472916896,0.994622222222,0.00158472916896
2.08929613085e-05,2.08929613085e-05,2.08929613085e-05,2.08929613085e-05,10,X200 X206,0.994355555556,0.00193165470791,0.994355555556,0.00193165470791
2.08929613085e-05,2.08929613085e-05,2.08929613085e-05,2.08929613085e-05,10,X201 X207,0.993888888889,0.00171612441683,0.993888888889,0.00171612441683
2.08929613085e-05,2.08929613085e-05,2.08929613085e-05,2.08929613085e-05,10,X202 X208,0.9942,0.00175206501043,0.9942,0.00175206501043
2.08929613085e-05,2.08929613085e-05,2.08929613085e-05,2.08929613085e-05,10,X203 X209,0.993711111111,0.00234681382332,0.993711111111,0.00234681382332
2.08929613085e-05,2.08929613085e-05,2.08929613085e-05,2.08929613085e-05,10,X204 X210,0.994,0.00167926274646,0.994,0.00167926274646
2.08929613085e-05,2.08929613085e-05,2.08929613085e-05,2.08929613085e-05,10,X205 X211,0.993733333333,0.00194640842249,0.993733333333,0.00194640842249
2.08929613085e-05,2.08929613085e-05,2.08929613085e-05,2.08929613085e-05,10,X207 Z212 Y213 Y217 Z218 X222,0.982666666667,0.0032377088536,0.982666666667,0.0032377088536
2.08929613085e-05,2.08929613085e-05,2.08929613085e-05,2.08929613085e-05,10,X208 Z213 Y214 Y218 Z219 X223,0.9828,0.00274259714148,0.9828,0.00274259714148
2.08929613085e-05,2.08929613085e-05,2.08929613085e-05,2.08929613085e-05,10,X209 Z214 Y215 Y219 Z220 X224,0.982866666667,0.00351962206261,0.982866666667,0.00351962206261
2.08929613085e-05,2.08929613085e-05,2.08929613085e-05,2.08929613085e-05,10,X21 X26,0.994177777778,0.00217920041109,0.994177777778,0.00217920041109
2.08929613085e-05,2.08929613085e-05,2.08929613085e-05,2.08929613085e-05,10,X210 Z215 Y216 Y220 Z221 X225,0.982733333333,0.00357663768989,0.982733333333,0.00357663768989
2.08929613085e-05,2.08929613085e-05,2.08929613085e-05,2.08929613085e-05,10,X211 Z216 Y221,0.988955555556,0.00231393137676,0.988955555556,0.00231393137676
2.08929613085e-05,2.08929613085e-05,2.08929613085e-05,2.08929613085e-05,10,X212 X217,0.993755555556,0.00178956818211,0.993755555556,0.00178956818211
2.08929613085e-05,2.08929613085e-05,2.08929613085e-05,2.08929613085e-05,10,X213 X218,0.994088888889,0.00194745798224,0.994088888889,0.00194745798224
2.08929613085e-05,2.08929613085e-05,2.08929613085e-05,2.08929613085e-05,10,X214 X219,0.993733333333,0.00211254236621,0.993733333333,0.00211254236621
2.08929613085e-05,2.08929613085e-05,2.08929613085e-05,2.08929613085e-05,10,X215 X220,0.993822222222,0.00268917702139,0.993822222222,0.00268917702139
2.08929613085e-05,2.08929613085e-05,2.08929613085e-05,2.08929613085e-05,10,X216 X221,0.994311111111,0.00162106188492,0.994311111111,0.00162106188492
2.08929613085e-05,2.08929613085e-05,2.08929613085e-05,2.08929613085e-05,10,X217 Y222 Z226,0.988933333333,0.00300497671496,0.988933333333,0.00300497671496
2.08929613085e-05,2.08929613085e-05,2.08929613085e-05,2.08929613085e-05,10,X218 Z222 Y223 Y226 Z227 X230,0.982511111111,0.00338436039372,0.982511111111,0.00338436039372
2.08929613085e-05,2.08929613085e-05,2.08929613085e-05,2.08929613085e-05,10,X219 Z223 Y224 Y227 Z228 X231,0.982911111111,0.00376506764282,0.982911111111,0.00376506764282
2.08929613085e-05,2.08929613085e-05,2.08929613085e-05,2.08929613085e-05,10,X22 X27,0.993955555556,0.00220019736721,0.993955555556,0.00220019736721
2.08929613085e-05,2.08929613085e-05,2.08929613085e-05,2.08929613085e-05,10,X220 Z224 Y225 Y228 Z229 X232,0.982288888889,0.00308094294832,0.982288888889,0.00308094294832
2.08929613085e-05,2.08929613085e-05,2.08929613085e-05,2.08929613085e-05,10,X222 X226,0.994133333333,0.00247222114598,0.994133333333,0.00247222114598
2.08929613085e-05,2.08929613085e-05,2.08929613085e-05,2.08929613085e-05,10,X223 X227,0.9944,0.00252254204936,0.9944,0.00252254204936
2.08929613085e-05,2.08929613085e-05,2.08929613085e-05,2.08929613085e-05,10,X224 X228,0.993711111111,0.0020985916338,0.993711111111,0.0020985916338
2.08929613085e-05,2.08929613085e-05,2.08929613085e-05,2.08929613085e-05,10,X225 X229,0.993911111111,0.00234714032141,0.993911111111,0.00234714032141
2.08929613085e-05,2.08929613085e-05,2.08929613085e-05,2.08929613085e-05,10,X227 Z230 Y231 Y233 Z234 X236,0.983577777778,0.00270367046289,0.983577777778,0.00270367046289
2.08929613085e-05,2.08929613085e-05,2.08929613085e-05,2.08929613085e-05,10,X228 Z231 Y232 Y234 Z235 X237,0.9834,0.00253919467126,0.9834,0.00253919467126
2.08929613085e-05,2.08929613085e-05,2.08929613085e-05,2.08929613085e-05,10,X229 Z232 Y235,0.988711111111,0.00327972213258,0.988711111111,0.00327972213258
2.08929613085e-05,2.08929613085e-05,2.08929613085e-05,2.08929613085e-05,10,X23 X28,0.993911111111,0.00192370438727,0.993911111111,0.00192370438727
2.08929613085e-05,2.08929613085e-05,2.08929613085e-05,2.08929613085e-05,10,X230 X233,0.994622222222,0.00215088564728,0.994622222222,0.00215088564728
2.08929613085e-05,2.08929613085e-05,2.08929613085e-05,2.08929613085e-05,10,X231 X234,0.994,0.00208626230888,0.994,0.00208626230888
2.08929613085e-05,2.08929613085e-05,2.08929613085e-05,2.08929613085e-05,10,X232 X235,0.994466666667,0.00199731620698,0.994466666667,0.00199731620698
2.08929613085e-05,2.08929613085e-05,2.08929613085e-05,2.08929613085e-05,10,X233 Y236 Z238,0.989444444444,0.00279069792193,0.989444444444,0.00279069792193
2.08929613085e-05,2.08929613085e-05,2.08929613085e-05,2.08929613085e-05,10,X234 Z236 Y237 Y238 Z239 X240,0.983733333333,0.00346011759816,0.983733333333,0.00346011759816
2.08929613085e-05,2.08929613085e-05,2.08929613085e-05,2.08929613085e-05,10,X236 X238,0.994133333333,0.00134932933533,0.994133333333,0.00134932933533
2.08929613085e-05,2.08929613085e-05,2.08929613085e-05,2.08929613085e-05,10,X237 X239,0.9938,0.00262700388757,0.9938,0.00262700388757
2.08929613085e-05,2.08929613085e-05,2.08929613085e-05,2.08929613085e-05,10,X239 Z240 Y241,0.989222222222,0.00208687438526,0.989222222222,0.00208687438526
2.08929613085e-05,2.08929613085e-05,2.08929613085e-05,2.08929613085e-05,10,X24 X29,0.993333333333,0.00224205707407,0.993333333333,0.00224205707407
2.08929613085e-05,2.08929613085e-05,2.08929613085e-05,2.08929613085e-05,10,X240 X241,0.994377777778,0.0018418991809,0.994377777778,0.0018418991809
2.08929613085e-05,2.08929613085e-05,2.08929613085e-05,2.08929613085e-05,10,X25 Z30 Y31 Y36 Z37 X43,0.983555555556,0.00238342509804,0.983555555556,0.00238342509804
2.08929613085e-05,2.08929613085e-05,2.08929613085e-05,2.08929613085e-05,10,X26 Z31 Y32 Y37 Z38 X44,0.983711111111,0.00348256008943,0.983711111111,0.00348256008943
2.08929613085e-05,2.08929613085e-05,2.08929613085e-05,2.08929613085e-05,10,X27 Z32 Y33 Y38 Z39 X45,0.983444444444,0.00350624329131,0.983444444444,0.00350624329131
2.08929613085e-05,2.08929613085e-05,2.08929613085e-05,2.08929613085e-05,10,X28 Z33 Y34 Y39 Z40 X46,0.983555555556,0.00287855505117,0.983555555556,0.00287855505117
2.08929613085e-05,2.08929613085e-05,2.08929613085e-05,2.08929613085e-05,10,X29 Z34 Y35 Y40 Z41 X47,0.982755555556,0.00337097520291,0.982755555556,0.00337097520291
2.08929613085e-05,2.08929613085e-05,2.08929613085e-05,2.08929613085e-05,10,X3 X5,0.994533333333,0.00157956296395,0.994533333333,0.00157956296395
2.08929613085e-05,2.08929613085e-05,2.08929613085e-05,2.08929613085e-05,10,X30 X36,0.993488888889,0.00211314683055,0.993488888889,0.00211314683055
2.08929613085e-05,2.08929613085e-05,2.08929613085e-05,2.08929613085e-05,10,X31 X37,0.993777777778,0.00196000886176,0.993777777778,0.00196000886176
2.08929613085e-05,2.08929613085e-05,2.08929613085e-05,2.08929613085e-05,10,X32 X38,0.993533333333,0.00184577803425,0.993533333333,0.00184577803425
2.08929613085e-05,2.08929613085e-05,2.08929613085e-05,2.08929613085e-05,10,X33 X39,0.994288888889,0.00191532103355,0.994288888889,0.00191532103355
2.08929613085e-05,2.08929613085e-05,2.08929613085e-05,2.08929613085e-05,10,X34 X40,0.993933333333,0.00205927487889,0.993933333333,0.00205927487889
2.08929613085e-05,2.08929613085e-05,2.08929613085e-05,2.08929613085e-05,10,X35 X41,0.994177777778,0.00175016875669,0.994177777778,0.00175016875669
2.08929613085e-05,2.08929613085e-05,2.08929613085e-05,2.08929613085e-05,10,X36 Z42 Y43 Y49 Z50 X57,0.983044444444,0.00376994906653,0.983044444444,0.00376994906653
2.08929613085e-05,2.08929613085e-05,2.08929613085e-05,2.08929613085e-05,10,X37 Z43 Y44 Y50 Z51 X58,0.982977777778,0.00278327425546,0.982977777778,0.00278327425546
2.08929613085e-05,2.08929613085e-05,2.08929613085e-05,2.08929613085e-05,10,X38 Z44 Y45 Y51 Z52 X59,0.982377777778,0.00360367344863,0.982377777778,0.00360367344863
2.08929613085e-05,2.08929613085e-05,2.08929613085e-05,2.08929613085e-05,10,X39 Z45 Y46 Y52 Z53 X60,0.982422222222,0.00349047234487,0.982422222222,0.00349047234487
2.08929613085e-05,2.08929613085e-05,2.08929613085e-05,2.08929613085e-05,10,X4 Z6 Y7 Y9 Z10 X13,0.983088888889,0.00259373446848,0.983088888889,0.00259373446848
2.08929613085e-05,2.08929613085e-05,2.08929613085e-05,2.08929613085e-05,10,X40 Z46 Y47 Y53 Z54 X61,0.983111111111,0.00318200560062,0.983111111111,0.00318200560062
2.08929613085e-05,2.08929613085e-05,2.08929613085e-05,2.08929613085e-05,10,X41 Z47 Y48 Y54 Z55 X62,0.982822222222,0.002922673071,0.982822222222,0.002922673071
2.08929613085e-05,2.08929613085e-05,2.08929613085e-05,2.08929613085e-05,10,X42 X49,0.994311111111,0.00174841654324,0.994311111111,0.00174841654324
2.08929613085e-05,2.08929613085e-05,2.08929613085e-05,2.08929613085e-05,10,X43 X50,0.993977777778,0.00209713055799,0.993977777778,0.00209713055799
2.08929613085e-05,2.08929613085e-05,2.08929613085e-05,2.08929613085e-05,10,X44 X51,0.993955555556,0.00173256688035,0.993955555556,0.00173256688035
2.08929613085e-05,2.08929613085e-05,2.08929613085e-05,2.08929613085e-05,10,X45 X52,0.993155555556,0.00224160132509,0.993155555556,0.00224160132509
2.08929613085e-05,2.08929613085e-05,2.08929613085e-05,2.08929613085e-05,10,X46 X53,0.993266666667,0.00244071467456,0.993266666667,0.00244071467456
2.08929613085e-05,2.08929613085e-05,2.08929613085e-05,2.08929613085e-05,10,X47 X54,0.9936,0.00213419522819,0.9936,0.00213419522819
2.08929613085e-05,2.08929613085e-05,2.08929613085e-05,2.08929613085e-05,10,X48 X55,0.993955555556,0.00133256682949,0.993955555556,0.00133256682949
2.08929613085e-05,2.08929613085e-05,2.08929613085e-05,2.08929613085e-05,10,X49 Z56 Y57 Y64 Z65 X73,0.9844,0.00352593021883,0.9844,0.00352593021883
2.08929613085e-05,2.08929613085e-05,2.08929613085e-05,2.08929613085e-05,10,X5 Z7 Y8 Y10 Z11 X14,0.982466666667,0.00377184569188,0.982466666667,0.00377184569188
2.08929613085e-05,2.08929613085e-05,2.08929613085e-05,2.08929613085e-05,10,X50 Z57 Y58 Y65 Z66 X74,0.983088888889,0.00339250168583,0.983088888889,0.00339250168583
2.08929613085e-05,2.08929613085e-05,2.08929613085e-05,2.08929613085e-05,10,X51 Z58 Y59 Y66 Z67 X75,0.982733333333,0.00305429789513,0.982733333333,0.00305429789513
2.08929613085e-05,2.08929613085e-05,2.08929613085e-05,2.08929613085e-05,10,X52 Z59 Y60 Y67 Z68 X76,0.981777777778,0.00386092849426,0.981777777778,0.00386092849426
2.08929613085e-05,2.08929613085e-05,2.08929613085e-05,2.08929613085e-05,10,X53 Z60 Y61 Y68 Z69 X77,0.983111111111,0.00297799507413,0.983111111111,0.00297799507413
2.08929613085e-05,2.08929613085e-05,2.08929613085e-05,2.08929613085e-05,10,X54 Z61 Y62 Y69 Z70 X78,0.982822222222,0.00406341808567,0.982822222222,0.00406341808567
2.08929613085e-05,2.08929613085e-05,2.08929613085e-05,2.08929613085e-05,10,X55 Z62 Y63 Y70 Z71 X79,0.982444444444,0.00378070655009,0.982444444444,0.00378070655009
2.08929613085e-05,2.08929613085e-05,2.08929613085e-05,2.08929613085e-05,10,X56 X64,0.992755555556,0.00213515248109,0.992755555556,0.00213515248109
2.08929613085e-05,2.08929613085e-05,2.08929613085e-05,2.08929613085e-05,10,X57 X65,0.992555555556,0.00257356638414,0.992555555556,0.00257356638414
2.08929613085e-05,2.08929613085e-05,2.08929613085e-05,2.08929613085e-05,10,X58 X66,0.993133333333,0.00243316799942,0.993133333333,0.00243316799942
2.08929613085e-05,2.08929613085e-05,2.08929613085e-05,2.08929613085e-05,10,X59 X67,0.994022222222,0.00171969286515,0.994022222222,0.00171969286515
2.08929613085e-05,2.08929613085e-05,2.08929613085e-05,2.08929613085e-05,10,X6 X9,0.994511111111,0.00204683351997,0.994511111111,0.00204683351997
2.08929613085e-05,2.08929613085e-05,2.08929613085e-05,2.08929613085e-05,10,X60 X68,0.993577777778,0.00171075778807,0.993577777778,0.00171075778807
2.08929613085e-05,2.08929613085e-05,2.08929613085e-05,2.08929613085e-05,10,X61 X69,0.994066666667,0.00207410600231,0.994066666667,0.00207410600231
2.08929613085e-05,2.08929613085e-05,2.08929613085e-05,2.08929613085e-05,10,X62 X70,0.993822222222,0.00204870454037,0.993822222222,0.00204870454037
2.08929613085e-05,2.08929613085e-05,2.08929613085e-05,2.08929613085e-05,10,X63 X71,0.994555555556,0.00227653923901,0.994555555556,0.00227653923901
2.08929613085e-05,2.08929613085e-05,2.08929613085e-05,2.08929613085e-05,10,X64 Z72 Y73 Y81 Z82 X91,0.981355555556,0.00308491985692,0.981355555556,0.00308491985692
2.08929613085e-05,2.08929613085e-05,2.08929613085e-05,2.08929613085e-05,10,X65 Z73 Y74 Y82 Z83 X92,0.982866666667,0.00362261944558,0.982866666667,0.00362261944558
2.08929613085e-05,2.08929613085e-05,2.08929613085e-05,2.08929613085e-05,10,X66 Z74 Y75 Y83 Z84 X93,0.981644444444,0.00265360787197,0.981644444444,0.00265360787197
2.08929613085e-05,2.08929613085e-05,2.08929613085e-05,2.08929613085e-05,10,X67 Z75 Y76 Y84 Z85 X94,0.9812,0.00315815553134,0.9812,0.00315815553134
2.08929613085e-05,2.08929613085e-05,2.08929613085e-05,2.08929613085e-05,10,X68 Z76 Y77 Y85 Z86 X95,0.983422222222,0.0027500377334,0.983422222222,0.0027500377334
2.08929613085e-05,2.08929613085e-05,2.08929613085e-05,2.08929613085e-05,10,X69 Z77 Y78 Y86 Z87 X96,0.982155555556,0.00269344789408,0.982155555556,0.00269344789408
2.08929613085e-05,2.08929613085e-05,2.08929613085e-05,2.08929613085e-05,10,X7 X10,0.994222222222,0.00163611851048,0.994222222222,0.00163611851048
2.08929613085e-05,2.08929613085e-05,2.08929613085e-05,2.08929613085e-05,10,X70 Z78 Y79 Y87 Z88 X97,0.982911111111,0.00387341200519,0.982911111111,0.00387341200519
2.08929613085e-05,2.08929613085e-05,2.08929613085e-05,2.08929613085e-05,10,X71 Z79 Y80 Y88 Z89 X98,0.982888888889,0.00400127693539,0.982888888889,0.00400127693539
2.08929613085e-05,2.08929613085e-05,2.08929613085e-05,2.08929613085e-05,10,X72 X81,0.994622222222,0.00201856011299,0.994622222222,0.00201856011299
2.08929613085e-05,2.08929613085e-05,2.08929613085e-05,2.08929613085e-05,10,X73 X82,0.994288888889,0.00201666112535,0.994288888889,0.00201666112535
2.08929613085e-05,2.08929613085e-05,2.08929613085e-05,2.08929613085e-05,10,X74 X83,0.993644444444,0.00232087533581,0.993644444444,0.00232087533581
2.08929613085e-05,2.08929613085e-05,2.08929613085e-05,2.08929613085e-05,10,X75 X84,0.993866666667,0.00214708213299,0.993866666667,0.00214708213299
2.08929613085e-05,2.08929613085e-05,2.08929613085e-05,2.08929613085e-05,10,X76 X85,0.994111111111,0.00207213465245,0.994111111111,0.00207213465245
2.08929613085e-05,2.08929613085e-05,2.08929613085e-05,2.08929613085e-05,10,X77 X86,0.993822222222,0.00260228801969,0.993822222222,0.00260228801969
2.08929613085e-05,2.08929613085e-05,2.08929613085e-05,2.08929613085e-05,10,X78 X87,0.993666666667,0.00176600508107,0.993666666667,0.00176600508107
2.08929613085e-05,2.08929613085e-05,2.08929613085e-05,2.08929613085e-05,10,X79 X88,0.993377777778,0.00245063653211,0.993377777778,0.00245063653211
2.08929613085e-05,2.08929613085e-05,2.08929613085e-05,2.08929613085e-05,10,X8 X11,0.994422222222,0.00152107376203,0.994422222222,0.00152107376203
2.08929613085e-05,2.08929613085e-05,2.08929613085e-05,2.08929613085e-05,10,X80 X89,0.992533333333,0.00252739776521,0.992533333333,0.00252739776521
2.08929613085e-05,2.08929613085e-05,2.08929613085e-05,2.08929613085e-05,10,X81 Z90 Y91 Y100 Z101 X111,0.982866666667,0.00280748861746,0.982866666667,0.00280748861746
2.08929613085e-05,2.08929613085e-05,2.08929613085e-05,2.08929613085e-05,10,X82 Z91 Y92 Y101 Z102 X112,0.982511111111,0.00389786593871,0.982511111111,0.00389786593871
2.08929613085e-05,2.08929613085e-05,2.08929613085e-05,2.08929613085e-05,10,X83 Z92 Y93 Y102 Z103 X113,0.982133333333,0.00365735494733,0.982133333333,0.00365735494733
2.08929613085e-05,2.08929613085e-05,2.08929613085e-05,2.08929613085e-05,10,X84 Z93 Y94 Y103 Z104 X114,0.982777777778,0.00347551185164,0.982777777778,0.00347551185164
2.08929613085e-05,2.08929613085e-05,2.08929613085e-05,2.08929613085e-05,10,X85 Z94 Y95 Y104 Z105 X115,0.982311111111,0.00301583729417,0.982311111111,0.00301583729417
2.08929613085e-05,2.08929613085e-05,2.08929613085e-05,2.08929613085e-05,10,X86 Z95 Y96 Y105 Z106 X116,0.982822222222,0.00310571507963,0.982822222222,0.00310571507963
2.08929613085e-05,2.08929613085e-05,2.08929613085e-05,2.08929613085e-05,10,X87 Z96 Y97 Y106 Z107 X117,0.982711111111,0.00335365453243,0.982711111111,0.00335365453243
2.08929613085e-05,2.08929613085e-05,2.08929613085e-05,2.08929613085e-05,10,X88 Z97 Y98 Y107 Z108 X118,0.982555555556,0.00295085328699,0.982555555556,0.00295085328699
2.08929613085e-05,2.08929613085e-05,2.08929613085e-05,2.08929613085e-05,10,X89 Z98 Y99 Y108 Z109 X119,0.981844444444,0.00432646080425,0.981844444444,0.00432646080425
2.08929613085e-05,2.08929613085e-05,2.08929613085e-05,2.08929613085e-05,10,X9 Z12 Y13 Y16 Z17 X21,0.983377777778,0.00232878593554,0.983377777778,0.00232878593554
2.08929613085e-05,2.08929613085e-05,2.08929613085e-05,2.08929613085e-05,10,X90 X100,0.993,0.00221973040371,0.993,0.00221973040371
2.08929613085e-05,2.08929613085e-05,2.08929613085e-05,2.08929613085e-05,10,X91 X101,0.993311111111,0.00200752098004,0.993311111111,0.00200752098004
2.08929613085e-05,2.08929613085e-05,2.08929613085e-05,2.08929613085e-05,10,X92 X102,0.993266666667,0.00197571462409,0.993266666667,0.00197571462409
2.08929613085e-05,2.08929613085e-05,2.08929613085e-05,2.08929613085e-05,10,X93 X103,0.992577777778,0.00200942860549,0.992577777778,0.00200942860549
2.08929613085e-05,2.08929613085e-05,2.08929613085e-05,2.08929613085e-05,10,X94 X104,0.993488888889,0.00235983851213,0.993488888889,0.00235983851213
2.08929613085e-05,2.08929613085e-05,2.08929613085e-05,2.08929613085e-05,10,X95 X105,0.993377777778,0.00254271302499,0.993377777778,0.00254271302499
2.08929613085e-05,2.08929613085e-05,2.08929613085e-05,2.08929613085e-05,10,X96 X106,0.993866666667,0.00183118996966,0.993866666667,0.00183118996966
2.08929613085e-05,2.08929613085e-05,2.08929613085e-05,2.08929613085e-05,10,X97 X107,0.993933333333,0.00183912356271,0.993933333333,0.00183912356271
2.08929613085e-05,2.08929613085e-05,2.08929613085e-05,2.08929613085e-05,10,X98 X108,0.993977777778,0.00187325056743,0.993977777778,0.00187325056743
2.08929613085e-05,2.08929613085e-05,2.08929613085e-05,2.08929613085e-05,10,X99 X109,0.994844444444,0.00247552515166,0.994844444444,0.00247552515166
2.08929613085e-05,2.08929613085e-05,2.08929613085e-05,2.08929613085e-05,10,Y0 Z1 X2,0.9894,0.00285726874381,0.9894,0.00285726874381
2.08929613085e-05,2.08929613085e-05,2.08929613085e-05,2.08929613085e-05,10,Y20 Z25 X30,0.988777777778,0.00264985119706,0.988777777778,0.00264985119706
2.08929613085e-05,2.08929613085e-05,2.08929613085e-05,2.08929613085e-05,10,Y42 Z49 X56,0.987666666667,0.00257158060732,0.987666666667,0.00257158060732
2.08929613085e-05,2.08929613085e-05,2.08929613085e-05,2.08929613085e-05,10,Y6 Z9 X12,0.988644444444,0.00286868858571,0.988644444444,0.00286868858571
2.08929613085e-05,2.08929613085e-05,2.08929613085e-05,2.08929613085e-05,10,Y72 Z81 X90,0.988111111111,0.00288785716914,0.988111111111,0.00288785716914
2.08929613085e-05,2.08929613085e-05,2.08929613085e-05,2.08929613085e-05,10,Z15 Y19 X24,0.9898,0.00271874435746,0.9898,0.00271874435746
2.08929613085e-05,2.08929613085e-05,2.08929613085e-05,2.08929613085e-05,10,Z3 Y5 X8,0.988822222222,0.00292791209242,0.988822222222,0.00292791209242
2.08929613085e-05,2.08929613085e-05,2.08929613085e-05,2.08929613085e-05,10,Z35 Y41 X48,0.988622222222,0.00217920041109,0.988622222222,0.00217920041109
2.08929613085e-05,2.08929613085e-05,2.08929613085e-05,2.08929613085e-05,10,Z63 Y71 X80,0.989466666667,0.0029368839535,0.989466666667,0.0029368839535
2.08929613085e-05,2.08929613085e-05,2.08929613085e-05,2.08929613085e-05,10,Z99 Y109 X120,0.989511111111,0.00269487001419,0.989511111111,0.00269487001419
