g1_z,IZ,ZI,ZZ,round,operator,mean,std,mean_signed,std_signed
0.00173780082875,0.00173780082875,0.00173780082875,0.00173780082875,1,Logical X,0.762155555556,0.0114613237129,0.759555555556,0.00997519272933
0.00173780082875,0.00173780082875,0.00173780082875,0.00173780082875,1,Logical Y,0.0151555555556,0.0109207291145,0.00395555555556,0.0163439405701
0.00173780082875,0.00173780082875,0.00173780082875,0.00173780082875,1,Logical Z,0.0158222222222,0.0118366057749,0.00282222222222,0.024174134135
0.00173780082875,0.00173780082875,0.00173780082875,0.00173780082875,1,X0 X1,0.972822222222,0.00422248436371,0.972822222222,0.00422248436371
0.00173780082875,0.00173780082875,0.00173780082875,0.00173780082875,1,X1 Z2 Y3 Y4 Z5 X7,0.935177777778,0.00638168676182,0.935177777778,0.00638168676182
0.00173780082875,0.00173780082875,0.00173780082875,0.00173780082875,1,X10 Z13 Y14 Y17 Z18 X22,0.9214,0.00767211200922,0.9214,0.00767211200922
0.00173780082875,0.00173780082875,0.00173780082875,0.00173780082875,1,X100 Z110 Y111 Y121 Z122 X132,0.905755555556,0.00579729976339,0.905755555556,0.00579729976339
0.00173780082875,0.00173780082875,0.00173780082875,0.00173780082875,1,X101 Z111 Y112 Y122 Z123 X133,0.902133333333,0.00767420918336,0.902133333333,0.00767420918336
0.00173780082875,0.00173780082875,0.00173780082875,0.00173780082875,1,X102 Z112 Y113 Y123 Z124 X134,0.905155555556,0.00849238258331,0.905155555556,0.00849238258331
0.00173780082875,0.00173780082875,0.00173780082875,0.00173780082875,1,X103 Z113 Y114 Y124 Z125 X135,0.904177777778,0.00940030705186,0.904177777778,0.00940030705186
0.00173780082875,0.00173780082875,0.00173780082875,0.00173780082875,1,X104 Z114 Y115 Y125 Z126 X136,0.8824,0.00832592774392,0.8824,0.00832592774392
0.00173780082875,0.00173780082875,0.00173780082875,0.00173780082875,1,X105 Z115 Y116 Y126 Z127 X137,0.887822222222,0.00676917361031,0.887822222222,0.00676917361031
0.00173780082875,0.00173780082875,0.00173780082875,0.00173780082875,1,X106 Z116 Y117 Y127 Z128 X138,0.934244444444,0.00516244420217,0.934244444444,0.00516244420217
0.00173780082875,0.00173780082875,0.00173780082875,0.00173780082875,1,X107 Z117 Y118 Y128 Z129 X139,0.913044444444,0.00787776994201,0.913044444444,0.00787776994201
0.00173780082875,0.00173780082875,0.00173780082875,0.00173780082875,1,X108 Z118 Y119 Y129 Z130 X140,0.892733333333,0.00853812724538,0.892733333333,0.00853812724538
0.00173780082875,0.00173780082875,0.00173780082875,0.00173780082875,1,X109 Z119 Y120 Y130 Z131 X141,0.884288888889,0.0081229693405,0.884288888889,0.0081229693405
0.00173780082875,0.00173780082875,0.00173780082875,0.00173780082875,1,X11 Z14 Y15 Y18 Z19 X23,0.919444444444,0.0102386591156,0.919444444444,0.0102386591156
0.00173780082875,0.00173780082875,0.00173780082875,0.00173780082875,1,X110 X121,0.921733333333,0.00645313194328,0.921733333333,0.00645313194328
0.00173780082875,0.00173780082875,0.00173780082875,0.00173780082875,1,X111 X122,0.925933333333,0.00643350902029,0.925933333333,0.00643350902029
0.00173780082875,0.00173780082875,0.00173780082875,0.00173780082875,1,X112 X123,0.936288888889,0.00598512417303,0.936288888889,0.00598512417303
0.00173780082875,0.00173780082875,0.00173780082875,0.00173780082875,1,X113 X124,0.946266666667,0.00675028025529,0.946266666667,0.00675028025529
0.00173780082875,0.00173780082875,0.00173780082875,0.00173780082875,1,X114 X125,0.958022222222,0.00422175839356,0.958022222222,0.00422175839356
0.00173780082875,0.00173780082875,0.00173780082875,0.00173780082875,1,X115 X126,0.925777777778,0.0076199643674,0.925777777778,0.0076199643674
0.00173780082875,0.00173780082875,0.00173780082875,0.00173780082875,1,X116 X127,0.961022222222,0.00486675589064,0.961022222222,0.00486675589064
0.00173780082875,0.00173780082875,0.00173780082875,0.00173780082875,1,X117 X128,0.947222222222,0.00474025181068,0.947222222222,0.00474025181068
0.00173780082875,0.00173780082875,0.00173780082875,0.00173780082875,1,X118 X129,0.926666666667,0.00631728153378,0.926666666667,0.00631728153378
0.00173780082875,0.00173780082875,0.00173780082875,0.00173780082875,1,X119 X130,0.904955555556,0.00835181093232,0.904955555556,0.00835181093232
0.00173780082875,0.00173780082875,0.00173780082875,0.00173780082875,1,X12 X16,0.937288888889,0.00474622926221,0.937288888889,0.00474622926221
0.00173780082875,0.00173780082875,0.00173780082875,0.00173780082875,1,X120 X131,0.901822222222,0.00799412300095,0.901822222222,0.00799412300095
0.00173780082875,0.00173780082875,0.00173780082875,0.00173780082875,1,X121 Y132 Z142,0.966444444444,0.00458995516079,0.966444444444,0.00458995516079
0.00173780082875,0.00173780082875,0.00173780082875,0.00173780082875,1,X122 Z132 Y133 Y142 Z143 X152,0.8786,0.00854709737649,0.8786,0.00854709737649
0.00173780082875,0.00173780082875,0.00173780082875,0.00173780082875,1,X123 Z133 Y134 Y143 Z144 X153,0.876044444444,0.00776263440951,0.876044444444,0.00776263440951
0.00173780082875,0.00173780082875,0.00173780082875,0.00173780082875,1,X124 Z134 Y135 Y144 Z145 X154,0.875977777778,0.00846626541421,0.875977777778,0.00846626541421
0.00173780082875,0.00173780082875,0.00173780082875,0.00173780082875,1,X125 Z135 Y136 Y145 Z146 X155,0.876844444444,0.0092937309787,0.876844444444,0.0092937309787
0.00173780082875,0.00173780082875,0.00173780082875,0.00173780082875,1,X126 Z136 Y137 Y146 Z147 X156,0.875977777778,0.00620587617553,0.875977777778,0.00620587617553
0.00173780082875,0.00173780082875,0.00173780082875,0.00173780082875,1,X127 Z137 Y138 Y147 Z148 X157,0.935133333333,0.00744049188832,0.935133333333,0.00744049188832
0.00173780082875,0.00173780082875,0.00173780082875,0.00173780082875,1,X128 Z138 Y139 Y148 Z149 X158,0.880288888889,0.00922545758694,0.880288888889,0.00922545758694
0.00173780082875,0.00173780082875,0.00173780082875,0.00173780082875,1,X129 Z139 Y140 Y149 Z150 X159,0.804333333333,0.0104749290179,0.804333333333,0.0104749290179
0.00173780082875,0.00173780082875,0.00173780082875,0.00173780082875,1,X13 X17,0.943333333333,0.00693262595861,0.943333333333,0.00693262595861
0.00173780082875,0.00173780082875,0.00173780082875,0.00173780082875,1,X130 Z140 Y141 Y150 Z151 X160,0.871911111111,0.00936895228519,0.871911111111,0.00936895228519
0.00173780082875,0.00173780082875,0.00173780082875,0.00173780082875,1,X132 X142,0.963377777778,0.00478161656351,0.963377777778,0.00478161656351
0.00173780082875,0.00173780082875,0.00173780082875,0.00173780082875,1,X133 X143,0.951644444444,0.00580588506645,0.951644444444,0.00580588506645
0.00173780082875,0.00173780082875,0.00173780082875,0.00173780082875,1,X134 X144,0.941555555556,0.00818433853102,0.941555555556,0.00818433853102
0.00173780082875,0.00173780082875,0.00173780082875,0.00173780082875,1,X135 X145,0.934044444444,0.00708553830905,0.934044444444,0.00708553830905
0.00173780082875,0.00173780082875,0.00173780082875,0.00173780082875,1,X136 X146,0.928511111111,0.00785634103819,0.928511111111,0.00785634103819
0.00173780082875,0.00173780082875,0.00173780082875,0.00173780082875,1,X137 X147,0.930466666667,0.00620752231839,0.930466666667,0.00620752231839
0.00173780082875,0.00173780082875,0.00173780082875,0.00173780082875,1,X138 X148,0.923244444444,0.00684303115229,0.923244444444,0.00684303115229
0.00173780082875,0.00173780082875,0.00173780082875,0.00173780082875,1,X139 X149,0.8974,0.00683544963024,0.8974,0.00683544963024
0.00173780082875,0.00173780082875,0.00173780082875,0.00173780082875,1,X14 X18,0.954444444444,0.0050479185296,0.954444444444,0.0050479185296
0.00173780082875,0.00173780082875,0.00173780082875,0.00173780082875,1,X140 X150,0.948222222222,0.00632051536124,0.948222222222,0.00632051536124
0.00173780082875,0.00173780082875,0.00173780082875,0.00173780082875,1,X141 X151,0.9668,0.00518884745691,0.9668,0.00518884745691
0.00173780082875,0.00173780082875,0.00173780082875,0.00173780082875,1,X143 Z152 Y153 Y161 Z162 X170,0.8986,0.00665366548361,0.8986,0.00665366548361
0.00173780082875,0.00173780082875,0.00173780082875,0.00173780082875,1,X144 Z153 Y154 Y162 Z163 X171,0.894977777778,0.00739002814367,0.894977777778,0.00739002814367
0.00173780082875,0.00173780082875,0.00173780082875,0.00173780082875,1,X145 Z154 Y155 Y163 Z164 X172,0.897133333333,0.0100392333819,0.897133333333,0.0100392333819
0.00173780082875,0.00173780082875,0.00173780082875,0.00173780082875,1,X146 Z155 Y156 Y164 Z165 X173,0.896777777778,0.00886870313375,0.896777777778,0.00886870313375
0.00173780082875,0.00173780082875,0.00173780082875,0.00173780082875,1,X147 Z156 Y157 Y165 Z166 X174,0.898688888889,0.00864184479619,0.898688888889,0.00864184479619
0.00173780082875,0.00173780082875,0.00173780082875,0.00173780082875,1,X148 Z157 Y158 Y166 Z167 X175,0.851244444444,0.00921556792658,0.851244444444,0.00921556792658
0.00173780082875,0.00173780082875,0.00173780082875,0.00173780082875,1,X149 Z158 Y159 Y167 Z168 X176,0.784622222222,0.0111388771844,0.784622222222,0.0111388771844
0.00173780082875,0.00173780082875,0.00173780082875,0.00173780082875,1,X15 X19,0.964288888889,0.00457775173894,0.964288888889,0.00457775173894
0.00173780082875,0.00173780082875,0.00173780082875,0.00173780082875,1,X150 Z159 Y160 Y168 Z169 X177,0.872866666667,0.00870662758964,0.872866666667,0.00870662758964
0.00173780082875,0.00173780082875,0.00173780082875,0.00173780082875,1,X151 Z160 Y169,0.963288888889,0.0051637799376,0.963288888889,0.0051637799376
0.00173780082875,0.00173780082875,0.00173780082875,0.00173780082875,1,X152 X161,0.916422222222,0.00729558378638,0.916422222222,0.00729558378638
0.00173780082875,0.00173780082875,0.00173780082875,0.00173780082875,1,X153 X162,0.917733333333,0.00694057976754,0.917733333333,0.00694057976754
0.00173780082875,0.00173780082875,0.00173780082875,0.00173780082875,1,X154 X163,0.926777777778,0.00555593868411,0.926777777778,0.00555593868411
0.00173780082875,0.00173780082875,0.00173780082875,0.00173780082875,1,X155 X164,0.940133333333,0.00525925566168,0.940133333333,0.00525925566168
0.00173780082875,0.00173780082875,0.00173780082875,0.00173780082875,1,X156 X165,0.949377777778,0.00512505178618,0.949377777778,0.00512505178618
0.00173780082875,0.00173780082875,0.00173780082875,0.00173780082875,1,X157 X166,0.959822222222,0.00573470535129,0.959822222222,0.00573470535129
0.00173780082875,0.00173780082875,0.00173780082875,0.00173780082875,1,X158 X167,0.965977777778,0.0048879657784,0.965977777778,0.0048879657784
0.00173780082875,0.00173780082875,0.00173780082875,0.00173780082875,1,X159 X168,0.861422222222,0.00893695814833,0.861422222222,0.00893695814833
0.00173780082875,0.00173780082875,0.00173780082875,0.00173780082875,1,X16 Z20 Y21 Y25 Z26 X31,0.901133333333,0.00750611500392,0.901133333333,0.00750611500392
0.00173780082875,0.00173780082875,0.00173780082875,0.00173780082875,1,X160 X169,0.954844444444,0.0055830431102,0.954844444444,0.0055830431102
0.00173780082875,0.00173780082875,0.00173780082875,0.00173780082875,1,X161 Y170 Z178,0.969355555556,0.00400567923776,0.969355555556,0.00400567923776
0.00173780082875,0.00173780082875,0.00173780082875,0.00173780082875,1,X162 Z170 Y171 Y178 Z179 X186,0.880577777778,0.00725186372311,0.880577777778,0.00725186372311
0.00173780082875,0.00173780082875,0.00173780082875,0.00173780082875,1,X163 Z171 Y172 Y179 Z180 X187,0.875488888889,0.00676407760521,0.875488888889,0.00676407760521
0.00173780082875,0.00173780082875,0.00173780082875,0.00173780082875,1,X164 Z172 Y173 Y180 Z181 X188,0.873955555556,0.0104458953912,0.873955555556,0.0104458953912
0.00173780082875,0.00173780082875,0.00173780082875,0.00173780082875,1,X165 Z173 Y174 Y181 Z182 X189,0.876933333333,0.00778366498592,0.876933333333,0.00778366498592
0.00173780082875,0.00173780082875,0.00173780082875,0.00173780082875,1,X166 Z174 Y175 Y182 Z183 X190,0.871377777778,0.00797492878616,0.871377777778,0.00797492878616
0.00173780082875,0.00173780082875,0.00173780082875,0.00173780082875,1,X167 Z175 Y176 Y183 Z184 X191,0.874844444444,0.00660183031241,0.874844444444,0.00660183031241
0.00173780082875,0.00173780082875,0.00173780082875,0.00173780082875,1,X168 Z176 Y177 Y184 Z185 X192,0.886644444444,0.00873182110858,0.886644444444,0.00873182110858
0.00173780082875,0.00173780082875,0.00173780082875,0.00173780082875,1,X17 Z21 Y22 Y26 Z27 X32,0.902066666667,0.00674971263756,0.902066666667,0.00674971263756
0.00173780082875,0.00173780082875,0.00173780082875,0.00173780082875,1,X170 X178,0.964888888889,0.00453621724811,0.964888888889,0.00453621724811
0.00173780082875,0.00173780082875,0.00173780082875,0.00173780082875,1,X171 X179,0.952266666667,0.00559857672116,0.952266666667,0.00559857672116
0.00173780082875,0.00173780082875,0.00173780082875,0.00173780082875,1,X172 X180,0.943533333333,0.00490570080449,0.943533333333,0.00490570080449
0.00173780082875,0.00173780082875,0.00173780082875,0.00173780082875,1,X173 X181,0.933644444444,0.00738380402917,0.933644444444,0.00738380402917
0.00173780082875,0.00173780082875,0.00173780082875,0.00173780082875,1,X174 X182,0.924777777778,0.00631990914463,0.924777777778,0.00631990914463
0.00173780082875,0.00173780082875,0.00173780082875,0.00173780082875,1,X175 X183,0.913311111111,0.0091181824722,0.913311111111,0.0091181824722
0.00173780082875,0.00173780082875,0.00173780082875,0.00173780082875,1,X176 X184,0.9028,0.00825159917161,0.9028,0.00825159917161
0.00173780082875,0.00173780082875,0.00173780082875,0.00173780082875,1,X177 X185,0.850444444444,0.00813362225478,0.850444444444,0.00813362225478
0.00173780082875,0.00173780082875,0.00173780082875,0.00173780082875,1,X179 Z186 Y187 Y193 Z194 X200,0.895688888889,0.00998041504882,0.895688888889,0.00998041504882
0.00173780082875,0.00173780082875,0.00173780082875,0.00173780082875,1,X18 Z22 Y23 Y27 Z28 X33,0.905177777778,0.00879861245301,0.905177777778,0.00879861245301
0.00173780082875,0.00173780082875,0.00173780082875,0.00173780082875,1,X180 Z187 Y188 Y194 Z195 X201,0.891044444444,0.00815122083014,0.891044444444,0.00815122083014
0.00173780082875,0.00173780082875,0.00173780082875,0.00173780082875,1,X181 Z188 Y189 Y195 Z196 X202,0.894888888889,0.00567668710611,0.894888888889,0.00567668710611
0.00173780082875,0.00173780082875,0.00173780082875,0.00173780082875,1,X182 Z189 Y190 Y196 Z197 X203,0.8904,0.00794733623655,0.8904,0.00794733623655
0.00173780082875,0.00173780082875,0.00173780082875,0.00173780082875,1,X183 Z190 Y191 Y197 Z198 X204,0.896422222222,0.00773603467154,0.896422222222,0.00773603467154
0.00173780082875,0.00173780082875,0.00173780082875,0.00173780082875,1,X184 Z191 Y192 Y198 Z199 X205,0.892844444444,0.00845440026142,0.892844444444,0.00845440026142
0.00173780082875,0.00173780082875,0.00173780082875,0.00173780082875,1,X185 Z192 Y199,0.854288888889,0.00770864734785,0.854288888889,0.00770864734785
0.00173780082875,0.00173780082875,0.00173780082875,0.00173780082875,1,X186 X193,0.911488888889,0.00834079359554,0.911488888889,0.00834079359554
0.00173780082875,0.00173780082875,0.00173780082875,0.00173780082875,1,X187 X194,0.915911111111,0.00674376870506,0.915911111111,0.00674376870506
0.00173780082875,0.00173780082875,0.00173780082875,0.00173780082875,1,X188 X195,0.926933333333,0.00596952670169,0.926933333333,0.00596952670169
0.00173780082875,0.00173780082875,0.00173780082875,0.00173780082875,1,X189 X196,0.934466666667,0.00741779986177,0.934466666667,0.00741779986177
0.00173780082875,0.00173780082875,0.00173780082875,0.00173780082875,1,X19 Z23 Y24 Y28 Z29 X34,0.901866666667,0.00787332661781,0.901866666667,0.00787332661781
0.00173780082875,0.00173780082875,0.00173780082875,0.00173780082875,1,X190 X197,0.945866666667,0.00689805347634,0.945866666667,0.00689805347634
0.00173780082875,0.00173780082875,0.00173780082875,0.00173780082875,1,X191 X198,0.956755555556,0.00432309429885,0.956755555556,0.00432309429885
0.00173780082875,0.00173780082875,0.00173780082875,0.00173780082875,1,X192 X199,0.968644444444,0.00439255145689,0.968644444444,0.00439255145689
0.00173780082875,0.00173780082875,0.00173780082875,0.00173780082875,1,X193 Y200 Z206,0.968333333333,0.00524860864614,0.968333333333,0.00524860864614
0.00173780082875,0.00173780082875,0.00173780082875,0.00173780082875,1,X194 Z200 Y201 Y206 Z207 X212,0.895822222222,0.00684123923558,0.895822222222,0.00684123923558
0.00173780082875,0.00173780082875,0.00173780082875,0.00173780082875,1,X195 Z201 Y202 Y207 Z208 X213,0.8912,0.0109115566701,0.8912,0.0109115566701
0.00173780082875,0.00173780082875,0.00173780082875,0.00173780082875,1,X196 Z202 Y203 Y208 Z209 X214,0.889466666667,0.0087211373999,0.889466666667,0.0087211373999
0.00173780082875,0.00173780082875,0.00173780082875,0.00173780082875,1,X197 Z203 Y204 Y209 Z210 X215,0.887822222222,0.00823957989729,0.887822222222,0.00823957989729
0.00173780082875,0.00173780082875,0.00173780082875,0.00173780082875,1,X198 Z204 Y205 Y210 Z211 X216,0.890977777778,0.0091955900364,0.890977777778,0.0091955900364
0.00173780082875,0.00173780082875,0.00173780082875,0.00173780082875,1,X2 X4,0.956955555556,0.00557411459446,0.956955555556,0.00557411459446
0.00173780082875,0.00173780082875,0.00173780082875,0.00173780082875,1,X20 X25,0.967977777778,0.00421812666863,0.967977777778,0.00421812666863
0.00173780082875,0.00173780082875,0.00173780082875,0.00173780082875,1,X200 X206,0.9648,0.00484360778743,0.9648,0.00484360778743
0.00173780082875,0.00173780082875,0.00173780082875,0.00173780082875,1,X201 X207,0.953666666667,0.00586371399051,0.953666666667,0.00586371399051
0.00173780082875,0.00173780082875,0.00173780082875,0.00173780082875,1,X202 X208,0.941666666667,0.00553567323466,0.941666666667,0.00553567323466
0.00173780082875,0.00173780082875,0.00173780082875,0.00173780082875,1,X203 X209,0.934044444444,0.00601895685603,0.934044444444,0.00601895685603
0.00173780082875,0.00173780082875,0.00173780082875,0.00173780082875,1,X204 X210,0.925488888889,0.00589222055686,0.925488888889,0.00589222055686
0.00173780082875,0.00173780082875,0.00173780082875,0.00173780082875,1,X205 X211,0.917911111111,0.00795915498958,0.917911111111,0.00795915498958
0.00173780082875,0.00173780082875,0.00173780082875,0.00173780082875,1,X207 Z212 Y213 Y217 Z218 X222,0.911288888889,0.00598320339457,0.911288888889,0.00598320339457
0.00173780082875,0.00173780082875,0.00173780082875,0.00173780082875,1,X208 Z213 Y214 Y218 Z219 X223,0.910911111111,0.00727243962046,0.910911111111,0.00727243962046
0.00173780082875,0.00173780082875,0.00173780082875,0.00173780082875,1,X209 Z214 Y215 Y219 Z220 X224,0.909355555556,0.00955641981301,0.909355555556,0.00955641981301
0.00173780082875,0.00173780082875,0.00173780082875,0.00173780082875,1,X21 X26,0.957711111111,0.00522500129853,0.957711111111,0.00522500129853
0.00173780082875,0.00173780082875,0.00173780082875,0.00173780082875,1,X210 Z215 Y216 Y220 Z221 X225,0.909333333333,0.00647305052829,0.909333333333,0.00647305052829
0.00173780082875,0.00173780082875,0.00173780082875,0.00173780082875,1,X211 Z216 Y221,0.972666666667,0.00360926861336,0.972666666667,0.00360926861336
0.00173780082875,0.00173780082875,0.00173780082875,0.00173780082875,1,X212 X217,0.928044444444,0.00666191401473,0.928044444444,0.00666191401473
0.00173780082875,0.00173780082875,0.00173780082875,0.00173780082875,1,X213 X218,0.933222222222,0.00653216816571,0.933222222222,0.00653216816571
0.00173780082875,0.00173780082875,0.00173780082875,0.00173780082875,1,X214 X219,0.9436,0.00537512362862,0.9436,0.00537512362862
0.00173780082875,0.00173780082875,0.00173780082875,0.00173780082875,1,X215 X220,0.954,0.0056160688996,0.954,0.0056160688996
0.00173780082875,0.00173780082875,0.00173780082875,0.00173780082875,1,X216 X221,0.965111111111,0.00399744490552,0.965111111111,0.00399744490552
0.00173780082875,0.00173780082875,0.00173780082875,0.00173780082875,1,X217 Y222 Z226,0.967355555556,0.00437507161043,0.967355555556,0.00437507161043
0.00173780082875,0.00173780082875,0.00173780082875,0.00173780082875,1,X218 Z222 Y223 Y226 Z227 X230,0.914822222222,0.00722423196323,0.914822222222,0.00722423196323
0.00173780082875,0.00173780082875,0.00173780082875,0.00173780082875,1,X219 Z223 Y224 Y227 Z228 X231,0.908422222222,0.00870193237594,0.908422222222,0.00870193237594
0.00173780082875,0.00173780082875,0.00173780082875,0.00173780082875,1,X22 X27,0.946333333333,0.0069563499479,0.946333333333,0.0069563499479
0.00173780082875,0.00173780082875,0.00173780082875,0.00173780082875,1,X220 Z224 Y225 Y228 Z229 X232,0.909244444444,0.00627281022733,0.909244444444,0.00627281022733
0.00173780082875,0.00173780082875,0.00173780082875,0.00173780082875,1,X222 X226,0.965355555556,0.0038136007194,0.965355555556,0.0038136007194
0.00173780082875,0.00173780082875,0.00173780082875,0.00173780082875,1,X223 X227,0.953222222222,0.00557246468877,0.953222222222,0.00557246468877
0.00173780082875,0.00173780082875,0.00173780082875,0.00173780082875,1,X224 X228,0.943266666667,0.00485924485248,0.943266666667,0.00485924485248
0.00173780082875,0.00173780082875,0.00173780082875,0.00173780082875,1,X225 X229,0.939466666667,0.00609855205477,0.939466666667,0.00609855205477
0.00173780082875,0.00173780082875,0.00173780082875,0.00173780082875,1,X227 Z230 Y231 Y233 Z234 X236,0.9296,0.006374277812,0.9296,0.006374277812
0.00173780082875,0.00173780082875,0.00173780082875,0.00173780082875,1,X228 Z231 Y232 Y234 Z235 X237,0.927933333333,0.00462327942522,0.927933333333,0.00462327942522
0.00173780082875,0.00173780082875,0.00173780082875,0.00173780082875,1,X229 Z232 Y235,0.973688888889,0.00411978994864,0.973688888889,0.00411978994864
0.00173780082875,0.00173780082875,0.00173780082875,0.00173780082875,1,X23 X28,0.937466666667,0.00590187969278,0.937466666667,0.00590187969278
0.00173780082875,0.00173780082875,0.00173780082875,0.00173780082875,1,X230 X233,0.948488888889,0.00593433630509,0.948488888889,0.00593433630509
0.00173780082875,0.00173780082875,0.00173780082875,0.00173780082875,1,X231 X234,0.952044444444,0.00498559867269,0.952044444444,0.00498559867269
0.00173780082875,0.00173780082875,0.00173780082875,0.00173780082875,1,X232 X235,0.965155555556,0.00515486849696,0.965155555556,0.00515486849696
0.00173780082875,0.00173780082875,0.00173780082875,0.00173780082875,1,X233 Y236 Z238,0.968644444444,0.00455694773606,0.968644444444,0.00455694773606
0.00173780082875,0.00173780082875,0.00173780082875,0.00173780082875,1,X234 Z236 Y237 Y238 Z239 X240,0.933288888889,0.00565667363185,0.933288888889,0.00565667363185
0.00173780082875,0.00173780082875,0.00173780082875,0.00173780082875,1,X236 X238,0.964577777778,0.00555773137469,0.964577777778,0.00555773137469
0.00173780082875,0.00173780082875,0.00173780082875,0.00173780082875,1,X237 X239,0.957666666667,0.00417527845677,0.957666666667,0.00417527845677
0.00173780082875,0.00173780082875,0.00173780082875,0.00173780082875,1,X239 Z240 Y241,0.972866666667,0.00504432460573,0.972866666667,0.00504432460573
0.00173780082875,0.00173780082875,0.00173780082875,0.00173780082875,1,X24 X29,0.933,0.00698493178425,0.933,0.00698493178425
0.00173780082875,0.00173780082875,0.00173780082875,0.00173780082875,1,X240 X241,0.9688,0.00485940254594,0.9688,0.00485940254594
0.00173780082875,0.00173780082875,0.00173780082875,0.00173780082875,1,X25 Z30 Y31 Y36 Z37 X43,0.898088888889,0.00604385843452,0.898088888889,0.00604385843452
0.00173780082875,0.00173780082875,0.00173780082875,0.00173780082875,1,X26 Z31 Y32 Y37 Z38 X44,0.903577777778,0.00856345855818,0.903577777778,0.00856345855818
0.00173780082875,0.00173780082875,0.00173780082875,0.00173780082875,1,X27 Z32 Y33 Y38 Z39 X45,0.900266666667,0.00911333493093,0.900266666667,0.00911333493093
0.00173780082875,0.00173780082875,0.00173780082875,0.00173780082875,1,X28 Z33 Y34 Y39 Z40 X46,0.901555555556,0.00942212824359,0.901555555556,0.00942212824359
0.00173780082875,0.00173780082875,0.00173780082875,0.00173780082875,1,X29 Z34 Y35 Y40 Z41 X47,0.900822222222,0.00838843088242,0.900822222222,0.00838843088242
0.00173780082875,0.00173780082875,0.00173780082875,0.00173780082875,1,X3 X5,0.964733333333,0.00529396388728,0.964733333333,0.00529396388728
0.00173780082875,0.00173780082875,0.00173780082875,0.00173780082875,1,X30 X36,0.916866666667,0.00632491879008,0.916866666667,0.00632491879008
0.00173780082875,0.00173780082875,0.00173780082875,0.00173780082875,1,X31 X37,0.920911111111,0.00636437241767,0.920911111111,0.00636437241767
0.00173780082875,0.00173780082875,0.00173780082875,0.00173780082875,1,X32 X38,0.934066666667,0.00766211759092,0.934066666667,0.00766211759092
0.00173780082875,0.00173780082875,0.00173780082875,0.00173780082875,1,X33 X39,0.944,0.00788033101197,0.944,0.00788033101197
0.00173780082875,0.00173780082875,0.00173780082875,0.00173780082875,1,X34 X40,0.955688888889,0.00442124211785,0.955688888889,0.00442124211785
0.00173780082875,0.00173780082875,0.00173780082875,0.00173780082875,1,X35 X41,0.965311111111,0.00546807756767,0.965311111111,0.00546807756767
0.00173780082875,0.00173780082875,0.00173780082875,0.00173780082875,1,X36 Z42 Y43 Y49 Z50 X57,0.877244444444,0.00908998578848,0.877244444444,0.00908998578848
0.00173780082875,0.00173780082875,0.00173780082875,0.00173780082875,1,X37 Z43 Y44 Y50 Z51 X58,0.883622222222,0.0113173427873,0.883622222222,0.0113173427873
0.00173780082875,0.00173780082875,0.00173780082875,0.00173780082875,1,X38 Z44 Y45 Y51 Z52 X59,0.882133333333,0.00997222195541,0.882133333333,0.00997222195541
0.00173780082875,0.00173780082875,0.00173780082875,0.00173780082875,1,X39 Z45 Y46 Y52 Z53 X60,0.886933333333,0.00738767742784,0.886933333333,0.00738767742784
0.00173780082875,0.00173780082875,0.00173780082875,0.00173780082875,1,X4 Z6 Y7 Y9 Z10 X13,0.917177777778,0.0102619833076,0.917177777778,0.0102619833076
0.00173780082875,0.00173780082875,0.00173780082875,0.00173780082875,1,X40 Z46 Y47 Y53 Z54 X61,0.886177777778,0.00855710291028,0.886177777778,0.00855710291028
0.00173780082875,0.00173780082875,0.00173780082875,0.00173780082875,1,X41 Z47 Y48 Y54 Z55 X62,0.881933333333,0.00707994848132,0.881933333333,0.00707994848132
0.00173780082875,0.00173780082875,0.00173780082875,0.00173780082875,1,X42 X49,0.970333333333,0.00454774585231,0.970333333333,0.00454774585231
0.00173780082875,0.00173780082875,0.00173780082875,0.00173780082875,1,X43 X50,0.954644444444,0.00559003857678,0.954644444444,0.00559003857678
0.00173780082875,0.00173780082875,0.00173780082875,0.00173780082875,1,X44 X51,0.945377777778,0.00483262645115,0.945377777778,0.00483262645115
0.00173780082875,0.00173780082875,0.00173780082875,0.00173780082875,1,X45 X52,0.936711111111,0.00700505199925,0.936711111111,0.00700505199925
0.00173780082875,0.00173780082875,0.00173780082875,0.00173780082875,1,X46 X53,0.925533333333,0.00542775611081,0.925533333333,0.00542775611081
0.00173780082875,0.00173780082875,0.00173780082875,0.00173780082875,1,X47 X54,0.920177777778,0.0060443655618,0.920177777778,0.0060443655618
0.00173780082875,0.00173780082875,0.00173780082875,0.00173780082875,1,X48 X55,0.914044444444,0.00762921051807,0.914044444444,0.00762921051807
0.00173780082875,0.00173780082875,0.00173780082875,0.00173780082875,1,X49 Z56 Y57 Y64 Z65 X73,0.881933333333,0.00797188546421,0.881933333333,0.00797188546421
0.00173780082875,0.00173780082875,0.00173780082875,0.00173780082875,1,X5 Z7 Y8 Y10 Z11 X14,0.922066666667,0.00714459311144,0.922066666667,0.00714459311144
0.00173780082875,0.00173780082875,0.00173780082875,0.00173780082875,1,X50 Z57 Y58 Y65 Z66 X74,0.885511111111,0.00780791097661,0.885511111111,0.00780791097661
0.00173780082875,0.00173780082875,0.00173780082875,0.00173780082875,1,X51 Z58 Y59 Y66 Z67 X75,0.882044444444,0.00936273420675,0.882044444444,0.00936273420675
0.00173780082875,0.00173780082875,0.00173780082875,0.00173780082875,1,X52 Z59 Y60 Y67 Z68 X76,0.885333333333,0.00831745613925,0.885333333333,0.00831745613925
0.00173780082875,0.00173780082875,0.00173780082875,0.00173780082875,1,X53 Z60 Y61 Y68 Z69 X77,0.885577777778,0.00642429138471,0.885577777778,0.00642429138471
0.00173780082875,0.00173780082875,0.00173780082875,0.00173780082875,1,X54 Z61 Y62 Y69 Z70 X78,0.884377777778,0.00893344198481,0.884377777778,0.00893344198481
0.00173780082875,0.00173780082875,0.00173780082875,0.00173780082875,1,X55 Z62 Y63 Y70 Z71 X79,0.882533333333,0.00740384077608,0.882533333333,0.00740384077608
0.00173780082875,0.00173780082875,0.00173780082875,0.00173780082875,1,X56 X64,0.900111111111,0.00722083688452,0.900111111111,0.00722083688452
0.00173780082875,0.00173780082875,0.00173780082875,0.00173780082875,1,X57 X65,0.902466666667,0.00735763996811,0.902466666667,0.00735763996811
0.00173780082875,0.00173780082875,0.00173780082875,0.00173780082875,1,X58 X66,0.913733333333,0.00680680299772,0.913733333333,0.00680680299772
0.00173780082875,0.00173780082875,0.00173780082875,0.00173780082875,1,X59 X67,0.923377777778,0.00779415899451,0.923377777778,0.00779415899451
0.00173780082875,0.00173780082875,0.00173780082875,0.00173780082875,1,X6 X9,0.967377777778,0.00476877883702,0.967377777778,0.00476877883702
0.00173780082875,0.00173780082875,0.00173780082875,0.00173780082875,1,X60 X68,0.934822222222,0.00450009223689,0.934822222222,0.00450009223689
0.00173780082875,0.00173780082875,0.00173780082875,0.00173780082875,1,X61 X69,0.941711111111,0.0062137736841,0.941711111111,0.0062137736841
0.00173780082875,0.00173780082875,0.00173780082875,0.00173780082875,1,X62 X70,0.9522,0.00564641411315,0.9522,0.00564641411315
0.00173780082875,0.00173780082875,0.00173780082875,0.00173780082875,1,X63 X71,0.9658,0.00406140605666,0.9658,0.00406140605666
0.00173780082875,0.00173780082875,0.00173780082875,0.00173780082875,1,X64 Z72 Y73 Y81 Z82 X91,0.850933333333,0.0104834845484,0.850933333333,0.0104834845484
0.00173780082875,0.00173780082875,0.00173780082875,0.00173780082875,1,X65 Z73 Y74 Y82 Z83 X92,0.853222222222,0.00849265327459,0.853222222222,0.00849265327459
0.00173780082875,0.00173780082875,0.00173780082875,0.00173780082875,1,X66 Z74 Y75 Y83 Z84 X93,0.844066666667,0.0118681776127,0.844066666667,0.0118681776127
0.00173780082875,0.00173780082875,0.00173780082875,0.00173780082875,1,X67 Z75 Y76 Y84 Z85 X94,0.844444444444,0.00795838473635,0.844444444444,0.00795838473635
0.00173780082875,0.00173780082875,0.00173780082875,0.00173780082875,1,X68 Z76 Y77 Y85 Z86 X95,0.865733333333,0.00643648603591,0.865733333333,0.00643648603591
0.00173780082875,0.00173780082875,0.00173780082875,0.00173780082875,1,X69 Z77 Y78 Y86 Z87 X96,0.8672,0.0084025174115,0.8672,0.0084025174115
0.00173780082875,0.00173780082875,0.00173780082875,0.00173780082875,1,X7 X10,0.955466666667,0.00527671092262,0.955466666667,0.00527671092262
0.00173780082875,0.00173780082875,0.00173780082875,0.00173780082875,1,X70 Z78 Y79 Y87 Z88 X97,0.865933333333,0.0104655611101,0.865933333333,0.0104655611101
0.00173780082875,0.00173780082875,0.00173780082875,0.00173780082875,1,X71 Z79 Y80 Y88 Z89 X98,0.865711111111,0.00876720348574,0.865711111111,0.00876720348574
0.00173780082875,0.00173780082875,0.00173780082875,0.00173780082875,1,X72 X81,0.968244444444,0.00455694773606,0.968244444444,0.00455694773606
0.00173780082875,0.00173780082875,0.00173780082875,0.00173780082875,1,X73 X82,0.955377777778,0.00549728831329,0.955377777778,0.00549728831329
0.00173780082875,0.00173780082875,0.00173780082875,0.00173780082875,1,X74 X83,0.946644444444,0.00697116850275,0.946644444444,0.00697116850275
0.00173780082875,0.00173780082875,0.00173780082875,0.00173780082875,1,X75 X84,0.938044444444,0.00665961312681,0.938044444444,0.00665961312681
0.00173780082875,0.00173780082875,0.00173780082875,0.00173780082875,1,X76 X85,0.9264,0.00786397772084,0.9264,0.00786397772084
0.00173780082875,0.00173780082875,0.00173780082875,0.00173780082875,1,X77 X86,0.916088888889,0.00774642833695,0.916088888889,0.00774642833695
0.00173780082875,0.00173780082875,0.00173780082875,0.00173780082875,1,X78 X87,0.906377777778,0.00762669908629,0.906377777778,0.00762669908629
0.00173780082875,0.00173780082875,0.00173780082875,0.00173780082875,1,X79 X88,0.895311111111,0.00819210597194,0.895311111111,0.00819210597194
0.00173780082875,0.00173780082875,0.00173780082875,0.00173780082875,1,X8 X11,0.954533333333,0.00545662099139,0.954533333333,0.00545662099139
0.00173780082875,0.00173780082875,0.00173780082875,0.00173780082875,1,X80 X89,0.898888888889,0.00832359584344,0.898888888889,0.00832359584344
0.00173780082875,0.00173780082875,0.00173780082875,0.00173780082875,1,X81 Z90 Y91 Y100 Z101 X111,0.827377777778,0.00805713949284,0.827377777778,0.00805713949284
0.00173780082875,0.00173780082875,0.00173780082875,0.00173780082875,1,X82 Z91 Y92 Y101 Z102 X112,0.834555555556,0.0117314566594,0.834555555556,0.0117314566594
0.00173780082875,0.00173780082875,0.00173780082875,0.00173780082875,1,X83 Z92 Y93 Y102 Z103 X113,0.837266666667,0.00902334137973,0.837266666667,0.00902334137973
0.00173780082875,0.00173780082875,0.00173780082875,0.00173780082875,1,X84 Z93 Y94 Y103 Z104 X114,0.845111111111,0.00853630216555,0.845111111111,0.00853630216555
0.00173780082875,0.00173780082875,0.00173780082875,0.00173780082875,1,X85 Z94 Y95 Y104 Z105 X115,0.850711111111,0.0102144564872,0.850711111111,0.0102144564872
0.00173780082875,0.00173780082875,0.00173780082875,0.00173780082875,1,X86 Z95 Y96 Y105 Z106 X116,0.863711111111,0.00960792031724,0.863711111111,0.00960792031724
0.00173780082875,0.00173780082875,0.00173780082875,0.00173780082875,1,X87 Z96 Y97 Y106 Z107 X117,0.865311111111,0.00829251304908,0.865311111111,0.00829251304908
0.00173780082875,0.00173780082875,0.00173780082875,0.00173780082875,1,X88 Z97 Y98 Y107 Z108 X118,0.867177777778,0.00853693051576,0.867177777778,0.00853693051576
0.00173780082875,0.00173780082875,0.00173780082875,0.00173780082875,1,X89 Z98 Y99 Y108 Z109 X119,0.868555555556,0.00815948937876,0.868555555556,0.00815948937876
0.00173780082875,0.00173780082875,0.00173780082875,0.00173780082875,1,X9 Z12 Y13 Y16 Z17 X21,0.918044444444,0.00807424045196,0.918044444444,0.00807424045196
0.00173780082875,0.00173780082875,0.00173780082875,0.00173780082875,1,X90 X100,0.874711111111,0.00764726847953,0.874711111111,0.00764726847953
0.00173780082875,0.00173780082875,0.00173780082875,0.00173780082875,1,X91 X101,0.878977777778,0.00586889543175,0.878977777778,0.00586889543175
0.00173780082875,0.00173780082875,0.00173780082875,0.00173780082875,1,X92 X102,0.8832,0.0070191855309,0.8832,0.0070191855309
0.00173780082875,0.00173780082875,0.00173780082875,0.00173780082875,1,X93 X103,0.886933333333,0.00720706337228,0.886933333333,0.00720706337228
0.00173780082875,0.00173780082875,0.00173780082875,0.00173780082875,1,X94 X104,0.892333333333,0.00828376059862,0.892333333333,0.00828376059862
0.00173780082875,0.00173780082875,0.00173780082875,0.00173780082875,1,X95 X105,0.924822222222,0.00784462787278,0.924822222222,0.00784462787278
0.00173780082875,0.00173780082875,0.00173780082875,0.00173780082875,1,X96 X106,0.934955555556,0.00785243859106,0.934955555556,0.00785243859106
0.00173780082875,0.00173780082875,0.00173780082875,0.00173780082875,1,X97 X107,0.943244444444,0.00433371645816,0.943244444444,0.00433371645816
0.00173780082875,0.00173780082875,0.00173780082875,0.00173780082875,1,X98 X108,0.953533333333,0.00638760773428,0.953533333333,0.00638760773428
0.00173780082875,0.00173780082875,0.00173780082875,0.00173780082875,1,X99 X109,0.963977777778,0.00498113939583,0.963977777778,0.00498113939583
0.00173780082875,0.00173780082875,0.00173780082875,0.00173780082875,1,Y0 Z1 X2,0.9626,0.00540285152468,0.9626,0.00540285152468
0.00173780082875,0.00173780082875,0.00173780082875,0.00173780082875,1,Y20 Z25 X30,0.923022222222,0.00667065015089,0.923022222222,0.00667065015089
0.00173780082875,0.00173780082875,0.00173780082875,0.00173780082875,1,Y42 Z49 X56,0.901755555556,0.00664936452086,0.901755555556,0.00664936452086
0.00173780082875,0.00173780082875,0.00173780082875,0.00173780082875,1,Y6 Z9 X12,0.943533333333,0.005785832876,0.943533333333,0.005785832876
0.00173780082875,0.00173780082875,0.00173780082875,0.00173780082875,1,Y72 Z81 X90,0.877622222222,0.00815685938611,0.877622222222,0.00815685938611
0.00173780082875,0.00173780082875,0.00173780082875,0.00173780082875,1,Z15 Y19 X24,0.969088888889,0.00365351175558,0.969088888889,0.00365351175558
0.00173780082875,0.00173780082875,0.00173780082875,0.00173780082875,1,Z3 Y5 X8,0.969755555556,0.00448918097756,0.969755555556,0.00448918097756
0.00173780082875,0.00173780082875,0.00173780082875,0.00173780082875,1,Z35 Y41 X48,0.969466666667,0.00532009852126,0.969466666667,0.00532009852126
0.00173780082875,0.00173780082875,0.00173780082875,0.00173780082875,1,Z63 Y71 X80,0.968866666667,0.00426389996504,0.968866666667,0.00426389996504
0.00173780082875,0.00173780082875,0.00173780082875,0.00173780082875,1,Z99 Y109 X120,0.968844444444,0.00440457210497,0.968844444444,0.00440457210497
0.00173780082875,0.00173780082875,0.00173780082875,0.00173780082875,5,Logical X,0.7564,0.0114237099677,0.759155555556,0.0114013285955
0.00173780082875,0.00173780082875,0.00173780082875,0.00173780082875,5,Logical Y,0.0129111111111,0.00892795057137,0.0022,0.0219886072905
0.00173780082875,0.00173780082875,0.00173780082875,0.00173780082875,5,Logical Z,0.0115111111111,0.00996996767436,-0.00377777777778,0.0162058911131
0.00173780082875,0.00173780082875,0.00173780082875,0.00173780082875,5,X0 X1,0.973266666667,0.0033464111273,0.973266666667,0.0033464111273
0.00173780082875,0.00173780082875,0.00173780082875,0.00173780082875,5,X1 Z2 Y3 Y4 Z5 X7,0.935888888889,0.00719745236608,0.935888888889,0.00719745236608
0.00173780082875,0.00173780082875,0.00173780082875,0.00173780082875,5,X10 Z13 Y14 Y17 Z18 X22,0.923533333333,0.00581226078896,0.923533333333,0.00581226078896
0.00173780082875,0.00173780082875,0.00173780082875,0.00173780082875,5,X100 Z110 Y111 Y121 Z122 X132,0.908533333333,0.00743688642467,0.908533333333,0.00743688642467
0.00173780082875,0.00173780082875,0.00173780082875,0.00173780082875,5,X101 Z111 Y112 Y122 Z123 X133,0.906733333333,0.00970578687436,0.906733333333,0.00970578687436
0.00173780082875,0.00173780082875,0.00173780082875,0.00173780082875,5,X102 Z112 Y113 Y123 Z124 X134,0.905355555556,0.00756576952165,0.905355555556,0.00756576952165
0.00173780082875,0.00173780082875,0.00173780082875,0.00173780082875,5,X103 Z113 Y114 Y124 Z125 X135,0.904222222222,0.00792944622889,0.904222222222,0.00792944622889
0.00173780082875,0.00173780082875,0.00173780082875,0.00173780082875,5,X104 Z114 Y115 Y125 Z126 X136,0.883511111111,0.00815920763438,0.883511111111,0.00815920763438
0.00173780082875,0.00173780082875,0.00173780082875,0.00173780082875,5,X105 Z115 Y116 Y126 Z127 X137,0.885111111111,0.00857213400977,0.885111111111,0.00857213400977
0.00173780082875,0.00173780082875,0.00173780082875,0.00173780082875,5,X106 Z116 Y117 Y127 Z128 X138,0.938688888889,0.005815775437,0.938688888889,0.005815775437
0.00173780082875,0.00173780082875,0.00173780082875,0.00173780082875,5,X107 Z117 Y118 Y128 Z129 X139,0.915733333333,0.00714941789555,0.915733333333,0.00714941789555
0.00173780082875,0.00173780082875,0.00173780082875,0.00173780082875,5,X108 Z118 Y119 Y129 Z130 X140,0.8966,0.00664675186424,0.8966,0.00664675186424
0.00173780082875,0.00173780082875,0.00173780082875,0.00173780082875,5,X109 Z119 Y120 Y130 Z131 X141,0.884133333333,0.00952415762911,0.884133333333,0.00952415762911
0.00173780082875,0.00173780082875,0.00173780082875,0.00173780082875,5,X11 Z14 Y15 Y18 Z19 X23,0.920755555556,0.00732127186433,0.920755555556,0.00732127186433
0.00173780082875,0.00173780082875,0.00173780082875,0.00173780082875,5,X110 X121,0.924533333333,0.00727226400475,0.924533333333,0.00727226400475
0.00173780082875,0.00173780082875,0.00173780082875,0.00173780082875,5,X111 X122,0.926288888889,0.00814181455922,0.926288888889,0.00814181455922
0.00173780082875,0.00173780082875,0.00173780082875,0.00173780082875,5,X112 X123,0.936577777778,0.00606411044626,0.936577777778,0.00606411044626
0.00173780082875,0.00173780082875,0.00173780082875,0.00173780082875,5,X113 X124,0.949244444444,0.00624342310405,0.949244444444,0.00624342310405
0.00173780082875,0.00173780082875,0.00173780082875,0.00173780082875,5,X114 X125,0.957355555556,0.005912473556,0.957355555556,0.005912473556
0.00173780082875,0.00173780082875,0.00173780082875,0.00173780082875,5,X115 X126,0.927044444444,0.00644382346063,0.927044444444,0.00644382346063
0.00173780082875,0.00173780082875,0.00173780082875,0.00173780082875,5,X116 X127,0.961111111111,0.00395504753723,0.961111111111,0.00395504753723
0.00173780082875,0.00173780082875,0.00173780082875,0.00173780082875,5,X117 X128,0.9472,0.00675436569477,0.9472,0.00675436569477
0.00173780082875,0.00173780082875,0.00173780082875,0.00173780082875,5,X118 X129,0.923222222222,0.00522617442361,0.923222222222,0.00522617442361
0.00173780082875,0.00173780082875,0.00173780082875,0.00173780082875,5,X119 X130,0.903555555556,0.00694881854581,0.903555555556,0.00694881854581
0.00173780082875,0.00173780082875,0.00173780082875,0.00173780082875,5,X12 X16,0.937022222222,0.00586889543175,0.937022222222,0.00586889543175
0.00173780082875,0.00173780082875,0.00173780082875,0.00173780082875,5,X120 X131,0.900688888889,0.00929298888415,0.900688888889,0.00929298888415
0.00173780082875,0.00173780082875,0.00173780082875,0.00173780082875,5,X121 Y132 Z142,0.967688888889,0.00384661201712,0.967688888889,0.00384661201712
0.00173780082875,0.00173780082875,0.00173780082875,0.00173780082875,5,X122 Z132 Y133 Y142 Z143 X152,0.881133333333,0.00800794624515,0.881133333333,0.00800794624515
0.00173780082875,0.00173780082875,0.00173780082875,0.00173780082875,5,X123 Z133 Y134 Y143 Z144 X153,0.876822222222,0.00957756531398,0.876822222222,0.00957756531398
0.00173780082875,0.00173780082875,0.00173780082875,0.00173780082875,5,X124 Z134 Y135 Y144 Z145 X154,0.878288888889,0.00904087496755,0.878288888889,0.00904087496755
0.00173780082875,0.00173780082875,0.00173780082875,0.00173780082875,5,X125 Z135 Y136 Y145 Z146 X155,0.879355555556,0.00797982769638,0.879355555556,0.00797982769638
0.00173780082875,0.00173780082875,0.00173780082875,0.00173780082875,5,X126 Z136 Y137 Y146 Z147 X156,0.876955555556,0.00898476076064,0.876955555556,0.00898476076064
0.00173780082875,0.00173780082875,0.00173780082875,0.00173780082875,5,X127 Z137 Y138 Y147 Z148 X157,0.937933333333,0.00606566873187,0.937933333333,0.00606566873187
0.00173780082875,0.00173780082875,0.00173780082875,0.00173780082875,5,X128 Z138 Y139 Y148 Z149 X158,0.8798,0.0106855436414,0.8798,0.0106855436414
0.00173780082875,0.00173780082875,0.00173780082875,0.00173780082875,5,X129 Z139 Y140 Y149 Z150 X159,0.801422222222,0.0085746366313,0.801422222222,0.0085746366313
0.00173780082875,0.00173780082875,0.00173780082875,0.00173780082875,5,X13 X17,0.943311111111,0.00634024627761,0.943311111111,0.00634024627761
0.00173780082875,0.00173780082875,0.00173780082875,0.00173780082875,5,X130 Z140 Y141 Y150 Z151 X160,0.8752,0.00787721871682,0.8752,0.00787721871682
0.00173780082875,0.00173780082875,0.00173780082875,0.00173780082875,5,X132 X142,0.967022222222,0.0051124769123,0.967022222222,0.0051124769123
0.00173780082875,0.00173780082875,0.00173780082875,0.00173780082875,5,X133 X143,0.951066666667,0.00635018930541,0.951066666667,0.00635018930541
0.00173780082875,0.00173780082875,0.00173780082875,0.00173780082875,5,X134 X144,0.942844444444,0.00633649850329,0.942844444444,0.00633649850329
0.00173780082875,0.00173780082875,0.00173780082875,0.00173780082875,5,X135 X145,0.932888888889,0.00624980204029,0.932888888889,0.00624980204029
0.00173780082875,0.00173780082875,0.00173780082875,0.00173780082875,5,X136 X146,0.926711111111,0.00764526414566,0.926711111111,0.00764526414566
0.00173780082875,0.00173780082875,0.00173780082875,0.00173780082875,5,X137 X147,0.930066666667,0.00644065154601,0.930066666667,0.00644065154601
0.00173780082875,0.00173780082875,0.00173780082875,0.00173780082875,5,X138 X148,0.922511111111,0.00862089297334,0.922511111111,0.00862089297334
0.00173780082875,0.00173780082875,0.00173780082875,0.00173780082875,5,X139 X149,0.896688888889,0.00747200821525,0.896688888889,0.00747200821525
0.00173780082875,0.00173780082875,0.00173780082875,0.00173780082875,5,X14 X18,0.952088888889,0.00511547373366,0.952088888889,0.00511547373366
0.00173780082875,0.00173780082875,0.00173780082875,0.00173780082875,5,X140 X150,0.949733333333,0.00521006982546,0.949733333333,0.00521006982546
0.00173780082875,0.00173780082875,0.00173780082875,0.00173780082875,5,X141 X151,0.966022222222,0.00458042924366,0.966022222222,0.00458042924366
0.00173780082875,0.00173780082875,0.00173780082875,0.00173780082875,5,X143 Z152 Y153 Y161 Z162 X170,0.900844444444,0.00785097467328,0.900844444444,0.00785097467328
0.00173780082875,0.00173780082875,0.00173780082875,0.00173780082875,5,X144 Z153 Y154 Y162 Z163 X171,0.897155555556,0.00627329884641,0.897155555556,0.00627329884641
0.00173780082875,0.00173780082875,0.00173780082875,0.00173780082875,5,X145 Z154 Y155 Y163 Z164 X172,0.894355555556,0.0097127057968,0.894355555556,0.0097127057968
0.00173780082875,0.00173780082875,0.00173780082875,0.00173780082875,5,X146 Z155 Y156 Y164 Z165 X173,0.895377777778,0.00757073075998,0.895377777778,0.00757073075998
0.00173780082875,0.00173780082875,0.00173780082875,0.00173780082875,5,X147 Z156 Y157 Y165 Z166 X174,0.898066666667,0.00765611467743,0.898066666667,0.00765611467743
0.00173780082875,0.00173780082875,0.00173780082875,0.00173780082875,5,X148 Z157 Y158 Y166 Z167 X175,0.854088888889,0.0113903008189,0.854088888889,0.0113903008189
0.00173780082875,0.00173780082875,0.00173780082875,0.00173780082875,5,X149 Z158 Y159 Y167 Z168 X176,0.782066666667,0.0113250138498,0.782066666667,0.0113250138498
0.00173780082875,0.00173780082875,0.00173780082875,0.00173780082875,5,X15 X19,0.965555555556,0.00512026499953,0.965555555556,0.00512026499953
0.00173780082875,0.00173780082875,0.00173780082875,0.00173780082875,5,X150 Z159 Y160 Y168 Z169 X177,0.872,0.00979795897113,0.872,0.00979795897113
0.00173780082875,0.00173780082875,0.00173780082875,0.00173780082875,5,X151 Z160 Y169,0.962333333333,0.00510952832397,0.962333333333,0.00510952832397
0.00173780082875,0.00173780082875,0.00173780082875,0.00173780082875,5,X152 X161,0.912688888889,0.0050362162204,0.912688888889,0.0050362162204
0.00173780082875,0.00173780082875,0.00173780082875,0.00173780082875,5,X153 X162,0.920422222222,0.00501486933346,0.920422222222,0.00501486933346
0.00173780082875,0.00173780082875,0.00173780082875,0.00173780082875,5,X154 X163,0.929044444444,0.00694076377555,0.929044444444,0.00694076377555
0.00173780082875,0.00173780082875,0.00173780082875,0.00173780082875,5,X155 X164,0.938,0.00681445387461,0.938,0.00681445387461
0.00173780082875,0.00173780082875,0.00173780082875,0.00173780082875,5,X156 X165,0.949622222222,0.00750107697674,0.949622222222,0.00750107697674
0.00173780082875,0.00173780082875,0.00173780082875,0.00173780082875,5,X157 X166,0.959088888889,0.00460046085758,0.959088888889,0.00460046085758
0.00173780082875,0.00173780082875,0.00173780082875,0.00173780082875,5,X158 X167,0.965733333333,0.00498149833589,0.965733333333,0.00498149833589
0.00173780082875,0.00173780082875,0.00173780082875,0.00173780082875,5,X159 X168,0.8596,0.00898632422009,0.8596,0.00898632422009
0.00173780082875,0.00173780082875,0.00173780082875,0.00173780082875,5,X16 Z20 Y21 Y25 Z26 X31,0.897733333333,0.00939976359041,0.897733333333,0.00939976359041
0.00173780082875,0.00173780082875,0.00173780082875,0.00173780082875,5,X160 X169,0.956422222222,0.00577876502028,0.956422222222,0.00577876502028
0.00173780082875,0.00173780082875,0.00173780082875,0.00173780082875,5,X161 Y170 Z178,0.968822222222,0.00484766668471,0.968822222222,0.00484766668471
0.00173780082875,0.00173780082875,0.00173780082875,0.00173780082875,5,X162 Z170 Y171 Y178 Z179 X186,0.8776,0.00816233758119,0.8776,0.00816233758119
0.00173780082875,0.00173780082875,0.00173780082875,0.00173780082875,5,X163 Z171 Y172 Y179 Z180 X187,0.873977777778,0.00783446229738,0.873977777778,0.00783446229738
0.00173780082875,0.00173780082875,0.00173780082875,0.00173780082875,5,X164 Z172 Y173 Y180 Z181 X188,0.873111111111,0.0089534057106,0.873111111111,0.0089534057106
0.00173780082875,0.00173780082875,0.00173780082875,0.00173780082875,5,X165 Z173 Y174 Y181 Z182 X189,0.875266666667,0.00842428527387,0.875266666667,0.00842428527387
0.00173780082875,0.00173780082875,0.00173780082875,0.00173780082875,5,X166 Z174 Y175 Y182 Z183 X190,0.873822222222,0.0108940327205,0.873822222222,0.0108940327205
0.00173780082875,0.00173780082875,0.00173780082875,0.00173780082875,5,X167 Z175 Y176 Y183 Z184 X191,0.875311111111,0.00763633848055,0.875311111111,0.00763633848055
0.00173780082875,0.00173780082875,0.00173780082875,0.00173780082875,5,X168 Z176 Y177 Y184 Z185 X192,0.886377777778,0.0101009211421,0.886377777778,0.0101009211421
0.00173780082875,0.00173780082875,0.00173780082875,0.00173780082875,5,X17 Z21 Y22 Y26 Z27 X32,0.902822222222,0.00749698960443,0.902822222222,0.00749698960443
0.00173780082875,0.00173780082875,0.00173780082875,0.00173780082875,5,X170 X178,0.965111111111,0.00485603730831,0.965111111111,0.00485603730831
0.00173780082875,0.00173780082875,0.00173780082875,0.00173780082875,5,X171 X179,0.953622222222,0.00571529730145,0.953622222222,0.00571529730145
0.00173780082875,0.00173780082875,0.00173780082875,0.00173780082875,5,X172 X180,0.943288888889,0.00645867104543,0.943288888889,0.00645867104543
0.00173780082875,0.00173780082875,0.00173780082875,0.00173780082875,5,X173 X181,0.932577777778,0.0054799763216,0.932577777778,0.0054799763216
0.00173780082875,0.00173780082875,0.00173780082875,0.00173780082875,5,X174 X182,0.922022222222,0.00774395492002,0.922022222222,0.00774395492002
0.00173780082875,0.00173780082875,0.00173780082875,0.00173780082875,5,X175 X183,0.916,0.00604960338778,0.916,0.00604960338778
0.00173780082875,0.00173780082875,0.00173780082875,0.00173780082875,5,X176 X184,0.902977777778,0.00794952146001,0.902977777778,0.00794952146001
0.00173780082875,0.00173780082875,0.00173780082875,0.00173780082875,5,X177 X185,0.851333333333,0.00728405596247,0.851333333333,0.00728405596247
0.00173780082875,0.00173780082875,0.00173780082875,0.00173780082875,5,X179 Z186 Y187 Y193 Z194 X200,0.894355555556,0.00857106123399,0.894355555556,0.00857106123399
0.00173780082875,0.00173780082875,0.00173780082875,0.00173780082875,5,X18 Z22 Y23 Y27 Z28 X33,0.901644444444,0.00744992649985,0.901644444444,0.00744992649985
0.00173780082875,0.00173780082875,0.00173780082875,0.00173780082875,5,X180 Z187 Y188 Y194 Z195 X201,0.895822222222,0.00749750064783,0.895822222222,0.00749750064783
0.00173780082875,0.00173780082875,0.00173780082875,0.00173780082875,5,X181 Z188 Y189 Y195 Z196 X202,0.8946,0.00853274064034,0.8946,0.00853274064034
0.00173780082875,0.00173780082875,0.00173780082875,0.00173780082875,5,X182 Z189 Y190 Y196 Z197 X203,0.893133333333,0.0083892834395,0.893133333333,0.0083892834395
0.00173780082875,0.00173780082875,0.00173780082875,0.00173780082875,5,X183 Z190 Y191 Y197 Z198 X204,0.893488888889,0.00718381180012,0.893488888889,0.00718381180012
0.00173780082875,0.00173780082875,0.00173780082875,0.00173780082875,5,X184 Z191 Y192 Y198 Z199 X205,0.891644444444,0.00760063182156,0.891644444444,0.00760063182156
0.00173780082875,0.00173780082875,0.00173780082875,0.00173780082875,5,X185 Z192 Y199,0.853066666667,0.0090508990684,0.853066666667,0.0090508990684
0.00173780082875,0.00173780082875,0.00173780082875,0.00173780082875,5,X186 X193,0.911022222222,0.00877777292788,0.911022222222,0.00877777292788
0.00173780082875,0.00173780082875,0.00173780082875,0.00173780082875,5,X187 X194,0.916688888889,0.0082888159581,0.916688888889,0.0082888159581
0.00173780082875,0.00173780082875,0.00173780082875,0.00173780082875,5,X188 X195,0.926933333333,0.00751111564533,0.926933333333,0.00751111564533
0.00173780082875,0.00173780082875,0.00173780082875,0.00173780082875,5,X189 X196,0.936111111111,0.00808590530635,0.936111111111,0.00808590530635
0.00173780082875,0.00173780082875,0.00173780082875,0.00173780082875,5,X19 Z23 Y24 Y28 Z29 X34,0.903111111111,0.00686896141398,0.903111111111,0.00686896141398
0.00173780082875,0.00173780082875,0.00173780082875,0.00173780082875,5,X190 X197,0.946111111111,0.00546975896093,0.946111111111,0.00546975896093
0.00173780082875,0.00173780082875,0.00173780082875,0.00173780082875,5,X191 X198,0.956555555556,0.00529608641262,0.956555555556,0.00529608641262
0.00173780082875,0.00173780082875,0.00173780082875,0.00173780082875,5,X192 X199,0.968066666667,0.00376859374974,0.968066666667,0.00376859374974
0.00173780082875,0.00173780082875,0.00173780082875,0.00173780082875,5,X193 Y200 Z206,0.969377777778,0.00522866644048,0.969377777778,0.00522866644048
0.00173780082875,0.00173780082875,0.00173780082875,0.00173780082875,5,X194 Z200 Y201 Y206 Z207 X212,0.894444444444,0.00899780021364,0.894444444444,0.00899780021364
0.00173780082875,0.00173780082875,0.00173780082875,0.00173780082875,5,X195 Z201 Y202 Y207 Z208 X213,0.891044444444,0.00706983952482,0.891044444444,0.00706983952482
0.00173780082875,0.00173780082875,0.00173780082875,0.00173780082875,5,X196 Z202 Y203 Y208 Z209 X214,0.893466666667,0.00633762709864,0.893466666667,0.00633762709864
0.00173780082875,0.00173780082875,0.00173780082875,0.00173780082875,5,X197 Z203 Y204 Y209 Z210 X215,0.888911111111,0.00842452783371,0.888911111111,0.00842452783371
0.00173780082875,0.00173780082875,0.00173780082875,0.00173780082875,5,X198 Z204 Y205 Y210 Z211 X216,0.890444444444,0.00757963258611,0.890444444444,0.00757963258611
0.00173780082875,0.00173780082875,0.00173780082875,0.00173780082875,5,X2 X4,0.956222222222,0.00462653792041,0.956222222222,0.00462653792041
0.00173780082875,0.00173780082875,0.00173780082875,0.00173780082875,5,X20 X25,0.969311111111,0.00543715987765,0.969311111111,0.00543715987765
0.00173780082875,0.00173780082875,0.00173780082875,0.00173780082875,5,X200 X206,0.965755555556,0.00498421518614,0.965755555556,0.00498421518614
0.00173780082875,0.00173780082875,0.00173780082875,0.00173780082875,5,X201 X207,0.954488888889,0.00559675147522,0.954488888889,0.00559675147522
0.00173780082875,0.00173780082875,0.00173780082875,0.00173780082875,5,X202 X208,0.943666666667,0.00575022904758,0.943666666667,0.00575022904758
0.00173780082875,0.00173780082875,0.00173780082875,0.00173780082875,5,X203 X209,0.932288888889,0.0058452150476,0.932288888889,0.0058452150476
0.00173780082875,0.00173780082875,0.00173780082875,0.00173780082875,5,X204 X210,0.924022222222,0.00538333837467,0.924022222222,0.00538333837467
0.00173780082875,0.00173780082875,0.00173780082875,0.00173780082875,5,X205 X211,0.915577777778,0.00713629401086,0.915577777778,0.00713629401086
0.00173780082875,0.00173780082875,0.00173780082875,0.00173780082875,5,X207 Z212 Y213 Y217 Z218 X222,0.910666666667,0.00827126308997,0.910666666667,0.00827126308997
0.00173780082875,0.00173780082875,0.00173780082875,0.00173780082875,5,X208 Z213 Y214 Y218 Z219 X223,0.906533333333,0.00628907707231,0.906533333333,0.00628907707231
0.00173780082875,0.00173780082875,0.00173780082875,0.00173780082875,5,X209 Z214 Y215 Y219 Z220 X224,0.910844444444,0.00852120786023,0.910844444444,0.00852120786023
0.00173780082875,0.00173780082875,0.00173780082875,0.00173780082875,5,X21 X26,0.955444444444,0.00458912034521,0.955444444444,0.00458912034521
0.00173780082875,0.00173780082875,0.00173780082875,0.00173780082875,5,X210 Z215 Y216 Y220 Z221 X225,0.911644444444,0.00704388723518,0.911644444444,0.00704388723518
0.00173780082875,0.00173780082875,0.00173780082875,0.00173780082875,5,X211 Z216 Y221,0.972777777778,0.00335433993865,0.972777777778,0.00335433993865
0.00173780082875,0.00173780082875,0.00173780082875,0.00173780082875,5,X212 X217,0.926822222222,0.00734415780708,0.926822222222,0.00734415780708
0.00173780082875,0.00173780082875,0.00173780082875,0.00173780082875,5,X213 X218,0.934466666667,0.00699895996653,0.934466666667,0.00699895996653
0.00173780082875,0.00173780082875,0.00173780082875,0.00173780082875,5,X214 X219,0.943044444444,0.00636003646664,0.943044444444,0.00636003646664
0.00173780082875,0.00173780082875,0.00173780082875,0.00173780082875,5,X215 X220,0.952244444444,0.00648365663191,0.952244444444,0.00648365663191
0.00173780082875,0.00173780082875,0.00173780082875,0.00173780082875,5,X216 X221,0.964333333333,0.00396053326647,0.964333333333,0.00396053326647
0.00173780082875,0.00173780082875,0.00173780082875,0.00173780082875,5,X217 Y222 Z226,0.968066666667,0.00547890416092,0.968066666667,0.00547890416092
0.00173780082875,0.00173780082875,0.00173780082875,0.00173780082875,5,X218 Z222 Y223 Y226 Z227 X230,0.914577777778,0.00740866911349,0.914577777778,0.00740866911349
0.00173780082875,0.00173780082875,0.00173780082875,0.00173780082875,5,X219 Z223 Y224 Y227 Z228 X231,0.907088888889,0.00515650341399,0.907088888889,0.00515650341399
0.00173780082875,0.00173780082875,0.00173780082875,0.00173780082875,5,X22 X27,0.943222222222,0.00561083607687,0.943222222222,0.00561083607687
0.00173780082875,0.00173780082875,0.00173780082875,0.00173780082875,5,X220 Z224 Y225 Y228 Z229 X232,0.910733333333,0.00650693705864,0.910733333333,0.00650693705864
0.00173780082875,0.00173780082875,0.00173780082875,0.00173780082875,5,X222 X226,0.964288888889,0.00523672072328,0.964288888889,0.00523672072328
0.00173780082875,0.00173780082875,0.00173780082875,0.00173780082875,5,X223 X227,0.9528,0.00518293693277,0.9528,0.00518293693277
0.00173780082875,0.00173780082875,0.00173780082875,0.00173780082875,5,X224 X228,0.941977777778,0.00566628351195,0.941977777778,0.00566628351195
0.00173780082875,0.00173780082875,0.00173780082875,0.00173780082875,5,X225 X229,0.937355555556,0.00751087759505,0.937355555556,0.00751087759505
0.00173780082875,0.00173780082875,0.00173780082875,0.00173780082875,5,X227 Z230 Y231 Y233 Z234 X236,0.930911111111,0.00501792444868,0.930911111111,0.00501792444868
0.00173780082875,0.00173780082875,0.00173780082875,0.00173780082875,5,X228 Z231 Y232 Y234 Z235 X237,0.9276,0.00717082210455,0.9276,0.00717082210455
0.00173780082875,0.00173780082875,0.00173780082875,0.00173780082875,5,X229 Z232 Y235,0.9726,0.00346343793056,0.9726,0.00346343793056
0.00173780082875,0.00173780082875,0.00173780082875,0.00173780082875,5,X23 X28,0.936777777778,0.00494594019306,0.936777777778,0.00494594019306
0.00173780082875,0.00173780082875,0.00173780082875,0.00173780082875,5,X230 X233,0.946111111111,0.00627610766785,0.946111111111,0.00627610766785
0.00173780082875,0.00173780082875,0.00173780082875,0.00173780082875,5,X231 X234,0.953577777778,0.00546246918564,0.953577777778,0.00546246918564
0.00173780082875,0.00173780082875,0.00173780082875,0.00173780082875,5,X232 X235,0.964177777778,0.00427030496218,0.964177777778,0.00427030496218
0.00173780082875,0.00173780082875,0.00173780082875,0.00173780082875,5,X233 Y236 Z238,0.9686,0.00554010110977,0.9686,0.00554010110977
0.00173780082875,0.00173780082875,0.00173780082875,0.00173780082875,5,X234 Z236 Y237 Y238 Z239 X240,0.933,0.00779379849747,0.933,0.00779379849747
0.00173780082875,0.00173780082875,0.00173780082875,0.00173780082875,5,X236 X238,0.964422222222,0.00351671796371,0.964422222222,0.00351671796371
0.00173780082875,0.00173780082875,0.00173780082875,0.00173780082875,5,X237 X239,0.957466666667,0.00465647491357,0.957466666667,0.00465647491357
0.00173780082875,0.00173780082875,0.00173780082875,0.00173780082875,5,X239 Z240 Y241,0.972666666667,0.00480102160265,0.972666666667,0.00480102160265
0.00173780082875,0.00173780082875,0.00173780082875,0.00173780082875,5,X24 X29,0.933333333333,0.0069524934197,0.933333333333,0.0069524934197
0.00173780082875,0.00173780082875,0.00173780082875,0.00173780082875,5,X240 X241,0.968888888889,0.00489376280909,0.968888888889,0.00489376280909
0.00173780082875,0.00173780082875,0.00173780082875,0.00173780082875,5,X25 Z30 Y31 Y36 Z37 X43,0.900422222222,0.00688044223236,0.900422222222,0.00688044223236
0.00173780082875,0.00173780082875,0.00173780082875,0.00173780082875,5,X26 Z31 Y32 Y37 Z38 X44,0.904688888889,0.00628928014163,0.904688888889,0.00628928014163
0.00173780082875,0.00173780082875,0.00173780082875,0.00173780082875,5,X27 Z32 Y33 Y38 Z39 X45,0.902977777778,0.00734843446894,0.902977777778,0.00734843446894
0.00173780082875,0.00173780082875,0.00173780082875,0.00173780082875,5,X28 Z33 Y34 Y39 Z40 X46,0.9004,0.0093981330175,0.9004,0.0093981330175
0.00173780082875,0.00173780082875,0.00173780082875,0.00173780082875,5,X29 Z34 Y35 Y40 Z41 X47,0.900555555556,0.00883060393023,0.900555555556,0.00883060393023
0.00173780082875,0.00173780082875,0.00173780082875,0.00173780082875,5,X3 X5,0.964222222222,0.00544800102771,0.964222222222,0.00544800102771
0.00173780082875,0.00173780082875,0.00173780082875,0.00173780082875,5,X30 X36,0.916333333333,0.00526318814268,0.916333333333,0.00526318814268
0.00173780082875,0.00173780082875,0.00173780082875,0.00173780082875,5,X31 X37,0.924755555556,0.00602608209283,0.924755555556,0.00602608209283
0.00173780082875,0.00173780082875,0.00173780082875,0.00173780082875,5,X32 X38,0.933755555556,0.00628440466694,0.933755555556,0.00628440466694
0.00173780082875,0.00173780082875,0.00173780082875,0.00173780082875,5,X33 X39,0.944266666667,0.00585285731052,0.944266666667,0.00585285731052
0.00173780082875,0.00173780082875,0.00173780082875,0.00173780082875,5,X34 X40,0.953,0.00477461358289,0.953,0.00477461358289
0.00173780082875,0.00173780082875,0.00173780082875,0.00173780082875,5,X35 X41,0.964644444444,0.00457708211803,0.964644444444,0.00457708211803
0.00173780082875,0.00173780082875,0.00173780082875,0.00173780082875,5,X36 Z42 Y43 Y49 Z50 X57,0.883066666667,0.00746403894648,0.883066666667,0.00746403894648
0.00173780082875,0.00173780082875,0.00173780082875,0.00173780082875,5,X37 Z43 Y44 Y50 Z51 X58,0.885688888889,0.00941952538576,0.885688888889,0.00941952538576
0.00173780082875,0.00173780082875,0.00173780082875,0.00173780082875,5,X38 Z44 Y45 Y51 Z52 X59,0.884288888889,0.00947136573245,0.884288888889,0.00947136573245
0.00173780082875,0.00173780082875,0.00173780082875,0.00173780082875,5,X39 Z45 Y46 Y52 Z53 X60,0.885444444444,0.00841834037454,0.885444444444,0.00841834037454
0.00173780082875,0.00173780082875,0.00173780082875,0.00173780082875,5,X4 Z6 Y7 Y9 Z10 X13,0.9202,0.00744872639477,0.9202,0.00744872639477
0.00173780082875,0.00173780082875,0.00173780082875,0.00173780082875,5,X40 Z46 Y47 Y53 Z54 X61,0.883666666667,0.00795918708185,0.883666666667,0.00795918708185
0.00173780082875,0.00173780082875,0.00173780082875,0.00173780082875,5,X41 Z47 Y48 Y54 Z55 X62,0.883422222222,0.00644632024491,0.883422222222,0.00644632024491
0.00173780082875,0.00173780082875,0.00173780082875,0.00173780082875,5,X42 X49,0.968666666667,0.00524057263403,0.968666666667,0.00524057263403
0.00173780082875,0.00173780082875,0.00173780082875,0.00173780082875,5,X43 X50,0.957311111111,0.00537193882059,0.957311111111,0.00537193882059
0.00173780082875,0.00173780082875,0.00173780082875,0.00173780082875,5,X44 X51,0.9446,0.00609339822396,0.9446,0.00609339822396
0.00173780082875,0.00173780082875,0.00173780082875,0.00173780082875,5,X45 X52,0.935711111111,0.00584259254199,0.935711111111,0.00584259254199
0.00173780082875,0.00173780082875,0.00173780082875,0.00173780082875,5,X46 X53,0.928822222222,0.00598256299804,0.928822222222,0.00598256299804
0.00173780082875,0.00173780082875,0.00173780082875,0.00173780082875,5,X47 X54,0.917888888889,0.00762750283442,0.917888888889,0.00762750283442
0.00173780082875,0.00173780082875,0.00173780082875,0.00173780082875,5,X48 X55,0.916288888889,0.00739407100853,0.916288888889,0.00739407100853
0.00173780082875,0.00173780082875,0.00173780082875,0.00173780082875,5,X49 Z56 Y57 Y64 Z65 X73,0.8806,0.00787517560468,0.8806,0.00787517560468
0.00173780082875,0.00173780082875,0.00173780082875,0.00173780082875,5,X5 Z7 Y8 Y10 Z11 X14,0.920777777778,0.0101876393189,0.920777777778,0.0101876393189
0.00173780082875,0.00173780082875,0.00173780082875,0.00173780082875,5,X50 Z57 Y58 Y65 Z66 X74,0.881466666667,0.00873167484472,0.881466666667,0.00873167484472
0.00173780082875,0.00173780082875,0.00173780082875,0.00173780082875,5,X51 Z58 Y59 Y66 Z67 X75,0.880155555556,0.00684963479371,0.880155555556,0.00684963479371
0.00173780082875,0.00173780082875,0.00173780082875,0.00173780082875,5,X52 Z59 Y60 Y67 Z68 X76,0.885622222222,0.0075499528472,0.885622222222,0.0075499528472
0.00173780082875,0.00173780082875,0.00173780082875,0.00173780082875,5,X53 Z60 Y61 Y68 Z69 X77,0.881022222222,0.00747867124743,0.881022222222,0.00747867124743
0.00173780082875,0.00173780082875,0.00173780082875,0.00173780082875,5,X54 Z61 Y62 Y69 Z70 X78,0.883466666667,0.0105415070862,0.883466666667,0.0105415070862
0.00173780082875,0.00173780082875,0.00173780082875,0.00173780082875,5,X55 Z62 Y63 Y70 Z71 X79,0.880222222222,0.00806740441831,0.880222222222,0.00806740441831
0.00173780082875,0.00173780082875,0.00173780082875,0.00173780082875,5,X56 X64,0.899377777778,0.0092573811633,0.899377777778,0.0092573811633
0.00173780082875,0.00173780082875,0.00173780082875,0.00173780082875,5,X57 X65,0.903466666667,0.00906578765178,0.903466666667,0.00906578765178
0.00173780082875,0.00173780082875,0.00173780082875,0.00173780082875,5,X58 X66,0.913911111111,0.00885945317727,0.913911111111,0.00885945317727
0.00173780082875,0.00173780082875,0.00173780082875,0.00173780082875,5,X59 X67,0.923444444444,0.00699004948669,0.923444444444,0.00699004948669
0.00173780082875,0.00173780082875,0.00173780082875,0.00173780082875,5,X6 X9,0.968866666667,0.00518515416885,0.968866666667,0.00518515416885
0.00173780082875,0.00173780082875,0.00173780082875,0.00173780082875,5,X60 X68,0.933022222222,0.00838486747386,0.933022222222,0.00838486747386
0.00173780082875,0.00173780082875,0.00173780082875,0.00173780082875,5,X61 X69,0.942488888889,0.00578790741858,0.942488888889,0.00578790741858
0.00173780082875,0.00173780082875,0.00173780082875,0.00173780082875,5,X62 X70,0.9528,0.00479591141323,0.9528,0.00479591141323
0.00173780082875,0.00173780082875,0.00173780082875,0.00173780082875,5,X63 X71,0.965066666667,0.00545999031619,0.965066666667,0.00545999031619
0.00173780082875,0.00173780082875,0.00173780082875,0.00173780082875,5,X64 Z72 Y73 Y81 Z82 X91,0.851888888889,0.00886005860983,0.851888888889,0.00886005860983
0.00173780082875,0.00173780082875,0.00173780082875,0.00173780082875,5,X65 Z73 Y74 Y82 Z83 X92,0.849866666667,0.010612506177,0.849866666667,0.010612506177
0.00173780082875,0.00173780082875,0.00173780082875,0.00173780082875,5,X66 Z74 Y75 Y83 Z84 X93,0.847466666667,0.0106729866335,0.847466666667,0.0106729866335
0.00173780082875,0.00173780082875,0.00173780082875,0.00173780082875,5,X67 Z75 Y76 Y84 Z85 X94,0.847133333333,0.00904336085086,0.847133333333,0.00904336085086
0.00173780082875,0.00173780082875,0.00173780082875,0.00173780082875,5,X68 Z76 Y77 Y85 Z86 X95,0.867955555556,0.00748522597643,0.867955555556,0.00748522597643
0.00173780082875,0.00173780082875,0.00173780082875,0.00173780082875,5,X69 Z77 Y78 Y86 Z87 X96,0.868177777778,0.00898348136416,0.868177777778,0.00898348136416
0.00173780082875,0.00173780082875,0.00173780082875,0.00173780082875,5,X7 X10,0.956911111111,0.00465674917717,0.956911111111,0.00465674917717
0.00173780082875,0.00173780082875,0.00173780082875,0.00173780082875,5,X70 Z78 Y79 Y87 Z88 X97,0.866933333333,0.0113009679849,0.866933333333,0.0113009679849
0.00173780082875,0.00173780082875,0.00173780082875,0.00173780082875,5,X71 Z79 Y80 Y88 Z89 X98,0.865888888889,0.00800399006499,0.865888888889,0.00800399006499
0.00173780082875,0.00173780082875,0.00173780082875,0.00173780082875,5,X72 X81,0.968044444444,0.00498252373644,0.968044444444,0.00498252373644
0.00173780082875,0.00173780082875,0.00173780082875,0.00173780082875,5,X73 X82,0.956355555556,0.00612446468586,0.956355555556,0.00612446468586
0.00173780082875,0.00173780082875,0.00173780082875,0.00173780082875,5,X74 X83,0.946511111111,0.0071173703296,0.946511111111,0.0071173703296
0.00173780082875,0.00173780082875,0.00173780082875,0.00173780082875,5,X75 X84,0.935955555556,0.00615740735939,0.935955555556,0.00615740735939
0.00173780082875,0.00173780082875,0.00173780082875,0.00173780082875,5,X76 X85,0.925111111111,0.00674513210782,0.925111111111,0.00674513210782
0.00173780082875,0.00173780082875,0.00173780082875,0.00173780082875,5,X77 X86,0.918822222222,0.00659892789001,0.918822222222,0.00659892789001
0.00173780082875,0.00173780082875,0.00173780082875,0.00173780082875,5,X78 X87,0.907511111111,0.00599599696179,0.907511111111,0.00599599696179
0.00173780082875,0.00173780082875,0.00173780082875,0.00173780082875,5,X79 X88,0.895688888889,0.00839765216839,0.895688888889,0.00839765216839
0.00173780082875,0.00173780082875,0.00173780082875,0.00173780082875,5,X8 X11,0.953955555556,0.00410562956502,0.953955555556,0.00410562956502
0.00173780082875,0.00173780082875,0.00173780082875,0.00173780082875,5,X80 X89,0.893288888889,0.00882339859167,0.893288888889,0.00882339859167
0.00173780082875,0.00173780082875,0.00173780082875,0.00173780082875,5,X81 Z90 Y91 Y100 Z101 X111,0.822088888889,0.01107236155,0.822088888889,0.01107236155
0.00173780082875,0.00173780082875,0.00173780082875,0.00173780082875,5,X82 Z91 Y92 Y101 Z102 X112,0.832266666667,0.0122058964458,0.832266666667,0.0122058964458
0.00173780082875,0.00173780082875,0.00173780082875,0.00173780082875,5,X83 Z92 Y93 Y102 Z103 X113,0.840622222222,0.0104253350905,0.840622222222,0.0104253350905
0.00173780082875,0.00173780082875,0.00173780082875,0.00173780082875,5,X84 Z93 Y94 Y103 Z104 X114,0.844844444444,0.00900392989267,0.844844444444,0.00900392989267
0.00173780082875,0.00173780082875,0.00173780082875,0.00173780082875,5,X85 Z94 Y95 Y104 Z105 X115,0.851177777778,0.0101463366861,0.851177777778,0.0101463366861
0.00173780082875,0.00173780082875,0.00173780082875,0.00173780082875,5,X86 Z95 Y96 Y105 Z106 X116,0.867711111111,0.0105535428611,0.867711111111,0.0105535428611
0.00173780082875,0.00173780082875,0.00173780082875,0.00173780082875,5,X87 Z96 Y97 Y106 Z107 X117,0.866044444444,0.0083247005093,0.866044444444,0.0083247005093
0.00173780082875,0.00173780082875,0.00173780082875,0.00173780082875,5,X88 Z97 Y98 Y107 Z108 X118,0.865244444444,0.00667524352496,0.865244444444,0.00667524352496
0.00173780082875,0.00173780082875,0.00173780082875,0.00173780082875,5,X89 Z98 Y99 Y108 Z109 X119,0.862555555556,0.00774118375482,0.862555555556,0.00774118375482
0.00173780082875,0.00173780082875,0.00173780082875,0.00173780082875,5,X9 Z12 Y13 Y16 Z17 X21,0.9182,0.00723158249905,0.9182,0.00723158249905
0.00173780082875,0.00173780082875,0.00173780082875,0.00173780082875,5,X90 X100,0.875844444444,0.0095887599162,0.875844444444,0.0095887599162
0.00173780082875,0.00173780082875,0.00173780082875,0.00173780082875,5,X91 X101,0.8784,0.00805269998271,0.8784,0.00805269998271
0.00173780082875,0.00173780082875,0.00173780082875,0.00173780082875,5,X92 X102,0.882177777778,0.00735510526339,0.882177777778,0.00735510526339
0.00173780082875,0.00173780082875,0.00173780082875,0.00173780082875,5,X93 X103,0.888222222222,0.00890878998253,0.888222222222,0.00890878998253
0.00173780082875,0.00173780082875,0.00173780082875,0.00173780082875,5,X94 X104,0.892022222222,0.00767437560121,0.892022222222,0.00767437560121
0.00173780082875,0.00173780082875,0.00173780082875,0.00173780082875,5,X95 X105,0.921266666667,0.00757764407024,0.921266666667,0.00757764407024
0.00173780082875,0.00173780082875,0.00173780082875,0.00173780082875,5,X96 X106,0.932733333333,0.00570366555526,0.932733333333,0.00570366555526
0.00173780082875,0.00173780082875,0.00173780082875,0.00173780082875,5,X97 X107,0.944311111111,0.0058006033068,0.944311111111,0.0058006033068
0.00173780082875,0.00173780082875,0.00173780082875,0.00173780082875,5,X98 X108,0.953533333333,0.00452206171404,0.953533333333,0.00452206171404
0.00173780082875,0.00173780082875,0.00173780082875,0.00173780082875,5,X99 X109,0.965044444444,0.00483817302947,0.965044444444,0.00483817302947
0.00173780082875,0.00173780082875,0.00173780082875,0.00173780082875,5,Y0 Z1 X2,0.962666666667,0.00536199196702,0.962666666667,0.00536199196702
0.00173780082875,0.00173780082875,0.00173780082875,0.00173780082875,5,Y20 Z25 X30,0.925066666667,0.00700869738828,0.925066666667,0.00700869738828
0.00173780082875,0.00173780082875,0.00173780082875,0.00173780082875,5,Y42 Z49 X56,0.902577777778,0.0080510503983,0.902577777778,0.0080510503983
0.00173780082875,0.00173780082875,0.00173780082875,0.00173780082875,5,Y6 Z9 X12,0.940777777778,0.00701849408771,0.940777777778,0.00701849408771
0.00173780082875,0.00173780082875,0.00173780082875,0.00173780082875,5,Y72 Z81 X90,0.875711111111,0.00928837007479,0.875711111111,0.00928837007479
0.00173780082875,0.00173780082875,0.00173780082875,0.00173780082875,5,Z15 Y19 X24,0.969911111111,0.00477456008552,0.969911111111,0.00477456008552
0.00173780082875,0.00173780082875,0.00173780082875,0.00173780082875,5,Z3 Y5 X8,0.968288888889,0.00514221751988,0.968288888889,0.00514221751988
0.00173780082875,0.00173780082875,0.00173780082875,0.00173780082875,5,Z35 Y41 X48,0.9678,0.00495543356721,0.9678,0.00495543356721
0.00173780082875,0.00173780082875,0.00173780082875,0.00173780082875,5,Z63 Y71 X80,0.968955555556,0.00445215805723,0.968955555556,0.00445215805723
0.00173780082875,0.00173780082875,0.00173780082875,0.00173780082875,5,Z99 Y109 X120,0.968644444444,0.00424348347229,0.968644444444,0.00424348347229
0.00173780082875,0.00173780082875,0.00173780082875,0.00173780082875,10,Logical X,0.756088888889,0.00943253249244,0.759444444444,0.0101936549017
0.00173780082875,0.00173780082875,0.00173780082875,0.00173780082875,10,Logical Y,0.0149555555556,0.00903239522352,0.000133333333333,0.0227418630979
0.00173780082875,0.00173780082875,0.00173780082875,0.00173780082875,10,Logical Z,0.0121111111111,0.0104666349415,0.00451111111111,0.0173304005771
0.00173780082875,0.00173780082875,0.00173780082875,0.00173780082875,10,X0 X1,0.972622222222,0.00427389234902,0.972622222222,0.00427389234902
0.00173780082875,0.00173780082875,0.00173780082875,0.00173780082875,10,X1 Z2 Y3 Y4 Z5 X7,0.935155555556,0.00600366001609,0.935155555556,0.00600366001609
0.00173780082875,0.00173780082875,0.00173780082875,0.00173780082875,10,X10 Z13 Y14 Y17 Z18 X22,0.925044444444,0.0069429714913,0.925044444444,0.0069429714913
0.00173780082875,0.00173780082875,0.00173780082875,0.00173780082875,10,X100 Z110 Y111 Y121 Z122 X132,0.908333333333,0.00780558793847,0.908333333333,0.00780558793847
0.00173780082875,0.00173780082875,0.00173780082875,0.00173780082875,10,X101 Z111 Y112 Y122 Z123 X133,0.903,0.00854063983175,0.903,0.00854063983175
0.00173780082875,0.00173780082875,0.00173780082875,0.00173780082875,10,X102 Z112 Y113 Y123 Z124 X134,0.903888888889,0.00773722322568,0.903888888889,0.00773722322568
0.00173780082875,0.00173780082875,0.00173780082875,0.00173780082875,10,X103 Z113 Y114 Y124 Z125 X135,0.904622222222,0.0080170953996,0.904622222222,0.0080170953996
0.00173780082875,0.00173780082875,0.00173780082875,0.00173780082875,10,X104 Z114 Y115 Y125 Z126 X136,0.882177777778,0.00876938829889,0.882177777778,0.00876938829889
0.00173780082875,0.00173780082875,0.00173780082875,0.00173780082875,10,X105 Z115 Y116 Y126 Z127 X137,0.886911111111,0.00974224648318,0.886911111111,0.00974224648318
0.00173780082875,0.00173780082875,0.00173780082875,0.00173780082875,10,X106 Z116 Y117 Y127 Z128 X138,0.937488888889,0.00596203398997,0.937488888889,0.00596203398997
0.00173780082875,0.00173780082875,0.00173780082875,0.00173780082875,10,X107 Z117 Y118 Y128 Z129 X139,0.913333333333,0.00847081987012,0.913333333333,0.00847081987012
0.00173780082875,0.00173780082875,0.00173780082875,0.00173780082875,10,X108 Z118 Y119 Y129 Z130 X140,0.893222222222,0.00886005860983,0.893222222222,0.00886005860983
0.00173780082875,0.00173780082875,0.00173780082875,0.00173780082875,10,X109 Z119 Y120 Y130 Z131 X141,0.885244444444,0.00848118645162,0.885244444444,0.00848118645162
0.00173780082875,0.00173780082875,0.00173780082875,0.00173780082875,10,X11 Z14 Y15 Y18 Z19 X23,0.918511111111,0.00787387811547,0.918511111111,0.00787387811547
0.00173780082875,0.00173780082875,0.00173780082875,0.00173780082875,10,X110 X121,0.926,0.00570809736067,0.926,0.00570809736067
0.00173780082875,0.00173780082875,0.00173780082875,0.00173780082875,10,X111 X122,0.929688888889,0.00583222211638,0.929688888889,0.00583222211638
0.00173780082875,0.00173780082875,0.00173780082875,0.00173780082875,10,X112 X123,0.939555555556,0.00714241195475,0.939555555556,0.00714241195475
0.00173780082875,0.00173780082875,0.00173780082875,0.00173780082875,10,X113 X124,0.9474,0.0062498429099,0.9474,0.0062498429099
0.00173780082875,0.00173780082875,0.00173780082875,0.00173780082875,10,X114 X125,0.9564,0.00391323522954,0.9564,0.00391323522954
0.00173780082875,0.00173780082875,0.00173780082875,0.00173780082875,10,X115 X126,0.9292,0.00631097080412,0.9292,0.00631097080412
0.00173780082875,0.00173780082875,0.00173780082875,0.00173780082875,10,X116 X127,0.960933333333,0.00503657123532,0.960933333333,0.00503657123532
0.00173780082875,0.00173780082875,0.00173780082875,0.00173780082875,10,X117 X128,0.947955555556,0.00560496040114,0.947955555556,0.00560496040114
0.00173780082875,0.00173780082875,0.00173780082875,0.00173780082875,10,X118 X129,0.924933333333,0.00745582135185,0.924933333333,0.00745582135185
0.00173780082875,0.00173780082875,0.00173780082875,0.00173780082875,10,X119 X130,0.906733333333,0.00662596772373,0.906733333333,0.00662596772373
0.00173780082875,0.00173780082875,0.00173780082875,0.00173780082875,10,X12 X16,0.937888888889,0.00641856343563,0.937888888889,0.00641856343563
0.00173780082875,0.00173780082875,0.00173780082875,0.00173780082875,10,X120 X131,0.903844444444,0.00543490445752,0.903844444444,0.00543490445752
0.00173780082875,0.00173780082875,0.00173780082875,0.00173780082875,10,X121 Y132 Z142,0.965711111111,0.00514817479343,0.965711111111,0.00514817479343
0.00173780082875,0.00173780082875,0.00173780082875,0.00173780082875,10,X122 Z132 Y133 Y142 Z143 X152,0.882977777778,0.00859605778545,0.882977777778,0.00859605778545
0.00173780082875,0.00173780082875,0.00173780082875,0.00173780082875,10,X123 Z133 Y134 Y143 Z144 X153,0.875644444444,0.00848118645162,0.875644444444,0.00848118645162
0.00173780082875,0.00173780082875,0.00173780082875,0.00173780082875,10,X124 Z134 Y135 Y144 Z145 X154,0.875111111111,0.00883971070301,0.875111111111,0.00883971070301
0.00173780082875,0.00173780082875,0.00173780082875,0.00173780082875,10,X125 Z135 Y136 Y145 Z146 X155,0.878422222222,0.0052244146372,0.878422222222,0.0052244146372
0.00173780082875,0.00173780082875,0.00173780082875,0.00173780082875,10,X126 Z136 Y137 Y146 Z147 X156,0.879022222222,0.00796300513815,0.879022222222,0.00796300513815
0.00173780082875,0.00173780082875,0.00173780082875,0.00173780082875,10,X127 Z137 Y138 Y147 Z148 X157,0.934311111111,0.00520751985984,0.934311111111,0.00520751985984
0.00173780082875,0.00173780082875,0.00173780082875,0.00173780082875,10,X128 Z138 Y139 Y148 Z149 X158,0.877977777778,0.00946780523076,0.877977777778,0.00946780523076
0.00173780082875,0.00173780082875,0.00173780082875,0.00173780082875,10,X129 Z139 Y140 Y149 Z150 X159,0.799622222222,0.0101990658927,0.799622222222,0.0101990658927
0.00173780082875,0.00173780082875,0.00173780082875,0.00173780082875,10,X13 X17,0.943,0.00552181323986,0.943,0.00552181323986
0.00173780082875,0.00173780082875,0.00173780082875,0.00173780082875,10,X130 Z140 Y141 Y150 Z151 X160,0.871333333333,0.0100907757278,0.871333333333,0.0100907757278
0.00173780082875,0.00173780082875,0.00173780082875,0.00173780082875,10,X132 X142,0.965044444444,0.00461775130073,0.965044444444,0.00461775130073
0.00173780082875,0.00173780082875,0.00173780082875,0.00173780082875,10,X133 X143,0.952933333333,0.00509706549186,0.952933333333,0.00509706549186
0.00173780082875,0.00173780082875,0.00173780082875,0.00173780082875,10,X134 X144,0.943133333333,0.00532513738063,0.943133333333,0.00532513738063
0.00173780082875,0.00173780082875,0.00173780082875,0.00173780082875,10,X135 X145,0.934111111111,0.00691510276369,0.934111111111,0.00691510276369
0.00173780082875,0.00173780082875,0.00173780082875,0.00173780082875,10,X136 X146,0.925955555556,0.00772503187675,0.925955555556,0.00772503187675
0.00173780082875,0.00173780082875,0.00173780082875,0.00173780082875,10,X137 X147,0.930533333333,0.006440770521,0.930533333333,0.006440770521
0.00173780082875,0.00173780082875,0.00173780082875,0.00173780082875,10,X138 X148,0.9218,0.00610545889778,0.9218,0.00610545889778
0.00173780082875,0.00173780082875,0.00173780082875,0.00173780082875,10,X139 X149,0.8976,0.00660801788611,0.8976,0.00660801788611
0.00173780082875,0.00173780082875,0.00173780082875,0.00173780082875,10,X14 X18,0.952711111111,0.00672374036877,0.952711111111,0.00672374036877
0.00173780082875,0.00173780082875,0.00173780082875,0.00173780082875,10,X140 X150,0.9484,0.00625045592207,0.9484,0.00625045592207
0.00173780082875,0.00173780082875,0.00173780082875,0.00173780082875,10,X141 X151,0.967377777778,0.0046318349792,0.967377777778,0.0046318349792
0.00173780082875,0.00173780082875,0.00173780082875,0.00173780082875,10,X143 Z152 Y153 Y161 Z162 X170,0.900222222222,0.00957060207146,0.900222222222,0.00957060207146
0.00173780082875,0.00173780082875,0.00173780082875,0.00173780082875,10,X144 Z153 Y154 Y162 Z163 X171,0.896422222222,0.00916177856436,0.896422222222,0.00916177856436
0.00173780082875,0.00173780082875,0.00173780082875,0.00173780082875,10,X145 Z154 Y155 Y163 Z164 X172,0.895644444444,0.00909504236701,0.895644444444,0.00909504236701
0.00173780082875,0.00173780082875,0.00173780082875,0.00173780082875,10,X146 Z155 Y156 Y164 Z165 X173,0.896044444444,0.00764325928619,0.896044444444,0.00764325928619
0.00173780082875,0.00173780082875,0.00173780082875,0.00173780082875,10,X147 Z156 Y157 Y165 Z166 X174,0.895933333333,0.0081843697403,0.895933333333,0.0081843697403
0.00173780082875,0.00173780082875,0.00173780082875,0.00173780082875,10,X148 Z157 Y158 Y166 Z167 X175,0.851955555556,0.00961469713624,0.851955555556,0.00961469713624
0.00173780082875,0.00173780082875,0.00173780082875,0.00173780082875,10,X149 Z158 Y159 Y167 Z168 X176,0.783622222222,0.0109526089313,0.783622222222,0.0109526089313
0.00173780082875,0.00173780082875,0.00173780082875,0.00173780082875,10,X15 X19,0.965111111111,0.00382503683235,0.965111111111,0.00382503683235
0.00173780082875,0.00173780082875,0.00173780082875,0.00173780082875,10,X150 Z159 Y160 Y168 Z169 X177,0.872688888889,0.00772016979809,0.872688888889,0.00772016979809
0.00173780082875,0.00173780082875,0.00173780082875,0.00173780082875,10,X151 Z160 Y169,0.963022222222,0.00435840082217,0.963022222222,0.00435840082217
0.00173780082875,0.00173780082875,0.00173780082875,0.00173780082875,10,X152 X161,0.914333333333,0.0075703596234,0.914333333333,0.0075703596234
0.00173780082875,0.00173780082875,0.00173780082875,0.00173780082875,10,X153 X162,0.921333333333,0.00735107571558,0.921333333333,0.00735107571558
0.00173780082875,0.00173780082875,0.00173780082875,0.00173780082875,10,X154 X163,0.928777777778,0.00698785664459,0.928777777778,0.00698785664459
0.00173780082875,0.00173780082875,0.00173780082875,0.00173780082875,10,X155 X164,0.940244444444,0.00690711961709,0.940244444444,0.00690711961709
0.00173780082875,0.00173780082875,0.00173780082875,0.00173780082875,10,X156 X165,0.949888888889,0.006212293666,0.949888888889,0.006212293666
0.00173780082875,0.00173780082875,0.00173780082875,0.00173780082875,10,X157 X166,0.960222222222,0.00433230167501,0.960222222222,0.00433230167501
0.00173780082875,0.00173780082875,0.00173780082875,0.00173780082875,10,X158 X167,0.966377777778,0.00457775173894,0.966377777778,0.00457775173894
0.00173780082875,0.00173780082875,0.00173780082875,0.00173780082875,10,X159 X168,0.8612,0.00918002161952,0.8612,0.00918002161952
0.00173780082875,0.00173780082875,0.00173780082875,0.00173780082875,10,X16 Z20 Y21 Y25 Z26 X31,0.898133333333,0.0102988300492,0.898133333333,0.0102988300492
0.00173780082875,0.00173780082875,0.00173780082875,0.00173780082875,10,X160 X169,0.955244444444,0.00581643419707,0.955244444444,0.00581643419707
0.00173780082875,0.00173780082875,0.00173780082875,0.00173780082875,10,X161 Y170 Z178,0.968933333333,0.00452019733065,0.968933333333,0.00452019733065
0.00173780082875,0.00173780082875,0.00173780082875,0.00173780082875,10,X162 Z170 Y171 Y178 Z179 X186,0.878644444444,0.00626486482615,0.878644444444,0.00626486482615
0.00173780082875,0.00173780082875,0.00173780082875,0.00173780082875,10,X163 Z171 Y172 Y179 Z180 X187,0.877911111111,0.00781340499228,0.877911111111,0.00781340499228
0.00173780082875,0.00173780082875,0.00173780082875,0.00173780082875,10,X164 Z172 Y173 Y180 Z181 X188,0.874777777778,0.00902968002358,0.874777777778,0.00902968002358
0.00173780082875,0.00173780082875,0.00173780082875,0.00173780082875,10,X165 Z173 Y174 Y181 Z182 X189,0.874355555556,0.00725397675758,0.874355555556,0.00725397675758
0.00173780082875,0.00173780082875,0.00173780082875,0.00173780082875,10,X166 Z174 Y175 Y182 Z183 X190,0.874911111111,0.00993231242664,0.874911111111,0.00993231242664
0.00173780082875,0.00173780082875,0.00173780082875,0.00173780082875,10,X167 Z175 Y176 Y183 Z184 X191,0.873333333333,0.00900404336589,0.873333333333,0.00900404336589
0.00173780082875,0.00173780082875,0.00173780082875,0.00173780082875,10,X168 Z176 Y177 Y184 Z185 X192,0.889466666667,0.00966472433915,0.889466666667,0.00966472433915
0.00173780082875,0.00173780082875,0.00173780082875,0.00173780082875,10,X17 Z21 Y22 Y26 Z27 X32,0.903133333333,0.00783381020803,0.903133333333,0.00783381020803
0.00173780082875,0.00173780082875,0.00173780082875,0.00173780082875,10,X170 X178,0.965866666667,0.00458015040995,0.965866666667,0.00458015040995
0.00173780082875,0.00173780082875,0.00173780082875,0.00173780082875,10,X171 X179,0.953444444444,0.00424925806761,0.953444444444,0.00424925806761
0.00173780082875,0.00173780082875,0.00173780082875,0.00173780082875,10,X172 X180,0.941977777778,0.00601526368419,0.941977777778,0.00601526368419
0.00173780082875,0.00173780082875,0.00173780082875,0.00173780082875,10,X173 X181,0.931444444444,0.00561083607687,0.931444444444,0.00561083607687
0.00173780082875,0.00173780082875,0.00173780082875,0.00173780082875,10,X174 X182,0.926244444444,0.0083275535512,0.926244444444,0.0083275535512
0.00173780082875,0.00173780082875,0.00173780082875,0.00173780082875,10,X175 X183,0.914111111111,0.00692617520262,0.914111111111,0.00692617520262
0.00173780082875,0.00173780082875,0.00173780082875,0.00173780082875,10,X176 X184,0.905666666667,0.00978347970284,0.905666666667,0.00978347970284
0.00173780082875,0.00173780082875,0.00173780082875,0.00173780082875,10,X177 X185,0.849577777778,0.00906423789872,0.849577777778,0.00906423789872
0.00173780082875,0.00173780082875,0.00173780082875,0.00173780082875,10,X179 Z186 Y187 Y193 Z194 X200,0.8958,0.00705566265342,0.8958,0.00705566265342
0.00173780082875,0.00173780082875,0.00173780082875,0.00173780082875,10,X18 Z22 Y23 Y27 Z28 X33,0.903622222222,0.00635039042052,0.903622222222,0.00635039042052
0.00173780082875,0.00173780082875,0.00173780082875,0.00173780082875,10,X180 Z187 Y188 Y194 Z195 X201,0.892422222222,0.00761020354239,0.892422222222,0.00761020354239
0.00173780082875,0.00173780082875,0.00173780082875,0.00173780082875,10,X181 Z188 Y189 Y195 Z196 X202,0.890577777778,0.00792828649156,0.890577777778,0.00792828649156
0.00173780082875,0.00173780082875,0.00173780082875,0.00173780082875,10,X182 Z189 Y190 Y196 Z197 X203,0.892555555556,0.00955257014756,0.892555555556,0.00955257014756
0.00173780082875,0.00173780082875,0.00173780082875,0.00173780082875,10,X183 Z190 Y191 Y197 Z198 X204,0.894311111111,0.0081738454647,0.894311111111,0.0081738454647
0.00173780082875,0.00173780082875,0.00173780082875,0.00173780082875,10,X184 Z191 Y192 Y198 Z199 X205,0.892577777778,0.00554392652623,0.892577777778,0.00554392652623
0.00173780082875,0.00173780082875,0.00173780082875,0.00173780082875,10,X185 Z192 Y199,0.856222222222,0.0109339127031,0.856222222222,0.0109339127031
0.00173780082875,0.00173780082875,0.00173780082875,0.00173780082875,10,X186 X193,0.913977777778,0.0101822222557,0.913977777778,0.0101822222557
0.00173780082875,0.00173780082875,0.00173780082875,0.00173780082875,10,X187 X194,0.918866666667,0.0057379559018,0.918866666667,0.0057379559018
0.00173780082875,0.00173780082875,0.00173780082875,0.00173780082875,10,X188 X195,0.927111111111,0.00667432510304,0.927111111111,0.00667432510304
0.00173780082875,0.00173780082875,0.00173780082875,0.00173780082875,10,X189 X196,0.936222222222,0.0063350471567,0.936222222222,0.0063350471567
0.00173780082875,0.00173780082875,0.00173780082875,0.00173780082875,10,X19 Z23 Y24 Y28 Z29 X34,0.904622222222,0.00758892787613,0.904622222222,0.00758892787613
0.00173780082875,0.00173780082875,0.00173780082875,0.00173780082875,10,X190 X197,0.945333333333,0.00492082913613,0.945333333333,0.00492082913613
0.00173780082875,0.00173780082875,0.00173780082875,0.00173780082875,10,X191 X198,0.956444444444,0.00460661970245,0.956444444444,0.00460661970245
0.00173780082875,0.00173780082875,0.00173780082875,0.00173780082875,10,X192 X199,0.9688,0.00448548104777,0.9688,0.00448548104777
0.00173780082875,0.00173780082875,0.00173780082875,0.00173780082875,10,X193 Y200 Z206,0.968955555556,0.00373728581142,0.968955555556,0.00373728581142
0.00173780082875,0.00173780082875,0.00173780082875,0.00173780082875,10,X194 Z200 Y201 Y206 Z207 X212,0.894533333333,0.00990901134055,0.894533333333,0.00990901134055
0.00173780082875,0.00173780082875,0.00173780082875,0.00173780082875,10,X195 Z201 Y202 Y207 Z208 X213,0.892311111111,0.00756425012469,0.892311111111,0.00756425012469
0.00173780082875,0.00173780082875,0.00173780082875,0.00173780082875,10,X196 Z202 Y203 Y208 Z209 X214,0.891333333333,0.00831745613925,0.891333333333,0.00831745613925
0.00173780082875,0.00173780082875,0.00173780082875,0.00173780082875,10,X197 Z203 Y204 Y209 Z210 X215,0.890688888889,0.00734374043843,0.890688888889,0.00734374043843
0.00173780082875,0.00173780082875,0.00173780082875,0.00173780082875,10,X198 Z204 Y205 Y210 Z211 X216,0.8922,0.00897702473986,0.8922,0.00897702473986
0.00173780082875,0.00173780082875,0.00173780082875,0.00173780082875,10,X2 X4,0.956688888889,0.00630145232505,0.956688888889,0.00630145232505
0.00173780082875,0.00173780082875,0.00173780082875,0.00173780082875,10,X20 X25,0.968066666667,0.00385304775619,0.968066666667,0.00385304775619
0.00173780082875,0.00173780082875,0.00173780082875,0.00173780082875,10,X200 X206,0.965644444444,0.00527477430167,0.965644444444,0.00527477430167
0.00173780082875,0.00173780082875,0.00173780082875,0.00173780082875,10,X201 X207,0.952155555556,0.00639128557412,0.952155555556,0.00639128557412
0.00173780082875,0.00173780082875,0.00173780082875,0.00173780082875,10,X202 X208,0.942111111111,0.00573243332506,0.942111111111,0.00573243332506
0.00173780082875,0.00173780082875,0.00173780082875,0.00173780082875,10,X203 X209,0.933533333333,0.00615794661502,0.933533333333,0.00615794661502
0.00173780082875,0.00173780082875,0.00173780082875,0.00173780082875,10,X204 X210,0.923866666667,0.00737688218725,0.923866666667,0.00737688218725
0.00173780082875,0.00173780082875,0.00173780082875,0.00173780082875,10,X205 X211,0.918266666667,0.00623818423331,0.918266666667,0.00623818423331
0.00173780082875,0.00173780082875,0.00173780082875,0.00173780082875,10,X207 Z212 Y213 Y217 Z218 X222,0.911844444444,0.00557961075651,0.911844444444,0.00557961075651
0.00173780082875,0.00173780082875,0.00173780082875,0.00173780082875,10,X208 Z213 Y214 Y218 Z219 X223,0.910333333333,0.0072835299429,0.910333333333,0.0072835299429
0.00173780082875,0.00173780082875,0.00173780082875,0.00173780082875,10,X209 Z214 Y215 Y219 Z220 X224,0.908444444444,0.008073101515,0.908444444444,0.008073101515
0.00173780082875,0.00173780082875,0.00173780082875,0.00173780082875,10,X21 X26,0.957466666667,0.00526508051191,0.957466666667,0.00526508051191
0.00173780082875,0.00173780082875,0.00173780082875,0.00173780082875,10,X210 Z215 Y216 Y220 Z221 X225,0.907466666667,0.00717253168191,0.907466666667,0.00717253168191
0.00173780082875,0.00173780082875,0.00173780082875,0.00173780082875,10,X211 Z216 Y221,0.971644444444,0.00411234319324,0.971644444444,0.00411234319324
0.00173780082875,0.00173780082875,0.00173780082875,0.00173780082875,10,X212 X217,0.927955555556,0.00633165938757,0.927955555556,0.00633165938757
0.00173780082875,0.00173780082875,0.00173780082875,0.00173780082875,10,X213 X218,0.930955555556,0.00604880111191,0.930955555556,0.00604880111191
0.00173780082875,0.00173780082875,0.00173780082875,0.00173780082875,10,X214 X219,0.943955555556,0.00642297918089,0.943955555556,0.00642297918089
0.00173780082875,0.00173780082875,0.00173780082875,0.00173780082875,10,X215 X220,0.952511111111,0.00512729405405,0.952511111111,0.00512729405405
0.00173780082875,0.00173780082875,0.00173780082875,0.00173780082875,10,X216 X221,0.964866666667,0.00439487685024,0.964866666667,0.00439487685024
0.00173780082875,0.00173780082875,0.00173780082875,0.00173780082875,10,X217 Y222 Z226,0.969844444444,0.00436876174478,0.969844444444,0.00436876174478
0.00173780082875,0.00173780082875,0.00173780082875,0.00173780082875,10,X218 Z222 Y223 Y226 Z227 X230,0.913222222222,0.00909226159682,0.913222222222,0.00909226159682
0.00173780082875,0.00173780082875,0.00173780082875,0.00173780082875,10,X219 Z223 Y224 Y227 Z228 X231,0.909222222222,0.00819509868159,0.909222222222,0.00819509868159
0.00173780082875,0.00173780082875,0.00173780082875,0.00173780082875,10,X22 X27,0.947133333333,0.00627138487092,0.947133333333,0.00627138487092
0.00173780082875,0.00173780082875,0.00173780082875,0.00173780082875,10,X220 Z224 Y225 Y228 Z229 X232,0.912288888889,0.00681149205462,0.912288888889,0.00681149205462
0.00173780082875,0.00173780082875,0.00173780082875,0.00173780082875,10,X222 X226,0.965488888889,0.0045643406555,0.965488888889,0.0045643406555
0.00173780082875,0.00173780082875,0.00173780082875,0.00173780082875,10,X223 X227,0.950822222222,0.0051063279301,0.950822222222,0.0051063279301
0.00173780082875,0.00173780082875,0.00173780082875,0.00173780082875,10,X224 X228,0.942066666667,0.0059586056123,0.942066666667,0.0059586056123
0.00173780082875,0.00173780082875,0.00173780082875,0.00173780082875,10,X225 X229,0.935777777778,0.00766008379721,0.935777777778,0.00766008379721
0.00173780082875,0.00173780082875,0.00173780082875,0.00173780082875,10,X227 Z230 Y231 Y233 Z234 X236,0.930377777778,0.00613434107996,0.930377777778,0.00613434107996
0.00173780082875,0.00173780082875,0.00173780082875,0.00173780082875,10,X228 Z231 Y232 Y234 Z235 X237,0.927911111111,0.00688990228611,0.927911111111,0.00688990228611
0.00173780082875,0.00173780082875,0.00173780082875,0.00173780082875,10,X229 Z232 Y235,0.970666666667,0.0041170610356,0.970666666667,0.0041170610356
0.00173780082875,0.00173780082875,0.00173780082875,0.00173780082875,10,X23 X28,0.936244444444,0.00599228963931,0.936244444444,0.00599228963931
0.00173780082875,0.00173780082875,0.00173780082875,0.00173780082875,10,X230 X233,0.947844444444,0.00564514733006,0.947844444444,0.00564514733006
0.00173780082875,0.00173780082875,0.00173780082875,0.00173780082875,10,X231 X234,0.952511111111,0.00497559818182,0.952511111111,0.00497559818182
0.00173780082875,0.00173780082875,0.00173780082875,0.00173780082875,10,X232 X235,0.966133333333,0.00426120339882,0.966133333333,0.00426120339882
0.00173780082875,0.00173780082875,0.00173780082875,0.00173780082875,10,X233 Y236 Z238,0.97,0.00528425696267,0.97,0.00528425696267
0.00173780082875,0.00173780082875,0.00173780082875,0.00173780082875,10,X234 Z236 Y237 Y238 Z239 X240,0.933333333333,0.00686375342732,0.933333333333,0.00686375342732
0.00173780082875,0.00173780082875,0.00173780082875,0.00173780082875,10,X236 X238,0.963822222222,0.00512505178618,0.963822222222,0.00512505178618
0.00173780082875,0.00173780082875,0.00173780082875,0.00173780082875,10,X237 X239,0.958177777778,0.00530143718917,0.958177777778,0.00530143718917
0.00173780082875,0.00173780082875,0.00173780082875,0.00173780082875,10,X239 Z240 Y241,0.972066666667,0.00455649929483,0.972066666667,0.00455649929483
0.00173780082875,0.00173780082875,0.00173780082875,0.00173780082875,10,X24 X29,0.935244444444,0.00748276862592,0.935244444444,0.00748276862592
0.00173780082875,0.00173780082875,0.00173780082875,0.00173780082875,10,X240 X241,0.969977777778,0.00496881719494,0.969977777778,0.00496881719494
0.00173780082875,0.00173780082875,0.00173780082875,0.00173780082875,10,X25 Z30 Y31 Y36 Z37 X43,0.9008,0.00856688805117,0.9008,0.00856688805117
0.00173780082875,0.00173780082875,0.00173780082875,0.00173780082875,10,X26 Z31 Y32 Y37 Z38 X44,0.905222222222,0.00869594230178,0.905222222222,0.00869594230178
0.00173780082875,0.00173780082875,0.00173780082875,0.00173780082875,10,X27 Z32 Y33 Y38 Z39 X45,0.900044444444,0.00796723815261,0.900044444444,0.00796723815261
0.00173780082875,0.00173780082875,0.00173780082875,0.00173780082875,10,X28 Z33 Y34 Y39 Z40 X46,0.900466666667,0.00673562041504,0.900466666667,0.00673562041504
0.00173780082875,0.00173780082875,0.00173780082875,0.00173780082875,10,X29 Z34 Y35 Y40 Z41 X47,0.898977777778,0.007905056015,0.898977777778,0.007905056015
0.00173780082875,0.00173780082875,0.00173780082875,0.00173780082875,10,X3 X5,0.964688888889,0.00459045597726,0.964688888889,0.00459045597726
0.00173780082875,0.00173780082875,0.00173780082875,0.00173780082875,10,X30 X36,0.916911111111,0.00652606523554,0.916911111111,0.00652606523554
0.00173780082875,0.00173780082875,0.00173780082875,0.00173780082875,10,X31 X37,0.925222222222,0.00679211472795,0.925222222222,0.00679211472795
0.00173780082875,0.00173780082875,0.00173780082875,0.00173780082875,10,X32 X38,0.932844444444,0.00711360109663,0.932844444444,0.00711360109663
0.00173780082875,0.00173780082875,0.00173780082875,0.00173780082875,10,X33 X39,0.943133333333,0.00712052776898,0.943133333333,0.00712052776898
0.00173780082875,0.00173780082875,0.00173780082875,0.00173780082875,10,X34 X40,0.952866666667,0.00472102982466,0.952866666667,0.00472102982466
0.00173780082875,0.00173780082875,0.00173780082875,0.00173780082875,10,X35 X41,0.965133333333,0.00541361983274,0.965133333333,0.00541361983274
0.00173780082875,0.00173780082875,0.00173780082875,0.00173780082875,10,X36 Z42 Y43 Y49 Z50 X57,0.883022222222,0.00951664536235,0.883022222222,0.00951664536235
0.00173780082875,0.00173780082875,0.00173780082875,0.00173780082875,10,X37 Z43 Y44 Y50 Z51 X58,0.8856,0.00685615756468,0.8856,0.00685615756468
0.00173780082875,0.00173780082875,0.00173780082875,0.00173780082875,10,X38 Z44 Y45 Y51 Z52 X59,0.885888888889,0.00697468511399,0.885888888889,0.00697468511399
0.00173780082875,0.00173780082875,0.00173780082875,0.00173780082875,10,X39 Z45 Y46 Y52 Z53 X60,0.882644444444,0.00885036671896,0.882644444444,0.00885036671896
0.00173780082875,0.00173780082875,0.00173780082875,0.00173780082875,10,X4 Z6 Y7 Y9 Z10 X13,0.9194,0.0058809387527,0.9194,0.0058809387527
0.00173780082875,0.00173780082875,0.00173780082875,0.00173780082875,10,X40 Z46 Y47 Y53 Z54 X61,0.884844444444,0.00940845520658,0.884844444444,0.00940845520658
0.00173780082875,0.00173780082875,0.00173780082875,0.00173780082875,10,X41 Z47 Y48 Y54 Z55 X62,0.882955555556,0.00607912913034,0.882955555556,0.00607912913034
0.00173780082875,0.00173780082875,0.00173780082875,0.00173780082875,10,X42 X49,0.9678,0.00472751787806,0.9678,0.00472751787806
0.00173780082875,0.00173780082875,0.00173780082875,0.00173780082875,10,X43 X50,0.955288888889,0.00539599207965,0.955288888889,0.00539599207965
0.00173780082875,0.00173780082875,0.00173780082875,0.00173780082875,10,X44 X51,0.945555555556,0.00687565160038,0.945555555556,0.00687565160038
0.00173780082875,0.00173780082875,0.00173780082875,0.00173780082875,10,X45 X52,0.9334,0.00711449871418,0.9334,0.00711449871418
0.00173780082875,0.00173780082875,0.00173780082875,0.00173780082875,10,X46 X53,0.927488888889,0.00717100020455,0.927488888889,0.00717100020455
0.00173780082875,0.00173780082875,0.00173780082875,0.00173780082875,10,X47 X54,0.914866666667,0.00751223778079,0.914866666667,0.00751223778079
0.00173780082875,0.00173780082875,0.00173780082875,0.00173780082875,10,X48 X55,0.915666666667,0.00650787910317,0.915666666667,0.00650787910317
0.00173780082875,0.00173780082875,0.00173780082875,0.00173780082875,10,X49 Z56 Y57 Y64 Z65 X73,0.880155555556,0.00784462787278,0.880155555556,0.00784462787278
0.00173780082875,0.00173780082875,0.00173780082875,0.00173780082875,10,X5 Z7 Y8 Y10 Z11 X14,0.920222222222,0.00767207871612,0.920222222222,0.00767207871612
0.00173780082875,0.00173780082875,0.00173780082875,0.00173780082875,10,X50 Z57 Y58 Y65 Z66 X74,0.885822222222,0.0101753715638,0.885822222222,0.0101753715638
0.00173780082875,0.00173780082875,0.00173780082875,0.00173780082875,10,X51 Z58 Y59 Y66 Z67 X75,0.882688888889,0.00670445230539,0.882688888889,0.00670445230539
0.00173780082875,0.00173780082875,0.00173780082875,0.00173780082875,10,X52 Z59 Y60 Y67 Z68 X76,0.8842,0.00891707217898,0.8842,0.00891707217898
0.00173780082875,0.00173780082875,0.00173780082875,0.00173780082875,10,X53 Z60 Y61 Y68 Z69 X77,0.883555555556,0.00958180480897,0.883555555556,0.00958180480897
0.00173780082875,0.00173780082875,0.00173780082875,0.00173780082875,10,X54 Z61 Y62 Y69 Z70 X78,0.883177777778,0.00713672351136,0.883177777778,0.00713672351136
0.00173780082875,0.00173780082875,0.00173780082875,0.00173780082875,10,X55 Z62 Y63 Y70 Z71 X79,0.883466666667,0.00983293394864,0.883466666667,0.00983293394864
0.00173780082875,0.00173780082875,0.00173780082875,0.00173780082875,10,X56 X64,0.897022222222,0.00734843446894,0.897022222222,0.00734843446894
0.00173780082875,0.00173780082875,0.00173780082875,0.00173780082875,10,X57 X65,0.906933333333,0.00623326879308,0.906933333333,0.00623326879308
0.00173780082875,0.00173780082875,0.00173780082875,0.00173780082875,10,X58 X66,0.913688888889,0.00644869723594,0.913688888889,0.00644869723594
0.00173780082875,0.00173780082875,0.00173780082875,0.00173780082875,10,X59 X67,0.925311111111,0.00608114562037,0.925311111111,0.00608114562037
0.00173780082875,0.00173780082875,0.00173780082875,0.00173780082875,10,X6 X9,0.969066666667,0.00401758586325,0.969066666667,0.00401758586325
0.00173780082875,0.00173780082875,0.00173780082875,0.00173780082875,10,X60 X68,0.935777777778,0.00650925267372,0.935777777778,0.00650925267372
0.00173780082875,0.00173780082875,0.00173780082875,0.00173780082875,10,X61 X69,0.942666666667,0.00602421677394,0.942666666667,0.00602421677394
0.00173780082875,0.00173780082875,0.00173780082875,0.00173780082875,10,X62 X70,0.951488888889,0.00512729405405,0.951488888889,0.00512729405405
0.00173780082875,0.00173780082875,0.00173780082875,0.00173780082875,10,X63 X71,0.9644,0.00539788521098,0.9644,0.00539788521098
0.00173780082875,0.00173780082875,0.00173780082875,0.00173780082875,10,X64 Z72 Y73 Y81 Z82 X91,0.853466666667,0.00994914270744,0.853466666667,0.00994914270744
0.00173780082875,0.00173780082875,0.00173780082875,0.00173780082875,10,X65 Z73 Y74 Y82 Z83 X92,0.851755555556,0.0109858611095,0.851755555556,0.0109858611095
0.00173780082875,0.00173780082875,0.00173780082875,0.00173780082875,10,X66 Z74 Y75 Y83 Z84 X93,0.850022222222,0.0103568265873,0.850022222222,0.0103568265873
0.00173780082875,0.00173780082875,0.00173780082875,0.00173780082875,10,X67 Z75 Y76 Y84 Z85 X94,0.845622222222,0.0095743644521,0.845622222222,0.0095743644521
0.00173780082875,0.00173780082875,0.00173780082875,0.00173780082875,10,X68 Z76 Y77 Y85 Z86 X95,0.867488888889,0.00974885132573,0.867488888889,0.00974885132573
0.00173780082875,0.00173780082875,0.00173780082875,0.00173780082875,10,X69 Z77 Y78 Y86 Z87 X96,0.867377777778,0.00803809575691,0.867377777778,0.00803809575691
0.00173780082875,0.00173780082875,0.00173780082875,0.00173780082875,10,X7 X10,0.956866666667,0.00433165307831,0.956866666667,0.00433165307831
0.00173780082875,0.00173780082875,0.00173780082875,0.00173780082875,10,X70 Z78 Y79 Y87 Z88 X97,0.869644444444,0.00904434936454,0.869644444444,0.00904434936454
0.00173780082875,0.00173780082875,0.00173780082875,0.00173780082875,10,X71 Z79 Y80 Y88 Z89 X98,0.864755555556,0.00812872176279,0.864755555556,0.00812872176279
0.00173780082875,0.00173780082875,0.00173780082875,0.00173780082875,10,X72 X81,0.968822222222,0.00456769711785,0.968822222222,0.00456769711785
0.00173780082875,0.00173780082875,0.00173780082875,0.00173780082875,10,X73 X82,0.9566,0.00537726161989,0.9566,0.00537726161989
0.00173780082875,0.00173780082875,0.00173780082875,0.00173780082875,10,X74 X83,0.946622222222,0.00511906760348,0.946622222222,0.00511906760348
0.00173780082875,0.00173780082875,0.00173780082875,0.00173780082875,10,X75 X84,0.934466666667,0.00734930340484,0.934466666667,0.00734930340484
0.00173780082875,0.00173780082875,0.00173780082875,0.00173780082875,10,X76 X85,0.9256,0.00634294491475,0.9256,0.00634294491475
0.00173780082875,0.00173780082875,0.00173780082875,0.00173780082875,10,X77 X86,0.918466666667,0.0096246013004,0.918466666667,0.0096246013004
0.00173780082875,0.00173780082875,0.00173780082875,0.00173780082875,10,X78 X87,0.907977777778,0.00757791373009,0.907977777778,0.00757791373009
0.00173780082875,0.00173780082875,0.00173780082875,0.00173780082875,10,X79 X88,0.901022222222,0.00662916656131,0.901022222222,0.00662916656131
0.00173780082875,0.00173780082875,0.00173780082875,0.00173780082875,10,X8 X11,0.9544,0.00565306006713,0.9544,0.00565306006713
0.00173780082875,0.00173780082875,0.00173780082875,0.00173780082875,10,X80 X89,0.897511111111,0.00606461588006,0.897511111111,0.00606461588006
0.00173780082875,0.00173780082875,0.00173780082875,0.00173780082875,10,X81 Z90 Y91 Y100 Z101 X111,0.828177777778,0.010280261686,0.828177777778,0.010280261686
0.00173780082875,0.00173780082875,0.00173780082875,0.00173780082875,10,X82 Z91 Y92 Y101 Z102 X112,0.836888888889,0.00971523010746,0.836888888889,0.00971523010746
0.00173780082875,0.00173780082875,0.00173780082875,0.00173780082875,10,X83 Z92 Y93 Y102 Z103 X113,0.844422222222,0.00979715078346,0.844422222222,0.00979715078346
0.00173780082875,0.00173780082875,0.00173780082875,0.00173780082875,10,X84 Z93 Y94 Y103 Z104 X114,0.844222222222,0.0087875448837,0.844222222222,0.0087875448837
0.00173780082875,0.00173780082875,0.00173780082875,0.00173780082875,10,X85 Z94 Y95 Y104 Z105 X115,0.851688888889,0.00822431370314,0.851688888889,0.00822431370314
0.00173780082875,0.00173780082875,0.00173780082875,0.00173780082875,10,X86 Z95 Y96 Y105 Z106 X116,0.868666666667,0.0112403215072,0.868666666667,0.0112403215072
0.00173780082875,0.00173780082875,0.00173780082875,0.00173780082875,10,X87 Z96 Y97 Y106 Z107 X117,0.868333333333,0.00924216557529,0.868333333333,0.00924216557529
0.00173780082875,0.00173780082875,0.00173780082875,0.00173780082875,10,X88 Z97 Y98 Y107 Z108 X118,0.868066666667,0.00973574210471,0.868066666667,0.00973574210471
0.00173780082875,0.00173780082875,0.00173780082875,0.00173780082875,10,X89 Z98 Y99 Y108 Z109 X119,0.864933333333,0.00881413006989,0.864933333333,0.00881413006989
0.00173780082875,0.00173780082875,0.00173780082875,0.00173780082875,10,X9 Z12 Y13 Y16 Z17 X21,0.918866666667,0.00610294822291,0.918866666667,0.00610294822291
0.00173780082875,0.00173780082875,0.00173780082875,0.00173780082875,10,X90 X100,0.876044444444,0.00923251514419,0.876044444444,0.00923251514419
0.00173780082875,0.00173780082875,0.00173780082875,0.00173780082875,10,X91 X101,0.874266666667,0.00806981034972,0.874266666667,0.00806981034972
0.00173780082875,0.00173780082875,0.00173780082875,0.00173780082875,10,X92 X102,0.883488888889,0.0083847760845,0.883488888889,0.0083847760845
0.00173780082875,0.00173780082875,0.00173780082875,0.00173780082875,10,X93 X103,0.885444444444,0.00776490450797,0.885444444444,0.00776490450797
0.00173780082875,0.00173780082875,0.00173780082875,0.00173780082875,10,X94 X104,0.891177777778,0.00696721019347,0.891177777778,0.00696721019347
0.00173780082875,0.00173780082875,0.00173780082875,0.00173780082875,10,X95 X105,0.925844444444,0.007930122664,0.925844444444,0.007930122664
0.00173780082875,0.00173780082875,0.00173780082875,0.00173780082875,10,X96 X106,0.933888888889,0.00735958380743,0.933888888889,0.00735958380743
0.00173780082875,0.00173780082875,0.00173780082875,0.00173780082875,10,X97 X107,0.943733333333,0.00608647769469,0.943733333333,0.00608647769469
0.00173780082875,0.00173780082875,0.00173780082875,0.00173780082875,10,X98 X108,0.952644444444,0.00570939491485,0.952644444444,0.00570939491485
0.00173780082875,0.00173780082875,0.00173780082875,0.00173780082875,10,X99 X109,0.964333333333,0.00528932996648,0.964333333333,0.00528932996648
0.00173780082875,0.00173780082875,0.00173780082875,0.00173780082875,10,Y0 Z1 X2,0.961844444444,0.00549380238298,0.961844444444,0.00549380238298
0.00173780082875,0.00173780082875,0.00173780082875,0.00173780082875,10,Y20 Z25 X30,0.922777777778,0.00666455905382,0.922777777778,0.00666455905382
0.00173780082875,0.00173780082875,0.00173780082875,0.00173780082875,10,Y42 Z49 X56,0.905866666667,0.00680860397751,0.905866666667,0.00680860397751
0.00173780082875,0.00173780082875,0.00173780082875,0.00173780082875,10,Y6 Z9 X12,0.942888888889,0.00539712803814,0.942888888889,0.00539712803814
0.00173780082875,0.00173780082875,0.00173780082875,0.00173780082875,10,Y72 Z81 X90,0.871711111111,0.00739614341533,0.871711111111,0.00739614341533
0.00173780082875,0.00173780082875,0.00173780082875,0.00173780082875,10,Z15 Y19 X24,0.968422222222,0.00481212814324,0.968422222222,0.00481212814324
0.00173780082875,0.00173780082875,0.00173780082875,0.00173780082875,10,Z3 Y5 X8,0.9692,0.0047477358992,0.9692,0.0047477358992
0.00173780082875,0.00173780082875,0.00173780082875,0.00173780082875,10,Z35 Y41 X48,0.968644444444,0.00564460433599,0.968644444444,0.00564460433599
0.00173780082875,0.00173780082875,0.00173780082875,0.00173780082875,10,Z63 Y71 X80,0.969688888889,0.00476813604338,0.969688888889,0.00476813604338
0.00173780082875,0.00173780082875,0.00173780082875,0.00173780082875,10,Z99 Y109 X120,0.968755555556,0.00363774732759,0.968755555556,0.00363774732759
