g1_x,g1_y,g1_z,IX,IY,IZ,XI,XX,XY,XZ,YI,YX,YY,YZ,ZI,ZX,ZY,ZZ,round,operator,mean,std,mean_signed,std_signed
1.44543977075e-05,1.44543977075e-05,1.44543977075e-05,1.44543977075e-05,1.44543977075e-05,1.44543977075e-05,1.44543977075e-05,1.44543977075e-05,1.44543977075e-05,1.44543977075e-05,1.44543977075e-05,1.44543977075e-05,1.44543977075e-05,1.44543977075e-05,1.44543977075e-05,1.44543977075e-05,1.44543977075e-05,1.44543977075e-05,1,Logical X,0.993377777778,0.00234844585984,0.9938,0.00190301233278
1.44543977075e-05,1.44543977075e-05,1.44543977075e-05,1.44543977075e-05,1.44543977075e-05,1.44543977075e-05,1.44543977075e-05,1.44543977075e-05,1.44543977075e-05,1.44543977075e-05,1.44543977075e-05,1.44543977075e-05,1.44543977075e-05,1.44543977075e-05,1.44543977075e-05,1.44543977075e-05,1.44543977075e-05,1.44543977075e-05,1,Logical Y,0.0159777777778,0.0110179002155,0.000977777777778,0.0151495566829
1.44543977075e-05,1.44543977075e-05,1.44543977075e-05,1.44543977075e-05,1.44543977075e-05,1.44543977075e-05,1.44543977075e-05,1.44543977075e-05,1.44543977075e-05,1.44543977075e-05,1.44543977075e-05,1.44543977075e-05,1.44543977075e-05,1.44543977075e-05,1.44543977075e-05,1.44543977075e-05,1.44543977075e-05,1.44543977075e-05,1,Logical Z,0.0168,0.0112749000726,-0.00197777777778,0.0144979674446
1.44543977075e-05,1.44543977075e-05,1.44543977075e-05,1.44543977075e-05,1.44543977075e-05,1.44543977075e-05,1.44543977075e-05,1.44543977075e-05,1.44543977075e-05,1.44543977075e-05,1.44543977075e-05,1.44543977075e-05,1.44543977075e-05,1.44543977075e-05,1.44543977075e-05,1.44543977075e-05,1.44543977075e-05,1.44543977075e-05,1,X0 X1,0.994822222222,0.00221927006973,0.994822222222,0.00221927006973
1.44543977075e-05,1.44543977075e-05,1.44543977075e-05,1.44543977075e-05,1.44543977075e-05,1.44543977075e-05,1.44543977075e-05,1.44543977075e-05,1.44543977075e-05,1.44543977075e-05,1.44543977075e-05,1.44543977075e-05,1.44543977075e-05,1.44543977075e-05,1.44543977075e-05,1.44543977075e-05,1.44543977075e-05,1.44543977075e-05,1,X1 Z2 Y3 Y4 Z5 X7,0.983377777778,0.00326567347479,0.983377777778,0.00326567347479
1.44543977075e-05,1.44543977075e-05,1.44543977075e-05,1.44543977075e-05,1.44543977075e-05,1.44543977075e-05,1.44543977075e-05,1.44543977075e-05,1.44543977075e-05,1.44543977075e-05,1.44543977075e-05,1.44543977075e-05,1.44543977075e-05,1.44543977075e-05,1.44543977075e-05,1.44543977075e-05,1.44543977075e-05,1.44543977075e-05,1,X10 Z13 Y14 Y17 Z18 X22,0.983333333333,0.00325187832547,0.983333333333,0.00325187832547
1.44543977075e-05,1.44543977075e-05,1.44543977075e-05,1.44543977075e-05,1.44543977075e-05,1.44543977075e-05,1.44543977075e-05,1.44543977075e-05,1.44543977075e-05,1.44543977075e-05,1.44543977075e-05,1.44543977075e-05,1.44543977075e-05,1.44543977075e-05,1.44543977075e-05,1.44543977075e-05,1.44543977075e-05,1.44543977075e-05,1,X100 Z107 Y108 Y114 Z115 X121,0.982155555556,0.00267059098218,0.982155555556,0.00267059098218
1.44543977075e-05,1.44543977075e-05,1.44543977075e-05,1.44543977075e-05,1.44543977075e-05,1.44543977075e-05,1.44543977075e-05,1.44543977075e-05,1.44543977075e-05,1.44543977075e-05,1.44543977075e-05,1.44543977075e-05,1.44543977075e-05,1.44543977075e-05,1.44543977075e-05,1.44543977075e-05,1.44543977075e-05,1.44543977075e-05,1,X101 Z108 Y109 Y115 Z116 X122,0.984288888889,0.00316437707105,0.984288888889,0.00316437707105
1.44543977075e-05,1.44543977075e-05,1.44543977075e-05,1.44543977075e-05,1.44543977075e-05,1.44543977075e-05,1.44543977075e-05,1.44543977075e-05,1.44543977075e-05,1.44543977075e-05,1.44543977075e-05,1.44543977075e-05,1.44543977075e-05,1.44543977075e-05,1.44543977075e-05,1.44543977075e-05,1.44543977075e-05,1.44543977075e-05,1,X102 Z109 Y110 Y116 Z117 X123,0.9836,0.00228001478788,0.9836,0.00228001478788
1.44543977075e-05,1.44543977075e-05,1.44543977075e-05,1.44543977075e-05,1.44543977075e-05,1.44543977075e-05,1.44543977075e-05,1.44543977075e-05,1.44543977075e-05,1.44543977075e-05,1.44543977075e-05,1.44543977075e-05,1.44543977075e-05,1.44543977075e-05,1.44543977075e-05,1.44543977075e-05,1.44543977075e-05,1.44543977075e-05,1,X103 Z110 Y111 Y117 Z118 X124,0.982155555556,0.00410842824337,0.982155555556,0.00410842824337
1.44543977075e-05,1.44543977075e-05,1.44543977075e-05,1.44543977075e-05,1.44543977075e-05,1.44543977075e-05,1.44543977075e-05,1.44543977075e-05,1.44543977075e-05,1.44543977075e-05,1.44543977075e-05,1.44543977075e-05,1.44543977075e-05,1.44543977075e-05,1.44543977075e-05,1.44543977075e-05,1.44543977075e-05,1.44543977075e-05,1,X104 Z111 Y112 Y118 Z119 X125,0.982844444444,0.00381942337159,0.982844444444,0.00381942337159
1.44543977075e-05,1.44543977075e-05,1.44543977075e-05,1.44543977075e-05,1.44543977075e-05,1.44543977075e-05,1.44543977075e-05,1.44543977075e-05,1.44543977075e-05,1.44543977075e-05,1.44543977075e-05,1.44543977075e-05,1.44543977075e-05,1.44543977075e-05,1.44543977075e-05,1.44543977075e-05,1.44543977075e-05,1.44543977075e-05,1,X105 Z112 Y119,0.988755555556,0.00319354393438,0.988755555556,0.00319354393438
1.44543977075e-05,1.44543977075e-05,1.44543977075e-05,1.44543977075e-05,1.44543977075e-05,1.44543977075e-05,1.44543977075e-05,1.44543977075e-05,1.44543977075e-05,1.44543977075e-05,1.44543977075e-05,1.44543977075e-05,1.44543977075e-05,1.44543977075e-05,1.44543977075e-05,1.44543977075e-05,1.44543977075e-05,1.44543977075e-05,1,X106 X113,0.994377777778,0.00194706446363,0.994377777778,0.00194706446363
1.44543977075e-05,1.44543977075e-05,1.44543977075e-05,1.44543977075e-05,1.44543977075e-05,1.44543977075e-05,1.44543977075e-05,1.44543977075e-05,1.44543977075e-05,1.44543977075e-05,1.44543977075e-05,1.44543977075e-05,1.44543977075e-05,1.44543977075e-05,1.44543977075e-05,1.44543977075e-05,1.44543977075e-05,1.44543977075e-05,1,X107 X114,0.994466666667,0.0022293754602,0.994466666667,0.0022293754602
1.44543977075e-05,1.44543977075e-05,1.44543977075e-05,1.44543977075e-05,1.44543977075e-05,1.44543977075e-05,1.44543977075e-05,1.44543977075e-05,1.44543977075e-05,1.44543977075e-05,1.44543977075e-05,1.44543977075e-05,1.44543977075e-05,1.44543977075e-05,1.44543977075e-05,1.44543977075e-05,1.44543977075e-05,1.44543977075e-05,1,X108 X115,0.994622222222,0.00168775925117,0.994622222222,0.00168775925117
1.44543977075e-05,1.44543977075e-05,1.44543977075e-05,1.44543977075e-05,1.44543977075e-05,1.44543977075e-05,1.44543977075e-05,1.44543977075e-05,1.44543977075e-05,1.44543977075e-05,1.44543977075e-05,1.44543977075e-05,1.44543977075e-05,1.44543977075e-05,1.44543977075e-05,1.44543977075e-05,1.44543977075e-05,1.44543977075e-05,1,X109 X116,0.993933333333,0.00190462232658,0.993933333333,0.00190462232658
1.44543977075e-05,1.44543977075e-05,1.44543977075e-05,1.44543977075e-05,1.44543977075e-05,1.44543977075e-05,1.44543977075e-05,1.44543977075e-05,1.44543977075e-05,1.44543977075e-05,1.44543977075e-05,1.44543977075e-05,1.44543977075e-05,1.44543977075e-05,1.44543977075e-05,1.44543977075e-05,1.44543977075e-05,1.44543977075e-05,1,X11 Z14 Y15 Y18 Z19 X23,0.983644444444,0.00380656151931,0.983644444444,0.00380656151931
1.44543977075e-05,1.44543977075e-05,1.44543977075e-05,1.44543977075e-05,1.44543977075e-05,1.44543977075e-05,1.44543977075e-05,1.44543977075e-05,1.44543977075e-05,1.44543977075e-05,1.44543977075e-05,1.44543977075e-05,1.44543977075e-05,1.44543977075e-05,1.44543977075e-05,1.44543977075e-05,1.44543977075e-05,1.44543977075e-05,1,X110 X117,0.994422222222,0.00179811168157,0.994422222222,0.00179811168157
1.44543977075e-05,1.44543977075e-05,1.44543977075e-05,1.44543977075e-05,1.44543977075e-05,1.44543977075e-05,1.44543977075e-05,1.44543977075e-05,1.44543977075e-05,1.44543977075e-05,1.44543977075e-05,1.44543977075e-05,1.44543977075e-05,1.44543977075e-05,1.44543977075e-05,1.44543977075e-05,1.44543977075e-05,1.44543977075e-05,1,X111 X118,0.994666666667,0.0020038277547,0.994666666667,0.0020038277547
1.44543977075e-05,1.44543977075e-05,1.44543977075e-05,1.44543977075e-05,1.44543977075e-05,1.44543977075e-05,1.44543977075e-05,1.44543977075e-05,1.44543977075e-05,1.44543977075e-05,1.44543977075e-05,1.44543977075e-05,1.44543977075e-05,1.44543977075e-05,1.44543977075e-05,1.44543977075e-05,1.44543977075e-05,1.44543977075e-05,1,X112 X119,0.9942,0.00213814113416,0.9942,0.00213814113416
1.44543977075e-05,1.44543977075e-05,1.44543977075e-05,1.44543977075e-05,1.44543977075e-05,1.44543977075e-05,1.44543977075e-05,1.44543977075e-05,1.44543977075e-05,1.44543977075e-05,1.44543977075e-05,1.44543977075e-05,1.44543977075e-05,1.44543977075e-05,1.44543977075e-05,1.44543977075e-05,1.44543977075e-05,1.44543977075e-05,1,X113 Y120 Z126,0.989155555556,0.00270055100569,0.989155555556,0.00270055100569
1.44543977075e-05,1.44543977075e-05,1.44543977075e-05,1.44543977075e-05,1.44543977075e-05,1.44543977075e-05,1.44543977075e-05,1.44543977075e-05,1.44543977075e-05,1.44543977075e-05,1.44543977075e-05,1.44543977075e-05,1.44543977075e-05,1.44543977075e-05,1.44543977075e-05,1.44543977075e-05,1.44543977075e-05,1.44543977075e-05,1,X114 Z120 Y121 Y126 Z127 X132,0.982644444444,0.00304491704249,0.982644444444,0.00304491704249
1.44543977075e-05,1.44543977075e-05,1.44543977075e-05,1.44543977075e-05,1.44543977075e-05,1.44543977075e-05,1.44543977075e-05,1.44543977075e-05,1.44543977075e-05,1.44543977075e-05,1.44543977075e-05,1.44543977075e-05,1.44543977075e-05,1.44543977075e-05,1.44543977075e-05,1.44543977075e-05,1.44543977075e-05,1.44543977075e-05,1,X115 Z121 Y122 Y127 Z128 X133,0.984022222222,0.00277638279148,0.984022222222,0.00277638279148
1.44543977075e-05,1.44543977075e-05,1.44543977075e-05,1.44543977075e-05,1.44543977075e-05,1.44543977075e-05,1.44543977075e-05,1.44543977075e-05,1.44543977075e-05,1.44543977075e-05,1.44543977075e-05,1.44543977075e-05,1.44543977075e-05,1.44543977075e-05,1.44543977075e-05,1.44543977075e-05,1.44543977075e-05,1.44543977075e-05,1,X116 Z122 Y123 Y128 Z129 X134,0.982977777778,0.0041898740673,0.982977777778,0.0041898740673
1.44543977075e-05,1.44543977075e-05,1.44543977075e-05,1.44543977075e-05,1.44543977075e-05,1.44543977075e-05,1.44543977075e-05,1.44543977075e-05,1.44543977075e-05,1.44543977075e-05,1.44543977075e-05,1.44543977075e-05,1.44543977075e-05,1.44543977075e-05,1.44543977075e-05,1.44543977075e-05,1.44543977075e-05,1.44543977075e-05,1,X117 Z123 Y124 Y129 Z130 X135,0.982688888889,0.00332865572182,0.982688888889,0.00332865572182
1.44543977075e-05,1.44543977075e-05,1.44543977075e-05,1.44543977075e-05,1.44543977075e-05,1.44543977075e-05,1.44543977075e-05,1.44543977075e-05,1.44543977075e-05,1.44543977075e-05,1.44543977075e-05,1.44543977075e-05,1.44543977075e-05,1.44543977075e-05,1.44543977075e-05,1.44543977075e-05,1.44543977075e-05,1.44543977075e-05,1,X118 Z124 Y125 Y130 Z131 X136,0.9828,0.00388887794197,0.9828,0.00388887794197
1.44543977075e-05,1.44543977075e-05,1.44543977075e-05,1.44543977075e-05,1.44543977075e-05,1.44543977075e-05,1.44543977075e-05,1.44543977075e-05,1.44543977075e-05,1.44543977075e-05,1.44543977075e-05,1.44543977075e-05,1.44543977075e-05,1.44543977075e-05,1.44543977075e-05,1.44543977075e-05,1.44543977075e-05,1.44543977075e-05,1,X12 X16,0.993866666667,0.00163674286406,0.993866666667,0.00163674286406
1.44543977075e-05,1.44543977075e-05,1.44543977075e-05,1.44543977075e-05,1.44543977075e-05,1.44543977075e-05,1.44543977075e-05,1.44543977075e-05,1.44543977075e-05,1.44543977075e-05,1.44543977075e-05,1.44543977075e-05,1.44543977075e-05,1.44543977075e-05,1.44543977075e-05,1.44543977075e-05,1.44543977075e-05,1.44543977075e-05,1,X120 X126,0.9946,0.00187215940638,0.9946,0.00187215940638
1.44543977075e-05,1.44543977075e-05,1.44543977075e-05,1.44543977075e-05,1.44543977075e-05,1.44543977075e-05,1.44543977075e-05,1.44543977075e-05,1.44543977075e-05,1.44543977075e-05,1.44543977075e-05,1.44543977075e-05,1.44543977075e-05,1.44543977075e-05,1.44543977075e-05,1.44543977075e-05,1.44543977075e-05,1.44543977075e-05,1,X121 X127,0.994777777778,0.00143394355717,0.994777777778,0.00143394355717
1.44543977075e-05,1.44543977075e-05,1.44543977075e-05,1.44543977075e-05,1.44543977075e-05,1.44543977075e-05,1.44543977075e-05,1.44543977075e-05,1.44543977075e-05,1.44543977075e-05,1.44543977075e-05,1.44543977075e-05,1.44543977075e-05,1.44543977075e-05,1.44543977075e-05,1.44543977075e-05,1.44543977075e-05,1.44543977075e-05,1,X122 X128,0.994288888889,0.00207656755789,0.994288888889,0.00207656755789
1.44543977075e-05,1.44543977075e-05,1.44543977075e-05,1.44543977075e-05,1.44543977075e-05,1.44543977075e-05,1.44543977075e-05,1.44543977075e-05,1.44543977075e-05,1.44543977075e-05,1.44543977075e-05,1.44543977075e-05,1.44543977075e-05,1.44543977075e-05,1.44543977075e-05,1.44543977075e-05,1.44543977075e-05,1.44543977075e-05,1,X123 X129,0.994422222222,0.002104425793,0.994422222222,0.002104425793
1.44543977075e-05,1.44543977075e-05,1.44543977075e-05,1.44543977075e-05,1.44543977075e-05,1.44543977075e-05,1.44543977075e-05,1.44543977075e-05,1.44543977075e-05,1.44543977075e-05,1.44543977075e-05,1.44543977075e-05,1.44543977075e-05,1.44543977075e-05,1.44543977075e-05,1.44543977075e-05,1.44543977075e-05,1.44543977075e-05,1,X124 X130,0.9946,0.00163627462121,0.9946,0.00163627462121
1.44543977075e-05,1.44543977075e-05,1.44543977075e-05,1.44543977075e-05,1.44543977075e-05,1.44543977075e-05,1.44543977075e-05,1.44543977075e-05,1.44543977075e-05,1.44543977075e-05,1.44543977075e-05,1.44543977075e-05,1.44543977075e-05,1.44543977075e-05,1.44543977075e-05,1.44543977075e-05,1.44543977075e-05,1.44543977075e-05,1,X125 X131,0.993688888889,0.00215657834091,0.993688888889,0.00215657834091
1.44543977075e-05,1.44543977075e-05,1.44543977075e-05,1.44543977075e-05,1.44543977075e-05,1.44543977075e-05,1.44543977075e-05,1.44543977075e-05,1.44543977075e-05,1.44543977075e-05,1.44543977075e-05,1.44543977075e-05,1.44543977075e-05,1.44543977075e-05,1.44543977075e-05,1.44543977075e-05,1.44543977075e-05,1.44543977075e-05,1,X127 Z132 Y133 Y137 Z138 X142,0.983555555556,0.00294695548246,0.983555555556,0.00294695548246
1.44543977075e-05,1.44543977075e-05,1.44543977075e-05,1.44543977075e-05,1.44543977075e-05,1.44543977075e-05,1.44543977075e-05,1.44543977075e-05,1.44543977075e-05,1.44543977075e-05,1.44543977075e-05,1.44543977075e-05,1.44543977075e-05,1.44543977075e-05,1.44543977075e-05,1.44543977075e-05,1.44543977075e-05,1.44543977075e-05,1,X128 Z133 Y134 Y138 Z139 X143,0.981577777778,0.00386945334911,0.981577777778,0.00386945334911
1.44543977075e-05,1.44543977075e-05,1.44543977075e-05,1.44543977075e-05,1.44543977075e-05,1.44543977075e-05,1.44543977075e-05,1.44543977075e-05,1.44543977075e-05,1.44543977075e-05,1.44543977075e-05,1.44543977075e-05,1.44543977075e-05,1.44543977075e-05,1.44543977075e-05,1.44543977075e-05,1.44543977075e-05,1.44543977075e-05,1,X129 Z134 Y135 Y139 Z140 X144,0.982022222222,0.00295811544716,0.982022222222,0.00295811544716
1.44543977075e-05,1.44543977075e-05,1.44543977075e-05,1.44543977075e-05,1.44543977075e-05,1.44543977075e-05,1.44543977075e-05,1.44543977075e-05,1.44543977075e-05,1.44543977075e-05,1.44543977075e-05,1.44543977075e-05,1.44543977075e-05,1.44543977075e-05,1.44543977075e-05,1.44543977075e-05,1.44543977075e-05,1.44543977075e-05,1,X13 X17,0.9944,0.00219089023002,0.9944,0.00219089023002
1.44543977075e-05,1.44543977075e-05,1.44543977075e-05,1.44543977075e-05,1.44543977075e-05,1.44543977075e-05,1.44543977075e-05,1.44543977075e-05,1.44543977075e-05,1.44543977075e-05,1.44543977075e-05,1.44543977075e-05,1.44543977075e-05,1.44543977075e-05,1.44543977075e-05,1.44543977075e-05,1.44543977075e-05,1.44543977075e-05,1,X130 Z135 Y136 Y140 Z141 X145,0.983733333333,0.00338850886633,0.983733333333,0.00338850886633
1.44543977075e-05,1.44543977075e-05,1.44543977075e-05,1.44543977075e-05,1.44543977075e-05,1.44543977075e-05,1.44543977075e-05,1.44543977075e-05,1.44543977075e-05,1.44543977075e-05,1.44543977075e-05,1.44543977075e-05,1.44543977075e-05,1.44543977075e-05,1.44543977075e-05,1.44543977075e-05,1.44543977075e-05,1.44543977075e-05,1,X131 Z136 Y141,0.989533333333,0.00231039629382,0.989533333333,0.00231039629382
1.44543977075e-05,1.44543977075e-05,1.44543977075e-05,1.44543977075e-05,1.44543977075e-05,1.44543977075e-05,1.44543977075e-05,1.44543977075e-05,1.44543977075e-05,1.44543977075e-05,1.44543977075e-05,1.44543977075e-05,1.44543977075e-05,1.44543977075e-05,1.44543977075e-05,1.44543977075e-05,1.44543977075e-05,1.44543977075e-05,1,X132 X137,0.994133333333,0.00213993232249,0.994133333333,0.00213993232249
1.44543977075e-05,1.44543977075e-05,1.44543977075e-05,1.44543977075e-05,1.44543977075e-05,1.44543977075e-05,1.44543977075e-05,1.44543977075e-05,1.44543977075e-05,1.44543977075e-05,1.44543977075e-05,1.44543977075e-05,1.44543977075e-05,1.44543977075e-05,1.44543977075e-05,1.44543977075e-05,1.44543977075e-05,1.44543977075e-05,1,X133 X138,0.994177777778,0.00236146154713,0.994177777778,0.00236146154713
1.44543977075e-05,1.44543977075e-05,1.44543977075e-05,1.44543977075e-05,1.44543977075e-05,1.44543977075e-05,1.44543977075e-05,1.44543977075e-05,1.44543977075e-05,1.44543977075e-05,1.44543977075e-05,1.44543977075e-05,1.44543977075e-05,1.44543977075e-05,1.44543977075e-05,1.44543977075e-05,1.44543977075e-05,1.44543977075e-05,1,X134 X139,0.994133333333,0.00157956296395,0.994133333333,0.00157956296395
1.44543977075e-05,1.44543977075e-05,1.44543977075e-05,1.44543977075e-05,1.44543977075e-05,1.44543977075e-05,1.44543977075e-05,1.44543977075e-05,1.44543977075e-05,1.44543977075e-05,1.44543977075e-05,1.44543977075e-05,1.44543977075e-05,1.44543977075e-05,1.44543977075e-05,1.44543977075e-05,1.44543977075e-05,1.44543977075e-05,1,X135 X140,0.994333333333,0.00183411686496,0.994333333333,0.00183411686496
1.44543977075e-05,1.44543977075e-05,1.44543977075e-05,1.44543977075e-05,1.44543977075e-05,1.44543977075e-05,1.44543977075e-05,1.44543977075e-05,1.44543977075e-05,1.44543977075e-05,1.44543977075e-05,1.44543977075e-05,1.44543977075e-05,1.44543977075e-05,1.44543977075e-05,1.44543977075e-05,1.44543977075e-05,1.44543977075e-05,1,X136 X141,0.9942,0.00163440030831,0.9942,0.00163440030831
1.44543977075e-05,1.44543977075e-05,1.44543977075e-05,1.44543977075e-05,1.44543977075e-05,1.44543977075e-05,1.44543977075e-05,1.44543977075e-05,1.44543977075e-05,1.44543977075e-05,1.44543977075e-05,1.44543977075e-05,1.44543977075e-05,1.44543977075e-05,1.44543977075e-05,1.44543977075e-05,1.44543977075e-05,1.44543977075e-05,1,X137 Y142 Z146,0.989844444444,0.00275532689695,0.989844444444,0.00275532689695
1.44543977075e-05,1.44543977075e-05,1.44543977075e-05,1.44543977075e-05,1.44543977075e-05,1.44543977075e-05,1.44543977075e-05,1.44543977075e-05,1.44543977075e-05,1.44543977075e-05,1.44543977075e-05,1.44543977075e-05,1.44543977075e-05,1.44543977075e-05,1.44543977075e-05,1.44543977075e-05,1.44543977075e-05,1.44543977075e-05,1,X138 Z142 Y143 Y146 Z147 X150,0.983977777778,0.0033240483711,0.983977777778,0.0033240483711
1.44543977075e-05,1.44543977075e-05,1.44543977075e-05,1.44543977075e-05,1.44543977075e-05,1.44543977075e-05,1.44543977075e-05,1.44543977075e-05,1.44543977075e-05,1.44543977075e-05,1.44543977075e-05,1.44543977075e-05,1.44543977075e-05,1.44543977075e-05,1.44543977075e-05,1.44543977075e-05,1.44543977075e-05,1.44543977075e-05,1,X139 Z143 Y144 Y147 Z148 X151,0.983844444444,0.00274975907455,0.983844444444,0.00274975907455
1.44543977075e-05,1.44543977075e-05,1.44543977075e-05,1.44543977075e-05,1.44543977075e-05,1.44543977075e-05,1.44543977075e-05,1.44543977075e-05,1.44543977075e-05,1.44543977075e-05,1.44543977075e-05,1.44543977075e-05,1.44543977075e-05,1.44543977075e-05,1.44543977075e-05,1.44543977075e-05,1.44543977075e-05,1.44543977075e-05,1,X14 X18,0.994622222222,0.00185227070614,0.994622222222,0.00185227070614
1.44543977075e-05,1.44543977075e-05,1.44543977075e-05,1.44543977075e-05,1.44543977075e-05,1.44543977075e-05,1.44543977075e-05,1.44543977075e-05,1.44543977075e-05,1.44543977075e-05,1.44543977075e-05,1.44543977075e-05,1.44543977075e-05,1.44543977075e-05,1.44543977075e-05,1.44543977075e-05,1.44543977075e-05,1.44543977075e-05,1,X140 Z144 Y145 Y148 Z149 X152,0.983,0.00380260044114,0.983,0.00380260044114
1.44543977075e-05,1.44543977075e-05,1.44543977075e-05,1.44543977075e-05,1.44543977075e-05,1.44543977075e-05,1.44543977075e-05,1.44543977075e-05,1.44543977075e-05,1.44543977075e-05,1.44543977075e-05,1.44543977075e-05,1.44543977075e-05,1.44543977075e-05,1.44543977075e-05,1.44543977075e-05,1.44543977075e-05,1.44543977075e-05,1,X142 X146,0.994488888889,0.00226878422611,0.994488888889,0.00226878422611
1.44543977075e-05,1.44543977075e-05,1.44543977075e-05,1.44543977075e-05,1.44543977075e-05,1.44543977075e-05,1.44543977075e-05,1.44543977075e-05,1.44543977075e-05,1.44543977075e-05,1.44543977075e-05,1.44543977075e-05,1.44543977075e-05,1.44543977075e-05,1.44543977075e-05,1.44543977075e-05,1.44543977075e-05,1.44543977075e-05,1,X143 X147,0.994333333333,0.00151366698433,0.994333333333,0.00151366698433
1.44543977075e-05,1.44543977075e-05,1.44543977075e-05,1.44543977075e-05,1.44543977075e-05,1.44543977075e-05,1.44543977075e-05,1.44543977075e-05,1.44543977075e-05,1.44543977075e-05,1.44543977075e-05,1.44543977075e-05,1.44543977075e-05,1.44543977075e-05,1.44543977075e-05,1.44543977075e-05,1.44543977075e-05,1.44543977075e-05,1,X144 X148,0.994,0.00246974024105,0.994,0.00246974024105
1.44543977075e-05,1.44543977075e-05,1.44543977075e-05,1.44543977075e-05,1.44543977075e-05,1.44543977075e-05,1.44543977075e-05,1.44543977075e-05,1.44543977075e-05,1.44543977075e-05,1.44543977075e-05,1.44543977075e-05,1.44543977075e-05,1.44543977075e-05,1.44543977075e-05,1.44543977075e-05,1.44543977075e-05,1.44543977075e-05,1,X145 X149,0.994733333333,0.00173624865356,0.994733333333,0.00173624865356
1.44543977075e-05,1.44543977075e-05,1.44543977075e-05,1.44543977075e-05,1.44543977075e-05,1.44543977075e-05,1.44543977075e-05,1.44543977075e-05,1.44543977075e-05,1.44543977075e-05,1.44543977075e-05,1.44543977075e-05,1.44543977075e-05,1.44543977075e-05,1.44543977075e-05,1.44543977075e-05,1.44543977075e-05,1.44543977075e-05,1,X147 Z150 Y151 Y153 Z154 X156,0.983044444444,0.00325038557493,0.983044444444,0.00325038557493
1.44543977075e-05,1.44543977075e-05,1.44543977075e-05,1.44543977075e-05,1.44543977075e-05,1.44543977075e-05,1.44543977075e-05,1.44543977075e-05,1.44543977075e-05,1.44543977075e-05,1.44543977075e-05,1.44543977075e-05,1.44543977075e-05,1.44543977075e-05,1.44543977075e-05,1.44543977075e-05,1.44543977075e-05,1.44543977075e-05,1,X148 Z151 Y152 Y154 Z155 X157,0.9826,0.00352918863392,0.9826,0.00352918863392
1.44543977075e-05,1.44543977075e-05,1.44543977075e-05,1.44543977075e-05,1.44543977075e-05,1.44543977075e-05,1.44543977075e-05,1.44543977075e-05,1.44543977075e-05,1.44543977075e-05,1.44543977075e-05,1.44543977075e-05,1.44543977075e-05,1.44543977075e-05,1.44543977075e-05,1.44543977075e-05,1.44543977075e-05,1.44543977075e-05,1,X149 Z152 Y155,0.989244444444,0.00258337350111,0.989244444444,0.00258337350111
1.44543977075e-05,1.44543977075e-05,1.44543977075e-05,1.44543977075e-05,1.44543977075e-05,1.44543977075e-05,1.44543977075e-05,1.44543977075e-05,1.44543977075e-05,1.44543977075e-05,1.44543977075e-05,1.44543977075e-05,1.44543977075e-05,1.44543977075e-05,1.44543977075e-05,1.44543977075e-05,1.44543977075e-05,1.44543977075e-05,1,X15 X19,0.994644444444,0.00182350202698,0.994644444444,0.00182350202698
1.44543977075e-05,1.44543977075e-05,1.44543977075e-05,1.44543977075e-05,1.44543977075e-05,1.44543977075e-05,1.44543977075e-05,1.44543977075e-05,1.44543977075e-05,1.44543977075e-05,1.44543977075e-05,1.44543977075e-05,1.44543977075e-05,1.44543977075e-05,1.44543977075e-05,1.44543977075e-05,1.44543977075e-05,1.44543977075e-05,1,X150 X153,0.994533333333,0.00136063992157,0.994533333333,0.00136063992157
1.44543977075e-05,1.44543977075e-05,1.44543977075e-05,1.44543977075e-05,1.44543977075e-05,1.44543977075e-05,1.44543977075e-05,1.44543977075e-05,1.44543977075e-05,1.44543977075e-05,1.44543977075e-05,1.44543977075e-05,1.44543977075e-05,1.44543977075e-05,1.44543977075e-05,1.44543977075e-05,1.44543977075e-05,1.44543977075e-05,1,X151 X154,0.9938,0.00208000884171,0.9938,0.00208000884171
1.44543977075e-05,1.44543977075e-05,1.44543977075e-05,1.44543977075e-05,1.44543977075e-05,1.44543977075e-05,1.44543977075e-05,1.44543977075e-05,1.44543977075e-05,1.44543977075e-05,1.44543977075e-05,1.44543977075e-05,1.44543977075e-05,1.44543977075e-05,1.44543977075e-05,1.44543977075e-05,1.44543977075e-05,1.44543977075e-05,1,X152 X155,0.994533333333,0.00222421366707,0.994533333333,0.00222421366707
1.44543977075e-05,1.44543977075e-05,1.44543977075e-05,1.44543977075e-05,1.44543977075e-05,1.44543977075e-05,1.44543977075e-05,1.44543977075e-05,1.44543977075e-05,1.44543977075e-05,1.44543977075e-05,1.44543977075e-05,1.44543977075e-05,1.44543977075e-05,1.44543977075e-05,1.44543977075e-05,1.44543977075e-05,1.44543977075e-05,1,X153 Y156 Z158,0.989488888889,0.00243652496299,0.989488888889,0.00243652496299
1.44543977075e-05,1.44543977075e-05,1.44543977075e-05,1.44543977075e-05,1.44543977075e-05,1.44543977075e-05,1.44543977075e-05,1.44543977075e-05,1.44543977075e-05,1.44543977075e-05,1.44543977075e-05,1.44543977075e-05,1.44543977075e-05,1.44543977075e-05,1.44543977075e-05,1.44543977075e-05,1.44543977075e-05,1.44543977075e-05,1,X154 Z156 Y157 Y158 Z159 X160,0.9832,0.00371142999984,0.9832,0.00371142999984
1.44543977075e-05,1.44543977075e-05,1.44543977075e-05,1.44543977075e-05,1.44543977075e-05,1.44543977075e-05,1.44543977075e-05,1.44543977075e-05,1.44543977075e-05,1.44543977075e-05,1.44543977075e-05,1.44543977075e-05,1.44543977075e-05,1.44543977075e-05,1.44543977075e-05,1.44543977075e-05,1.44543977075e-05,1.44543977075e-05,1,X156 X158,0.995133333333,0.00188683683892,0.995133333333,0.00188683683892
1.44543977075e-05,1.44543977075e-05,1.44543977075e-05,1.44543977075e-05,1.44543977075e-05,1.44543977075e-05,1.44543977075e-05,1.44543977075e-05,1.44543977075e-05,1.44543977075e-05,1.44543977075e-05,1.44543977075e-05,1.44543977075e-05,1.44543977075e-05,1.44543977075e-05,1.44543977075e-05,1.44543977075e-05,1.44543977075e-05,1,X157 X159,0.994333333333,0.00201716769686,0.994333333333,0.00201716769686
1.44543977075e-05,1.44543977075e-05,1.44543977075e-05,1.44543977075e-05,1.44543977075e-05,1.44543977075e-05,1.44543977075e-05,1.44543977075e-05,1.44543977075e-05,1.44543977075e-05,1.44543977075e-05,1.44543977075e-05,1.44543977075e-05,1.44543977075e-05,1.44543977075e-05,1.44543977075e-05,1.44543977075e-05,1.44543977075e-05,1,X159 Z160 Y161,0.988911111111,0.00282019717978,0.988911111111,0.00282019717978
1.44543977075e-05,1.44543977075e-05,1.44543977075e-05,1.44543977075e-05,1.44543977075e-05,1.44543977075e-05,1.44543977075e-05,1.44543977075e-05,1.44543977075e-05,1.44543977075e-05,1.44543977075e-05,1.44543977075e-05,1.44543977075e-05,1.44543977075e-05,1.44543977075e-05,1.44543977075e-05,1.44543977075e-05,1.44543977075e-05,1,X16 Z20 Y21 Y25 Z26 X31,0.984666666667,0.00264357820901,0.984666666667,0.00264357820901
1.44543977075e-05,1.44543977075e-05,1.44543977075e-05,1.44543977075e-05,1.44543977075e-05,1.44543977075e-05,1.44543977075e-05,1.44543977075e-05,1.44543977075e-05,1.44543977075e-05,1.44543977075e-05,1.44543977075e-05,1.44543977075e-05,1.44543977075e-05,1.44543977075e-05,1.44543977075e-05,1.44543977075e-05,1.44543977075e-05,1,X160 X161,0.994955555556,0.00162058911131,0.994955555556,0.00162058911131
1.44543977075e-05,1.44543977075e-05,1.44543977075e-05,1.44543977075e-05,1.44543977075e-05,1.44543977075e-05,1.44543977075e-05,1.44543977075e-05,1.44543977075e-05,1.44543977075e-05,1.44543977075e-05,1.44543977075e-05,1.44543977075e-05,1.44543977075e-05,1.44543977075e-05,1.44543977075e-05,1.44543977075e-05,1.44543977075e-05,1,X17 Z21 Y22 Y26 Z27 X32,0.983555555556,0.00416271843589,0.983555555556,0.00416271843589
1.44543977075e-05,1.44543977075e-05,1.44543977075e-05,1.44543977075e-05,1.44543977075e-05,1.44543977075e-05,1.44543977075e-05,1.44543977075e-05,1.44543977075e-05,1.44543977075e-05,1.44543977075e-05,1.44543977075e-05,1.44543977075e-05,1.44543977075e-05,1.44543977075e-05,1.44543977075e-05,1.44543977075e-05,1.44543977075e-05,1,X18 Z22 Y23 Y27 Z28 X33,0.983711111111,0.00297464809514,0.983711111111,0.00297464809514
1.44543977075e-05,1.44543977075e-05,1.44543977075e-05,1.44543977075e-05,1.44543977075e-05,1.44543977075e-05,1.44543977075e-05,1.44543977075e-05,1.44543977075e-05,1.44543977075e-05,1.44543977075e-05,1.44543977075e-05,1.44543977075e-05,1.44543977075e-05,1.44543977075e-05,1.44543977075e-05,1.44543977075e-05,1.44543977075e-05,1,X19 Z23 Y24 Y28 Z29 X34,0.983444444444,0.00389550613804,0.983444444444,0.00389550613804
1.44543977075e-05,1.44543977075e-05,1.44543977075e-05,1.44543977075e-05,1.44543977075e-05,1.44543977075e-05,1.44543977075e-05,1.44543977075e-05,1.44543977075e-05,1.44543977075e-05,1.44543977075e-05,1.44543977075e-05,1.44543977075e-05,1.44543977075e-05,1.44543977075e-05,1.44543977075e-05,1.44543977075e-05,1.44543977075e-05,1,X2 X4,0.994044444444,0.0019093103875,0.994044444444,0.0019093103875
1.44543977075e-05,1.44543977075e-05,1.44543977075e-05,1.44543977075e-05,1.44543977075e-05,1.44543977075e-05,1.44543977075e-05,1.44543977075e-05,1.44543977075e-05,1.44543977075e-05,1.44543977075e-05,1.44543977075e-05,1.44543977075e-05,1.44543977075e-05,1.44543977075e-05,1.44543977075e-05,1.44543977075e-05,1.44543977075e-05,1,X20 X25,0.9946,0.00179697489519,0.9946,0.00179697489519
1.44543977075e-05,1.44543977075e-05,1.44543977075e-05,1.44543977075e-05,1.44543977075e-05,1.44543977075e-05,1.44543977075e-05,1.44543977075e-05,1.44543977075e-05,1.44543977075e-05,1.44543977075e-05,1.44543977075e-05,1.44543977075e-05,1.44543977075e-05,1.44543977075e-05,1.44543977075e-05,1.44543977075e-05,1.44543977075e-05,1,X21 X26,0.994177777778,0.00162295160215,0.994177777778,0.00162295160215
1.44543977075e-05,1.44543977075e-05,1.44543977075e-05,1.44543977075e-05,1.44543977075e-05,1.44543977075e-05,1.44543977075e-05,1.44543977075e-05,1.44543977075e-05,1.44543977075e-05,1.44543977075e-05,1.44543977075e-05,1.44543977075e-05,1.44543977075e-05,1.44543977075e-05,1.44543977075e-05,1.44543977075e-05,1.44543977075e-05,1,X22 X27,0.994333333333,0.00128355349656,0.994333333333,0.00128355349656
1.44543977075e-05,1.44543977075e-05,1.44543977075e-05,1.44543977075e-05,1.44543977075e-05,1.44543977075e-05,1.44543977075e-05,1.44543977075e-05,1.44543977075e-05,1.44543977075e-05,1.44543977075e-05,1.44543977075e-05,1.44543977075e-05,1.44543977075e-05,1.44543977075e-05,1.44543977075e-05,1.44543977075e-05,1.44543977075e-05,1,X23 X28,0.9944,0.00190663290702,0.9944,0.00190663290702
1.44543977075e-05,1.44543977075e-05,1.44543977075e-05,1.44543977075e-05,1.44543977075e-05,1.44543977075e-05,1.44543977075e-05,1.44543977075e-05,1.44543977075e-05,1.44543977075e-05,1.44543977075e-05,1.44543977075e-05,1.44543977075e-05,1.44543977075e-05,1.44543977075e-05,1.44543977075e-05,1.44543977075e-05,1.44543977075e-05,1,X24 X29,0.993111111111,0.00225795033582,0.993111111111,0.00225795033582
1.44543977075e-05,1.44543977075e-05,1.44543977075e-05,1.44543977075e-05,1.44543977075e-05,1.44543977075e-05,1.44543977075e-05,1.44543977075e-05,1.44543977075e-05,1.44543977075e-05,1.44543977075e-05,1.44543977075e-05,1.44543977075e-05,1.44543977075e-05,1.44543977075e-05,1.44543977075e-05,1.44543977075e-05,1.44543977075e-05,1,X25 Z30 Y31 Y36 Z37 X43,0.983688888889,0.0027220306446,0.983688888889,0.0027220306446
1.44543977075e-05,1.44543977075e-05,1.44543977075e-05,1.44543977075e-05,1.44543977075e-05,1.44543977075e-05,1.44543977075e-05,1.44543977075e-05,1.44543977075e-05,1.44543977075e-05,1.44543977075e-05,1.44543977075e-05,1.44543977075e-05,1.44543977075e-05,1.44543977075e-05,1.44543977075e-05,1.44543977075e-05,1.44543977075e-05,1,X26 Z31 Y32 Y37 Z38 X44,0.983955555556,0.00355766221116,0.983955555556,0.00355766221116
1.44543977075e-05,1.44543977075e-05,1.44543977075e-05,1.44543977075e-05,1.44543977075e-05,1.44543977075e-05,1.44543977075e-05,1.44543977075e-05,1.44543977075e-05,1.44543977075e-05,1.44543977075e-05,1.44543977075e-05,1.44543977075e-05,1.44543977075e-05,1.44543977075e-05,1.44543977075e-05,1.44543977075e-05,1.44543977075e-05,1,X27 Z32 Y33 Y38 Z39 X45,0.983288888889,0.00387914488082,0.983288888889,0.00387914488082
1.44543977075e-05,1.44543977075e-05,1.44543977075e-05,1.44543977075e-05,1.44543977075e-05,1.44543977075e-05,1.44543977075e-05,1.44543977075e-05,1.44543977075e-05,1.44543977075e-05,1.44543977075e-05,1.44543977075e-05,1.44543977075e-05,1.44543977075e-05,1.44543977075e-05,1.44543977075e-05,1.44543977075e-05,1.44543977075e-05,1,X28 Z33 Y34 Y39 Z40 X46,0.983422222222,0.00283239786225,0.983422222222,0.00283239786225
1.44543977075e-05,1.44543977075e-05,1.44543977075e-05,1.44543977075e-05,1.44543977075e-05,1.44543977075e-05,1.44543977075e-05,1.44543977075e-05,1.44543977075e-05,1.44543977075e-05,1.44543977075e-05,1.44543977075e-05,1.44543977075e-05,1.44543977075e-05,1.44543977075e-05,1.44543977075e-05,1.44543977075e-05,1.44543977075e-05,1,X29 Z34 Y35 Y40 Z41 X47,0.984155555556,0.00308094294832,0.984155555556,0.00308094294832
1.44543977075e-05,1.44543977075e-05,1.44543977075e-05,1.44543977075e-05,1.44543977075e-05,1.44543977075e-05,1.44543977075e-05,1.44543977075e-05,1.44543977075e-05,1.44543977075e-05,1.44543977075e-05,1.44543977075e-05,1.44543977075e-05,1.44543977075e-05,1.44543977075e-05,1.44543977075e-05,1.44543977075e-05,1.44543977075e-05,1,X3 X5,0.994177777778,0.00172369853916,0.994177777778,0.00172369853916
1.44543977075e-05,1.44543977075e-05,1.44543977075e-05,1.44543977075e-05,1.44543977075e-05,1.44543977075e-05,1.44543977075e-05,1.44543977075e-05,1.44543977075e-05,1.44543977075e-05,1.44543977075e-05,1.44543977075e-05,1.44543977075e-05,1.44543977075e-05,1.44543977075e-05,1.44543977075e-05,1.44543977075e-05,1.44543977075e-05,1,X30 X36,0.993533333333,0.0026211634982,0.993533333333,0.0026211634982
1.44543977075e-05,1.44543977075e-05,1.44543977075e-05,1.44543977075e-05,1.44543977075e-05,1.44543977075e-05,1.44543977075e-05,1.44543977075e-05,1.44543977075e-05,1.44543977075e-05,1.44543977075e-05,1.44543977075e-05,1.44543977075e-05,1.44543977075e-05,1.44543977075e-05,1.44543977075e-05,1.44543977075e-05,1.44543977075e-05,1,X31 X37,0.994355555556,0.00193165470791,0.994355555556,0.00193165470791
1.44543977075e-05,1.44543977075e-05,1.44543977075e-05,1.44543977075e-05,1.44543977075e-05,1.44543977075e-05,1.44543977075e-05,1.44543977075e-05,1.44543977075e-05,1.44543977075e-05,1.44543977075e-05,1.44543977075e-05,1.44543977075e-05,1.44543977075e-05,1.44543977075e-05,1.44543977075e-05,1.44543977075e-05,1.44543977075e-05,1,X32 X38,0.994422222222,0.00196898039105,0.994422222222,0.00196898039105
1.44543977075e-05,1.44543977075e-05,1.44543977075e-05,1.44543977075e-05,1.44543977075e-05,1.44543977075e-05,1.44543977075e-05,1.44543977075e-05,1.44543977075e-05,1.44543977075e-05,1.44543977075e-05,1.44543977075e-05,1.44543977075e-05,1.44543977075e-05,1.44543977075e-05,1.44543977075e-05,1.44543977075e-05,1.44543977075e-05,1,X33 X39,0.993888888889,0.00208687438526,0.993888888889,0.00208687438526
1.44543977075e-05,1.44543977075e-05,1.44543977075e-05,1.44543977075e-05,1.44543977075e-05,1.44543977075e-05,1.44543977075e-05,1.44543977075e-05,1.44543977075e-05,1.44543977075e-05,1.44543977075e-05,1.44543977075e-05,1.44543977075e-05,1.44543977075e-05,1.44543977075e-05,1.44543977075e-05,1.44543977075e-05,1.44543977075e-05,1,X34 X40,0.994466666667,0.00197416260923,0.994466666667,0.00197416260923
1.44543977075e-05,1.44543977075e-05,1.44543977075e-05,1.44543977075e-05,1.44543977075e-05,1.44543977075e-05,1.44543977075e-05,1.44543977075e-05,1.44543977075e-05,1.44543977075e-05,1.44543977075e-05,1.44543977075e-05,1.44543977075e-05,1.44543977075e-05,1.44543977075e-05,1.44543977075e-05,1.44543977075e-05,1.44543977075e-05,1,X35 X41,0.994288888889,0.00162058911131,0.994288888889,0.00162058911131
1.44543977075e-05,1.44543977075e-05,1.44543977075e-05,1.44543977075e-05,1.44543977075e-05,1.44543977075e-05,1.44543977075e-05,1.44543977075e-05,1.44543977075e-05,1.44543977075e-05,1.44543977075e-05,1.44543977075e-05,1.44543977075e-05,1.44543977075e-05,1.44543977075e-05,1.44543977075e-05,1.44543977075e-05,1.44543977075e-05,1,X36 Z42 Y43 Y49 Z50 X57,0.982088888889,0.00374568291308,0.982088888889,0.00374568291308
1.44543977075e-05,1.44543977075e-05,1.44543977075e-05,1.44543977075e-05,1.44543977075e-05,1.44543977075e-05,1.44543977075e-05,1.44543977075e-05,1.44543977075e-05,1.44543977075e-05,1.44543977075e-05,1.44543977075e-05,1.44543977075e-05,1.44543977075e-05,1.44543977075e-05,1.44543977075e-05,1.44543977075e-05,1.44543977075e-05,1,X37 Z43 Y44 Y50 Z51 X58,0.982644444444,0.0031390914728,0.982644444444,0.0031390914728
1.44543977075e-05,1.44543977075e-05,1.44543977075e-05,1.44543977075e-05,1.44543977075e-05,1.44543977075e-05,1.44543977075e-05,1.44543977075e-05,1.44543977075e-05,1.44543977075e-05,1.44543977075e-05,1.44543977075e-05,1.44543977075e-05,1.44543977075e-05,1.44543977075e-05,1.44543977075e-05,1.44543977075e-05,1.44543977075e-05,1,X38 Z44 Y45 Y51 Z52 X59,0.982666666667,0.00381969086631,0.982666666667,0.00381969086631
1.44543977075e-05,1.44543977075e-05,1.44543977075e-05,1.44543977075e-05,1.44543977075e-05,1.44543977075e-05,1.44543977075e-05,1.44543977075e-05,1.44543977075e-05,1.44543977075e-05,1.44543977075e-05,1.44543977075e-05,1.44543977075e-05,1.44543977075e-05,1.44543977075e-05,1.44543977075e-05,1.44543977075e-05,1.44543977075e-05,1,X39 Z45 Y46 Y52 Z53 X60,0.983177777778,0.00314006776086,0.983177777778,0.00314006776086
1.44543977075e-05,1.44543977075e-05,1.44543977075e-05,1.44543977075e-05,1.44543977075e-05,1.44543977075e-05,1.44543977075e-05,1.44543977075e-05,1.44543977075e-05,1.44543977075e-05,1.44543977075e-05,1.44543977075e-05,1.44543977075e-05,1.44543977075e-05,1.44543977075e-05,1.44543977075e-05,1.44543977075e-05,1.44543977075e-05,1,X4 Z6 Y7 Y9 Z10 X13,0.982844444444,0.00349244760787,0.982844444444,0.00349244760787
1.44543977075e-05,1.44543977075e-05,1.44543977075e-05,1.44543977075e-05,1.44543977075e-05,1.44543977075e-05,1.44543977075e-05,1.44543977075e-05,1.44543977075e-05,1.44543977075e-05,1.44543977075e-05,1.44543977075e-05,1.44543977075e-05,1.44543977075e-05,1.44543977075e-05,1.44543977075e-05,1.44543977075e-05,1.44543977075e-05,1,X40 Z46 Y47 Y53 Z54 X61,0.984333333333,0.00325069989517,0.984333333333,0.00325069989517
1.44543977075e-05,1.44543977075e-05,1.44543977075e-05,1.44543977075e-05,1.44543977075e-05,1.44543977075e-05,1.44543977075e-05,1.44543977075e-05,1.44543977075e-05,1.44543977075e-05,1.44543977075e-05,1.44543977075e-05,1.44543977075e-05,1.44543977075e-05,1.44543977075e-05,1.44543977075e-05,1.44543977075e-05,1.44543977075e-05,1,X41 Z47 Y48 Y54 Z55 X62,0.983355555556,0.0027928937373,0.983355555556,0.0027928937373
1.44543977075e-05,1.44543977075e-05,1.44543977075e-05,1.44543977075e-05,1.44543977075e-05,1.44543977075e-05,1.44543977075e-05,1.44543977075e-05,1.44543977075e-05,1.44543977075e-05,1.44543977075e-05,1.44543977075e-05,1.44543977075e-05,1.44543977075e-05,1.44543977075e-05,1.44543977075e-05,1.44543977075e-05,1.44543977075e-05,1,X42 X49,0.994355555556,0.00137557604327,0.994355555556,0.00137557604327
1.44543977075e-05,1.44543977075e-05,1.44543977075e-05,1.44543977075e-05,1.44543977075e-05,1.44543977075e-05,1.44543977075e-05,1.44543977075e-05,1.44543977075e-05,1.44543977075e-05,1.44543977075e-05,1.44543977075e-05,1.44543977075e-05,1.44543977075e-05,1.44543977075e-05,1.44543977075e-05,1.44543977075e-05,1.44543977075e-05,1,X43 X50,0.9948,0.00168290935824,0.9948,0.00168290935824
1.44543977075e-05,1.44543977075e-05,1.44543977075e-05,1.44543977075e-05,1.44543977075e-05,1.44543977075e-05,1.44543977075e-05,1.44543977075e-05,1.44543977075e-05,1.44543977075e-05,1.44543977075e-05,1.44543977075e-05,1.44543977075e-05,1.44543977075e-05,1.44543977075e-05,1.44543977075e-05,1.44543977075e-05,1.44543977075e-05,1,X44 X51,0.994622222222,0.00218622180317,0.994622222222,0.00218622180317
1.44543977075e-05,1.44543977075e-05,1.44543977075e-05,1.44543977075e-05,1.44543977075e-05,1.44543977075e-05,1.44543977075e-05,1.44543977075e-05,1.44543977075e-05,1.44543977075e-05,1.44543977075e-05,1.44543977075e-05,1.44543977075e-05,1.44543977075e-05,1.44543977075e-05,1.44543977075e-05,1.44543977075e-05,1.44543977075e-05,1,X45 X52,0.993866666667,0.001888866351,0.993866666667,0.001888866351
1.44543977075e-05,1.44543977075e-05,1.44543977075e-05,1.44543977075e-05,1.44543977075e-05,1.44543977075e-05,1.44543977075e-05,1.44543977075e-05,1.44543977075e-05,1.44543977075e-05,1.44543977075e-05,1.44543977075e-05,1.44543977075e-05,1.44543977075e-05,1.44543977075e-05,1.44543977075e-05,1.44543977075e-05,1.44543977075e-05,1,X46 X53,0.994688888889,0.00182350202698,0.994688888889,0.00182350202698
1.44543977075e-05,1.44543977075e-05,1.44543977075e-05,1.44543977075e-05,1.44543977075e-05,1.44543977075e-05,1.44543977075e-05,1.44543977075e-05,1.44543977075e-05,1.44543977075e-05,1.44543977075e-05,1.44543977075e-05,1.44543977075e-05,1.44543977075e-05,1.44543977075e-05,1.44543977075e-05,1.44543977075e-05,1.44543977075e-05,1,X47 X54,0.993977777778,0.00183188727366,0.993977777778,0.00183188727366
1.44543977075e-05,1.44543977075e-05,1.44543977075e-05,1.44543977075e-05,1.44543977075e-05,1.44543977075e-05,1.44543977075e-05,1.44543977075e-05,1.44543977075e-05,1.44543977075e-05,1.44543977075e-05,1.44543977075e-05,1.44543977075e-05,1.44543977075e-05,1.44543977075e-05,1.44543977075e-05,1.44543977075e-05,1.44543977075e-05,1,X48 X55,0.994022222222,0.00231922389802,0.994022222222,0.00231922389802
1.44543977075e-05,1.44543977075e-05,1.44543977075e-05,1.44543977075e-05,1.44543977075e-05,1.44543977075e-05,1.44543977075e-05,1.44543977075e-05,1.44543977075e-05,1.44543977075e-05,1.44543977075e-05,1.44543977075e-05,1.44543977075e-05,1.44543977075e-05,1.44543977075e-05,1.44543977075e-05,1.44543977075e-05,1.44543977075e-05,1,X49 Z56 Y57 Y64 Z65 X73,0.982844444444,0.00352303131986,0.982844444444,0.00352303131986
1.44543977075e-05,1.44543977075e-05,1.44543977075e-05,1.44543977075e-05,1.44543977075e-05,1.44543977075e-05,1.44543977075e-05,1.44543977075e-05,1.44543977075e-05,1.44543977075e-05,1.44543977075e-05,1.44543977075e-05,1.44543977075e-05,1.44543977075e-05,1.44543977075e-05,1.44543977075e-05,1.44543977075e-05,1.44543977075e-05,1,X5 Z7 Y8 Y10 Z11 X14,0.983111111111,0.00380092077303,0.983111111111,0.00380092077303
1.44543977075e-05,1.44543977075e-05,1.44543977075e-05,1.44543977075e-05,1.44543977075e-05,1.44543977075e-05,1.44543977075e-05,1.44543977075e-05,1.44543977075e-05,1.44543977075e-05,1.44543977075e-05,1.44543977075e-05,1.44543977075e-05,1.44543977075e-05,1.44543977075e-05,1.44543977075e-05,1.44543977075e-05,1.44543977075e-05,1,X50 Z57 Y58 Y65 Z66 X74,0.982866666667,0.00252588135675,0.982866666667,0.00252588135675
1.44543977075e-05,1.44543977075e-05,1.44543977075e-05,1.44543977075e-05,1.44543977075e-05,1.44543977075e-05,1.44543977075e-05,1.44543977075e-05,1.44543977075e-05,1.44543977075e-05,1.44543977075e-05,1.44543977075e-05,1.44543977075e-05,1.44543977075e-05,1.44543977075e-05,1.44543977075e-05,1.44543977075e-05,1.44543977075e-05,1,X51 Z58 Y59 Y66 Z67 X75,0.982666666667,0.00309739725121,0.982666666667,0.00309739725121
1.44543977075e-05,1.44543977075e-05,1.44543977075e-05,1.44543977075e-05,1.44543977075e-05,1.44543977075e-05,1.44543977075e-05,1.44543977075e-05,1.44543977075e-05,1.44543977075e-05,1.44543977075e-05,1.44543977075e-05,1.44543977075e-05,1.44543977075e-05,1.44543977075e-05,1.44543977075e-05,1.44543977075e-05,1.44543977075e-05,1,X52 Z59 Y60 Y67 Z68 X76,0.984311111111,0.00243054214556,0.984311111111,0.00243054214556
1.44543977075e-05,1.44543977075e-05,1.44543977075e-05,1.44543977075e-05,1.44543977075e-05,1.44543977075e-05,1.44543977075e-05,1.44543977075e-05,1.44543977075e-05,1.44543977075e-05,1.44543977075e-05,1.44543977075e-05,1.44543977075e-05,1.44543977075e-05,1.44543977075e-05,1.44543977075e-05,1.44543977075e-05,1.44543977075e-05,1,X53 Z60 Y61 Y68 Z69 X77,0.983377777778,0.00368046862472,0.983377777778,0.00368046862472
1.44543977075e-05,1.44543977075e-05,1.44543977075e-05,1.44543977075e-05,1.44543977075e-05,1.44543977075e-05,1.44543977075e-05,1.44543977075e-05,1.44543977075e-05,1.44543977075e-05,1.44543977075e-05,1.44543977075e-05,1.44543977075e-05,1.44543977075e-05,1.44543977075e-05,1.44543977075e-05,1.44543977075e-05,1.44543977075e-05,1,X54 Z61 Y62 Y69 Z70 X78,0.982888888889,0.00314323860285,0.982888888889,0.00314323860285
1.44543977075e-05,1.44543977075e-05,1.44543977075e-05,1.44543977075e-05,1.44543977075e-05,1.44543977075e-05,1.44543977075e-05,1.44543977075e-05,1.44543977075e-05,1.44543977075e-05,1.44543977075e-05,1.44543977075e-05,1.44543977075e-05,1.44543977075e-05,1.44543977075e-05,1.44543977075e-05,1.44543977075e-05,1.44543977075e-05,1,X55 Z62 Y63 Y70 Z71 X79,0.982511111111,0.00314494465512,0.982511111111,0.00314494465512
1.44543977075e-05,1.44543977075e-05,1.44543977075e-05,1.44543977075e-05,1.44543977075e-05,1.44543977075e-05,1.44543977075e-05,1.44543977075e-05,1.44543977075e-05,1.44543977075e-05,1.44543977075e-05,1.44543977075e-05,1.44543977075e-05,1.44543977075e-05,1.44543977075e-05,1.44543977075e-05,1.44543977075e-05,1.44543977075e-05,1,X56 X64,0.994466666667,0.00183745617927,0.994466666667,0.00183745617927
1.44543977075e-05,1.44543977075e-05,1.44543977075e-05,1.44543977075e-05,1.44543977075e-05,1.44543977075e-05,1.44543977075e-05,1.44543977075e-05,1.44543977075e-05,1.44543977075e-05,1.44543977075e-05,1.44543977075e-05,1.44543977075e-05,1.44543977075e-05,1.44543977075e-05,1.44543977075e-05,1.44543977075e-05,1.44543977075e-05,1,X57 X65,0.994444444444,0.00155938226627,0.994444444444,0.00155938226627
1.44543977075e-05,1.44543977075e-05,1.44543977075e-05,1.44543977075e-05,1.44543977075e-05,1.44543977075e-05,1.44543977075e-05,1.44543977075e-05,1.44543977075e-05,1.44543977075e-05,1.44543977075e-05,1.44543977075e-05,1.44543977075e-05,1.44543977075e-05,1.44543977075e-05,1.44543977075e-05,1.44543977075e-05,1.44543977075e-05,1,X58 X66,0.994533333333,0.00214708213299,0.994533333333,0.00214708213299
1.44543977075e-05,1.44543977075e-05,1.44543977075e-05,1.44543977075e-05,1.44543977075e-05,1.44543977075e-05,1.44543977075e-05,1.44543977075e-05,1.44543977075e-05,1.44543977075e-05,1.44543977075e-05,1.44543977075e-05,1.44543977075e-05,1.44543977075e-05,1.44543977075e-05,1.44543977075e-05,1.44543977075e-05,1.44543977075e-05,1,X59 X67,0.993866666667,0.00214708213299,0.993866666667,0.00214708213299
1.44543977075e-05,1.44543977075e-05,1.44543977075e-05,1.44543977075e-05,1.44543977075e-05,1.44543977075e-05,1.44543977075e-05,1.44543977075e-05,1.44543977075e-05,1.44543977075e-05,1.44543977075e-05,1.44543977075e-05,1.44543977075e-05,1.44543977075e-05,1.44543977075e-05,1.44543977075e-05,1.44543977075e-05,1.44543977075e-05,1,X6 X9,0.994488888889,0.00198023438632,0.994488888889,0.00198023438632
1.44543977075e-05,1.44543977075e-05,1.44543977075e-05,1.44543977075e-05,1.44543977075e-05,1.44543977075e-05,1.44543977075e-05,1.44543977075e-05,1.44543977075e-05,1.44543977075e-05,1.44543977075e-05,1.44543977075e-05,1.44543977075e-05,1.44543977075e-05,1.44543977075e-05,1.44543977075e-05,1.44543977075e-05,1.44543977075e-05,1,X60 X68,0.994511111111,0.00228057486423,0.994511111111,0.00228057486423
1.44543977075e-05,1.44543977075e-05,1.44543977075e-05,1.44543977075e-05,1.44543977075e-05,1.44543977075e-05,1.44543977075e-05,1.44543977075e-05,1.44543977075e-05,1.44543977075e-05,1.44543977075e-05,1.44543977075e-05,1.44543977075e-05,1.44543977075e-05,1.44543977075e-05,1.44543977075e-05,1.44543977075e-05,1.44543977075e-05,1,X61 X69,0.994266666667,0.00225975959119,0.994266666667,0.00225975959119
1.44543977075e-05,1.44543977075e-05,1.44543977075e-05,1.44543977075e-05,1.44543977075e-05,1.44543977075e-05,1.44543977075e-05,1.44543977075e-05,1.44543977075e-05,1.44543977075e-05,1.44543977075e-05,1.44543977075e-05,1.44543977075e-05,1.44543977075e-05,1.44543977075e-05,1.44543977075e-05,1.44543977075e-05,1.44543977075e-05,1,X62 X70,0.994066666667,0.00213239922078,0.994066666667,0.00213239922078
1.44543977075e-05,1.44543977075e-05,1.44543977075e-05,1.44543977075e-05,1.44543977075e-05,1.44543977075e-05,1.44543977075e-05,1.44543977075e-05,1.44543977075e-05,1.44543977075e-05,1.44543977075e-05,1.44543977075e-05,1.44543977075e-05,1.44543977075e-05,1.44543977075e-05,1.44543977075e-05,1.44543977075e-05,1.44543977075e-05,1,X63 X71,0.994555555556,0.00199680459933,0.994555555556,0.00199680459933
1.44543977075e-05,1.44543977075e-05,1.44543977075e-05,1.44543977075e-05,1.44543977075e-05,1.44543977075e-05,1.44543977075e-05,1.44543977075e-05,1.44543977075e-05,1.44543977075e-05,1.44543977075e-05,1.44543977075e-05,1.44543977075e-05,1.44543977075e-05,1.44543977075e-05,1.44543977075e-05,1.44543977075e-05,1.44543977075e-05,1,X64 Z72 Y73 Y81 Z82 X90,0.983822222222,0.00404167308527,0.983822222222,0.00404167308527
1.44543977075e-05,1.44543977075e-05,1.44543977075e-05,1.44543977075e-05,1.44543977075e-05,1.44543977075e-05,1.44543977075e-05,1.44543977075e-05,1.44543977075e-05,1.44543977075e-05,1.44543977075e-05,1.44543977075e-05,1.44543977075e-05,1.44543977075e-05,1.44543977075e-05,1.44543977075e-05,1.44543977075e-05,1.44543977075e-05,1,X65 Z73 Y74 Y82 Z83 X91,0.983333333333,0.00410960933531,0.983333333333,0.00410960933531
1.44543977075e-05,1.44543977075e-05,1.44543977075e-05,1.44543977075e-05,1.44543977075e-05,1.44543977075e-05,1.44543977075e-05,1.44543977075e-05,1.44543977075e-05,1.44543977075e-05,1.44543977075e-05,1.44543977075e-05,1.44543977075e-05,1.44543977075e-05,1.44543977075e-05,1.44543977075e-05,1.44543977075e-05,1.44543977075e-05,1,X66 Z74 Y75 Y83 Z84 X92,0.982333333333,0.00243064723418,0.982333333333,0.00243064723418
1.44543977075e-05,1.44543977075e-05,1.44543977075e-05,1.44543977075e-05,1.44543977075e-05,1.44543977075e-05,1.44543977075e-05,1.44543977075e-05,1.44543977075e-05,1.44543977075e-05,1.44543977075e-05,1.44543977075e-05,1.44543977075e-05,1.44543977075e-05,1.44543977075e-05,1.44543977075e-05,1.44543977075e-05,1.44543977075e-05,1,X67 Z75 Y76 Y84 Z85 X93,0.982977777778,0.0029954414067,0.982977777778,0.0029954414067
1.44543977075e-05,1.44543977075e-05,1.44543977075e-05,1.44543977075e-05,1.44543977075e-05,1.44543977075e-05,1.44543977075e-05,1.44543977075e-05,1.44543977075e-05,1.44543977075e-05,1.44543977075e-05,1.44543977075e-05,1.44543977075e-05,1.44543977075e-05,1.44543977075e-05,1.44543977075e-05,1.44543977075e-05,1.44543977075e-05,1,X68 Z76 Y77 Y85 Z86 X94,0.982311111111,0.00359110580023,0.982311111111,0.00359110580023
1.44543977075e-05,1.44543977075e-05,1.44543977075e-05,1.44543977075e-05,1.44543977075e-05,1.44543977075e-05,1.44543977075e-05,1.44543977075e-05,1.44543977075e-05,1.44543977075e-05,1.44543977075e-05,1.44543977075e-05,1.44543977075e-05,1.44543977075e-05,1.44543977075e-05,1.44543977075e-05,1.44543977075e-05,1.44543977075e-05,1,X69 Z77 Y78 Y86 Z87 X95,0.981755555556,0.00362825579338,0.981755555556,0.00362825579338
1.44543977075e-05,1.44543977075e-05,1.44543977075e-05,1.44543977075e-05,1.44543977075e-05,1.44543977075e-05,1.44543977075e-05,1.44543977075e-05,1.44543977075e-05,1.44543977075e-05,1.44543977075e-05,1.44543977075e-05,1.44543977075e-05,1.44543977075e-05,1.44543977075e-05,1.44543977075e-05,1.44543977075e-05,1.44543977075e-05,1,X7 X10,0.9946,0.00168245396401,0.9946,0.00168245396401
1.44543977075e-05,1.44543977075e-05,1.44543977075e-05,1.44543977075e-05,1.44543977075e-05,1.44543977075e-05,1.44543977075e-05,1.44543977075e-05,1.44543977075e-05,1.44543977075e-05,1.44543977075e-05,1.44543977075e-05,1.44543977075e-05,1.44543977075e-05,1.44543977075e-05,1.44543977075e-05,1.44543977075e-05,1.44543977075e-05,1,X70 Z78 Y79 Y87 Z88 X96,0.982733333333,0.00371122352825,0.982733333333,0.00371122352825
1.44543977075e-05,1.44543977075e-05,1.44543977075e-05,1.44543977075e-05,1.44543977075e-05,1.44543977075e-05,1.44543977075e-05,1.44543977075e-05,1.44543977075e-05,1.44543977075e-05,1.44543977075e-05,1.44543977075e-05,1.44543977075e-05,1.44543977075e-05,1.44543977075e-05,1.44543977075e-05,1.44543977075e-05,1.44543977075e-05,1,X71 Z79 Y80 Y88 Z89 X97,0.983355555556,0.00291111403586,0.983355555556,0.00291111403586
1.44543977075e-05,1.44543977075e-05,1.44543977075e-05,1.44543977075e-05,1.44543977075e-05,1.44543977075e-05,1.44543977075e-05,1.44543977075e-05,1.44543977075e-05,1.44543977075e-05,1.44543977075e-05,1.44543977075e-05,1.44543977075e-05,1.44543977075e-05,1.44543977075e-05,1.44543977075e-05,1.44543977075e-05,1.44543977075e-05,1,X72 X81,0.994355555556,0.00163048856964,0.994355555556,0.00163048856964
1.44543977075e-05,1.44543977075e-05,1.44543977075e-05,1.44543977075e-05,1.44543977075e-05,1.44543977075e-05,1.44543977075e-05,1.44543977075e-05,1.44543977075e-05,1.44543977075e-05,1.44543977075e-05,1.44543977075e-05,1.44543977075e-05,1.44543977075e-05,1.44543977075e-05,1.44543977075e-05,1.44543977075e-05,1.44543977075e-05,1,X73 X82,0.994022222222,0.00171969286515,0.994022222222,0.00171969286515
1.44543977075e-05,1.44543977075e-05,1.44543977075e-05,1.44543977075e-05,1.44543977075e-05,1.44543977075e-05,1.44543977075e-05,1.44543977075e-05,1.44543977075e-05,1.44543977075e-05,1.44543977075e-05,1.44543977075e-05,1.44543977075e-05,1.44543977075e-05,1.44543977075e-05,1.44543977075e-05,1.44543977075e-05,1.44543977075e-05,1,X74 X83,0.993777777778,0.00192847851277,0.993777777778,0.00192847851277
1.44543977075e-05,1.44543977075e-05,1.44543977075e-05,1.44543977075e-05,1.44543977075e-05,1.44543977075e-05,1.44543977075e-05,1.44543977075e-05,1.44543977075e-05,1.44543977075e-05,1.44543977075e-05,1.44543977075e-05,1.44543977075e-05,1.44543977075e-05,1.44543977075e-05,1.44543977075e-05,1.44543977075e-05,1.44543977075e-05,1,X75 X84,0.994444444444,0.00153960071784,0.994444444444,0.00153960071784
1.44543977075e-05,1.44543977075e-05,1.44543977075e-05,1.44543977075e-05,1.44543977075e-05,1.44543977075e-05,1.44543977075e-05,1.44543977075e-05,1.44543977075e-05,1.44543977075e-05,1.44543977075e-05,1.44543977075e-05,1.44543977075e-05,1.44543977075e-05,1.44543977075e-05,1.44543977075e-05,1.44543977075e-05,1.44543977075e-05,1,X76 X85,0.993311111111,0.002060266942,0.993311111111,0.002060266942
1.44543977075e-05,1.44543977075e-05,1.44543977075e-05,1.44543977075e-05,1.44543977075e-05,1.44543977075e-05,1.44543977075e-05,1.44543977075e-05,1.44543977075e-05,1.44543977075e-05,1.44543977075e-05,1.44543977075e-05,1.44543977075e-05,1.44543977075e-05,1.44543977075e-05,1.44543977075e-05,1.44543977075e-05,1.44543977075e-05,1,X77 X86,0.994044444444,0.00205617159662,0.994044444444,0.00205617159662
1.44543977075e-05,1.44543977075e-05,1.44543977075e-05,1.44543977075e-05,1.44543977075e-05,1.44543977075e-05,1.44543977075e-05,1.44543977075e-05,1.44543977075e-05,1.44543977075e-05,1.44543977075e-05,1.44543977075e-05,1.44543977075e-05,1.44543977075e-05,1.44543977075e-05,1.44543977075e-05,1.44543977075e-05,1.44543977075e-05,1,X78 X87,0.993888888889,0.001605386845,0.993888888889,0.001605386845
1.44543977075e-05,1.44543977075e-05,1.44543977075e-05,1.44543977075e-05,1.44543977075e-05,1.44543977075e-05,1.44543977075e-05,1.44543977075e-05,1.44543977075e-05,1.44543977075e-05,1.44543977075e-05,1.44543977075e-05,1.44543977075e-05,1.44543977075e-05,1.44543977075e-05,1.44543977075e-05,1.44543977075e-05,1.44543977075e-05,1,X79 X88,0.994622222222,0.00224160132509,0.994622222222,0.00224160132509
1.44543977075e-05,1.44543977075e-05,1.44543977075e-05,1.44543977075e-05,1.44543977075e-05,1.44543977075e-05,1.44543977075e-05,1.44543977075e-05,1.44543977075e-05,1.44543977075e-05,1.44543977075e-05,1.44543977075e-05,1.44543977075e-05,1.44543977075e-05,1.44543977075e-05,1.44543977075e-05,1.44543977075e-05,1.44543977075e-05,1,X8 X11,0.994022222222,0.00191372004049,0.994022222222,0.00191372004049
1.44543977075e-05,1.44543977075e-05,1.44543977075e-05,1.44543977075e-05,1.44543977075e-05,1.44543977075e-05,1.44543977075e-05,1.44543977075e-05,1.44543977075e-05,1.44543977075e-05,1.44543977075e-05,1.44543977075e-05,1.44543977075e-05,1.44543977075e-05,1.44543977075e-05,1.44543977075e-05,1.44543977075e-05,1.44543977075e-05,1,X80 X89,0.994111111111,0.00224262663005,0.994111111111,0.00224262663005
1.44543977075e-05,1.44543977075e-05,1.44543977075e-05,1.44543977075e-05,1.44543977075e-05,1.44543977075e-05,1.44543977075e-05,1.44543977075e-05,1.44543977075e-05,1.44543977075e-05,1.44543977075e-05,1.44543977075e-05,1.44543977075e-05,1.44543977075e-05,1.44543977075e-05,1.44543977075e-05,1.44543977075e-05,1.44543977075e-05,1,X81 Y90 Z98,0.9884,0.00315427095972,0.9884,0.00315427095972
1.44543977075e-05,1.44543977075e-05,1.44543977075e-05,1.44543977075e-05,1.44543977075e-05,1.44543977075e-05,1.44543977075e-05,1.44543977075e-05,1.44543977075e-05,1.44543977075e-05,1.44543977075e-05,1.44543977075e-05,1.44543977075e-05,1.44543977075e-05,1.44543977075e-05,1.44543977075e-05,1.44543977075e-05,1.44543977075e-05,1,X82 Z90 Y91 Y98 Z99 X106,0.984066666667,0.00296260214917,0.984066666667,0.00296260214917
1.44543977075e-05,1.44543977075e-05,1.44543977075e-05,1.44543977075e-05,1.44543977075e-05,1.44543977075e-05,1.44543977075e-05,1.44543977075e-05,1.44543977075e-05,1.44543977075e-05,1.44543977075e-05,1.44543977075e-05,1.44543977075e-05,1.44543977075e-05,1.44543977075e-05,1.44543977075e-05,1.44543977075e-05,1.44543977075e-05,1,X83 Z91 Y92 Y99 Z100 X107,0.983866666667,0.0030795332283,0.983866666667,0.0030795332283
1.44543977075e-05,1.44543977075e-05,1.44543977075e-05,1.44543977075e-05,1.44543977075e-05,1.44543977075e-05,1.44543977075e-05,1.44543977075e-05,1.44543977075e-05,1.44543977075e-05,1.44543977075e-05,1.44543977075e-05,1.44543977075e-05,1.44543977075e-05,1.44543977075e-05,1.44543977075e-05,1.44543977075e-05,1.44543977075e-05,1,X84 Z92 Y93 Y100 Z101 X108,0.983555555556,0.00326755011902,0.983555555556,0.00326755011902
1.44543977075e-05,1.44543977075e-05,1.44543977075e-05,1.44543977075e-05,1.44543977075e-05,1.44543977075e-05,1.44543977075e-05,1.44543977075e-05,1.44543977075e-05,1.44543977075e-05,1.44543977075e-05,1.44543977075e-05,1.44543977075e-05,1.44543977075e-05,1.44543977075e-05,1.44543977075e-05,1.44543977075e-05,1.44543977075e-05,1,X85 Z93 Y94 Y101 Z102 X109,0.983377777778,0.00323739327206,0.983377777778,0.00323739327206
1.44543977075e-05,1.44543977075e-05,1.44543977075e-05,1.44543977075e-05,1.44543977075e-05,1.44543977075e-05,1.44543977075e-05,1.44543977075e-05,1.44543977075e-05,1.44543977075e-05,1.44543977075e-05,1.44543977075e-05,1.44543977075e-05,1.44543977075e-05,1.44543977075e-05,1.44543977075e-05,1.44543977075e-05,1.44543977075e-05,1,X86 Z94 Y95 Y102 Z103 X110,0.983222222222,0.00297155523006,0.983222222222,0.00297155523006
1.44543977075e-05,1.44543977075e-05,1.44543977075e-05,1.44543977075e-05,1.44543977075e-05,1.44543977075e-05,1.44543977075e-05,1.44543977075e-05,1.44543977075e-05,1.44543977075e-05,1.44543977075e-05,1.44543977075e-05,1.44543977075e-05,1.44543977075e-05,1.44543977075e-05,1.44543977075e-05,1.44543977075e-05,1.44543977075e-05,1,X87 Z95 Y96 Y103 Z104 X111,0.982266666667,0.00286396558125,0.982266666667,0.00286396558125
1.44543977075e-05,1.44543977075e-05,1.44543977075e-05,1.44543977075e-05,1.44543977075e-05,1.44543977075e-05,1.44543977075e-05,1.44543977075e-05,1.44543977075e-05,1.44543977075e-05,1.44543977075e-05,1.44543977075e-05,1.44543977075e-05,1.44543977075e-05,1.44543977075e-05,1.44543977075e-05,1.44543977075e-05,1.44543977075e-05,1,X88 Z96 Y97 Y104 Z105 X112,0.982577777778,0.00372516895997,0.982577777778,0.00372516895997
1.44543977075e-05,1.44543977075e-05,1.44543977075e-05,1.44543977075e-05,1.44543977075e-05,1.44543977075e-05,1.44543977075e-05,1.44543977075e-05,1.44543977075e-05,1.44543977075e-05,1.44543977075e-05,1.44543977075e-05,1.44543977075e-05,1.44543977075e-05,1.44543977075e-05,1.44543977075e-05,1.44543977075e-05,1.44543977075e-05,1,X9 Z12 Y13 Y16 Z17 X21,0.983155555556,0.00290821709853,0.983155555556,0.00290821709853
1.44543977075e-05,1.44543977075e-05,1.44543977075e-05,1.44543977075e-05,1.44543977075e-05,1.44543977075e-05,1.44543977075e-05,1.44543977075e-05,1.44543977075e-05,1.44543977075e-05,1.44543977075e-05,1.44543977075e-05,1.44543977075e-05,1.44543977075e-05,1.44543977075e-05,1.44543977075e-05,1.44543977075e-05,1.44543977075e-05,1,X90 X98,0.994155555556,0.00212038696196,0.994155555556,0.00212038696196
1.44543977075e-05,1.44543977075e-05,1.44543977075e-05,1.44543977075e-05,1.44543977075e-05,1.44543977075e-05,1.44543977075e-05,1.44543977075e-05,1.44543977075e-05,1.44543977075e-05,1.44543977075e-05,1.44543977075e-05,1.44543977075e-05,1.44543977075e-05,1.44543977075e-05,1.44543977075e-05,1.44543977075e-05,1.44543977075e-05,1,X91 X99,0.994311111111,0.00185887811371,0.994311111111,0.00185887811371
1.44543977075e-05,1.44543977075e-05,1.44543977075e-05,1.44543977075e-05,1.44543977075e-05,1.44543977075e-05,1.44543977075e-05,1.44543977075e-05,1.44543977075e-05,1.44543977075e-05,1.44543977075e-05,1.44543977075e-05,1.44543977075e-05,1.44543977075e-05,1.44543977075e-05,1.44543977075e-05,1.44543977075e-05,1.44543977075e-05,1,X92 X100,0.9942,0.00222249040527,0.9942,0.00222249040527
1.44543977075e-05,1.44543977075e-05,1.44543977075e-05,1.44543977075e-05,1.44543977075e-05,1.44543977075e-05,1.44543977075e-05,1.44543977075e-05,1.44543977075e-05,1.44543977075e-05,1.44543977075e-05,1.44543977075e-05,1.44543977075e-05,1.44543977075e-05,1.44543977075e-05,1.44543977075e-05,1.44543977075e-05,1.44543977075e-05,1,X93 X101,0.993777777778,0.00234452706361,0.993777777778,0.00234452706361
1.44543977075e-05,1.44543977075e-05,1.44543977075e-05,1.44543977075e-05,1.44543977075e-05,1.44543977075e-05,1.44543977075e-05,1.44543977075e-05,1.44543977075e-05,1.44543977075e-05,1.44543977075e-05,1.44543977075e-05,1.44543977075e-05,1.44543977075e-05,1.44543977075e-05,1.44543977075e-05,1.44543977075e-05,1.44543977075e-05,1,X94 X102,0.994533333333,0.00151011912448,0.994533333333,0.00151011912448
1.44543977075e-05,1.44543977075e-05,1.44543977075e-05,1.44543977075e-05,1.44543977075e-05,1.44543977075e-05,1.44543977075e-05,1.44543977075e-05,1.44543977075e-05,1.44543977075e-05,1.44543977075e-05,1.44543977075e-05,1.44543977075e-05,1.44543977075e-05,1.44543977075e-05,1.44543977075e-05,1.44543977075e-05,1.44543977075e-05,1,X95 X103,0.994644444444,0.00200752098004,0.994644444444,0.00200752098004
1.44543977075e-05,1.44543977075e-05,1.44543977075e-05,1.44543977075e-05,1.44543977075e-05,1.44543977075e-05,1.44543977075e-05,1.44543977075e-05,1.44543977075e-05,1.44543977075e-05,1.44543977075e-05,1.44543977075e-05,1.44543977075e-05,1.44543977075e-05,1.44543977075e-05,1.44543977075e-05,1.44543977075e-05,1.44543977075e-05,1,X96 X104,0.994577777778,0.00172191939001,0.994577777778,0.00172191939001
1.44543977075e-05,1.44543977075e-05,1.44543977075e-05,1.44543977075e-05,1.44543977075e-05,1.44543977075e-05,1.44543977075e-05,1.44543977075e-05,1.44543977075e-05,1.44543977075e-05,1.44543977075e-05,1.44543977075e-05,1.44543977075e-05,1.44543977075e-05,1.44543977075e-05,1.44543977075e-05,1.44543977075e-05,1.44543977075e-05,1,X97 X105,0.993844444444,0.0018748861183,0.993844444444,0.0018748861183
1.44543977075e-05,1.44543977075e-05,1.44543977075e-05,1.44543977075e-05,1.44543977075e-05,1.44543977075e-05,1.44543977075e-05,1.44543977075e-05,1.44543977075e-05,1.44543977075e-05,1.44543977075e-05,1.44543977075e-05,1.44543977075e-05,1.44543977075e-05,1.44543977075e-05,1.44543977075e-05,1.44543977075e-05,1.44543977075e-05,1,X99 Z106 Y107 Y113 Z114 X120,0.9828,0.00360671999451,0.9828,0.00360671999451
1.44543977075e-05,1.44543977075e-05,1.44543977075e-05,1.44543977075e-05,1.44543977075e-05,1.44543977075e-05,1.44543977075e-05,1.44543977075e-05,1.44543977075e-05,1.44543977075e-05,1.44543977075e-05,1.44543977075e-05,1.44543977075e-05,1.44543977075e-05,1.44543977075e-05,1.44543977075e-05,1.44543977075e-05,1.44543977075e-05,1,Y0 Z1 X2,0.988511111111,0.00248633558138,0.988511111111,0.00248633558138
1.44543977075e-05,1.44543977075e-05,1.44543977075e-05,1.44543977075e-05,1.44543977075e-05,1.44543977075e-05,1.44543977075e-05,1.44543977075e-05,1.44543977075e-05,1.44543977075e-05,1.44543977075e-05,1.44543977075e-05,1.44543977075e-05,1.44543977075e-05,1.44543977075e-05,1.44543977075e-05,1.44543977075e-05,1.44543977075e-05,1,Y20 Z25 X30,0.9884,0.00235929725234,0.9884,0.00235929725234
1.44543977075e-05,1.44543977075e-05,1.44543977075e-05,1.44543977075e-05,1.44543977075e-05,1.44543977075e-05,1.44543977075e-05,1.44543977075e-05,1.44543977075e-05,1.44543977075e-05,1.44543977075e-05,1.44543977075e-05,1.44543977075e-05,1.44543977075e-05,1.44543977075e-05,1.44543977075e-05,1.44543977075e-05,1.44543977075e-05,1,Y42 Z49 X56,0.989488888889,0.00277748657477,0.989488888889,0.00277748657477
1.44543977075e-05,1.44543977075e-05,1.44543977075e-05,1.44543977075e-05,1.44543977075e-05,1.44543977075e-05,1.44543977075e-05,1.44543977075e-05,1.44543977075e-05,1.44543977075e-05,1.44543977075e-05,1.44543977075e-05,1.44543977075e-05,1.44543977075e-05,1.44543977075e-05,1.44543977075e-05,1.44543977075e-05,1.44543977075e-05,1,Y6 Z9 X12,0.989044444444,0.00249249191859,0.989044444444,0.00249249191859
1.44543977075e-05,1.44543977075e-05,1.44543977075e-05,1.44543977075e-05,1.44543977075e-05,1.44543977075e-05,1.44543977075e-05,1.44543977075e-05,1.44543977075e-05,1.44543977075e-05,1.44543977075e-05,1.44543977075e-05,1.44543977075e-05,1.44543977075e-05,1.44543977075e-05,1.44543977075e-05,1.44543977075e-05,1.44543977075e-05,1,Z15 Y19 X24,0.989333333333,0.00290856839613,0.989333333333,0.00290856839613
1.44543977075e-05,1.44543977075e-05,1.44543977075e-05,1.44543977075e-05,1.44543977075e-05,1.44543977075e-05,1.44543977075e-05,1.44543977075e-05,1.44543977075e-05,1.44543977075e-05,1.44543977075e-05,1.44543977075e-05,1.44543977075e-05,1.44543977075e-05,1.44543977075e-05,1.44543977075e-05,1.44543977075e-05,1.44543977075e-05,1,Z3 Y5 X8,0.988955555556,0.00319330397766,0.988955555556,0.00319330397766
1.44543977075e-05,1.44543977075e-05,1.44543977075e-05,1.44543977075e-05,1.44543977075e-05,1.44543977075e-05,1.44543977075e-05,1.44543977075e-05,1.44543977075e-05,1.44543977075e-05,1.44543977075e-05,1.44543977075e-05,1.44543977075e-05,1.44543977075e-05,1.44543977075e-05,1.44543977075e-05,1.44543977075e-05,1.44543977075e-05,1,Z35 Y41 X48,0.988777777778,0.00262661493229,0.988777777778,0.00262661493229
1.44543977075e-05,1.44543977075e-05,1.44543977075e-05,1.44543977075e-05,1.44543977075e-05,1.44543977075e-05,1.44543977075e-05,1.44543977075e-05,1.44543977075e-05,1.44543977075e-05,1.44543977075e-05,1.44543977075e-05,1.44543977075e-05,1.44543977075e-05,1.44543977075e-05,1.44543977075e-05,1.44543977075e-05,1.44543977075e-05,1,Z63 Y71 X80,0.989222222222,0.00236891318556,0.989222222222,0.00236891318556
1.44543977075e-05,1.44543977075e-05,1.44543977075e-05,1.44543977075e-05,1.44543977075e-05,1.44543977075e-05,1.44543977075e-05,1.44543977075e-05,1.44543977075e-05,1.44543977075e-05,1.44543977075e-05,1.44543977075e-05,1.44543977075e-05,1.44543977075e-05,1.44543977075e-05,1.44543977075e-05,1.44543977075e-05,1.44543977075e-05,5,Logical X,0.992866666667,0.00234332834649,0.994088888889,0.00200942860549
1.44543977075e-05,1.44543977075e-05,1.44543977075e-05,1.44543977075e-05,1.44543977075e-05,1.44543977075e-05,1.44543977075e-05,1.44543977075e-05,1.44543977075e-05,1.44543977075e-05,1.44543977075e-05,1.44543977075e-05,1.44543977075e-05,1.44543977075e-05,1.44543977075e-05,1.44543977075e-05,1.44543977075e-05,1.44543977075e-05,5,Logical Y,0.0157111111111,0.0106934768433,-0.00104444444444,0.0163690047569
1.44543977075e-05,1.44543977075e-05,1.44543977075e-05,1.44543977075e-05,1.44543977075e-05,1.44543977075e-05,1.44543977075e-05,1.44543977075e-05,1.44543977075e-05,1.44543977075e-05,1.44543977075e-05,1.44543977075e-05,1.44543977075e-05,1.44543977075e-05,1.44543977075e-05,1.44543977075e-05,1.44543977075e-05,1.44543977075e-05,5,Logical Z,0.0133555555556,0.0140883727863,0.00424444444444,0.0173045590815
1.44543977075e-05,1.44543977075e-05,1.44543977075e-05,1.44543977075e-05,1.44543977075e-05,1.44543977075e-05,1.44543977075e-05,1.44543977075e-05,1.44543977075e-05,1.44543977075e-05,1.44543977075e-05,1.44543977075e-05,1.44543977075e-05,1.44543977075e-05,1.44543977075e-05,1.44543977075e-05,1.44543977075e-05,1.44543977075e-05,5,X0 X1,0.994822222222,0.00210588180733,0.994822222222,0.00210588180733
1.44543977075e-05,1.44543977075e-05,1.44543977075e-05,1.44543977075e-05,1.44543977075e-05,1.44543977075e-05,1.44543977075e-05,1.44543977075e-05,1.44543977075e-05,1.44543977075e-05,1.44543977075e-05,1.44543977075e-05,1.44543977075e-05,1.44543977075e-05,1.44543977075e-05,1.44543977075e-05,1.44543977075e-05,1.44543977075e-05,5,X1 Z2 Y3 Y4 Z5 X7,0.983688888889,0.00327410990312,0.983688888889,0.00327410990312
1.44543977075e-05,1.44543977075e-05,1.44543977075e-05,1.44543977075e-05,1.44543977075e-05,1.44543977075e-05,1.44543977075e-05,1.44543977075e-05,1.44543977075e-05,1.44543977075e-05,1.44543977075e-05,1.44543977075e-05,1.44543977075e-05,1.44543977075e-05,1.44543977075e-05,1.44543977075e-05,1.44543977075e-05,1.44543977075e-05,5,X10 Z13 Y14 Y17 Z18 X22,0.983733333333,0.0029274758654,0.983733333333,0.0029274758654
1.44543977075e-05,1.44543977075e-05,1.44543977075e-05,1.44543977075e-05,1.44543977075e-05,1.44543977075e-05,1.44543977075e-05,1.44543977075e-05,1.44543977075e-05,1.44543977075e-05,1.44543977075e-05,1.44543977075e-05,1.44543977075e-05,1.44543977075e-05,1.44543977075e-05,1.44543977075e-05,1.44543977075e-05,1.44543977075e-05,5,X100 Z107 Y108 Y114 Z115 X121,0.982822222222,0.00295915144373,0.982822222222,0.00295915144373
1.44543977075e-05,1.44543977075e-05,1.44543977075e-05,1.44543977075e-05,1.44543977075e-05,1.44543977075e-05,1.44543977075e-05,1.44543977075e-05,1.44543977075e-05,1.44543977075e-05,1.44543977075e-05,1.44543977075e-05,1.44543977075e-05,1.44543977075e-05,1.44543977075e-05,1.44543977075e-05,1.44543977075e-05,1.44543977075e-05,5,X101 Z108 Y109 Y115 Z116 X122,0.982666666667,0.00433819356088,0.982666666667,0.00433819356088
1.44543977075e-05,1.44543977075e-05,1.44543977075e-05,1.44543977075e-05,1.44543977075e-05,1.44543977075e-05,1.44543977075e-05,1.44543977075e-05,1.44543977075e-05,1.44543977075e-05,1.44543977075e-05,1.44543977075e-05,1.44543977075e-05,1.44543977075e-05,1.44543977075e-05,1.44543977075e-05,1.44543977075e-05,1.44543977075e-05,5,X102 Z109 Y110 Y116 Z117 X123,0.983733333333,0.00290645997367,0.983733333333,0.00290645997367
1.44543977075e-05,1.44543977075e-05,1.44543977075e-05,1.44543977075e-05,1.44543977075e-05,1.44543977075e-05,1.44543977075e-05,1.44543977075e-05,1.44543977075e-05,1.44543977075e-05,1.44543977075e-05,1.44543977075e-05,1.44543977075e-05,1.44543977075e-05,1.44543977075e-05,1.44543977075e-05,1.44543977075e-05,1.44543977075e-05,5,X103 Z110 Y111 Y117 Z118 X124,0.982688888889,0.00339250168583,0.982688888889,0.00339250168583
1.44543977075e-05,1.44543977075e-05,1.44543977075e-05,1.44543977075e-05,1.44543977075e-05,1.44543977075e-05,1.44543977075e-05,1.44543977075e-05,1.44543977075e-05,1.44543977075e-05,1.44543977075e-05,1.44543977075e-05,1.44543977075e-05,1.44543977075e-05,1.44543977075e-05,1.44543977075e-05,1.44543977075e-05,1.44543977075e-05,5,X104 Z111 Y112 Y118 Z119 X125,0.982088888889,0.0036293116341,0.982088888889,0.0036293116341
1.44543977075e-05,1.44543977075e-05,1.44543977075e-05,1.44543977075e-05,1.44543977075e-05,1.44543977075e-05,1.44543977075e-05,1.44543977075e-05,1.44543977075e-05,1.44543977075e-05,1.44543977075e-05,1.44543977075e-05,1.44543977075e-05,1.44543977075e-05,1.44543977075e-05,1.44543977075e-05,1.44543977075e-05,1.44543977075e-05,5,X105 Z112 Y119,0.988022222222,0.00312441054466,0.988022222222,0.00312441054466
1.44543977075e-05,1.44543977075e-05,1.44543977075e-05,1.44543977075e-05,1.44543977075e-05,1.44543977075e-05,1.44543977075e-05,1.44543977075e-05,1.44543977075e-05,1.44543977075e-05,1.44543977075e-05,1.44543977075e-05,1.44543977075e-05,1.44543977075e-05,1.44543977075e-05,1.44543977075e-05,1.44543977075e-05,1.44543977075e-05,5,X106 X113,0.994933333333,0.00189048839196,0.994933333333,0.00189048839196
1.44543977075e-05,1.44543977075e-05,1.44543977075e-05,1.44543977075e-05,1.44543977075e-05,1.44543977075e-05,1.44543977075e-05,1.44543977075e-05,1.44543977075e-05,1.44543977075e-05,1.44543977075e-05,1.44543977075e-05,1.44543977075e-05,1.44543977075e-05,1.44543977075e-05,1.44543977075e-05,1.44543977075e-05,1.44543977075e-05,5,X107 X114,0.993933333333,0.00247191116903,0.993933333333,0.00247191116903
1.44543977075e-05,1.44543977075e-05,1.44543977075e-05,1.44543977075e-05,1.44543977075e-05,1.44543977075e-05,1.44543977075e-05,1.44543977075e-05,1.44543977075e-05,1.44543977075e-05,1.44543977075e-05,1.44543977075e-05,1.44543977075e-05,1.44543977075e-05,1.44543977075e-05,1.44543977075e-05,1.44543977075e-05,1.44543977075e-05,5,X108 X115,0.993955555556,0.00180194304096,0.993955555556,0.00180194304096
1.44543977075e-05,1.44543977075e-05,1.44543977075e-05,1.44543977075e-05,1.44543977075e-05,1.44543977075e-05,1.44543977075e-05,1.44543977075e-05,1.44543977075e-05,1.44543977075e-05,1.44543977075e-05,1.44543977075e-05,1.44543977075e-05,1.44543977075e-05,1.44543977075e-05,1.44543977075e-05,1.44543977075e-05,1.44543977075e-05,5,X109 X116,0.994377777778,0.00197053648749,0.994377777778,0.00197053648749
1.44543977075e-05,1.44543977075e-05,1.44543977075e-05,1.44543977075e-05,1.44543977075e-05,1.44543977075e-05,1.44543977075e-05,1.44543977075e-05,1.44543977075e-05,1.44543977075e-05,1.44543977075e-05,1.44543977075e-05,1.44543977075e-05,1.44543977075e-05,1.44543977075e-05,1.44543977075e-05,1.44543977075e-05,1.44543977075e-05,5,X11 Z14 Y15 Y18 Z19 X23,0.9838,0.00343143011639,0.9838,0.00343143011639
1.44543977075e-05,1.44543977075e-05,1.44543977075e-05,1.44543977075e-05,1.44543977075e-05,1.44543977075e-05,1.44543977075e-05,1.44543977075e-05,1.44543977075e-05,1.44543977075e-05,1.44543977075e-05,1.44543977075e-05,1.44543977075e-05,1.44543977075e-05,1.44543977075e-05,1.44543977075e-05,1.44543977075e-05,1.44543977075e-05,5,X110 X117,0.994333333333,0.00190783823824,0.994333333333,0.00190783823824
1.44543977075e-05,1.44543977075e-05,1.44543977075e-05,1.44543977075e-05,1.44543977075e-05,1.44543977075e-05,1.44543977075e-05,1.44543977075e-05,1.44543977075e-05,1.44543977075e-05,1.44543977075e-05,1.44543977075e-05,1.44543977075e-05,1.44543977075e-05,1.44543977075e-05,1.44543977075e-05,1.44543977075e-05,1.44543977075e-05,5,X111 X118,0.994555555556,0.00183690004845,0.994555555556,0.00183690004845
1.44543977075e-05,1.44543977075e-05,1.44543977075e-05,1.44543977075e-05,1.44543977075e-05,1.44543977075e-05,1.44543977075e-05,1.44543977075e-05,1.44543977075e-05,1.44543977075e-05,1.44543977075e-05,1.44543977075e-05,1.44543977075e-05,1.44543977075e-05,1.44543977075e-05,1.44543977075e-05,1.44543977075e-05,1.44543977075e-05,5,X112 X119,0.993666666667,0.00209907843307,0.993666666667,0.00209907843307
1.44543977075e-05,1.44543977075e-05,1.44543977075e-05,1.44543977075e-05,1.44543977075e-05,1.44543977075e-05,1.44543977075e-05,1.44543977075e-05,1.44543977075e-05,1.44543977075e-05,1.44543977075e-05,1.44543977075e-05,1.44543977075e-05,1.44543977075e-05,1.44543977075e-05,1.44543977075e-05,1.44543977075e-05,1.44543977075e-05,5,X113 Y120 Z126,0.988933333333,0.0023787050149,0.988933333333,0.0023787050149
1.44543977075e-05,1.44543977075e-05,1.44543977075e-05,1.44543977075e-05,1.44543977075e-05,1.44543977075e-05,1.44543977075e-05,1.44543977075e-05,1.44543977075e-05,1.44543977075e-05,1.44543977075e-05,1.44543977075e-05,1.44543977075e-05,1.44543977075e-05,1.44543977075e-05,1.44543977075e-05,1.44543977075e-05,1.44543977075e-05,5,X114 Z120 Y121 Y126 Z127 X132,0.9826,0.00408473468799,0.9826,0.00408473468799
1.44543977075e-05,1.44543977075e-05,1.44543977075e-05,1.44543977075e-05,1.44543977075e-05,1.44543977075e-05,1.44543977075e-05,1.44543977075e-05,1.44543977075e-05,1.44543977075e-05,1.44543977075e-05,1.44543977075e-05,1.44543977075e-05,1.44543977075e-05,1.44543977075e-05,1.44543977075e-05,1.44543977075e-05,1.44543977075e-05,5,X115 Z121 Y122 Y127 Z128 X133,0.982422222222,0.00364090567375,0.982422222222,0.00364090567375
1.44543977075e-05,1.44543977075e-05,1.44543977075e-05,1.44543977075e-05,1.44543977075e-05,1.44543977075e-05,1.44543977075e-05,1.44543977075e-05,1.44543977075e-05,1.44543977075e-05,1.44543977075e-05,1.44543977075e-05,1.44543977075e-05,1.44543977075e-05,1.44543977075e-05,1.44543977075e-05,1.44543977075e-05,1.44543977075e-05,5,X116 Z122 Y123 Y128 Z129 X134,0.9834,0.00284652103318,0.9834,0.00284652103318
1.44543977075e-05,1.44543977075e-05,1.44543977075e-05,1.44543977075e-05,1.44543977075e-05,1.44543977075e-05,1.44543977075e-05,1.44543977075e-05,1.44543977075e-05,1.44543977075e-05,1.44543977075e-05,1.44543977075e-05,1.44543977075e-05,1.44543977075e-05,1.44543977075e-05,1.44543977075e-05,1.44543977075e-05,1.44543977075e-05,5,X117 Z123 Y124 Y129 Z130 X135,0.982711111111,0.00333072695036,0.982711111111,0.00333072695036
1.44543977075e-05,1.44543977075e-05,1.44543977075e-05,1.44543977075e-05,1.44543977075e-05,1.44543977075e-05,1.44543977075e-05,1.44543977075e-05,1.44543977075e-05,1.44543977075e-05,1.44543977075e-05,1.44543977075e-05,1.44543977075e-05,1.44543977075e-05,1.44543977075e-05,1.44543977075e-05,1.44543977075e-05,1.44543977075e-05,5,X118 Z124 Y125 Y130 Z131 X136,0.9828,0.00249689462305,0.9828,0.00249689462305
1.44543977075e-05,1.44543977075e-05,1.44543977075e-05,1.44543977075e-05,1.44543977075e-05,1.44543977075e-05,1.44543977075e-05,1.44543977075e-05,1.44543977075e-05,1.44543977075e-05,1.44543977075e-05,1.44543977075e-05,1.44543977075e-05,1.44543977075e-05,1.44543977075e-05,1.44543977075e-05,1.44543977075e-05,1.44543977075e-05,5,X12 X16,0.994422222222,0.00217603339318,0.994422222222,0.00217603339318
1.44543977075e-05,1.44543977075e-05,1.44543977075e-05,1.44543977075e-05,1.44543977075e-05,1.44543977075e-05,1.44543977075e-05,1.44543977075e-05,1.44543977075e-05,1.44543977075e-05,1.44543977075e-05,1.44543977075e-05,1.44543977075e-05,1.44543977075e-05,1.44543977075e-05,1.44543977075e-05,1.44543977075e-05,1.44543977075e-05,5,X120 X126,0.994044444444,0.00213658755629,0.994044444444,0.00213658755629
1.44543977075e-05,1.44543977075e-05,1.44543977075e-05,1.44543977075e-05,1.44543977075e-05,1.44543977075e-05,1.44543977075e-05,1.44543977075e-05,1.44543977075e-05,1.44543977075e-05,1.44543977075e-05,1.44543977075e-05,1.44543977075e-05,1.44543977075e-05,1.44543977075e-05,1.44543977075e-05,1.44543977075e-05,1.44543977075e-05,5,X121 X127,0.994466666667,0.00166229311218,0.994466666667,0.00166229311218
1.44543977075e-05,1.44543977075e-05,1.44543977075e-05,1.44543977075e-05,1.44543977075e-05,1.44543977075e-05,1.44543977075e-05,1.44543977075e-05,1.44543977075e-05,1.44543977075e-05,1.44543977075e-05,1.44543977075e-05,1.44543977075e-05,1.44543977075e-05,1.44543977075e-05,1.44543977075e-05,1.44543977075e-05,1.44543977075e-05,5,X122 X128,0.993911111111,0.00211350942617,0.993911111111,0.00211350942617
1.44543977075e-05,1.44543977075e-05,1.44543977075e-05,1.44543977075e-05,1.44543977075e-05,1.44543977075e-05,1.44543977075e-05,1.44543977075e-05,1.44543977075e-05,1.44543977075e-05,1.44543977075e-05,1.44543977075e-05,1.44543977075e-05,1.44543977075e-05,1.44543977075e-05,1.44543977075e-05,1.44543977075e-05,1.44543977075e-05,5,X123 X129,0.994422222222,0.00171075778807,0.994422222222,0.00171075778807
1.44543977075e-05,1.44543977075e-05,1.44543977075e-05,1.44543977075e-05,1.44543977075e-05,1.44543977075e-05,1.44543977075e-05,1.44543977075e-05,1.44543977075e-05,1.44543977075e-05,1.44543977075e-05,1.44543977075e-05,1.44543977075e-05,1.44543977075e-05,1.44543977075e-05,1.44543977075e-05,1.44543977075e-05,1.44543977075e-05,5,X124 X130,0.9938,0.00217368447907,0.9938,0.00217368447907
1.44543977075e-05,1.44543977075e-05,1.44543977075e-05,1.44543977075e-05,1.44543977075e-05,1.44543977075e-05,1.44543977075e-05,1.44543977075e-05,1.44543977075e-05,1.44543977075e-05,1.44543977075e-05,1.44543977075e-05,1.44543977075e-05,1.44543977075e-05,1.44543977075e-05,1.44543977075e-05,1.44543977075e-05,1.44543977075e-05,5,X125 X131,0.994555555556,0.00167087591073,0.994555555556,0.00167087591073
1.44543977075e-05,1.44543977075e-05,1.44543977075e-05,1.44543977075e-05,1.44543977075e-05,1.44543977075e-05,1.44543977075e-05,1.44543977075e-05,1.44543977075e-05,1.44543977075e-05,1.44543977075e-05,1.44543977075e-05,1.44543977075e-05,1.44543977075e-05,1.44543977075e-05,1.44543977075e-05,1.44543977075e-05,1.44543977075e-05,5,X127 Z132 Y133 Y137 Z138 X142,0.983111111111,0.00309409688027,0.983111111111,0.00309409688027
1.44543977075e-05,1.44543977075e-05,1.44543977075e-05,1.44543977075e-05,1.44543977075e-05,1.44543977075e-05,1.44543977075e-05,1.44543977075e-05,1.44543977075e-05,1.44543977075e-05,1.44543977075e-05,1.44543977075e-05,1.44543977075e-05,1.44543977075e-05,1.44543977075e-05,1.44543977075e-05,1.44543977075e-05,1.44543977075e-05,5,X128 Z133 Y134 Y138 Z139 X143,0.983555555556,0.00218902405402,0.983555555556,0.00218902405402
1.44543977075e-05,1.44543977075e-05,1.44543977075e-05,1.44543977075e-05,1.44543977075e-05,1.44543977075e-05,1.44543977075e-05,1.44543977075e-05,1.44543977075e-05,1.44543977075e-05,1.44543977075e-05,1.44543977075e-05,1.44543977075e-05,1.44543977075e-05,1.44543977075e-05,1.44543977075e-05,1.44543977075e-05,1.44543977075e-05,5,X129 Z134 Y135 Y139 Z140 X144,0.983577777778,0.00308988379468,0.983577777778,0.00308988379468
1.44543977075e-05,1.44543977075e-05,1.44543977075e-05,1.44543977075e-05,1.44543977075e-05,1.44543977075e-05,1.44543977075e-05,1.44543977075e-05,1.44543977075e-05,1.44543977075e-05,1.44543977075e-05,1.44543977075e-05,1.44543977075e-05,1.44543977075e-05,1.44543977075e-05,1.44543977075e-05,1.44543977075e-05,1.44543977075e-05,5,X13 X17,0.994311111111,0.00174841654324,0.994311111111,0.00174841654324
1.44543977075e-05,1.44543977075e-05,1.44543977075e-05,1.44543977075e-05,1.44543977075e-05,1.44543977075e-05,1.44543977075e-05,1.44543977075e-05,1.44543977075e-05,1.44543977075e-05,1.44543977075e-05,1.44543977075e-05,1.44543977075e-05,1.44543977075e-05,1.44543977075e-05,1.44543977075e-05,1.44543977075e-05,1.44543977075e-05,5,X130 Z135 Y136 Y140 Z141 X145,0.9842,0.00312767892836,0.9842,0.00312767892836
1.44543977075e-05,1.44543977075e-05,1.44543977075e-05,1.44543977075e-05,1.44543977075e-05,1.44543977075e-05,1.44543977075e-05,1.44543977075e-05,1.44543977075e-05,1.44543977075e-05,1.44543977075e-05,1.44543977075e-05,1.44543977075e-05,1.44543977075e-05,1.44543977075e-05,1.44543977075e-05,1.44543977075e-05,1.44543977075e-05,5,X131 Z136 Y141,0.989244444444,0.00267660981508,0.989244444444,0.00267660981508
1.44543977075e-05,1.44543977075e-05,1.44543977075e-05,1.44543977075e-05,1.44543977075e-05,1.44543977075e-05,1.44543977075e-05,1.44543977075e-05,1.44543977075e-05,1.44543977075e-05,1.44543977075e-05,1.44543977075e-05,1.44543977075e-05,1.44543977075e-05,1.44543977075e-05,1.44543977075e-05,1.44543977075e-05,1.44543977075e-05,5,X132 X137,0.994288888889,0.00168548760146,0.994288888889,0.00168548760146
1.44543977075e-05,1.44543977075e-05,1.44543977075e-05,1.44543977075e-05,1.44543977075e-05,1.44543977075e-05,1.44543977075e-05,1.44543977075e-05,1.44543977075e-05,1.44543977075e-05,1.44543977075e-05,1.44543977075e-05,1.44543977075e-05,1.44543977075e-05,1.44543977075e-05,1.44543977075e-05,1.44543977075e-05,1.44543977075e-05,5,X133 X138,0.994422222222,0.00181507804279,0.994422222222,0.00181507804279
1.44543977075e-05,1.44543977075e-05,1.44543977075e-05,1.44543977075e-05,1.44543977075e-05,1.44543977075e-05,1.44543977075e-05,1.44543977075e-05,1.44543977075e-05,1.44543977075e-05,1.44543977075e-05,1.44543977075e-05,1.44543977075e-05,1.44543977075e-05,1.44543977075e-05,1.44543977075e-05,1.44543977075e-05,1.44543977075e-05,5,X134 X139,0.994222222222,0.0021250798197,0.994222222222,0.0021250798197
1.44543977075e-05,1.44543977075e-05,1.44543977075e-05,1.44543977075e-05,1.44543977075e-05,1.44543977075e-05,1.44543977075e-05,1.44543977075e-05,1.44543977075e-05,1.44543977075e-05,1.44543977075e-05,1.44543977075e-05,1.44543977075e-05,1.44543977075e-05,1.44543977075e-05,1.44543977075e-05,1.44543977075e-05,1.44543977075e-05,5,X135 X140,0.994333333333,0.00265947305586,0.994333333333,0.00265947305586
1.44543977075e-05,1.44543977075e-05,1.44543977075e-05,1.44543977075e-05,1.44543977075e-05,1.44543977075e-05,1.44543977075e-05,1.44543977075e-05,1.44543977075e-05,1.44543977075e-05,1.44543977075e-05,1.44543977075e-05,1.44543977075e-05,1.44543977075e-05,1.44543977075e-05,1.44543977075e-05,1.44543977075e-05,1.44543977075e-05,5,X136 X141,0.994377777778,0.00188304256393,0.994377777778,0.00188304256393
1.44543977075e-05,1.44543977075e-05,1.44543977075e-05,1.44543977075e-05,1.44543977075e-05,1.44543977075e-05,1.44543977075e-05,1.44543977075e-05,1.44543977075e-05,1.44543977075e-05,1.44543977075e-05,1.44543977075e-05,1.44543977075e-05,1.44543977075e-05,1.44543977075e-05,1.44543977075e-05,1.44543977075e-05,1.44543977075e-05,5,X137 Y142 Z146,0.9894,0.00178842596519,0.9894,0.00178842596519
1.44543977075e-05,1.44543977075e-05,1.44543977075e-05,1.44543977075e-05,1.44543977075e-05,1.44543977075e-05,1.44543977075e-05,1.44543977075e-05,1.44543977075e-05,1.44543977075e-05,1.44543977075e-05,1.44543977075e-05,1.44543977075e-05,1.44543977075e-05,1.44543977075e-05,1.44543977075e-05,1.44543977075e-05,1.44543977075e-05,5,X138 Z142 Y143 Y146 Z147 X150,0.983755555556,0.00351671796371,0.983755555556,0.00351671796371
1.44543977075e-05,1.44543977075e-05,1.44543977075e-05,1.44543977075e-05,1.44543977075e-05,1.44543977075e-05,1.44543977075e-05,1.44543977075e-05,1.44543977075e-05,1.44543977075e-05,1.44543977075e-05,1.44543977075e-05,1.44543977075e-05,1.44543977075e-05,1.44543977075e-05,1.44543977075e-05,1.44543977075e-05,1.44543977075e-05,5,X139 Z143 Y144 Y147 Z148 X151,0.983311111111,0.00310966030759,0.983311111111,0.00310966030759
1.44543977075e-05,1.44543977075e-05,1.44543977075e-05,1.44543977075e-05,1.44543977075e-05,1.44543977075e-05,1.44543977075e-05,1.44543977075e-05,1.44543977075e-05,1.44543977075e-05,1.44543977075e-05,1.44543977075e-05,1.44543977075e-05,1.44543977075e-05,1.44543977075e-05,1.44543977075e-05,1.44543977075e-05,1.44543977075e-05,5,X14 X18,0.993822222222,0.00222099583017,0.993822222222,0.00222099583017
1.44543977075e-05,1.44543977075e-05,1.44543977075e-05,1.44543977075e-05,1.44543977075e-05,1.44543977075e-05,1.44543977075e-05,1.44543977075e-05,1.44543977075e-05,1.44543977075e-05,1.44543977075e-05,1.44543977075e-05,1.44543977075e-05,1.44543977075e-05,1.44543977075e-05,1.44543977075e-05,1.44543977075e-05,1.44543977075e-05,5,X140 Z144 Y145 Y148 Z149 X152,0.983777777778,0.00331412087744,0.983777777778,0.00331412087744
1.44543977075e-05,1.44543977075e-05,1.44543977075e-05,1.44543977075e-05,1.44543977075e-05,1.44543977075e-05,1.44543977075e-05,1.44543977075e-05,1.44543977075e-05,1.44543977075e-05,1.44543977075e-05,1.44543977075e-05,1.44543977075e-05,1.44543977075e-05,1.44543977075e-05,1.44543977075e-05,1.44543977075e-05,1.44543977075e-05,5,X142 X146,0.994266666667,0.00157178181828,0.994266666667,0.00157178181828
1.44543977075e-05,1.44543977075e-05,1.44543977075e-05,1.44543977075e-05,1.44543977075e-05,1.44543977075e-05,1.44543977075e-05,1.44543977075e-05,1.44543977075e-05,1.44543977075e-05,1.44543977075e-05,1.44543977075e-05,1.44543977075e-05,1.44543977075e-05,1.44543977075e-05,1.44543977075e-05,1.44543977075e-05,1.44543977075e-05,5,X143 X147,0.994866666667,0.0022293754602,0.994866666667,0.0022293754602
1.44543977075e-05,1.44543977075e-05,1.44543977075e-05,1.44543977075e-05,1.44543977075e-05,1.44543977075e-05,1.44543977075e-05,1.44543977075e-05,1.44543977075e-05,1.44543977075e-05,1.44543977075e-05,1.44543977075e-05,1.44543977075e-05,1.44543977075e-05,1.44543977075e-05,1.44543977075e-05,1.44543977075e-05,1.44543977075e-05,5,X144 X148,0.9946,0.00161743375568,0.9946,0.00161743375568
1.44543977075e-05,1.44543977075e-05,1.44543977075e-05,1.44543977075e-05,1.44543977075e-05,1.44543977075e-05,1.44543977075e-05,1.44543977075e-05,1.44543977075e-05,1.44543977075e-05,1.44543977075e-05,1.44543977075e-05,1.44543977075e-05,1.44543977075e-05,1.44543977075e-05,1.44543977075e-05,1.44543977075e-05,1.44543977075e-05,5,X145 X149,0.993977777778,0.00179811168157,0.993977777778,0.00179811168157
1.44543977075e-05,1.44543977075e-05,1.44543977075e-05,1.44543977075e-05,1.44543977075e-05,1.44543977075e-05,1.44543977075e-05,1.44543977075e-05,1.44543977075e-05,1.44543977075e-05,1.44543977075e-05,1.44543977075e-05,1.44543977075e-05,1.44543977075e-05,1.44543977075e-05,1.44543977075e-05,1.44543977075e-05,1.44543977075e-05,5,X147 Z150 Y151 Y153 Z154 X156,0.982888888889,0.00409216926551,0.982888888889,0.00409216926551
1.44543977075e-05,1.44543977075e-05,1.44543977075e-05,1.44543977075e-05,1.44543977075e-05,1.44543977075e-05,1.44543977075e-05,1.44543977075e-05,1.44543977075e-05,1.44543977075e-05,1.44543977075e-05,1.44543977075e-05,1.44543977075e-05,1.44543977075e-05,1.44543977075e-05,1.44543977075e-05,1.44543977075e-05,1.44543977075e-05,5,X148 Z151 Y152 Y154 Z155 X157,0.983933333333,0.00347668755022,0.983933333333,0.00347668755022
1.44543977075e-05,1.44543977075e-05,1.44543977075e-05,1.44543977075e-05,1.44543977075e-05,1.44543977075e-05,1.44543977075e-05,1.44543977075e-05,1.44543977075e-05,1.44543977075e-05,1.44543977075e-05,1.44543977075e-05,1.44543977075e-05,1.44543977075e-05,1.44543977075e-05,1.44543977075e-05,1.44543977075e-05,1.44543977075e-05,5,X149 Z152 Y155,0.9896,0.00287464807108,0.9896,0.00287464807108
1.44543977075e-05,1.44543977075e-05,1.44543977075e-05,1.44543977075e-05,1.44543977075e-05,1.44543977075e-05,1.44543977075e-05,1.44543977075e-05,1.44543977075e-05,1.44543977075e-05,1.44543977075e-05,1.44543977075e-05,1.44543977075e-05,1.44543977075e-05,1.44543977075e-05,1.44543977075e-05,1.44543977075e-05,1.44543977075e-05,5,X15 X19,0.9946,0.00156934229824,0.9946,0.00156934229824
1.44543977075e-05,1.44543977075e-05,1.44543977075e-05,1.44543977075e-05,1.44543977075e-05,1.44543977075e-05,1.44543977075e-05,1.44543977075e-05,1.44543977075e-05,1.44543977075e-05,1.44543977075e-05,1.44543977075e-05,1.44543977075e-05,1.44543977075e-05,1.44543977075e-05,1.44543977075e-05,1.44543977075e-05,1.44543977075e-05,5,X150 X153,0.994111111111,0.00221512275908,0.994111111111,0.00221512275908
1.44543977075e-05,1.44543977075e-05,1.44543977075e-05,1.44543977075e-05,1.44543977075e-05,1.44543977075e-05,1.44543977075e-05,1.44543977075e-05,1.44543977075e-05,1.44543977075e-05,1.44543977075e-05,1.44543977075e-05,1.44543977075e-05,1.44543977075e-05,1.44543977075e-05,1.44543977075e-05,1.44543977075e-05,1.44543977075e-05,5,X151 X154,0.9938,0.00154770872546,0.9938,0.00154770872546
1.44543977075e-05,1.44543977075e-05,1.44543977075e-05,1.44543977075e-05,1.44543977075e-05,1.44543977075e-05,1.44543977075e-05,1.44543977075e-05,1.44543977075e-05,1.44543977075e-05,1.44543977075e-05,1.44543977075e-05,1.44543977075e-05,1.44543977075e-05,1.44543977075e-05,1.44543977075e-05,1.44543977075e-05,1.44543977075e-05,5,X152 X155,0.994311111111,0.00227418181714,0.994311111111,0.00227418181714
1.44543977075e-05,1.44543977075e-05,1.44543977075e-05,1.44543977075e-05,1.44543977075e-05,1.44543977075e-05,1.44543977075e-05,1.44543977075e-05,1.44543977075e-05,1.44543977075e-05,1.44543977075e-05,1.44543977075e-05,1.44543977075e-05,1.44543977075e-05,1.44543977075e-05,1.44543977075e-05,1.44543977075e-05,1.44543977075e-05,5,X153 Y156 Z158,0.987666666667,0.00279983579157,0.987666666667,0.00279983579157
1.44543977075e-05,1.44543977075e-05,1.44543977075e-05,1.44543977075e-05,1.44543977075e-05,1.44543977075e-05,1.44543977075e-05,1.44543977075e-05,1.44543977075e-05,1.44543977075e-05,1.44543977075e-05,1.44543977075e-05,1.44543977075e-05,1.44543977075e-05,1.44543977075e-05,1.44543977075e-05,1.44543977075e-05,1.44543977075e-05,5,X154 Z156 Y157 Y158 Z159 X160,0.984311111111,0.00310102360227,0.984311111111,0.00310102360227
1.44543977075e-05,1.44543977075e-05,1.44543977075e-05,1.44543977075e-05,1.44543977075e-05,1.44543977075e-05,1.44543977075e-05,1.44543977075e-05,1.44543977075e-05,1.44543977075e-05,1.44543977075e-05,1.44543977075e-05,1.44543977075e-05,1.44543977075e-05,1.44543977075e-05,1.44543977075e-05,1.44543977075e-05,1.44543977075e-05,5,X156 X158,0.994444444444,0.00185557735092,0.994444444444,0.00185557735092
1.44543977075e-05,1.44543977075e-05,1.44543977075e-05,1.44543977075e-05,1.44543977075e-05,1.44543977075e-05,1.44543977075e-05,1.44543977075e-05,1.44543977075e-05,1.44543977075e-05,1.44543977075e-05,1.44543977075e-05,1.44543977075e-05,1.44543977075e-05,1.44543977075e-05,1.44543977075e-05,1.44543977075e-05,1.44543977075e-05,5,X157 X159,0.993977777778,0.00187325056743,0.993977777778,0.00187325056743
1.44543977075e-05,1.44543977075e-05,1.44543977075e-05,1.44543977075e-05,1.44543977075e-05,1.44543977075e-05,1.44543977075e-05,1.44543977075e-05,1.44543977075e-05,1.44543977075e-05,1.44543977075e-05,1.44543977075e-05,1.44543977075e-05,1.44543977075e-05,1.44543977075e-05,1.44543977075e-05,1.44543977075e-05,1.44543977075e-05,5,X159 Z160 Y161,0.988444444444,0.0032581560887,0.988444444444,0.0032581560887
1.44543977075e-05,1.44543977075e-05,1.44543977075e-05,1.44543977075e-05,1.44543977075e-05,1.44543977075e-05,1.44543977075e-05,1.44543977075e-05,1.44543977075e-05,1.44543977075e-05,1.44543977075e-05,1.44543977075e-05,1.44543977075e-05,1.44543977075e-05,1.44543977075e-05,1.44543977075e-05,1.44543977075e-05,1.44543977075e-05,5,X16 Z20 Y21 Y25 Z26 X31,0.983844444444,0.00269913187879,0.983844444444,0.00269913187879
1.44543977075e-05,1.44543977075e-05,1.44543977075e-05,1.44543977075e-05,1.44543977075e-05,1.44543977075e-05,1.44543977075e-05,1.44543977075e-05,1.44543977075e-05,1.44543977075e-05,1.44543977075e-05,1.44543977075e-05,1.44543977075e-05,1.44543977075e-05,1.44543977075e-05,1.44543977075e-05,1.44543977075e-05,1.44543977075e-05,5,X160 X161,0.9942,0.00193495770049,0.9942,0.00193495770049
1.44543977075e-05,1.44543977075e-05,1.44543977075e-05,1.44543977075e-05,1.44543977075e-05,1.44543977075e-05,1.44543977075e-05,1.44543977075e-05,1.44543977075e-05,1.44543977075e-05,1.44543977075e-05,1.44543977075e-05,1.44543977075e-05,1.44543977075e-05,1.44543977075e-05,1.44543977075e-05,1.44543977075e-05,1.44543977075e-05,5,X17 Z21 Y22 Y26 Z27 X32,0.983066666667,0.00278804233767,0.983066666667,0.00278804233767
1.44543977075e-05,1.44543977075e-05,1.44543977075e-05,1.44543977075e-05,1.44543977075e-05,1.44543977075e-05,1.44543977075e-05,1.44543977075e-05,1.44543977075e-05,1.44543977075e-05,1.44543977075e-05,1.44543977075e-05,1.44543977075e-05,1.44543977075e-05,1.44543977075e-05,1.44543977075e-05,1.44543977075e-05,1.44543977075e-05,5,X18 Z22 Y23 Y27 Z28 X33,0.985444444444,0.00323810328728,0.985444444444,0.00323810328728
1.44543977075e-05,1.44543977075e-05,1.44543977075e-05,1.44543977075e-05,1.44543977075e-05,1.44543977075e-05,1.44543977075e-05,1.44543977075e-05,1.44543977075e-05,1.44543977075e-05,1.44543977075e-05,1.44543977075e-05,1.44543977075e-05,1.44543977075e-05,1.44543977075e-05,1.44543977075e-05,1.44543977075e-05,1.44543977075e-05,5,X19 Z23 Y24 Y28 Z29 X34,0.982533333333,0.00307455257935,0.982533333333,0.00307455257935
1.44543977075e-05,1.44543977075e-05,1.44543977075e-05,1.44543977075e-05,1.44543977075e-05,1.44543977075e-05,1.44543977075e-05,1.44543977075e-05,1.44543977075e-05,1.44543977075e-05,1.44543977075e-05,1.44543977075e-05,1.44543977075e-05,1.44543977075e-05,1.44543977075e-05,1.44543977075e-05,1.44543977075e-05,1.44543977075e-05,5,X2 X4,0.9944,0.00189857781014,0.9944,0.00189857781014
1.44543977075e-05,1.44543977075e-05,1.44543977075e-05,1.44543977075e-05,1.44543977075e-05,1.44543977075e-05,1.44543977075e-05,1.44543977075e-05,1.44543977075e-05,1.44543977075e-05,1.44543977075e-05,1.44543977075e-05,1.44543977075e-05,1.44543977075e-05,1.44543977075e-05,1.44543977075e-05,1.44543977075e-05,1.44543977075e-05,5,X20 X25,0.994377777778,0.00175672399159,0.994377777778,0.00175672399159
1.44543977075e-05,1.44543977075e-05,1.44543977075e-05,1.44543977075e-05,1.44543977075e-05,1.44543977075e-05,1.44543977075e-05,1.44543977075e-05,1.44543977075e-05,1.44543977075e-05,1.44543977075e-05,1.44543977075e-05,1.44543977075e-05,1.44543977075e-05,1.44543977075e-05,1.44543977075e-05,1.44543977075e-05,1.44543977075e-05,5,X21 X26,0.994777777778,0.00199680459933,0.994777777778,0.00199680459933
1.44543977075e-05,1.44543977075e-05,1.44543977075e-05,1.44543977075e-05,1.44543977075e-05,1.44543977075e-05,1.44543977075e-05,1.44543977075e-05,1.44543977075e-05,1.44543977075e-05,1.44543977075e-05,1.44543977075e-05,1.44543977075e-05,1.44543977075e-05,1.44543977075e-05,1.44543977075e-05,1.44543977075e-05,1.44543977075e-05,5,X22 X27,0.994888888889,0.00160777167451,0.994888888889,0.00160777167451
1.44543977075e-05,1.44543977075e-05,1.44543977075e-05,1.44543977075e-05,1.44543977075e-05,1.44543977075e-05,1.44543977075e-05,1.44543977075e-05,1.44543977075e-05,1.44543977075e-05,1.44543977075e-05,1.44543977075e-05,1.44543977075e-05,1.44543977075e-05,1.44543977075e-05,1.44543977075e-05,1.44543977075e-05,1.44543977075e-05,5,X23 X28,0.994244444444,0.00178098369937,0.994244444444,0.00178098369937
1.44543977075e-05,1.44543977075e-05,1.44543977075e-05,1.44543977075e-05,1.44543977075e-05,1.44543977075e-05,1.44543977075e-05,1.44543977075e-05,1.44543977075e-05,1.44543977075e-05,1.44543977075e-05,1.44543977075e-05,1.44543977075e-05,1.44543977075e-05,1.44543977075e-05,1.44543977075e-05,1.44543977075e-05,1.44543977075e-05,5,X24 X29,0.993844444444,0.00200904722531,0.993844444444,0.00200904722531
1.44543977075e-05,1.44543977075e-05,1.44543977075e-05,1.44543977075e-05,1.44543977075e-05,1.44543977075e-05,1.44543977075e-05,1.44543977075e-05,1.44543977075e-05,1.44543977075e-05,1.44543977075e-05,1.44543977075e-05,1.44543977075e-05,1.44543977075e-05,1.44543977075e-05,1.44543977075e-05,1.44543977075e-05,1.44543977075e-05,5,X25 Z30 Y31 Y36 Z37 X43,0.983155555556,0.00287642462899,0.983155555556,0.00287642462899
1.44543977075e-05,1.44543977075e-05,1.44543977075e-05,1.44543977075e-05,1.44543977075e-05,1.44543977075e-05,1.44543977075e-05,1.44543977075e-05,1.44543977075e-05,1.44543977075e-05,1.44543977075e-05,1.44543977075e-05,1.44543977075e-05,1.44543977075e-05,1.44543977075e-05,1.44543977075e-05,1.44543977075e-05,1.44543977075e-05,5,X26 Z31 Y32 Y37 Z38 X44,0.984311111111,0.00353952324141,0.984311111111,0.00353952324141
1.44543977075e-05,1.44543977075e-05,1.44543977075e-05,1.44543977075e-05,1.44543977075e-05,1.44543977075e-05,1.44543977075e-05,1.44543977075e-05,1.44543977075e-05,1.44543977075e-05,1.44543977075e-05,1.44543977075e-05,1.44543977075e-05,1.44543977075e-05,1.44543977075e-05,1.44543977075e-05,1.44543977075e-05,1.44543977075e-05,5,X27 Z32 Y33 Y38 Z39 X45,0.982622222222,0.00308218628348,0.982622222222,0.00308218628348
1.44543977075e-05,1.44543977075e-05,1.44543977075e-05,1.44543977075e-05,1.44543977075e-05,1.44543977075e-05,1.44543977075e-05,1.44543977075e-05,1.44543977075e-05,1.44543977075e-05,1.44543977075e-05,1.44543977075e-05,1.44543977075e-05,1.44543977075e-05,1.44543977075e-05,1.44543977075e-05,1.44543977075e-05,1.44543977075e-05,5,X28 Z33 Y34 Y39 Z40 X46,0.983044444444,0.00290162239376,0.983044444444,0.00290162239376
1.44543977075e-05,1.44543977075e-05,1.44543977075e-05,1.44543977075e-05,1.44543977075e-05,1.44543977075e-05,1.44543977075e-05,1.44543977075e-05,1.44543977075e-05,1.44543977075e-05,1.44543977075e-05,1.44543977075e-05,1.44543977075e-05,1.44543977075e-05,1.44543977075e-05,1.44543977075e-05,1.44543977075e-05,1.44543977075e-05,5,X29 Z34 Y35 Y40 Z41 X47,0.984155555556,0.00357377992291,0.984155555556,0.00357377992291
1.44543977075e-05,1.44543977075e-05,1.44543977075e-05,1.44543977075e-05,1.44543977075e-05,1.44543977075e-05,1.44543977075e-05,1.44543977075e-05,1.44543977075e-05,1.44543977075e-05,1.44543977075e-05,1.44543977075e-05,1.44543977075e-05,1.44543977075e-05,1.44543977075e-05,1.44543977075e-05,1.44543977075e-05,1.44543977075e-05,5,X3 X5,0.993955555556,0.00202613826546,0.993955555556,0.00202613826546
1.44543977075e-05,1.44543977075e-05,1.44543977075e-05,1.44543977075e-05,1.44543977075e-05,1.44543977075e-05,1.44543977075e-05,1.44543977075e-05,1.44543977075e-05,1.44543977075e-05,1.44543977075e-05,1.44543977075e-05,1.44543977075e-05,1.44543977075e-05,1.44543977075e-05,1.44543977075e-05,1.44543977075e-05,1.44543977075e-05,5,X30 X36,0.994133333333,0.0017802664573,0.994133333333,0.0017802664573
1.44543977075e-05,1.44543977075e-05,1.44543977075e-05,1.44543977075e-05,1.44543977075e-05,1.44543977075e-05,1.44543977075e-05,1.44543977075e-05,1.44543977075e-05,1.44543977075e-05,1.44543977075e-05,1.44543977075e-05,1.44543977075e-05,1.44543977075e-05,1.44543977075e-05,1.44543977075e-05,1.44543977075e-05,1.44543977075e-05,5,X31 X37,0.993844444444,0.00197053648749,0.993844444444,0.00197053648749
1.44543977075e-05,1.44543977075e-05,1.44543977075e-05,1.44543977075e-05,1.44543977075e-05,1.44543977075e-05,1.44543977075e-05,1.44543977075e-05,1.44543977075e-05,1.44543977075e-05,1.44543977075e-05,1.44543977075e-05,1.44543977075e-05,1.44543977075e-05,1.44543977075e-05,1.44543977075e-05,1.44543977075e-05,1.44543977075e-05,5,X32 X38,0.993111111111,0.00196000886176,0.993111111111,0.00196000886176
1.44543977075e-05,1.44543977075e-05,1.44543977075e-05,1.44543977075e-05,1.44543977075e-05,1.44543977075e-05,1.44543977075e-05,1.44543977075e-05,1.44543977075e-05,1.44543977075e-05,1.44543977075e-05,1.44543977075e-05,1.44543977075e-05,1.44543977075e-05,1.44543977075e-05,1.44543977075e-05,1.44543977075e-05,1.44543977075e-05,5,X33 X39,0.994266666667,0.00177336617375,0.994266666667,0.00177336617375
1.44543977075e-05,1.44543977075e-05,1.44543977075e-05,1.44543977075e-05,1.44543977075e-05,1.44543977075e-05,1.44543977075e-05,1.44543977075e-05,1.44543977075e-05,1.44543977075e-05,1.44543977075e-05,1.44543977075e-05,1.44543977075e-05,1.44543977075e-05,1.44543977075e-05,1.44543977075e-05,1.44543977075e-05,1.44543977075e-05,5,X34 X40,0.994844444444,0.00138888122603,0.994844444444,0.00138888122603
1.44543977075e-05,1.44543977075e-05,1.44543977075e-05,1.44543977075e-05,1.44543977075e-05,1.44543977075e-05,1.44543977075e-05,1.44543977075e-05,1.44543977075e-05,1.44543977075e-05,1.44543977075e-05,1.44543977075e-05,1.44543977075e-05,1.44543977075e-05,1.44543977075e-05,1.44543977075e-05,1.44543977075e-05,1.44543977075e-05,5,X35 X41,0.994222222222,0.00213227943316,0.994222222222,0.00213227943316
1.44543977075e-05,1.44543977075e-05,1.44543977075e-05,1.44543977075e-05,1.44543977075e-05,1.44543977075e-05,1.44543977075e-05,1.44543977075e-05,1.44543977075e-05,1.44543977075e-05,1.44543977075e-05,1.44543977075e-05,1.44543977075e-05,1.44543977075e-05,1.44543977075e-05,1.44543977075e-05,1.44543977075e-05,1.44543977075e-05,5,X36 Z42 Y43 Y49 Z50 X57,0.983355555556,0.003014566594,0.983355555556,0.003014566594
1.44543977075e-05,1.44543977075e-05,1.44543977075e-05,1.44543977075e-05,1.44543977075e-05,1.44543977075e-05,1.44543977075e-05,1.44543977075e-05,1.44543977075e-05,1.44543977075e-05,1.44543977075e-05,1.44543977075e-05,1.44543977075e-05,1.44543977075e-05,1.44543977075e-05,1.44543977075e-05,1.44543977075e-05,1.44543977075e-05,5,X37 Z43 Y44 Y50 Z51 X58,0.982088888889,0.00281611853924,0.982088888889,0.00281611853924
1.44543977075e-05,1.44543977075e-05,1.44543977075e-05,1.44543977075e-05,1.44543977075e-05,1.44543977075e-05,1.44543977075e-05,1.44543977075e-05,1.44543977075e-05,1.44543977075e-05,1.44543977075e-05,1.44543977075e-05,1.44543977075e-05,1.44543977075e-05,1.44543977075e-05,1.44543977075e-05,1.44543977075e-05,1.44543977075e-05,5,X38 Z44 Y45 Y51 Z52 X59,0.984088888889,0.00250506511159,0.984088888889,0.00250506511159
1.44543977075e-05,1.44543977075e-05,1.44543977075e-05,1.44543977075e-05,1.44543977075e-05,1.44543977075e-05,1.44543977075e-05,1.44543977075e-05,1.44543977075e-05,1.44543977075e-05,1.44543977075e-05,1.44543977075e-05,1.44543977075e-05,1.44543977075e-05,1.44543977075e-05,1.44543977075e-05,1.44543977075e-05,1.44543977075e-05,5,X39 Z45 Y46 Y52 Z53 X60,0.9836,0.0037246203746,0.9836,0.0037246203746
1.44543977075e-05,1.44543977075e-05,1.44543977075e-05,1.44543977075e-05,1.44543977075e-05,1.44543977075e-05,1.44543977075e-05,1.44543977075e-05,1.44543977075e-05,1.44543977075e-05,1.44543977075e-05,1.44543977075e-05,1.44543977075e-05,1.44543977075e-05,1.44543977075e-05,1.44543977075e-05,1.44543977075e-05,1.44543977075e-05,5,X4 Z6 Y7 Y9 Z10 X13,0.982422222222,0.00335616700425,0.982422222222,0.00335616700425
1.44543977075e-05,1.44543977075e-05,1.44543977075e-05,1.44543977075e-05,1.44543977075e-05,1.44543977075e-05,1.44543977075e-05,1.44543977075e-05,1.44543977075e-05,1.44543977075e-05,1.44543977075e-05,1.44543977075e-05,1.44543977075e-05,1.44543977075e-05,1.44543977075e-05,1.44543977075e-05,1.44543977075e-05,1.44543977075e-05,5,X40 Z46 Y47 Y53 Z54 X61,0.983488888889,0.0030358437677,0.983488888889,0.0030358437677
1.44543977075e-05,1.44543977075e-05,1.44543977075e-05,1.44543977075e-05,1.44543977075e-05,1.44543977075e-05,1.44543977075e-05,1.44543977075e-05,1.44543977075e-05,1.44543977075e-05,1.44543977075e-05,1.44543977075e-05,1.44543977075e-05,1.44543977075e-05,1.44543977075e-05,1.44543977075e-05,1.44543977075e-05,1.44543977075e-05,5,X41 Z47 Y48 Y54 Z55 X62,0.9836,0.00300497671496,0.9836,0.00300497671496
1.44543977075e-05,1.44543977075e-05,1.44543977075e-05,1.44543977075e-05,1.44543977075e-05,1.44543977075e-05,1.44543977075e-05,1.44543977075e-05,1.44543977075e-05,1.44543977075e-05,1.44543977075e-05,1.44543977075e-05,1.44543977075e-05,1.44543977075e-05,1.44543977075e-05,1.44543977075e-05,1.44543977075e-05,1.44543977075e-05,5,X42 X49,0.994488888889,0.00189318870528,0.994488888889,0.00189318870528
1.44543977075e-05,1.44543977075e-05,1.44543977075e-05,1.44543977075e-05,1.44543977075e-05,1.44543977075e-05,1.44543977075e-05,1.44543977075e-05,1.44543977075e-05,1.44543977075e-05,1.44543977075e-05,1.44543977075e-05,1.44543977075e-05,1.44543977075e-05,1.44543977075e-05,1.44543977075e-05,1.44543977075e-05,1.44543977075e-05,5,X43 X50,0.994844444444,0.00166029433141,0.994844444444,0.00166029433141
1.44543977075e-05,1.44543977075e-05,1.44543977075e-05,1.44543977075e-05,1.44543977075e-05,1.44543977075e-05,1.44543977075e-05,1.44543977075e-05,1.44543977075e-05,1.44543977075e-05,1.44543977075e-05,1.44543977075e-05,1.44543977075e-05,1.44543977075e-05,1.44543977075e-05,1.44543977075e-05,1.44543977075e-05,1.44543977075e-05,5,X44 X51,0.994333333333,0.00180038310099,0.994333333333,0.00180038310099
1.44543977075e-05,1.44543977075e-05,1.44543977075e-05,1.44543977075e-05,1.44543977075e-05,1.44543977075e-05,1.44543977075e-05,1.44543977075e-05,1.44543977075e-05,1.44543977075e-05,1.44543977075e-05,1.44543977075e-05,1.44543977075e-05,1.44543977075e-05,1.44543977075e-05,1.44543977075e-05,1.44543977075e-05,1.44543977075e-05,5,X45 X52,0.994488888889,0.00200331780998,0.994488888889,0.00200331780998
1.44543977075e-05,1.44543977075e-05,1.44543977075e-05,1.44543977075e-05,1.44543977075e-05,1.44543977075e-05,1.44543977075e-05,1.44543977075e-05,1.44543977075e-05,1.44543977075e-05,1.44543977075e-05,1.44543977075e-05,1.44543977075e-05,1.44543977075e-05,1.44543977075e-05,1.44543977075e-05,1.44543977075e-05,1.44543977075e-05,5,X46 X53,0.995022222222,0.00152359056993,0.995022222222,0.00152359056993
1.44543977075e-05,1.44543977075e-05,1.44543977075e-05,1.44543977075e-05,1.44543977075e-05,1.44543977075e-05,1.44543977075e-05,1.44543977075e-05,1.44543977075e-05,1.44543977075e-05,1.44543977075e-05,1.44543977075e-05,1.44543977075e-05,1.44543977075e-05,1.44543977075e-05,1.44543977075e-05,1.44543977075e-05,1.44543977075e-05,5,X47 X54,0.993488888889,0.00181676596446,0.993488888889,0.00181676596446
1.44543977075e-05,1.44543977075e-05,1.44543977075e-05,1.44543977075e-05,1.44543977075e-05,1.44543977075e-05,1.44543977075e-05,1.44543977075e-05,1.44543977075e-05,1.44543977075e-05,1.44543977075e-05,1.44543977075e-05,1.44543977075e-05,1.44543977075e-05,1.44543977075e-05,1.44543977075e-05,1.44543977075e-05,1.44543977075e-05,5,X48 X55,0.9938,0.0022430821707,0.9938,0.0022430821707
1.44543977075e-05,1.44543977075e-05,1.44543977075e-05,1.44543977075e-05,1.44543977075e-05,1.44543977075e-05,1.44543977075e-05,1.44543977075e-05,1.44543977075e-05,1.44543977075e-05,1.44543977075e-05,1.44543977075e-05,1.44543977075e-05,1.44543977075e-05,1.44543977075e-05,1.44543977075e-05,1.44543977075e-05,1.44543977075e-05,5,X49 Z56 Y57 Y64 Z65 X73,0.983511111111,0.00377502717083,0.983511111111,0.00377502717083
1.44543977075e-05,1.44543977075e-05,1.44543977075e-05,1.44543977075e-05,1.44543977075e-05,1.44543977075e-05,1.44543977075e-05,1.44543977075e-05,1.44543977075e-05,1.44543977075e-05,1.44543977075e-05,1.44543977075e-05,1.44543977075e-05,1.44543977075e-05,1.44543977075e-05,1.44543977075e-05,1.44543977075e-05,1.44543977075e-05,5,X5 Z7 Y8 Y10 Z11 X14,0.983977777778,0.0032682535828,0.983977777778,0.0032682535828
1.44543977075e-05,1.44543977075e-05,1.44543977075e-05,1.44543977075e-05,1.44543977075e-05,1.44543977075e-05,1.44543977075e-05,1.44543977075e-05,1.44543977075e-05,1.44543977075e-05,1.44543977075e-05,1.44543977075e-05,1.44543977075e-05,1.44543977075e-05,1.44543977075e-05,1.44543977075e-05,1.44543977075e-05,1.44543977075e-05,5,X50 Z57 Y58 Y65 Z66 X74,0.983933333333,0.00260474074132,0.983933333333,0.00260474074132
1.44543977075e-05,1.44543977075e-05,1.44543977075e-05,1.44543977075e-05,1.44543977075e-05,1.44543977075e-05,1.44543977075e-05,1.44543977075e-05,1.44543977075e-05,1.44543977075e-05,1.44543977075e-05,1.44543977075e-05,1.44543977075e-05,1.44543977075e-05,1.44543977075e-05,1.44543977075e-05,1.44543977075e-05,1.44543977075e-05,5,X51 Z58 Y59 Y66 Z67 X75,0.983777777778,0.00273663010228,0.983777777778,0.00273663010228
1.44543977075e-05,1.44543977075e-05,1.44543977075e-05,1.44543977075e-05,1.44543977075e-05,1.44543977075e-05,1.44543977075e-05,1.44543977075e-05,1.44543977075e-05,1.44543977075e-05,1.44543977075e-05,1.44543977075e-05,1.44543977075e-05,1.44543977075e-05,1.44543977075e-05,1.44543977075e-05,1.44543977075e-05,1.44543977075e-05,5,X52 Z59 Y60 Y67 Z68 X76,0.9832,0.0038293082316,0.9832,0.0038293082316
1.44543977075e-05,1.44543977075e-05,1.44543977075e-05,1.44543977075e-05,1.44543977075e-05,1.44543977075e-05,1.44543977075e-05,1.44543977075e-05,1.44543977075e-05,1.44543977075e-05,1.44543977075e-05,1.44543977075e-05,1.44543977075e-05,1.44543977075e-05,1.44543977075e-05,1.44543977075e-05,1.44543977075e-05,1.44543977075e-05,5,X53 Z60 Y61 Y68 Z69 X77,0.982733333333,0.00296777068441,0.982733333333,0.00296777068441
1.44543977075e-05,1.44543977075e-05,1.44543977075e-05,1.44543977075e-05,1.44543977075e-05,1.44543977075e-05,1.44543977075e-05,1.44543977075e-05,1.44543977075e-05,1.44543977075e-05,1.44543977075e-05,1.44543977075e-05,1.44543977075e-05,1.44543977075e-05,1.44543977075e-05,1.44543977075e-05,1.44543977075e-05,1.44543977075e-05,5,X54 Z61 Y62 Y69 Z70 X78,0.982511111111,0.00429089147855,0.982511111111,0.00429089147855
1.44543977075e-05,1.44543977075e-05,1.44543977075e-05,1.44543977075e-05,1.44543977075e-05,1.44543977075e-05,1.44543977075e-05,1.44543977075e-05,1.44543977075e-05,1.44543977075e-05,1.44543977075e-05,1.44543977075e-05,1.44543977075e-05,1.44543977075e-05,1.44543977075e-05,1.44543977075e-05,1.44543977075e-05,1.44543977075e-05,5,X55 Z62 Y63 Y70 Z71 X79,0.982977777778,0.00261286726628,0.982977777778,0.00261286726628
1.44543977075e-05,1.44543977075e-05,1.44543977075e-05,1.44543977075e-05,1.44543977075e-05,1.44543977075e-05,1.44543977075e-05,1.44543977075e-05,1.44543977075e-05,1.44543977075e-05,1.44543977075e-05,1.44543977075e-05,1.44543977075e-05,1.44543977075e-05,1.44543977075e-05,1.44543977075e-05,1.44543977075e-05,1.44543977075e-05,5,X56 X64,0.994466666667,0.00161553758416,0.994466666667,0.00161553758416
1.44543977075e-05,1.44543977075e-05,1.44543977075e-05,1.44543977075e-05,1.44543977075e-05,1.44543977075e-05,1.44543977075e-05,1.44543977075e-05,1.44543977075e-05,1.44543977075e-05,1.44543977075e-05,1.44543977075e-05,1.44543977075e-05,1.44543977075e-05,1.44543977075e-05,1.44543977075e-05,1.44543977075e-05,1.44543977075e-05,5,X57 X65,0.994466666667,0.00198962827927,0.994466666667,0.00198962827927
1.44543977075e-05,1.44543977075e-05,1.44543977075e-05,1.44543977075e-05,1.44543977075e-05,1.44543977075e-05,1.44543977075e-05,1.44543977075e-05,1.44543977075e-05,1.44543977075e-05,1.44543977075e-05,1.44543977075e-05,1.44543977075e-05,1.44543977075e-05,1.44543977075e-05,1.44543977075e-05,1.44543977075e-05,1.44543977075e-05,5,X58 X66,0.994311111111,0.00151349822721,0.994311111111,0.00151349822721
1.44543977075e-05,1.44543977075e-05,1.44543977075e-05,1.44543977075e-05,1.44543977075e-05,1.44543977075e-05,1.44543977075e-05,1.44543977075e-05,1.44543977075e-05,1.44543977075e-05,1.44543977075e-05,1.44543977075e-05,1.44543977075e-05,1.44543977075e-05,1.44543977075e-05,1.44543977075e-05,1.44543977075e-05,1.44543977075e-05,5,X59 X67,0.9942,0.00208736391715,0.9942,0.00208736391715
1.44543977075e-05,1.44543977075e-05,1.44543977075e-05,1.44543977075e-05,1.44543977075e-05,1.44543977075e-05,1.44543977075e-05,1.44543977075e-05,1.44543977075e-05,1.44543977075e-05,1.44543977075e-05,1.44543977075e-05,1.44543977075e-05,1.44543977075e-05,1.44543977075e-05,1.44543977075e-05,1.44543977075e-05,1.44543977075e-05,5,X6 X9,0.994844444444,0.00159437068461,0.994844444444,0.00159437068461
1.44543977075e-05,1.44543977075e-05,1.44543977075e-05,1.44543977075e-05,1.44543977075e-05,1.44543977075e-05,1.44543977075e-05,1.44543977075e-05,1.44543977075e-05,1.44543977075e-05,1.44543977075e-05,1.44543977075e-05,1.44543977075e-05,1.44543977075e-05,1.44543977075e-05,1.44543977075e-05,1.44543977075e-05,1.44543977075e-05,5,X60 X68,0.994155555556,0.00206175414162,0.994155555556,0.00206175414162
1.44543977075e-05,1.44543977075e-05,1.44543977075e-05,1.44543977075e-05,1.44543977075e-05,1.44543977075e-05,1.44543977075e-05,1.44543977075e-05,1.44543977075e-05,1.44543977075e-05,1.44543977075e-05,1.44543977075e-05,1.44543977075e-05,1.44543977075e-05,1.44543977075e-05,1.44543977075e-05,1.44543977075e-05,1.44543977075e-05,5,X61 X69,0.994333333333,0.00201716769686,0.994333333333,0.00201716769686
1.44543977075e-05,1.44543977075e-05,1.44543977075e-05,1.44543977075e-05,1.44543977075e-05,1.44543977075e-05,1.44543977075e-05,1.44543977075e-05,1.44543977075e-05,1.44543977075e-05,1.44543977075e-05,1.44543977075e-05,1.44543977075e-05,1.44543977075e-05,1.44543977075e-05,1.44543977075e-05,1.44543977075e-05,1.44543977075e-05,5,X62 X70,0.994422222222,0.00239720995766,0.994422222222,0.00239720995766
1.44543977075e-05,1.44543977075e-05,1.44543977075e-05,1.44543977075e-05,1.44543977075e-05,1.44543977075e-05,1.44543977075e-05,1.44543977075e-05,1.44543977075e-05,1.44543977075e-05,1.44543977075e-05,1.44543977075e-05,1.44543977075e-05,1.44543977075e-05,1.44543977075e-05,1.44543977075e-05,1.44543977075e-05,1.44543977075e-05,5,X63 X71,0.994133333333,0.00180590771691,0.994133333333,0.00180590771691
1.44543977075e-05,1.44543977075e-05,1.44543977075e-05,1.44543977075e-05,1.44543977075e-05,1.44543977075e-05,1.44543977075e-05,1.44543977075e-05,1.44543977075e-05,1.44543977075e-05,1.44543977075e-05,1.44543977075e-05,1.44543977075e-05,1.44543977075e-05,1.44543977075e-05,1.44543977075e-05,1.44543977075e-05,1.44543977075e-05,5,X64 Z72 Y73 Y81 Z82 X90,0.983288888889,0.00269487001419,0.983288888889,0.00269487001419
1.44543977075e-05,1.44543977075e-05,1.44543977075e-05,1.44543977075e-05,1.44543977075e-05,1.44543977075e-05,1.44543977075e-05,1.44543977075e-05,1.44543977075e-05,1.44543977075e-05,1.44543977075e-05,1.44543977075e-05,1.44543977075e-05,1.44543977075e-05,1.44543977075e-05,1.44543977075e-05,1.44543977075e-05,1.44543977075e-05,5,X65 Z73 Y74 Y82 Z83 X91,0.983266666667,0.00316760421693,0.983266666667,0.00316760421693
1.44543977075e-05,1.44543977075e-05,1.44543977075e-05,1.44543977075e-05,1.44543977075e-05,1.44543977075e-05,1.44543977075e-05,1.44543977075e-05,1.44543977075e-05,1.44543977075e-05,1.44543977075e-05,1.44543977075e-05,1.44543977075e-05,1.44543977075e-05,1.44543977075e-05,1.44543977075e-05,1.44543977075e-05,1.44543977075e-05,5,X66 Z74 Y75 Y83 Z84 X92,0.982711111111,0.00414278982512,0.982711111111,0.00414278982512
1.44543977075e-05,1.44543977075e-05,1.44543977075e-05,1.44543977075e-05,1.44543977075e-05,1.44543977075e-05,1.44543977075e-05,1.44543977075e-05,1.44543977075e-05,1.44543977075e-05,1.44543977075e-05,1.44543977075e-05,1.44543977075e-05,1.44543977075e-05,1.44543977075e-05,1.44543977075e-05,1.44543977075e-05,1.44543977075e-05,5,X67 Z75 Y76 Y84 Z85 X93,0.982911111111,0.00341052386773,0.982911111111,0.00341052386773
1.44543977075e-05,1.44543977075e-05,1.44543977075e-05,1.44543977075e-05,1.44543977075e-05,1.44543977075e-05,1.44543977075e-05,1.44543977075e-05,1.44543977075e-05,1.44543977075e-05,1.44543977075e-05,1.44543977075e-05,1.44543977075e-05,1.44543977075e-05,1.44543977075e-05,1.44543977075e-05,1.44543977075e-05,1.44543977075e-05,5,X68 Z76 Y77 Y85 Z86 X94,0.981933333333,0.00319650191945,0.981933333333,0.00319650191945
1.44543977075e-05,1.44543977075e-05,1.44543977075e-05,1.44543977075e-05,1.44543977075e-05,1.44543977075e-05,1.44543977075e-05,1.44543977075e-05,1.44543977075e-05,1.44543977075e-05,1.44543977075e-05,1.44543977075e-05,1.44543977075e-05,1.44543977075e-05,1.44543977075e-05,1.44543977075e-05,1.44543977075e-05,1.44543977075e-05,5,X69 Z77 Y78 Y86 Z87 X95,0.983888888889,0.00364763433896,0.983888888889,0.00364763433896
1.44543977075e-05,1.44543977075e-05,1.44543977075e-05,1.44543977075e-05,1.44543977075e-05,1.44543977075e-05,1.44543977075e-05,1.44543977075e-05,1.44543977075e-05,1.44543977075e-05,1.44543977075e-05,1.44543977075e-05,1.44543977075e-05,1.44543977075e-05,1.44543977075e-05,1.44543977075e-05,1.44543977075e-05,1.44543977075e-05,5,X7 X10,0.994311111111,0.00190770435016,0.994311111111,0.00190770435016
1.44543977075e-05,1.44543977075e-05,1.44543977075e-05,1.44543977075e-05,1.44543977075e-05,1.44543977075e-05,1.44543977075e-05,1.44543977075e-05,1.44543977075e-05,1.44543977075e-05,1.44543977075e-05,1.44543977075e-05,1.44543977075e-05,1.44543977075e-05,1.44543977075e-05,1.44543977075e-05,1.44543977075e-05,1.44543977075e-05,5,X70 Z78 Y79 Y87 Z88 X96,0.983733333333,0.00346454400089,0.983733333333,0.00346454400089
1.44543977075e-05,1.44543977075e-05,1.44543977075e-05,1.44543977075e-05,1.44543977075e-05,1.44543977075e-05,1.44543977075e-05,1.44543977075e-05,1.44543977075e-05,1.44543977075e-05,1.44543977075e-05,1.44543977075e-05,1.44543977075e-05,1.44543977075e-05,1.44543977075e-05,1.44543977075e-05,1.44543977075e-05,1.44543977075e-05,5,X71 Z79 Y80 Y88 Z89 X97,0.982577777778,0.00410861475414,0.982577777778,0.00410861475414
1.44543977075e-05,1.44543977075e-05,1.44543977075e-05,1.44543977075e-05,1.44543977075e-05,1.44543977075e-05,1.44543977075e-05,1.44543977075e-05,1.44543977075e-05,1.44543977075e-05,1.44543977075e-05,1.44543977075e-05,1.44543977075e-05,1.44543977075e-05,1.44543977075e-05,1.44543977075e-05,1.44543977075e-05,1.44543977075e-05,5,X72 X81,0.9942,0.00213814113416,0.9942,0.00213814113416
1.44543977075e-05,1.44543977075e-05,1.44543977075e-05,1.44543977075e-05,1.44543977075e-05,1.44543977075e-05,1.44543977075e-05,1.44543977075e-05,1.44543977075e-05,1.44543977075e-05,1.44543977075e-05,1.44543977075e-05,1.44543977075e-05,1.44543977075e-05,1.44543977075e-05,1.44543977075e-05,1.44543977075e-05,1.44543977075e-05,5,X73 X82,0.994511111111,0.00168548760146,0.994511111111,0.00168548760146
1.44543977075e-05,1.44543977075e-05,1.44543977075e-05,1.44543977075e-05,1.44543977075e-05,1.44543977075e-05,1.44543977075e-05,1.44543977075e-05,1.44543977075e-05,1.44543977075e-05,1.44543977075e-05,1.44543977075e-05,1.44543977075e-05,1.44543977075e-05,1.44543977075e-05,1.44543977075e-05,1.44543977075e-05,1.44543977075e-05,5,X74 X83,0.994444444444,0.00196000886176,0.994444444444,0.00196000886176
1.44543977075e-05,1.44543977075e-05,1.44543977075e-05,1.44543977075e-05,1.44543977075e-05,1.44543977075e-05,1.44543977075e-05,1.44543977075e-05,1.44543977075e-05,1.44543977075e-05,1.44543977075e-05,1.44543977075e-05,1.44543977075e-05,1.44543977075e-05,1.44543977075e-05,1.44543977075e-05,1.44543977075e-05,1.44543977075e-05,5,X75 X84,0.994422222222,0.00204533547133,0.994422222222,0.00204533547133
1.44543977075e-05,1.44543977075e-05,1.44543977075e-05,1.44543977075e-05,1.44543977075e-05,1.44543977075e-05,1.44543977075e-05,1.44543977075e-05,1.44543977075e-05,1.44543977075e-05,1.44543977075e-05,1.44543977075e-05,1.44543977075e-05,1.44543977075e-05,1.44543977075e-05,1.44543977075e-05,1.44543977075e-05,1.44543977075e-05,5,X76 X85,0.994355555556,0.00179170787621,0.994355555556,0.00179170787621
1.44543977075e-05,1.44543977075e-05,1.44543977075e-05,1.44543977075e-05,1.44543977075e-05,1.44543977075e-05,1.44543977075e-05,1.44543977075e-05,1.44543977075e-05,1.44543977075e-05,1.44543977075e-05,1.44543977075e-05,1.44543977075e-05,1.44543977075e-05,1.44543977075e-05,1.44543977075e-05,1.44543977075e-05,1.44543977075e-05,5,X77 X86,0.994244444444,0.00188141410364,0.994244444444,0.00188141410364
1.44543977075e-05,1.44543977075e-05,1.44543977075e-05,1.44543977075e-05,1.44543977075e-05,1.44543977075e-05,1.44543977075e-05,1.44543977075e-05,1.44543977075e-05,1.44543977075e-05,1.44543977075e-05,1.44543977075e-05,1.44543977075e-05,1.44543977075e-05,1.44543977075e-05,1.44543977075e-05,1.44543977075e-05,1.44543977075e-05,5,X78 X87,0.993933333333,0.00183077145978,0.993933333333,0.00183077145978
1.44543977075e-05,1.44543977075e-05,1.44543977075e-05,1.44543977075e-05,1.44543977075e-05,1.44543977075e-05,1.44543977075e-05,1.44543977075e-05,1.44543977075e-05,1.44543977075e-05,1.44543977075e-05,1.44543977075e-05,1.44543977075e-05,1.44543977075e-05,1.44543977075e-05,1.44543977075e-05,1.44543977075e-05,1.44543977075e-05,5,X79 X88,0.993911111111,0.00196313404397,0.993911111111,0.00196313404397
1.44543977075e-05,1.44543977075e-05,1.44543977075e-05,1.44543977075e-05,1.44543977075e-05,1.44543977075e-05,1.44543977075e-05,1.44543977075e-05,1.44543977075e-05,1.44543977075e-05,1.44543977075e-05,1.44543977075e-05,1.44543977075e-05,1.44543977075e-05,1.44543977075e-05,1.44543977075e-05,1.44543977075e-05,1.44543977075e-05,5,X8 X11,0.994822222222,0.001703575985,0.994822222222,0.001703575985
1.44543977075e-05,1.44543977075e-05,1.44543977075e-05,1.44543977075e-05,1.44543977075e-05,1.44543977075e-05,1.44543977075e-05,1.44543977075e-05,1.44543977075e-05,1.44543977075e-05,1.44543977075e-05,1.44543977075e-05,1.44543977075e-05,1.44543977075e-05,1.44543977075e-05,1.44543977075e-05,1.44543977075e-05,1.44543977075e-05,5,X80 X89,0.994533333333,0.00169199150383,0.994533333333,0.00169199150383
1.44543977075e-05,1.44543977075e-05,1.44543977075e-05,1.44543977075e-05,1.44543977075e-05,1.44543977075e-05,1.44543977075e-05,1.44543977075e-05,1.44543977075e-05,1.44543977075e-05,1.44543977075e-05,1.44543977075e-05,1.44543977075e-05,1.44543977075e-05,1.44543977075e-05,1.44543977075e-05,1.44543977075e-05,1.44543977075e-05,5,X81 Y90 Z98,0.9898,0.00304827066105,0.9898,0.00304827066105
1.44543977075e-05,1.44543977075e-05,1.44543977075e-05,1.44543977075e-05,1.44543977075e-05,1.44543977075e-05,1.44543977075e-05,1.44543977075e-05,1.44543977075e-05,1.44543977075e-05,1.44543977075e-05,1.44543977075e-05,1.44543977075e-05,1.44543977075e-05,1.44543977075e-05,1.44543977075e-05,1.44543977075e-05,1.44543977075e-05,5,X82 Z90 Y91 Y98 Z99 X106,0.983911111111,0.00294383352297,0.983911111111,0.00294383352297
1.44543977075e-05,1.44543977075e-05,1.44543977075e-05,1.44543977075e-05,1.44543977075e-05,1.44543977075e-05,1.44543977075e-05,1.44543977075e-05,1.44543977075e-05,1.44543977075e-05,1.44543977075e-05,1.44543977075e-05,1.44543977075e-05,1.44543977075e-05,1.44543977075e-05,1.44543977075e-05,1.44543977075e-05,1.44543977075e-05,5,X83 Z91 Y92 Y99 Z100 X107,0.982555555556,0.00397726617571,0.982555555556,0.00397726617571
1.44543977075e-05,1.44543977075e-05,1.44543977075e-05,1.44543977075e-05,1.44543977075e-05,1.44543977075e-05,1.44543977075e-05,1.44543977075e-05,1.44543977075e-05,1.44543977075e-05,1.44543977075e-05,1.44543977075e-05,1.44543977075e-05,1.44543977075e-05,1.44543977075e-05,1.44543977075e-05,1.44543977075e-05,1.44543977075e-05,5,X84 Z92 Y93 Y100 Z101 X108,0.983266666667,0.00311392866394,0.983266666667,0.00311392866394
1.44543977075e-05,1.44543977075e-05,1.44543977075e-05,1.44543977075e-05,1.44543977075e-05,1.44543977075e-05,1.44543977075e-05,1.44543977075e-05,1.44543977075e-05,1.44543977075e-05,1.44543977075e-05,1.44543977075e-05,1.44543977075e-05,1.44543977075e-05,1.44543977075e-05,1.44543977075e-05,1.44543977075e-05,1.44543977075e-05,5,X85 Z93 Y94 Y101 Z102 X109,0.983288888889,0.00462521270782,0.983288888889,0.00462521270782
1.44543977075e-05,1.44543977075e-05,1.44543977075e-05,1.44543977075e-05,1.44543977075e-05,1.44543977075e-05,1.44543977075e-05,1.44543977075e-05,1.44543977075e-05,1.44543977075e-05,1.44543977075e-05,1.44543977075e-05,1.44543977075e-05,1.44543977075e-05,1.44543977075e-05,1.44543977075e-05,1.44543977075e-05,1.44543977075e-05,5,X86 Z94 Y95 Y102 Z103 X110,0.982955555556,0.0036627286411,0.982955555556,0.0036627286411
1.44543977075e-05,1.44543977075e-05,1.44543977075e-05,1.44543977075e-05,1.44543977075e-05,1.44543977075e-05,1.44543977075e-05,1.44543977075e-05,1.44543977075e-05,1.44543977075e-05,1.44543977075e-05,1.44543977075e-05,1.44543977075e-05,1.44543977075e-05,1.44543977075e-05,1.44543977075e-05,1.44543977075e-05,1.44543977075e-05,5,X87 Z95 Y96 Y103 Z104 X111,0.984355555556,0.00282155541645,0.984355555556,0.00282155541645
1.44543977075e-05,1.44543977075e-05,1.44543977075e-05,1.44543977075e-05,1.44543977075e-05,1.44543977075e-05,1.44543977075e-05,1.44543977075e-05,1.44543977075e-05,1.44543977075e-05,1.44543977075e-05,1.44543977075e-05,1.44543977075e-05,1.44543977075e-05,1.44543977075e-05,1.44543977075e-05,1.44543977075e-05,1.44543977075e-05,5,X88 Z96 Y97 Y104 Z105 X112,0.982622222222,0.00235496269558,0.982622222222,0.00235496269558
1.44543977075e-05,1.44543977075e-05,1.44543977075e-05,1.44543977075e-05,1.44543977075e-05,1.44543977075e-05,1.44543977075e-05,1.44543977075e-05,1.44543977075e-05,1.44543977075e-05,1.44543977075e-05,1.44543977075e-05,1.44543977075e-05,1.44543977075e-05,1.44543977075e-05,1.44543977075e-05,1.44543977075e-05,1.44543977075e-05,5,X9 Z12 Y13 Y16 Z17 X21,0.982555555556,0.00332220364172,0.982555555556,0.00332220364172
1.44543977075e-05,1.44543977075e-05,1.44543977075e-05,1.44543977075e-05,1.44543977075e-05,1.44543977075e-05,1.44543977075e-05,1.44543977075e-05,1.44543977075e-05,1.44543977075e-05,1.44543977075e-05,1.44543977075e-05,1.44543977075e-05,1.44543977075e-05,1.44543977075e-05,1.44543977075e-05,1.44543977075e-05,1.44543977075e-05,5,X90 X98,0.994244444444,0.0019296701986,0.994244444444,0.0019296701986
1.44543977075e-05,1.44543977075e-05,1.44543977075e-05,1.44543977075e-05,1.44543977075e-05,1.44543977075e-05,1.44543977075e-05,1.44543977075e-05,1.44543977075e-05,1.44543977075e-05,1.44543977075e-05,1.44543977075e-05,1.44543977075e-05,1.44543977075e-05,1.44543977075e-05,1.44543977075e-05,1.44543977075e-05,1.44543977075e-05,5,X91 X99,0.994133333333,0.001888866351,0.994133333333,0.001888866351
1.44543977075e-05,1.44543977075e-05,1.44543977075e-05,1.44543977075e-05,1.44543977075e-05,1.44543977075e-05,1.44543977075e-05,1.44543977075e-05,1.44543977075e-05,1.44543977075e-05,1.44543977075e-05,1.44543977075e-05,1.44543977075e-05,1.44543977075e-05,1.44543977075e-05,1.44543977075e-05,1.44543977075e-05,1.44543977075e-05,5,X92 X100,0.994333333333,0.00180887552124,0.994333333333,0.00180887552124
1.44543977075e-05,1.44543977075e-05,1.44543977075e-05,1.44543977075e-05,1.44543977075e-05,1.44543977075e-05,1.44543977075e-05,1.44543977075e-05,1.44543977075e-05,1.44543977075e-05,1.44543977075e-05,1.44543977075e-05,1.44543977075e-05,1.44543977075e-05,1.44543977075e-05,1.44543977075e-05,1.44543977075e-05,1.44543977075e-05,5,X93 X101,0.9946,0.00224444823792,0.9946,0.00224444823792
1.44543977075e-05,1.44543977075e-05,1.44543977075e-05,1.44543977075e-05,1.44543977075e-05,1.44543977075e-05,1.44543977075e-05,1.44543977075e-05,1.44543977075e-05,1.44543977075e-05,1.44543977075e-05,1.44543977075e-05,1.44543977075e-05,1.44543977075e-05,1.44543977075e-05,1.44543977075e-05,1.44543977075e-05,1.44543977075e-05,5,X94 X102,0.994755555556,0.00155347425076,0.994755555556,0.00155347425076
1.44543977075e-05,1.44543977075e-05,1.44543977075e-05,1.44543977075e-05,1.44543977075e-05,1.44543977075e-05,1.44543977075e-05,1.44543977075e-05,1.44543977075e-05,1.44543977075e-05,1.44543977075e-05,1.44543977075e-05,1.44543977075e-05,1.44543977075e-05,1.44543977075e-05,1.44543977075e-05,1.44543977075e-05,1.44543977075e-05,5,X95 X103,0.993955555556,0.0024631122781,0.993955555556,0.0024631122781
1.44543977075e-05,1.44543977075e-05,1.44543977075e-05,1.44543977075e-05,1.44543977075e-05,1.44543977075e-05,1.44543977075e-05,1.44543977075e-05,1.44543977075e-05,1.44543977075e-05,1.44543977075e-05,1.44543977075e-05,1.44543977075e-05,1.44543977075e-05,1.44543977075e-05,1.44543977075e-05,1.44543977075e-05,1.44543977075e-05,5,X96 X104,0.993955555556,0.00214374852226,0.993955555556,0.00214374852226
1.44543977075e-05,1.44543977075e-05,1.44543977075e-05,1.44543977075e-05,1.44543977075e-05,1.44543977075e-05,1.44543977075e-05,1.44543977075e-05,1.44543977075e-05,1.44543977075e-05,1.44543977075e-05,1.44543977075e-05,1.44543977075e-05,1.44543977075e-05,1.44543977075e-05,1.44543977075e-05,1.44543977075e-05,1.44543977075e-05,5,X97 X105,0.994111111111,0.00228326131833,0.994111111111,0.00228326131833
1.44543977075e-05,1.44543977075e-05,1.44543977075e-05,1.44543977075e-05,1.44543977075e-05,1.44543977075e-05,1.44543977075e-05,1.44543977075e-05,1.44543977075e-05,1.44543977075e-05,1.44543977075e-05,1.44543977075e-05,1.44543977075e-05,1.44543977075e-05,1.44543977075e-05,1.44543977075e-05,1.44543977075e-05,1.44543977075e-05,5,X99 Z106 Y107 Y113 Z114 X120,0.983422222222,0.00367129627616,0.983422222222,0.00367129627616
1.44543977075e-05,1.44543977075e-05,1.44543977075e-05,1.44543977075e-05,1.44543977075e-05,1.44543977075e-05,1.44543977075e-05,1.44543977075e-05,1.44543977075e-05,1.44543977075e-05,1.44543977075e-05,1.44543977075e-05,1.44543977075e-05,1.44543977075e-05,1.44543977075e-05,1.44543977075e-05,1.44543977075e-05,1.44543977075e-05,5,Y0 Z1 X2,0.988377777778,0.00257713692655,0.988377777778,0.00257713692655
1.44543977075e-05,1.44543977075e-05,1.44543977075e-05,1.44543977075e-05,1.44543977075e-05,1.44543977075e-05,1.44543977075e-05,1.44543977075e-05,1.44543977075e-05,1.44543977075e-05,1.44543977075e-05,1.44543977075e-05,1.44543977075e-05,1.44543977075e-05,1.44543977075e-05,1.44543977075e-05,1.44543977075e-05,1.44543977075e-05,5,Y20 Z25 X30,0.988088888889,0.00299032069851,0.988088888889,0.00299032069851
1.44543977075e-05,1.44543977075e-05,1.44543977075e-05,1.44543977075e-05,1.44543977075e-05,1.44543977075e-05,1.44543977075e-05,1.44543977075e-05,1.44543977075e-05,1.44543977075e-05,1.44543977075e-05,1.44543977075e-05,1.44543977075e-05,1.44543977075e-05,1.44543977075e-05,1.44543977075e-05,1.44543977075e-05,1.44543977075e-05,5,Y42 Z49 X56,0.988866666667,0.00241419810505,0.988866666667,0.00241419810505
1.44543977075e-05,1.44543977075e-05,1.44543977075e-05,1.44543977075e-05,1.44543977075e-05,1.44543977075e-05,1.44543977075e-05,1.44543977075e-05,1.44543977075e-05,1.44543977075e-05,1.44543977075e-05,1.44543977075e-05,1.44543977075e-05,1.44543977075e-05,1.44543977075e-05,1.44543977075e-05,1.44543977075e-05,1.44543977075e-05,5,Y6 Z9 X12,0.988777777778,0.00287189223447,0.988777777778,0.00287189223447
1.44543977075e-05,1.44543977075e-05,1.44543977075e-05,1.44543977075e-05,1.44543977075e-05,1.44543977075e-05,1.44543977075e-05,1.44543977075e-05,1.44543977075e-05,1.44543977075e-05,1.44543977075e-05,1.44543977075e-05,1.44543977075e-05,1.44543977075e-05,1.44543977075e-05,1.44543977075e-05,1.44543977075e-05,1.44543977075e-05,5,Z15 Y19 X24,0.989355555556,0.0030499460875,0.989355555556,0.0030499460875
1.44543977075e-05,1.44543977075e-05,1.44543977075e-05,1.44543977075e-05,1.44543977075e-05,1.44543977075e-05,1.44543977075e-05,1.44543977075e-05,1.44543977075e-05,1.44543977075e-05,1.44543977075e-05,1.44543977075e-05,1.44543977075e-05,1.44543977075e-05,1.44543977075e-05,1.44543977075e-05,1.44543977075e-05,1.44543977075e-05,5,Z3 Y5 X8,0.989466666667,0.00265745535532,0.989466666667,0.00265745535532
1.44543977075e-05,1.44543977075e-05,1.44543977075e-05,1.44543977075e-05,1.44543977075e-05,1.44543977075e-05,1.44543977075e-05,1.44543977075e-05,1.44543977075e-05,1.44543977075e-05,1.44543977075e-05,1.44543977075e-05,1.44543977075e-05,1.44543977075e-05,1.44543977075e-05,1.44543977075e-05,1.44543977075e-05,1.44543977075e-05,5,Z35 Y41 X48,0.988822222222,0.00243652496299,0.988822222222,0.00243652496299
1.44543977075e-05,1.44543977075e-05,1.44543977075e-05,1.44543977075e-05,1.44543977075e-05,1.44543977075e-05,1.44543977075e-05,1.44543977075e-05,1.44543977075e-05,1.44543977075e-05,1.44543977075e-05,1.44543977075e-05,1.44543977075e-05,1.44543977075e-05,1.44543977075e-05,1.44543977075e-05,1.44543977075e-05,1.44543977075e-05,5,Z63 Y71 X80,0.990177777778,0.00336278179561,0.990177777778,0.00336278179561
1.44543977075e-05,1.44543977075e-05,1.44543977075e-05,1.44543977075e-05,1.44543977075e-05,1.44543977075e-05,1.44543977075e-05,1.44543977075e-05,1.44543977075e-05,1.44543977075e-05,1.44543977075e-05,1.44543977075e-05,1.44543977075e-05,1.44543977075e-05,1.44543977075e-05,1.44543977075e-05,1.44543977075e-05,1.44543977075e-05,10,Logical X,0.994022222222,0.00244155175413,0.9942,0.00195073421682
1.44543977075e-05,1.44543977075e-05,1.44543977075e-05,1.44543977075e-05,1.44543977075e-05,1.44543977075e-05,1.44543977075e-05,1.44543977075e-05,1.44543977075e-05,1.44543977075e-05,1.44543977075e-05,1.44543977075e-05,1.44543977075e-05,1.44543977075e-05,1.44543977075e-05,1.44543977075e-05,1.44543977075e-05,1.44543977075e-05,10,Logical Y,0.0162,0.0118575840225,-0.00506666666667,0.0134723784405
1.44543977075e-05,1.44543977075e-05,1.44543977075e-05,1.44543977075e-05,1.44543977075e-05,1.44543977075e-05,1.44543977075e-05,1.44543977075e-05,1.44543977075e-05,1.44543977075e-05,1.44543977075e-05,1.44543977075e-05,1.44543977075e-05,1.44543977075e-05,1.44543977075e-05,1.44543977075e-05,1.44543977075e-05,1.44543977075e-05,10,Logical Z,0.0136888888889,0.00939671962543,-0.00264444444444,0.0207871779912
1.44543977075e-05,1.44543977075e-05,1.44543977075e-05,1.44543977075e-05,1.44543977075e-05,1.44543977075e-05,1.44543977075e-05,1.44543977075e-05,1.44543977075e-05,1.44543977075e-05,1.44543977075e-05,1.44543977075e-05,1.44543977075e-05,1.44543977075e-05,1.44543977075e-05,1.44543977075e-05,1.44543977075e-05,1.44543977075e-05,10,X0 X1,0.994177777778,0.00163236737407,0.994177777778,0.00163236737407
1.44543977075e-05,1.44543977075e-05,1.44543977075e-05,1.44543977075e-05,1.44543977075e-05,1.44543977075e-05,1.44543977075e-05,1.44543977075e-05,1.44543977075e-05,1.44543977075e-05,1.44543977075e-05,1.44543977075e-05,1.44543977075e-05,1.44543977075e-05,1.44543977075e-05,1.44543977075e-05,1.44543977075e-05,1.44543977075e-05,10,X1 Z2 Y3 Y4 Z5 X7,0.984022222222,0.00327761867268,0.984022222222,0.00327761867268
1.44543977075e-05,1.44543977075e-05,1.44543977075e-05,1.44543977075e-05,1.44543977075e-05,1.44543977075e-05,1.44543977075e-05,1.44543977075e-05,1.44543977075e-05,1.44543977075e-05,1.44543977075e-05,1.44543977075e-05,1.44543977075e-05,1.44543977075e-05,1.44543977075e-05,1.44543977075e-05,1.44543977075e-05,1.44543977075e-05,10,X10 Z13 Y14 Y17 Z18 X22,0.982444444444,0.00267431852362,0.982444444444,0.00267431852362
1.44543977075e-05,1.44543977075e-05,1.44543977075e-05,1.44543977075e-05,1.44543977075e-05,1.44543977075e-05,1.44543977075e-05,1.44543977075e-05,1.44543977075e-05,1.44543977075e-05,1.44543977075e-05,1.44543977075e-05,1.44543977075e-05,1.44543977075e-05,1.44543977075e-05,1.44543977075e-05,1.44543977075e-05,1.44543977075e-05,10,X100 Z107 Y108 Y114 Z115 X121,0.983133333333,0.00340902565826,0.983133333333,0.00340902565826
1.44543977075e-05,1.44543977075e-05,1.44543977075e-05,1.44543977075e-05,1.44543977075e-05,1.44543977075e-05,1.44543977075e-05,1.44543977075e-05,1.44543977075e-05,1.44543977075e-05,1.44543977075e-05,1.44543977075e-05,1.44543977075e-05,1.44543977075e-05,1.44543977075e-05,1.44543977075e-05,1.44543977075e-05,1.44543977075e-05,10,X101 Z108 Y109 Y115 Z116 X122,0.9832,0.00301922321339,0.9832,0.00301922321339
1.44543977075e-05,1.44543977075e-05,1.44543977075e-05,1.44543977075e-05,1.44543977075e-05,1.44543977075e-05,1.44543977075e-05,1.44543977075e-05,1.44543977075e-05,1.44543977075e-05,1.44543977075e-05,1.44543977075e-05,1.44543977075e-05,1.44543977075e-05,1.44543977075e-05,1.44543977075e-05,1.44543977075e-05,1.44543977075e-05,10,X102 Z109 Y110 Y116 Z117 X123,0.983622222222,0.00306598359876,0.983622222222,0.00306598359876
1.44543977075e-05,1.44543977075e-05,1.44543977075e-05,1.44543977075e-05,1.44543977075e-05,1.44543977075e-05,1.44543977075e-05,1.44543977075e-05,1.44543977075e-05,1.44543977075e-05,1.44543977075e-05,1.44543977075e-05,1.44543977075e-05,1.44543977075e-05,1.44543977075e-05,1.44543977075e-05,1.44543977075e-05,1.44543977075e-05,10,X103 Z110 Y111 Y117 Z118 X124,0.982888888889,0.00275893995598,0.982888888889,0.00275893995598
1.44543977075e-05,1.44543977075e-05,1.44543977075e-05,1.44543977075e-05,1.44543977075e-05,1.44543977075e-05,1.44543977075e-05,1.44543977075e-05,1.44543977075e-05,1.44543977075e-05,1.44543977075e-05,1.44543977075e-05,1.44543977075e-05,1.44543977075e-05,1.44543977075e-05,1.44543977075e-05,1.44543977075e-05,1.44543977075e-05,10,X104 Z111 Y112 Y118 Z119 X125,0.981511111111,0.00337188435253,0.981511111111,0.00337188435253
1.44543977075e-05,1.44543977075e-05,1.44543977075e-05,1.44543977075e-05,1.44543977075e-05,1.44543977075e-05,1.44543977075e-05,1.44543977075e-05,1.44543977075e-05,1.44543977075e-05,1.44543977075e-05,1.44543977075e-05,1.44543977075e-05,1.44543977075e-05,1.44543977075e-05,1.44543977075e-05,1.44543977075e-05,1.44543977075e-05,10,X105 Z112 Y119,0.988377777778,0.00267632351092,0.988377777778,0.00267632351092
1.44543977075e-05,1.44543977075e-05,1.44543977075e-05,1.44543977075e-05,1.44543977075e-05,1.44543977075e-05,1.44543977075e-05,1.44543977075e-05,1.44543977075e-05,1.44543977075e-05,1.44543977075e-05,1.44543977075e-05,1.44543977075e-05,1.44543977075e-05,1.44543977075e-05,1.44543977075e-05,1.44543977075e-05,1.44543977075e-05,10,X106 X113,0.994577777778,0.00161158006123,0.994577777778,0.00161158006123
1.44543977075e-05,1.44543977075e-05,1.44543977075e-05,1.44543977075e-05,1.44543977075e-05,1.44543977075e-05,1.44543977075e-05,1.44543977075e-05,1.44543977075e-05,1.44543977075e-05,1.44543977075e-05,1.44543977075e-05,1.44543977075e-05,1.44543977075e-05,1.44543977075e-05,1.44543977075e-05,1.44543977075e-05,1.44543977075e-05,10,X107 X114,0.994377777778,0.00185846583896,0.994377777778,0.00185846583896
1.44543977075e-05,1.44543977075e-05,1.44543977075e-05,1.44543977075e-05,1.44543977075e-05,1.44543977075e-05,1.44543977075e-05,1.44543977075e-05,1.44543977075e-05,1.44543977075e-05,1.44543977075e-05,1.44543977075e-05,1.44543977075e-05,1.44543977075e-05,1.44543977075e-05,1.44543977075e-05,1.44543977075e-05,1.44543977075e-05,10,X108 X115,0.994977777778,0.00180024122124,0.994977777778,0.00180024122124
1.44543977075e-05,1.44543977075e-05,1.44543977075e-05,1.44543977075e-05,1.44543977075e-05,1.44543977075e-05,1.44543977075e-05,1.44543977075e-05,1.44543977075e-05,1.44543977075e-05,1.44543977075e-05,1.44543977075e-05,1.44543977075e-05,1.44543977075e-05,1.44543977075e-05,1.44543977075e-05,1.44543977075e-05,1.44543977075e-05,10,X109 X116,0.993911111111,0.00219880380809,0.993911111111,0.00219880380809
1.44543977075e-05,1.44543977075e-05,1.44543977075e-05,1.44543977075e-05,1.44543977075e-05,1.44543977075e-05,1.44543977075e-05,1.44543977075e-05,1.44543977075e-05,1.44543977075e-05,1.44543977075e-05,1.44543977075e-05,1.44543977075e-05,1.44543977075e-05,1.44543977075e-05,1.44543977075e-05,1.44543977075e-05,1.44543977075e-05,10,X11 Z14 Y15 Y18 Z19 X23,0.983022222222,0.00408242033737,0.983022222222,0.00408242033737
1.44543977075e-05,1.44543977075e-05,1.44543977075e-05,1.44543977075e-05,1.44543977075e-05,1.44543977075e-05,1.44543977075e-05,1.44543977075e-05,1.44543977075e-05,1.44543977075e-05,1.44543977075e-05,1.44543977075e-05,1.44543977075e-05,1.44543977075e-05,1.44543977075e-05,1.44543977075e-05,1.44543977075e-05,1.44543977075e-05,10,X110 X117,0.994622222222,0.00193324084863,0.994622222222,0.00193324084863
1.44543977075e-05,1.44543977075e-05,1.44543977075e-05,1.44543977075e-05,1.44543977075e-05,1.44543977075e-05,1.44543977075e-05,1.44543977075e-05,1.44543977075e-05,1.44543977075e-05,1.44543977075e-05,1.44543977075e-05,1.44543977075e-05,1.44543977075e-05,1.44543977075e-05,1.44543977075e-05,1.44543977075e-05,1.44543977075e-05,10,X111 X118,0.994311111111,0.00159244705147,0.994311111111,0.00159244705147
1.44543977075e-05,1.44543977075e-05,1.44543977075e-05,1.44543977075e-05,1.44543977075e-05,1.44543977075e-05,1.44543977075e-05,1.44543977075e-05,1.44543977075e-05,1.44543977075e-05,1.44543977075e-05,1.44543977075e-05,1.44543977075e-05,1.44543977075e-05,1.44543977075e-05,1.44543977075e-05,1.44543977075e-05,1.44543977075e-05,10,X112 X119,0.993933333333,0.00177983597333,0.993933333333,0.00177983597333
1.44543977075e-05,1.44543977075e-05,1.44543977075e-05,1.44543977075e-05,1.44543977075e-05,1.44543977075e-05,1.44543977075e-05,1.44543977075e-05,1.44543977075e-05,1.44543977075e-05,1.44543977075e-05,1.44543977075e-05,1.44543977075e-05,1.44543977075e-05,1.44543977075e-05,1.44543977075e-05,1.44543977075e-05,1.44543977075e-05,10,X113 Y120 Z126,0.989977777778,0.00214052905218,0.989977777778,0.00214052905218
1.44543977075e-05,1.44543977075e-05,1.44543977075e-05,1.44543977075e-05,1.44543977075e-05,1.44543977075e-05,1.44543977075e-05,1.44543977075e-05,1.44543977075e-05,1.44543977075e-05,1.44543977075e-05,1.44543977075e-05,1.44543977075e-05,1.44543977075e-05,1.44543977075e-05,1.44543977075e-05,1.44543977075e-05,1.44543977075e-05,10,X114 Z120 Y121 Y126 Z127 X132,0.982333333333,0.00335738449561,0.982333333333,0.00335738449561
1.44543977075e-05,1.44543977075e-05,1.44543977075e-05,1.44543977075e-05,1.44543977075e-05,1.44543977075e-05,1.44543977075e-05,1.44543977075e-05,1.44543977075e-05,1.44543977075e-05,1.44543977075e-05,1.44543977075e-05,1.44543977075e-05,1.44543977075e-05,1.44543977075e-05,1.44543977075e-05,1.44543977075e-05,1.44543977075e-05,10,X115 Z121 Y122 Y127 Z128 X133,0.983488888889,0.00346933289748,0.983488888889,0.00346933289748
1.44543977075e-05,1.44543977075e-05,1.44543977075e-05,1.44543977075e-05,1.44543977075e-05,1.44543977075e-05,1.44543977075e-05,1.44543977075e-05,1.44543977075e-05,1.44543977075e-05,1.44543977075e-05,1.44543977075e-05,1.44543977075e-05,1.44543977075e-05,1.44543977075e-05,1.44543977075e-05,1.44543977075e-05,1.44543977075e-05,10,X116 Z122 Y123 Y128 Z129 X134,0.981422222222,0.00367963571966,0.981422222222,0.00367963571966
1.44543977075e-05,1.44543977075e-05,1.44543977075e-05,1.44543977075e-05,1.44543977075e-05,1.44543977075e-05,1.44543977075e-05,1.44543977075e-05,1.44543977075e-05,1.44543977075e-05,1.44543977075e-05,1.44543977075e-05,1.44543977075e-05,1.44543977075e-05,1.44543977075e-05,1.44543977075e-05,1.44543977075e-05,1.44543977075e-05,10,X117 Z123 Y124 Y129 Z130 X135,0.983844444444,0.00335251187733,0.983844444444,0.00335251187733
1.44543977075e-05,1.44543977075e-05,1.44543977075e-05,1.44543977075e-05,1.44543977075e-05,1.44543977075e-05,1.44543977075e-05,1.44543977075e-05,1.44543977075e-05,1.44543977075e-05,1.44543977075e-05,1.44543977075e-05,1.44543977075e-05,1.44543977075e-05,1.44543977075e-05,1.44543977075e-05,1.44543977075e-05,1.44543977075e-05,10,X118 Z124 Y125 Y130 Z131 X136,0.983022222222,0.00318874136922,0.983022222222,0.00318874136922
1.44543977075e-05,1.44543977075e-05,1.44543977075e-05,1.44543977075e-05,1.44543977075e-05,1.44543977075e-05,1.44543977075e-05,1.44543977075e-05,1.44543977075e-05,1.44543977075e-05,1.44543977075e-05,1.44543977075e-05,1.44543977075e-05,1.44543977075e-05,1.44543977075e-05,1.44543977075e-05,1.44543977075e-05,1.44543977075e-05,10,X12 X16,0.994088888889,0.00185887811371,0.994088888889,0.00185887811371
1.44543977075e-05,1.44543977075e-05,1.44543977075e-05,1.44543977075e-05,1.44543977075e-05,1.44543977075e-05,1.44543977075e-05,1.44543977075e-05,1.44543977075e-05,1.44543977075e-05,1.44543977075e-05,1.44543977075e-05,1.44543977075e-05,1.44543977075e-05,1.44543977075e-05,1.44543977075e-05,1.44543977075e-05,1.44543977075e-05,10,X120 X126,0.994111111111,0.00208687438526,0.994111111111,0.00208687438526
1.44543977075e-05,1.44543977075e-05,1.44543977075e-05,1.44543977075e-05,1.44543977075e-05,1.44543977075e-05,1.44543977075e-05,1.44543977075e-05,1.44543977075e-05,1.44543977075e-05,1.44543977075e-05,1.44543977075e-05,1.44543977075e-05,1.44543977075e-05,1.44543977075e-05,1.44543977075e-05,1.44543977075e-05,1.44543977075e-05,10,X121 X127,0.993755555556,0.00175497832307,0.993755555556,0.00175497832307
1.44543977075e-05,1.44543977075e-05,1.44543977075e-05,1.44543977075e-05,1.44543977075e-05,1.44543977075e-05,1.44543977075e-05,1.44543977075e-05,1.44543977075e-05,1.44543977075e-05,1.44543977075e-05,1.44543977075e-05,1.44543977075e-05,1.44543977075e-05,1.44543977075e-05,1.44543977075e-05,1.44543977075e-05,1.44543977075e-05,10,X122 X128,0.994555555556,0.00171612441683,0.994555555556,0.00171612441683
1.44543977075e-05,1.44543977075e-05,1.44543977075e-05,1.44543977075e-05,1.44543977075e-05,1.44543977075e-05,1.44543977075e-05,1.44543977075e-05,1.44543977075e-05,1.44543977075e-05,1.44543977075e-05,1.44543977075e-05,1.44543977075e-05,1.44543977075e-05,1.44543977075e-05,1.44543977075e-05,1.44543977075e-05,1.44543977075e-05,10,X123 X129,0.994244444444,0.00159003923741,0.994244444444,0.00159003923741
1.44543977075e-05,1.44543977075e-05,1.44543977075e-05,1.44543977075e-05,1.44543977075e-05,1.44543977075e-05,1.44543977075e-05,1.44543977075e-05,1.44543977075e-05,1.44543977075e-05,1.44543977075e-05,1.44543977075e-05,1.44543977075e-05,1.44543977075e-05,1.44543977075e-05,1.44543977075e-05,1.44543977075e-05,1.44543977075e-05,10,X124 X130,0.994222222222,0.00202916160203,0.994222222222,0.00202916160203
1.44543977075e-05,1.44543977075e-05,1.44543977075e-05,1.44543977075e-05,1.44543977075e-05,1.44543977075e-05,1.44543977075e-05,1.44543977075e-05,1.44543977075e-05,1.44543977075e-05,1.44543977075e-05,1.44543977075e-05,1.44543977075e-05,1.44543977075e-05,1.44543977075e-05,1.44543977075e-05,1.44543977075e-05,1.44543977075e-05,10,X125 X131,0.994266666667,0.00188236421002,0.994266666667,0.00188236421002
1.44543977075e-05,1.44543977075e-05,1.44543977075e-05,1.44543977075e-05,1.44543977075e-05,1.44543977075e-05,1.44543977075e-05,1.44543977075e-05,1.44543977075e-05,1.44543977075e-05,1.44543977075e-05,1.44543977075e-05,1.44543977075e-05,1.44543977075e-05,1.44543977075e-05,1.44543977075e-05,1.44543977075e-05,1.44543977075e-05,10,X127 Z132 Y133 Y137 Z138 X142,0.982733333333,0.00386496197064,0.982733333333,0.00386496197064
1.44543977075e-05,1.44543977075e-05,1.44543977075e-05,1.44543977075e-05,1.44543977075e-05,1.44543977075e-05,1.44543977075e-05,1.44543977075e-05,1.44543977075e-05,1.44543977075e-05,1.44543977075e-05,1.44543977075e-05,1.44543977075e-05,1.44543977075e-05,1.44543977075e-05,1.44543977075e-05,1.44543977075e-05,1.44543977075e-05,10,X128 Z133 Y134 Y138 Z139 X143,0.982755555556,0.00352216118491,0.982755555556,0.00352216118491
1.44543977075e-05,1.44543977075e-05,1.44543977075e-05,1.44543977075e-05,1.44543977075e-05,1.44543977075e-05,1.44543977075e-05,1.44543977075e-05,1.44543977075e-05,1.44543977075e-05,1.44543977075e-05,1.44543977075e-05,1.44543977075e-05,1.44543977075e-05,1.44543977075e-05,1.44543977075e-05,1.44543977075e-05,1.44543977075e-05,10,X129 Z134 Y135 Y139 Z140 X144,0.982222222222,0.00283023269603,0.982222222222,0.00283023269603
1.44543977075e-05,1.44543977075e-05,1.44543977075e-05,1.44543977075e-05,1.44543977075e-05,1.44543977075e-05,1.44543977075e-05,1.44543977075e-05,1.44543977075e-05,1.44543977075e-05,1.44543977075e-05,1.44543977075e-05,1.44543977075e-05,1.44543977075e-05,1.44543977075e-05,1.44543977075e-05,1.44543977075e-05,1.44543977075e-05,10,X13 X17,0.994777777778,0.00201209624271,0.994777777778,0.00201209624271
1.44543977075e-05,1.44543977075e-05,1.44543977075e-05,1.44543977075e-05,1.44543977075e-05,1.44543977075e-05,1.44543977075e-05,1.44543977075e-05,1.44543977075e-05,1.44543977075e-05,1.44543977075e-05,1.44543977075e-05,1.44543977075e-05,1.44543977075e-05,1.44543977075e-05,1.44543977075e-05,1.44543977075e-05,1.44543977075e-05,10,X130 Z135 Y136 Y140 Z141 X145,0.982644444444,0.0027928937373,0.982644444444,0.0027928937373
1.44543977075e-05,1.44543977075e-05,1.44543977075e-05,1.44543977075e-05,1.44543977075e-05,1.44543977075e-05,1.44543977075e-05,1.44543977075e-05,1.44543977075e-05,1.44543977075e-05,1.44543977075e-05,1.44543977075e-05,1.44543977075e-05,1.44543977075e-05,1.44543977075e-05,1.44543977075e-05,1.44543977075e-05,1.44543977075e-05,10,X131 Z136 Y141,0.989044444444,0.00273858947016,0.989044444444,0.00273858947016
1.44543977075e-05,1.44543977075e-05,1.44543977075e-05,1.44543977075e-05,1.44543977075e-05,1.44543977075e-05,1.44543977075e-05,1.44543977075e-05,1.44543977075e-05,1.44543977075e-05,1.44543977075e-05,1.44543977075e-05,1.44543977075e-05,1.44543977075e-05,1.44543977075e-05,1.44543977075e-05,1.44543977075e-05,1.44543977075e-05,10,X132 X137,0.993511111111,0.00240646213881,0.993511111111,0.00240646213881
1.44543977075e-05,1.44543977075e-05,1.44543977075e-05,1.44543977075e-05,1.44543977075e-05,1.44543977075e-05,1.44543977075e-05,1.44543977075e-05,1.44543977075e-05,1.44543977075e-05,1.44543977075e-05,1.44543977075e-05,1.44543977075e-05,1.44543977075e-05,1.44543977075e-05,1.44543977075e-05,1.44543977075e-05,1.44543977075e-05,10,X133 X138,0.994288888889,0.00214910358811,0.994288888889,0.00214910358811
1.44543977075e-05,1.44543977075e-05,1.44543977075e-05,1.44543977075e-05,1.44543977075e-05,1.44543977075e-05,1.44543977075e-05,1.44543977075e-05,1.44543977075e-05,1.44543977075e-05,1.44543977075e-05,1.44543977075e-05,1.44543977075e-05,1.44543977075e-05,1.44543977075e-05,1.44543977075e-05,1.44543977075e-05,1.44543977075e-05,10,X134 X139,0.994333333333,0.00212808261874,0.994333333333,0.00212808261874
1.44543977075e-05,1.44543977075e-05,1.44543977075e-05,1.44543977075e-05,1.44543977075e-05,1.44543977075e-05,1.44543977075e-05,1.44543977075e-05,1.44543977075e-05,1.44543977075e-05,1.44543977075e-05,1.44543977075e-05,1.44543977075e-05,1.44543977075e-05,1.44543977075e-05,1.44543977075e-05,1.44543977075e-05,1.44543977075e-05,10,X135 X140,0.993955555556,0.00175890364087,0.993955555556,0.00175890364087
1.44543977075e-05,1.44543977075e-05,1.44543977075e-05,1.44543977075e-05,1.44543977075e-05,1.44543977075e-05,1.44543977075e-05,1.44543977075e-05,1.44543977075e-05,1.44543977075e-05,1.44543977075e-05,1.44543977075e-05,1.44543977075e-05,1.44543977075e-05,1.44543977075e-05,1.44543977075e-05,1.44543977075e-05,1.44543977075e-05,10,X136 X141,0.994533333333,0.00158923582205,0.994533333333,0.00158923582205
1.44543977075e-05,1.44543977075e-05,1.44543977075e-05,1.44543977075e-05,1.44543977075e-05,1.44543977075e-05,1.44543977075e-05,1.44543977075e-05,1.44543977075e-05,1.44543977075e-05,1.44543977075e-05,1.44543977075e-05,1.44543977075e-05,1.44543977075e-05,1.44543977075e-05,1.44543977075e-05,1.44543977075e-05,1.44543977075e-05,10,X137 Y142 Z146,0.9898,0.00277454217686,0.9898,0.00277454217686
1.44543977075e-05,1.44543977075e-05,1.44543977075e-05,1.44543977075e-05,1.44543977075e-05,1.44543977075e-05,1.44543977075e-05,1.44543977075e-05,1.44543977075e-05,1.44543977075e-05,1.44543977075e-05,1.44543977075e-05,1.44543977075e-05,1.44543977075e-05,1.44543977075e-05,1.44543977075e-05,1.44543977075e-05,1.44543977075e-05,10,X138 Z142 Y143 Y146 Z147 X150,0.981822222222,0.00310201187136,0.981822222222,0.00310201187136
1.44543977075e-05,1.44543977075e-05,1.44543977075e-05,1.44543977075e-05,1.44543977075e-05,1.44543977075e-05,1.44543977075e-05,1.44543977075e-05,1.44543977075e-05,1.44543977075e-05,1.44543977075e-05,1.44543977075e-05,1.44543977075e-05,1.44543977075e-05,1.44543977075e-05,1.44543977075e-05,1.44543977075e-05,1.44543977075e-05,10,X139 Z143 Y144 Y147 Z148 X151,0.983222222222,0.00289845160583,0.983222222222,0.00289845160583
1.44543977075e-05,1.44543977075e-05,1.44543977075e-05,1.44543977075e-05,1.44543977075e-05,1.44543977075e-05,1.44543977075e-05,1.44543977075e-05,1.44543977075e-05,1.44543977075e-05,1.44543977075e-05,1.44543977075e-05,1.44543977075e-05,1.44543977075e-05,1.44543977075e-05,1.44543977075e-05,1.44543977075e-05,1.44543977075e-05,10,X14 X18,0.993933333333,0.00166413600977,0.993933333333,0.00166413600977
1.44543977075e-05,1.44543977075e-05,1.44543977075e-05,1.44543977075e-05,1.44543977075e-05,1.44543977075e-05,1.44543977075e-05,1.44543977075e-05,1.44543977075e-05,1.44543977075e-05,1.44543977075e-05,1.44543977075e-05,1.44543977075e-05,1.44543977075e-05,1.44543977075e-05,1.44543977075e-05,1.44543977075e-05,1.44543977075e-05,10,X140 Z144 Y145 Y148 Z149 X152,0.984133333333,0.00321586107475,0.984133333333,0.00321586107475
1.44543977075e-05,1.44543977075e-05,1.44543977075e-05,1.44543977075e-05,1.44543977075e-05,1.44543977075e-05,1.44543977075e-05,1.44543977075e-05,1.44543977075e-05,1.44543977075e-05,1.44543977075e-05,1.44543977075e-05,1.44543977075e-05,1.44543977075e-05,1.44543977075e-05,1.44543977075e-05,1.44543977075e-05,1.44543977075e-05,10,X142 X146,0.994733333333,0.00142608431556,0.994733333333,0.00142608431556
1.44543977075e-05,1.44543977075e-05,1.44543977075e-05,1.44543977075e-05,1.44543977075e-05,1.44543977075e-05,1.44543977075e-05,1.44543977075e-05,1.44543977075e-05,1.44543977075e-05,1.44543977075e-05,1.44543977075e-05,1.44543977075e-05,1.44543977075e-05,1.44543977075e-05,1.44543977075e-05,1.44543977075e-05,1.44543977075e-05,10,X143 X147,0.994577777778,0.00243683944123,0.994577777778,0.00243683944123
1.44543977075e-05,1.44543977075e-05,1.44543977075e-05,1.44543977075e-05,1.44543977075e-05,1.44543977075e-05,1.44543977075e-05,1.44543977075e-05,1.44543977075e-05,1.44543977075e-05,1.44543977075e-05,1.44543977075e-05,1.44543977075e-05,1.44543977075e-05,1.44543977075e-05,1.44543977075e-05,1.44543977075e-05,1.44543977075e-05,10,X144 X148,0.994377777778,0.00239848824248,0.994377777778,0.00239848824248
1.44543977075e-05,1.44543977075e-05,1.44543977075e-05,1.44543977075e-05,1.44543977075e-05,1.44543977075e-05,1.44543977075e-05,1.44543977075e-05,1.44543977075e-05,1.44543977075e-05,1.44543977075e-05,1.44543977075e-05,1.44543977075e-05,1.44543977075e-05,1.44543977075e-05,1.44543977075e-05,1.44543977075e-05,1.44543977075e-05,10,X145 X149,0.994666666667,0.00175948442466,0.994666666667,0.00175948442466
1.44543977075e-05,1.44543977075e-05,1.44543977075e-05,1.44543977075e-05,1.44543977075e-05,1.44543977075e-05,1.44543977075e-05,1.44543977075e-05,1.44543977075e-05,1.44543977075e-05,1.44543977075e-05,1.44543977075e-05,1.44543977075e-05,1.44543977075e-05,1.44543977075e-05,1.44543977075e-05,1.44543977075e-05,1.44543977075e-05,10,X147 Z150 Y151 Y153 Z154 X156,0.9836,0.00386595316445,0.9836,0.00386595316445
1.44543977075e-05,1.44543977075e-05,1.44543977075e-05,1.44543977075e-05,1.44543977075e-05,1.44543977075e-05,1.44543977075e-05,1.44543977075e-05,1.44543977075e-05,1.44543977075e-05,1.44543977075e-05,1.44543977075e-05,1.44543977075e-05,1.44543977075e-05,1.44543977075e-05,1.44543977075e-05,1.44543977075e-05,1.44543977075e-05,10,X148 Z151 Y152 Y154 Z155 X157,0.982488888889,0.00269487001419,0.982488888889,0.00269487001419
1.44543977075e-05,1.44543977075e-05,1.44543977075e-05,1.44543977075e-05,1.44543977075e-05,1.44543977075e-05,1.44543977075e-05,1.44543977075e-05,1.44543977075e-05,1.44543977075e-05,1.44543977075e-05,1.44543977075e-05,1.44543977075e-05,1.44543977075e-05,1.44543977075e-05,1.44543977075e-05,1.44543977075e-05,1.44543977075e-05,10,X149 Z152 Y155,0.989733333333,0.00304550419232,0.989733333333,0.00304550419232
1.44543977075e-05,1.44543977075e-05,1.44543977075e-05,1.44543977075e-05,1.44543977075e-05,1.44543977075e-05,1.44543977075e-05,1.44543977075e-05,1.44543977075e-05,1.44543977075e-05,1.44543977075e-05,1.44543977075e-05,1.44543977075e-05,1.44543977075e-05,1.44543977075e-05,1.44543977075e-05,1.44543977075e-05,1.44543977075e-05,10,X15 X19,0.994333333333,0.00221973040371,0.994333333333,0.00221973040371
1.44543977075e-05,1.44543977075e-05,1.44543977075e-05,1.44543977075e-05,1.44543977075e-05,1.44543977075e-05,1.44543977075e-05,1.44543977075e-05,1.44543977075e-05,1.44543977075e-05,1.44543977075e-05,1.44543977075e-05,1.44543977075e-05,1.44543977075e-05,1.44543977075e-05,1.44543977075e-05,1.44543977075e-05,1.44543977075e-05,10,X150 X153,0.994044444444,0.00188507616101,0.994044444444,0.00188507616101
1.44543977075e-05,1.44543977075e-05,1.44543977075e-05,1.44543977075e-05,1.44543977075e-05,1.44543977075e-05,1.44543977075e-05,1.44543977075e-05,1.44543977075e-05,1.44543977075e-05,1.44543977075e-05,1.44543977075e-05,1.44543977075e-05,1.44543977075e-05,1.44543977075e-05,1.44543977075e-05,1.44543977075e-05,1.44543977075e-05,10,X151 X154,0.994822222222,0.00190730262952,0.994822222222,0.00190730262952
1.44543977075e-05,1.44543977075e-05,1.44543977075e-05,1.44543977075e-05,1.44543977075e-05,1.44543977075e-05,1.44543977075e-05,1.44543977075e-05,1.44543977075e-05,1.44543977075e-05,1.44543977075e-05,1.44543977075e-05,1.44543977075e-05,1.44543977075e-05,1.44543977075e-05,1.44543977075e-05,1.44543977075e-05,1.44543977075e-05,10,X152 X155,0.993911111111,0.00209164243395,0.993911111111,0.00209164243395
1.44543977075e-05,1.44543977075e-05,1.44543977075e-05,1.44543977075e-05,1.44543977075e-05,1.44543977075e-05,1.44543977075e-05,1.44543977075e-05,1.44543977075e-05,1.44543977075e-05,1.44543977075e-05,1.44543977075e-05,1.44543977075e-05,1.44543977075e-05,1.44543977075e-05,1.44543977075e-05,1.44543977075e-05,1.44543977075e-05,10,X153 Y156 Z158,0.988866666667,0.00245823348716,0.988866666667,0.00245823348716
1.44543977075e-05,1.44543977075e-05,1.44543977075e-05,1.44543977075e-05,1.44543977075e-05,1.44543977075e-05,1.44543977075e-05,1.44543977075e-05,1.44543977075e-05,1.44543977075e-05,1.44543977075e-05,1.44543977075e-05,1.44543977075e-05,1.44543977075e-05,1.44543977075e-05,1.44543977075e-05,1.44543977075e-05,1.44543977075e-05,10,X154 Z156 Y157 Y158 Z159 X160,0.982777777778,0.00328509152218,0.982777777778,0.00328509152218
1.44543977075e-05,1.44543977075e-05,1.44543977075e-05,1.44543977075e-05,1.44543977075e-05,1.44543977075e-05,1.44543977075e-05,1.44543977075e-05,1.44543977075e-05,1.44543977075e-05,1.44543977075e-05,1.44543977075e-05,1.44543977075e-05,1.44543977075e-05,1.44543977075e-05,1.44543977075e-05,1.44543977075e-05,1.44543977075e-05,10,X156 X158,0.994933333333,0.00135159902463,0.994933333333,0.00135159902463
1.44543977075e-05,1.44543977075e-05,1.44543977075e-05,1.44543977075e-05,1.44543977075e-05,1.44543977075e-05,1.44543977075e-05,1.44543977075e-05,1.44543977075e-05,1.44543977075e-05,1.44543977075e-05,1.44543977075e-05,1.44543977075e-05,1.44543977075e-05,1.44543977075e-05,1.44543977075e-05,1.44543977075e-05,1.44543977075e-05,10,X157 X159,0.994288888889,0.0023920899875,0.994288888889,0.0023920899875
1.44543977075e-05,1.44543977075e-05,1.44543977075e-05,1.44543977075e-05,1.44543977075e-05,1.44543977075e-05,1.44543977075e-05,1.44543977075e-05,1.44543977075e-05,1.44543977075e-05,1.44543977075e-05,1.44543977075e-05,1.44543977075e-05,1.44543977075e-05,1.44543977075e-05,1.44543977075e-05,1.44543977075e-05,1.44543977075e-05,10,X159 Z160 Y161,0.988444444444,0.00323928630015,0.988444444444,0.00323928630015
1.44543977075e-05,1.44543977075e-05,1.44543977075e-05,1.44543977075e-05,1.44543977075e-05,1.44543977075e-05,1.44543977075e-05,1.44543977075e-05,1.44543977075e-05,1.44543977075e-05,1.44543977075e-05,1.44543977075e-05,1.44543977075e-05,1.44543977075e-05,1.44543977075e-05,1.44543977075e-05,1.44543977075e-05,1.44543977075e-05,10,X16 Z20 Y21 Y25 Z26 X31,0.983488888889,0.00300540169293,0.983488888889,0.00300540169293
1.44543977075e-05,1.44543977075e-05,1.44543977075e-05,1.44543977075e-05,1.44543977075e-05,1.44543977075e-05,1.44543977075e-05,1.44543977075e-05,1.44543977075e-05,1.44543977075e-05,1.44543977075e-05,1.44543977075e-05,1.44543977075e-05,1.44543977075e-05,1.44543977075e-05,1.44543977075e-05,1.44543977075e-05,1.44543977075e-05,10,X160 X161,0.9948,0.00184785264212,0.9948,0.00184785264212
1.44543977075e-05,1.44543977075e-05,1.44543977075e-05,1.44543977075e-05,1.44543977075e-05,1.44543977075e-05,1.44543977075e-05,1.44543977075e-05,1.44543977075e-05,1.44543977075e-05,1.44543977075e-05,1.44543977075e-05,1.44543977075e-05,1.44543977075e-05,1.44543977075e-05,1.44543977075e-05,1.44543977075e-05,1.44543977075e-05,10,X17 Z21 Y22 Y26 Z27 X32,0.983,0.00226754546859,0.983,0.00226754546859
1.44543977075e-05,1.44543977075e-05,1.44543977075e-05,1.44543977075e-05,1.44543977075e-05,1.44543977075e-05,1.44543977075e-05,1.44543977075e-05,1.44543977075e-05,1.44543977075e-05,1.44543977075e-05,1.44543977075e-05,1.44543977075e-05,1.44543977075e-05,1.44543977075e-05,1.44543977075e-05,1.44543977075e-05,1.44543977075e-05,10,X18 Z22 Y23 Y27 Z28 X33,0.982066666667,0.00274231772656,0.982066666667,0.00274231772656
1.44543977075e-05,1.44543977075e-05,1.44543977075e-05,1.44543977075e-05,1.44543977075e-05,1.44543977075e-05,1.44543977075e-05,1.44543977075e-05,1.44543977075e-05,1.44543977075e-05,1.44543977075e-05,1.44543977075e-05,1.44543977075e-05,1.44543977075e-05,1.44543977075e-05,1.44543977075e-05,1.44543977075e-05,1.44543977075e-05,10,X19 Z23 Y24 Y28 Z29 X34,0.983933333333,0.00245948005595,0.983933333333,0.00245948005595
1.44543977075e-05,1.44543977075e-05,1.44543977075e-05,1.44543977075e-05,1.44543977075e-05,1.44543977075e-05,1.44543977075e-05,1.44543977075e-05,1.44543977075e-05,1.44543977075e-05,1.44543977075e-05,1.44543977075e-05,1.44543977075e-05,1.44543977075e-05,1.44543977075e-05,1.44543977075e-05,1.44543977075e-05,1.44543977075e-05,10,X2 X4,0.994044444444,0.00210770041081,0.994044444444,0.00210770041081
1.44543977075e-05,1.44543977075e-05,1.44543977075e-05,1.44543977075e-05,1.44543977075e-05,1.44543977075e-05,1.44543977075e-05,1.44543977075e-05,1.44543977075e-05,1.44543977075e-05,1.44543977075e-05,1.44543977075e-05,1.44543977075e-05,1.44543977075e-05,1.44543977075e-05,1.44543977075e-05,1.44543977075e-05,1.44543977075e-05,10,X20 X25,0.994688888889,0.00169274614974,0.994688888889,0.00169274614974
1.44543977075e-05,1.44543977075e-05,1.44543977075e-05,1.44543977075e-05,1.44543977075e-05,1.44543977075e-05,1.44543977075e-05,1.44543977075e-05,1.44543977075e-05,1.44543977075e-05,1.44543977075e-05,1.44543977075e-05,1.44543977075e-05,1.44543977075e-05,1.44543977075e-05,1.44543977075e-05,1.44543977075e-05,1.44543977075e-05,10,X21 X26,0.994777777778,0.00200446500317,0.994777777778,0.00200446500317
1.44543977075e-05,1.44543977075e-05,1.44543977075e-05,1.44543977075e-05,1.44543977075e-05,1.44543977075e-05,1.44543977075e-05,1.44543977075e-05,1.44543977075e-05,1.44543977075e-05,1.44543977075e-05,1.44543977075e-05,1.44543977075e-05,1.44543977075e-05,1.44543977075e-05,1.44543977075e-05,1.44543977075e-05,1.44543977075e-05,10,X22 X27,0.994355555556,0.00216367314571,0.994355555556,0.00216367314571
1.44543977075e-05,1.44543977075e-05,1.44543977075e-05,1.44543977075e-05,1.44543977075e-05,1.44543977075e-05,1.44543977075e-05,1.44543977075e-05,1.44543977075e-05,1.44543977075e-05,1.44543977075e-05,1.44543977075e-05,1.44543977075e-05,1.44543977075e-05,1.44543977075e-05,1.44543977075e-05,1.44543977075e-05,1.44543977075e-05,10,X23 X28,0.994777777778,0.0015271071325,0.994777777778,0.0015271071325
1.44543977075e-05,1.44543977075e-05,1.44543977075e-05,1.44543977075e-05,1.44543977075e-05,1.44543977075e-05,1.44543977075e-05,1.44543977075e-05,1.44543977075e-05,1.44543977075e-05,1.44543977075e-05,1.44543977075e-05,1.44543977075e-05,1.44543977075e-05,1.44543977075e-05,1.44543977075e-05,1.44543977075e-05,1.44543977075e-05,10,X24 X29,0.995333333333,0.00152627059059,0.995333333333,0.00152627059059
1.44543977075e-05,1.44543977075e-05,1.44543977075e-05,1.44543977075e-05,1.44543977075e-05,1.44543977075e-05,1.44543977075e-05,1.44543977075e-05,1.44543977075e-05,1.44543977075e-05,1.44543977075e-05,1.44543977075e-05,1.44543977075e-05,1.44543977075e-05,1.44543977075e-05,1.44543977075e-05,1.44543977075e-05,1.44543977075e-05,10,X25 Z30 Y31 Y36 Z37 X43,0.983733333333,0.00275486334156,0.983733333333,0.00275486334156
1.44543977075e-05,1.44543977075e-05,1.44543977075e-05,1.44543977075e-05,1.44543977075e-05,1.44543977075e-05,1.44543977075e-05,1.44543977075e-05,1.44543977075e-05,1.44543977075e-05,1.44543977075e-05,1.44543977075e-05,1.44543977075e-05,1.44543977075e-05,1.44543977075e-05,1.44543977075e-05,1.44543977075e-05,1.44543977075e-05,10,X26 Z31 Y32 Y37 Z38 X44,0.983466666667,0.00356397470653,0.983466666667,0.00356397470653
1.44543977075e-05,1.44543977075e-05,1.44543977075e-05,1.44543977075e-05,1.44543977075e-05,1.44543977075e-05,1.44543977075e-05,1.44543977075e-05,1.44543977075e-05,1.44543977075e-05,1.44543977075e-05,1.44543977075e-05,1.44543977075e-05,1.44543977075e-05,1.44543977075e-05,1.44543977075e-05,1.44543977075e-05,1.44543977075e-05,10,X27 Z32 Y33 Y38 Z39 X45,0.983311111111,0.00306997988603,0.983311111111,0.00306997988603
1.44543977075e-05,1.44543977075e-05,1.44543977075e-05,1.44543977075e-05,1.44543977075e-05,1.44543977075e-05,1.44543977075e-05,1.44543977075e-05,1.44543977075e-05,1.44543977075e-05,1.44543977075e-05,1.44543977075e-05,1.44543977075e-05,1.44543977075e-05,1.44543977075e-05,1.44543977075e-05,1.44543977075e-05,1.44543977075e-05,10,X28 Z33 Y34 Y39 Z40 X46,0.9824,0.00416370009336,0.9824,0.00416370009336
1.44543977075e-05,1.44543977075e-05,1.44543977075e-05,1.44543977075e-05,1.44543977075e-05,1.44543977075e-05,1.44543977075e-05,1.44543977075e-05,1.44543977075e-05,1.44543977075e-05,1.44543977075e-05,1.44543977075e-05,1.44543977075e-05,1.44543977075e-05,1.44543977075e-05,1.44543977075e-05,1.44543977075e-05,1.44543977075e-05,10,X29 Z34 Y35 Y40 Z41 X47,0.982066666667,0.00353352851337,0.982066666667,0.00353352851337
1.44543977075e-05,1.44543977075e-05,1.44543977075e-05,1.44543977075e-05,1.44543977075e-05,1.44543977075e-05,1.44543977075e-05,1.44543977075e-05,1.44543977075e-05,1.44543977075e-05,1.44543977075e-05,1.44543977075e-05,1.44543977075e-05,1.44543977075e-05,1.44543977075e-05,1.44543977075e-05,1.44543977075e-05,1.44543977075e-05,10,X3 X5,0.994333333333,0.00204733262594,0.994333333333,0.00204733262594
1.44543977075e-05,1.44543977075e-05,1.44543977075e-05,1.44543977075e-05,1.44543977075e-05,1.44543977075e-05,1.44543977075e-05,1.44543977075e-05,1.44543977075e-05,1.44543977075e-05,1.44543977075e-05,1.44543977075e-05,1.44543977075e-05,1.44543977075e-05,1.44543977075e-05,1.44543977075e-05,1.44543977075e-05,1.44543977075e-05,10,X30 X36,0.993711111111,0.00202424638705,0.993711111111,0.00202424638705
1.44543977075e-05,1.44543977075e-05,1.44543977075e-05,1.44543977075e-05,1.44543977075e-05,1.44543977075e-05,1.44543977075e-05,1.44543977075e-05,1.44543977075e-05,1.44543977075e-05,1.44543977075e-05,1.44543977075e-05,1.44543977075e-05,1.44543977075e-05,1.44543977075e-05,1.44543977075e-05,1.44543977075e-05,1.44543977075e-05,10,X31 X37,0.994266666667,0.00200841143073,0.994266666667,0.00200841143073
1.44543977075e-05,1.44543977075e-05,1.44543977075e-05,1.44543977075e-05,1.44543977075e-05,1.44543977075e-05,1.44543977075e-05,1.44543977075e-05,1.44543977075e-05,1.44543977075e-05,1.44543977075e-05,1.44543977075e-05,1.44543977075e-05,1.44543977075e-05,1.44543977075e-05,1.44543977075e-05,1.44543977075e-05,1.44543977075e-05,10,X32 X38,0.994311111111,0.00162106188492,0.994311111111,0.00162106188492
1.44543977075e-05,1.44543977075e-05,1.44543977075e-05,1.44543977075e-05,1.44543977075e-05,1.44543977075e-05,1.44543977075e-05,1.44543977075e-05,1.44543977075e-05,1.44543977075e-05,1.44543977075e-05,1.44543977075e-05,1.44543977075e-05,1.44543977075e-05,1.44543977075e-05,1.44543977075e-05,1.44543977075e-05,1.44543977075e-05,10,X33 X39,0.994644444444,0.00240359458355,0.994644444444,0.00240359458355
1.44543977075e-05,1.44543977075e-05,1.44543977075e-05,1.44543977075e-05,1.44543977075e-05,1.44543977075e-05,1.44543977075e-05,1.44543977075e-05,1.44543977075e-05,1.44543977075e-05,1.44543977075e-05,1.44543977075e-05,1.44543977075e-05,1.44543977075e-05,1.44543977075e-05,1.44543977075e-05,1.44543977075e-05,1.44543977075e-05,10,X34 X40,0.994666666667,0.00157567719432,0.994666666667,0.00157567719432
1.44543977075e-05,1.44543977075e-05,1.44543977075e-05,1.44543977075e-05,1.44543977075e-05,1.44543977075e-05,1.44543977075e-05,1.44543977075e-05,1.44543977075e-05,1.44543977075e-05,1.44543977075e-05,1.44543977075e-05,1.44543977075e-05,1.44543977075e-05,1.44543977075e-05,1.44543977075e-05,1.44543977075e-05,1.44543977075e-05,10,X35 X41,0.994933333333,0.00173845397472,0.994933333333,0.00173845397472
1.44543977075e-05,1.44543977075e-05,1.44543977075e-05,1.44543977075e-05,1.44543977075e-05,1.44543977075e-05,1.44543977075e-05,1.44543977075e-05,1.44543977075e-05,1.44543977075e-05,1.44543977075e-05,1.44543977075e-05,1.44543977075e-05,1.44543977075e-05,1.44543977075e-05,1.44543977075e-05,1.44543977075e-05,1.44543977075e-05,10,X36 Z42 Y43 Y49 Z50 X57,0.983777777778,0.00324401403748,0.983777777778,0.00324401403748
1.44543977075e-05,1.44543977075e-05,1.44543977075e-05,1.44543977075e-05,1.44543977075e-05,1.44543977075e-05,1.44543977075e-05,1.44543977075e-05,1.44543977075e-05,1.44543977075e-05,1.44543977075e-05,1.44543977075e-05,1.44543977075e-05,1.44543977075e-05,1.44543977075e-05,1.44543977075e-05,1.44543977075e-05,1.44543977075e-05,10,X37 Z43 Y44 Y50 Z51 X58,0.982822222222,0.00289633581875,0.982822222222,0.00289633581875
1.44543977075e-05,1.44543977075e-05,1.44543977075e-05,1.44543977075e-05,1.44543977075e-05,1.44543977075e-05,1.44543977075e-05,1.44543977075e-05,1.44543977075e-05,1.44543977075e-05,1.44543977075e-05,1.44543977075e-05,1.44543977075e-05,1.44543977075e-05,1.44543977075e-05,1.44543977075e-05,1.44543977075e-05,1.44543977075e-05,10,X38 Z44 Y45 Y51 Z52 X59,0.983022222222,0.00351344798318,0.983022222222,0.00351344798318
1.44543977075e-05,1.44543977075e-05,1.44543977075e-05,1.44543977075e-05,1.44543977075e-05,1.44543977075e-05,1.44543977075e-05,1.44543977075e-05,1.44543977075e-05,1.44543977075e-05,1.44543977075e-05,1.44543977075e-05,1.44543977075e-05,1.44543977075e-05,1.44543977075e-05,1.44543977075e-05,1.44543977075e-05,1.44543977075e-05,10,X39 Z45 Y46 Y52 Z53 X60,0.983111111111,0.00346778643866,0.983111111111,0.00346778643866
1.44543977075e-05,1.44543977075e-05,1.44543977075e-05,1.44543977075e-05,1.44543977075e-05,1.44543977075e-05,1.44543977075e-05,1.44543977075e-05,1.44543977075e-05,1.44543977075e-05,1.44543977075e-05,1.44543977075e-05,1.44543977075e-05,1.44543977075e-05,1.44543977075e-05,1.44543977075e-05,1.44543977075e-05,1.44543977075e-05,10,X4 Z6 Y7 Y9 Z10 X13,0.982933333333,0.00354327380709,0.982933333333,0.00354327380709
1.44543977075e-05,1.44543977075e-05,1.44543977075e-05,1.44543977075e-05,1.44543977075e-05,1.44543977075e-05,1.44543977075e-05,1.44543977075e-05,1.44543977075e-05,1.44543977075e-05,1.44543977075e-05,1.44543977075e-05,1.44543977075e-05,1.44543977075e-05,1.44543977075e-05,1.44543977075e-05,1.44543977075e-05,1.44543977075e-05,10,X40 Z46 Y47 Y53 Z54 X61,0.983133333333,0.00269041152544,0.983133333333,0.00269041152544
1.44543977075e-05,1.44543977075e-05,1.44543977075e-05,1.44543977075e-05,1.44543977075e-05,1.44543977075e-05,1.44543977075e-05,1.44543977075e-05,1.44543977075e-05,1.44543977075e-05,1.44543977075e-05,1.44543977075e-05,1.44543977075e-05,1.44543977075e-05,1.44543977075e-05,1.44543977075e-05,1.44543977075e-05,1.44543977075e-05,10,X41 Z47 Y48 Y54 Z55 X62,0.983755555556,0.0031293118401,0.983755555556,0.0031293118401
1.44543977075e-05,1.44543977075e-05,1.44543977075e-05,1.44543977075e-05,1.44543977075e-05,1.44543977075e-05,1.44543977075e-05,1.44543977075e-05,1.44543977075e-05,1.44543977075e-05,1.44543977075e-05,1.44543977075e-05,1.44543977075e-05,1.44543977075e-05,1.44543977075e-05,1.44543977075e-05,1.44543977075e-05,1.44543977075e-05,10,X42 X49,0.994555555556,0.00189440259052,0.994555555556,0.00189440259052
1.44543977075e-05,1.44543977075e-05,1.44543977075e-05,1.44543977075e-05,1.44543977075e-05,1.44543977075e-05,1.44543977075e-05,1.44543977075e-05,1.44543977075e-05,1.44543977075e-05,1.44543977075e-05,1.44543977075e-05,1.44543977075e-05,1.44543977075e-05,1.44543977075e-05,1.44543977075e-05,1.44543977075e-05,1.44543977075e-05,10,X43 X50,0.994222222222,0.0021250798197,0.994222222222,0.0021250798197
1.44543977075e-05,1.44543977075e-05,1.44543977075e-05,1.44543977075e-05,1.44543977075e-05,1.44543977075e-05,1.44543977075e-05,1.44543977075e-05,1.44543977075e-05,1.44543977075e-05,1.44543977075e-05,1.44543977075e-05,1.44543977075e-05,1.44543977075e-05,1.44543977075e-05,1.44543977075e-05,1.44543977075e-05,1.44543977075e-05,10,X44 X51,0.994644444444,0.00188141410364,0.994644444444,0.00188141410364
1.44543977075e-05,1.44543977075e-05,1.44543977075e-05,1.44543977075e-05,1.44543977075e-05,1.44543977075e-05,1.44543977075e-05,1.44543977075e-05,1.44543977075e-05,1.44543977075e-05,1.44543977075e-05,1.44543977075e-05,1.44543977075e-05,1.44543977075e-05,1.44543977075e-05,1.44543977075e-05,1.44543977075e-05,1.44543977075e-05,10,X45 X52,0.9948,0.0019210469687,0.9948,0.0019210469687
1.44543977075e-05,1.44543977075e-05,1.44543977075e-05,1.44543977075e-05,1.44543977075e-05,1.44543977075e-05,1.44543977075e-05,1.44543977075e-05,1.44543977075e-05,1.44543977075e-05,1.44543977075e-05,1.44543977075e-05,1.44543977075e-05,1.44543977075e-05,1.44543977075e-05,1.44543977075e-05,1.44543977075e-05,1.44543977075e-05,10,X46 X53,0.994377777778,0.00189116383176,0.994377777778,0.00189116383176
1.44543977075e-05,1.44543977075e-05,1.44543977075e-05,1.44543977075e-05,1.44543977075e-05,1.44543977075e-05,1.44543977075e-05,1.44543977075e-05,1.44543977075e-05,1.44543977075e-05,1.44543977075e-05,1.44543977075e-05,1.44543977075e-05,1.44543977075e-05,1.44543977075e-05,1.44543977075e-05,1.44543977075e-05,1.44543977075e-05,10,X47 X54,0.994066666667,0.00223074992115,0.994066666667,0.00223074992115
1.44543977075e-05,1.44543977075e-05,1.44543977075e-05,1.44543977075e-05,1.44543977075e-05,1.44543977075e-05,1.44543977075e-05,1.44543977075e-05,1.44543977075e-05,1.44543977075e-05,1.44543977075e-05,1.44543977075e-05,1.44543977075e-05,1.44543977075e-05,1.44543977075e-05,1.44543977075e-05,1.44543977075e-05,1.44543977075e-05,10,X48 X55,0.993755555556,0.00187325056743,0.993755555556,0.00187325056743
1.44543977075e-05,1.44543977075e-05,1.44543977075e-05,1.44543977075e-05,1.44543977075e-05,1.44543977075e-05,1.44543977075e-05,1.44543977075e-05,1.44543977075e-05,1.44543977075e-05,1.44543977075e-05,1.44543977075e-05,1.44543977075e-05,1.44543977075e-05,1.44543977075e-05,1.44543977075e-05,1.44543977075e-05,1.44543977075e-05,10,X49 Z56 Y57 Y64 Z65 X73,0.982266666667,0.00384209393739,0.982266666667,0.00384209393739
1.44543977075e-05,1.44543977075e-05,1.44543977075e-05,1.44543977075e-05,1.44543977075e-05,1.44543977075e-05,1.44543977075e-05,1.44543977075e-05,1.44543977075e-05,1.44543977075e-05,1.44543977075e-05,1.44543977075e-05,1.44543977075e-05,1.44543977075e-05,1.44543977075e-05,1.44543977075e-05,1.44543977075e-05,1.44543977075e-05,10,X5 Z7 Y8 Y10 Z11 X14,0.982977777778,0.00371280618365,0.982977777778,0.00371280618365
1.44543977075e-05,1.44543977075e-05,1.44543977075e-05,1.44543977075e-05,1.44543977075e-05,1.44543977075e-05,1.44543977075e-05,1.44543977075e-05,1.44543977075e-05,1.44543977075e-05,1.44543977075e-05,1.44543977075e-05,1.44543977075e-05,1.44543977075e-05,1.44543977075e-05,1.44543977075e-05,1.44543977075e-05,1.44543977075e-05,10,X50 Z57 Y58 Y65 Z66 X74,0.982977777778,0.00315005726802,0.982977777778,0.00315005726802
1.44543977075e-05,1.44543977075e-05,1.44543977075e-05,1.44543977075e-05,1.44543977075e-05,1.44543977075e-05,1.44543977075e-05,1.44543977075e-05,1.44543977075e-05,1.44543977075e-05,1.44543977075e-05,1.44543977075e-05,1.44543977075e-05,1.44543977075e-05,1.44543977075e-05,1.44543977075e-05,1.44543977075e-05,1.44543977075e-05,10,X51 Z58 Y59 Y66 Z67 X75,0.981955555556,0.00286574876154,0.981955555556,0.00286574876154
1.44543977075e-05,1.44543977075e-05,1.44543977075e-05,1.44543977075e-05,1.44543977075e-05,1.44543977075e-05,1.44543977075e-05,1.44543977075e-05,1.44543977075e-05,1.44543977075e-05,1.44543977075e-05,1.44543977075e-05,1.44543977075e-05,1.44543977075e-05,1.44543977075e-05,1.44543977075e-05,1.44543977075e-05,1.44543977075e-05,10,X52 Z59 Y60 Y67 Z68 X76,0.983133333333,0.00305329418235,0.983133333333,0.00305329418235
1.44543977075e-05,1.44543977075e-05,1.44543977075e-05,1.44543977075e-05,1.44543977075e-05,1.44543977075e-05,1.44543977075e-05,1.44543977075e-05,1.44543977075e-05,1.44543977075e-05,1.44543977075e-05,1.44543977075e-05,1.44543977075e-05,1.44543977075e-05,1.44543977075e-05,1.44543977075e-05,1.44543977075e-05,1.44543977075e-05,10,X53 Z60 Y61 Y68 Z69 X77,0.983222222222,0.0038320420947,0.983222222222,0.0038320420947
1.44543977075e-05,1.44543977075e-05,1.44543977075e-05,1.44543977075e-05,1.44543977075e-05,1.44543977075e-05,1.44543977075e-05,1.44543977075e-05,1.44543977075e-05,1.44543977075e-05,1.44543977075e-05,1.44543977075e-05,1.44543977075e-05,1.44543977075e-05,1.44543977075e-05,1.44543977075e-05,1.44543977075e-05,1.44543977075e-05,10,X54 Z61 Y62 Y69 Z70 X78,0.983066666667,0.00288529101038,0.983066666667,0.00288529101038
1.44543977075e-05,1.44543977075e-05,1.44543977075e-05,1.44543977075e-05,1.44543977075e-05,1.44543977075e-05,1.44543977075e-05,1.44543977075e-05,1.44543977075e-05,1.44543977075e-05,1.44543977075e-05,1.44543977075e-05,1.44543977075e-05,1.44543977075e-05,1.44543977075e-05,1.44543977075e-05,1.44543977075e-05,1.44543977075e-05,10,X55 Z62 Y63 Y70 Z71 X79,0.983377777778,0.00248170830629,0.983377777778,0.00248170830629
1.44543977075e-05,1.44543977075e-05,1.44543977075e-05,1.44543977075e-05,1.44543977075e-05,1.44543977075e-05,1.44543977075e-05,1.44543977075e-05,1.44543977075e-05,1.44543977075e-05,1.44543977075e-05,1.44543977075e-05,1.44543977075e-05,1.44543977075e-05,1.44543977075e-05,1.44543977075e-05,1.44543977075e-05,1.44543977075e-05,10,X56 X64,0.993288888889,0.0019956530026,0.993288888889,0.0019956530026
1.44543977075e-05,1.44543977075e-05,1.44543977075e-05,1.44543977075e-05,1.44543977075e-05,1.44543977075e-05,1.44543977075e-05,1.44543977075e-05,1.44543977075e-05,1.44543977075e-05,1.44543977075e-05,1.44543977075e-05,1.44543977075e-05,1.44543977075e-05,1.44543977075e-05,1.44543977075e-05,1.44543977075e-05,1.44543977075e-05,10,X57 X65,0.993577777778,0.00254602587674,0.993577777778,0.00254602587674
1.44543977075e-05,1.44543977075e-05,1.44543977075e-05,1.44543977075e-05,1.44543977075e-05,1.44543977075e-05,1.44543977075e-05,1.44543977075e-05,1.44543977075e-05,1.44543977075e-05,1.44543977075e-05,1.44543977075e-05,1.44543977075e-05,1.44543977075e-05,1.44543977075e-05,1.44543977075e-05,1.44543977075e-05,1.44543977075e-05,10,X58 X66,0.993822222222,0.00190126663433,0.993822222222,0.00190126663433
1.44543977075e-05,1.44543977075e-05,1.44543977075e-05,1.44543977075e-05,1.44543977075e-05,1.44543977075e-05,1.44543977075e-05,1.44543977075e-05,1.44543977075e-05,1.44543977075e-05,1.44543977075e-05,1.44543977075e-05,1.44543977075e-05,1.44543977075e-05,1.44543977075e-05,1.44543977075e-05,1.44543977075e-05,1.44543977075e-05,10,X59 X67,0.994266666667,0.00203117465967,0.994266666667,0.00203117465967
1.44543977075e-05,1.44543977075e-05,1.44543977075e-05,1.44543977075e-05,1.44543977075e-05,1.44543977075e-05,1.44543977075e-05,1.44543977075e-05,1.44543977075e-05,1.44543977075e-05,1.44543977075e-05,1.44543977075e-05,1.44543977075e-05,1.44543977075e-05,1.44543977075e-05,1.44543977075e-05,1.44543977075e-05,1.44543977075e-05,10,X6 X9,0.994822222222,0.00209127604693,0.994822222222,0.00209127604693
1.44543977075e-05,1.44543977075e-05,1.44543977075e-05,1.44543977075e-05,1.44543977075e-05,1.44543977075e-05,1.44543977075e-05,1.44543977075e-05,1.44543977075e-05,1.44543977075e-05,1.44543977075e-05,1.44543977075e-05,1.44543977075e-05,1.44543977075e-05,1.44543977075e-05,1.44543977075e-05,1.44543977075e-05,1.44543977075e-05,10,X60 X68,0.994,0.00172429118093,0.994,0.00172429118093
1.44543977075e-05,1.44543977075e-05,1.44543977075e-05,1.44543977075e-05,1.44543977075e-05,1.44543977075e-05,1.44543977075e-05,1.44543977075e-05,1.44543977075e-05,1.44543977075e-05,1.44543977075e-05,1.44543977075e-05,1.44543977075e-05,1.44543977075e-05,1.44543977075e-05,1.44543977075e-05,1.44543977075e-05,1.44543977075e-05,10,X61 X69,0.994511111111,0.00168548760146,0.994511111111,0.00168548760146
1.44543977075e-05,1.44543977075e-05,1.44543977075e-05,1.44543977075e-05,1.44543977075e-05,1.44543977075e-05,1.44543977075e-05,1.44543977075e-05,1.44543977075e-05,1.44543977075e-05,1.44543977075e-05,1.44543977075e-05,1.44543977075e-05,1.44543977075e-05,1.44543977075e-05,1.44543977075e-05,1.44543977075e-05,1.44543977075e-05,10,X62 X70,0.994133333333,0.00171895004931,0.994133333333,0.00171895004931
1.44543977075e-05,1.44543977075e-05,1.44543977075e-05,1.44543977075e-05,1.44543977075e-05,1.44543977075e-05,1.44543977075e-05,1.44543977075e-05,1.44543977075e-05,1.44543977075e-05,1.44543977075e-05,1.44543977075e-05,1.44543977075e-05,1.44543977075e-05,1.44543977075e-05,1.44543977075e-05,1.44543977075e-05,1.44543977075e-05,10,X63 X71,0.994533333333,0.00208185004668,0.994533333333,0.00208185004668
1.44543977075e-05,1.44543977075e-05,1.44543977075e-05,1.44543977075e-05,1.44543977075e-05,1.44543977075e-05,1.44543977075e-05,1.44543977075e-05,1.44543977075e-05,1.44543977075e-05,1.44543977075e-05,1.44543977075e-05,1.44543977075e-05,1.44543977075e-05,1.44543977075e-05,1.44543977075e-05,1.44543977075e-05,1.44543977075e-05,10,X64 Z72 Y73 Y81 Z82 X90,0.983822222222,0.0034393857303,0.983822222222,0.0034393857303
1.44543977075e-05,1.44543977075e-05,1.44543977075e-05,1.44543977075e-05,1.44543977075e-05,1.44543977075e-05,1.44543977075e-05,1.44543977075e-05,1.44543977075e-05,1.44543977075e-05,1.44543977075e-05,1.44543977075e-05,1.44543977075e-05,1.44543977075e-05,1.44543977075e-05,1.44543977075e-05,1.44543977075e-05,1.44543977075e-05,10,X65 Z73 Y74 Y82 Z83 X91,0.983333333333,0.00334022276542,0.983333333333,0.00334022276542
1.44543977075e-05,1.44543977075e-05,1.44543977075e-05,1.44543977075e-05,1.44543977075e-05,1.44543977075e-05,1.44543977075e-05,1.44543977075e-05,1.44543977075e-05,1.44543977075e-05,1.44543977075e-05,1.44543977075e-05,1.44543977075e-05,1.44543977075e-05,1.44543977075e-05,1.44543977075e-05,1.44543977075e-05,1.44543977075e-05,10,X66 Z74 Y75 Y83 Z84 X92,0.9838,0.00298732956519,0.9838,0.00298732956519
1.44543977075e-05,1.44543977075e-05,1.44543977075e-05,1.44543977075e-05,1.44543977075e-05,1.44543977075e-05,1.44543977075e-05,1.44543977075e-05,1.44543977075e-05,1.44543977075e-05,1.44543977075e-05,1.44543977075e-05,1.44543977075e-05,1.44543977075e-05,1.44543977075e-05,1.44543977075e-05,1.44543977075e-05,1.44543977075e-05,10,X67 Z75 Y76 Y84 Z85 X93,0.982111111111,0.00385993601016,0.982111111111,0.00385993601016
1.44543977075e-05,1.44543977075e-05,1.44543977075e-05,1.44543977075e-05,1.44543977075e-05,1.44543977075e-05,1.44543977075e-05,1.44543977075e-05,1.44543977075e-05,1.44543977075e-05,1.44543977075e-05,1.44543977075e-05,1.44543977075e-05,1.44543977075e-05,1.44543977075e-05,1.44543977075e-05,1.44543977075e-05,1.44543977075e-05,10,X68 Z76 Y77 Y85 Z86 X94,0.982688888889,0.00329161634861,0.982688888889,0.00329161634861
1.44543977075e-05,1.44543977075e-05,1.44543977075e-05,1.44543977075e-05,1.44543977075e-05,1.44543977075e-05,1.44543977075e-05,1.44543977075e-05,1.44543977075e-05,1.44543977075e-05,1.44543977075e-05,1.44543977075e-05,1.44543977075e-05,1.44543977075e-05,1.44543977075e-05,1.44543977075e-05,1.44543977075e-05,1.44543977075e-05,10,X69 Z77 Y78 Y86 Z87 X95,0.982155555556,0.00291216675312,0.982155555556,0.00291216675312
1.44543977075e-05,1.44543977075e-05,1.44543977075e-05,1.44543977075e-05,1.44543977075e-05,1.44543977075e-05,1.44543977075e-05,1.44543977075e-05,1.44543977075e-05,1.44543977075e-05,1.44543977075e-05,1.44543977075e-05,1.44543977075e-05,1.44543977075e-05,1.44543977075e-05,1.44543977075e-05,1.44543977075e-05,1.44543977075e-05,10,X7 X10,0.994844444444,0.00138888122603,0.994844444444,0.00138888122603
1.44543977075e-05,1.44543977075e-05,1.44543977075e-05,1.44543977075e-05,1.44543977075e-05,1.44543977075e-05,1.44543977075e-05,1.44543977075e-05,1.44543977075e-05,1.44543977075e-05,1.44543977075e-05,1.44543977075e-05,1.44543977075e-05,1.44543977075e-05,1.44543977075e-05,1.44543977075e-05,1.44543977075e-05,1.44543977075e-05,10,X70 Z78 Y79 Y87 Z88 X96,0.9854,0.00365714542282,0.9854,0.00365714542282
1.44543977075e-05,1.44543977075e-05,1.44543977075e-05,1.44543977075e-05,1.44543977075e-05,1.44543977075e-05,1.44543977075e-05,1.44543977075e-05,1.44543977075e-05,1.44543977075e-05,1.44543977075e-05,1.44543977075e-05,1.44543977075e-05,1.44543977075e-05,1.44543977075e-05,1.44543977075e-05,1.44543977075e-05,1.44543977075e-05,10,X71 Z79 Y80 Y88 Z89 X97,0.983266666667,0.00281403161787,0.983266666667,0.00281403161787
1.44543977075e-05,1.44543977075e-05,1.44543977075e-05,1.44543977075e-05,1.44543977075e-05,1.44543977075e-05,1.44543977075e-05,1.44543977075e-05,1.44543977075e-05,1.44543977075e-05,1.44543977075e-05,1.44543977075e-05,1.44543977075e-05,1.44543977075e-05,1.44543977075e-05,1.44543977075e-05,1.44543977075e-05,1.44543977075e-05,10,X72 X81,0.994022222222,0.00159003923741,0.994022222222,0.00159003923741
1.44543977075e-05,1.44543977075e-05,1.44543977075e-05,1.44543977075e-05,1.44543977075e-05,1.44543977075e-05,1.44543977075e-05,1.44543977075e-05,1.44543977075e-05,1.44543977075e-05,1.44543977075e-05,1.44543977075e-05,1.44543977075e-05,1.44543977075e-05,1.44543977075e-05,1.44543977075e-05,1.44543977075e-05,1.44543977075e-05,10,X73 X82,0.994111111111,0.00172503169682,0.994111111111,0.00172503169682
1.44543977075e-05,1.44543977075e-05,1.44543977075e-05,1.44543977075e-05,1.44543977075e-05,1.44543977075e-05,1.44543977075e-05,1.44543977075e-05,1.44543977075e-05,1.44543977075e-05,1.44543977075e-05,1.44543977075e-05,1.44543977075e-05,1.44543977075e-05,1.44543977075e-05,1.44543977075e-05,1.44543977075e-05,1.44543977075e-05,10,X74 X83,0.994022222222,0.00159964874816,0.994022222222,0.00159964874816
1.44543977075e-05,1.44543977075e-05,1.44543977075e-05,1.44543977075e-05,1.44543977075e-05,1.44543977075e-05,1.44543977075e-05,1.44543977075e-05,1.44543977075e-05,1.44543977075e-05,1.44543977075e-05,1.44543977075e-05,1.44543977075e-05,1.44543977075e-05,1.44543977075e-05,1.44543977075e-05,1.44543977075e-05,1.44543977075e-05,10,X75 X84,0.9948,0.00152023390013,0.9948,0.00152023390013
1.44543977075e-05,1.44543977075e-05,1.44543977075e-05,1.44543977075e-05,1.44543977075e-05,1.44543977075e-05,1.44543977075e-05,1.44543977075e-05,1.44543977075e-05,1.44543977075e-05,1.44543977075e-05,1.44543977075e-05,1.44543977075e-05,1.44543977075e-05,1.44543977075e-05,1.44543977075e-05,1.44543977075e-05,1.44543977075e-05,10,X76 X85,0.994133333333,0.00211109094566,0.994133333333,0.00211109094566
1.44543977075e-05,1.44543977075e-05,1.44543977075e-05,1.44543977075e-05,1.44543977075e-05,1.44543977075e-05,1.44543977075e-05,1.44543977075e-05,1.44543977075e-05,1.44543977075e-05,1.44543977075e-05,1.44543977075e-05,1.44543977075e-05,1.44543977075e-05,1.44543977075e-05,1.44543977075e-05,1.44543977075e-05,1.44543977075e-05,10,X77 X86,0.994488888889,0.00149516034926,0.994488888889,0.00149516034926
1.44543977075e-05,1.44543977075e-05,1.44543977075e-05,1.44543977075e-05,1.44543977075e-05,1.44543977075e-05,1.44543977075e-05,1.44543977075e-05,1.44543977075e-05,1.44543977075e-05,1.44543977075e-05,1.44543977075e-05,1.44543977075e-05,1.44543977075e-05,1.44543977075e-05,1.44543977075e-05,1.44543977075e-05,1.44543977075e-05,10,X78 X87,0.9946,0.00192861095867,0.9946,0.00192861095867
1.44543977075e-05,1.44543977075e-05,1.44543977075e-05,1.44543977075e-05,1.44543977075e-05,1.44543977075e-05,1.44543977075e-05,1.44543977075e-05,1.44543977075e-05,1.44543977075e-05,1.44543977075e-05,1.44543977075e-05,1.44543977075e-05,1.44543977075e-05,1.44543977075e-05,1.44543977075e-05,1.44543977075e-05,1.44543977075e-05,10,X79 X88,0.994511111111,0.00212038696196,0.994511111111,0.00212038696196
1.44543977075e-05,1.44543977075e-05,1.44543977075e-05,1.44543977075e-05,1.44543977075e-05,1.44543977075e-05,1.44543977075e-05,1.44543977075e-05,1.44543977075e-05,1.44543977075e-05,1.44543977075e-05,1.44543977075e-05,1.44543977075e-05,1.44543977075e-05,1.44543977075e-05,1.44543977075e-05,1.44543977075e-05,1.44543977075e-05,10,X8 X11,0.994555555556,0.00188629526691,0.994555555556,0.00188629526691
1.44543977075e-05,1.44543977075e-05,1.44543977075e-05,1.44543977075e-05,1.44543977075e-05,1.44543977075e-05,1.44543977075e-05,1.44543977075e-05,1.44543977075e-05,1.44543977075e-05,1.44543977075e-05,1.44543977075e-05,1.44543977075e-05,1.44543977075e-05,1.44543977075e-05,1.44543977075e-05,1.44543977075e-05,1.44543977075e-05,10,X80 X89,0.9936,0.00185777851106,0.9936,0.00185777851106
1.44543977075e-05,1.44543977075e-05,1.44543977075e-05,1.44543977075e-05,1.44543977075e-05,1.44543977075e-05,1.44543977075e-05,1.44543977075e-05,1.44543977075e-05,1.44543977075e-05,1.44543977075e-05,1.44543977075e-05,1.44543977075e-05,1.44543977075e-05,1.44543977075e-05,1.44543977075e-05,1.44543977075e-05,1.44543977075e-05,10,X81 Y90 Z98,0.989155555556,0.00339001614315,0.989155555556,0.00339001614315
1.44543977075e-05,1.44543977075e-05,1.44543977075e-05,1.44543977075e-05,1.44543977075e-05,1.44543977075e-05,1.44543977075e-05,1.44543977075e-05,1.44543977075e-05,1.44543977075e-05,1.44543977075e-05,1.44543977075e-05,1.44543977075e-05,1.44543977075e-05,1.44543977075e-05,1.44543977075e-05,1.44543977075e-05,1.44543977075e-05,10,X82 Z90 Y91 Y98 Z99 X106,0.983111111111,0.00324401403748,0.983111111111,0.00324401403748
1.44543977075e-05,1.44543977075e-05,1.44543977075e-05,1.44543977075e-05,1.44543977075e-05,1.44543977075e-05,1.44543977075e-05,1.44543977075e-05,1.44543977075e-05,1.44543977075e-05,1.44543977075e-05,1.44543977075e-05,1.44543977075e-05,1.44543977075e-05,1.44543977075e-05,1.44543977075e-05,1.44543977075e-05,1.44543977075e-05,10,X83 Z91 Y92 Y99 Z100 X107,0.982022222222,0.00371177409362,0.982022222222,0.00371177409362
1.44543977075e-05,1.44543977075e-05,1.44543977075e-05,1.44543977075e-05,1.44543977075e-05,1.44543977075e-05,1.44543977075e-05,1.44543977075e-05,1.44543977075e-05,1.44543977075e-05,1.44543977075e-05,1.44543977075e-05,1.44543977075e-05,1.44543977075e-05,1.44543977075e-05,1.44543977075e-05,1.44543977075e-05,1.44543977075e-05,10,X84 Z92 Y93 Y100 Z101 X108,0.984266666667,0.00348659172245,0.984266666667,0.00348659172245
1.44543977075e-05,1.44543977075e-05,1.44543977075e-05,1.44543977075e-05,1.44543977075e-05,1.44543977075e-05,1.44543977075e-05,1.44543977075e-05,1.44543977075e-05,1.44543977075e-05,1.44543977075e-05,1.44543977075e-05,1.44543977075e-05,1.44543977075e-05,1.44543977075e-05,1.44543977075e-05,1.44543977075e-05,1.44543977075e-05,10,X85 Z93 Y94 Y101 Z102 X109,0.983488888889,0.00312539141865,0.983488888889,0.00312539141865
1.44543977075e-05,1.44543977075e-05,1.44543977075e-05,1.44543977075e-05,1.44543977075e-05,1.44543977075e-05,1.44543977075e-05,1.44543977075e-05,1.44543977075e-05,1.44543977075e-05,1.44543977075e-05,1.44543977075e-05,1.44543977075e-05,1.44543977075e-05,1.44543977075e-05,1.44543977075e-05,1.44543977075e-05,1.44543977075e-05,10,X86 Z94 Y95 Y102 Z103 X110,0.9842,0.00256800233943,0.9842,0.00256800233943
1.44543977075e-05,1.44543977075e-05,1.44543977075e-05,1.44543977075e-05,1.44543977075e-05,1.44543977075e-05,1.44543977075e-05,1.44543977075e-05,1.44543977075e-05,1.44543977075e-05,1.44543977075e-05,1.44543977075e-05,1.44543977075e-05,1.44543977075e-05,1.44543977075e-05,1.44543977075e-05,1.44543977075e-05,1.44543977075e-05,10,X87 Z95 Y96 Y103 Z104 X111,0.983733333333,0.00305555207245,0.983733333333,0.00305555207245
1.44543977075e-05,1.44543977075e-05,1.44543977075e-05,1.44543977075e-05,1.44543977075e-05,1.44543977075e-05,1.44543977075e-05,1.44543977075e-05,1.44543977075e-05,1.44543977075e-05,1.44543977075e-05,1.44543977075e-05,1.44543977075e-05,1.44543977075e-05,1.44543977075e-05,1.44543977075e-05,1.44543977075e-05,1.44543977075e-05,10,X88 Z96 Y97 Y104 Z105 X112,0.983222222222,0.00319042308936,0.983222222222,0.00319042308936
1.44543977075e-05,1.44543977075e-05,1.44543977075e-05,1.44543977075e-05,1.44543977075e-05,1.44543977075e-05,1.44543977075e-05,1.44543977075e-05,1.44543977075e-05,1.44543977075e-05,1.44543977075e-05,1.44543977075e-05,1.44543977075e-05,1.44543977075e-05,1.44543977075e-05,1.44543977075e-05,1.44543977075e-05,1.44543977075e-05,10,X9 Z12 Y13 Y16 Z17 X21,0.983222222222,0.00287722372216,0.983222222222,0.00287722372216
1.44543977075e-05,1.44543977075e-05,1.44543977075e-05,1.44543977075e-05,1.44543977075e-05,1.44543977075e-05,1.44543977075e-05,1.44543977075e-05,1.44543977075e-05,1.44543977075e-05,1.44543977075e-05,1.44543977075e-05,1.44543977075e-05,1.44543977075e-05,1.44543977075e-05,1.44543977075e-05,1.44543977075e-05,1.44543977075e-05,10,X90 X98,0.995088888889,0.00191372004049,0.995088888889,0.00191372004049
1.44543977075e-05,1.44543977075e-05,1.44543977075e-05,1.44543977075e-05,1.44543977075e-05,1.44543977075e-05,1.44543977075e-05,1.44543977075e-05,1.44543977075e-05,1.44543977075e-05,1.44543977075e-05,1.44543977075e-05,1.44543977075e-05,1.44543977075e-05,1.44543977075e-05,1.44543977075e-05,1.44543977075e-05,1.44543977075e-05,10,X91 X99,0.9944,0.00187420481222,0.9944,0.00187420481222
1.44543977075e-05,1.44543977075e-05,1.44543977075e-05,1.44543977075e-05,1.44543977075e-05,1.44543977075e-05,1.44543977075e-05,1.44543977075e-05,1.44543977075e-05,1.44543977075e-05,1.44543977075e-05,1.44543977075e-05,1.44543977075e-05,1.44543977075e-05,1.44543977075e-05,1.44543977075e-05,1.44543977075e-05,1.44543977075e-05,10,X92 X100,0.994222222222,0.00166398251293,0.994222222222,0.00166398251293
1.44543977075e-05,1.44543977075e-05,1.44543977075e-05,1.44543977075e-05,1.44543977075e-05,1.44543977075e-05,1.44543977075e-05,1.44543977075e-05,1.44543977075e-05,1.44543977075e-05,1.44543977075e-05,1.44543977075e-05,1.44543977075e-05,1.44543977075e-05,1.44543977075e-05,1.44543977075e-05,1.44543977075e-05,1.44543977075e-05,10,X93 X101,0.994333333333,0.0020019147922,0.994333333333,0.0020019147922
1.44543977075e-05,1.44543977075e-05,1.44543977075e-05,1.44543977075e-05,1.44543977075e-05,1.44543977075e-05,1.44543977075e-05,1.44543977075e-05,1.44543977075e-05,1.44543977075e-05,1.44543977075e-05,1.44543977075e-05,1.44543977075e-05,1.44543977075e-05,1.44543977075e-05,1.44543977075e-05,1.44543977075e-05,1.44543977075e-05,10,X94 X102,0.993955555556,0.00159437068461,0.993955555556,0.00159437068461
1.44543977075e-05,1.44543977075e-05,1.44543977075e-05,1.44543977075e-05,1.44543977075e-05,1.44543977075e-05,1.44543977075e-05,1.44543977075e-05,1.44543977075e-05,1.44543977075e-05,1.44543977075e-05,1.44543977075e-05,1.44543977075e-05,1.44543977075e-05,1.44543977075e-05,1.44543977075e-05,1.44543977075e-05,1.44543977075e-05,10,X95 X103,0.993711111111,0.00232714011145,0.993711111111,0.00232714011145
1.44543977075e-05,1.44543977075e-05,1.44543977075e-05,1.44543977075e-05,1.44543977075e-05,1.44543977075e-05,1.44543977075e-05,1.44543977075e-05,1.44543977075e-05,1.44543977075e-05,1.44543977075e-05,1.44543977075e-05,1.44543977075e-05,1.44543977075e-05,1.44543977075e-05,1.44543977075e-05,1.44543977075e-05,1.44543977075e-05,10,X96 X104,0.994266666667,0.00214850923992,0.994266666667,0.00214850923992
1.44543977075e-05,1.44543977075e-05,1.44543977075e-05,1.44543977075e-05,1.44543977075e-05,1.44543977075e-05,1.44543977075e-05,1.44543977075e-05,1.44543977075e-05,1.44543977075e-05,1.44543977075e-05,1.44543977075e-05,1.44543977075e-05,1.44543977075e-05,1.44543977075e-05,1.44543977075e-05,1.44543977075e-05,1.44543977075e-05,10,X97 X105,0.994755555556,0.00185061516816,0.994755555556,0.00185061516816
1.44543977075e-05,1.44543977075e-05,1.44543977075e-05,1.44543977075e-05,1.44543977075e-05,1.44543977075e-05,1.44543977075e-05,1.44543977075e-05,1.44543977075e-05,1.44543977075e-05,1.44543977075e-05,1.44543977075e-05,1.44543977075e-05,1.44543977075e-05,1.44543977075e-05,1.44543977075e-05,1.44543977075e-05,1.44543977075e-05,10,X99 Z106 Y107 Y113 Z114 X120,0.982933333333,0.00337945108785,0.982933333333,0.00337945108785
1.44543977075e-05,1.44543977075e-05,1.44543977075e-05,1.44543977075e-05,1.44543977075e-05,1.44543977075e-05,1.44543977075e-05,1.44543977075e-05,1.44543977075e-05,1.44543977075e-05,1.44543977075e-05,1.44543977075e-05,1.44543977075e-05,1.44543977075e-05,1.44543977075e-05,1.44543977075e-05,1.44543977075e-05,1.44543977075e-05,10,Y0 Z1 X2,0.9894,0.00301896940117,0.9894,0.00301896940117
1.44543977075e-05,1.44543977075e-05,1.44543977075e-05,1.44543977075e-05,1.44543977075e-05,1.44543977075e-05,1.44543977075e-05,1.44543977075e-05,1.44543977075e-05,1.44543977075e-05,1.44543977075e-05,1.44543977075e-05,1.44543977075e-05,1.44543977075e-05,1.44543977075e-05,1.44543977075e-05,1.44543977075e-05,1.44543977075e-05,10,Y20 Z25 X30,0.989222222222,0.00297670821988,0.989222222222,0.00297670821988
1.44543977075e-05,1.44543977075e-05,1.44543977075e-05,1.44543977075e-05,1.44543977075e-05,1.44543977075e-05,1.44543977075e-05,1.44543977075e-05,1.44543977075e-05,1.44543977075e-05,1.44543977075e-05,1.44543977075e-05,1.44543977075e-05,1.44543977075e-05,1.44543977075e-05,1.44543977075e-05,1.44543977075e-05,1.44543977075e-05,10,Y42 Z49 X56,0.989711111111,0.0022939756741,0.989711111111,0.0022939756741
1.44543977075e-05,1.44543977075e-05,1.44543977075e-05,1.44543977075e-05,1.44543977075e-05,1.44543977075e-05,1.44543977075e-05,1.44543977075e-05,1.44543977075e-05,1.44543977075e-05,1.44543977075e-05,1.44543977075e-05,1.44543977075e-05,1.44543977075e-05,1.44543977075e-05,1.44543977075e-05,1.44543977075e-05,1.44543977075e-05,10,Y6 Z9 X12,0.988688888889,0.00297876691984,0.988688888889,0.00297876691984
1.44543977075e-05,1.44543977075e-05,1.44543977075e-05,1.44543977075e-05,1.44543977075e-05,1.44543977075e-05,1.44543977075e-05,1.44543977075e-05,1.44543977075e-05,1.44543977075e-05,1.44543977075e-05,1.44543977075e-05,1.44543977075e-05,1.44543977075e-05,1.44543977075e-05,1.44543977075e-05,1.44543977075e-05,1.44543977075e-05,10,Z15 Y19 X24,0.989111111111,0.00287855505117,0.989111111111,0.00287855505117
1.44543977075e-05,1.44543977075e-05,1.44543977075e-05,1.44543977075e-05,1.44543977075e-05,1.44543977075e-05,1.44543977075e-05,1.44543977075e-05,1.44543977075e-05,1.44543977075e-05,1.44543977075e-05,1.44543977075e-05,1.44543977075e-05,1.44543977075e-05,1.44543977075e-05,1.44543977075e-05,1.44543977075e-05,1.44543977075e-05,10,Z3 Y5 X8,0.988777777778,0.00263825864626,0.988777777778,0.00263825864626
1.44543977075e-05,1.44543977075e-05,1.44543977075e-05,1.44543977075e-05,1.44543977075e-05,1.44543977075e-05,1.44543977075e-05,1.44543977075e-05,1.44543977075e-05,1.44543977075e-05,1.44543977075e-05,1.44543977075e-05,1.44543977075e-05,1.44543977075e-05,1.44543977075e-05,1.44543977075e-05,1.44543977075e-05,1.44543977075e-05,10,Z35 Y41 X48,0.989155555556,0.00268917702139,0.989155555556,0.00268917702139
1.44543977075e-05,1.44543977075e-05,1.44543977075e-05,1.44543977075e-05,1.44543977075e-05,1.44543977075e-05,1.44543977075e-05,1.44543977075e-05,1.44543977075e-05,1.44543977075e-05,1.44543977075e-05,1.44543977075e-05,1.44543977075e-05,1.44543977075e-05,1.44543977075e-05,1.44543977075e-05,1.44543977075e-05,1.44543977075e-05,10,Z63 Y71 X80,0.989555555556,0.00272540669162,0.989555555556,0.00272540669162
