g1_x,g1_y,g1_z,IX,IY,IZ,XI,XX,XY,XZ,YI,YX,YY,YZ,ZI,ZX,ZY,ZZ,round,operator,mean,std,mean_signed,std_signed
0.000131825673856,0.000131825673856,0.000131825673856,0.000131825673856,0.000131825673856,0.000131825673856,0.000131825673856,0.000131825673856,0.000131825673856,0.000131825673856,0.000131825673856,0.000131825673856,0.000131825673856,0.000131825673856,0.000131825673856,0.000131825673856,0.000131825673856,0.000131825673856,1,Logical X,0.986088888889,0.00289660037665,0.985622222222,0.00408973421214
0.000131825673856,0.000131825673856,0.000131825673856,0.000131825673856,0.000131825673856,0.000131825673856,0.000131825673856,0.000131825673856,0.000131825673856,0.000131825673856,0.000131825673856,0.000131825673856,0.000131825673856,0.000131825673856,0.000131825673856,0.000131825673856,0.000131825673856,0.000131825673856,1,Logical Y,0.0116222222222,0.00829842496866,-0.00648888888889,0.015783917644
0.000131825673856,0.000131825673856,0.000131825673856,0.000131825673856,0.000131825673856,0.000131825673856,0.000131825673856,0.000131825673856,0.000131825673856,0.000131825673856,0.000131825673856,0.000131825673856,0.000131825673856,0.000131825673856,0.000131825673856,0.000131825673856,0.000131825673856,0.000131825673856,1,Logical Z,0.0138666666667,0.00936022398789,0.00284444444444,0.0192215821655
0.000131825673856,0.000131825673856,0.000131825673856,0.000131825673856,0.000131825673856,0.000131825673856,0.000131825673856,0.000131825673856,0.000131825673856,0.000131825673856,0.000131825673856,0.000131825673856,0.000131825673856,0.000131825673856,0.000131825673856,0.000131825673856,0.000131825673856,0.000131825673856,1,X0 X1,0.993177777778,0.00219845528028,0.993177777778,0.00219845528028
0.000131825673856,0.000131825673856,0.000131825673856,0.000131825673856,0.000131825673856,0.000131825673856,0.000131825673856,0.000131825673856,0.000131825673856,0.000131825673856,0.000131825673856,0.000131825673856,0.000131825673856,0.000131825673856,0.000131825673856,0.000131825673856,0.000131825673856,0.000131825673856,1,X1 Z2 Y3 Y4 Z5 X7,0.978244444444,0.00431511051996,0.978244444444,0.00431511051996
0.000131825673856,0.000131825673856,0.000131825673856,0.000131825673856,0.000131825673856,0.000131825673856,0.000131825673856,0.000131825673856,0.000131825673856,0.000131825673856,0.000131825673856,0.000131825673856,0.000131825673856,0.000131825673856,0.000131825673856,0.000131825673856,0.000131825673856,0.000131825673856,1,X10 Z13 Y14 Y17 Z18 X22,0.979066666667,0.00362874855728,0.979066666667,0.00362874855728
0.000131825673856,0.000131825673856,0.000131825673856,0.000131825673856,0.000131825673856,0.000131825673856,0.000131825673856,0.000131825673856,0.000131825673856,0.000131825673856,0.000131825673856,0.000131825673856,0.000131825673856,0.000131825673856,0.000131825673856,0.000131825673856,0.000131825673856,0.000131825673856,1,X100 Z107 Y108 Y114 Z115 X121,0.977022222222,0.00328345828963,0.977022222222,0.00328345828963
0.000131825673856,0.000131825673856,0.000131825673856,0.000131825673856,0.000131825673856,0.000131825673856,0.000131825673856,0.000131825673856,0.000131825673856,0.000131825673856,0.000131825673856,0.000131825673856,0.000131825673856,0.000131825673856,0.000131825673856,0.000131825673856,0.000131825673856,0.000131825673856,1,X101 Z108 Y109 Y115 Z116 X122,0.977133333333,0.00404249458282,0.977133333333,0.00404249458282
0.000131825673856,0.000131825673856,0.000131825673856,0.000131825673856,0.000131825673856,0.000131825673856,0.000131825673856,0.000131825673856,0.000131825673856,0.000131825673856,0.000131825673856,0.000131825673856,0.000131825673856,0.000131825673856,0.000131825673856,0.000131825673856,0.000131825673856,0.000131825673856,1,X102 Z109 Y110 Y116 Z117 X123,0.977933333333,0.003276995166,0.977933333333,0.003276995166
0.000131825673856,0.000131825673856,0.000131825673856,0.000131825673856,0.000131825673856,0.000131825673856,0.000131825673856,0.000131825673856,0.000131825673856,0.000131825673856,0.000131825673856,0.000131825673856,0.000131825673856,0.000131825673856,0.000131825673856,0.000131825673856,0.000131825673856,0.000131825673856,1,X103 Z110 Y111 Y117 Z118 X124,0.976044444444,0.00397668813604,0.976044444444,0.00397668813604
0.000131825673856,0.000131825673856,0.000131825673856,0.000131825673856,0.000131825673856,0.000131825673856,0.000131825673856,0.000131825673856,0.000131825673856,0.000131825673856,0.000131825673856,0.000131825673856,0.000131825673856,0.000131825673856,0.000131825673856,0.000131825673856,0.000131825673856,0.000131825673856,1,X104 Z111 Y112 Y118 Z119 X125,0.970911111111,0.00433990071159,0.970911111111,0.00433990071159
0.000131825673856,0.000131825673856,0.000131825673856,0.000131825673856,0.000131825673856,0.000131825673856,0.000131825673856,0.000131825673856,0.000131825673856,0.000131825673856,0.000131825673856,0.000131825673856,0.000131825673856,0.000131825673856,0.000131825673856,0.000131825673856,0.000131825673856,0.000131825673856,1,X105 Z112 Y119,0.982666666667,0.0033310336895,0.982666666667,0.0033310336895
0.000131825673856,0.000131825673856,0.000131825673856,0.000131825673856,0.000131825673856,0.000131825673856,0.000131825673856,0.000131825673856,0.000131825673856,0.000131825673856,0.000131825673856,0.000131825673856,0.000131825673856,0.000131825673856,0.000131825673856,0.000131825673856,0.000131825673856,0.000131825673856,1,X106 X113,0.990288888889,0.00273858947016,0.990288888889,0.00273858947016
0.000131825673856,0.000131825673856,0.000131825673856,0.000131825673856,0.000131825673856,0.000131825673856,0.000131825673856,0.000131825673856,0.000131825673856,0.000131825673856,0.000131825673856,0.000131825673856,0.000131825673856,0.000131825673856,0.000131825673856,0.000131825673856,0.000131825673856,0.000131825673856,1,X107 X114,0.990977777778,0.00272765506821,0.990977777778,0.00272765506821
0.000131825673856,0.000131825673856,0.000131825673856,0.000131825673856,0.000131825673856,0.000131825673856,0.000131825673856,0.000131825673856,0.000131825673856,0.000131825673856,0.000131825673856,0.000131825673856,0.000131825673856,0.000131825673856,0.000131825673856,0.000131825673856,0.000131825673856,0.000131825673856,1,X108 X115,0.990777777778,0.00189440259052,0.990777777778,0.00189440259052
0.000131825673856,0.000131825673856,0.000131825673856,0.000131825673856,0.000131825673856,0.000131825673856,0.000131825673856,0.000131825673856,0.000131825673856,0.000131825673856,0.000131825673856,0.000131825673856,0.000131825673856,0.000131825673856,0.000131825673856,0.000131825673856,0.000131825673856,0.000131825673856,1,X109 X116,0.992044444444,0.0019646947709,0.992044444444,0.0019646947709
0.000131825673856,0.000131825673856,0.000131825673856,0.000131825673856,0.000131825673856,0.000131825673856,0.000131825673856,0.000131825673856,0.000131825673856,0.000131825673856,0.000131825673856,0.000131825673856,0.000131825673856,0.000131825673856,0.000131825673856,0.000131825673856,0.000131825673856,0.000131825673856,1,X11 Z14 Y15 Y18 Z19 X23,0.978311111111,0.00292293524509,0.978311111111,0.00292293524509
0.000131825673856,0.000131825673856,0.000131825673856,0.000131825673856,0.000131825673856,0.000131825673856,0.000131825673856,0.000131825673856,0.000131825673856,0.000131825673856,0.000131825673856,0.000131825673856,0.000131825673856,0.000131825673856,0.000131825673856,0.000131825673856,0.000131825673856,0.000131825673856,1,X110 X117,0.992466666667,0.00215953734225,0.992466666667,0.00215953734225
0.000131825673856,0.000131825673856,0.000131825673856,0.000131825673856,0.000131825673856,0.000131825673856,0.000131825673856,0.000131825673856,0.000131825673856,0.000131825673856,0.000131825673856,0.000131825673856,0.000131825673856,0.000131825673856,0.000131825673856,0.000131825673856,0.000131825673856,0.000131825673856,1,X111 X118,0.992311111111,0.00154357730832,0.992311111111,0.00154357730832
0.000131825673856,0.000131825673856,0.000131825673856,0.000131825673856,0.000131825673856,0.000131825673856,0.000131825673856,0.000131825673856,0.000131825673856,0.000131825673856,0.000131825673856,0.000131825673856,0.000131825673856,0.000131825673856,0.000131825673856,0.000131825673856,0.000131825673856,0.000131825673856,1,X112 X119,0.987955555556,0.00265476270246,0.987955555556,0.00265476270246
0.000131825673856,0.000131825673856,0.000131825673856,0.000131825673856,0.000131825673856,0.000131825673856,0.000131825673856,0.000131825673856,0.000131825673856,0.000131825673856,0.000131825673856,0.000131825673856,0.000131825673856,0.000131825673856,0.000131825673856,0.000131825673856,0.000131825673856,0.000131825673856,1,X113 Y120 Z126,0.988155555556,0.00221235356609,0.988155555556,0.00221235356609
0.000131825673856,0.000131825673856,0.000131825673856,0.000131825673856,0.000131825673856,0.000131825673856,0.000131825673856,0.000131825673856,0.000131825673856,0.000131825673856,0.000131825673856,0.000131825673856,0.000131825673856,0.000131825673856,0.000131825673856,0.000131825673856,0.000131825673856,0.000131825673856,1,X114 Z120 Y121 Y126 Z127 X132,0.976888888889,0.00427532646091,0.976888888889,0.00427532646091
0.000131825673856,0.000131825673856,0.000131825673856,0.000131825673856,0.000131825673856,0.000131825673856,0.000131825673856,0.000131825673856,0.000131825673856,0.000131825673856,0.000131825673856,0.000131825673856,0.000131825673856,0.000131825673856,0.000131825673856,0.000131825673856,0.000131825673856,0.000131825673856,1,X115 Z121 Y122 Y127 Z128 X133,0.977355555556,0.00339701619504,0.977355555556,0.00339701619504
0.000131825673856,0.000131825673856,0.000131825673856,0.000131825673856,0.000131825673856,0.000131825673856,0.000131825673856,0.000131825673856,0.000131825673856,0.000131825673856,0.000131825673856,0.000131825673856,0.000131825673856,0.000131825673856,0.000131825673856,0.000131825673856,0.000131825673856,0.000131825673856,1,X116 Z122 Y123 Y128 Z129 X134,0.9762,0.0035109025594,0.9762,0.0035109025594
0.000131825673856,0.000131825673856,0.000131825673856,0.000131825673856,0.000131825673856,0.000131825673856,0.000131825673856,0.000131825673856,0.000131825673856,0.000131825673856,0.000131825673856,0.000131825673856,0.000131825673856,0.000131825673856,0.000131825673856,0.000131825673856,0.000131825673856,0.000131825673856,1,X117 Z123 Y124 Y129 Z130 X135,0.975222222222,0.00445697467392,0.975222222222,0.00445697467392
0.000131825673856,0.000131825673856,0.000131825673856,0.000131825673856,0.000131825673856,0.000131825673856,0.000131825673856,0.000131825673856,0.000131825673856,0.000131825673856,0.000131825673856,0.000131825673856,0.000131825673856,0.000131825673856,0.000131825673856,0.000131825673856,0.000131825673856,0.000131825673856,1,X118 Z124 Y125 Y130 Z131 X136,0.976488888889,0.00401504196009,0.976488888889,0.00401504196009
0.000131825673856,0.000131825673856,0.000131825673856,0.000131825673856,0.000131825673856,0.000131825673856,0.000131825673856,0.000131825673856,0.000131825673856,0.000131825673856,0.000131825673856,0.000131825673856,0.000131825673856,0.000131825673856,0.000131825673856,0.000131825673856,0.000131825673856,0.000131825673856,1,X12 X16,0.991466666667,0.00214708213299,0.991466666667,0.00214708213299
0.000131825673856,0.000131825673856,0.000131825673856,0.000131825673856,0.000131825673856,0.000131825673856,0.000131825673856,0.000131825673856,0.000131825673856,0.000131825673856,0.000131825673856,0.000131825673856,0.000131825673856,0.000131825673856,0.000131825673856,0.000131825673856,0.000131825673856,0.000131825673856,1,X120 X126,0.991911111111,0.00246186754849,0.991911111111,0.00246186754849
0.000131825673856,0.000131825673856,0.000131825673856,0.000131825673856,0.000131825673856,0.000131825673856,0.000131825673856,0.000131825673856,0.000131825673856,0.000131825673856,0.000131825673856,0.000131825673856,0.000131825673856,0.000131825673856,0.000131825673856,0.000131825673856,0.000131825673856,0.000131825673856,1,X121 X127,0.991955555556,0.00232878593554,0.991955555556,0.00232878593554
0.000131825673856,0.000131825673856,0.000131825673856,0.000131825673856,0.000131825673856,0.000131825673856,0.000131825673856,0.000131825673856,0.000131825673856,0.000131825673856,0.000131825673856,0.000131825673856,0.000131825673856,0.000131825673856,0.000131825673856,0.000131825673856,0.000131825673856,0.000131825673856,1,X122 X128,0.991377777778,0.00288174773137,0.991377777778,0.00288174773137
0.000131825673856,0.000131825673856,0.000131825673856,0.000131825673856,0.000131825673856,0.000131825673856,0.000131825673856,0.000131825673856,0.000131825673856,0.000131825673856,0.000131825673856,0.000131825673856,0.000131825673856,0.000131825673856,0.000131825673856,0.000131825673856,0.000131825673856,0.000131825673856,1,X123 X129,0.990822222222,0.00171254853293,0.990822222222,0.00171254853293
0.000131825673856,0.000131825673856,0.000131825673856,0.000131825673856,0.000131825673856,0.000131825673856,0.000131825673856,0.000131825673856,0.000131825673856,0.000131825673856,0.000131825673856,0.000131825673856,0.000131825673856,0.000131825673856,0.000131825673856,0.000131825673856,0.000131825673856,0.000131825673856,1,X124 X130,0.990755555556,0.00229430969148,0.990755555556,0.00229430969148
0.000131825673856,0.000131825673856,0.000131825673856,0.000131825673856,0.000131825673856,0.000131825673856,0.000131825673856,0.000131825673856,0.000131825673856,0.000131825673856,0.000131825673856,0.000131825673856,0.000131825673856,0.000131825673856,0.000131825673856,0.000131825673856,0.000131825673856,0.000131825673856,1,X125 X131,0.990244444444,0.0033240483711,0.990244444444,0.0033240483711
0.000131825673856,0.000131825673856,0.000131825673856,0.000131825673856,0.000131825673856,0.000131825673856,0.000131825673856,0.000131825673856,0.000131825673856,0.000131825673856,0.000131825673856,0.000131825673856,0.000131825673856,0.000131825673856,0.000131825673856,0.000131825673856,0.000131825673856,0.000131825673856,1,X127 Z132 Y133 Y137 Z138 X142,0.976288888889,0.00344717479228,0.976288888889,0.00344717479228
0.000131825673856,0.000131825673856,0.000131825673856,0.000131825673856,0.000131825673856,0.000131825673856,0.000131825673856,0.000131825673856,0.000131825673856,0.000131825673856,0.000131825673856,0.000131825673856,0.000131825673856,0.000131825673856,0.000131825673856,0.000131825673856,0.000131825673856,0.000131825673856,1,X128 Z133 Y134 Y138 Z139 X143,0.975977777778,0.00360282279001,0.975977777778,0.00360282279001
0.000131825673856,0.000131825673856,0.000131825673856,0.000131825673856,0.000131825673856,0.000131825673856,0.000131825673856,0.000131825673856,0.000131825673856,0.000131825673856,0.000131825673856,0.000131825673856,0.000131825673856,0.000131825673856,0.000131825673856,0.000131825673856,0.000131825673856,0.000131825673856,1,X129 Z134 Y135 Y139 Z140 X144,0.976711111111,0.00400740056137,0.976711111111,0.00400740056137
0.000131825673856,0.000131825673856,0.000131825673856,0.000131825673856,0.000131825673856,0.000131825673856,0.000131825673856,0.000131825673856,0.000131825673856,0.000131825673856,0.000131825673856,0.000131825673856,0.000131825673856,0.000131825673856,0.000131825673856,0.000131825673856,0.000131825673856,0.000131825673856,1,X13 X17,0.991022222222,0.00206954440603,0.991022222222,0.00206954440603
0.000131825673856,0.000131825673856,0.000131825673856,0.000131825673856,0.000131825673856,0.000131825673856,0.000131825673856,0.000131825673856,0.000131825673856,0.000131825673856,0.000131825673856,0.000131825673856,0.000131825673856,0.000131825673856,0.000131825673856,0.000131825673856,0.000131825673856,0.000131825673856,1,X130 Z135 Y136 Y140 Z141 X145,0.979088888889,0.00330555475064,0.979088888889,0.00330555475064
0.000131825673856,0.000131825673856,0.000131825673856,0.000131825673856,0.000131825673856,0.000131825673856,0.000131825673856,0.000131825673856,0.000131825673856,0.000131825673856,0.000131825673856,0.000131825673856,0.000131825673856,0.000131825673856,0.000131825673856,0.000131825673856,0.000131825673856,0.000131825673856,1,X131 Z136 Y141,0.9876,0.00285860936638,0.9876,0.00285860936638
0.000131825673856,0.000131825673856,0.000131825673856,0.000131825673856,0.000131825673856,0.000131825673856,0.000131825673856,0.000131825673856,0.000131825673856,0.000131825673856,0.000131825673856,0.000131825673856,0.000131825673856,0.000131825673856,0.000131825673856,0.000131825673856,0.000131825673856,0.000131825673856,1,X132 X137,0.990511111111,0.00257713692655,0.990511111111,0.00257713692655
0.000131825673856,0.000131825673856,0.000131825673856,0.000131825673856,0.000131825673856,0.000131825673856,0.000131825673856,0.000131825673856,0.000131825673856,0.000131825673856,0.000131825673856,0.000131825673856,0.000131825673856,0.000131825673856,0.000131825673856,0.000131825673856,0.000131825673856,0.000131825673856,1,X133 X138,0.990911111111,0.00248510248381,0.990911111111,0.00248510248381
0.000131825673856,0.000131825673856,0.000131825673856,0.000131825673856,0.000131825673856,0.000131825673856,0.000131825673856,0.000131825673856,0.000131825673856,0.000131825673856,0.000131825673856,0.000131825673856,0.000131825673856,0.000131825673856,0.000131825673856,0.000131825673856,0.000131825673856,0.000131825673856,1,X134 X139,0.991333333333,0.00224888222554,0.991333333333,0.00224888222554
0.000131825673856,0.000131825673856,0.000131825673856,0.000131825673856,0.000131825673856,0.000131825673856,0.000131825673856,0.000131825673856,0.000131825673856,0.000131825673856,0.000131825673856,0.000131825673856,0.000131825673856,0.000131825673856,0.000131825673856,0.000131825673856,0.000131825673856,0.000131825673856,1,X135 X140,0.991466666667,0.00203720189743,0.991466666667,0.00203720189743
0.000131825673856,0.000131825673856,0.000131825673856,0.000131825673856,0.000131825673856,0.000131825673856,0.000131825673856,0.000131825673856,0.000131825673856,0.000131825673856,0.000131825673856,0.000131825673856,0.000131825673856,0.000131825673856,0.000131825673856,0.000131825673856,0.000131825673856,0.000131825673856,1,X136 X141,0.992266666667,0.0022529673919,0.992266666667,0.0022529673919
0.000131825673856,0.000131825673856,0.000131825673856,0.000131825673856,0.000131825673856,0.000131825673856,0.000131825673856,0.000131825673856,0.000131825673856,0.000131825673856,0.000131825673856,0.000131825673856,0.000131825673856,0.000131825673856,0.000131825673856,0.000131825673856,0.000131825673856,0.000131825673856,1,X137 Y142 Z146,0.9878,0.00264444766412,0.9878,0.00264444766412
0.000131825673856,0.000131825673856,0.000131825673856,0.000131825673856,0.000131825673856,0.000131825673856,0.000131825673856,0.000131825673856,0.000131825673856,0.000131825673856,0.000131825673856,0.000131825673856,0.000131825673856,0.000131825673856,0.000131825673856,0.000131825673856,0.000131825673856,0.000131825673856,1,X138 Z142 Y143 Y146 Z147 X150,0.979822222222,0.00388309365679,0.979822222222,0.00388309365679
0.000131825673856,0.000131825673856,0.000131825673856,0.000131825673856,0.000131825673856,0.000131825673856,0.000131825673856,0.000131825673856,0.000131825673856,0.000131825673856,0.000131825673856,0.000131825673856,0.000131825673856,0.000131825673856,0.000131825673856,0.000131825673856,0.000131825673856,0.000131825673856,1,X139 Z143 Y144 Y147 Z148 X151,0.978511111111,0.00277196326311,0.978511111111,0.00277196326311
0.000131825673856,0.000131825673856,0.000131825673856,0.000131825673856,0.000131825673856,0.000131825673856,0.000131825673856,0.000131825673856,0.000131825673856,0.000131825673856,0.000131825673856,0.000131825673856,0.000131825673856,0.000131825673856,0.000131825673856,0.000131825673856,0.000131825673856,0.000131825673856,1,X14 X18,0.991133333333,0.00232362512391,0.991133333333,0.00232362512391
0.000131825673856,0.000131825673856,0.000131825673856,0.000131825673856,0.000131825673856,0.000131825673856,0.000131825673856,0.000131825673856,0.000131825673856,0.000131825673856,0.000131825673856,0.000131825673856,0.000131825673856,0.000131825673856,0.000131825673856,0.000131825673856,0.000131825673856,0.000131825673856,1,X140 Z144 Y145 Y148 Z149 X152,0.976644444444,0.00380957991201,0.976644444444,0.00380957991201
0.000131825673856,0.000131825673856,0.000131825673856,0.000131825673856,0.000131825673856,0.000131825673856,0.000131825673856,0.000131825673856,0.000131825673856,0.000131825673856,0.000131825673856,0.000131825673856,0.000131825673856,0.000131825673856,0.000131825673856,0.000131825673856,0.000131825673856,0.000131825673856,1,X142 X146,0.9926,0.00238995342939,0.9926,0.00238995342939
0.000131825673856,0.000131825673856,0.000131825673856,0.000131825673856,0.000131825673856,0.000131825673856,0.000131825673856,0.000131825673856,0.000131825673856,0.000131825673856,0.000131825673856,0.000131825673856,0.000131825673856,0.000131825673856,0.000131825673856,0.000131825673856,0.000131825673856,0.000131825673856,1,X143 X147,0.991888888889,0.00298698753066,0.991888888889,0.00298698753066
0.000131825673856,0.000131825673856,0.000131825673856,0.000131825673856,0.000131825673856,0.000131825673856,0.000131825673856,0.000131825673856,0.000131825673856,0.000131825673856,0.000131825673856,0.000131825673856,0.000131825673856,0.000131825673856,0.000131825673856,0.000131825673856,0.000131825673856,0.000131825673856,1,X144 X148,0.990311111111,0.00189965379652,0.990311111111,0.00189965379652
0.000131825673856,0.000131825673856,0.000131825673856,0.000131825673856,0.000131825673856,0.000131825673856,0.000131825673856,0.000131825673856,0.000131825673856,0.000131825673856,0.000131825673856,0.000131825673856,0.000131825673856,0.000131825673856,0.000131825673856,0.000131825673856,0.000131825673856,0.000131825673856,1,X145 X149,0.991755555556,0.00278740095552,0.991755555556,0.00278740095552
0.000131825673856,0.000131825673856,0.000131825673856,0.000131825673856,0.000131825673856,0.000131825673856,0.000131825673856,0.000131825673856,0.000131825673856,0.000131825673856,0.000131825673856,0.000131825673856,0.000131825673856,0.000131825673856,0.000131825673856,0.000131825673856,0.000131825673856,0.000131825673856,1,X147 Z150 Y151 Y153 Z154 X156,0.979022222222,0.00397977004412,0.979022222222,0.00397977004412
0.000131825673856,0.000131825673856,0.000131825673856,0.000131825673856,0.000131825673856,0.000131825673856,0.000131825673856,0.000131825673856,0.000131825673856,0.000131825673856,0.000131825673856,0.000131825673856,0.000131825673856,0.000131825673856,0.000131825673856,0.000131825673856,0.000131825673856,0.000131825673856,1,X148 Z151 Y152 Y154 Z155 X157,0.979488888889,0.00391356157996,0.979488888889,0.00391356157996
0.000131825673856,0.000131825673856,0.000131825673856,0.000131825673856,0.000131825673856,0.000131825673856,0.000131825673856,0.000131825673856,0.000131825673856,0.000131825673856,0.000131825673856,0.000131825673856,0.000131825673856,0.000131825673856,0.000131825673856,0.000131825673856,0.000131825673856,0.000131825673856,1,X149 Z152 Y155,0.987711111111,0.00296432599555,0.987711111111,0.00296432599555
0.000131825673856,0.000131825673856,0.000131825673856,0.000131825673856,0.000131825673856,0.000131825673856,0.000131825673856,0.000131825673856,0.000131825673856,0.000131825673856,0.000131825673856,0.000131825673856,0.000131825673856,0.000131825673856,0.000131825673856,0.000131825673856,0.000131825673856,0.000131825673856,1,X15 X19,0.992733333333,0.00286797617778,0.992733333333,0.00286797617778
0.000131825673856,0.000131825673856,0.000131825673856,0.000131825673856,0.000131825673856,0.000131825673856,0.000131825673856,0.000131825673856,0.000131825673856,0.000131825673856,0.000131825673856,0.000131825673856,0.000131825673856,0.000131825673856,0.000131825673856,0.000131825673856,0.000131825673856,0.000131825673856,1,X150 X153,0.991888888889,0.00240741723154,0.991888888889,0.00240741723154
0.000131825673856,0.000131825673856,0.000131825673856,0.000131825673856,0.000131825673856,0.000131825673856,0.000131825673856,0.000131825673856,0.000131825673856,0.000131825673856,0.000131825673856,0.000131825673856,0.000131825673856,0.000131825673856,0.000131825673856,0.000131825673856,0.000131825673856,0.000131825673856,1,X151 X154,0.990777777778,0.00267861308731,0.990777777778,0.00267861308731
0.000131825673856,0.000131825673856,0.000131825673856,0.000131825673856,0.000131825673856,0.000131825673856,0.000131825673856,0.000131825673856,0.000131825673856,0.000131825673856,0.000131825673856,0.000131825673856,0.000131825673856,0.000131825673856,0.000131825673856,0.000131825673856,0.000131825673856,0.000131825673856,1,X152 X155,0.992688888889,0.00219706061619,0.992688888889,0.00219706061619
0.000131825673856,0.000131825673856,0.000131825673856,0.000131825673856,0.000131825673856,0.000131825673856,0.000131825673856,0.000131825673856,0.000131825673856,0.000131825673856,0.000131825673856,0.000131825673856,0.000131825673856,0.000131825673856,0.000131825673856,0.000131825673856,0.000131825673856,0.000131825673856,1,X153 Y156 Z158,0.987955555556,0.00250016602258,0.987955555556,0.00250016602258
0.000131825673856,0.000131825673856,0.000131825673856,0.000131825673856,0.000131825673856,0.000131825673856,0.000131825673856,0.000131825673856,0.000131825673856,0.000131825673856,0.000131825673856,0.000131825673856,0.000131825673856,0.000131825673856,0.000131825673856,0.000131825673856,0.000131825673856,0.000131825673856,1,X154 Z156 Y157 Y158 Z159 X160,0.980466666667,0.00358006399909,0.980466666667,0.00358006399909
0.000131825673856,0.000131825673856,0.000131825673856,0.000131825673856,0.000131825673856,0.000131825673856,0.000131825673856,0.000131825673856,0.000131825673856,0.000131825673856,0.000131825673856,0.000131825673856,0.000131825673856,0.000131825673856,0.000131825673856,0.000131825673856,0.000131825673856,0.000131825673856,1,X156 X158,0.9926,0.00239635738896,0.9926,0.00239635738896
0.000131825673856,0.000131825673856,0.000131825673856,0.000131825673856,0.000131825673856,0.000131825673856,0.000131825673856,0.000131825673856,0.000131825673856,0.000131825673856,0.000131825673856,0.000131825673856,0.000131825673856,0.000131825673856,0.000131825673856,0.000131825673856,0.000131825673856,0.000131825673856,1,X157 X159,0.992222222222,0.00218201167918,0.992222222222,0.00218201167918
0.000131825673856,0.000131825673856,0.000131825673856,0.000131825673856,0.000131825673856,0.000131825673856,0.000131825673856,0.000131825673856,0.000131825673856,0.000131825673856,0.000131825673856,0.000131825673856,0.000131825673856,0.000131825673856,0.000131825673856,0.000131825673856,0.000131825673856,0.000131825673856,1,X159 Z160 Y161,0.988444444444,0.00247800026491,0.988444444444,0.00247800026491
0.000131825673856,0.000131825673856,0.000131825673856,0.000131825673856,0.000131825673856,0.000131825673856,0.000131825673856,0.000131825673856,0.000131825673856,0.000131825673856,0.000131825673856,0.000131825673856,0.000131825673856,0.000131825673856,0.000131825673856,0.000131825673856,0.000131825673856,0.000131825673856,1,X16 Z20 Y21 Y25 Z26 X31,0.979,0.00366718909549,0.979,0.00366718909549
0.000131825673856,0.000131825673856,0.000131825673856,0.000131825673856,0.000131825673856,0.000131825673856,0.000131825673856,0.000131825673856,0.000131825673856,0.000131825673856,0.000131825673856,0.000131825673856,0.000131825673856,0.000131825673856,0.000131825673856,0.000131825673856,0.000131825673856,0.000131825673856,1,X160 X161,0.9932,0.00216839011915,0.9932,0.00216839011915
0.000131825673856,0.000131825673856,0.000131825673856,0.000131825673856,0.000131825673856,0.000131825673856,0.000131825673856,0.000131825673856,0.000131825673856,0.000131825673856,0.000131825673856,0.000131825673856,0.000131825673856,0.000131825673856,0.000131825673856,0.000131825673856,0.000131825673856,0.000131825673856,1,X17 Z21 Y22 Y26 Z27 X32,0.978022222222,0.00365770412816,0.978022222222,0.00365770412816
0.000131825673856,0.000131825673856,0.000131825673856,0.000131825673856,0.000131825673856,0.000131825673856,0.000131825673856,0.000131825673856,0.000131825673856,0.000131825673856,0.000131825673856,0.000131825673856,0.000131825673856,0.000131825673856,0.000131825673856,0.000131825673856,0.000131825673856,0.000131825673856,1,X18 Z22 Y23 Y27 Z28 X33,0.976955555556,0.00357806571745,0.976955555556,0.00357806571745
0.000131825673856,0.000131825673856,0.000131825673856,0.000131825673856,0.000131825673856,0.000131825673856,0.000131825673856,0.000131825673856,0.000131825673856,0.000131825673856,0.000131825673856,0.000131825673856,0.000131825673856,0.000131825673856,0.000131825673856,0.000131825673856,0.000131825673856,0.000131825673856,1,X19 Z23 Y24 Y28 Z29 X34,0.975666666667,0.00425886499369,0.975666666667,0.00425886499369
0.000131825673856,0.000131825673856,0.000131825673856,0.000131825673856,0.000131825673856,0.000131825673856,0.000131825673856,0.000131825673856,0.000131825673856,0.000131825673856,0.000131825673856,0.000131825673856,0.000131825673856,0.000131825673856,0.000131825673856,0.000131825673856,0.000131825673856,0.000131825673856,1,X2 X4,0.992733333333,0.00156934229824,0.992733333333,0.00156934229824
0.000131825673856,0.000131825673856,0.000131825673856,0.000131825673856,0.000131825673856,0.000131825673856,0.000131825673856,0.000131825673856,0.000131825673856,0.000131825673856,0.000131825673856,0.000131825673856,0.000131825673856,0.000131825673856,0.000131825673856,0.000131825673856,0.000131825673856,0.000131825673856,1,X20 X25,0.992866666667,0.00198962827927,0.992866666667,0.00198962827927
0.000131825673856,0.000131825673856,0.000131825673856,0.000131825673856,0.000131825673856,0.000131825673856,0.000131825673856,0.000131825673856,0.000131825673856,0.000131825673856,0.000131825673856,0.000131825673856,0.000131825673856,0.000131825673856,0.000131825673856,0.000131825673856,0.000131825673856,0.000131825673856,1,X21 X26,0.992155555556,0.00192330600856,0.992155555556,0.00192330600856
0.000131825673856,0.000131825673856,0.000131825673856,0.000131825673856,0.000131825673856,0.000131825673856,0.000131825673856,0.000131825673856,0.000131825673856,0.000131825673856,0.000131825673856,0.000131825673856,0.000131825673856,0.000131825673856,0.000131825673856,0.000131825673856,0.000131825673856,0.000131825673856,1,X22 X27,0.991511111111,0.00235496269558,0.991511111111,0.00235496269558
0.000131825673856,0.000131825673856,0.000131825673856,0.000131825673856,0.000131825673856,0.000131825673856,0.000131825673856,0.000131825673856,0.000131825673856,0.000131825673856,0.000131825673856,0.000131825673856,0.000131825673856,0.000131825673856,0.000131825673856,0.000131825673856,0.000131825673856,0.000131825673856,1,X23 X28,0.990088888889,0.00370454141229,0.990088888889,0.00370454141229
0.000131825673856,0.000131825673856,0.000131825673856,0.000131825673856,0.000131825673856,0.000131825673856,0.000131825673856,0.000131825673856,0.000131825673856,0.000131825673856,0.000131825673856,0.000131825673856,0.000131825673856,0.000131825673856,0.000131825673856,0.000131825673856,0.000131825673856,0.000131825673856,1,X24 X29,0.991244444444,0.00226743282071,0.991244444444,0.00226743282071
0.000131825673856,0.000131825673856,0.000131825673856,0.000131825673856,0.000131825673856,0.000131825673856,0.000131825673856,0.000131825673856,0.000131825673856,0.000131825673856,0.000131825673856,0.000131825673856,0.000131825673856,0.000131825673856,0.000131825673856,0.000131825673856,0.000131825673856,0.000131825673856,1,X25 Z30 Y31 Y36 Z37 X43,0.975155555556,0.00512505178618,0.975155555556,0.00512505178618
0.000131825673856,0.000131825673856,0.000131825673856,0.000131825673856,0.000131825673856,0.000131825673856,0.000131825673856,0.000131825673856,0.000131825673856,0.000131825673856,0.000131825673856,0.000131825673856,0.000131825673856,0.000131825673856,0.000131825673856,0.000131825673856,0.000131825673856,0.000131825673856,1,X26 Z31 Y32 Y37 Z38 X44,0.975777777778,0.00419206816553,0.975777777778,0.00419206816553
0.000131825673856,0.000131825673856,0.000131825673856,0.000131825673856,0.000131825673856,0.000131825673856,0.000131825673856,0.000131825673856,0.000131825673856,0.000131825673856,0.000131825673856,0.000131825673856,0.000131825673856,0.000131825673856,0.000131825673856,0.000131825673856,0.000131825673856,0.000131825673856,1,X27 Z32 Y33 Y38 Z39 X45,0.976355555556,0.00347396814343,0.976355555556,0.00347396814343
0.000131825673856,0.000131825673856,0.000131825673856,0.000131825673856,0.000131825673856,0.000131825673856,0.000131825673856,0.000131825673856,0.000131825673856,0.000131825673856,0.000131825673856,0.000131825673856,0.000131825673856,0.000131825673856,0.000131825673856,0.000131825673856,0.000131825673856,0.000131825673856,1,X28 Z33 Y34 Y39 Z40 X46,0.977888888889,0.00304290309725,0.977888888889,0.00304290309725
0.000131825673856,0.000131825673856,0.000131825673856,0.000131825673856,0.000131825673856,0.000131825673856,0.000131825673856,0.000131825673856,0.000131825673856,0.000131825673856,0.000131825673856,0.000131825673856,0.000131825673856,0.000131825673856,0.000131825673856,0.000131825673856,0.000131825673856,0.000131825673856,1,X29 Z34 Y35 Y40 Z41 X47,0.978111111111,0.00412852272275,0.978111111111,0.00412852272275
0.000131825673856,0.000131825673856,0.000131825673856,0.000131825673856,0.000131825673856,0.000131825673856,0.000131825673856,0.000131825673856,0.000131825673856,0.000131825673856,0.000131825673856,0.000131825673856,0.000131825673856,0.000131825673856,0.000131825673856,0.000131825673856,0.000131825673856,0.000131825673856,1,X3 X5,0.993155555556,0.00198795864287,0.993155555556,0.00198795864287
0.000131825673856,0.000131825673856,0.000131825673856,0.000131825673856,0.000131825673856,0.000131825673856,0.000131825673856,0.000131825673856,0.000131825673856,0.000131825673856,0.000131825673856,0.000131825673856,0.000131825673856,0.000131825673856,0.000131825673856,0.000131825673856,0.000131825673856,0.000131825673856,1,X30 X36,0.989977777778,0.00232582261364,0.989977777778,0.00232582261364
0.000131825673856,0.000131825673856,0.000131825673856,0.000131825673856,0.000131825673856,0.000131825673856,0.000131825673856,0.000131825673856,0.000131825673856,0.000131825673856,0.000131825673856,0.000131825673856,0.000131825673856,0.000131825673856,0.000131825673856,0.000131825673856,0.000131825673856,0.000131825673856,1,X31 X37,0.990688888889,0.00221788849454,0.990688888889,0.00221788849454
0.000131825673856,0.000131825673856,0.000131825673856,0.000131825673856,0.000131825673856,0.000131825673856,0.000131825673856,0.000131825673856,0.000131825673856,0.000131825673856,0.000131825673856,0.000131825673856,0.000131825673856,0.000131825673856,0.000131825673856,0.000131825673856,0.000131825673856,0.000131825673856,1,X32 X38,0.991,0.00271648860569,0.991,0.00271648860569
0.000131825673856,0.000131825673856,0.000131825673856,0.000131825673856,0.000131825673856,0.000131825673856,0.000131825673856,0.000131825673856,0.000131825673856,0.000131825673856,0.000131825673856,0.000131825673856,0.000131825673856,0.000131825673856,0.000131825673856,0.000131825673856,0.000131825673856,0.000131825673856,1,X33 X39,0.9916,0.00236578419682,0.9916,0.00236578419682
0.000131825673856,0.000131825673856,0.000131825673856,0.000131825673856,0.000131825673856,0.000131825673856,0.000131825673856,0.000131825673856,0.000131825673856,0.000131825673856,0.000131825673856,0.000131825673856,0.000131825673856,0.000131825673856,0.000131825673856,0.000131825673856,0.000131825673856,0.000131825673856,1,X34 X40,0.992088888889,0.00210624565365,0.992088888889,0.00210624565365
0.000131825673856,0.000131825673856,0.000131825673856,0.000131825673856,0.000131825673856,0.000131825673856,0.000131825673856,0.000131825673856,0.000131825673856,0.000131825673856,0.000131825673856,0.000131825673856,0.000131825673856,0.000131825673856,0.000131825673856,0.000131825673856,0.000131825673856,0.000131825673856,1,X35 X41,0.992622222222,0.00219322071704,0.992622222222,0.00219322071704
0.000131825673856,0.000131825673856,0.000131825673856,0.000131825673856,0.000131825673856,0.000131825673856,0.000131825673856,0.000131825673856,0.000131825673856,0.000131825673856,0.000131825673856,0.000131825673856,0.000131825673856,0.000131825673856,0.000131825673856,0.000131825673856,0.000131825673856,0.000131825673856,1,X36 Z42 Y43 Y49 Z50 X57,0.9774,0.00347668755022,0.9774,0.00347668755022
0.000131825673856,0.000131825673856,0.000131825673856,0.000131825673856,0.000131825673856,0.000131825673856,0.000131825673856,0.000131825673856,0.000131825673856,0.000131825673856,0.000131825673856,0.000131825673856,0.000131825673856,0.000131825673856,0.000131825673856,0.000131825673856,0.000131825673856,0.000131825673856,1,X37 Z43 Y44 Y50 Z51 X58,0.976555555556,0.00433848794513,0.976555555556,0.00433848794513
0.000131825673856,0.000131825673856,0.000131825673856,0.000131825673856,0.000131825673856,0.000131825673856,0.000131825673856,0.000131825673856,0.000131825673856,0.000131825673856,0.000131825673856,0.000131825673856,0.000131825673856,0.000131825673856,0.000131825673856,0.000131825673856,0.000131825673856,0.000131825673856,1,X38 Z44 Y45 Y51 Z52 X59,0.974688888889,0.00378131454907,0.974688888889,0.00378131454907
0.000131825673856,0.000131825673856,0.000131825673856,0.000131825673856,0.000131825673856,0.000131825673856,0.000131825673856,0.000131825673856,0.000131825673856,0.000131825673856,0.000131825673856,0.000131825673856,0.000131825673856,0.000131825673856,0.000131825673856,0.000131825673856,0.000131825673856,0.000131825673856,1,X39 Z45 Y46 Y52 Z53 X60,0.976955555556,0.00403693041208,0.976955555556,0.00403693041208
0.000131825673856,0.000131825673856,0.000131825673856,0.000131825673856,0.000131825673856,0.000131825673856,0.000131825673856,0.000131825673856,0.000131825673856,0.000131825673856,0.000131825673856,0.000131825673856,0.000131825673856,0.000131825673856,0.000131825673856,0.000131825673856,0.000131825673856,0.000131825673856,1,X4 Z6 Y7 Y9 Z10 X13,0.978911111111,0.00362402935435,0.978911111111,0.00362402935435
0.000131825673856,0.000131825673856,0.000131825673856,0.000131825673856,0.000131825673856,0.000131825673856,0.000131825673856,0.000131825673856,0.000131825673856,0.000131825673856,0.000131825673856,0.000131825673856,0.000131825673856,0.000131825673856,0.000131825673856,0.000131825673856,0.000131825673856,0.000131825673856,1,X40 Z46 Y47 Y53 Z54 X61,0.975577777778,0.00372002279618,0.975577777778,0.00372002279618
0.000131825673856,0.000131825673856,0.000131825673856,0.000131825673856,0.000131825673856,0.000131825673856,0.000131825673856,0.000131825673856,0.000131825673856,0.000131825673856,0.000131825673856,0.000131825673856,0.000131825673856,0.000131825673856,0.000131825673856,0.000131825673856,0.000131825673856,0.000131825673856,1,X41 Z47 Y48 Y54 Z55 X62,0.975777777778,0.00336004621996,0.975777777778,0.00336004621996
0.000131825673856,0.000131825673856,0.000131825673856,0.000131825673856,0.000131825673856,0.000131825673856,0.000131825673856,0.000131825673856,0.000131825673856,0.000131825673856,0.000131825673856,0.000131825673856,0.000131825673856,0.000131825673856,0.000131825673856,0.000131825673856,0.000131825673856,0.000131825673856,1,X42 X49,0.993288888889,0.00262573957227,0.993288888889,0.00262573957227
0.000131825673856,0.000131825673856,0.000131825673856,0.000131825673856,0.000131825673856,0.000131825673856,0.000131825673856,0.000131825673856,0.000131825673856,0.000131825673856,0.000131825673856,0.000131825673856,0.000131825673856,0.000131825673856,0.000131825673856,0.000131825673856,0.000131825673856,0.000131825673856,1,X43 X50,0.992377777778,0.00196274366832,0.992377777778,0.00196274366832
0.000131825673856,0.000131825673856,0.000131825673856,0.000131825673856,0.000131825673856,0.000131825673856,0.000131825673856,0.000131825673856,0.000131825673856,0.000131825673856,0.000131825673856,0.000131825673856,0.000131825673856,0.000131825673856,0.000131825673856,0.000131825673856,0.000131825673856,0.000131825673856,1,X44 X51,0.991155555556,0.00307222551322,0.991155555556,0.00307222551322
0.000131825673856,0.000131825673856,0.000131825673856,0.000131825673856,0.000131825673856,0.000131825673856,0.000131825673856,0.000131825673856,0.000131825673856,0.000131825673856,0.000131825673856,0.000131825673856,0.000131825673856,0.000131825673856,0.000131825673856,0.000131825673856,0.000131825673856,0.000131825673856,1,X45 X52,0.990933333333,0.00219089023002,0.990933333333,0.00219089023002
0.000131825673856,0.000131825673856,0.000131825673856,0.000131825673856,0.000131825673856,0.000131825673856,0.000131825673856,0.000131825673856,0.000131825673856,0.000131825673856,0.000131825673856,0.000131825673856,0.000131825673856,0.000131825673856,0.000131825673856,0.000131825673856,0.000131825673856,0.000131825673856,1,X46 X53,0.9906,0.00218914073662,0.9906,0.00218914073662
0.000131825673856,0.000131825673856,0.000131825673856,0.000131825673856,0.000131825673856,0.000131825673856,0.000131825673856,0.000131825673856,0.000131825673856,0.000131825673856,0.000131825673856,0.000131825673856,0.000131825673856,0.000131825673856,0.000131825673856,0.000131825673856,0.000131825673856,0.000131825673856,1,X47 X54,0.989955555556,0.00328439166482,0.989955555556,0.00328439166482
0.000131825673856,0.000131825673856,0.000131825673856,0.000131825673856,0.000131825673856,0.000131825673856,0.000131825673856,0.000131825673856,0.000131825673856,0.000131825673856,0.000131825673856,0.000131825673856,0.000131825673856,0.000131825673856,0.000131825673856,0.000131825673856,0.000131825673856,0.000131825673856,1,X48 X55,0.989333333333,0.00292433310995,0.989333333333,0.00292433310995
0.000131825673856,0.000131825673856,0.000131825673856,0.000131825673856,0.000131825673856,0.000131825673856,0.000131825673856,0.000131825673856,0.000131825673856,0.000131825673856,0.000131825673856,0.000131825673856,0.000131825673856,0.000131825673856,0.000131825673856,0.000131825673856,0.000131825673856,0.000131825673856,1,X49 Z56 Y57 Y64 Z65 X73,0.970955555556,0.00369605084195,0.970955555556,0.00369605084195
0.000131825673856,0.000131825673856,0.000131825673856,0.000131825673856,0.000131825673856,0.000131825673856,0.000131825673856,0.000131825673856,0.000131825673856,0.000131825673856,0.000131825673856,0.000131825673856,0.000131825673856,0.000131825673856,0.000131825673856,0.000131825673856,0.000131825673856,0.000131825673856,1,X5 Z7 Y8 Y10 Z11 X14,0.978888888889,0.00464637075307,0.978888888889,0.00464637075307
0.000131825673856,0.000131825673856,0.000131825673856,0.000131825673856,0.000131825673856,0.000131825673856,0.000131825673856,0.000131825673856,0.000131825673856,0.000131825673856,0.000131825673856,0.000131825673856,0.000131825673856,0.000131825673856,0.000131825673856,0.000131825673856,0.000131825673856,0.000131825673856,1,X50 Z57 Y58 Y65 Z66 X74,0.971933333333,0.00445445233377,0.971933333333,0.00445445233377
0.000131825673856,0.000131825673856,0.000131825673856,0.000131825673856,0.000131825673856,0.000131825673856,0.000131825673856,0.000131825673856,0.000131825673856,0.000131825673856,0.000131825673856,0.000131825673856,0.000131825673856,0.000131825673856,0.000131825673856,0.000131825673856,0.000131825673856,0.000131825673856,1,X51 Z58 Y59 Y66 Z67 X75,0.9714,0.00476690377997,0.9714,0.00476690377997
0.000131825673856,0.000131825673856,0.000131825673856,0.000131825673856,0.000131825673856,0.000131825673856,0.000131825673856,0.000131825673856,0.000131825673856,0.000131825673856,0.000131825673856,0.000131825673856,0.000131825673856,0.000131825673856,0.000131825673856,0.000131825673856,0.000131825673856,0.000131825673856,1,X52 Z59 Y60 Y67 Z68 X76,0.972577777778,0.00411978994864,0.972577777778,0.00411978994864
0.000131825673856,0.000131825673856,0.000131825673856,0.000131825673856,0.000131825673856,0.000131825673856,0.000131825673856,0.000131825673856,0.000131825673856,0.000131825673856,0.000131825673856,0.000131825673856,0.000131825673856,0.000131825673856,0.000131825673856,0.000131825673856,0.000131825673856,0.000131825673856,1,X53 Z60 Y61 Y68 Z69 X77,0.975155555556,0.0041538730792,0.975155555556,0.0041538730792
0.000131825673856,0.000131825673856,0.000131825673856,0.000131825673856,0.000131825673856,0.000131825673856,0.000131825673856,0.000131825673856,0.000131825673856,0.000131825673856,0.000131825673856,0.000131825673856,0.000131825673856,0.000131825673856,0.000131825673856,0.000131825673856,0.000131825673856,0.000131825673856,1,X54 Z61 Y62 Y69 Z70 X78,0.976466666667,0.00422054816581,0.976466666667,0.00422054816581
0.000131825673856,0.000131825673856,0.000131825673856,0.000131825673856,0.000131825673856,0.000131825673856,0.000131825673856,0.000131825673856,0.000131825673856,0.000131825673856,0.000131825673856,0.000131825673856,0.000131825673856,0.000131825673856,0.000131825673856,0.000131825673856,0.000131825673856,0.000131825673856,1,X55 Z62 Y63 Y70 Z71 X79,0.975466666667,0.00453644247675,0.975466666667,0.00453644247675
0.000131825673856,0.000131825673856,0.000131825673856,0.000131825673856,0.000131825673856,0.000131825673856,0.000131825673856,0.000131825673856,0.000131825673856,0.000131825673856,0.000131825673856,0.000131825673856,0.000131825673856,0.000131825673856,0.000131825673856,0.000131825673856,0.000131825673856,0.000131825673856,1,X56 X64,0.987711111111,0.00324566711859,0.987711111111,0.00324566711859
0.000131825673856,0.000131825673856,0.000131825673856,0.000131825673856,0.000131825673856,0.000131825673856,0.000131825673856,0.000131825673856,0.000131825673856,0.000131825673856,0.000131825673856,0.000131825673856,0.000131825673856,0.000131825673856,0.000131825673856,0.000131825673856,0.000131825673856,0.000131825673856,1,X57 X65,0.9886,0.00235767272743,0.9886,0.00235767272743
0.000131825673856,0.000131825673856,0.000131825673856,0.000131825673856,0.000131825673856,0.000131825673856,0.000131825673856,0.000131825673856,0.000131825673856,0.000131825673856,0.000131825673856,0.000131825673856,0.000131825673856,0.000131825673856,0.000131825673856,0.000131825673856,0.000131825673856,0.000131825673856,1,X58 X66,0.989533333333,0.00229040979117,0.989533333333,0.00229040979117
0.000131825673856,0.000131825673856,0.000131825673856,0.000131825673856,0.000131825673856,0.000131825673856,0.000131825673856,0.000131825673856,0.000131825673856,0.000131825673856,0.000131825673856,0.000131825673856,0.000131825673856,0.000131825673856,0.000131825673856,0.000131825673856,0.000131825673856,0.000131825673856,1,X59 X67,0.988755555556,0.00268803697597,0.988755555556,0.00268803697597
0.000131825673856,0.000131825673856,0.000131825673856,0.000131825673856,0.000131825673856,0.000131825673856,0.000131825673856,0.000131825673856,0.000131825673856,0.000131825673856,0.000131825673856,0.000131825673856,0.000131825673856,0.000131825673856,0.000131825673856,0.000131825673856,0.000131825673856,0.000131825673856,1,X6 X9,0.9922,0.00254401860279,0.9922,0.00254401860279
0.000131825673856,0.000131825673856,0.000131825673856,0.000131825673856,0.000131825673856,0.000131825673856,0.000131825673856,0.000131825673856,0.000131825673856,0.000131825673856,0.000131825673856,0.000131825673856,0.000131825673856,0.000131825673856,0.000131825673856,0.000131825673856,0.000131825673856,0.000131825673856,1,X60 X68,0.990777777778,0.0030529595381,0.990777777778,0.0030529595381
0.000131825673856,0.000131825673856,0.000131825673856,0.000131825673856,0.000131825673856,0.000131825673856,0.000131825673856,0.000131825673856,0.000131825673856,0.000131825673856,0.000131825673856,0.000131825673856,0.000131825673856,0.000131825673856,0.000131825673856,0.000131825673856,0.000131825673856,0.000131825673856,1,X61 X69,0.991066666667,0.0025587353198,0.991066666667,0.0025587353198
0.000131825673856,0.000131825673856,0.000131825673856,0.000131825673856,0.000131825673856,0.000131825673856,0.000131825673856,0.000131825673856,0.000131825673856,0.000131825673856,0.000131825673856,0.000131825673856,0.000131825673856,0.000131825673856,0.000131825673856,0.000131825673856,0.000131825673856,0.000131825673856,1,X62 X70,0.991333333333,0.00244479273033,0.991333333333,0.00244479273033
0.000131825673856,0.000131825673856,0.000131825673856,0.000131825673856,0.000131825673856,0.000131825673856,0.000131825673856,0.000131825673856,0.000131825673856,0.000131825673856,0.000131825673856,0.000131825673856,0.000131825673856,0.000131825673856,0.000131825673856,0.000131825673856,0.000131825673856,0.000131825673856,1,X63 X71,0.992488888889,0.00209310734071,0.992488888889,0.00209310734071
0.000131825673856,0.000131825673856,0.000131825673856,0.000131825673856,0.000131825673856,0.000131825673856,0.000131825673856,0.000131825673856,0.000131825673856,0.000131825673856,0.000131825673856,0.000131825673856,0.000131825673856,0.000131825673856,0.000131825673856,0.000131825673856,0.000131825673856,0.000131825673856,1,X64 Z72 Y73 Y81 Z82 X90,0.977711111111,0.00458109837532,0.977711111111,0.00458109837532
0.000131825673856,0.000131825673856,0.000131825673856,0.000131825673856,0.000131825673856,0.000131825673856,0.000131825673856,0.000131825673856,0.000131825673856,0.000131825673856,0.000131825673856,0.000131825673856,0.000131825673856,0.000131825673856,0.000131825673856,0.000131825673856,0.000131825673856,0.000131825673856,1,X65 Z73 Y74 Y82 Z83 X91,0.976866666667,0.0044503217844,0.976866666667,0.0044503217844
0.000131825673856,0.000131825673856,0.000131825673856,0.000131825673856,0.000131825673856,0.000131825673856,0.000131825673856,0.000131825673856,0.000131825673856,0.000131825673856,0.000131825673856,0.000131825673856,0.000131825673856,0.000131825673856,0.000131825673856,0.000131825673856,0.000131825673856,0.000131825673856,1,X66 Z74 Y75 Y83 Z84 X92,0.977622222222,0.00392919452357,0.977622222222,0.00392919452357
0.000131825673856,0.000131825673856,0.000131825673856,0.000131825673856,0.000131825673856,0.000131825673856,0.000131825673856,0.000131825673856,0.000131825673856,0.000131825673856,0.000131825673856,0.000131825673856,0.000131825673856,0.000131825673856,0.000131825673856,0.000131825673856,0.000131825673856,0.000131825673856,1,X67 Z75 Y76 Y84 Z85 X93,0.977155555556,0.00451454298238,0.977155555556,0.00451454298238
0.000131825673856,0.000131825673856,0.000131825673856,0.000131825673856,0.000131825673856,0.000131825673856,0.000131825673856,0.000131825673856,0.000131825673856,0.000131825673856,0.000131825673856,0.000131825673856,0.000131825673856,0.000131825673856,0.000131825673856,0.000131825673856,0.000131825673856,0.000131825673856,1,X68 Z76 Y77 Y85 Z86 X94,0.976733333333,0.00350740868859,0.976733333333,0.00350740868859
0.000131825673856,0.000131825673856,0.000131825673856,0.000131825673856,0.000131825673856,0.000131825673856,0.000131825673856,0.000131825673856,0.000131825673856,0.000131825673856,0.000131825673856,0.000131825673856,0.000131825673856,0.000131825673856,0.000131825673856,0.000131825673856,0.000131825673856,0.000131825673856,1,X69 Z77 Y78 Y86 Z87 X95,0.979911111111,0.00410114770716,0.979911111111,0.00410114770716
0.000131825673856,0.000131825673856,0.000131825673856,0.000131825673856,0.000131825673856,0.000131825673856,0.000131825673856,0.000131825673856,0.000131825673856,0.000131825673856,0.000131825673856,0.000131825673856,0.000131825673856,0.000131825673856,0.000131825673856,0.000131825673856,0.000131825673856,0.000131825673856,1,X7 X10,0.992644444444,0.00188141410364,0.992644444444,0.00188141410364
0.000131825673856,0.000131825673856,0.000131825673856,0.000131825673856,0.000131825673856,0.000131825673856,0.000131825673856,0.000131825673856,0.000131825673856,0.000131825673856,0.000131825673856,0.000131825673856,0.000131825673856,0.000131825673856,0.000131825673856,0.000131825673856,0.000131825673856,0.000131825673856,1,X70 Z78 Y79 Y87 Z88 X96,0.976555555556,0.0051879120726,0.976555555556,0.0051879120726
0.000131825673856,0.000131825673856,0.000131825673856,0.000131825673856,0.000131825673856,0.000131825673856,0.000131825673856,0.000131825673856,0.000131825673856,0.000131825673856,0.000131825673856,0.000131825673856,0.000131825673856,0.000131825673856,0.000131825673856,0.000131825673856,0.000131825673856,0.000131825673856,1,X71 Z79 Y80 Y88 Z89 X97,0.976977777778,0.00335730841533,0.976977777778,0.00335730841533
0.000131825673856,0.000131825673856,0.000131825673856,0.000131825673856,0.000131825673856,0.000131825673856,0.000131825673856,0.000131825673856,0.000131825673856,0.000131825673856,0.000131825673856,0.000131825673856,0.000131825673856,0.000131825673856,0.000131825673856,0.000131825673856,0.000131825673856,0.000131825673856,1,X72 X81,0.992155555556,0.00263593401817,0.992155555556,0.00263593401817
0.000131825673856,0.000131825673856,0.000131825673856,0.000131825673856,0.000131825673856,0.000131825673856,0.000131825673856,0.000131825673856,0.000131825673856,0.000131825673856,0.000131825673856,0.000131825673856,0.000131825673856,0.000131825673856,0.000131825673856,0.000131825673856,0.000131825673856,0.000131825673856,1,X73 X82,0.991,0.00197105491331,0.991,0.00197105491331
0.000131825673856,0.000131825673856,0.000131825673856,0.000131825673856,0.000131825673856,0.000131825673856,0.000131825673856,0.000131825673856,0.000131825673856,0.000131825673856,0.000131825673856,0.000131825673856,0.000131825673856,0.000131825673856,0.000131825673856,0.000131825673856,0.000131825673856,0.000131825673856,1,X74 X83,0.991644444444,0.00281067114513,0.991644444444,0.00281067114513
0.000131825673856,0.000131825673856,0.000131825673856,0.000131825673856,0.000131825673856,0.000131825673856,0.000131825673856,0.000131825673856,0.000131825673856,0.000131825673856,0.000131825673856,0.000131825673856,0.000131825673856,0.000131825673856,0.000131825673856,0.000131825673856,0.000131825673856,0.000131825673856,1,X75 X84,0.991977777778,0.00212616131591,0.991977777778,0.00212616131591
0.000131825673856,0.000131825673856,0.000131825673856,0.000131825673856,0.000131825673856,0.000131825673856,0.000131825673856,0.000131825673856,0.000131825673856,0.000131825673856,0.000131825673856,0.000131825673856,0.000131825673856,0.000131825673856,0.000131825673856,0.000131825673856,0.000131825673856,0.000131825673856,1,X76 X85,0.990688888889,0.00318272797197,0.990688888889,0.00318272797197
0.000131825673856,0.000131825673856,0.000131825673856,0.000131825673856,0.000131825673856,0.000131825673856,0.000131825673856,0.000131825673856,0.000131825673856,0.000131825673856,0.000131825673856,0.000131825673856,0.000131825673856,0.000131825673856,0.000131825673856,0.000131825673856,0.000131825673856,0.000131825673856,1,X77 X86,0.991555555556,0.00241536165055,0.991555555556,0.00241536165055
0.000131825673856,0.000131825673856,0.000131825673856,0.000131825673856,0.000131825673856,0.000131825673856,0.000131825673856,0.000131825673856,0.000131825673856,0.000131825673856,0.000131825673856,0.000131825673856,0.000131825673856,0.000131825673856,0.000131825673856,0.000131825673856,0.000131825673856,0.000131825673856,1,X78 X87,0.991955555556,0.00184397815276,0.991955555556,0.00184397815276
0.000131825673856,0.000131825673856,0.000131825673856,0.000131825673856,0.000131825673856,0.000131825673856,0.000131825673856,0.000131825673856,0.000131825673856,0.000131825673856,0.000131825673856,0.000131825673856,0.000131825673856,0.000131825673856,0.000131825673856,0.000131825673856,0.000131825673856,0.000131825673856,1,X79 X88,0.990244444444,0.00214052905218,0.990244444444,0.00214052905218
0.000131825673856,0.000131825673856,0.000131825673856,0.000131825673856,0.000131825673856,0.000131825673856,0.000131825673856,0.000131825673856,0.000131825673856,0.000131825673856,0.000131825673856,0.000131825673856,0.000131825673856,0.000131825673856,0.000131825673856,0.000131825673856,0.000131825673856,0.000131825673856,1,X8 X11,0.991755555556,0.00273186578676,0.991755555556,0.00273186578676
0.000131825673856,0.000131825673856,0.000131825673856,0.000131825673856,0.000131825673856,0.000131825673856,0.000131825673856,0.000131825673856,0.000131825673856,0.000131825673856,0.000131825673856,0.000131825673856,0.000131825673856,0.000131825673856,0.000131825673856,0.000131825673856,0.000131825673856,0.000131825673856,1,X80 X89,0.990377777778,0.00235983851213,0.990377777778,0.00235983851213
0.000131825673856,0.000131825673856,0.000131825673856,0.000131825673856,0.000131825673856,0.000131825673856,0.000131825673856,0.000131825673856,0.000131825673856,0.000131825673856,0.000131825673856,0.000131825673856,0.000131825673856,0.000131825673856,0.000131825673856,0.000131825673856,0.000131825673856,0.000131825673856,1,X81 Y90 Z98,0.9874,0.00235116340322,0.9874,0.00235116340322
0.000131825673856,0.000131825673856,0.000131825673856,0.000131825673856,0.000131825673856,0.000131825673856,0.000131825673856,0.000131825673856,0.000131825673856,0.000131825673856,0.000131825673856,0.000131825673856,0.000131825673856,0.000131825673856,0.000131825673856,0.000131825673856,0.000131825673856,0.000131825673856,1,X82 Z90 Y91 Y98 Z99 X106,0.977155555556,0.00406436088139,0.977155555556,0.00406436088139
0.000131825673856,0.000131825673856,0.000131825673856,0.000131825673856,0.000131825673856,0.000131825673856,0.000131825673856,0.000131825673856,0.000131825673856,0.000131825673856,0.000131825673856,0.000131825673856,0.000131825673856,0.000131825673856,0.000131825673856,0.000131825673856,0.000131825673856,0.000131825673856,1,X83 Z91 Y92 Y99 Z100 X107,0.976044444444,0.00393406707878,0.976044444444,0.00393406707878
0.000131825673856,0.000131825673856,0.000131825673856,0.000131825673856,0.000131825673856,0.000131825673856,0.000131825673856,0.000131825673856,0.000131825673856,0.000131825673856,0.000131825673856,0.000131825673856,0.000131825673856,0.000131825673856,0.000131825673856,0.000131825673856,0.000131825673856,0.000131825673856,1,X84 Z92 Y93 Y100 Z101 X108,0.976288888889,0.00350886489088,0.976288888889,0.00350886489088
0.000131825673856,0.000131825673856,0.000131825673856,0.000131825673856,0.000131825673856,0.000131825673856,0.000131825673856,0.000131825673856,0.000131825673856,0.000131825673856,0.000131825673856,0.000131825673856,0.000131825673856,0.000131825673856,0.000131825673856,0.000131825673856,0.000131825673856,0.000131825673856,1,X85 Z93 Y94 Y101 Z102 X109,0.975666666667,0.00438649966492,0.975666666667,0.00438649966492
0.000131825673856,0.000131825673856,0.000131825673856,0.000131825673856,0.000131825673856,0.000131825673856,0.000131825673856,0.000131825673856,0.000131825673856,0.000131825673856,0.000131825673856,0.000131825673856,0.000131825673856,0.000131825673856,0.000131825673856,0.000131825673856,0.000131825673856,0.000131825673856,1,X86 Z94 Y95 Y102 Z103 X110,0.977444444444,0.00452860921309,0.977444444444,0.00452860921309
0.000131825673856,0.000131825673856,0.000131825673856,0.000131825673856,0.000131825673856,0.000131825673856,0.000131825673856,0.000131825673856,0.000131825673856,0.000131825673856,0.000131825673856,0.000131825673856,0.000131825673856,0.000131825673856,0.000131825673856,0.000131825673856,0.000131825673856,0.000131825673856,1,X87 Z95 Y96 Y103 Z104 X111,0.974444444444,0.00481801642253,0.974444444444,0.00481801642253
0.000131825673856,0.000131825673856,0.000131825673856,0.000131825673856,0.000131825673856,0.000131825673856,0.000131825673856,0.000131825673856,0.000131825673856,0.000131825673856,0.000131825673856,0.000131825673856,0.000131825673856,0.000131825673856,0.000131825673856,0.000131825673856,0.000131825673856,0.000131825673856,1,X88 Z96 Y97 Y104 Z105 X112,0.9722,0.00422780433581,0.9722,0.00422780433581
0.000131825673856,0.000131825673856,0.000131825673856,0.000131825673856,0.000131825673856,0.000131825673856,0.000131825673856,0.000131825673856,0.000131825673856,0.000131825673856,0.000131825673856,0.000131825673856,0.000131825673856,0.000131825673856,0.000131825673856,0.000131825673856,0.000131825673856,0.000131825673856,1,X9 Z12 Y13 Y16 Z17 X21,0.977555555556,0.00357227868007,0.977555555556,0.00357227868007
0.000131825673856,0.000131825673856,0.000131825673856,0.000131825673856,0.000131825673856,0.000131825673856,0.000131825673856,0.000131825673856,0.000131825673856,0.000131825673856,0.000131825673856,0.000131825673856,0.000131825673856,0.000131825673856,0.000131825673856,0.000131825673856,0.000131825673856,0.000131825673856,1,X90 X98,0.993288888889,0.00211495918701,0.993288888889,0.00211495918701
0.000131825673856,0.000131825673856,0.000131825673856,0.000131825673856,0.000131825673856,0.000131825673856,0.000131825673856,0.000131825673856,0.000131825673856,0.000131825673856,0.000131825673856,0.000131825673856,0.000131825673856,0.000131825673856,0.000131825673856,0.000131825673856,0.000131825673856,0.000131825673856,1,X91 X99,0.9916,0.00257664131376,0.9916,0.00257664131376
0.000131825673856,0.000131825673856,0.000131825673856,0.000131825673856,0.000131825673856,0.000131825673856,0.000131825673856,0.000131825673856,0.000131825673856,0.000131825673856,0.000131825673856,0.000131825673856,0.000131825673856,0.000131825673856,0.000131825673856,0.000131825673856,0.000131825673856,0.000131825673856,1,X92 X100,0.990866666667,0.00213096132499,0.990866666667,0.00213096132499
0.000131825673856,0.000131825673856,0.000131825673856,0.000131825673856,0.000131825673856,0.000131825673856,0.000131825673856,0.000131825673856,0.000131825673856,0.000131825673856,0.000131825673856,0.000131825673856,0.000131825673856,0.000131825673856,0.000131825673856,0.000131825673856,0.000131825673856,0.000131825673856,1,X93 X101,0.991377777778,0.00191732039493,0.991377777778,0.00191732039493
0.000131825673856,0.000131825673856,0.000131825673856,0.000131825673856,0.000131825673856,0.000131825673856,0.000131825673856,0.000131825673856,0.000131825673856,0.000131825673856,0.000131825673856,0.000131825673856,0.000131825673856,0.000131825673856,0.000131825673856,0.000131825673856,0.000131825673856,0.000131825673856,1,X94 X102,0.990333333333,0.00251127724673,0.990333333333,0.00251127724673
0.000131825673856,0.000131825673856,0.000131825673856,0.000131825673856,0.000131825673856,0.000131825673856,0.000131825673856,0.000131825673856,0.000131825673856,0.000131825673856,0.000131825673856,0.000131825673856,0.000131825673856,0.000131825673856,0.000131825673856,0.000131825673856,0.000131825673856,0.000131825673856,1,X95 X103,0.990666666667,0.00207890333601,0.990666666667,0.00207890333601
0.000131825673856,0.000131825673856,0.000131825673856,0.000131825673856,0.000131825673856,0.000131825673856,0.000131825673856,0.000131825673856,0.000131825673856,0.000131825673856,0.000131825673856,0.000131825673856,0.000131825673856,0.000131825673856,0.000131825673856,0.000131825673856,0.000131825673856,0.000131825673856,1,X96 X104,0.990488888889,0.00246932651456,0.990488888889,0.00246932651456
0.000131825673856,0.000131825673856,0.000131825673856,0.000131825673856,0.000131825673856,0.000131825673856,0.000131825673856,0.000131825673856,0.000131825673856,0.000131825673856,0.000131825673856,0.000131825673856,0.000131825673856,0.000131825673856,0.000131825673856,0.000131825673856,0.000131825673856,0.000131825673856,1,X97 X105,0.992533333333,0.00214708213299,0.992533333333,0.00214708213299
0.000131825673856,0.000131825673856,0.000131825673856,0.000131825673856,0.000131825673856,0.000131825673856,0.000131825673856,0.000131825673856,0.000131825673856,0.000131825673856,0.000131825673856,0.000131825673856,0.000131825673856,0.000131825673856,0.000131825673856,0.000131825673856,0.000131825673856,0.000131825673856,1,X99 Z106 Y107 Y113 Z114 X120,0.976755555556,0.00281067114513,0.976755555556,0.00281067114513
0.000131825673856,0.000131825673856,0.000131825673856,0.000131825673856,0.000131825673856,0.000131825673856,0.000131825673856,0.000131825673856,0.000131825673856,0.000131825673856,0.000131825673856,0.000131825673856,0.000131825673856,0.000131825673856,0.000131825673856,0.000131825673856,0.000131825673856,0.000131825673856,1,Y0 Z1 X2,0.987822222222,0.00281176146824,0.987822222222,0.00281176146824
0.000131825673856,0.000131825673856,0.000131825673856,0.000131825673856,0.000131825673856,0.000131825673856,0.000131825673856,0.000131825673856,0.000131825673856,0.000131825673856,0.000131825673856,0.000131825673856,0.000131825673856,0.000131825673856,0.000131825673856,0.000131825673856,0.000131825673856,0.000131825673856,1,Y20 Z25 X30,0.986044444444,0.00296561822276,0.986044444444,0.00296561822276
0.000131825673856,0.000131825673856,0.000131825673856,0.000131825673856,0.000131825673856,0.000131825673856,0.000131825673856,0.000131825673856,0.000131825673856,0.000131825673856,0.000131825673856,0.000131825673856,0.000131825673856,0.000131825673856,0.000131825673856,0.000131825673856,0.000131825673856,0.000131825673856,1,Y42 Z49 X56,0.983022222222,0.00313053596495,0.983022222222,0.00313053596495
0.000131825673856,0.000131825673856,0.000131825673856,0.000131825673856,0.000131825673856,0.000131825673856,0.000131825673856,0.000131825673856,0.000131825673856,0.000131825673856,0.000131825673856,0.000131825673856,0.000131825673856,0.000131825673856,0.000131825673856,0.000131825673856,0.000131825673856,0.000131825673856,1,Y6 Z9 X12,0.986844444444,0.00270055100569,0.986844444444,0.00270055100569
0.000131825673856,0.000131825673856,0.000131825673856,0.000131825673856,0.000131825673856,0.000131825673856,0.000131825673856,0.000131825673856,0.000131825673856,0.000131825673856,0.000131825673856,0.000131825673856,0.000131825673856,0.000131825673856,0.000131825673856,0.000131825673856,0.000131825673856,0.000131825673856,1,Z15 Y19 X24,0.986777777778,0.00336346534188,0.986777777778,0.00336346534188
0.000131825673856,0.000131825673856,0.000131825673856,0.000131825673856,0.000131825673856,0.000131825673856,0.000131825673856,0.000131825673856,0.000131825673856,0.000131825673856,0.000131825673856,0.000131825673856,0.000131825673856,0.000131825673856,0.000131825673856,0.000131825673856,0.000131825673856,0.000131825673856,1,Z3 Y5 X8,0.988355555556,0.0030712276594,0.988355555556,0.0030712276594
0.000131825673856,0.000131825673856,0.000131825673856,0.000131825673856,0.000131825673856,0.000131825673856,0.000131825673856,0.000131825673856,0.000131825673856,0.000131825673856,0.000131825673856,0.000131825673856,0.000131825673856,0.000131825673856,0.000131825673856,0.000131825673856,0.000131825673856,0.000131825673856,1,Z35 Y41 X48,0.987888888889,0.00318080128382,0.987888888889,0.00318080128382
0.000131825673856,0.000131825673856,0.000131825673856,0.000131825673856,0.000131825673856,0.000131825673856,0.000131825673856,0.000131825673856,0.000131825673856,0.000131825673856,0.000131825673856,0.000131825673856,0.000131825673856,0.000131825673856,0.000131825673856,0.000131825673856,0.000131825673856,0.000131825673856,1,Z63 Y71 X80,0.987244444444,0.00309112353358,0.987244444444,0.00309112353358
0.000131825673856,0.000131825673856,0.000131825673856,0.000131825673856,0.000131825673856,0.000131825673856,0.000131825673856,0.000131825673856,0.000131825673856,0.000131825673856,0.000131825673856,0.000131825673856,0.000131825673856,0.000131825673856,0.000131825673856,0.000131825673856,0.000131825673856,0.000131825673856,5,Logical X,0.986222222222,0.0029933941746,0.985288888889,0.00301176916648
0.000131825673856,0.000131825673856,0.000131825673856,0.000131825673856,0.000131825673856,0.000131825673856,0.000131825673856,0.000131825673856,0.000131825673856,0.000131825673856,0.000131825673856,0.000131825673856,0.000131825673856,0.000131825673856,0.000131825673856,0.000131825673856,0.000131825673856,0.000131825673856,5,Logical Y,0.0182,0.0142867728125,0.00242222222222,0.0170322959698
0.000131825673856,0.000131825673856,0.000131825673856,0.000131825673856,0.000131825673856,0.000131825673856,0.000131825673856,0.000131825673856,0.000131825673856,0.000131825673856,0.000131825673856,0.000131825673856,0.000131825673856,0.000131825673856,0.000131825673856,0.000131825673856,0.000131825673856,0.000131825673856,5,Logical Z,0.0154444444444,0.0130558286431,-0.00437777777778,0.0166613171491
0.000131825673856,0.000131825673856,0.000131825673856,0.000131825673856,0.000131825673856,0.000131825673856,0.000131825673856,0.000131825673856,0.000131825673856,0.000131825673856,0.000131825673856,0.000131825673856,0.000131825673856,0.000131825673856,0.000131825673856,0.000131825673856,0.000131825673856,0.000131825673856,5,X0 X1,0.992977777778,0.00221269990474,0.992977777778,0.00221269990474
0.000131825673856,0.000131825673856,0.000131825673856,0.000131825673856,0.000131825673856,0.000131825673856,0.000131825673856,0.000131825673856,0.000131825673856,0.000131825673856,0.000131825673856,0.000131825673856,0.000131825673856,0.000131825673856,0.000131825673856,0.000131825673856,0.000131825673856,0.000131825673856,5,X1 Z2 Y3 Y4 Z5 X7,0.980688888889,0.00328229119739,0.980688888889,0.00328229119739
0.000131825673856,0.000131825673856,0.000131825673856,0.000131825673856,0.000131825673856,0.000131825673856,0.000131825673856,0.000131825673856,0.000131825673856,0.000131825673856,0.000131825673856,0.000131825673856,0.000131825673856,0.000131825673856,0.000131825673856,0.000131825673856,0.000131825673856,0.000131825673856,5,X10 Z13 Y14 Y17 Z18 X22,0.9788,0.00370316215709,0.9788,0.00370316215709
0.000131825673856,0.000131825673856,0.000131825673856,0.000131825673856,0.000131825673856,0.000131825673856,0.000131825673856,0.000131825673856,0.000131825673856,0.000131825673856,0.000131825673856,0.000131825673856,0.000131825673856,0.000131825673856,0.000131825673856,0.000131825673856,0.000131825673856,0.000131825673856,5,X100 Z107 Y108 Y114 Z115 X121,0.9768,0.00344591490056,0.9768,0.00344591490056
0.000131825673856,0.000131825673856,0.000131825673856,0.000131825673856,0.000131825673856,0.000131825673856,0.000131825673856,0.000131825673856,0.000131825673856,0.000131825673856,0.000131825673856,0.000131825673856,0.000131825673856,0.000131825673856,0.000131825673856,0.000131825673856,0.000131825673856,0.000131825673856,5,X101 Z108 Y109 Y115 Z116 X122,0.978911111111,0.00450281592043,0.978911111111,0.00450281592043
0.000131825673856,0.000131825673856,0.000131825673856,0.000131825673856,0.000131825673856,0.000131825673856,0.000131825673856,0.000131825673856,0.000131825673856,0.000131825673856,0.000131825673856,0.000131825673856,0.000131825673856,0.000131825673856,0.000131825673856,0.000131825673856,0.000131825673856,0.000131825673856,5,X102 Z109 Y110 Y116 Z117 X123,0.976977777778,0.0036166212014,0.976977777778,0.0036166212014
0.000131825673856,0.000131825673856,0.000131825673856,0.000131825673856,0.000131825673856,0.000131825673856,0.000131825673856,0.000131825673856,0.000131825673856,0.000131825673856,0.000131825673856,0.000131825673856,0.000131825673856,0.000131825673856,0.000131825673856,0.000131825673856,0.000131825673856,0.000131825673856,5,X103 Z110 Y111 Y117 Z118 X124,0.975511111111,0.0031315149203,0.975511111111,0.0031315149203
0.000131825673856,0.000131825673856,0.000131825673856,0.000131825673856,0.000131825673856,0.000131825673856,0.000131825673856,0.000131825673856,0.000131825673856,0.000131825673856,0.000131825673856,0.000131825673856,0.000131825673856,0.000131825673856,0.000131825673856,0.000131825673856,0.000131825673856,0.000131825673856,5,X104 Z111 Y112 Y118 Z119 X125,0.969911111111,0.00510647799337,0.969911111111,0.00510647799337
0.000131825673856,0.000131825673856,0.000131825673856,0.000131825673856,0.000131825673856,0.000131825673856,0.000131825673856,0.000131825673856,0.000131825673856,0.000131825673856,0.000131825673856,0.000131825673856,0.000131825673856,0.000131825673856,0.000131825673856,0.000131825673856,0.000131825673856,0.000131825673856,5,X105 Z112 Y119,0.984244444444,0.00346844929115,0.984244444444,0.00346844929115
0.000131825673856,0.000131825673856,0.000131825673856,0.000131825673856,0.000131825673856,0.000131825673856,0.000131825673856,0.000131825673856,0.000131825673856,0.000131825673856,0.000131825673856,0.000131825673856,0.000131825673856,0.000131825673856,0.000131825673856,0.000131825673856,0.000131825673856,0.000131825673856,5,X106 X113,0.990622222222,0.00235496269558,0.990622222222,0.00235496269558
0.000131825673856,0.000131825673856,0.000131825673856,0.000131825673856,0.000131825673856,0.000131825673856,0.000131825673856,0.000131825673856,0.000131825673856,0.000131825673856,0.000131825673856,0.000131825673856,0.000131825673856,0.000131825673856,0.000131825673856,0.000131825673856,0.000131825673856,0.000131825673856,5,X107 X114,0.990333333333,0.00263050189696,0.990333333333,0.00263050189696
0.000131825673856,0.000131825673856,0.000131825673856,0.000131825673856,0.000131825673856,0.000131825673856,0.000131825673856,0.000131825673856,0.000131825673856,0.000131825673856,0.000131825673856,0.000131825673856,0.000131825673856,0.000131825673856,0.000131825673856,0.000131825673856,0.000131825673856,0.000131825673856,5,X108 X115,0.9912,0.00242843941816,0.9912,0.00242843941816
0.000131825673856,0.000131825673856,0.000131825673856,0.000131825673856,0.000131825673856,0.000131825673856,0.000131825673856,0.000131825673856,0.000131825673856,0.000131825673856,0.000131825673856,0.000131825673856,0.000131825673856,0.000131825673856,0.000131825673856,0.000131825673856,0.000131825673856,0.000131825673856,5,X109 X116,0.991666666667,0.00220587859665,0.991666666667,0.00220587859665
0.000131825673856,0.000131825673856,0.000131825673856,0.000131825673856,0.000131825673856,0.000131825673856,0.000131825673856,0.000131825673856,0.000131825673856,0.000131825673856,0.000131825673856,0.000131825673856,0.000131825673856,0.000131825673856,0.000131825673856,0.000131825673856,0.000131825673856,0.000131825673856,5,X11 Z14 Y15 Y18 Z19 X23,0.977822222222,0.0037546735458,0.977822222222,0.0037546735458
0.000131825673856,0.000131825673856,0.000131825673856,0.000131825673856,0.000131825673856,0.000131825673856,0.000131825673856,0.000131825673856,0.000131825673856,0.000131825673856,0.000131825673856,0.000131825673856,0.000131825673856,0.000131825673856,0.000131825673856,0.000131825673856,0.000131825673856,0.000131825673856,5,X110 X117,0.991822222222,0.0019093103875,0.991822222222,0.0019093103875
0.000131825673856,0.000131825673856,0.000131825673856,0.000131825673856,0.000131825673856,0.000131825673856,0.000131825673856,0.000131825673856,0.000131825673856,0.000131825673856,0.000131825673856,0.000131825673856,0.000131825673856,0.000131825673856,0.000131825673856,0.000131825673856,0.000131825673856,0.000131825673856,5,X111 X118,0.992511111111,0.0018251821582,0.992511111111,0.0018251821582
0.000131825673856,0.000131825673856,0.000131825673856,0.000131825673856,0.000131825673856,0.000131825673856,0.000131825673856,0.000131825673856,0.000131825673856,0.000131825673856,0.000131825673856,0.000131825673856,0.000131825673856,0.000131825673856,0.000131825673856,0.000131825673856,0.000131825673856,0.000131825673856,5,X112 X119,0.987488888889,0.00274975907455,0.987488888889,0.00274975907455
0.000131825673856,0.000131825673856,0.000131825673856,0.000131825673856,0.000131825673856,0.000131825673856,0.000131825673856,0.000131825673856,0.000131825673856,0.000131825673856,0.000131825673856,0.000131825673856,0.000131825673856,0.000131825673856,0.000131825673856,0.000131825673856,0.000131825673856,0.000131825673856,5,X113 Y120 Z126,0.987266666667,0.00345457661905,0.987266666667,0.00345457661905
0.000131825673856,0.000131825673856,0.000131825673856,0.000131825673856,0.000131825673856,0.000131825673856,0.000131825673856,0.000131825673856,0.000131825673856,0.000131825673856,0.000131825673856,0.000131825673856,0.000131825673856,0.000131825673856,0.000131825673856,0.000131825673856,0.000131825673856,0.000131825673856,5,X114 Z120 Y121 Y126 Z127 X132,0.978755555556,0.0033527404395,0.978755555556,0.0033527404395
0.000131825673856,0.000131825673856,0.000131825673856,0.000131825673856,0.000131825673856,0.000131825673856,0.000131825673856,0.000131825673856,0.000131825673856,0.000131825673856,0.000131825673856,0.000131825673856,0.000131825673856,0.000131825673856,0.000131825673856,0.000131825673856,0.000131825673856,0.000131825673856,5,X115 Z121 Y122 Y127 Z128 X133,0.976955555556,0.00355658509999,0.976955555556,0.00355658509999
0.000131825673856,0.000131825673856,0.000131825673856,0.000131825673856,0.000131825673856,0.000131825673856,0.000131825673856,0.000131825673856,0.000131825673856,0.000131825673856,0.000131825673856,0.000131825673856,0.000131825673856,0.000131825673856,0.000131825673856,0.000131825673856,0.000131825673856,0.000131825673856,5,X116 Z122 Y123 Y128 Z129 X134,0.976844444444,0.00395737183321,0.976844444444,0.00395737183321
0.000131825673856,0.000131825673856,0.000131825673856,0.000131825673856,0.000131825673856,0.000131825673856,0.000131825673856,0.000131825673856,0.000131825673856,0.000131825673856,0.000131825673856,0.000131825673856,0.000131825673856,0.000131825673856,0.000131825673856,0.000131825673856,0.000131825673856,0.000131825673856,5,X117 Z123 Y124 Y129 Z130 X135,0.975222222222,0.0039618229224,0.975222222222,0.0039618229224
0.000131825673856,0.000131825673856,0.000131825673856,0.000131825673856,0.000131825673856,0.000131825673856,0.000131825673856,0.000131825673856,0.000131825673856,0.000131825673856,0.000131825673856,0.000131825673856,0.000131825673856,0.000131825673856,0.000131825673856,0.000131825673856,0.000131825673856,0.000131825673856,5,X118 Z124 Y125 Y130 Z131 X136,0.975822222222,0.00390670249614,0.975822222222,0.00390670249614
0.000131825673856,0.000131825673856,0.000131825673856,0.000131825673856,0.000131825673856,0.000131825673856,0.000131825673856,0.000131825673856,0.000131825673856,0.000131825673856,0.000131825673856,0.000131825673856,0.000131825673856,0.000131825673856,0.000131825673856,0.000131825673856,0.000131825673856,0.000131825673856,5,X12 X16,0.991244444444,0.00238599575321,0.991244444444,0.00238599575321
0.000131825673856,0.000131825673856,0.000131825673856,0.000131825673856,0.000131825673856,0.000131825673856,0.000131825673856,0.000131825673856,0.000131825673856,0.000131825673856,0.000131825673856,0.000131825673856,0.000131825673856,0.000131825673856,0.000131825673856,0.000131825673856,0.000131825673856,0.000131825673856,5,X120 X126,0.992644444444,0.00240996229495,0.992644444444,0.00240996229495
0.000131825673856,0.000131825673856,0.000131825673856,0.000131825673856,0.000131825673856,0.000131825673856,0.000131825673856,0.000131825673856,0.000131825673856,0.000131825673856,0.000131825673856,0.000131825673856,0.000131825673856,0.000131825673856,0.000131825673856,0.000131825673856,0.000131825673856,0.000131825673856,5,X121 X127,0.991844444444,0.00241758140965,0.991844444444,0.00241758140965
0.000131825673856,0.000131825673856,0.000131825673856,0.000131825673856,0.000131825673856,0.000131825673856,0.000131825673856,0.000131825673856,0.000131825673856,0.000131825673856,0.000131825673856,0.000131825673856,0.000131825673856,0.000131825673856,0.000131825673856,0.000131825673856,0.000131825673856,0.000131825673856,5,X122 X128,0.990644444444,0.00330555475064,0.990644444444,0.00330555475064
0.000131825673856,0.000131825673856,0.000131825673856,0.000131825673856,0.000131825673856,0.000131825673856,0.000131825673856,0.000131825673856,0.000131825673856,0.000131825673856,0.000131825673856,0.000131825673856,0.000131825673856,0.000131825673856,0.000131825673856,0.000131825673856,0.000131825673856,0.000131825673856,5,X123 X129,0.990666666667,0.00245729814557,0.990666666667,0.00245729814557
0.000131825673856,0.000131825673856,0.000131825673856,0.000131825673856,0.000131825673856,0.000131825673856,0.000131825673856,0.000131825673856,0.000131825673856,0.000131825673856,0.000131825673856,0.000131825673856,0.000131825673856,0.000131825673856,0.000131825673856,0.000131825673856,0.000131825673856,0.000131825673856,5,X124 X130,0.990377777778,0.00254722948185,0.990377777778,0.00254722948185
0.000131825673856,0.000131825673856,0.000131825673856,0.000131825673856,0.000131825673856,0.000131825673856,0.000131825673856,0.000131825673856,0.000131825673856,0.000131825673856,0.000131825673856,0.000131825673856,0.000131825673856,0.000131825673856,0.000131825673856,0.000131825673856,0.000131825673856,0.000131825673856,5,X125 X131,0.989977777778,0.0028952773454,0.989977777778,0.0028952773454
0.000131825673856,0.000131825673856,0.000131825673856,0.000131825673856,0.000131825673856,0.000131825673856,0.000131825673856,0.000131825673856,0.000131825673856,0.000131825673856,0.000131825673856,0.000131825673856,0.000131825673856,0.000131825673856,0.000131825673856,0.000131825673856,0.000131825673856,0.000131825673856,5,X127 Z132 Y133 Y137 Z138 X142,0.9774,0.00490632557535,0.9774,0.00490632557535
0.000131825673856,0.000131825673856,0.000131825673856,0.000131825673856,0.000131825673856,0.000131825673856,0.000131825673856,0.000131825673856,0.000131825673856,0.000131825673856,0.000131825673856,0.000131825673856,0.000131825673856,0.000131825673856,0.000131825673856,0.000131825673856,0.000131825673856,0.000131825673856,5,X128 Z133 Y134 Y138 Z139 X143,0.976133333333,0.00395142924819,0.976133333333,0.00395142924819
0.000131825673856,0.000131825673856,0.000131825673856,0.000131825673856,0.000131825673856,0.000131825673856,0.000131825673856,0.000131825673856,0.000131825673856,0.000131825673856,0.000131825673856,0.000131825673856,0.000131825673856,0.000131825673856,0.000131825673856,0.000131825673856,0.000131825673856,0.000131825673856,5,X129 Z134 Y135 Y139 Z140 X144,0.977,0.00371700039737,0.977,0.00371700039737
0.000131825673856,0.000131825673856,0.000131825673856,0.000131825673856,0.000131825673856,0.000131825673856,0.000131825673856,0.000131825673856,0.000131825673856,0.000131825673856,0.000131825673856,0.000131825673856,0.000131825673856,0.000131825673856,0.000131825673856,0.000131825673856,0.000131825673856,0.000131825673856,5,X13 X17,0.991222222222,0.00263825864626,0.991222222222,0.00263825864626
0.000131825673856,0.000131825673856,0.000131825673856,0.000131825673856,0.000131825673856,0.000131825673856,0.000131825673856,0.000131825673856,0.000131825673856,0.000131825673856,0.000131825673856,0.000131825673856,0.000131825673856,0.000131825673856,0.000131825673856,0.000131825673856,0.000131825673856,0.000131825673856,5,X130 Z135 Y136 Y140 Z141 X145,0.978066666667,0.00242180389372,0.978066666667,0.00242180389372
0.000131825673856,0.000131825673856,0.000131825673856,0.000131825673856,0.000131825673856,0.000131825673856,0.000131825673856,0.000131825673856,0.000131825673856,0.000131825673856,0.000131825673856,0.000131825673856,0.000131825673856,0.000131825673856,0.000131825673856,0.000131825673856,0.000131825673856,0.000131825673856,5,X131 Z136 Y141,0.987777777778,0.0029365360433,0.987777777778,0.0029365360433
0.000131825673856,0.000131825673856,0.000131825673856,0.000131825673856,0.000131825673856,0.000131825673856,0.000131825673856,0.000131825673856,0.000131825673856,0.000131825673856,0.000131825673856,0.000131825673856,0.000131825673856,0.000131825673856,0.000131825673856,0.000131825673856,0.000131825673856,0.000131825673856,5,X132 X137,0.990711111111,0.00247552515166,0.990711111111,0.00247552515166
0.000131825673856,0.000131825673856,0.000131825673856,0.000131825673856,0.000131825673856,0.000131825673856,0.000131825673856,0.000131825673856,0.000131825673856,0.000131825673856,0.000131825673856,0.000131825673856,0.000131825673856,0.000131825673856,0.000131825673856,0.000131825673856,0.000131825673856,0.000131825673856,5,X133 X138,0.991088888889,0.00233896419642,0.991088888889,0.00233896419642
0.000131825673856,0.000131825673856,0.000131825673856,0.000131825673856,0.000131825673856,0.000131825673856,0.000131825673856,0.000131825673856,0.000131825673856,0.000131825673856,0.000131825673856,0.000131825673856,0.000131825673856,0.000131825673856,0.000131825673856,0.000131825673856,0.000131825673856,0.000131825673856,5,X134 X139,0.991933333333,0.00219613034808,0.991933333333,0.00219613034808
0.000131825673856,0.000131825673856,0.000131825673856,0.000131825673856,0.000131825673856,0.000131825673856,0.000131825673856,0.000131825673856,0.000131825673856,0.000131825673856,0.000131825673856,0.000131825673856,0.000131825673856,0.000131825673856,0.000131825673856,0.000131825673856,0.000131825673856,0.000131825673856,5,X135 X140,0.992622222222,0.0024631122781,0.992622222222,0.0024631122781
0.000131825673856,0.000131825673856,0.000131825673856,0.000131825673856,0.000131825673856,0.000131825673856,0.000131825673856,0.000131825673856,0.000131825673856,0.000131825673856,0.000131825673856,0.000131825673856,0.000131825673856,0.000131825673856,0.000131825673856,0.000131825673856,0.000131825673856,0.000131825673856,5,X136 X141,0.993422222222,0.00266513365897,0.993422222222,0.00266513365897
0.000131825673856,0.000131825673856,0.000131825673856,0.000131825673856,0.000131825673856,0.000131825673856,0.000131825673856,0.000131825673856,0.000131825673856,0.000131825673856,0.000131825673856,0.000131825673856,0.000131825673856,0.000131825673856,0.000131825673856,0.000131825673856,0.000131825673856,0.000131825673856,5,X137 Y142 Z146,0.987422222222,0.00271074678791,0.987422222222,0.00271074678791
0.000131825673856,0.000131825673856,0.000131825673856,0.000131825673856,0.000131825673856,0.000131825673856,0.000131825673856,0.000131825673856,0.000131825673856,0.000131825673856,0.000131825673856,0.000131825673856,0.000131825673856,0.000131825673856,0.000131825673856,0.000131825673856,0.000131825673856,0.000131825673856,5,X138 Z142 Y143 Y146 Z147 X150,0.978311111111,0.00365875147071,0.978311111111,0.00365875147071
0.000131825673856,0.000131825673856,0.000131825673856,0.000131825673856,0.000131825673856,0.000131825673856,0.000131825673856,0.000131825673856,0.000131825673856,0.000131825673856,0.000131825673856,0.000131825673856,0.000131825673856,0.000131825673856,0.000131825673856,0.000131825673856,0.000131825673856,0.000131825673856,5,X139 Z143 Y144 Y147 Z148 X151,0.978422222222,0.00408148171327,0.978422222222,0.00408148171327
0.000131825673856,0.000131825673856,0.000131825673856,0.000131825673856,0.000131825673856,0.000131825673856,0.000131825673856,0.000131825673856,0.000131825673856,0.000131825673856,0.000131825673856,0.000131825673856,0.000131825673856,0.000131825673856,0.000131825673856,0.000131825673856,0.000131825673856,0.000131825673856,5,X14 X18,0.990933333333,0.00284248016468,0.990933333333,0.00284248016468
0.000131825673856,0.000131825673856,0.000131825673856,0.000131825673856,0.000131825673856,0.000131825673856,0.000131825673856,0.000131825673856,0.000131825673856,0.000131825673856,0.000131825673856,0.000131825673856,0.000131825673856,0.000131825673856,0.000131825673856,0.000131825673856,0.000131825673856,0.000131825673856,5,X140 Z144 Y145 Y148 Z149 X152,0.977777777778,0.00351170274854,0.977777777778,0.00351170274854
0.000131825673856,0.000131825673856,0.000131825673856,0.000131825673856,0.000131825673856,0.000131825673856,0.000131825673856,0.000131825673856,0.000131825673856,0.000131825673856,0.000131825673856,0.000131825673856,0.000131825673856,0.000131825673856,0.000131825673856,0.000131825673856,0.000131825673856,0.000131825673856,5,X142 X146,0.993133333333,0.00257991059871,0.993133333333,0.00257991059871
0.000131825673856,0.000131825673856,0.000131825673856,0.000131825673856,0.000131825673856,0.000131825673856,0.000131825673856,0.000131825673856,0.000131825673856,0.000131825673856,0.000131825673856,0.000131825673856,0.000131825673856,0.000131825673856,0.000131825673856,0.000131825673856,0.000131825673856,0.000131825673856,5,X143 X147,0.992022222222,0.00253999929606,0.992022222222,0.00253999929606
0.000131825673856,0.000131825673856,0.000131825673856,0.000131825673856,0.000131825673856,0.000131825673856,0.000131825673856,0.000131825673856,0.000131825673856,0.000131825673856,0.000131825673856,0.000131825673856,0.000131825673856,0.000131825673856,0.000131825673856,0.000131825673856,0.000131825673856,0.000131825673856,5,X144 X148,0.991466666667,0.00244729892548,0.991466666667,0.00244729892548
0.000131825673856,0.000131825673856,0.000131825673856,0.000131825673856,0.000131825673856,0.000131825673856,0.000131825673856,0.000131825673856,0.000131825673856,0.000131825673856,0.000131825673856,0.000131825673856,0.000131825673856,0.000131825673856,0.000131825673856,0.000131825673856,0.000131825673856,0.000131825673856,5,X145 X149,0.991177777778,0.00221927006973,0.991177777778,0.00221927006973
0.000131825673856,0.000131825673856,0.000131825673856,0.000131825673856,0.000131825673856,0.000131825673856,0.000131825673856,0.000131825673856,0.000131825673856,0.000131825673856,0.000131825673856,0.000131825673856,0.000131825673856,0.000131825673856,0.000131825673856,0.000131825673856,0.000131825673856,0.000131825673856,5,X147 Z150 Y151 Y153 Z154 X156,0.978911111111,0.00372825324865,0.978911111111,0.00372825324865
0.000131825673856,0.000131825673856,0.000131825673856,0.000131825673856,0.000131825673856,0.000131825673856,0.000131825673856,0.000131825673856,0.000131825673856,0.000131825673856,0.000131825673856,0.000131825673856,0.000131825673856,0.000131825673856,0.000131825673856,0.000131825673856,0.000131825673856,0.000131825673856,5,X148 Z151 Y152 Y154 Z155 X157,0.979377777778,0.0034393857303,0.979377777778,0.0034393857303
0.000131825673856,0.000131825673856,0.000131825673856,0.000131825673856,0.000131825673856,0.000131825673856,0.000131825673856,0.000131825673856,0.000131825673856,0.000131825673856,0.000131825673856,0.000131825673856,0.000131825673856,0.000131825673856,0.000131825673856,0.000131825673856,0.000131825673856,0.000131825673856,5,X149 Z152 Y155,0.9882,0.00257991059871,0.9882,0.00257991059871
0.000131825673856,0.000131825673856,0.000131825673856,0.000131825673856,0.000131825673856,0.000131825673856,0.000131825673856,0.000131825673856,0.000131825673856,0.000131825673856,0.000131825673856,0.000131825673856,0.000131825673856,0.000131825673856,0.000131825673856,0.000131825673856,0.000131825673856,0.000131825673856,5,X15 X19,0.993377777778,0.00201095340293,0.993377777778,0.00201095340293
0.000131825673856,0.000131825673856,0.000131825673856,0.000131825673856,0.000131825673856,0.000131825673856,0.000131825673856,0.000131825673856,0.000131825673856,0.000131825673856,0.000131825673856,0.000131825673856,0.000131825673856,0.000131825673856,0.000131825673856,0.000131825673856,0.000131825673856,0.000131825673856,5,X150 X153,0.991555555556,0.00231161208835,0.991555555556,0.00231161208835
0.000131825673856,0.000131825673856,0.000131825673856,0.000131825673856,0.000131825673856,0.000131825673856,0.000131825673856,0.000131825673856,0.000131825673856,0.000131825673856,0.000131825673856,0.000131825673856,0.000131825673856,0.000131825673856,0.000131825673856,0.000131825673856,0.000131825673856,0.000131825673856,5,X151 X154,0.992511111111,0.00214910358811,0.992511111111,0.00214910358811
0.000131825673856,0.000131825673856,0.000131825673856,0.000131825673856,0.000131825673856,0.000131825673856,0.000131825673856,0.000131825673856,0.000131825673856,0.000131825673856,0.000131825673856,0.000131825673856,0.000131825673856,0.000131825673856,0.000131825673856,0.000131825673856,0.000131825673856,0.000131825673856,5,X152 X155,0.993488888889,0.00159196578,0.993488888889,0.00159196578
0.000131825673856,0.000131825673856,0.000131825673856,0.000131825673856,0.000131825673856,0.000131825673856,0.000131825673856,0.000131825673856,0.000131825673856,0.000131825673856,0.000131825673856,0.000131825673856,0.000131825673856,0.000131825673856,0.000131825673856,0.000131825673856,0.000131825673856,0.000131825673856,5,X153 Y156 Z158,0.987822222222,0.00285503297393,0.987822222222,0.00285503297393
0.000131825673856,0.000131825673856,0.000131825673856,0.000131825673856,0.000131825673856,0.000131825673856,0.000131825673856,0.000131825673856,0.000131825673856,0.000131825673856,0.000131825673856,0.000131825673856,0.000131825673856,0.000131825673856,0.000131825673856,0.000131825673856,0.000131825673856,0.000131825673856,5,X154 Z156 Y157 Y158 Z159 X160,0.979866666667,0.0035467323475,0.979866666667,0.0035467323475
0.000131825673856,0.000131825673856,0.000131825673856,0.000131825673856,0.000131825673856,0.000131825673856,0.000131825673856,0.000131825673856,0.000131825673856,0.000131825673856,0.000131825673856,0.000131825673856,0.000131825673856,0.000131825673856,0.000131825673856,0.000131825673856,0.000131825673856,0.000131825673856,5,X156 X158,0.992777777778,0.00194233602164,0.992777777778,0.00194233602164
0.000131825673856,0.000131825673856,0.000131825673856,0.000131825673856,0.000131825673856,0.000131825673856,0.000131825673856,0.000131825673856,0.000131825673856,0.000131825673856,0.000131825673856,0.000131825673856,0.000131825673856,0.000131825673856,0.000131825673856,0.000131825673856,0.000131825673856,0.000131825673856,5,X157 X159,0.992133333333,0.00222421366707,0.992133333333,0.00222421366707
0.000131825673856,0.000131825673856,0.000131825673856,0.000131825673856,0.000131825673856,0.000131825673856,0.000131825673856,0.000131825673856,0.000131825673856,0.000131825673856,0.000131825673856,0.000131825673856,0.000131825673856,0.000131825673856,0.000131825673856,0.000131825673856,0.000131825673856,0.000131825673856,5,X159 Z160 Y161,0.988377777778,0.00249863308736,0.988377777778,0.00249863308736
0.000131825673856,0.000131825673856,0.000131825673856,0.000131825673856,0.000131825673856,0.000131825673856,0.000131825673856,0.000131825673856,0.000131825673856,0.000131825673856,0.000131825673856,0.000131825673856,0.000131825673856,0.000131825673856,0.000131825673856,0.000131825673856,0.000131825673856,0.000131825673856,5,X16 Z20 Y21 Y25 Z26 X31,0.976733333333,0.00406593172179,0.976733333333,0.00406593172179
0.000131825673856,0.000131825673856,0.000131825673856,0.000131825673856,0.000131825673856,0.000131825673856,0.000131825673856,0.000131825673856,0.000131825673856,0.000131825673856,0.000131825673856,0.000131825673856,0.000131825673856,0.000131825673856,0.000131825673856,0.000131825673856,0.000131825673856,0.000131825673856,5,X160 X161,0.992555555556,0.00223578238225,0.992555555556,0.00223578238225
0.000131825673856,0.000131825673856,0.000131825673856,0.000131825673856,0.000131825673856,0.000131825673856,0.000131825673856,0.000131825673856,0.000131825673856,0.000131825673856,0.000131825673856,0.000131825673856,0.000131825673856,0.000131825673856,0.000131825673856,0.000131825673856,0.000131825673856,0.000131825673856,5,X17 Z21 Y22 Y26 Z27 X32,0.976155555556,0.00257713692655,0.976155555556,0.00257713692655
0.000131825673856,0.000131825673856,0.000131825673856,0.000131825673856,0.000131825673856,0.000131825673856,0.000131825673856,0.000131825673856,0.000131825673856,0.000131825673856,0.000131825673856,0.000131825673856,0.000131825673856,0.000131825673856,0.000131825673856,0.000131825673856,0.000131825673856,0.000131825673856,5,X18 Z22 Y23 Y27 Z28 X33,0.975822222222,0.00347043708901,0.975822222222,0.00347043708901
0.000131825673856,0.000131825673856,0.000131825673856,0.000131825673856,0.000131825673856,0.000131825673856,0.000131825673856,0.000131825673856,0.000131825673856,0.000131825673856,0.000131825673856,0.000131825673856,0.000131825673856,0.000131825673856,0.000131825673856,0.000131825673856,0.000131825673856,0.000131825673856,5,X19 Z23 Y24 Y28 Z29 X34,0.9758,0.00467536135838,0.9758,0.00467536135838
0.000131825673856,0.000131825673856,0.000131825673856,0.000131825673856,0.000131825673856,0.000131825673856,0.000131825673856,0.000131825673856,0.000131825673856,0.000131825673856,0.000131825673856,0.000131825673856,0.000131825673856,0.000131825673856,0.000131825673856,0.000131825673856,0.000131825673856,0.000131825673856,5,X2 X4,0.991666666667,0.00291777483053,0.991666666667,0.00291777483053
0.000131825673856,0.000131825673856,0.000131825673856,0.000131825673856,0.000131825673856,0.000131825673856,0.000131825673856,0.000131825673856,0.000131825673856,0.000131825673856,0.000131825673856,0.000131825673856,0.000131825673856,0.000131825673856,0.000131825673856,0.000131825673856,0.000131825673856,0.000131825673856,5,X20 X25,0.993111111111,0.00200637553418,0.993111111111,0.00200637553418
0.000131825673856,0.000131825673856,0.000131825673856,0.000131825673856,0.000131825673856,0.000131825673856,0.000131825673856,0.000131825673856,0.000131825673856,0.000131825673856,0.000131825673856,0.000131825673856,0.000131825673856,0.000131825673856,0.000131825673856,0.000131825673856,0.000131825673856,0.000131825673856,5,X21 X26,0.992377777778,0.0023856745728,0.992377777778,0.0023856745728
0.000131825673856,0.000131825673856,0.000131825673856,0.000131825673856,0.000131825673856,0.000131825673856,0.000131825673856,0.000131825673856,0.000131825673856,0.000131825673856,0.000131825673856,0.000131825673856,0.000131825673856,0.000131825673856,0.000131825673856,0.000131825673856,0.000131825673856,0.000131825673856,5,X22 X27,0.992622222222,0.00231558658909,0.992622222222,0.00231558658909
0.000131825673856,0.000131825673856,0.000131825673856,0.000131825673856,0.000131825673856,0.000131825673856,0.000131825673856,0.000131825673856,0.000131825673856,0.000131825673856,0.000131825673856,0.000131825673856,0.000131825673856,0.000131825673856,0.000131825673856,0.000131825673856,0.000131825673856,0.000131825673856,5,X23 X28,0.9914,0.00230508350428,0.9914,0.00230508350428
0.000131825673856,0.000131825673856,0.000131825673856,0.000131825673856,0.000131825673856,0.000131825673856,0.000131825673856,0.000131825673856,0.000131825673856,0.000131825673856,0.000131825673856,0.000131825673856,0.000131825673856,0.000131825673856,0.000131825673856,0.000131825673856,0.000131825673856,0.000131825673856,5,X24 X29,0.991177777778,0.00223989144054,0.991177777778,0.00223989144054
0.000131825673856,0.000131825673856,0.000131825673856,0.000131825673856,0.000131825673856,0.000131825673856,0.000131825673856,0.000131825673856,0.000131825673856,0.000131825673856,0.000131825673856,0.000131825673856,0.000131825673856,0.000131825673856,0.000131825673856,0.000131825673856,0.000131825673856,0.000131825673856,5,X25 Z30 Y31 Y36 Z37 X43,0.974755555556,0.0033067136321,0.974755555556,0.0033067136321
0.000131825673856,0.000131825673856,0.000131825673856,0.000131825673856,0.000131825673856,0.000131825673856,0.000131825673856,0.000131825673856,0.000131825673856,0.000131825673856,0.000131825673856,0.000131825673856,0.000131825673856,0.000131825673856,0.000131825673856,0.000131825673856,0.000131825673856,0.000131825673856,5,X26 Z31 Y32 Y37 Z38 X44,0.9752,0.00442701563505,0.9752,0.00442701563505
0.000131825673856,0.000131825673856,0.000131825673856,0.000131825673856,0.000131825673856,0.000131825673856,0.000131825673856,0.000131825673856,0.000131825673856,0.000131825673856,0.000131825673856,0.000131825673856,0.000131825673856,0.000131825673856,0.000131825673856,0.000131825673856,0.000131825673856,0.000131825673856,5,X27 Z32 Y33 Y38 Z39 X45,0.976488888889,0.00457858862737,0.976488888889,0.00457858862737
0.000131825673856,0.000131825673856,0.000131825673856,0.000131825673856,0.000131825673856,0.000131825673856,0.000131825673856,0.000131825673856,0.000131825673856,0.000131825673856,0.000131825673856,0.000131825673856,0.000131825673856,0.000131825673856,0.000131825673856,0.000131825673856,0.000131825673856,0.000131825673856,5,X28 Z33 Y34 Y39 Z40 X46,0.976088888889,0.00375793753385,0.976088888889,0.00375793753385
0.000131825673856,0.000131825673856,0.000131825673856,0.000131825673856,0.000131825673856,0.000131825673856,0.000131825673856,0.000131825673856,0.000131825673856,0.000131825673856,0.000131825673856,0.000131825673856,0.000131825673856,0.000131825673856,0.000131825673856,0.000131825673856,0.000131825673856,0.000131825673856,5,X29 Z34 Y35 Y40 Z41 X47,0.977888888889,0.00308789917715,0.977888888889,0.00308789917715
0.000131825673856,0.000131825673856,0.000131825673856,0.000131825673856,0.000131825673856,0.000131825673856,0.000131825673856,0.000131825673856,0.000131825673856,0.000131825673856,0.000131825673856,0.000131825673856,0.000131825673856,0.000131825673856,0.000131825673856,0.000131825673856,0.000131825673856,0.000131825673856,5,X3 X5,0.992155555556,0.0023856745728,0.992155555556,0.0023856745728
0.000131825673856,0.000131825673856,0.000131825673856,0.000131825673856,0.000131825673856,0.000131825673856,0.000131825673856,0.000131825673856,0.000131825673856,0.000131825673856,0.000131825673856,0.000131825673856,0.000131825673856,0.000131825673856,0.000131825673856,0.000131825673856,0.000131825673856,0.000131825673856,5,X30 X36,0.989733333333,0.00291698684614,0.989733333333,0.00291698684614
0.000131825673856,0.000131825673856,0.000131825673856,0.000131825673856,0.000131825673856,0.000131825673856,0.000131825673856,0.000131825673856,0.000131825673856,0.000131825673856,0.000131825673856,0.000131825673856,0.000131825673856,0.000131825673856,0.000131825673856,0.000131825673856,0.000131825673856,0.000131825673856,5,X31 X37,0.991155555556,0.00254271302499,0.991155555556,0.00254271302499
0.000131825673856,0.000131825673856,0.000131825673856,0.000131825673856,0.000131825673856,0.000131825673856,0.000131825673856,0.000131825673856,0.000131825673856,0.000131825673856,0.000131825673856,0.000131825673856,0.000131825673856,0.000131825673856,0.000131825673856,0.000131825673856,0.000131825673856,0.000131825673856,5,X32 X38,0.990622222222,0.00219322071704,0.990622222222,0.00219322071704
0.000131825673856,0.000131825673856,0.000131825673856,0.000131825673856,0.000131825673856,0.000131825673856,0.000131825673856,0.000131825673856,0.000131825673856,0.000131825673856,0.000131825673856,0.000131825673856,0.000131825673856,0.000131825673856,0.000131825673856,0.000131825673856,0.000131825673856,0.000131825673856,5,X33 X39,0.990488888889,0.00271752272435,0.990488888889,0.00271752272435
0.000131825673856,0.000131825673856,0.000131825673856,0.000131825673856,0.000131825673856,0.000131825673856,0.000131825673856,0.000131825673856,0.000131825673856,0.000131825673856,0.000131825673856,0.000131825673856,0.000131825673856,0.000131825673856,0.000131825673856,0.000131825673856,0.000131825673856,0.000131825673856,5,X34 X40,0.991933333333,0.00190462232658,0.991933333333,0.00190462232658
0.000131825673856,0.000131825673856,0.000131825673856,0.000131825673856,0.000131825673856,0.000131825673856,0.000131825673856,0.000131825673856,0.000131825673856,0.000131825673856,0.000131825673856,0.000131825673856,0.000131825673856,0.000131825673856,0.000131825673856,0.000131825673856,0.000131825673856,0.000131825673856,5,X35 X41,0.992466666667,0.00188683683892,0.992466666667,0.00188683683892
0.000131825673856,0.000131825673856,0.000131825673856,0.000131825673856,0.000131825673856,0.000131825673856,0.000131825673856,0.000131825673856,0.000131825673856,0.000131825673856,0.000131825673856,0.000131825673856,0.000131825673856,0.000131825673856,0.000131825673856,0.000131825673856,0.000131825673856,0.000131825673856,5,X36 Z42 Y43 Y49 Z50 X57,0.975911111111,0.00408992157541,0.975911111111,0.00408992157541
0.000131825673856,0.000131825673856,0.000131825673856,0.000131825673856,0.000131825673856,0.000131825673856,0.000131825673856,0.000131825673856,0.000131825673856,0.000131825673856,0.000131825673856,0.000131825673856,0.000131825673856,0.000131825673856,0.000131825673856,0.000131825673856,0.000131825673856,0.000131825673856,5,X37 Z43 Y44 Y50 Z51 X58,0.974866666667,0.00473399703943,0.974866666667,0.00473399703943
0.000131825673856,0.000131825673856,0.000131825673856,0.000131825673856,0.000131825673856,0.000131825673856,0.000131825673856,0.000131825673856,0.000131825673856,0.000131825673856,0.000131825673856,0.000131825673856,0.000131825673856,0.000131825673856,0.000131825673856,0.000131825673856,0.000131825673856,0.000131825673856,5,X38 Z44 Y45 Y51 Z52 X59,0.9752,0.00449230930724,0.9752,0.00449230930724
0.000131825673856,0.000131825673856,0.000131825673856,0.000131825673856,0.000131825673856,0.000131825673856,0.000131825673856,0.000131825673856,0.000131825673856,0.000131825673856,0.000131825673856,0.000131825673856,0.000131825673856,0.000131825673856,0.000131825673856,0.000131825673856,0.000131825673856,0.000131825673856,5,X39 Z45 Y46 Y52 Z53 X60,0.974777777778,0.00426366033933,0.974777777778,0.00426366033933
0.000131825673856,0.000131825673856,0.000131825673856,0.000131825673856,0.000131825673856,0.000131825673856,0.000131825673856,0.000131825673856,0.000131825673856,0.000131825673856,0.000131825673856,0.000131825673856,0.000131825673856,0.000131825673856,0.000131825673856,0.000131825673856,0.000131825673856,0.000131825673856,5,X4 Z6 Y7 Y9 Z10 X13,0.979933333333,0.00348549264866,0.979933333333,0.00348549264866
0.000131825673856,0.000131825673856,0.000131825673856,0.000131825673856,0.000131825673856,0.000131825673856,0.000131825673856,0.000131825673856,0.000131825673856,0.000131825673856,0.000131825673856,0.000131825673856,0.000131825673856,0.000131825673856,0.000131825673856,0.000131825673856,0.000131825673856,0.000131825673856,5,X40 Z46 Y47 Y53 Z54 X61,0.9738,0.00401586890537,0.9738,0.00401586890537
0.000131825673856,0.000131825673856,0.000131825673856,0.000131825673856,0.000131825673856,0.000131825673856,0.000131825673856,0.000131825673856,0.000131825673856,0.000131825673856,0.000131825673856,0.000131825673856,0.000131825673856,0.000131825673856,0.000131825673856,0.000131825673856,0.000131825673856,0.000131825673856,5,X41 Z47 Y48 Y54 Z55 X62,0.974,0.0057000369697,0.974,0.0057000369697
0.000131825673856,0.000131825673856,0.000131825673856,0.000131825673856,0.000131825673856,0.000131825673856,0.000131825673856,0.000131825673856,0.000131825673856,0.000131825673856,0.000131825673856,0.000131825673856,0.000131825673856,0.000131825673856,0.000131825673856,0.000131825673856,0.000131825673856,0.000131825673856,5,X42 X49,0.992755555556,0.00217074476217,0.992755555556,0.00217074476217
0.000131825673856,0.000131825673856,0.000131825673856,0.000131825673856,0.000131825673856,0.000131825673856,0.000131825673856,0.000131825673856,0.000131825673856,0.000131825673856,0.000131825673856,0.000131825673856,0.000131825673856,0.000131825673856,0.000131825673856,0.000131825673856,0.000131825673856,0.000131825673856,5,X43 X50,0.992511111111,0.00189116383176,0.992511111111,0.00189116383176
0.000131825673856,0.000131825673856,0.000131825673856,0.000131825673856,0.000131825673856,0.000131825673856,0.000131825673856,0.000131825673856,0.000131825673856,0.000131825673856,0.000131825673856,0.000131825673856,0.000131825673856,0.000131825673856,0.000131825673856,0.000131825673856,0.000131825673856,0.000131825673856,5,X44 X51,0.990888888889,0.0017536679313,0.990888888889,0.0017536679313
0.000131825673856,0.000131825673856,0.000131825673856,0.000131825673856,0.000131825673856,0.000131825673856,0.000131825673856,0.000131825673856,0.000131825673856,0.000131825673856,0.000131825673856,0.000131825673856,0.000131825673856,0.000131825673856,0.000131825673856,0.000131825673856,0.000131825673856,0.000131825673856,5,X45 X52,0.990888888889,0.0028571793466,0.990888888889,0.0028571793466
0.000131825673856,0.000131825673856,0.000131825673856,0.000131825673856,0.000131825673856,0.000131825673856,0.000131825673856,0.000131825673856,0.000131825673856,0.000131825673856,0.000131825673856,0.000131825673856,0.000131825673856,0.000131825673856,0.000131825673856,0.000131825673856,0.000131825673856,0.000131825673856,5,X46 X53,0.990377777778,0.00262427999005,0.990377777778,0.00262427999005
0.000131825673856,0.000131825673856,0.000131825673856,0.000131825673856,0.000131825673856,0.000131825673856,0.000131825673856,0.000131825673856,0.000131825673856,0.000131825673856,0.000131825673856,0.000131825673856,0.000131825673856,0.000131825673856,0.000131825673856,0.000131825673856,0.000131825673856,0.000131825673856,5,X47 X54,0.990488888889,0.00271187728637,0.990488888889,0.00271187728637
0.000131825673856,0.000131825673856,0.000131825673856,0.000131825673856,0.000131825673856,0.000131825673856,0.000131825673856,0.000131825673856,0.000131825673856,0.000131825673856,0.000131825673856,0.000131825673856,0.000131825673856,0.000131825673856,0.000131825673856,0.000131825673856,0.000131825673856,0.000131825673856,5,X48 X55,0.9902,0.00261531006638,0.9902,0.00261531006638
0.000131825673856,0.000131825673856,0.000131825673856,0.000131825673856,0.000131825673856,0.000131825673856,0.000131825673856,0.000131825673856,0.000131825673856,0.000131825673856,0.000131825673856,0.000131825673856,0.000131825673856,0.000131825673856,0.000131825673856,0.000131825673856,0.000131825673856,0.000131825673856,5,X49 Z56 Y57 Y64 Z65 X73,0.971066666667,0.00498457390471,0.971066666667,0.00498457390471
0.000131825673856,0.000131825673856,0.000131825673856,0.000131825673856,0.000131825673856,0.000131825673856,0.000131825673856,0.000131825673856,0.000131825673856,0.000131825673856,0.000131825673856,0.000131825673856,0.000131825673856,0.000131825673856,0.000131825673856,0.000131825673856,0.000131825673856,0.000131825673856,5,X5 Z7 Y8 Y10 Z11 X14,0.977933333333,0.00423938837488,0.977933333333,0.00423938837488
0.000131825673856,0.000131825673856,0.000131825673856,0.000131825673856,0.000131825673856,0.000131825673856,0.000131825673856,0.000131825673856,0.000131825673856,0.000131825673856,0.000131825673856,0.000131825673856,0.000131825673856,0.000131825673856,0.000131825673856,0.000131825673856,0.000131825673856,0.000131825673856,5,X50 Z57 Y58 Y65 Z66 X74,0.971711111111,0.00491048868301,0.971711111111,0.00491048868301
0.000131825673856,0.000131825673856,0.000131825673856,0.000131825673856,0.000131825673856,0.000131825673856,0.000131825673856,0.000131825673856,0.000131825673856,0.000131825673856,0.000131825673856,0.000131825673856,0.000131825673856,0.000131825673856,0.000131825673856,0.000131825673856,0.000131825673856,0.000131825673856,5,X51 Z58 Y59 Y66 Z67 X75,0.972888888889,0.00392392536801,0.972888888889,0.00392392536801
0.000131825673856,0.000131825673856,0.000131825673856,0.000131825673856,0.000131825673856,0.000131825673856,0.000131825673856,0.000131825673856,0.000131825673856,0.000131825673856,0.000131825673856,0.000131825673856,0.000131825673856,0.000131825673856,0.000131825673856,0.000131825673856,0.000131825673856,0.000131825673856,5,X52 Z59 Y60 Y67 Z68 X76,0.973822222222,0.00327972213258,0.973822222222,0.00327972213258
0.000131825673856,0.000131825673856,0.000131825673856,0.000131825673856,0.000131825673856,0.000131825673856,0.000131825673856,0.000131825673856,0.000131825673856,0.000131825673856,0.000131825673856,0.000131825673856,0.000131825673856,0.000131825673856,0.000131825673856,0.000131825673856,0.000131825673856,0.000131825673856,5,X53 Z60 Y61 Y68 Z69 X77,0.976422222222,0.00403617106721,0.976422222222,0.00403617106721
0.000131825673856,0.000131825673856,0.000131825673856,0.000131825673856,0.000131825673856,0.000131825673856,0.000131825673856,0.000131825673856,0.000131825673856,0.000131825673856,0.000131825673856,0.000131825673856,0.000131825673856,0.000131825673856,0.000131825673856,0.000131825673856,0.000131825673856,0.000131825673856,5,X54 Z61 Y62 Y69 Z70 X78,0.975822222222,0.00452132735175,0.975822222222,0.00452132735175
0.000131825673856,0.000131825673856,0.000131825673856,0.000131825673856,0.000131825673856,0.000131825673856,0.000131825673856,0.000131825673856,0.000131825673856,0.000131825673856,0.000131825673856,0.000131825673856,0.000131825673856,0.000131825673856,0.000131825673856,0.000131825673856,0.000131825673856,0.000131825673856,5,X55 Z62 Y63 Y70 Z71 X79,0.977066666667,0.00378988369093,0.977066666667,0.00378988369093
0.000131825673856,0.000131825673856,0.000131825673856,0.000131825673856,0.000131825673856,0.000131825673856,0.000131825673856,0.000131825673856,0.000131825673856,0.000131825673856,0.000131825673856,0.000131825673856,0.000131825673856,0.000131825673856,0.000131825673856,0.000131825673856,0.000131825673856,0.000131825673856,5,X56 X64,0.988355555556,0.00333440595769,0.988355555556,0.00333440595769
0.000131825673856,0.000131825673856,0.000131825673856,0.000131825673856,0.000131825673856,0.000131825673856,0.000131825673856,0.000131825673856,0.000131825673856,0.000131825673856,0.000131825673856,0.000131825673856,0.000131825673856,0.000131825673856,0.000131825673856,0.000131825673856,0.000131825673856,0.000131825673856,5,X57 X65,0.989022222222,0.00312563658906,0.989022222222,0.00312563658906
0.000131825673856,0.000131825673856,0.000131825673856,0.000131825673856,0.000131825673856,0.000131825673856,0.000131825673856,0.000131825673856,0.000131825673856,0.000131825673856,0.000131825673856,0.000131825673856,0.000131825673856,0.000131825673856,0.000131825673856,0.000131825673856,0.000131825673856,0.000131825673856,5,X58 X66,0.989177777778,0.00270480391897,0.989177777778,0.00270480391897
0.000131825673856,0.000131825673856,0.000131825673856,0.000131825673856,0.000131825673856,0.000131825673856,0.000131825673856,0.000131825673856,0.000131825673856,0.000131825673856,0.000131825673856,0.000131825673856,0.000131825673856,0.000131825673856,0.000131825673856,0.000131825673856,0.000131825673856,0.000131825673856,5,X59 X67,0.989044444444,0.00329254741115,0.989044444444,0.00329254741115
0.000131825673856,0.000131825673856,0.000131825673856,0.000131825673856,0.000131825673856,0.000131825673856,0.000131825673856,0.000131825673856,0.000131825673856,0.000131825673856,0.000131825673856,0.000131825673856,0.000131825673856,0.000131825673856,0.000131825673856,0.000131825673856,0.000131825673856,0.000131825673856,5,X6 X9,0.993111111111,0.00163611851048,0.993111111111,0.00163611851048
0.000131825673856,0.000131825673856,0.000131825673856,0.000131825673856,0.000131825673856,0.000131825673856,0.000131825673856,0.000131825673856,0.000131825673856,0.000131825673856,0.000131825673856,0.000131825673856,0.000131825673856,0.000131825673856,0.000131825673856,0.000131825673856,0.000131825673856,0.000131825673856,5,X60 X68,0.989977777778,0.00251574860827,0.989977777778,0.00251574860827
0.000131825673856,0.000131825673856,0.000131825673856,0.000131825673856,0.000131825673856,0.000131825673856,0.000131825673856,0.000131825673856,0.000131825673856,0.000131825673856,0.000131825673856,0.000131825673856,0.000131825673856,0.000131825673856,0.000131825673856,0.000131825673856,0.000131825673856,0.000131825673856,5,X61 X69,0.991022222222,0.00217779341616,0.991022222222,0.00217779341616
0.000131825673856,0.000131825673856,0.000131825673856,0.000131825673856,0.000131825673856,0.000131825673856,0.000131825673856,0.000131825673856,0.000131825673856,0.000131825673856,0.000131825673856,0.000131825673856,0.000131825673856,0.000131825673856,0.000131825673856,0.000131825673856,0.000131825673856,0.000131825673856,5,X62 X70,0.991844444444,0.0023920899875,0.991844444444,0.0023920899875
0.000131825673856,0.000131825673856,0.000131825673856,0.000131825673856,0.000131825673856,0.000131825673856,0.000131825673856,0.000131825673856,0.000131825673856,0.000131825673856,0.000131825673856,0.000131825673856,0.000131825673856,0.000131825673856,0.000131825673856,0.000131825673856,0.000131825673856,0.000131825673856,5,X63 X71,0.991888888889,0.00232318537653,0.991888888889,0.00232318537653
0.000131825673856,0.000131825673856,0.000131825673856,0.000131825673856,0.000131825673856,0.000131825673856,0.000131825673856,0.000131825673856,0.000131825673856,0.000131825673856,0.000131825673856,0.000131825673856,0.000131825673856,0.000131825673856,0.000131825673856,0.000131825673856,0.000131825673856,0.000131825673856,5,X64 Z72 Y73 Y81 Z82 X90,0.976755555556,0.00298005288509,0.976755555556,0.00298005288509
0.000131825673856,0.000131825673856,0.000131825673856,0.000131825673856,0.000131825673856,0.000131825673856,0.000131825673856,0.000131825673856,0.000131825673856,0.000131825673856,0.000131825673856,0.000131825673856,0.000131825673856,0.000131825673856,0.000131825673856,0.000131825673856,0.000131825673856,0.000131825673856,5,X65 Z73 Y74 Y82 Z83 X91,0.977822222222,0.0041168128629,0.977822222222,0.0041168128629
0.000131825673856,0.000131825673856,0.000131825673856,0.000131825673856,0.000131825673856,0.000131825673856,0.000131825673856,0.000131825673856,0.000131825673856,0.000131825673856,0.000131825673856,0.000131825673856,0.000131825673856,0.000131825673856,0.000131825673856,0.000131825673856,0.000131825673856,0.000131825673856,5,X66 Z74 Y75 Y83 Z84 X92,0.978755555556,0.00325533259341,0.978755555556,0.00325533259341
0.000131825673856,0.000131825673856,0.000131825673856,0.000131825673856,0.000131825673856,0.000131825673856,0.000131825673856,0.000131825673856,0.000131825673856,0.000131825673856,0.000131825673856,0.000131825673856,0.000131825673856,0.000131825673856,0.000131825673856,0.000131825673856,0.000131825673856,0.000131825673856,5,X67 Z75 Y76 Y84 Z85 X93,0.977266666667,0.00350303644968,0.977266666667,0.00350303644968
0.000131825673856,0.000131825673856,0.000131825673856,0.000131825673856,0.000131825673856,0.000131825673856,0.000131825673856,0.000131825673856,0.000131825673856,0.000131825673856,0.000131825673856,0.000131825673856,0.000131825673856,0.000131825673856,0.000131825673856,0.000131825673856,0.000131825673856,0.000131825673856,5,X68 Z76 Y77 Y85 Z86 X94,0.975911111111,0.00434783896939,0.975911111111,0.00434783896939
0.000131825673856,0.000131825673856,0.000131825673856,0.000131825673856,0.000131825673856,0.000131825673856,0.000131825673856,0.000131825673856,0.000131825673856,0.000131825673856,0.000131825673856,0.000131825673856,0.000131825673856,0.000131825673856,0.000131825673856,0.000131825673856,0.000131825673856,0.000131825673856,5,X69 Z77 Y78 Y86 Z87 X95,0.978355555556,0.00522808019044,0.978355555556,0.00522808019044
0.000131825673856,0.000131825673856,0.000131825673856,0.000131825673856,0.000131825673856,0.000131825673856,0.000131825673856,0.000131825673856,0.000131825673856,0.000131825673856,0.000131825673856,0.000131825673856,0.000131825673856,0.000131825673856,0.000131825673856,0.000131825673856,0.000131825673856,0.000131825673856,5,X7 X10,0.992022222222,0.00214052905218,0.992022222222,0.00214052905218
0.000131825673856,0.000131825673856,0.000131825673856,0.000131825673856,0.000131825673856,0.000131825673856,0.000131825673856,0.000131825673856,0.000131825673856,0.000131825673856,0.000131825673856,0.000131825673856,0.000131825673856,0.000131825673856,0.000131825673856,0.000131825673856,0.000131825673856,0.000131825673856,5,X70 Z78 Y79 Y87 Z88 X96,0.976866666667,0.00430325547264,0.976866666667,0.00430325547264
0.000131825673856,0.000131825673856,0.000131825673856,0.000131825673856,0.000131825673856,0.000131825673856,0.000131825673856,0.000131825673856,0.000131825673856,0.000131825673856,0.000131825673856,0.000131825673856,0.000131825673856,0.000131825673856,0.000131825673856,0.000131825673856,0.000131825673856,0.000131825673856,5,X71 Z79 Y80 Y88 Z89 X97,0.975577777778,0.00423625415876,0.975577777778,0.00423625415876
0.000131825673856,0.000131825673856,0.000131825673856,0.000131825673856,0.000131825673856,0.000131825673856,0.000131825673856,0.000131825673856,0.000131825673856,0.000131825673856,0.000131825673856,0.000131825673856,0.000131825673856,0.000131825673856,0.000131825673856,0.000131825673856,0.000131825673856,0.000131825673856,5,X72 X81,0.991355555556,0.00295811544716,0.991355555556,0.00295811544716
0.000131825673856,0.000131825673856,0.000131825673856,0.000131825673856,0.000131825673856,0.000131825673856,0.000131825673856,0.000131825673856,0.000131825673856,0.000131825673856,0.000131825673856,0.000131825673856,0.000131825673856,0.000131825673856,0.000131825673856,0.000131825673856,0.000131825673856,0.000131825673856,5,X73 X82,0.990911111111,0.00259373446848,0.990911111111,0.00259373446848
0.000131825673856,0.000131825673856,0.000131825673856,0.000131825673856,0.000131825673856,0.000131825673856,0.000131825673856,0.000131825673856,0.000131825673856,0.000131825673856,0.000131825673856,0.000131825673856,0.000131825673856,0.000131825673856,0.000131825673856,0.000131825673856,0.000131825673856,0.000131825673856,5,X74 X83,0.991266666667,0.00292092464235,0.991266666667,0.00292092464235
0.000131825673856,0.000131825673856,0.000131825673856,0.000131825673856,0.000131825673856,0.000131825673856,0.000131825673856,0.000131825673856,0.000131825673856,0.000131825673856,0.000131825673856,0.000131825673856,0.000131825673856,0.000131825673856,0.000131825673856,0.000131825673856,0.000131825673856,0.000131825673856,5,X75 X84,0.991977777778,0.00275421423293,0.991977777778,0.00275421423293
0.000131825673856,0.000131825673856,0.000131825673856,0.000131825673856,0.000131825673856,0.000131825673856,0.000131825673856,0.000131825673856,0.000131825673856,0.000131825673856,0.000131825673856,0.000131825673856,0.000131825673856,0.000131825673856,0.000131825673856,0.000131825673856,0.000131825673856,0.000131825673856,5,X76 X85,0.990888888889,0.00218201167918,0.990888888889,0.00218201167918
0.000131825673856,0.000131825673856,0.000131825673856,0.000131825673856,0.000131825673856,0.000131825673856,0.000131825673856,0.000131825673856,0.000131825673856,0.000131825673856,0.000131825673856,0.000131825673856,0.000131825673856,0.000131825673856,0.000131825673856,0.000131825673856,0.000131825673856,0.000131825673856,5,X77 X86,0.991955555556,0.00243809694855,0.991955555556,0.00243809694855
0.000131825673856,0.000131825673856,0.000131825673856,0.000131825673856,0.000131825673856,0.000131825673856,0.000131825673856,0.000131825673856,0.000131825673856,0.000131825673856,0.000131825673856,0.000131825673856,0.000131825673856,0.000131825673856,0.000131825673856,0.000131825673856,0.000131825673856,0.000131825673856,5,X78 X87,0.991555555556,0.00205915083739,0.991555555556,0.00205915083739
0.000131825673856,0.000131825673856,0.000131825673856,0.000131825673856,0.000131825673856,0.000131825673856,0.000131825673856,0.000131825673856,0.000131825673856,0.000131825673856,0.000131825673856,0.000131825673856,0.000131825673856,0.000131825673856,0.000131825673856,0.000131825673856,0.000131825673856,0.000131825673856,5,X79 X88,0.990244444444,0.00312441054466,0.990244444444,0.00312441054466
0.000131825673856,0.000131825673856,0.000131825673856,0.000131825673856,0.000131825673856,0.000131825673856,0.000131825673856,0.000131825673856,0.000131825673856,0.000131825673856,0.000131825673856,0.000131825673856,0.000131825673856,0.000131825673856,0.000131825673856,0.000131825673856,0.000131825673856,0.000131825673856,5,X8 X11,0.991533333333,0.00266752859633,0.991533333333,0.00266752859633
0.000131825673856,0.000131825673856,0.000131825673856,0.000131825673856,0.000131825673856,0.000131825673856,0.000131825673856,0.000131825673856,0.000131825673856,0.000131825673856,0.000131825673856,0.000131825673856,0.000131825673856,0.000131825673856,0.000131825673856,0.000131825673856,0.000131825673856,0.000131825673856,5,X80 X89,0.990133333333,0.00227867004297,0.990133333333,0.00227867004297
0.000131825673856,0.000131825673856,0.000131825673856,0.000131825673856,0.000131825673856,0.000131825673856,0.000131825673856,0.000131825673856,0.000131825673856,0.000131825673856,0.000131825673856,0.000131825673856,0.000131825673856,0.000131825673856,0.000131825673856,0.000131825673856,0.000131825673856,0.000131825673856,5,X81 Y90 Z98,0.988222222222,0.00268575543335,0.988222222222,0.00268575543335
0.000131825673856,0.000131825673856,0.000131825673856,0.000131825673856,0.000131825673856,0.000131825673856,0.000131825673856,0.000131825673856,0.000131825673856,0.000131825673856,0.000131825673856,0.000131825673856,0.000131825673856,0.000131825673856,0.000131825673856,0.000131825673856,0.000131825673856,0.000131825673856,5,X82 Z90 Y91 Y98 Z99 X106,0.978955555556,0.00344717479228,0.978955555556,0.00344717479228
0.000131825673856,0.000131825673856,0.000131825673856,0.000131825673856,0.000131825673856,0.000131825673856,0.000131825673856,0.000131825673856,0.000131825673856,0.000131825673856,0.000131825673856,0.000131825673856,0.000131825673856,0.000131825673856,0.000131825673856,0.000131825673856,0.000131825673856,0.000131825673856,5,X83 Z91 Y92 Y99 Z100 X107,0.975711111111,0.0042152190358,0.975711111111,0.0042152190358
0.000131825673856,0.000131825673856,0.000131825673856,0.000131825673856,0.000131825673856,0.000131825673856,0.000131825673856,0.000131825673856,0.000131825673856,0.000131825673856,0.000131825673856,0.000131825673856,0.000131825673856,0.000131825673856,0.000131825673856,0.000131825673856,0.000131825673856,0.000131825673856,5,X84 Z92 Y93 Y100 Z101 X108,0.976711111111,0.0036929396584,0.976711111111,0.0036929396584
0.000131825673856,0.000131825673856,0.000131825673856,0.000131825673856,0.000131825673856,0.000131825673856,0.000131825673856,0.000131825673856,0.000131825673856,0.000131825673856,0.000131825673856,0.000131825673856,0.000131825673856,0.000131825673856,0.000131825673856,0.000131825673856,0.000131825673856,0.000131825673856,5,X85 Z93 Y94 Y101 Z102 X109,0.975977777778,0.00378536537999,0.975977777778,0.00378536537999
0.000131825673856,0.000131825673856,0.000131825673856,0.000131825673856,0.000131825673856,0.000131825673856,0.000131825673856,0.000131825673856,0.000131825673856,0.000131825673856,0.000131825673856,0.000131825673856,0.000131825673856,0.000131825673856,0.000131825673856,0.000131825673856,0.000131825673856,0.000131825673856,5,X86 Z94 Y95 Y102 Z103 X110,0.976866666667,0.00445376417491,0.976866666667,0.00445376417491
0.000131825673856,0.000131825673856,0.000131825673856,0.000131825673856,0.000131825673856,0.000131825673856,0.000131825673856,0.000131825673856,0.000131825673856,0.000131825673856,0.000131825673856,0.000131825673856,0.000131825673856,0.000131825673856,0.000131825673856,0.000131825673856,0.000131825673856,0.000131825673856,5,X87 Z95 Y96 Y103 Z104 X111,0.9744,0.00337036896692,0.9744,0.00337036896692
0.000131825673856,0.000131825673856,0.000131825673856,0.000131825673856,0.000131825673856,0.000131825673856,0.000131825673856,0.000131825673856,0.000131825673856,0.000131825673856,0.000131825673856,0.000131825673856,0.000131825673856,0.000131825673856,0.000131825673856,0.000131825673856,0.000131825673856,0.000131825673856,5,X88 Z96 Y97 Y104 Z105 X112,0.973088888889,0.00386549063897,0.973088888889,0.00386549063897
0.000131825673856,0.000131825673856,0.000131825673856,0.000131825673856,0.000131825673856,0.000131825673856,0.000131825673856,0.000131825673856,0.000131825673856,0.000131825673856,0.000131825673856,0.000131825673856,0.000131825673856,0.000131825673856,0.000131825673856,0.000131825673856,0.000131825673856,0.000131825673856,5,X9 Z12 Y13 Y16 Z17 X21,0.978911111111,0.00292686503836,0.978911111111,0.00292686503836
0.000131825673856,0.000131825673856,0.000131825673856,0.000131825673856,0.000131825673856,0.000131825673856,0.000131825673856,0.000131825673856,0.000131825673856,0.000131825673856,0.000131825673856,0.000131825673856,0.000131825673856,0.000131825673856,0.000131825673856,0.000131825673856,0.000131825673856,0.000131825673856,5,X90 X98,0.992622222222,0.00178485182603,0.992622222222,0.00178485182603
0.000131825673856,0.000131825673856,0.000131825673856,0.000131825673856,0.000131825673856,0.000131825673856,0.000131825673856,0.000131825673856,0.000131825673856,0.000131825673856,0.000131825673856,0.000131825673856,0.000131825673856,0.000131825673856,0.000131825673856,0.000131825673856,0.000131825673856,0.000131825673856,5,X91 X99,0.991266666667,0.00300370142029,0.991266666667,0.00300370142029
0.000131825673856,0.000131825673856,0.000131825673856,0.000131825673856,0.000131825673856,0.000131825673856,0.000131825673856,0.000131825673856,0.000131825673856,0.000131825673856,0.000131825673856,0.000131825673856,0.000131825673856,0.000131825673856,0.000131825673856,0.000131825673856,0.000131825673856,0.000131825673856,5,X92 X100,0.991466666667,0.0021824798718,0.991466666667,0.0021824798718
0.000131825673856,0.000131825673856,0.000131825673856,0.000131825673856,0.000131825673856,0.000131825673856,0.000131825673856,0.000131825673856,0.000131825673856,0.000131825673856,0.000131825673856,0.000131825673856,0.000131825673856,0.000131825673856,0.000131825673856,0.000131825673856,0.000131825673856,0.000131825673856,5,X93 X101,0.991488888889,0.00249249191859,0.991488888889,0.00249249191859
0.000131825673856,0.000131825673856,0.000131825673856,0.000131825673856,0.000131825673856,0.000131825673856,0.000131825673856,0.000131825673856,0.000131825673856,0.000131825673856,0.000131825673856,0.000131825673856,0.000131825673856,0.000131825673856,0.000131825673856,0.000131825673856,0.000131825673856,0.000131825673856,5,X94 X102,0.991511111111,0.00249402862844,0.991511111111,0.00249402862844
0.000131825673856,0.000131825673856,0.000131825673856,0.000131825673856,0.000131825673856,0.000131825673856,0.000131825673856,0.000131825673856,0.000131825673856,0.000131825673856,0.000131825673856,0.000131825673856,0.000131825673856,0.000131825673856,0.000131825673856,0.000131825673856,0.000131825673856,0.000131825673856,5,X95 X103,0.990577777778,0.00240518809188,0.990577777778,0.00240518809188
0.000131825673856,0.000131825673856,0.000131825673856,0.000131825673856,0.000131825673856,0.000131825673856,0.000131825673856,0.000131825673856,0.000131825673856,0.000131825673856,0.000131825673856,0.000131825673856,0.000131825673856,0.000131825673856,0.000131825673856,0.000131825673856,0.000131825673856,0.000131825673856,5,X96 X104,0.989666666667,0.00263050189696,0.989666666667,0.00263050189696
0.000131825673856,0.000131825673856,0.000131825673856,0.000131825673856,0.000131825673856,0.000131825673856,0.000131825673856,0.000131825673856,0.000131825673856,0.000131825673856,0.000131825673856,0.000131825673856,0.000131825673856,0.000131825673856,0.000131825673856,0.000131825673856,0.000131825673856,0.000131825673856,5,X97 X105,0.992866666667,0.0019663841605,0.992866666667,0.0019663841605
0.000131825673856,0.000131825673856,0.000131825673856,0.000131825673856,0.000131825673856,0.000131825673856,0.000131825673856,0.000131825673856,0.000131825673856,0.000131825673856,0.000131825673856,0.000131825673856,0.000131825673856,0.000131825673856,0.000131825673856,0.000131825673856,0.000131825673856,0.000131825673856,5,X99 Z106 Y107 Y113 Z114 X120,0.976777777778,0.00268432848447,0.976777777778,0.00268432848447
0.000131825673856,0.000131825673856,0.000131825673856,0.000131825673856,0.000131825673856,0.000131825673856,0.000131825673856,0.000131825673856,0.000131825673856,0.000131825673856,0.000131825673856,0.000131825673856,0.000131825673856,0.000131825673856,0.000131825673856,0.000131825673856,0.000131825673856,0.000131825673856,5,Y0 Z1 X2,0.987066666667,0.00310530383013,0.987066666667,0.00310530383013
0.000131825673856,0.000131825673856,0.000131825673856,0.000131825673856,0.000131825673856,0.000131825673856,0.000131825673856,0.000131825673856,0.000131825673856,0.000131825673856,0.000131825673856,0.000131825673856,0.000131825673856,0.000131825673856,0.000131825673856,0.000131825673856,0.000131825673856,0.000131825673856,5,Y20 Z25 X30,0.985711111111,0.00312048396548,0.985711111111,0.00312048396548
0.000131825673856,0.000131825673856,0.000131825673856,0.000131825673856,0.000131825673856,0.000131825673856,0.000131825673856,0.000131825673856,0.000131825673856,0.000131825673856,0.000131825673856,0.000131825673856,0.000131825673856,0.000131825673856,0.000131825673856,0.000131825673856,0.000131825673856,0.000131825673856,5,Y42 Z49 X56,0.984044444444,0.00331227061906,0.984044444444,0.00331227061906
0.000131825673856,0.000131825673856,0.000131825673856,0.000131825673856,0.000131825673856,0.000131825673856,0.000131825673856,0.000131825673856,0.000131825673856,0.000131825673856,0.000131825673856,0.000131825673856,0.000131825673856,0.000131825673856,0.000131825673856,0.000131825673856,0.000131825673856,0.000131825673856,5,Y6 Z9 X12,0.986844444444,0.00311187730029,0.986844444444,0.00311187730029
0.000131825673856,0.000131825673856,0.000131825673856,0.000131825673856,0.000131825673856,0.000131825673856,0.000131825673856,0.000131825673856,0.000131825673856,0.000131825673856,0.000131825673856,0.000131825673856,0.000131825673856,0.000131825673856,0.000131825673856,0.000131825673856,0.000131825673856,0.000131825673856,5,Z15 Y19 X24,0.988333333333,0.00282164594231,0.988333333333,0.00282164594231
0.000131825673856,0.000131825673856,0.000131825673856,0.000131825673856,0.000131825673856,0.000131825673856,0.000131825673856,0.000131825673856,0.000131825673856,0.000131825673856,0.000131825673856,0.000131825673856,0.000131825673856,0.000131825673856,0.000131825673856,0.000131825673856,0.000131825673856,0.000131825673856,5,Z3 Y5 X8,0.987955555556,0.00256670896119,0.987955555556,0.00256670896119
0.000131825673856,0.000131825673856,0.000131825673856,0.000131825673856,0.000131825673856,0.000131825673856,0.000131825673856,0.000131825673856,0.000131825673856,0.000131825673856,0.000131825673856,0.000131825673856,0.000131825673856,0.000131825673856,0.000131825673856,0.000131825673856,0.000131825673856,0.000131825673856,5,Z35 Y41 X48,0.987688888889,0.00267660981508,0.987688888889,0.00267660981508
0.000131825673856,0.000131825673856,0.000131825673856,0.000131825673856,0.000131825673856,0.000131825673856,0.000131825673856,0.000131825673856,0.000131825673856,0.000131825673856,0.000131825673856,0.000131825673856,0.000131825673856,0.000131825673856,0.000131825673856,0.000131825673856,0.000131825673856,0.000131825673856,5,Z63 Y71 X80,0.987222222222,0.00282345585009,0.987222222222,0.00282345585009
0.000131825673856,0.000131825673856,0.000131825673856,0.000131825673856,0.000131825673856,0.000131825673856,0.000131825673856,0.000131825673856,0.000131825673856,0.000131825673856,0.000131825673856,0.000131825673856,0.000131825673856,0.000131825673856,0.000131825673856,0.000131825673856,0.000131825673856,0.000131825673856,10,Logical X,0.985333333333,0.00310234122443,0.986955555556,0.00212760245569
0.000131825673856,0.000131825673856,0.000131825673856,0.000131825673856,0.000131825673856,0.000131825673856,0.000131825673856,0.000131825673856,0.000131825673856,0.000131825673856,0.000131825673856,0.000131825673856,0.000131825673856,0.000131825673856,0.000131825673856,0.000131825673856,0.000131825673856,0.000131825673856,10,Logical Y,0.0160666666667,0.0116426353483,-0.00106666666667,0.0258166835481
0.000131825673856,0.000131825673856,0.000131825673856,0.000131825673856,0.000131825673856,0.000131825673856,0.000131825673856,0.000131825673856,0.000131825673856,0.000131825673856,0.000131825673856,0.000131825673856,0.000131825673856,0.000131825673856,0.000131825673856,0.000131825673856,0.000131825673856,0.000131825673856,10,Logical Z,0.0142,0.00947212081832,-0.00488888888889,0.0238914103632
0.000131825673856,0.000131825673856,0.000131825673856,0.000131825673856,0.000131825673856,0.000131825673856,0.000131825673856,0.000131825673856,0.000131825673856,0.000131825673856,0.000131825673856,0.000131825673856,0.000131825673856,0.000131825673856,0.000131825673856,0.000131825673856,0.000131825673856,0.000131825673856,10,X0 X1,0.993111111111,0.00163611851048,0.993111111111,0.00163611851048
0.000131825673856,0.000131825673856,0.000131825673856,0.000131825673856,0.000131825673856,0.000131825673856,0.000131825673856,0.000131825673856,0.000131825673856,0.000131825673856,0.000131825673856,0.000131825673856,0.000131825673856,0.000131825673856,0.000131825673856,0.000131825673856,0.000131825673856,0.000131825673856,10,X1 Z2 Y3 Y4 Z5 X7,0.978888888889,0.00379688653792,0.978888888889,0.00379688653792
0.000131825673856,0.000131825673856,0.000131825673856,0.000131825673856,0.000131825673856,0.000131825673856,0.000131825673856,0.000131825673856,0.000131825673856,0.000131825673856,0.000131825673856,0.000131825673856,0.000131825673856,0.000131825673856,0.000131825673856,0.000131825673856,0.000131825673856,0.000131825673856,10,X10 Z13 Y14 Y17 Z18 X22,0.978022222222,0.00378941188062,0.978022222222,0.00378941188062
0.000131825673856,0.000131825673856,0.000131825673856,0.000131825673856,0.000131825673856,0.000131825673856,0.000131825673856,0.000131825673856,0.000131825673856,0.000131825673856,0.000131825673856,0.000131825673856,0.000131825673856,0.000131825673856,0.000131825673856,0.000131825673856,0.000131825673856,0.000131825673856,10,X100 Z107 Y108 Y114 Z115 X121,0.977733333333,0.00356913117131,0.977733333333,0.00356913117131
0.000131825673856,0.000131825673856,0.000131825673856,0.000131825673856,0.000131825673856,0.000131825673856,0.000131825673856,0.000131825673856,0.000131825673856,0.000131825673856,0.000131825673856,0.000131825673856,0.000131825673856,0.000131825673856,0.000131825673856,0.000131825673856,0.000131825673856,0.000131825673856,10,X101 Z108 Y109 Y115 Z116 X122,0.978933333333,0.00399846713924,0.978933333333,0.00399846713924
0.000131825673856,0.000131825673856,0.000131825673856,0.000131825673856,0.000131825673856,0.000131825673856,0.000131825673856,0.000131825673856,0.000131825673856,0.000131825673856,0.000131825673856,0.000131825673856,0.000131825673856,0.000131825673856,0.000131825673856,0.000131825673856,0.000131825673856,0.000131825673856,10,X102 Z109 Y110 Y116 Z117 X123,0.977822222222,0.00350558758509,0.977822222222,0.00350558758509
0.000131825673856,0.000131825673856,0.000131825673856,0.000131825673856,0.000131825673856,0.000131825673856,0.000131825673856,0.000131825673856,0.000131825673856,0.000131825673856,0.000131825673856,0.000131825673856,0.000131825673856,0.000131825673856,0.000131825673856,0.000131825673856,0.000131825673856,0.000131825673856,10,X103 Z110 Y111 Y117 Z118 X124,0.976888888889,0.00385695702553,0.976888888889,0.00385695702553
0.000131825673856,0.000131825673856,0.000131825673856,0.000131825673856,0.000131825673856,0.000131825673856,0.000131825673856,0.000131825673856,0.000131825673856,0.000131825673856,0.000131825673856,0.000131825673856,0.000131825673856,0.000131825673856,0.000131825673856,0.000131825673856,0.000131825673856,0.000131825673856,10,X104 Z111 Y112 Y118 Z119 X125,0.969311111111,0.0035470924182,0.969311111111,0.0035470924182
0.000131825673856,0.000131825673856,0.000131825673856,0.000131825673856,0.000131825673856,0.000131825673856,0.000131825673856,0.000131825673856,0.000131825673856,0.000131825673856,0.000131825673856,0.000131825673856,0.000131825673856,0.000131825673856,0.000131825673856,0.000131825673856,0.000131825673856,0.000131825673856,10,X105 Z112 Y119,0.982911111111,0.00428660332566,0.982911111111,0.00428660332566
0.000131825673856,0.000131825673856,0.000131825673856,0.000131825673856,0.000131825673856,0.000131825673856,0.000131825673856,0.000131825673856,0.000131825673856,0.000131825673856,0.000131825673856,0.000131825673856,0.000131825673856,0.000131825673856,0.000131825673856,0.000131825673856,0.000131825673856,0.000131825673856,10,X106 X113,0.990355555556,0.00209895674384,0.990355555556,0.00209895674384
0.000131825673856,0.000131825673856,0.000131825673856,0.000131825673856,0.000131825673856,0.000131825673856,0.000131825673856,0.000131825673856,0.000131825673856,0.000131825673856,0.000131825673856,0.000131825673856,0.000131825673856,0.000131825673856,0.000131825673856,0.000131825673856,0.000131825673856,0.000131825673856,10,X107 X114,0.991688888889,0.00276116102702,0.991688888889,0.00276116102702
0.000131825673856,0.000131825673856,0.000131825673856,0.000131825673856,0.000131825673856,0.000131825673856,0.000131825673856,0.000131825673856,0.000131825673856,0.000131825673856,0.000131825673856,0.000131825673856,0.000131825673856,0.000131825673856,0.000131825673856,0.000131825673856,0.000131825673856,0.000131825673856,10,X108 X115,0.990622222222,0.00359622336315,0.990622222222,0.00359622336315
0.000131825673856,0.000131825673856,0.000131825673856,0.000131825673856,0.000131825673856,0.000131825673856,0.000131825673856,0.000131825673856,0.000131825673856,0.000131825673856,0.000131825673856,0.000131825673856,0.000131825673856,0.000131825673856,0.000131825673856,0.000131825673856,0.000131825673856,0.000131825673856,10,X109 X116,0.991977777778,0.0025818899688,0.991977777778,0.0025818899688
0.000131825673856,0.000131825673856,0.000131825673856,0.000131825673856,0.000131825673856,0.000131825673856,0.000131825673856,0.000131825673856,0.000131825673856,0.000131825673856,0.000131825673856,0.000131825673856,0.000131825673856,0.000131825673856,0.000131825673856,0.000131825673856,0.000131825673856,0.000131825673856,10,X11 Z14 Y15 Y18 Z19 X23,0.978933333333,0.00379796275295,0.978933333333,0.00379796275295
0.000131825673856,0.000131825673856,0.000131825673856,0.000131825673856,0.000131825673856,0.000131825673856,0.000131825673856,0.000131825673856,0.000131825673856,0.000131825673856,0.000131825673856,0.000131825673856,0.000131825673856,0.000131825673856,0.000131825673856,0.000131825673856,0.000131825673856,0.000131825673856,10,X110 X117,0.992377777778,0.00217744152537,0.992377777778,0.00217744152537
0.000131825673856,0.000131825673856,0.000131825673856,0.000131825673856,0.000131825673856,0.000131825673856,0.000131825673856,0.000131825673856,0.000131825673856,0.000131825673856,0.000131825673856,0.000131825673856,0.000131825673856,0.000131825673856,0.000131825673856,0.000131825673856,0.000131825673856,0.000131825673856,10,X111 X118,0.992688888889,0.00226574243046,0.992688888889,0.00226574243046
0.000131825673856,0.000131825673856,0.000131825673856,0.000131825673856,0.000131825673856,0.000131825673856,0.000131825673856,0.000131825673856,0.000131825673856,0.000131825673856,0.000131825673856,0.000131825673856,0.000131825673856,0.000131825673856,0.000131825673856,0.000131825673856,0.000131825673856,0.000131825673856,10,X112 X119,0.987711111111,0.00272174911832,0.987711111111,0.00272174911832
0.000131825673856,0.000131825673856,0.000131825673856,0.000131825673856,0.000131825673856,0.000131825673856,0.000131825673856,0.000131825673856,0.000131825673856,0.000131825673856,0.000131825673856,0.000131825673856,0.000131825673856,0.000131825673856,0.000131825673856,0.000131825673856,0.000131825673856,0.000131825673856,10,X113 Y120 Z126,0.988711111111,0.00282264153521,0.988711111111,0.00282264153521
0.000131825673856,0.000131825673856,0.000131825673856,0.000131825673856,0.000131825673856,0.000131825673856,0.000131825673856,0.000131825673856,0.000131825673856,0.000131825673856,0.000131825673856,0.000131825673856,0.000131825673856,0.000131825673856,0.000131825673856,0.000131825673856,0.000131825673856,0.000131825673856,10,X114 Z120 Y121 Y126 Z127 X132,0.977644444444,0.00329743117634,0.977644444444,0.00329743117634
0.000131825673856,0.000131825673856,0.000131825673856,0.000131825673856,0.000131825673856,0.000131825673856,0.000131825673856,0.000131825673856,0.000131825673856,0.000131825673856,0.000131825673856,0.000131825673856,0.000131825673856,0.000131825673856,0.000131825673856,0.000131825673856,0.000131825673856,0.000131825673856,10,X115 Z121 Y122 Y127 Z128 X133,0.978066666667,0.00430396769633,0.978066666667,0.00430396769633
0.000131825673856,0.000131825673856,0.000131825673856,0.000131825673856,0.000131825673856,0.000131825673856,0.000131825673856,0.000131825673856,0.000131825673856,0.000131825673856,0.000131825673856,0.000131825673856,0.000131825673856,0.000131825673856,0.000131825673856,0.000131825673856,0.000131825673856,0.000131825673856,10,X116 Z122 Y123 Y128 Z129 X134,0.9764,0.00398310608691,0.9764,0.00398310608691
0.000131825673856,0.000131825673856,0.000131825673856,0.000131825673856,0.000131825673856,0.000131825673856,0.000131825673856,0.000131825673856,0.000131825673856,0.000131825673856,0.000131825673856,0.000131825673856,0.000131825673856,0.000131825673856,0.000131825673856,0.000131825673856,0.000131825673856,0.000131825673856,10,X117 Z123 Y124 Y129 Z130 X135,0.974888888889,0.00477648561338,0.974888888889,0.00477648561338
0.000131825673856,0.000131825673856,0.000131825673856,0.000131825673856,0.000131825673856,0.000131825673856,0.000131825673856,0.000131825673856,0.000131825673856,0.000131825673856,0.000131825673856,0.000131825673856,0.000131825673856,0.000131825673856,0.000131825673856,0.000131825673856,0.000131825673856,0.000131825673856,10,X118 Z124 Y125 Y130 Z131 X136,0.975866666667,0.00358541105228,0.975866666667,0.00358541105228
0.000131825673856,0.000131825673856,0.000131825673856,0.000131825673856,0.000131825673856,0.000131825673856,0.000131825673856,0.000131825673856,0.000131825673856,0.000131825673856,0.000131825673856,0.000131825673856,0.000131825673856,0.000131825673856,0.000131825673856,0.000131825673856,0.000131825673856,0.000131825673856,10,X12 X16,0.991422222222,0.00245563443642,0.991422222222,0.00245563443642
0.000131825673856,0.000131825673856,0.000131825673856,0.000131825673856,0.000131825673856,0.000131825673856,0.000131825673856,0.000131825673856,0.000131825673856,0.000131825673856,0.000131825673856,0.000131825673856,0.000131825673856,0.000131825673856,0.000131825673856,0.000131825673856,0.000131825673856,0.000131825673856,10,X120 X126,0.992644444444,0.00188954237062,0.992644444444,0.00188954237062
0.000131825673856,0.000131825673856,0.000131825673856,0.000131825673856,0.000131825673856,0.000131825673856,0.000131825673856,0.000131825673856,0.000131825673856,0.000131825673856,0.000131825673856,0.000131825673856,0.000131825673856,0.000131825673856,0.000131825673856,0.000131825673856,0.000131825673856,0.000131825673856,10,X121 X127,0.992022222222,0.00219706061619,0.992022222222,0.00219706061619
0.000131825673856,0.000131825673856,0.000131825673856,0.000131825673856,0.000131825673856,0.000131825673856,0.000131825673856,0.000131825673856,0.000131825673856,0.000131825673856,0.000131825673856,0.000131825673856,0.000131825673856,0.000131825673856,0.000131825673856,0.000131825673856,0.000131825673856,0.000131825673856,10,X122 X128,0.992555555556,0.00210151073798,0.992555555556,0.00210151073798
0.000131825673856,0.000131825673856,0.000131825673856,0.000131825673856,0.000131825673856,0.000131825673856,0.000131825673856,0.000131825673856,0.000131825673856,0.000131825673856,0.000131825673856,0.000131825673856,0.000131825673856,0.000131825673856,0.000131825673856,0.000131825673856,0.000131825673856,0.000131825673856,10,X123 X129,0.9906,0.00242812385199,0.9906,0.00242812385199
0.000131825673856,0.000131825673856,0.000131825673856,0.000131825673856,0.000131825673856,0.000131825673856,0.000131825673856,0.000131825673856,0.000131825673856,0.000131825673856,0.000131825673856,0.000131825673856,0.000131825673856,0.000131825673856,0.000131825673856,0.000131825673856,0.000131825673856,0.000131825673856,10,X124 X130,0.990955555556,0.00214910358811,0.990955555556,0.00214910358811
0.000131825673856,0.000131825673856,0.000131825673856,0.000131825673856,0.000131825673856,0.000131825673856,0.000131825673856,0.000131825673856,0.000131825673856,0.000131825673856,0.000131825673856,0.000131825673856,0.000131825673856,0.000131825673856,0.000131825673856,0.000131825673856,0.000131825673856,0.000131825673856,10,X125 X131,0.9904,0.00263544946256,0.9904,0.00263544946256
0.000131825673856,0.000131825673856,0.000131825673856,0.000131825673856,0.000131825673856,0.000131825673856,0.000131825673856,0.000131825673856,0.000131825673856,0.000131825673856,0.000131825673856,0.000131825673856,0.000131825673856,0.000131825673856,0.000131825673856,0.000131825673856,0.000131825673856,0.000131825673856,10,X127 Z132 Y133 Y137 Z138 X142,0.977377777778,0.00296044592961,0.977377777778,0.00296044592961
0.000131825673856,0.000131825673856,0.000131825673856,0.000131825673856,0.000131825673856,0.000131825673856,0.000131825673856,0.000131825673856,0.000131825673856,0.000131825673856,0.000131825673856,0.000131825673856,0.000131825673856,0.000131825673856,0.000131825673856,0.000131825673856,0.000131825673856,0.000131825673856,10,X128 Z133 Y134 Y138 Z139 X143,0.977555555556,0.00385298146321,0.977555555556,0.00385298146321
0.000131825673856,0.000131825673856,0.000131825673856,0.000131825673856,0.000131825673856,0.000131825673856,0.000131825673856,0.000131825673856,0.000131825673856,0.000131825673856,0.000131825673856,0.000131825673856,0.000131825673856,0.000131825673856,0.000131825673856,0.000131825673856,0.000131825673856,0.000131825673856,10,X129 Z134 Y135 Y139 Z140 X144,0.979222222222,0.00298185230474,0.979222222222,0.00298185230474
0.000131825673856,0.000131825673856,0.000131825673856,0.000131825673856,0.000131825673856,0.000131825673856,0.000131825673856,0.000131825673856,0.000131825673856,0.000131825673856,0.000131825673856,0.000131825673856,0.000131825673856,0.000131825673856,0.000131825673856,0.000131825673856,0.000131825673856,0.000131825673856,10,X13 X17,0.991355555556,0.0024974060617,0.991355555556,0.0024974060617
0.000131825673856,0.000131825673856,0.000131825673856,0.000131825673856,0.000131825673856,0.000131825673856,0.000131825673856,0.000131825673856,0.000131825673856,0.000131825673856,0.000131825673856,0.000131825673856,0.000131825673856,0.000131825673856,0.000131825673856,0.000131825673856,0.000131825673856,0.000131825673856,10,X130 Z135 Y136 Y140 Z141 X145,0.977888888889,0.00341321898755,0.977888888889,0.00341321898755
0.000131825673856,0.000131825673856,0.000131825673856,0.000131825673856,0.000131825673856,0.000131825673856,0.000131825673856,0.000131825673856,0.000131825673856,0.000131825673856,0.000131825673856,0.000131825673856,0.000131825673856,0.000131825673856,0.000131825673856,0.000131825673856,0.000131825673856,0.000131825673856,10,X131 Z136 Y141,0.987933333333,0.00289986127294,0.987933333333,0.00289986127294
0.000131825673856,0.000131825673856,0.000131825673856,0.000131825673856,0.000131825673856,0.000131825673856,0.000131825673856,0.000131825673856,0.000131825673856,0.000131825673856,0.000131825673856,0.000131825673856,0.000131825673856,0.000131825673856,0.000131825673856,0.000131825673856,0.000131825673856,0.000131825673856,10,X132 X137,0.990555555556,0.0022289171182,0.990555555556,0.0022289171182
0.000131825673856,0.000131825673856,0.000131825673856,0.000131825673856,0.000131825673856,0.000131825673856,0.000131825673856,0.000131825673856,0.000131825673856,0.000131825673856,0.000131825673856,0.000131825673856,0.000131825673856,0.000131825673856,0.000131825673856,0.000131825673856,0.000131825673856,0.000131825673856,10,X133 X138,0.991,0.00251737258882,0.991,0.00251737258882
0.000131825673856,0.000131825673856,0.000131825673856,0.000131825673856,0.000131825673856,0.000131825673856,0.000131825673856,0.000131825673856,0.000131825673856,0.000131825673856,0.000131825673856,0.000131825673856,0.000131825673856,0.000131825673856,0.000131825673856,0.000131825673856,0.000131825673856,0.000131825673856,10,X134 X139,0.990733333333,0.00260474074132,0.990733333333,0.00260474074132
0.000131825673856,0.000131825673856,0.000131825673856,0.000131825673856,0.000131825673856,0.000131825673856,0.000131825673856,0.000131825673856,0.000131825673856,0.000131825673856,0.000131825673856,0.000131825673856,0.000131825673856,0.000131825673856,0.000131825673856,0.000131825673856,0.000131825673856,0.000131825673856,10,X135 X140,0.992155555556,0.00237279170711,0.992155555556,0.00237279170711
0.000131825673856,0.000131825673856,0.000131825673856,0.000131825673856,0.000131825673856,0.000131825673856,0.000131825673856,0.000131825673856,0.000131825673856,0.000131825673856,0.000131825673856,0.000131825673856,0.000131825673856,0.000131825673856,0.000131825673856,0.000131825673856,0.000131825673856,0.000131825673856,10,X136 X141,0.992822222222,0.00188304256393,0.992822222222,0.00188304256393
0.000131825673856,0.000131825673856,0.000131825673856,0.000131825673856,0.000131825673856,0.000131825673856,0.000131825673856,0.000131825673856,0.000131825673856,0.000131825673856,0.000131825673856,0.000131825673856,0.000131825673856,0.000131825673856,0.000131825673856,0.000131825673856,0.000131825673856,0.000131825673856,10,X137 Y142 Z146,0.987466666667,0.00296802887491,0.987466666667,0.00296802887491
0.000131825673856,0.000131825673856,0.000131825673856,0.000131825673856,0.000131825673856,0.000131825673856,0.000131825673856,0.000131825673856,0.000131825673856,0.000131825673856,0.000131825673856,0.000131825673856,0.000131825673856,0.000131825673856,0.000131825673856,0.000131825673856,0.000131825673856,0.000131825673856,10,X138 Z142 Y143 Y146 Z147 X150,0.978933333333,0.00338850886633,0.978933333333,0.00338850886633
0.000131825673856,0.000131825673856,0.000131825673856,0.000131825673856,0.000131825673856,0.000131825673856,0.000131825673856,0.000131825673856,0.000131825673856,0.000131825673856,0.000131825673856,0.000131825673856,0.000131825673856,0.000131825673856,0.000131825673856,0.000131825673856,0.000131825673856,0.000131825673856,10,X139 Z143 Y144 Y147 Z148 X151,0.977555555556,0.00357227868007,0.977555555556,0.00357227868007
0.000131825673856,0.000131825673856,0.000131825673856,0.000131825673856,0.000131825673856,0.000131825673856,0.000131825673856,0.000131825673856,0.000131825673856,0.000131825673856,0.000131825673856,0.000131825673856,0.000131825673856,0.000131825673856,0.000131825673856,0.000131825673856,0.000131825673856,0.000131825673856,10,X14 X18,0.992444444444,0.00230497269095,0.992444444444,0.00230497269095
0.000131825673856,0.000131825673856,0.000131825673856,0.000131825673856,0.000131825673856,0.000131825673856,0.000131825673856,0.000131825673856,0.000131825673856,0.000131825673856,0.000131825673856,0.000131825673856,0.000131825673856,0.000131825673856,0.000131825673856,0.000131825673856,0.000131825673856,0.000131825673856,10,X140 Z144 Y145 Y148 Z149 X152,0.977266666667,0.00319170380519,0.977266666667,0.00319170380519
0.000131825673856,0.000131825673856,0.000131825673856,0.000131825673856,0.000131825673856,0.000131825673856,0.000131825673856,0.000131825673856,0.000131825673856,0.000131825673856,0.000131825673856,0.000131825673856,0.000131825673856,0.000131825673856,0.000131825673856,0.000131825673856,0.000131825673856,0.000131825673856,10,X142 X146,0.9924,0.00215563060264,0.9924,0.00215563060264
0.000131825673856,0.000131825673856,0.000131825673856,0.000131825673856,0.000131825673856,0.000131825673856,0.000131825673856,0.000131825673856,0.000131825673856,0.000131825673856,0.000131825673856,0.000131825673856,0.000131825673856,0.000131825673856,0.000131825673856,0.000131825673856,0.000131825673856,0.000131825673856,10,X143 X147,0.991733333333,0.00204620946632,0.991733333333,0.00204620946632
0.000131825673856,0.000131825673856,0.000131825673856,0.000131825673856,0.000131825673856,0.000131825673856,0.000131825673856,0.000131825673856,0.000131825673856,0.000131825673856,0.000131825673856,0.000131825673856,0.000131825673856,0.000131825673856,0.000131825673856,0.000131825673856,0.000131825673856,0.000131825673856,10,X144 X148,0.991311111111,0.00230596981922,0.991311111111,0.00230596981922
0.000131825673856,0.000131825673856,0.000131825673856,0.000131825673856,0.000131825673856,0.000131825673856,0.000131825673856,0.000131825673856,0.000131825673856,0.000131825673856,0.000131825673856,0.000131825673856,0.000131825673856,0.000131825673856,0.000131825673856,0.000131825673856,0.000131825673856,0.000131825673856,10,X145 X149,0.991222222222,0.00237537386988,0.991222222222,0.00237537386988
0.000131825673856,0.000131825673856,0.000131825673856,0.000131825673856,0.000131825673856,0.000131825673856,0.000131825673856,0.000131825673856,0.000131825673856,0.000131825673856,0.000131825673856,0.000131825673856,0.000131825673856,0.000131825673856,0.000131825673856,0.000131825673856,0.000131825673856,0.000131825673856,10,X147 Z150 Y151 Y153 Z154 X156,0.978777777778,0.00358833073961,0.978777777778,0.00358833073961
0.000131825673856,0.000131825673856,0.000131825673856,0.000131825673856,0.000131825673856,0.000131825673856,0.000131825673856,0.000131825673856,0.000131825673856,0.000131825673856,0.000131825673856,0.000131825673856,0.000131825673856,0.000131825673856,0.000131825673856,0.000131825673856,0.000131825673856,0.000131825673856,10,X148 Z151 Y152 Y154 Z155 X157,0.978311111111,0.00336187018438,0.978311111111,0.00336187018438
0.000131825673856,0.000131825673856,0.000131825673856,0.000131825673856,0.000131825673856,0.000131825673856,0.000131825673856,0.000131825673856,0.000131825673856,0.000131825673856,0.000131825673856,0.000131825673856,0.000131825673856,0.000131825673856,0.000131825673856,0.000131825673856,0.000131825673856,0.000131825673856,10,X149 Z152 Y155,0.987377777778,0.00263156980572,0.987377777778,0.00263156980572
0.000131825673856,0.000131825673856,0.000131825673856,0.000131825673856,0.000131825673856,0.000131825673856,0.000131825673856,0.000131825673856,0.000131825673856,0.000131825673856,0.000131825673856,0.000131825673856,0.000131825673856,0.000131825673856,0.000131825673856,0.000131825673856,0.000131825673856,0.000131825673856,10,X15 X19,0.992222222222,0.00244688140455,0.992222222222,0.00244688140455
0.000131825673856,0.000131825673856,0.000131825673856,0.000131825673856,0.000131825673856,0.000131825673856,0.000131825673856,0.000131825673856,0.000131825673856,0.000131825673856,0.000131825673856,0.000131825673856,0.000131825673856,0.000131825673856,0.000131825673856,0.000131825673856,0.000131825673856,0.000131825673856,10,X150 X153,0.991711111111,0.00232714011145,0.991711111111,0.00232714011145
0.000131825673856,0.000131825673856,0.000131825673856,0.000131825673856,0.000131825673856,0.000131825673856,0.000131825673856,0.000131825673856,0.000131825673856,0.000131825673856,0.000131825673856,0.000131825673856,0.000131825673856,0.000131825673856,0.000131825673856,0.000131825673856,0.000131825673856,0.000131825673856,10,X151 X154,0.991266666667,0.00231834265019,0.991266666667,0.00231834265019
0.000131825673856,0.000131825673856,0.000131825673856,0.000131825673856,0.000131825673856,0.000131825673856,0.000131825673856,0.000131825673856,0.000131825673856,0.000131825673856,0.000131825673856,0.000131825673856,0.000131825673856,0.000131825673856,0.000131825673856,0.000131825673856,0.000131825673856,0.000131825673856,10,X152 X155,0.992444444444,0.00185557735092,0.992444444444,0.00185557735092
0.000131825673856,0.000131825673856,0.000131825673856,0.000131825673856,0.000131825673856,0.000131825673856,0.000131825673856,0.000131825673856,0.000131825673856,0.000131825673856,0.000131825673856,0.000131825673856,0.000131825673856,0.000131825673856,0.000131825673856,0.000131825673856,0.000131825673856,0.000131825673856,10,X153 Y156 Z158,0.986488888889,0.00290821709853,0.986488888889,0.00290821709853
0.000131825673856,0.000131825673856,0.000131825673856,0.000131825673856,0.000131825673856,0.000131825673856,0.000131825673856,0.000131825673856,0.000131825673856,0.000131825673856,0.000131825673856,0.000131825673856,0.000131825673856,0.000131825673856,0.000131825673856,0.000131825673856,0.000131825673856,0.000131825673856,10,X154 Z156 Y157 Y158 Z159 X160,0.980733333333,0.0046727382506,0.980733333333,0.0046727382506
0.000131825673856,0.000131825673856,0.000131825673856,0.000131825673856,0.000131825673856,0.000131825673856,0.000131825673856,0.000131825673856,0.000131825673856,0.000131825673856,0.000131825673856,0.000131825673856,0.000131825673856,0.000131825673856,0.000131825673856,0.000131825673856,0.000131825673856,0.000131825673856,10,X156 X158,0.992644444444,0.00270367046289,0.992644444444,0.00270367046289
0.000131825673856,0.000131825673856,0.000131825673856,0.000131825673856,0.000131825673856,0.000131825673856,0.000131825673856,0.000131825673856,0.000131825673856,0.000131825673856,0.000131825673856,0.000131825673856,0.000131825673856,0.000131825673856,0.000131825673856,0.000131825673856,0.000131825673856,0.000131825673856,10,X157 X159,0.9918,0.00197416260923,0.9918,0.00197416260923
0.000131825673856,0.000131825673856,0.000131825673856,0.000131825673856,0.000131825673856,0.000131825673856,0.000131825673856,0.000131825673856,0.000131825673856,0.000131825673856,0.000131825673856,0.000131825673856,0.000131825673856,0.000131825673856,0.000131825673856,0.000131825673856,0.000131825673856,0.000131825673856,10,X159 Z160 Y161,0.987377777778,0.00314616269748,0.987377777778,0.00314616269748
0.000131825673856,0.000131825673856,0.000131825673856,0.000131825673856,0.000131825673856,0.000131825673856,0.000131825673856,0.000131825673856,0.000131825673856,0.000131825673856,0.000131825673856,0.000131825673856,0.000131825673856,0.000131825673856,0.000131825673856,0.000131825673856,0.000131825673856,0.000131825673856,10,X16 Z20 Y21 Y25 Z26 X31,0.979177777778,0.0033064818883,0.979177777778,0.0033064818883
0.000131825673856,0.000131825673856,0.000131825673856,0.000131825673856,0.000131825673856,0.000131825673856,0.000131825673856,0.000131825673856,0.000131825673856,0.000131825673856,0.000131825673856,0.000131825673856,0.000131825673856,0.000131825673856,0.000131825673856,0.000131825673856,0.000131825673856,0.000131825673856,10,X160 X161,0.993711111111,0.00193125796919,0.993711111111,0.00193125796919
0.000131825673856,0.000131825673856,0.000131825673856,0.000131825673856,0.000131825673856,0.000131825673856,0.000131825673856,0.000131825673856,0.000131825673856,0.000131825673856,0.000131825673856,0.000131825673856,0.000131825673856,0.000131825673856,0.000131825673856,0.000131825673856,0.000131825673856,0.000131825673856,10,X17 Z21 Y22 Y26 Z27 X32,0.977133333333,0.00319074331651,0.977133333333,0.00319074331651
0.000131825673856,0.000131825673856,0.000131825673856,0.000131825673856,0.000131825673856,0.000131825673856,0.000131825673856,0.000131825673856,0.000131825673856,0.000131825673856,0.000131825673856,0.000131825673856,0.000131825673856,0.000131825673856,0.000131825673856,0.000131825673856,0.000131825673856,0.000131825673856,10,X18 Z22 Y23 Y27 Z28 X33,0.975533333333,0.00409522663916,0.975533333333,0.00409522663916
0.000131825673856,0.000131825673856,0.000131825673856,0.000131825673856,0.000131825673856,0.000131825673856,0.000131825673856,0.000131825673856,0.000131825673856,0.000131825673856,0.000131825673856,0.000131825673856,0.000131825673856,0.000131825673856,0.000131825673856,0.000131825673856,0.000131825673856,0.000131825673856,10,X19 Z23 Y24 Y28 Z29 X34,0.976666666667,0.00316106582734,0.976666666667,0.00316106582734
0.000131825673856,0.000131825673856,0.000131825673856,0.000131825673856,0.000131825673856,0.000131825673856,0.000131825673856,0.000131825673856,0.000131825673856,0.000131825673856,0.000131825673856,0.000131825673856,0.000131825673856,0.000131825673856,0.000131825673856,0.000131825673856,0.000131825673856,0.000131825673856,10,X2 X4,0.992311111111,0.0027332679181,0.992311111111,0.0027332679181
0.000131825673856,0.000131825673856,0.000131825673856,0.000131825673856,0.000131825673856,0.000131825673856,0.000131825673856,0.000131825673856,0.000131825673856,0.000131825673856,0.000131825673856,0.000131825673856,0.000131825673856,0.000131825673856,0.000131825673856,0.000131825673856,0.000131825673856,0.000131825673856,10,X20 X25,0.992977777778,0.001883449459,0.992977777778,0.001883449459
0.000131825673856,0.000131825673856,0.000131825673856,0.000131825673856,0.000131825673856,0.000131825673856,0.000131825673856,0.000131825673856,0.000131825673856,0.000131825673856,0.000131825673856,0.000131825673856,0.000131825673856,0.000131825673856,0.000131825673856,0.000131825673856,0.000131825673856,0.000131825673856,10,X21 X26,0.992133333333,0.00183118996966,0.992133333333,0.00183118996966
0.000131825673856,0.000131825673856,0.000131825673856,0.000131825673856,0.000131825673856,0.000131825673856,0.000131825673856,0.000131825673856,0.000131825673856,0.000131825673856,0.000131825673856,0.000131825673856,0.000131825673856,0.000131825673856,0.000131825673856,0.000131825673856,0.000131825673856,0.000131825673856,10,X22 X27,0.991777777778,0.00224433443075,0.991777777778,0.00224433443075
0.000131825673856,0.000131825673856,0.000131825673856,0.000131825673856,0.000131825673856,0.000131825673856,0.000131825673856,0.000131825673856,0.000131825673856,0.000131825673856,0.000131825673856,0.000131825673856,0.000131825673856,0.000131825673856,0.000131825673856,0.000131825673856,0.000131825673856,0.000131825673856,10,X23 X28,0.990888888889,0.0028193819237,0.990888888889,0.0028193819237
0.000131825673856,0.000131825673856,0.000131825673856,0.000131825673856,0.000131825673856,0.000131825673856,0.000131825673856,0.000131825673856,0.000131825673856,0.000131825673856,0.000131825673856,0.000131825673856,0.000131825673856,0.000131825673856,0.000131825673856,0.000131825673856,0.000131825673856,0.000131825673856,10,X24 X29,0.991,0.0029387098063,0.991,0.0029387098063
0.000131825673856,0.000131825673856,0.000131825673856,0.000131825673856,0.000131825673856,0.000131825673856,0.000131825673856,0.000131825673856,0.000131825673856,0.000131825673856,0.000131825673856,0.000131825673856,0.000131825673856,0.000131825673856,0.000131825673856,0.000131825673856,0.000131825673856,0.000131825673856,10,X25 Z30 Y31 Y36 Z37 X43,0.973822222222,0.00359195923371,0.973822222222,0.00359195923371
0.000131825673856,0.000131825673856,0.000131825673856,0.000131825673856,0.000131825673856,0.000131825673856,0.000131825673856,0.000131825673856,0.000131825673856,0.000131825673856,0.000131825673856,0.000131825673856,0.000131825673856,0.000131825673856,0.000131825673856,0.000131825673856,0.000131825673856,0.000131825673856,10,X26 Z31 Y32 Y37 Z38 X44,0.976511111111,0.00497867739545,0.976511111111,0.00497867739545
0.000131825673856,0.000131825673856,0.000131825673856,0.000131825673856,0.000131825673856,0.000131825673856,0.000131825673856,0.000131825673856,0.000131825673856,0.000131825673856,0.000131825673856,0.000131825673856,0.000131825673856,0.000131825673856,0.000131825673856,0.000131825673856,0.000131825673856,0.000131825673856,10,X27 Z32 Y33 Y38 Z39 X45,0.978511111111,0.00396800743624,0.978511111111,0.00396800743624
0.000131825673856,0.000131825673856,0.000131825673856,0.000131825673856,0.000131825673856,0.000131825673856,0.000131825673856,0.000131825673856,0.000131825673856,0.000131825673856,0.000131825673856,0.000131825673856,0.000131825673856,0.000131825673856,0.000131825673856,0.000131825673856,0.000131825673856,0.000131825673856,10,X28 Z33 Y34 Y39 Z40 X46,0.978733333333,0.00330029605081,0.978733333333,0.00330029605081
0.000131825673856,0.000131825673856,0.000131825673856,0.000131825673856,0.000131825673856,0.000131825673856,0.000131825673856,0.000131825673856,0.000131825673856,0.000131825673856,0.000131825673856,0.000131825673856,0.000131825673856,0.000131825673856,0.000131825673856,0.000131825673856,0.000131825673856,0.000131825673856,10,X29 Z34 Y35 Y40 Z41 X47,0.978644444444,0.00395950123928,0.978644444444,0.00395950123928
0.000131825673856,0.000131825673856,0.000131825673856,0.000131825673856,0.000131825673856,0.000131825673856,0.000131825673856,0.000131825673856,0.000131825673856,0.000131825673856,0.000131825673856,0.000131825673856,0.000131825673856,0.000131825673856,0.000131825673856,0.000131825673856,0.000131825673856,0.000131825673856,10,X3 X5,0.992377777778,0.00223989144054,0.992377777778,0.00223989144054
0.000131825673856,0.000131825673856,0.000131825673856,0.000131825673856,0.000131825673856,0.000131825673856,0.000131825673856,0.000131825673856,0.000131825673856,0.000131825673856,0.000131825673856,0.000131825673856,0.000131825673856,0.000131825673856,0.000131825673856,0.000131825673856,0.000131825673856,0.000131825673856,10,X30 X36,0.989688888889,0.00237956390823,0.989688888889,0.00237956390823
0.000131825673856,0.000131825673856,0.000131825673856,0.000131825673856,0.000131825673856,0.000131825673856,0.000131825673856,0.000131825673856,0.000131825673856,0.000131825673856,0.000131825673856,0.000131825673856,0.000131825673856,0.000131825673856,0.000131825673856,0.000131825673856,0.000131825673856,0.000131825673856,10,X31 X37,0.990688888889,0.00265793589914,0.990688888889,0.00265793589914
0.000131825673856,0.000131825673856,0.000131825673856,0.000131825673856,0.000131825673856,0.000131825673856,0.000131825673856,0.000131825673856,0.000131825673856,0.000131825673856,0.000131825673856,0.000131825673856,0.000131825673856,0.000131825673856,0.000131825673856,0.000131825673856,0.000131825673856,0.000131825673856,10,X32 X38,0.990511111111,0.00254120575558,0.990511111111,0.00254120575558
0.000131825673856,0.000131825673856,0.000131825673856,0.000131825673856,0.000131825673856,0.000131825673856,0.000131825673856,0.000131825673856,0.000131825673856,0.000131825673856,0.000131825673856,0.000131825673856,0.000131825673856,0.000131825673856,0.000131825673856,0.000131825673856,0.000131825673856,0.000131825673856,10,X33 X39,0.991888888889,0.00253153798048,0.991888888889,0.00253153798048
0.000131825673856,0.000131825673856,0.000131825673856,0.000131825673856,0.000131825673856,0.000131825673856,0.000131825673856,0.000131825673856,0.000131825673856,0.000131825673856,0.000131825673856,0.000131825673856,0.000131825673856,0.000131825673856,0.000131825673856,0.000131825673856,0.000131825673856,0.000131825673856,10,X34 X40,0.991977777778,0.00223852259251,0.991977777778,0.00223852259251
0.000131825673856,0.000131825673856,0.000131825673856,0.000131825673856,0.000131825673856,0.000131825673856,0.000131825673856,0.000131825673856,0.000131825673856,0.000131825673856,0.000131825673856,0.000131825673856,0.000131825673856,0.000131825673856,0.000131825673856,0.000131825673856,0.000131825673856,0.000131825673856,10,X35 X41,0.992622222222,0.00237440588791,0.992622222222,0.00237440588791
0.000131825673856,0.000131825673856,0.000131825673856,0.000131825673856,0.000131825673856,0.000131825673856,0.000131825673856,0.000131825673856,0.000131825673856,0.000131825673856,0.000131825673856,0.000131825673856,0.000131825673856,0.000131825673856,0.000131825673856,0.000131825673856,0.000131825673856,0.000131825673856,10,X36 Z42 Y43 Y49 Z50 X57,0.977155555556,0.00320408423906,0.977155555556,0.00320408423906
0.000131825673856,0.000131825673856,0.000131825673856,0.000131825673856,0.000131825673856,0.000131825673856,0.000131825673856,0.000131825673856,0.000131825673856,0.000131825673856,0.000131825673856,0.000131825673856,0.000131825673856,0.000131825673856,0.000131825673856,0.000131825673856,0.000131825673856,0.000131825673856,10,X37 Z43 Y44 Y50 Z51 X58,0.975266666667,0.00298322256264,0.975266666667,0.00298322256264
0.000131825673856,0.000131825673856,0.000131825673856,0.000131825673856,0.000131825673856,0.000131825673856,0.000131825673856,0.000131825673856,0.000131825673856,0.000131825673856,0.000131825673856,0.000131825673856,0.000131825673856,0.000131825673856,0.000131825673856,0.000131825673856,0.000131825673856,0.000131825673856,10,X38 Z44 Y45 Y51 Z52 X59,0.975333333333,0.00409466525187,0.975333333333,0.00409466525187
0.000131825673856,0.000131825673856,0.000131825673856,0.000131825673856,0.000131825673856,0.000131825673856,0.000131825673856,0.000131825673856,0.000131825673856,0.000131825673856,0.000131825673856,0.000131825673856,0.000131825673856,0.000131825673856,0.000131825673856,0.000131825673856,0.000131825673856,0.000131825673856,10,X39 Z45 Y46 Y52 Z53 X60,0.974688888889,0.00395175244441,0.974688888889,0.00395175244441
0.000131825673856,0.000131825673856,0.000131825673856,0.000131825673856,0.000131825673856,0.000131825673856,0.000131825673856,0.000131825673856,0.000131825673856,0.000131825673856,0.000131825673856,0.000131825673856,0.000131825673856,0.000131825673856,0.000131825673856,0.000131825673856,0.000131825673856,0.000131825673856,10,X4 Z6 Y7 Y9 Z10 X13,0.980111111111,0.00443283925458,0.980111111111,0.00443283925458
0.000131825673856,0.000131825673856,0.000131825673856,0.000131825673856,0.000131825673856,0.000131825673856,0.000131825673856,0.000131825673856,0.000131825673856,0.000131825673856,0.000131825673856,0.000131825673856,0.000131825673856,0.000131825673856,0.000131825673856,0.000131825673856,0.000131825673856,0.000131825673856,10,X40 Z46 Y47 Y53 Z54 X61,0.974333333333,0.00358690679878,0.974333333333,0.00358690679878
0.000131825673856,0.000131825673856,0.000131825673856,0.000131825673856,0.000131825673856,0.000131825673856,0.000131825673856,0.000131825673856,0.000131825673856,0.000131825673856,0.000131825673856,0.000131825673856,0.000131825673856,0.000131825673856,0.000131825673856,0.000131825673856,0.000131825673856,0.000131825673856,10,X41 Z47 Y48 Y54 Z55 X62,0.973555555556,0.00397822938852,0.973555555556,0.00397822938852
0.000131825673856,0.000131825673856,0.000131825673856,0.000131825673856,0.000131825673856,0.000131825673856,0.000131825673856,0.000131825673856,0.000131825673856,0.000131825673856,0.000131825673856,0.000131825673856,0.000131825673856,0.000131825673856,0.000131825673856,0.000131825673856,0.000131825673856,0.000131825673856,10,X42 X49,0.992311111111,0.00216367314571,0.992311111111,0.00216367314571
0.000131825673856,0.000131825673856,0.000131825673856,0.000131825673856,0.000131825673856,0.000131825673856,0.000131825673856,0.000131825673856,0.000131825673856,0.000131825673856,0.000131825673856,0.000131825673856,0.000131825673856,0.000131825673856,0.000131825673856,0.000131825673856,0.000131825673856,0.000131825673856,10,X43 X50,0.992511111111,0.00176542644243,0.992511111111,0.00176542644243
0.000131825673856,0.000131825673856,0.000131825673856,0.000131825673856,0.000131825673856,0.000131825673856,0.000131825673856,0.000131825673856,0.000131825673856,0.000131825673856,0.000131825673856,0.000131825673856,0.000131825673856,0.000131825673856,0.000131825673856,0.000131825673856,0.000131825673856,0.000131825673856,10,X44 X51,0.991977777778,0.00255203822581,0.991977777778,0.00255203822581
0.000131825673856,0.000131825673856,0.000131825673856,0.000131825673856,0.000131825673856,0.000131825673856,0.000131825673856,0.000131825673856,0.000131825673856,0.000131825673856,0.000131825673856,0.000131825673856,0.000131825673856,0.000131825673856,0.000131825673856,0.000131825673856,0.000131825673856,0.000131825673856,10,X45 X52,0.990533333333,0.00244102861303,0.990533333333,0.00244102861303
0.000131825673856,0.000131825673856,0.000131825673856,0.000131825673856,0.000131825673856,0.000131825673856,0.000131825673856,0.000131825673856,0.000131825673856,0.000131825673856,0.000131825673856,0.000131825673856,0.000131825673856,0.000131825673856,0.000131825673856,0.000131825673856,0.000131825673856,0.000131825673856,10,X46 X53,0.990733333333,0.002628170408,0.990733333333,0.002628170408
0.000131825673856,0.000131825673856,0.000131825673856,0.000131825673856,0.000131825673856,0.000131825673856,0.000131825673856,0.000131825673856,0.000131825673856,0.000131825673856,0.000131825673856,0.000131825673856,0.000131825673856,0.000131825673856,0.000131825673856,0.000131825673856,0.000131825673856,0.000131825673856,10,X47 X54,0.989088888889,0.00236502830345,0.989088888889,0.00236502830345
0.000131825673856,0.000131825673856,0.000131825673856,0.000131825673856,0.000131825673856,0.000131825673856,0.000131825673856,0.000131825673856,0.000131825673856,0.000131825673856,0.000131825673856,0.000131825673856,0.000131825673856,0.000131825673856,0.000131825673856,0.000131825673856,0.000131825673856,0.000131825673856,10,X48 X55,0.990733333333,0.00233152639395,0.990733333333,0.00233152639395
0.000131825673856,0.000131825673856,0.000131825673856,0.000131825673856,0.000131825673856,0.000131825673856,0.000131825673856,0.000131825673856,0.000131825673856,0.000131825673856,0.000131825673856,0.000131825673856,0.000131825673856,0.000131825673856,0.000131825673856,0.000131825673856,0.000131825673856,0.000131825673856,10,X49 Z56 Y57 Y64 Z65 X73,0.971555555556,0.0042967807011,0.971555555556,0.0042967807011
0.000131825673856,0.000131825673856,0.000131825673856,0.000131825673856,0.000131825673856,0.000131825673856,0.000131825673856,0.000131825673856,0.000131825673856,0.000131825673856,0.000131825673856,0.000131825673856,0.000131825673856,0.000131825673856,0.000131825673856,0.000131825673856,0.000131825673856,0.000131825673856,10,X5 Z7 Y8 Y10 Z11 X14,0.978044444444,0.00423064294393,0.978044444444,0.00423064294393
0.000131825673856,0.000131825673856,0.000131825673856,0.000131825673856,0.000131825673856,0.000131825673856,0.000131825673856,0.000131825673856,0.000131825673856,0.000131825673856,0.000131825673856,0.000131825673856,0.000131825673856,0.000131825673856,0.000131825673856,0.000131825673856,0.000131825673856,0.000131825673856,10,X50 Z57 Y58 Y65 Z66 X74,0.9728,0.00345479842884,0.9728,0.00345479842884
0.000131825673856,0.000131825673856,0.000131825673856,0.000131825673856,0.000131825673856,0.000131825673856,0.000131825673856,0.000131825673856,0.000131825673856,0.000131825673856,0.000131825673856,0.000131825673856,0.000131825673856,0.000131825673856,0.000131825673856,0.000131825673856,0.000131825673856,0.000131825673856,10,X51 Z58 Y59 Y66 Z67 X75,0.974311111111,0.0039527218745,0.974311111111,0.0039527218745
0.000131825673856,0.000131825673856,0.000131825673856,0.000131825673856,0.000131825673856,0.000131825673856,0.000131825673856,0.000131825673856,0.000131825673856,0.000131825673856,0.000131825673856,0.000131825673856,0.000131825673856,0.000131825673856,0.000131825673856,0.000131825673856,0.000131825673856,0.000131825673856,10,X52 Z59 Y60 Y67 Z68 X76,0.9734,0.00392399046245,0.9734,0.00392399046245
0.000131825673856,0.000131825673856,0.000131825673856,0.000131825673856,0.000131825673856,0.000131825673856,0.000131825673856,0.000131825673856,0.000131825673856,0.000131825673856,0.000131825673856,0.000131825673856,0.000131825673856,0.000131825673856,0.000131825673856,0.000131825673856,0.000131825673856,0.000131825673856,10,X53 Z60 Y61 Y68 Z69 X77,0.976088888889,0.00392548733664,0.976088888889,0.00392548733664
0.000131825673856,0.000131825673856,0.000131825673856,0.000131825673856,0.000131825673856,0.000131825673856,0.000131825673856,0.000131825673856,0.000131825673856,0.000131825673856,0.000131825673856,0.000131825673856,0.000131825673856,0.000131825673856,0.000131825673856,0.000131825673856,0.000131825673856,0.000131825673856,10,X54 Z61 Y62 Y69 Z70 X78,0.976266666667,0.00307554935441,0.976266666667,0.00307554935441
0.000131825673856,0.000131825673856,0.000131825673856,0.000131825673856,0.000131825673856,0.000131825673856,0.000131825673856,0.000131825673856,0.000131825673856,0.000131825673856,0.000131825673856,0.000131825673856,0.000131825673856,0.000131825673856,0.000131825673856,0.000131825673856,0.000131825673856,0.000131825673856,10,X55 Z62 Y63 Y70 Z71 X79,0.9758,0.00340002253768,0.9758,0.00340002253768
0.000131825673856,0.000131825673856,0.000131825673856,0.000131825673856,0.000131825673856,0.000131825673856,0.000131825673856,0.000131825673856,0.000131825673856,0.000131825673856,0.000131825673856,0.000131825673856,0.000131825673856,0.000131825673856,0.000131825673856,0.000131825673856,0.000131825673856,0.000131825673856,10,X56 X64,0.989088888889,0.00284185106872,0.989088888889,0.00284185106872
0.000131825673856,0.000131825673856,0.000131825673856,0.000131825673856,0.000131825673856,0.000131825673856,0.000131825673856,0.000131825673856,0.000131825673856,0.000131825673856,0.000131825673856,0.000131825673856,0.000131825673856,0.000131825673856,0.000131825673856,0.000131825673856,0.000131825673856,0.000131825673856,10,X57 X65,0.988977777778,0.00242422849177,0.988977777778,0.00242422849177
0.000131825673856,0.000131825673856,0.000131825673856,0.000131825673856,0.000131825673856,0.000131825673856,0.000131825673856,0.000131825673856,0.000131825673856,0.000131825673856,0.000131825673856,0.000131825673856,0.000131825673856,0.000131825673856,0.000131825673856,0.000131825673856,0.000131825673856,0.000131825673856,10,X58 X66,0.988755555556,0.00314518830133,0.988755555556,0.00314518830133
0.000131825673856,0.000131825673856,0.000131825673856,0.000131825673856,0.000131825673856,0.000131825673856,0.000131825673856,0.000131825673856,0.000131825673856,0.000131825673856,0.000131825673856,0.000131825673856,0.000131825673856,0.000131825673856,0.000131825673856,0.000131825673856,0.000131825673856,0.000131825673856,10,X59 X67,0.989955555556,0.00308715461665,0.989955555556,0.00308715461665
0.000131825673856,0.000131825673856,0.000131825673856,0.000131825673856,0.000131825673856,0.000131825673856,0.000131825673856,0.000131825673856,0.000131825673856,0.000131825673856,0.000131825673856,0.000131825673856,0.000131825673856,0.000131825673856,0.000131825673856,0.000131825673856,0.000131825673856,0.000131825673856,10,X6 X9,0.992711111111,0.00203368817958,0.992711111111,0.00203368817958
0.000131825673856,0.000131825673856,0.000131825673856,0.000131825673856,0.000131825673856,0.000131825673856,0.000131825673856,0.000131825673856,0.000131825673856,0.000131825673856,0.000131825673856,0.000131825673856,0.000131825673856,0.000131825673856,0.000131825673856,0.000131825673856,0.000131825673856,0.000131825673856,10,X60 X68,0.991266666667,0.00228505053307,0.991266666667,0.00228505053307
0.000131825673856,0.000131825673856,0.000131825673856,0.000131825673856,0.000131825673856,0.000131825673856,0.000131825673856,0.000131825673856,0.000131825673856,0.000131825673856,0.000131825673856,0.000131825673856,0.000131825673856,0.000131825673856,0.000131825673856,0.000131825673856,0.000131825673856,0.000131825673856,10,X61 X69,0.990466666667,0.00199731620698,0.990466666667,0.00199731620698
0.000131825673856,0.000131825673856,0.000131825673856,0.000131825673856,0.000131825673856,0.000131825673856,0.000131825673856,0.000131825673856,0.000131825673856,0.000131825673856,0.000131825673856,0.000131825673856,0.000131825673856,0.000131825673856,0.000131825673856,0.000131825673856,0.000131825673856,0.000131825673856,10,X62 X70,0.991688888889,0.00254150728098,0.991688888889,0.00254150728098
0.000131825673856,0.000131825673856,0.000131825673856,0.000131825673856,0.000131825673856,0.000131825673856,0.000131825673856,0.000131825673856,0.000131825673856,0.000131825673856,0.000131825673856,0.000131825673856,0.000131825673856,0.000131825673856,0.000131825673856,0.000131825673856,0.000131825673856,0.000131825673856,10,X63 X71,0.992555555556,0.00229664645293,0.992555555556,0.00229664645293
0.000131825673856,0.000131825673856,0.000131825673856,0.000131825673856,0.000131825673856,0.000131825673856,0.000131825673856,0.000131825673856,0.000131825673856,0.000131825673856,0.000131825673856,0.000131825673856,0.000131825673856,0.000131825673856,0.000131825673856,0.000131825673856,0.000131825673856,0.000131825673856,10,X64 Z72 Y73 Y81 Z82 X90,0.978311111111,0.00385059415561,0.978311111111,0.00385059415561
0.000131825673856,0.000131825673856,0.000131825673856,0.000131825673856,0.000131825673856,0.000131825673856,0.000131825673856,0.000131825673856,0.000131825673856,0.000131825673856,0.000131825673856,0.000131825673856,0.000131825673856,0.000131825673856,0.000131825673856,0.000131825673856,0.000131825673856,0.000131825673856,10,X65 Z73 Y74 Y82 Z83 X91,0.977377777778,0.00349683308649,0.977377777778,0.00349683308649
0.000131825673856,0.000131825673856,0.000131825673856,0.000131825673856,0.000131825673856,0.000131825673856,0.000131825673856,0.000131825673856,0.000131825673856,0.000131825673856,0.000131825673856,0.000131825673856,0.000131825673856,0.000131825673856,0.000131825673856,0.000131825673856,0.000131825673856,0.000131825673856,10,X66 Z74 Y75 Y83 Z84 X92,0.978288888889,0.00381440437227,0.978288888889,0.00381440437227
0.000131825673856,0.000131825673856,0.000131825673856,0.000131825673856,0.000131825673856,0.000131825673856,0.000131825673856,0.000131825673856,0.000131825673856,0.000131825673856,0.000131825673856,0.000131825673856,0.000131825673856,0.000131825673856,0.000131825673856,0.000131825673856,0.000131825673856,0.000131825673856,10,X67 Z75 Y76 Y84 Z85 X93,0.977066666667,0.0044793267146,0.977066666667,0.0044793267146
0.000131825673856,0.000131825673856,0.000131825673856,0.000131825673856,0.000131825673856,0.000131825673856,0.000131825673856,0.000131825673856,0.000131825673856,0.000131825673856,0.000131825673856,0.000131825673856,0.000131825673856,0.000131825673856,0.000131825673856,0.000131825673856,0.000131825673856,0.000131825673856,10,X68 Z76 Y77 Y85 Z86 X94,0.976511111111,0.00431582078725,0.976511111111,0.00431582078725
0.000131825673856,0.000131825673856,0.000131825673856,0.000131825673856,0.000131825673856,0.000131825673856,0.000131825673856,0.000131825673856,0.000131825673856,0.000131825673856,0.000131825673856,0.000131825673856,0.000131825673856,0.000131825673856,0.000131825673856,0.000131825673856,0.000131825673856,0.000131825673856,10,X69 Z77 Y78 Y86 Z87 X95,0.979622222222,0.00440718095086,0.979622222222,0.00440718095086
0.000131825673856,0.000131825673856,0.000131825673856,0.000131825673856,0.000131825673856,0.000131825673856,0.000131825673856,0.000131825673856,0.000131825673856,0.000131825673856,0.000131825673856,0.000131825673856,0.000131825673856,0.000131825673856,0.000131825673856,0.000131825673856,0.000131825673856,0.000131825673856,10,X7 X10,0.991733333333,0.00231999471528,0.991733333333,0.00231999471528
0.000131825673856,0.000131825673856,0.000131825673856,0.000131825673856,0.000131825673856,0.000131825673856,0.000131825673856,0.000131825673856,0.000131825673856,0.000131825673856,0.000131825673856,0.000131825673856,0.000131825673856,0.000131825673856,0.000131825673856,0.000131825673856,0.000131825673856,0.000131825673856,10,X70 Z78 Y79 Y87 Z88 X96,0.977244444444,0.00392158124857,0.977244444444,0.00392158124857
0.000131825673856,0.000131825673856,0.000131825673856,0.000131825673856,0.000131825673856,0.000131825673856,0.000131825673856,0.000131825673856,0.000131825673856,0.000131825673856,0.000131825673856,0.000131825673856,0.000131825673856,0.000131825673856,0.000131825673856,0.000131825673856,0.000131825673856,0.000131825673856,10,X71 Z79 Y80 Y88 Z89 X97,0.9762,0.00437740628955,0.9762,0.00437740628955
0.000131825673856,0.000131825673856,0.000131825673856,0.000131825673856,0.000131825673856,0.000131825673856,0.000131825673856,0.000131825673856,0.000131825673856,0.000131825673856,0.000131825673856,0.000131825673856,0.000131825673856,0.000131825673856,0.000131825673856,0.000131825673856,0.000131825673856,0.000131825673856,10,X72 X81,0.992511111111,0.00203933227246,0.992511111111,0.00203933227246
0.000131825673856,0.000131825673856,0.000131825673856,0.000131825673856,0.000131825673856,0.000131825673856,0.000131825673856,0.000131825673856,0.000131825673856,0.000131825673856,0.000131825673856,0.000131825673856,0.000131825673856,0.000131825673856,0.000131825673856,0.000131825673856,0.000131825673856,0.000131825673856,10,X73 X82,0.990911111111,0.00295811544716,0.990911111111,0.00295811544716
0.000131825673856,0.000131825673856,0.000131825673856,0.000131825673856,0.000131825673856,0.000131825673856,0.000131825673856,0.000131825673856,0.000131825673856,0.000131825673856,0.000131825673856,0.000131825673856,0.000131825673856,0.000131825673856,0.000131825673856,0.000131825673856,0.000131825673856,0.000131825673856,10,X74 X83,0.991466666667,0.00179740127434,0.991466666667,0.00179740127434
0.000131825673856,0.000131825673856,0.000131825673856,0.000131825673856,0.000131825673856,0.000131825673856,0.000131825673856,0.000131825673856,0.000131825673856,0.000131825673856,0.000131825673856,0.000131825673856,0.000131825673856,0.000131825673856,0.000131825673856,0.000131825673856,0.000131825673856,0.000131825673856,10,X75 X84,0.992044444444,0.00291873763367,0.992044444444,0.00291873763367
0.000131825673856,0.000131825673856,0.000131825673856,0.000131825673856,0.000131825673856,0.000131825673856,0.000131825673856,0.000131825673856,0.000131825673856,0.000131825673856,0.000131825673856,0.000131825673856,0.000131825673856,0.000131825673856,0.000131825673856,0.000131825673856,0.000131825673856,0.000131825673856,10,X76 X85,0.990488888889,0.00198023438632,0.990488888889,0.00198023438632
0.000131825673856,0.000131825673856,0.000131825673856,0.000131825673856,0.000131825673856,0.000131825673856,0.000131825673856,0.000131825673856,0.000131825673856,0.000131825673856,0.000131825673856,0.000131825673856,0.000131825673856,0.000131825673856,0.000131825673856,0.000131825673856,0.000131825673856,0.000131825673856,10,X77 X86,0.991866666667,0.00196833165445,0.991866666667,0.00196833165445
0.000131825673856,0.000131825673856,0.000131825673856,0.000131825673856,0.000131825673856,0.000131825673856,0.000131825673856,0.000131825673856,0.000131825673856,0.000131825673856,0.000131825673856,0.000131825673856,0.000131825673856,0.000131825673856,0.000131825673856,0.000131825673856,0.000131825673856,0.000131825673856,10,X78 X87,0.991711111111,0.00176542644243,0.991711111111,0.00176542644243
0.000131825673856,0.000131825673856,0.000131825673856,0.000131825673856,0.000131825673856,0.000131825673856,0.000131825673856,0.000131825673856,0.000131825673856,0.000131825673856,0.000131825673856,0.000131825673856,0.000131825673856,0.000131825673856,0.000131825673856,0.000131825673856,0.000131825673856,0.000131825673856,10,X79 X88,0.989844444444,0.00249249191859,0.989844444444,0.00249249191859
0.000131825673856,0.000131825673856,0.000131825673856,0.000131825673856,0.000131825673856,0.000131825673856,0.000131825673856,0.000131825673856,0.000131825673856,0.000131825673856,0.000131825673856,0.000131825673856,0.000131825673856,0.000131825673856,0.000131825673856,0.000131825673856,0.000131825673856,0.000131825673856,10,X8 X11,0.9922,0.0022430821707,0.9922,0.0022430821707
0.000131825673856,0.000131825673856,0.000131825673856,0.000131825673856,0.000131825673856,0.000131825673856,0.000131825673856,0.000131825673856,0.000131825673856,0.000131825673856,0.000131825673856,0.000131825673856,0.000131825673856,0.000131825673856,0.000131825673856,0.000131825673856,0.000131825673856,0.000131825673856,10,X80 X89,0.989888888889,0.00230995402806,0.989888888889,0.00230995402806
0.000131825673856,0.000131825673856,0.000131825673856,0.000131825673856,0.000131825673856,0.000131825673856,0.000131825673856,0.000131825673856,0.000131825673856,0.000131825673856,0.000131825673856,0.000131825673856,0.000131825673856,0.000131825673856,0.000131825673856,0.000131825673856,0.000131825673856,0.000131825673856,10,X81 Y90 Z98,0.987488888889,0.00267632351092,0.987488888889,0.00267632351092
0.000131825673856,0.000131825673856,0.000131825673856,0.000131825673856,0.000131825673856,0.000131825673856,0.000131825673856,0.000131825673856,0.000131825673856,0.000131825673856,0.000131825673856,0.000131825673856,0.000131825673856,0.000131825673856,0.000131825673856,0.000131825673856,0.000131825673856,0.000131825673856,10,X82 Z90 Y91 Y98 Z99 X106,0.978444444444,0.00420302147597,0.978444444444,0.00420302147597
0.000131825673856,0.000131825673856,0.000131825673856,0.000131825673856,0.000131825673856,0.000131825673856,0.000131825673856,0.000131825673856,0.000131825673856,0.000131825673856,0.000131825673856,0.000131825673856,0.000131825673856,0.000131825673856,0.000131825673856,0.000131825673856,0.000131825673856,0.000131825673856,10,X83 Z91 Y92 Y99 Z100 X107,0.976422222222,0.00352976759281,0.976422222222,0.00352976759281
0.000131825673856,0.000131825673856,0.000131825673856,0.000131825673856,0.000131825673856,0.000131825673856,0.000131825673856,0.000131825673856,0.000131825673856,0.000131825673856,0.000131825673856,0.000131825673856,0.000131825673856,0.000131825673856,0.000131825673856,0.000131825673856,0.000131825673856,0.000131825673856,10,X84 Z92 Y93 Y100 Z101 X108,0.977222222222,0.00351933176056,0.977222222222,0.00351933176056
0.000131825673856,0.000131825673856,0.000131825673856,0.000131825673856,0.000131825673856,0.000131825673856,0.000131825673856,0.000131825673856,0.000131825673856,0.000131825673856,0.000131825673856,0.000131825673856,0.000131825673856,0.000131825673856,0.000131825673856,0.000131825673856,0.000131825673856,0.000131825673856,10,X85 Z93 Y94 Y101 Z102 X109,0.977222222222,0.00444319905923,0.977222222222,0.00444319905923
0.000131825673856,0.000131825673856,0.000131825673856,0.000131825673856,0.000131825673856,0.000131825673856,0.000131825673856,0.000131825673856,0.000131825673856,0.000131825673856,0.000131825673856,0.000131825673856,0.000131825673856,0.000131825673856,0.000131825673856,0.000131825673856,0.000131825673856,0.000131825673856,10,X86 Z94 Y95 Y102 Z103 X110,0.977133333333,0.00405006976904,0.977133333333,0.00405006976904
0.000131825673856,0.000131825673856,0.000131825673856,0.000131825673856,0.000131825673856,0.000131825673856,0.000131825673856,0.000131825673856,0.000131825673856,0.000131825673856,0.000131825673856,0.000131825673856,0.000131825673856,0.000131825673856,0.000131825673856,0.000131825673856,0.000131825673856,0.000131825673856,10,X87 Z95 Y96 Y103 Z104 X111,0.974244444444,0.00431155742841,0.974244444444,0.00431155742841
0.000131825673856,0.000131825673856,0.000131825673856,0.000131825673856,0.000131825673856,0.000131825673856,0.000131825673856,0.000131825673856,0.000131825673856,0.000131825673856,0.000131825673856,0.000131825673856,0.000131825673856,0.000131825673856,0.000131825673856,0.000131825673856,0.000131825673856,0.000131825673856,10,X88 Z96 Y97 Y104 Z105 X112,0.973466666667,0.00435018826386,0.973466666667,0.00435018826386
0.000131825673856,0.000131825673856,0.000131825673856,0.000131825673856,0.000131825673856,0.000131825673856,0.000131825673856,0.000131825673856,0.000131825673856,0.000131825673856,0.000131825673856,0.000131825673856,0.000131825673856,0.000131825673856,0.000131825673856,0.000131825673856,0.000131825673856,0.000131825673856,10,X9 Z12 Y13 Y16 Z17 X21,0.977844444444,0.0039525280075,0.977844444444,0.0039525280075
0.000131825673856,0.000131825673856,0.000131825673856,0.000131825673856,0.000131825673856,0.000131825673856,0.000131825673856,0.000131825673856,0.000131825673856,0.000131825673856,0.000131825673856,0.000131825673856,0.000131825673856,0.000131825673856,0.000131825673856,0.000131825673856,0.000131825673856,0.000131825673856,10,X90 X98,0.991755555556,0.0025818899688,0.991755555556,0.0025818899688
0.000131825673856,0.000131825673856,0.000131825673856,0.000131825673856,0.000131825673856,0.000131825673856,0.000131825673856,0.000131825673856,0.000131825673856,0.000131825673856,0.000131825673856,0.000131825673856,0.000131825673856,0.000131825673856,0.000131825673856,0.000131825673856,0.000131825673856,0.000131825673856,10,X91 X99,0.991444444444,0.00215195417443,0.991444444444,0.00215195417443
0.000131825673856,0.000131825673856,0.000131825673856,0.000131825673856,0.000131825673856,0.000131825673856,0.000131825673856,0.000131825673856,0.000131825673856,0.000131825673856,0.000131825673856,0.000131825673856,0.000131825673856,0.000131825673856,0.000131825673856,0.000131825673856,0.000131825673856,0.000131825673856,10,X92 X100,0.991177777778,0.00214196052518,0.991177777778,0.00214196052518
0.000131825673856,0.000131825673856,0.000131825673856,0.000131825673856,0.000131825673856,0.000131825673856,0.000131825673856,0.000131825673856,0.000131825673856,0.000131825673856,0.000131825673856,0.000131825673856,0.000131825673856,0.000131825673856,0.000131825673856,0.000131825673856,0.000131825673856,0.000131825673856,10,X93 X101,0.991,0.00309616002438,0.991,0.00309616002438
0.000131825673856,0.000131825673856,0.000131825673856,0.000131825673856,0.000131825673856,0.000131825673856,0.000131825673856,0.000131825673856,0.000131825673856,0.000131825673856,0.000131825673856,0.000131825673856,0.000131825673856,0.000131825673856,0.000131825673856,0.000131825673856,0.000131825673856,0.000131825673856,10,X94 X102,0.991177777778,0.00228057486423,0.991177777778,0.00228057486423
0.000131825673856,0.000131825673856,0.000131825673856,0.000131825673856,0.000131825673856,0.000131825673856,0.000131825673856,0.000131825673856,0.000131825673856,0.000131825673856,0.000131825673856,0.000131825673856,0.000131825673856,0.000131825673856,0.000131825673856,0.000131825673856,0.000131825673856,0.000131825673856,10,X95 X103,0.991555555556,0.00278107084496,0.991555555556,0.00278107084496
0.000131825673856,0.000131825673856,0.000131825673856,0.000131825673856,0.000131825673856,0.000131825673856,0.000131825673856,0.000131825673856,0.000131825673856,0.000131825673856,0.000131825673856,0.000131825673856,0.000131825673856,0.000131825673856,0.000131825673856,0.000131825673856,0.000131825673856,0.000131825673856,10,X96 X104,0.989888888889,0.00249495020003,0.989888888889,0.00249495020003
0.000131825673856,0.000131825673856,0.000131825673856,0.000131825673856,0.000131825673856,0.000131825673856,0.000131825673856,0.000131825673856,0.000131825673856,0.000131825673856,0.000131825673856,0.000131825673856,0.000131825673856,0.000131825673856,0.000131825673856,0.000131825673856,0.000131825673856,0.000131825673856,10,X97 X105,0.9928,0.00222421366707,0.9928,0.00222421366707
0.000131825673856,0.000131825673856,0.000131825673856,0.000131825673856,0.000131825673856,0.000131825673856,0.000131825673856,0.000131825673856,0.000131825673856,0.000131825673856,0.000131825673856,0.000131825673856,0.000131825673856,0.000131825673856,0.000131825673856,0.000131825673856,0.000131825673856,0.000131825673856,10,X99 Z106 Y107 Y113 Z114 X120,0.975822222222,0.00389491596448,0.975822222222,0.00389491596448
0.000131825673856,0.000131825673856,0.000131825673856,0.000131825673856,0.000131825673856,0.000131825673856,0.000131825673856,0.000131825673856,0.000131825673856,0.000131825673856,0.000131825673856,0.000131825673856,0.000131825673856,0.000131825673856,0.000131825673856,0.000131825673856,0.000131825673856,0.000131825673856,10,Y0 Z1 X2,0.988088888889,0.00293862288666,0.988088888889,0.00293862288666
0.000131825673856,0.000131825673856,0.000131825673856,0.000131825673856,0.000131825673856,0.000131825673856,0.000131825673856,0.000131825673856,0.000131825673856,0.000131825673856,0.000131825673856,0.000131825673856,0.000131825673856,0.000131825673856,0.000131825673856,0.000131825673856,0.000131825673856,0.000131825673856,10,Y20 Z25 X30,0.985844444444,0.00324566711859,0.985844444444,0.00324566711859
0.000131825673856,0.000131825673856,0.000131825673856,0.000131825673856,0.000131825673856,0.000131825673856,0.000131825673856,0.000131825673856,0.000131825673856,0.000131825673856,0.000131825673856,0.000131825673856,0.000131825673856,0.000131825673856,0.000131825673856,0.000131825673856,0.000131825673856,0.000131825673856,10,Y42 Z49 X56,0.982844444444,0.00334450236072,0.982844444444,0.00334450236072
0.000131825673856,0.000131825673856,0.000131825673856,0.000131825673856,0.000131825673856,0.000131825673856,0.000131825673856,0.000131825673856,0.000131825673856,0.000131825673856,0.000131825673856,0.000131825673856,0.000131825673856,0.000131825673856,0.000131825673856,0.000131825673856,0.000131825673856,0.000131825673856,10,Y6 Z9 X12,0.9862,0.00239507796688,0.9862,0.00239507796688
0.000131825673856,0.000131825673856,0.000131825673856,0.000131825673856,0.000131825673856,0.000131825673856,0.000131825673856,0.000131825673856,0.000131825673856,0.000131825673856,0.000131825673856,0.000131825673856,0.000131825673856,0.000131825673856,0.000131825673856,0.000131825673856,0.000131825673856,0.000131825673856,10,Z15 Y19 X24,0.987911111111,0.0029594103862,0.987911111111,0.0029594103862
0.000131825673856,0.000131825673856,0.000131825673856,0.000131825673856,0.000131825673856,0.000131825673856,0.000131825673856,0.000131825673856,0.000131825673856,0.000131825673856,0.000131825673856,0.000131825673856,0.000131825673856,0.000131825673856,0.000131825673856,0.000131825673856,0.000131825673856,0.000131825673856,10,Z3 Y5 X8,0.988488888889,0.00245063653211,0.988488888889,0.00245063653211
0.000131825673856,0.000131825673856,0.000131825673856,0.000131825673856,0.000131825673856,0.000131825673856,0.000131825673856,0.000131825673856,0.000131825673856,0.000131825673856,0.000131825673856,0.000131825673856,0.000131825673856,0.000131825673856,0.000131825673856,0.000131825673856,0.000131825673856,0.000131825673856,10,Z35 Y41 X48,0.988333333333,0.00264212848133,0.988333333333,0.00264212848133
0.000131825673856,0.000131825673856,0.000131825673856,0.000131825673856,0.000131825673856,0.000131825673856,0.000131825673856,0.000131825673856,0.000131825673856,0.000131825673856,0.000131825673856,0.000131825673856,0.000131825673856,0.000131825673856,0.000131825673856,0.000131825673856,0.000131825673856,0.000131825673856,10,Z63 Y71 X80,0.988577777778,0.0030712276594,0.988577777778,0.0030712276594
