g1_z,IZ,ZI,ZZ,ZX,ZY,XZ,YZ,round,operator,mean,std,mean_signed,std_signed
0.000275422870334,0.000275422870334,0.000275422870334,0.000275422870334,0.000275422870334,0.000275422870334,0.000275422870334,0.000275422870334,1,Logical X,0.954511111111,0.0062800135035,0.954111111111,0.0057803560413
0.000275422870334,0.000275422870334,0.000275422870334,0.000275422870334,0.000275422870334,0.000275422870334,0.000275422870334,0.000275422870334,1,Logical Y,0.00871111111111,0.00618224706717,0.00226666666667,0.0184225415813
0.000275422870334,0.000275422870334,0.000275422870334,0.000275422870334,0.000275422870334,0.000275422870334,0.000275422870334,0.000275422870334,1,Logical Z,0.0112222222222,0.00868006626974,-0.000311111111111,0.0175169175662
0.000275422870334,0.000275422870334,0.000275422870334,0.000275422870334,0.000275422870334,0.000275422870334,0.000275422870334,0.000275422870334,1,X0 X1,0.992177777778,0.00253062973298,0.992177777778,0.00253062973298
0.000275422870334,0.000275422870334,0.000275422870334,0.000275422870334,0.000275422870334,0.000275422870334,0.000275422870334,0.000275422870334,1,X1 Z2 Y3 Y4 Z5 X7,0.975911111111,0.00379446393806,0.975911111111,0.00379446393806
0.000275422870334,0.000275422870334,0.000275422870334,0.000275422870334,0.000275422870334,0.000275422870334,0.000275422870334,0.000275422870334,1,X10 Z13 Y14 Y17 Z18 X22,0.973977777778,0.00465345694706,0.973977777778,0.00465345694706
0.000275422870334,0.000275422870334,0.000275422870334,0.000275422870334,0.000275422870334,0.000275422870334,0.000275422870334,0.000275422870334,1,X100 Z110 Y111 Y121 Z122 X132,0.971022222222,0.00412350828324,0.971022222222,0.00412350828324
0.000275422870334,0.000275422870334,0.000275422870334,0.000275422870334,0.000275422870334,0.000275422870334,0.000275422870334,0.000275422870334,1,X101 Z111 Y112 Y122 Z123 X133,0.972,0.00434525327842,0.972,0.00434525327842
0.000275422870334,0.000275422870334,0.000275422870334,0.000275422870334,0.000275422870334,0.000275422870334,0.000275422870334,0.000275422870334,1,X102 Z112 Y113 Y123 Z124 X134,0.971288888889,0.00467465107869,0.971288888889,0.00467465107869
0.000275422870334,0.000275422870334,0.000275422870334,0.000275422870334,0.000275422870334,0.000275422870334,0.000275422870334,0.000275422870334,1,X103 Z113 Y114 Y124 Z125 X135,0.971044444444,0.00429802889273,0.971044444444,0.00429802889273
0.000275422870334,0.000275422870334,0.000275422870334,0.000275422870334,0.000275422870334,0.000275422870334,0.000275422870334,0.000275422870334,1,X104 Z114 Y115 Y125 Z126 X136,0.967955555556,0.0041538730792,0.967955555556,0.0041538730792
0.000275422870334,0.000275422870334,0.000275422870334,0.000275422870334,0.000275422870334,0.000275422870334,0.000275422870334,0.000275422870334,1,X105 Z115 Y116 Y126 Z127 X137,0.966755555556,0.00490127306422,0.966755555556,0.00490127306422
0.000275422870334,0.000275422870334,0.000275422870334,0.000275422870334,0.000275422870334,0.000275422870334,0.000275422870334,0.000275422870334,1,X106 Z116 Y117 Y127 Z128 X138,0.976688888889,0.00366607449067,0.976688888889,0.00366607449067
0.000275422870334,0.000275422870334,0.000275422870334,0.000275422870334,0.000275422870334,0.000275422870334,0.000275422870334,0.000275422870334,1,X107 Z117 Y118 Y128 Z129 X139,0.972088888889,0.00483833140971,0.972088888889,0.00483833140971
0.000275422870334,0.000275422870334,0.000275422870334,0.000275422870334,0.000275422870334,0.000275422870334,0.000275422870334,0.000275422870334,1,X108 Z118 Y119 Y129 Z130 X140,0.969755555556,0.00443767683978,0.969755555556,0.00443767683978
0.000275422870334,0.000275422870334,0.000275422870334,0.000275422870334,0.000275422870334,0.000275422870334,0.000275422870334,0.000275422870334,1,X109 Z119 Y120 Y130 Z131 X141,0.966444444444,0.00465296291163,0.966444444444,0.00465296291163
0.000275422870334,0.000275422870334,0.000275422870334,0.000275422870334,0.000275422870334,0.000275422870334,0.000275422870334,0.000275422870334,1,X11 Z14 Y15 Y18 Z19 X23,0.972777777778,0.00448098009713,0.972777777778,0.00448098009713
0.000275422870334,0.000275422870334,0.000275422870334,0.000275422870334,0.000275422870334,0.000275422870334,0.000275422870334,0.000275422870334,1,X110 X121,0.9828,0.00338307710937,0.9828,0.00338307710937
0.000275422870334,0.000275422870334,0.000275422870334,0.000275422870334,0.000275422870334,0.000275422870334,0.000275422870334,0.000275422870334,1,X111 X122,0.984311111111,0.0034651337607,0.984311111111,0.0034651337607
0.000275422870334,0.000275422870334,0.000275422870334,0.000275422870334,0.000275422870334,0.000275422870334,0.000275422870334,0.000275422870334,1,X112 X123,0.984288888889,0.00270480391897,0.984288888889,0.00270480391897
0.000275422870334,0.000275422870334,0.000275422870334,0.000275422870334,0.000275422870334,0.000275422870334,0.000275422870334,0.000275422870334,1,X113 X124,0.986222222222,0.00213227943316,0.986222222222,0.00213227943316
0.000275422870334,0.000275422870334,0.000275422870334,0.000275422870334,0.000275422870334,0.000275422870334,0.000275422870334,0.000275422870334,1,X114 X125,0.988177777778,0.00172369853916,0.988177777778,0.00172369853916
0.000275422870334,0.000275422870334,0.000275422870334,0.000275422870334,0.000275422870334,0.000275422870334,0.000275422870334,0.000275422870334,1,X115 X126,0.984311111111,0.00316461922114,0.984311111111,0.00316461922114
0.000275422870334,0.000275422870334,0.000275422870334,0.000275422870334,0.000275422870334,0.000275422870334,0.000275422870334,0.000275422870334,1,X116 X127,0.988844444444,0.00254873318895,0.988844444444,0.00254873318895
0.000275422870334,0.000275422870334,0.000275422870334,0.000275422870334,0.000275422870334,0.000275422870334,0.000275422870334,0.000275422870334,1,X117 X128,0.986622222222,0.00301685346895,0.986622222222,0.00301685346895
0.000275422870334,0.000275422870334,0.000275422870334,0.000275422870334,0.000275422870334,0.000275422870334,0.000275422870334,0.000275422870334,1,X118 X129,0.982688888889,0.00305496685377,0.982688888889,0.00305496685377
0.000275422870334,0.000275422870334,0.000275422870334,0.000275422870334,0.000275422870334,0.000275422870334,0.000275422870334,0.000275422870334,1,X119 X130,0.979022222222,0.00371693167792,0.979022222222,0.00371693167792
0.000275422870334,0.000275422870334,0.000275422870334,0.000275422870334,0.000275422870334,0.000275422870334,0.000275422870334,0.000275422870334,1,X12 X16,0.985888888889,0.00347109943532,0.985888888889,0.00347109943532
0.000275422870334,0.000275422870334,0.000275422870334,0.000275422870334,0.000275422870334,0.000275422870334,0.000275422870334,0.000275422870334,1,X120 X131,0.979866666667,0.00320631560675,0.979866666667,0.00320631560675
0.000275422870334,0.000275422870334,0.000275422870334,0.000275422870334,0.000275422870334,0.000275422870334,0.000275422870334,0.000275422870334,1,X121 Y132 Z142,0.986444444444,0.00313347191346,0.986444444444,0.00313347191346
0.000275422870334,0.000275422870334,0.000275422870334,0.000275422870334,0.000275422870334,0.000275422870334,0.000275422870334,0.000275422870334,1,X122 Z132 Y133 Y142 Z143 X152,0.966066666667,0.00512330712158,0.966066666667,0.00512330712158
0.000275422870334,0.000275422870334,0.000275422870334,0.000275422870334,0.000275422870334,0.000275422870334,0.000275422870334,0.000275422870334,1,X123 Z133 Y134 Y143 Z144 X153,0.965511111111,0.00390277760734,0.965511111111,0.00390277760734
0.000275422870334,0.000275422870334,0.000275422870334,0.000275422870334,0.000275422870334,0.000275422870334,0.000275422870334,0.000275422870334,1,X124 Z134 Y135 Y144 Z145 X154,0.963777777778,0.00421394631556,0.963777777778,0.00421394631556
0.000275422870334,0.000275422870334,0.000275422870334,0.000275422870334,0.000275422870334,0.000275422870334,0.000275422870334,0.000275422870334,1,X125 Z135 Y136 Y145 Z146 X155,0.965755555556,0.00399801994415,0.965755555556,0.00399801994415
0.000275422870334,0.000275422870334,0.000275422870334,0.000275422870334,0.000275422870334,0.000275422870334,0.000275422870334,0.000275422870334,1,X126 Z136 Y137 Y146 Z147 X156,0.966311111111,0.0057581748208,0.966311111111,0.0057581748208
0.000275422870334,0.000275422870334,0.000275422870334,0.000275422870334,0.000275422870334,0.000275422870334,0.000275422870334,0.000275422870334,1,X127 Z137 Y138 Y147 Z148 X157,0.975977777778,0.00357720896932,0.975977777778,0.00357720896932
0.000275422870334,0.000275422870334,0.000275422870334,0.000275422870334,0.000275422870334,0.000275422870334,0.000275422870334,0.000275422870334,1,X128 Z138 Y139 Y148 Z149 X158,0.964022222222,0.00501792444868,0.964022222222,0.00501792444868
0.000275422870334,0.000275422870334,0.000275422870334,0.000275422870334,0.000275422870334,0.000275422870334,0.000275422870334,0.000275422870334,1,X129 Z139 Y140 Y149 Z150 X159,0.952822222222,0.00517193526948,0.952822222222,0.00517193526948
0.000275422870334,0.000275422870334,0.000275422870334,0.000275422870334,0.000275422870334,0.000275422870334,0.000275422870334,0.000275422870334,1,X13 X17,0.986844444444,0.00237440588791,0.986844444444,0.00237440588791
0.000275422870334,0.000275422870334,0.000275422870334,0.000275422870334,0.000275422870334,0.000275422870334,0.000275422870334,0.000275422870334,1,X130 Z140 Y141 Y150 Z151 X160,0.966333333333,0.00436548637203,0.966333333333,0.00436548637203
0.000275422870334,0.000275422870334,0.000275422870334,0.000275422870334,0.000275422870334,0.000275422870334,0.000275422870334,0.000275422870334,1,X132 X142,0.990244444444,0.00192171166785,0.990244444444,0.00192171166785
0.000275422870334,0.000275422870334,0.000275422870334,0.000275422870334,0.000275422870334,0.000275422870334,0.000275422870334,0.000275422870334,1,X133 X143,0.988155555556,0.00357377992291,0.988155555556,0.00357377992291
0.000275422870334,0.000275422870334,0.000275422870334,0.000275422870334,0.000275422870334,0.000275422870334,0.000275422870334,0.000275422870334,1,X134 X144,0.986488888889,0.00312171155203,0.986488888889,0.00312171155203
0.000275422870334,0.000275422870334,0.000275422870334,0.000275422870334,0.000275422870334,0.000275422870334,0.000275422870334,0.000275422870334,1,X135 X145,0.982933333333,0.00359053673188,0.982933333333,0.00359053673188
0.000275422870334,0.000275422870334,0.000275422870334,0.000275422870334,0.000275422870334,0.000275422870334,0.000275422870334,0.000275422870334,1,X136 X146,0.9838,0.00297189904069,0.9838,0.00297189904069
0.000275422870334,0.000275422870334,0.000275422870334,0.000275422870334,0.000275422870334,0.000275422870334,0.000275422870334,0.000275422870334,1,X137 X147,0.984355555556,0.00331597010341,0.984355555556,0.00331597010341
0.000275422870334,0.000275422870334,0.000275422870334,0.000275422870334,0.000275422870334,0.000275422870334,0.000275422870334,0.000275422870334,1,X138 X148,0.983,0.00305128576629,0.983,0.00305128576629
0.000275422870334,0.000275422870334,0.000275422870334,0.000275422870334,0.000275422870334,0.000275422870334,0.000275422870334,0.000275422870334,1,X139 X149,0.978977777778,0.00375793753385,0.978977777778,0.00375793753385
0.000275422870334,0.000275422870334,0.000275422870334,0.000275422870334,0.000275422870334,0.000275422870334,0.000275422870334,0.000275422870334,1,X14 X18,0.988333333333,0.00204733262594,0.988333333333,0.00204733262594
0.000275422870334,0.000275422870334,0.000275422870334,0.000275422870334,0.000275422870334,0.000275422870334,0.000275422870334,0.000275422870334,1,X140 X150,0.987266666667,0.00266292841426,0.987266666667,0.00266292841426
0.000275422870334,0.000275422870334,0.000275422870334,0.000275422870334,0.000275422870334,0.000275422870334,0.000275422870334,0.000275422870334,1,X141 X151,0.990355555556,0.00214946011814,0.990355555556,0.00214946011814
0.000275422870334,0.000275422870334,0.000275422870334,0.000275422870334,0.000275422870334,0.000275422870334,0.000275422870334,0.000275422870334,1,X143 Z152 Y153 Y161 Z162 X170,0.973133333333,0.00592197026341,0.973133333333,0.00592197026341
0.000275422870334,0.000275422870334,0.000275422870334,0.000275422870334,0.000275422870334,0.000275422870334,0.000275422870334,0.000275422870334,1,X144 Z153 Y154 Y162 Z163 X171,0.968311111111,0.00526605069389,0.968311111111,0.00526605069389
0.000275422870334,0.000275422870334,0.000275422870334,0.000275422870334,0.000275422870334,0.000275422870334,0.000275422870334,0.000275422870334,1,X145 Z154 Y155 Y163 Z164 X172,0.968533333333,0.00426479844156,0.968533333333,0.00426479844156
0.000275422870334,0.000275422870334,0.000275422870334,0.000275422870334,0.000275422870334,0.000275422870334,0.000275422870334,0.000275422870334,1,X146 Z155 Y156 Y164 Z165 X173,0.969333333333,0.00380763499973,0.969333333333,0.00380763499973
0.000275422870334,0.000275422870334,0.000275422870334,0.000275422870334,0.000275422870334,0.000275422870334,0.000275422870334,0.000275422870334,1,X147 Z156 Y157 Y165 Z166 X174,0.968755555556,0.00440387615171,0.968755555556,0.00440387615171
0.000275422870334,0.000275422870334,0.000275422870334,0.000275422870334,0.000275422870334,0.000275422870334,0.000275422870334,0.000275422870334,1,X148 Z157 Y158 Y166 Z167 X175,0.960977777778,0.00550787199336,0.960977777778,0.00550787199336
0.000275422870334,0.000275422870334,0.000275422870334,0.000275422870334,0.000275422870334,0.000275422870334,0.000275422870334,0.000275422870334,1,X149 Z158 Y159 Y167 Z168 X176,0.947088888889,0.00623052265191,0.947088888889,0.00623052265191
0.000275422870334,0.000275422870334,0.000275422870334,0.000275422870334,0.000275422870334,0.000275422870334,0.000275422870334,0.000275422870334,1,X15 X19,0.988888888889,0.00271977761844,0.988888888889,0.00271977761844
0.000275422870334,0.000275422870334,0.000275422870334,0.000275422870334,0.000275422870334,0.000275422870334,0.000275422870334,0.000275422870334,1,X150 Z159 Y160 Y168 Z169 X177,0.964844444444,0.00423064294393,0.964844444444,0.00423064294393
0.000275422870334,0.000275422870334,0.000275422870334,0.000275422870334,0.000275422870334,0.000275422870334,0.000275422870334,0.000275422870334,1,X151 Z160 Y169,0.984888888889,0.00314323860285,0.984888888889,0.00314323860285
0.000275422870334,0.000275422870334,0.000275422870334,0.000275422870334,0.000275422870334,0.000275422870334,0.000275422870334,0.000275422870334,1,X152 X161,0.982155555556,0.00379022066234,0.982155555556,0.00379022066234
0.000275422870334,0.000275422870334,0.000275422870334,0.000275422870334,0.000275422870334,0.000275422870334,0.000275422870334,0.000275422870334,1,X153 X162,0.982777777778,0.00386786875224,0.982777777778,0.00386786875224
0.000275422870334,0.000275422870334,0.000275422870334,0.000275422870334,0.000275422870334,0.000275422870334,0.000275422870334,0.000275422870334,1,X154 X163,0.984355555556,0.00312563658906,0.984355555556,0.00312563658906
0.000275422870334,0.000275422870334,0.000275422870334,0.000275422870334,0.000275422870334,0.000275422870334,0.000275422870334,0.000275422870334,1,X155 X164,0.985333333333,0.00369736366676,0.985333333333,0.00369736366676
0.000275422870334,0.000275422870334,0.000275422870334,0.000275422870334,0.000275422870334,0.000275422870334,0.000275422870334,0.000275422870334,1,X156 X165,0.987622222222,0.00279947084947,0.987622222222,0.00279947084947
0.000275422870334,0.000275422870334,0.000275422870334,0.000275422870334,0.000275422870334,0.000275422870334,0.000275422870334,0.000275422870334,1,X157 X166,0.989133333333,0.00301287149345,0.989133333333,0.00301287149345
0.000275422870334,0.000275422870334,0.000275422870334,0.000275422870334,0.000275422870334,0.000275422870334,0.000275422870334,0.000275422870334,1,X158 X167,0.990822222222,0.00311556878239,0.990822222222,0.00311556878239
0.000275422870334,0.000275422870334,0.000275422870334,0.000275422870334,0.000275422870334,0.000275422870334,0.000275422870334,0.000275422870334,1,X159 X168,0.972244444444,0.00445146954368,0.972244444444,0.00445146954368
0.000275422870334,0.000275422870334,0.000275422870334,0.000275422870334,0.000275422870334,0.000275422870334,0.000275422870334,0.000275422870334,1,X16 Z20 Y21 Y25 Z26 X31,0.970555555556,0.00459579462387,0.970555555556,0.00459579462387
0.000275422870334,0.000275422870334,0.000275422870334,0.000275422870334,0.000275422870334,0.000275422870334,0.000275422870334,0.000275422870334,1,X160 X169,0.988488888889,0.00256073105781,0.988488888889,0.00256073105781
0.000275422870334,0.000275422870334,0.000275422870334,0.000275422870334,0.000275422870334,0.000275422870334,0.000275422870334,0.000275422870334,1,X161 Y170 Z178,0.9858,0.00342248593302,0.9858,0.00342248593302
0.000275422870334,0.000275422870334,0.000275422870334,0.000275422870334,0.000275422870334,0.000275422870334,0.000275422870334,0.000275422870334,1,X162 Z170 Y171 Y178 Z179 X186,0.966511111111,0.00476797533144,0.966511111111,0.00476797533144
0.000275422870334,0.000275422870334,0.000275422870334,0.000275422870334,0.000275422870334,0.000275422870334,0.000275422870334,0.000275422870334,1,X163 Z171 Y172 Y179 Z180 X187,0.963244444444,0.00501868793689,0.963244444444,0.00501868793689
0.000275422870334,0.000275422870334,0.000275422870334,0.000275422870334,0.000275422870334,0.000275422870334,0.000275422870334,0.000275422870334,1,X164 Z172 Y173 Y180 Z181 X188,0.965488888889,0.00506413528214,0.965488888889,0.00506413528214
0.000275422870334,0.000275422870334,0.000275422870334,0.000275422870334,0.000275422870334,0.000275422870334,0.000275422870334,0.000275422870334,1,X165 Z173 Y174 Y181 Z182 X189,0.965666666667,0.00486365833646,0.965666666667,0.00486365833646
0.000275422870334,0.000275422870334,0.000275422870334,0.000275422870334,0.000275422870334,0.000275422870334,0.000275422870334,0.000275422870334,1,X166 Z174 Y175 Y182 Z183 X190,0.965844444444,0.00399878653369,0.965844444444,0.00399878653369
0.000275422870334,0.000275422870334,0.000275422870334,0.000275422870334,0.000275422870334,0.000275422870334,0.000275422870334,0.000275422870334,1,X167 Z175 Y176 Y183 Z184 X191,0.964733333333,0.00472492372579,0.964733333333,0.00472492372579
0.000275422870334,0.000275422870334,0.000275422870334,0.000275422870334,0.000275422870334,0.000275422870334,0.000275422870334,0.000275422870334,1,X168 Z176 Y177 Y184 Z185 X192,0.968533333333,0.00398618303298,0.968533333333,0.00398618303298
0.000275422870334,0.000275422870334,0.000275422870334,0.000275422870334,0.000275422870334,0.000275422870334,0.000275422870334,0.000275422870334,1,X17 Z21 Y22 Y26 Z27 X32,0.969822222222,0.00457524015519,0.969822222222,0.00457524015519
0.000275422870334,0.000275422870334,0.000275422870334,0.000275422870334,0.000275422870334,0.000275422870334,0.000275422870334,0.000275422870334,1,X170 X178,0.990444444444,0.00248417725895,0.990444444444,0.00248417725895
0.000275422870334,0.000275422870334,0.000275422870334,0.000275422870334,0.000275422870334,0.000275422870334,0.000275422870334,0.000275422870334,1,X171 X179,0.9886,0.00268013838494,0.9886,0.00268013838494
0.000275422870334,0.000275422870334,0.000275422870334,0.000275422870334,0.000275422870334,0.000275422870334,0.000275422870334,0.000275422870334,1,X172 X180,0.986244444444,0.00353844060869,0.986244444444,0.00353844060869
0.000275422870334,0.000275422870334,0.000275422870334,0.000275422870334,0.000275422870334,0.000275422870334,0.000275422870334,0.000275422870334,1,X173 X181,0.984244444444,0.00373236166885,0.984244444444,0.00373236166885
0.000275422870334,0.000275422870334,0.000275422870334,0.000275422870334,0.000275422870334,0.000275422870334,0.000275422870334,0.000275422870334,1,X174 X182,0.981644444444,0.003818620775,0.981644444444,0.003818620775
0.000275422870334,0.000275422870334,0.000275422870334,0.000275422870334,0.000275422870334,0.000275422870334,0.000275422870334,0.000275422870334,1,X175 X183,0.981622222222,0.00379829900761,0.981622222222,0.00379829900761
0.000275422870334,0.000275422870334,0.000275422870334,0.000275422870334,0.000275422870334,0.000275422870334,0.000275422870334,0.000275422870334,1,X176 X184,0.980155555556,0.00420065068243,0.980155555556,0.00420065068243
0.000275422870334,0.000275422870334,0.000275422870334,0.000275422870334,0.000275422870334,0.000275422870334,0.000275422870334,0.000275422870334,1,X177 X185,0.970088888889,0.00467727311372,0.970088888889,0.00467727311372
0.000275422870334,0.000275422870334,0.000275422870334,0.000275422870334,0.000275422870334,0.000275422870334,0.000275422870334,0.000275422870334,1,X179 Z186 Y187 Y193 Z194 X200,0.969777777778,0.00409216926551,0.969777777778,0.00409216926551
0.000275422870334,0.000275422870334,0.000275422870334,0.000275422870334,0.000275422870334,0.000275422870334,0.000275422870334,0.000275422870334,1,X18 Z22 Y23 Y27 Z28 X33,0.9696,0.00419304295177,0.9696,0.00419304295177
0.000275422870334,0.000275422870334,0.000275422870334,0.000275422870334,0.000275422870334,0.000275422870334,0.000275422870334,0.000275422870334,1,X180 Z187 Y188 Y194 Z195 X201,0.970266666667,0.00304046780026,0.970266666667,0.00304046780026
0.000275422870334,0.000275422870334,0.000275422870334,0.000275422870334,0.000275422870334,0.000275422870334,0.000275422870334,0.000275422870334,1,X181 Z188 Y189 Y195 Z196 X202,0.967488888889,0.00448986370812,0.967488888889,0.00448986370812
0.000275422870334,0.000275422870334,0.000275422870334,0.000275422870334,0.000275422870334,0.000275422870334,0.000275422870334,0.000275422870334,1,X182 Z189 Y190 Y196 Z197 X203,0.969155555556,0.0046086153981,0.969155555556,0.0046086153981
0.000275422870334,0.000275422870334,0.000275422870334,0.000275422870334,0.000275422870334,0.000275422870334,0.000275422870334,0.000275422870334,1,X183 Z190 Y191 Y197 Z198 X204,0.968244444444,0.00431511051996,0.968244444444,0.00431511051996
0.000275422870334,0.000275422870334,0.000275422870334,0.000275422870334,0.000275422870334,0.000275422870334,0.000275422870334,0.000275422870334,1,X184 Z191 Y192 Y198 Z199 X205,0.969066666667,0.00480293652193,0.969066666667,0.00480293652193
0.000275422870334,0.000275422870334,0.000275422870334,0.000275422870334,0.000275422870334,0.000275422870334,0.000275422870334,0.000275422870334,1,X185 Z192 Y199,0.965933333333,0.00406593172179,0.965933333333,0.00406593172179
0.000275422870334,0.000275422870334,0.000275422870334,0.000275422870334,0.000275422870334,0.000275422870334,0.000275422870334,0.000275422870334,1,X186 X193,0.981844444444,0.0034869580034,0.981844444444,0.0034869580034
0.000275422870334,0.000275422870334,0.000275422870334,0.000275422870334,0.000275422870334,0.000275422870334,0.000275422870334,0.000275422870334,1,X187 X194,0.981755555556,0.00392841435389,0.981755555556,0.00392841435389
0.000275422870334,0.000275422870334,0.000275422870334,0.000275422870334,0.000275422870334,0.000275422870334,0.000275422870334,0.000275422870334,1,X188 X195,0.982533333333,0.00386516022974,0.982533333333,0.00386516022974
0.000275422870334,0.000275422870334,0.000275422870334,0.000275422870334,0.000275422870334,0.000275422870334,0.000275422870334,0.000275422870334,1,X189 X196,0.984955555556,0.00326919129903,0.984955555556,0.00326919129903
0.000275422870334,0.000275422870334,0.000275422870334,0.000275422870334,0.000275422870334,0.000275422870334,0.000275422870334,0.000275422870334,1,X19 Z23 Y24 Y28 Z29 X34,0.971022222222,0.00567776690584,0.971022222222,0.00567776690584
0.000275422870334,0.000275422870334,0.000275422870334,0.000275422870334,0.000275422870334,0.000275422870334,0.000275422870334,0.000275422870334,1,X190 X197,0.985422222222,0.0027667059038,0.985422222222,0.0027667059038
0.000275422870334,0.000275422870334,0.000275422870334,0.000275422870334,0.000275422870334,0.000275422870334,0.000275422870334,0.000275422870334,1,X191 X198,0.988777777778,0.0026031712657,0.988777777778,0.0026031712657
0.000275422870334,0.000275422870334,0.000275422870334,0.000275422870334,0.000275422870334,0.000275422870334,0.000275422870334,0.000275422870334,1,X192 X199,0.990066666667,0.00218914073662,0.990066666667,0.00218914073662
0.000275422870334,0.000275422870334,0.000275422870334,0.000275422870334,0.000275422870334,0.000275422870334,0.000275422870334,0.000275422870334,1,X193 Y200 Z206,0.986533333333,0.00338307710937,0.986533333333,0.00338307710937
0.000275422870334,0.000275422870334,0.000275422870334,0.000275422870334,0.000275422870334,0.000275422870334,0.000275422870334,0.000275422870334,1,X194 Z200 Y201 Y206 Z207 X212,0.9686,0.00541701590386,0.9686,0.00541701590386
0.000275422870334,0.000275422870334,0.000275422870334,0.000275422870334,0.000275422870334,0.000275422870334,0.000275422870334,0.000275422870334,1,X195 Z201 Y202 Y207 Z208 X213,0.967933333333,0.00551792620271,0.967933333333,0.00551792620271
0.000275422870334,0.000275422870334,0.000275422870334,0.000275422870334,0.000275422870334,0.000275422870334,0.000275422870334,0.000275422870334,1,X196 Z202 Y203 Y208 Z209 X214,0.9682,0.00400822908317,0.9682,0.00400822908317
0.000275422870334,0.000275422870334,0.000275422870334,0.000275422870334,0.000275422870334,0.000275422870334,0.000275422870334,0.000275422870334,1,X197 Z203 Y204 Y209 Z210 X215,0.968622222222,0.00532739132594,0.968622222222,0.00532739132594
0.000275422870334,0.000275422870334,0.000275422870334,0.000275422870334,0.000275422870334,0.000275422870334,0.000275422870334,0.000275422870334,1,X198 Z204 Y205 Y210 Z211 X216,0.968222222222,0.00487807930713,0.968222222222,0.00487807930713
0.000275422870334,0.000275422870334,0.000275422870334,0.000275422870334,0.000275422870334,0.000275422870334,0.000275422870334,0.000275422870334,1,X2 X4,0.988933333333,0.00269297368715,0.988933333333,0.00269297368715
0.000275422870334,0.000275422870334,0.000275422870334,0.000275422870334,0.000275422870334,0.000275422870334,0.000275422870334,0.000275422870334,1,X20 X25,0.990488888889,0.00250628838753,0.990488888889,0.00250628838753
0.000275422870334,0.000275422870334,0.000275422870334,0.000275422870334,0.000275422870334,0.000275422870334,0.000275422870334,0.000275422870334,1,X200 X206,0.990244444444,0.0027928937373,0.990244444444,0.0027928937373
0.000275422870334,0.000275422870334,0.000275422870334,0.000275422870334,0.000275422870334,0.000275422870334,0.000275422870334,0.000275422870334,1,X201 X207,0.986911111111,0.00273186578676,0.986911111111,0.00273186578676
0.000275422870334,0.000275422870334,0.000275422870334,0.000275422870334,0.000275422870334,0.000275422870334,0.000275422870334,0.000275422870334,1,X202 X208,0.986555555556,0.00302775580856,0.986555555556,0.00302775580856
0.000275422870334,0.000275422870334,0.000275422870334,0.000275422870334,0.000275422870334,0.000275422870334,0.000275422870334,0.000275422870334,1,X203 X209,0.983733333333,0.00323107516831,0.983733333333,0.00323107516831
0.000275422870334,0.000275422870334,0.000275422870334,0.000275422870334,0.000275422870334,0.000275422870334,0.000275422870334,0.000275422870334,1,X204 X210,0.983,0.00306131467013,0.983,0.00306131467013
0.000275422870334,0.000275422870334,0.000275422870334,0.000275422870334,0.000275422870334,0.000275422870334,0.000275422870334,0.000275422870334,1,X205 X211,0.982266666667,0.00325470481738,0.982266666667,0.00325470481738
0.000275422870334,0.000275422870334,0.000275422870334,0.000275422870334,0.000275422870334,0.000275422870334,0.000275422870334,0.000275422870334,1,X207 Z212 Y213 Y217 Z218 X222,0.973133333333,0.00363107068638,0.973133333333,0.00363107068638
0.000275422870334,0.000275422870334,0.000275422870334,0.000275422870334,0.000275422870334,0.000275422870334,0.000275422870334,0.000275422870334,1,X208 Z213 Y214 Y218 Z219 X223,0.970955555556,0.00506110806196,0.970955555556,0.00506110806196
0.000275422870334,0.000275422870334,0.000275422870334,0.000275422870334,0.000275422870334,0.000275422870334,0.000275422870334,0.000275422870334,1,X209 Z214 Y215 Y219 Z220 X224,0.971622222222,0.00504898103094,0.971622222222,0.00504898103094
0.000275422870334,0.000275422870334,0.000275422870334,0.000275422870334,0.000275422870334,0.000275422870334,0.000275422870334,0.000275422870334,1,X21 X26,0.987466666667,0.00324432897501,0.987466666667,0.00324432897501
0.000275422870334,0.000275422870334,0.000275422870334,0.000275422870334,0.000275422870334,0.000275422870334,0.000275422870334,0.000275422870334,1,X210 Z215 Y216 Y220 Z221 X225,0.971866666667,0.00430414573383,0.971866666667,0.00430414573383
0.000275422870334,0.000275422870334,0.000275422870334,0.000275422870334,0.000275422870334,0.000275422870334,0.000275422870334,0.000275422870334,1,X211 Z216 Y221,0.9858,0.00238867057721,0.9858,0.00238867057721
0.000275422870334,0.000275422870334,0.000275422870334,0.000275422870334,0.000275422870334,0.000275422870334,0.000275422870334,0.000275422870334,1,X212 X217,0.983911111111,0.00312072952142,0.983911111111,0.00312072952142
0.000275422870334,0.000275422870334,0.000275422870334,0.000275422870334,0.000275422870334,0.000275422870334,0.000275422870334,0.000275422870334,1,X213 X218,0.985066666667,0.0026237932822,0.985066666667,0.0026237932822
0.000275422870334,0.000275422870334,0.000275422870334,0.000275422870334,0.000275422870334,0.000275422870334,0.000275422870334,0.000275422870334,1,X214 X219,0.986955555556,0.00237924185957,0.986955555556,0.00237924185957
0.000275422870334,0.000275422870334,0.000275422870334,0.000275422870334,0.000275422870334,0.000275422870334,0.000275422870334,0.000275422870334,1,X215 X220,0.9878,0.00250149380658,0.9878,0.00250149380658
0.000275422870334,0.000275422870334,0.000275422870334,0.000275422870334,0.000275422870334,0.000275422870334,0.000275422870334,0.000275422870334,1,X216 X221,0.989511111111,0.00234844585984,0.989511111111,0.00234844585984
0.000275422870334,0.000275422870334,0.000275422870334,0.000275422870334,0.000275422870334,0.000275422870334,0.000275422870334,0.000275422870334,1,X217 Y222 Z226,0.986266666667,0.0036998498468,0.986266666667,0.0036998498468
0.000275422870334,0.000275422870334,0.000275422870334,0.000275422870334,0.000275422870334,0.000275422870334,0.000275422870334,0.000275422870334,1,X218 Z222 Y223 Y226 Z227 X230,0.972288888889,0.00281039849826,0.972288888889,0.00281039849826
0.000275422870334,0.000275422870334,0.000275422870334,0.000275422870334,0.000275422870334,0.000275422870334,0.000275422870334,0.000275422870334,1,X219 Z223 Y224 Y227 Z228 X231,0.971155555556,0.00326567347479,0.971155555556,0.00326567347479
0.000275422870334,0.000275422870334,0.000275422870334,0.000275422870334,0.000275422870334,0.000275422870334,0.000275422870334,0.000275422870334,1,X22 X27,0.986177777778,0.00231558658909,0.986177777778,0.00231558658909
0.000275422870334,0.000275422870334,0.000275422870334,0.000275422870334,0.000275422870334,0.000275422870334,0.000275422870334,0.000275422870334,1,X220 Z224 Y225 Y228 Z229 X232,0.969311111111,0.00456030963973,0.969311111111,0.00456030963973
0.000275422870334,0.000275422870334,0.000275422870334,0.000275422870334,0.000275422870334,0.000275422870334,0.000275422870334,0.000275422870334,1,X222 X226,0.990311111111,0.00232746936938,0.990311111111,0.00232746936938
0.000275422870334,0.000275422870334,0.000275422870334,0.000275422870334,0.000275422870334,0.000275422870334,0.000275422870334,0.000275422870334,1,X223 X227,0.987,0.00258939777611,0.987,0.00258939777611
0.000275422870334,0.000275422870334,0.000275422870334,0.000275422870334,0.000275422870334,0.000275422870334,0.000275422870334,0.000275422870334,1,X224 X228,0.984822222222,0.00274975907455,0.984822222222,0.00274975907455
0.000275422870334,0.000275422870334,0.000275422870334,0.000275422870334,0.000275422870334,0.000275422870334,0.000275422870334,0.000275422870334,1,X225 X229,0.985688888889,0.00345627679701,0.985688888889,0.00345627679701
0.000275422870334,0.000275422870334,0.000275422870334,0.000275422870334,0.000275422870334,0.000275422870334,0.000275422870334,0.000275422870334,1,X227 Z230 Y231 Y233 Z234 X236,0.976311111111,0.0039059178339,0.976311111111,0.0039059178339
0.000275422870334,0.000275422870334,0.000275422870334,0.000275422870334,0.000275422870334,0.000275422870334,0.000275422870334,0.000275422870334,1,X228 Z231 Y232 Y234 Z235 X237,0.975644444444,0.0039565972196,0.975644444444,0.0039565972196
0.000275422870334,0.000275422870334,0.000275422870334,0.000275422870334,0.000275422870334,0.000275422870334,0.000275422870334,0.000275422870334,1,X229 Z232 Y235,0.986977777778,0.00356970365205,0.986977777778,0.00356970365205
0.000275422870334,0.000275422870334,0.000275422870334,0.000275422870334,0.000275422870334,0.000275422870334,0.000275422870334,0.000275422870334,1,X23 X28,0.985111111111,0.0030592280264,0.985111111111,0.0030592280264
0.000275422870334,0.000275422870334,0.000275422870334,0.000275422870334,0.000275422870334,0.000275422870334,0.000275422870334,0.000275422870334,1,X230 X233,0.9876,0.00247346066531,0.9876,0.00247346066531
0.000275422870334,0.000275422870334,0.000275422870334,0.000275422870334,0.000275422870334,0.000275422870334,0.000275422870334,0.000275422870334,1,X231 X234,0.989022222222,0.00215657834091,0.989022222222,0.00215657834091
0.000275422870334,0.000275422870334,0.000275422870334,0.000275422870334,0.000275422870334,0.000275422870334,0.000275422870334,0.000275422870334,1,X232 X235,0.990866666667,0.00271874435746,0.990866666667,0.00271874435746
0.000275422870334,0.000275422870334,0.000275422870334,0.000275422870334,0.000275422870334,0.000275422870334,0.000275422870334,0.000275422870334,1,X233 Y236 Z238,0.985288888889,0.00317042527495,0.985288888889,0.00317042527495
0.000275422870334,0.000275422870334,0.000275422870334,0.000275422870334,0.000275422870334,0.000275422870334,0.000275422870334,0.000275422870334,1,X234 Z236 Y237 Y238 Z239 X240,0.976511111111,0.00419700069273,0.976511111111,0.00419700069273
0.000275422870334,0.000275422870334,0.000275422870334,0.000275422870334,0.000275422870334,0.000275422870334,0.000275422870334,0.000275422870334,1,X236 X238,0.990066666667,0.00252709455631,0.990066666667,0.00252709455631
0.000275422870334,0.000275422870334,0.000275422870334,0.000275422870334,0.000275422870334,0.000275422870334,0.000275422870334,0.000275422870334,1,X237 X239,0.989644444444,0.00243683944123,0.989644444444,0.00243683944123
0.000275422870334,0.000275422870334,0.000275422870334,0.000275422870334,0.000275422870334,0.000275422870334,0.000275422870334,0.000275422870334,1,X239 Z240 Y241,0.986977777778,0.00230763074221,0.986977777778,0.00230763074221
0.000275422870334,0.000275422870334,0.000275422870334,0.000275422870334,0.000275422870334,0.000275422870334,0.000275422870334,0.000275422870334,1,X24 X29,0.984911111111,0.00327761867268,0.984911111111,0.00327761867268
0.000275422870334,0.000275422870334,0.000275422870334,0.000275422870334,0.000275422870334,0.000275422870334,0.000275422870334,0.000275422870334,1,X240 X241,0.991,0.0023796712481,0.991,0.0023796712481
0.000275422870334,0.000275422870334,0.000275422870334,0.000275422870334,0.000275422870334,0.000275422870334,0.000275422870334,0.000275422870334,1,X25 Z30 Y31 Y36 Z37 X43,0.971066666667,0.00360756973418,0.971066666667,0.00360756973418
0.000275422870334,0.000275422870334,0.000275422870334,0.000275422870334,0.000275422870334,0.000275422870334,0.000275422870334,0.000275422870334,1,X26 Z31 Y32 Y37 Z38 X44,0.969955555556,0.00363015608557,0.969955555556,0.00363015608557
0.000275422870334,0.000275422870334,0.000275422870334,0.000275422870334,0.000275422870334,0.000275422870334,0.000275422870334,0.000275422870334,1,X27 Z32 Y33 Y38 Z39 X45,0.969533333333,0.00555060315662,0.969533333333,0.00555060315662
0.000275422870334,0.000275422870334,0.000275422870334,0.000275422870334,0.000275422870334,0.000275422870334,0.000275422870334,0.000275422870334,1,X28 Z33 Y34 Y39 Z40 X46,0.971577777778,0.00457373254292,0.971577777778,0.00457373254292
0.000275422870334,0.000275422870334,0.000275422870334,0.000275422870334,0.000275422870334,0.000275422870334,0.000275422870334,0.000275422870334,1,X29 Z34 Y35 Y40 Z41 X47,0.969511111111,0.00505883645803,0.969511111111,0.00505883645803
0.000275422870334,0.000275422870334,0.000275422870334,0.000275422870334,0.000275422870334,0.000275422870334,0.000275422870334,0.000275422870334,1,X3 X5,0.990266666667,0.00282625891659,0.990266666667,0.00282625891659
0.000275422870334,0.000275422870334,0.000275422870334,0.000275422870334,0.000275422870334,0.000275422870334,0.000275422870334,0.000275422870334,1,X30 X36,0.981977777778,0.00365770412816,0.981977777778,0.00365770412816
0.000275422870334,0.000275422870334,0.000275422870334,0.000275422870334,0.000275422870334,0.000275422870334,0.000275422870334,0.000275422870334,1,X31 X37,0.984044444444,0.00398823301153,0.984044444444,0.00398823301153
0.000275422870334,0.000275422870334,0.000275422870334,0.000275422870334,0.000275422870334,0.000275422870334,0.000275422870334,0.000275422870334,1,X32 X38,0.983733333333,0.00318810048059,0.983733333333,0.00318810048059
0.000275422870334,0.000275422870334,0.000275422870334,0.000275422870334,0.000275422870334,0.000275422870334,0.000275422870334,0.000275422870334,1,X33 X39,0.985666666667,0.00292302263123,0.985666666667,0.00292302263123
0.000275422870334,0.000275422870334,0.000275422870334,0.000275422870334,0.000275422870334,0.000275422870334,0.000275422870334,0.000275422870334,1,X34 X40,0.988244444444,0.00311950154842,0.988244444444,0.00311950154842
0.000275422870334,0.000275422870334,0.000275422870334,0.000275422870334,0.000275422870334,0.000275422870334,0.000275422870334,0.000275422870334,1,X35 X41,0.989933333333,0.00259885032053,0.989933333333,0.00259885032053
0.000275422870334,0.000275422870334,0.000275422870334,0.000275422870334,0.000275422870334,0.000275422870334,0.000275422870334,0.000275422870334,1,X36 Z42 Y43 Y49 Z50 X57,0.966511111111,0.00372084666068,0.966511111111,0.00372084666068
0.000275422870334,0.000275422870334,0.000275422870334,0.000275422870334,0.000275422870334,0.000275422870334,0.000275422870334,0.000275422870334,1,X37 Z43 Y44 Y50 Z51 X58,0.966177777778,0.00480400003616,0.966177777778,0.00480400003616
0.000275422870334,0.000275422870334,0.000275422870334,0.000275422870334,0.000275422870334,0.000275422870334,0.000275422870334,0.000275422870334,1,X38 Z44 Y45 Y51 Z52 X59,0.968288888889,0.00452047986241,0.968288888889,0.00452047986241
0.000275422870334,0.000275422870334,0.000275422870334,0.000275422870334,0.000275422870334,0.000275422870334,0.000275422870334,0.000275422870334,1,X39 Z45 Y46 Y52 Z53 X60,0.966755555556,0.00456786487623,0.966755555556,0.00456786487623
0.000275422870334,0.000275422870334,0.000275422870334,0.000275422870334,0.000275422870334,0.000275422870334,0.000275422870334,0.000275422870334,1,X4 Z6 Y7 Y9 Z10 X13,0.973222222222,0.00393465137992,0.973222222222,0.00393465137992
0.000275422870334,0.000275422870334,0.000275422870334,0.000275422870334,0.000275422870334,0.000275422870334,0.000275422870334,0.000275422870334,1,X40 Z46 Y47 Y53 Z54 X61,0.966488888889,0.00419060556102,0.966488888889,0.00419060556102
0.000275422870334,0.000275422870334,0.000275422870334,0.000275422870334,0.000275422870334,0.000275422870334,0.000275422870334,0.000275422870334,1,X41 Z47 Y48 Y54 Z55 X62,0.967466666667,0.00553193445827,0.967466666667,0.00553193445827
0.000275422870334,0.000275422870334,0.000275422870334,0.000275422870334,0.000275422870334,0.000275422870334,0.000275422870334,0.000275422870334,1,X42 X49,0.990066666667,0.0026106178714,0.990066666667,0.0026106178714
0.000275422870334,0.000275422870334,0.000275422870334,0.000275422870334,0.000275422870334,0.000275422870334,0.000275422870334,0.000275422870334,1,X43 X50,0.9888,0.00264009752519,0.9888,0.00264009752519
0.000275422870334,0.000275422870334,0.000275422870334,0.000275422870334,0.000275422870334,0.000275422870334,0.000275422870334,0.000275422870334,1,X44 X51,0.987644444444,0.00274445918063,0.987644444444,0.00274445918063
0.000275422870334,0.000275422870334,0.000275422870334,0.000275422870334,0.000275422870334,0.000275422870334,0.000275422870334,0.000275422870334,1,X45 X52,0.984533333333,0.00216131079852,0.984533333333,0.00216131079852
0.000275422870334,0.000275422870334,0.000275422870334,0.000275422870334,0.000275422870334,0.000275422870334,0.000275422870334,0.000275422870334,1,X46 X53,0.984,0.00343522434253,0.984,0.00343522434253
0.000275422870334,0.000275422870334,0.000275422870334,0.000275422870334,0.000275422870334,0.000275422870334,0.000275422870334,0.000275422870334,1,X47 X54,0.982377777778,0.00298493450044,0.982377777778,0.00298493450044
0.000275422870334,0.000275422870334,0.000275422870334,0.000275422870334,0.000275422870334,0.000275422870334,0.000275422870334,0.000275422870334,1,X48 X55,0.981488888889,0.00365854202618,0.981488888889,0.00365854202618
0.000275422870334,0.000275422870334,0.000275422870334,0.000275422870334,0.000275422870334,0.000275422870334,0.000275422870334,0.000275422870334,1,X49 Z56 Y57 Y64 Z65 X73,0.967866666667,0.00427914840957,0.967866666667,0.00427914840957
0.000275422870334,0.000275422870334,0.000275422870334,0.000275422870334,0.000275422870334,0.000275422870334,0.000275422870334,0.000275422870334,1,X5 Z7 Y8 Y10 Z11 X14,0.974466666667,0.00400440370619,0.974466666667,0.00400440370619
0.000275422870334,0.000275422870334,0.000275422870334,0.000275422870334,0.000275422870334,0.000275422870334,0.000275422870334,0.000275422870334,1,X50 Z57 Y58 Y65 Z66 X74,0.967044444444,0.00383044202138,0.967044444444,0.00383044202138
0.000275422870334,0.000275422870334,0.000275422870334,0.000275422870334,0.000275422870334,0.000275422870334,0.000275422870334,0.000275422870334,1,X51 Z58 Y59 Y66 Z67 X75,0.967577777778,0.0046895443605,0.967577777778,0.0046895443605
0.000275422870334,0.000275422870334,0.000275422870334,0.000275422870334,0.000275422870334,0.000275422870334,0.000275422870334,0.000275422870334,1,X52 Z59 Y60 Y67 Z68 X76,0.968688888889,0.00476733242946,0.968688888889,0.00476733242946
0.000275422870334,0.000275422870334,0.000275422870334,0.000275422870334,0.000275422870334,0.000275422870334,0.000275422870334,0.000275422870334,1,X53 Z60 Y61 Y68 Z69 X77,0.966955555556,0.00459446054378,0.966955555556,0.00459446054378
0.000275422870334,0.000275422870334,0.000275422870334,0.000275422870334,0.000275422870334,0.000275422870334,0.000275422870334,0.000275422870334,1,X54 Z61 Y62 Y69 Z70 X78,0.966777777778,0.00525833280204,0.966777777778,0.00525833280204
0.000275422870334,0.000275422870334,0.000275422870334,0.000275422870334,0.000275422870334,0.000275422870334,0.000275422870334,0.000275422870334,1,X55 Z62 Y63 Y70 Z71 X79,0.967,0.00494800551947,0.967,0.00494800551947
0.000275422870334,0.000275422870334,0.000275422870334,0.000275422870334,0.000275422870334,0.000275422870334,0.000275422870334,0.000275422870334,1,X56 X64,0.977688888889,0.0037210525983,0.977688888889,0.0037210525983
0.000275422870334,0.000275422870334,0.000275422870334,0.000275422870334,0.000275422870334,0.000275422870334,0.000275422870334,0.000275422870334,1,X57 X65,0.979955555556,0.00278437530683,0.979955555556,0.00278437530683
0.000275422870334,0.000275422870334,0.000275422870334,0.000275422870334,0.000275422870334,0.000275422870334,0.000275422870334,0.000275422870334,1,X58 X66,0.981955555556,0.00324684737552,0.981955555556,0.00324684737552
0.000275422870334,0.000275422870334,0.000275422870334,0.000275422870334,0.000275422870334,0.000275422870334,0.000275422870334,0.000275422870334,1,X59 X67,0.983422222222,0.00357827987243,0.983422222222,0.00357827987243
0.000275422870334,0.000275422870334,0.000275422870334,0.000275422870334,0.000275422870334,0.000275422870334,0.000275422870334,0.000275422870334,1,X6 X9,0.990422222222,0.00299416205067,0.990422222222,0.00299416205067
0.000275422870334,0.000275422870334,0.000275422870334,0.000275422870334,0.000275422870334,0.000275422870334,0.000275422870334,0.000275422870334,1,X60 X68,0.984644444444,0.00298903915075,0.984644444444,0.00298903915075
0.000275422870334,0.000275422870334,0.000275422870334,0.000275422870334,0.000275422870334,0.000275422870334,0.000275422870334,0.000275422870334,1,X61 X69,0.9862,0.00271874435746,0.9862,0.00271874435746
0.000275422870334,0.000275422870334,0.000275422870334,0.000275422870334,0.000275422870334,0.000275422870334,0.000275422870334,0.000275422870334,1,X62 X70,0.987822222222,0.00262573957227,0.987822222222,0.00262573957227
0.000275422870334,0.000275422870334,0.000275422870334,0.000275422870334,0.000275422870334,0.000275422870334,0.000275422870334,0.000275422870334,1,X63 X71,0.990111111111,0.00242011578415,0.990111111111,0.00242011578415
0.000275422870334,0.000275422870334,0.000275422870334,0.000275422870334,0.000275422870334,0.000275422870334,0.000275422870334,0.000275422870334,1,X64 Z72 Y73 Y81 Z82 X91,0.959266666667,0.00517983120777,0.959266666667,0.00517983120777
0.000275422870334,0.000275422870334,0.000275422870334,0.000275422870334,0.000275422870334,0.000275422870334,0.000275422870334,0.000275422870334,1,X65 Z73 Y74 Y82 Z83 X92,0.960466666667,0.00635151654742,0.960466666667,0.00635151654742
0.000275422870334,0.000275422870334,0.000275422870334,0.000275422870334,0.000275422870334,0.000275422870334,0.000275422870334,0.000275422870334,1,X66 Z74 Y75 Y83 Z84 X93,0.960888888889,0.0042932124397,0.960888888889,0.0042932124397
0.000275422870334,0.000275422870334,0.000275422870334,0.000275422870334,0.000275422870334,0.000275422870334,0.000275422870334,0.000275422870334,1,X67 Z75 Y76 Y84 Z85 X94,0.959155555556,0.00680304942518,0.959155555556,0.00680304942518
0.000275422870334,0.000275422870334,0.000275422870334,0.000275422870334,0.000275422870334,0.000275422870334,0.000275422870334,0.000275422870334,1,X68 Z76 Y77 Y85 Z86 X95,0.963866666667,0.00505722047445,0.963866666667,0.00505722047445
0.000275422870334,0.000275422870334,0.000275422870334,0.000275422870334,0.000275422870334,0.000275422870334,0.000275422870334,0.000275422870334,1,X69 Z77 Y78 Y86 Z87 X96,0.963688888889,0.00554945258654,0.963688888889,0.00554945258654
0.000275422870334,0.000275422870334,0.000275422870334,0.000275422870334,0.000275422870334,0.000275422870334,0.000275422870334,0.000275422870334,1,X7 X10,0.988244444444,0.00299416205067,0.988244444444,0.00299416205067
0.000275422870334,0.000275422870334,0.000275422870334,0.000275422870334,0.000275422870334,0.000275422870334,0.000275422870334,0.000275422870334,1,X70 Z78 Y79 Y87 Z88 X97,0.964311111111,0.00470015352593,0.964311111111,0.00470015352593
0.000275422870334,0.000275422870334,0.000275422870334,0.000275422870334,0.000275422870334,0.000275422870334,0.000275422870334,0.000275422870334,1,X71 Z79 Y80 Y88 Z89 X98,0.964155555556,0.004441819148,0.964155555556,0.004441819148
0.000275422870334,0.000275422870334,0.000275422870334,0.000275422870334,0.000275422870334,0.000275422870334,0.000275422870334,0.000275422870334,1,X72 X81,0.989822222222,0.00210041654933,0.989822222222,0.00210041654933
0.000275422870334,0.000275422870334,0.000275422870334,0.000275422870334,0.000275422870334,0.000275422870334,0.000275422870334,0.000275422870334,1,X73 X82,0.988533333333,0.00216839011915,0.988533333333,0.00216839011915
0.000275422870334,0.000275422870334,0.000275422870334,0.000275422870334,0.000275422870334,0.000275422870334,0.000275422870334,0.000275422870334,1,X74 X83,0.987066666667,0.00268156756352,0.987066666667,0.00268156756352
0.000275422870334,0.000275422870334,0.000275422870334,0.000275422870334,0.000275422870334,0.000275422870334,0.000275422870334,0.000275422870334,1,X75 X84,0.9856,0.00318328970302,0.9856,0.00318328970302
0.000275422870334,0.000275422870334,0.000275422870334,0.000275422870334,0.000275422870334,0.000275422870334,0.000275422870334,0.000275422870334,1,X76 X85,0.983844444444,0.00359515780494,0.983844444444,0.00359515780494
0.000275422870334,0.000275422870334,0.000275422870334,0.000275422870334,0.000275422870334,0.000275422870334,0.000275422870334,0.000275422870334,1,X77 X86,0.981511111111,0.00299134554142,0.981511111111,0.00299134554142
0.000275422870334,0.000275422870334,0.000275422870334,0.000275422870334,0.000275422870334,0.000275422870334,0.000275422870334,0.000275422870334,1,X78 X87,0.98,0.00316106582734,0.98,0.00316106582734
0.000275422870334,0.000275422870334,0.000275422870334,0.000275422870334,0.000275422870334,0.000275422870334,0.000275422870334,0.000275422870334,1,X79 X88,0.979311111111,0.00308491985692,0.979311111111,0.00308491985692
0.000275422870334,0.000275422870334,0.000275422870334,0.000275422870334,0.000275422870334,0.000275422870334,0.000275422870334,0.000275422870334,1,X8 X11,0.988066666667,0.0031188464318,0.988066666667,0.0031188464318
0.000275422870334,0.000275422870334,0.000275422870334,0.000275422870334,0.000275422870334,0.000275422870334,0.000275422870334,0.000275422870334,1,X80 X89,0.977466666667,0.00438877006484,0.977466666667,0.00438877006484
0.000275422870334,0.000275422870334,0.000275422870334,0.000275422870334,0.000275422870334,0.000275422870334,0.000275422870334,0.000275422870334,1,X81 Z90 Y91 Y100 Z101 X111,0.956622222222,0.00484529501479,0.956622222222,0.00484529501479
0.000275422870334,0.000275422870334,0.000275422870334,0.000275422870334,0.000275422870334,0.000275422870334,0.000275422870334,0.000275422870334,1,X82 Z91 Y92 Y101 Z102 X112,0.958444444444,0.00563332539844,0.958444444444,0.00563332539844
0.000275422870334,0.000275422870334,0.000275422870334,0.000275422870334,0.000275422870334,0.000275422870334,0.000275422870334,0.000275422870334,1,X83 Z92 Y93 Y102 Z103 X113,0.958022222222,0.0050362162204,0.958022222222,0.0050362162204
0.000275422870334,0.000275422870334,0.000275422870334,0.000275422870334,0.000275422870334,0.000275422870334,0.000275422870334,0.000275422870334,1,X84 Z93 Y94 Y103 Z104 X114,0.9606,0.0062498429099,0.9606,0.0062498429099
0.000275422870334,0.000275422870334,0.000275422870334,0.000275422870334,0.000275422870334,0.000275422870334,0.000275422870334,0.000275422870334,1,X85 Z94 Y95 Y104 Z105 X115,0.960466666667,0.00462924238483,0.960466666667,0.00462924238483
0.000275422870334,0.000275422870334,0.000275422870334,0.000275422870334,0.000275422870334,0.000275422870334,0.000275422870334,0.000275422870334,1,X86 Z95 Y96 Y105 Z106 X116,0.964866666667,0.00394657812886,0.964866666667,0.00394657812886
0.000275422870334,0.000275422870334,0.000275422870334,0.000275422870334,0.000275422870334,0.000275422870334,0.000275422870334,0.000275422870334,1,X87 Z96 Y97 Y106 Z107 X117,0.964066666667,0.00552902477319,0.964066666667,0.00552902477319
0.000275422870334,0.000275422870334,0.000275422870334,0.000275422870334,0.000275422870334,0.000275422870334,0.000275422870334,0.000275422870334,1,X88 Z97 Y98 Y107 Z108 X118,0.964111111111,0.00554489398434,0.964111111111,0.00554489398434
0.000275422870334,0.000275422870334,0.000275422870334,0.000275422870334,0.000275422870334,0.000275422870334,0.000275422870334,0.000275422870334,1,X89 Z98 Y99 Y108 Z109 X119,0.963644444444,0.00453418968698,0.963644444444,0.00453418968698
0.000275422870334,0.000275422870334,0.000275422870334,0.000275422870334,0.000275422870334,0.000275422870334,0.000275422870334,0.000275422870334,1,X9 Z12 Y13 Y16 Z17 X21,0.972577777778,0.00465757187109,0.972577777778,0.00465757187109
0.000275422870334,0.000275422870334,0.000275422870334,0.000275422870334,0.000275422870334,0.000275422870334,0.000275422870334,0.000275422870334,1,X90 X100,0.973955555556,0.00351867849337,0.973955555556,0.00351867849337
0.000275422870334,0.000275422870334,0.000275422870334,0.000275422870334,0.000275422870334,0.000275422870334,0.000275422870334,0.000275422870334,1,X91 X101,0.975,0.00386654775877,0.975,0.00386654775877
0.000275422870334,0.000275422870334,0.000275422870334,0.000275422870334,0.000275422870334,0.000275422870334,0.000275422870334,0.000275422870334,1,X92 X102,0.975355555556,0.00388920633625,0.975355555556,0.00388920633625
0.000275422870334,0.000275422870334,0.000275422870334,0.000275422870334,0.000275422870334,0.000275422870334,0.000275422870334,0.000275422870334,1,X93 X103,0.976888888889,0.00345893626743,0.976888888889,0.00345893626743
0.000275422870334,0.000275422870334,0.000275422870334,0.000275422870334,0.000275422870334,0.000275422870334,0.000275422870334,0.000275422870334,1,X94 X104,0.977644444444,0.00436893714188,0.977644444444,0.00436893714188
0.000275422870334,0.000275422870334,0.000275422870334,0.000275422870334,0.000275422870334,0.000275422870334,0.000275422870334,0.000275422870334,1,X95 X105,0.982266666667,0.00320248945312,0.982266666667,0.00320248945312
0.000275422870334,0.000275422870334,0.000275422870334,0.000275422870334,0.000275422870334,0.000275422870334,0.000275422870334,0.000275422870334,1,X96 X106,0.985688888889,0.00301583729417,0.985688888889,0.00301583729417
0.000275422870334,0.000275422870334,0.000275422870334,0.000275422870334,0.000275422870334,0.000275422870334,0.000275422870334,0.000275422870334,1,X97 X107,0.986288888889,0.00246777442248,0.986288888889,0.00246777442248
0.000275422870334,0.000275422870334,0.000275422870334,0.000275422870334,0.000275422870334,0.000275422870334,0.000275422870334,0.000275422870334,1,X98 X108,0.987977777778,0.0029373187833,0.987977777778,0.0029373187833
0.000275422870334,0.000275422870334,0.000275422870334,0.000275422870334,0.000275422870334,0.000275422870334,0.000275422870334,0.000275422870334,1,X99 X109,0.990422222222,0.00227249644712,0.990422222222,0.00227249644712
0.000275422870334,0.000275422870334,0.000275422870334,0.000275422870334,0.000275422870334,0.000275422870334,0.000275422870334,0.000275422870334,1,Y0 Z1 X2,0.984533333333,0.00310924957991,0.984533333333,0.00310924957991
0.000275422870334,0.000275422870334,0.000275422870334,0.000275422870334,0.000275422870334,0.000275422870334,0.000275422870334,0.000275422870334,1,Y20 Z25 X30,0.977888888889,0.00387578525805,0.977888888889,0.00387578525805
0.000275422870334,0.000275422870334,0.000275422870334,0.000275422870334,0.000275422870334,0.000275422870334,0.000275422870334,0.000275422870334,1,Y42 Z49 X56,0.9754,0.00422490336329,0.9754,0.00422490336329
0.000275422870334,0.000275422870334,0.000275422870334,0.000275422870334,0.000275422870334,0.000275422870334,0.000275422870334,0.000275422870334,1,Y6 Z9 X12,0.982288888889,0.00312048396548,0.982288888889,0.00312048396548
0.000275422870334,0.000275422870334,0.000275422870334,0.000275422870334,0.000275422870334,0.000275422870334,0.000275422870334,0.000275422870334,1,Y72 Z81 X90,0.970288888889,0.00509430854639,0.970288888889,0.00509430854639
0.000275422870334,0.000275422870334,0.000275422870334,0.000275422870334,0.000275422870334,0.000275422870334,0.000275422870334,0.000275422870334,1,Z15 Y19 X24,0.986333333333,0.00265947305586,0.986333333333,0.00265947305586
0.000275422870334,0.000275422870334,0.000275422870334,0.000275422870334,0.000275422870334,0.000275422870334,0.000275422870334,0.000275422870334,1,Z3 Y5 X8,0.9852,0.00300905402581,0.9852,0.00300905402581
0.000275422870334,0.000275422870334,0.000275422870334,0.000275422870334,0.000275422870334,0.000275422870334,0.000275422870334,0.000275422870334,1,Z35 Y41 X48,0.985777777778,0.00268575543335,0.985777777778,0.00268575543335
0.000275422870334,0.000275422870334,0.000275422870334,0.000275422870334,0.000275422870334,0.000275422870334,0.000275422870334,0.000275422870334,1,Z63 Y71 X80,0.986822222222,0.00245532236545,0.986822222222,0.00245532236545
0.000275422870334,0.000275422870334,0.000275422870334,0.000275422870334,0.000275422870334,0.000275422870334,0.000275422870334,0.000275422870334,1,Z99 Y109 X120,0.986044444444,0.00287109165741,0.986044444444,0.00287109165741
0.000275422870334,0.000275422870334,0.000275422870334,0.000275422870334,0.000275422870334,0.000275422870334,0.000275422870334,0.000275422870334,5,Logical X,0.954777777778,0.00671495918705,0.952644444444,0.0053375940835
0.000275422870334,0.000275422870334,0.000275422870334,0.000275422870334,0.000275422870334,0.000275422870334,0.000275422870334,0.000275422870334,5,Logical Y,0.0123333333333,0.00864409084366,-0.00224444444444,0.0164659019166
0.000275422870334,0.000275422870334,0.000275422870334,0.000275422870334,0.000275422870334,0.000275422870334,0.000275422870334,0.000275422870334,5,Logical Z,0.0153333333333,0.0117051909106,-0.00228888888889,0.0208961550907
0.000275422870334,0.000275422870334,0.000275422870334,0.000275422870334,0.000275422870334,0.000275422870334,0.000275422870334,0.000275422870334,5,X0 X1,0.991733333333,0.00278253997916,0.991733333333,0.00278253997916
0.000275422870334,0.000275422870334,0.000275422870334,0.000275422870334,0.000275422870334,0.000275422870334,0.000275422870334,0.000275422870334,5,X1 Z2 Y3 Y4 Z5 X7,0.976333333333,0.00335281662343,0.976333333333,0.00335281662343
0.000275422870334,0.000275422870334,0.000275422870334,0.000275422870334,0.000275422870334,0.000275422870334,0.000275422870334,0.000275422870334,5,X10 Z13 Y14 Y17 Z18 X22,0.973311111111,0.00320193109038,0.973311111111,0.00320193109038
0.000275422870334,0.000275422870334,0.000275422870334,0.000275422870334,0.000275422870334,0.000275422870334,0.000275422870334,0.000275422870334,5,X100 Z110 Y111 Y121 Z122 X132,0.972533333333,0.00544537485208,0.972533333333,0.00544537485208
0.000275422870334,0.000275422870334,0.000275422870334,0.000275422870334,0.000275422870334,0.000275422870334,0.000275422870334,0.000275422870334,5,X101 Z111 Y112 Y122 Z123 X133,0.970288888889,0.00437927313668,0.970288888889,0.00437927313668
0.000275422870334,0.000275422870334,0.000275422870334,0.000275422870334,0.000275422870334,0.000275422870334,0.000275422870334,0.000275422870334,5,X102 Z112 Y113 Y123 Z124 X134,0.971177777778,0.00460112707609,0.971177777778,0.00460112707609
0.000275422870334,0.000275422870334,0.000275422870334,0.000275422870334,0.000275422870334,0.000275422870334,0.000275422870334,0.000275422870334,5,X103 Z113 Y114 Y124 Z125 X135,0.9696,0.00426192264997,0.9696,0.00426192264997
0.000275422870334,0.000275422870334,0.000275422870334,0.000275422870334,0.000275422870334,0.000275422870334,0.000275422870334,0.000275422870334,5,X104 Z114 Y115 Y125 Z126 X136,0.965511111111,0.00584849152594,0.965511111111,0.00584849152594
0.000275422870334,0.000275422870334,0.000275422870334,0.000275422870334,0.000275422870334,0.000275422870334,0.000275422870334,0.000275422870334,5,X105 Z115 Y116 Y126 Z127 X137,0.967133333333,0.00404249458282,0.967133333333,0.00404249458282
0.000275422870334,0.000275422870334,0.000275422870334,0.000275422870334,0.000275422870334,0.000275422870334,0.000275422870334,0.000275422870334,5,X106 Z116 Y117 Y127 Z128 X138,0.976311111111,0.00484782475479,0.976311111111,0.00484782475479
0.000275422870334,0.000275422870334,0.000275422870334,0.000275422870334,0.000275422870334,0.000275422870334,0.000275422870334,0.000275422870334,5,X107 Z117 Y118 Y128 Z129 X139,0.970888888889,0.00466940259155,0.970888888889,0.00466940259155
0.000275422870334,0.000275422870334,0.000275422870334,0.000275422870334,0.000275422870334,0.000275422870334,0.000275422870334,0.000275422870334,5,X108 Z118 Y119 Y129 Z130 X140,0.9688,0.00428630537796,0.9688,0.00428630537796
0.000275422870334,0.000275422870334,0.000275422870334,0.000275422870334,0.000275422870334,0.000275422870334,0.000275422870334,0.000275422870334,5,X109 Z119 Y120 Y130 Z131 X141,0.9664,0.00544312283592,0.9664,0.00544312283592
0.000275422870334,0.000275422870334,0.000275422870334,0.000275422870334,0.000275422870334,0.000275422870334,0.000275422870334,0.000275422870334,5,X11 Z14 Y15 Y18 Z19 X23,0.973488888889,0.00447618931163,0.973488888889,0.00447618931163
0.000275422870334,0.000275422870334,0.000275422870334,0.000275422870334,0.000275422870334,0.000275422870334,0.000275422870334,0.000275422870334,5,X110 X121,0.983111111111,0.00300361638139,0.983111111111,0.00300361638139
0.000275422870334,0.000275422870334,0.000275422870334,0.000275422870334,0.000275422870334,0.000275422870334,0.000275422870334,0.000275422870334,5,X111 X122,0.983222222222,0.00317115028423,0.983222222222,0.00317115028423
0.000275422870334,0.000275422870334,0.000275422870334,0.000275422870334,0.000275422870334,0.000275422870334,0.000275422870334,0.000275422870334,5,X112 X123,0.985777777778,0.00334633479755,0.985777777778,0.00334633479755
0.000275422870334,0.000275422870334,0.000275422870334,0.000275422870334,0.000275422870334,0.000275422870334,0.000275422870334,0.000275422870334,5,X113 X124,0.987044444444,0.00272174911832,0.987044444444,0.00272174911832
0.000275422870334,0.000275422870334,0.000275422870334,0.000275422870334,0.000275422870334,0.000275422870334,0.000275422870334,0.000275422870334,5,X114 X125,0.988711111111,0.00269487001419,0.988711111111,0.00269487001419
0.000275422870334,0.000275422870334,0.000275422870334,0.000275422870334,0.000275422870334,0.000275422870334,0.000275422870334,0.000275422870334,5,X115 X126,0.982977777778,0.00325062131796,0.982977777778,0.00325062131796
0.000275422870334,0.000275422870334,0.000275422870334,0.000275422870334,0.000275422870334,0.000275422870334,0.000275422870334,0.000275422870334,5,X116 X127,0.9894,0.00301388866819,0.9894,0.00301388866819
0.000275422870334,0.000275422870334,0.000275422870334,0.000275422870334,0.000275422870334,0.000275422870334,0.000275422870334,0.000275422870334,5,X117 X128,0.987511111111,0.00216508931679,0.987511111111,0.00216508931679
0.000275422870334,0.000275422870334,0.000275422870334,0.000275422870334,0.000275422870334,0.000275422870334,0.000275422870334,0.000275422870334,5,X118 X129,0.982844444444,0.00375058956626,0.982844444444,0.00375058956626
0.000275422870334,0.000275422870334,0.000275422870334,0.000275422870334,0.000275422870334,0.000275422870334,0.000275422870334,0.000275422870334,5,X119 X130,0.9806,0.00353352851337,0.9806,0.00353352851337
0.000275422870334,0.000275422870334,0.000275422870334,0.000275422870334,0.000275422870334,0.000275422870334,0.000275422870334,0.000275422870334,5,X12 X16,0.984977777778,0.00313053596495,0.984977777778,0.00313053596495
0.000275422870334,0.000275422870334,0.000275422870334,0.000275422870334,0.000275422870334,0.000275422870334,0.000275422870334,0.000275422870334,5,X120 X131,0.978444444444,0.00431457774276,0.978444444444,0.00431457774276
0.000275422870334,0.000275422870334,0.000275422870334,0.000275422870334,0.000275422870334,0.000275422870334,0.000275422870334,0.000275422870334,5,X121 Y132 Z142,0.985422222222,0.00370040210441,0.985422222222,0.00370040210441
0.000275422870334,0.000275422870334,0.000275422870334,0.000275422870334,0.000275422870334,0.000275422870334,0.000275422870334,0.000275422870334,5,X122 Z132 Y133 Y142 Z143 X152,0.967622222222,0.00430515447396,0.967622222222,0.00430515447396
0.000275422870334,0.000275422870334,0.000275422870334,0.000275422870334,0.000275422870334,0.000275422870334,0.000275422870334,0.000275422870334,5,X123 Z133 Y134 Y143 Z144 X153,0.9638,0.00560828615204,0.9638,0.00560828615204
0.000275422870334,0.000275422870334,0.000275422870334,0.000275422870334,0.000275422870334,0.000275422870334,0.000275422870334,0.000275422870334,5,X124 Z134 Y135 Y144 Z145 X154,0.966533333333,0.00639540064619,0.966533333333,0.00639540064619
0.000275422870334,0.000275422870334,0.000275422870334,0.000275422870334,0.000275422870334,0.000275422870334,0.000275422870334,0.000275422870334,5,X125 Z135 Y136 Y145 Z146 X155,0.966666666667,0.00446012559313,0.966666666667,0.00446012559313
0.000275422870334,0.000275422870334,0.000275422870334,0.000275422870334,0.000275422870334,0.000275422870334,0.000275422870334,0.000275422870334,5,X126 Z136 Y137 Y146 Z147 X156,0.964466666667,0.00381627890416,0.964466666667,0.00381627890416
0.000275422870334,0.000275422870334,0.000275422870334,0.000275422870334,0.000275422870334,0.000275422870334,0.000275422870334,0.000275422870334,5,X127 Z137 Y138 Y147 Z148 X157,0.975866666667,0.00392418573929,0.975866666667,0.00392418573929
0.000275422870334,0.000275422870334,0.000275422870334,0.000275422870334,0.000275422870334,0.000275422870334,0.000275422870334,0.000275422870334,5,X128 Z138 Y139 Y148 Z149 X158,0.967933333333,0.00458332810867,0.967933333333,0.00458332810867
0.000275422870334,0.000275422870334,0.000275422870334,0.000275422870334,0.000275422870334,0.000275422870334,0.000275422870334,0.000275422870334,5,X129 Z139 Y140 Y149 Z150 X159,0.949,0.00607425318242,0.949,0.00607425318242
0.000275422870334,0.000275422870334,0.000275422870334,0.000275422870334,0.000275422870334,0.000275422870334,0.000275422870334,0.000275422870334,5,X13 X17,0.986311111111,0.00266513365897,0.986311111111,0.00266513365897
0.000275422870334,0.000275422870334,0.000275422870334,0.000275422870334,0.000275422870334,0.000275422870334,0.000275422870334,0.000275422870334,5,X130 Z140 Y141 Y150 Z151 X160,0.964755555556,0.00455442467975,0.964755555556,0.00455442467975
0.000275422870334,0.000275422870334,0.000275422870334,0.000275422870334,0.000275422870334,0.000275422870334,0.000275422870334,0.000275422870334,5,X132 X142,0.990111111111,0.00203481825058,0.990111111111,0.00203481825058
0.000275422870334,0.000275422870334,0.000275422870334,0.000275422870334,0.000275422870334,0.000275422870334,0.000275422870334,0.000275422870334,5,X133 X143,0.987222222222,0.00290900745846,0.987222222222,0.00290900745846
0.000275422870334,0.000275422870334,0.000275422870334,0.000275422870334,0.000275422870334,0.000275422870334,0.000275422870334,0.000275422870334,5,X134 X144,0.986,0.0036135123169,0.986,0.0036135123169
0.000275422870334,0.000275422870334,0.000275422870334,0.000275422870334,0.000275422870334,0.000275422870334,0.000275422870334,0.000275422870334,5,X135 X145,0.985066666667,0.00362874855728,0.985066666667,0.00362874855728
0.000275422870334,0.000275422870334,0.000275422870334,0.000275422870334,0.000275422870334,0.000275422870334,0.000275422870334,0.000275422870334,5,X136 X146,0.983044444444,0.0030408878182,0.983044444444,0.0030408878182
0.000275422870334,0.000275422870334,0.000275422870334,0.000275422870334,0.000275422870334,0.000275422870334,0.000275422870334,0.000275422870334,5,X137 X147,0.983733333333,0.00284786671521,0.983733333333,0.00284786671521
0.000275422870334,0.000275422870334,0.000275422870334,0.000275422870334,0.000275422870334,0.000275422870334,0.000275422870334,0.000275422870334,5,X138 X148,0.982111111111,0.00300744075125,0.982111111111,0.00300744075125
0.000275422870334,0.000275422870334,0.000275422870334,0.000275422870334,0.000275422870334,0.000275422870334,0.000275422870334,0.000275422870334,5,X139 X149,0.979111111111,0.00338730256196,0.979111111111,0.00338730256196
0.000275422870334,0.000275422870334,0.000275422870334,0.000275422870334,0.000275422870334,0.000275422870334,0.000275422870334,0.000275422870334,5,X14 X18,0.988377777778,0.00243022685243,0.988377777778,0.00243022685243
0.000275422870334,0.000275422870334,0.000275422870334,0.000275422870334,0.000275422870334,0.000275422870334,0.000275422870334,0.000275422870334,5,X140 X150,0.987377777778,0.00306723299785,0.987377777778,0.00306723299785
0.000275422870334,0.000275422870334,0.000275422870334,0.000275422870334,0.000275422870334,0.000275422870334,0.000275422870334,0.000275422870334,5,X141 X151,0.990177777778,0.00223475393716,0.990177777778,0.00223475393716
0.000275422870334,0.000275422870334,0.000275422870334,0.000275422870334,0.000275422870334,0.000275422870334,0.000275422870334,0.000275422870334,5,X143 Z152 Y153 Y161 Z162 X170,0.969755555556,0.00437507161043,0.969755555556,0.00437507161043
0.000275422870334,0.000275422870334,0.000275422870334,0.000275422870334,0.000275422870334,0.000275422870334,0.000275422870334,0.000275422870334,5,X144 Z153 Y154 Y162 Z163 X171,0.968622222222,0.00410936071259,0.968622222222,0.00410936071259
0.000275422870334,0.000275422870334,0.000275422870334,0.000275422870334,0.000275422870334,0.000275422870334,0.000275422870334,0.000275422870334,5,X145 Z154 Y155 Y163 Z164 X172,0.9676,0.00397540330251,0.9676,0.00397540330251
0.000275422870334,0.000275422870334,0.000275422870334,0.000275422870334,0.000275422870334,0.000275422870334,0.000275422870334,0.000275422870334,5,X146 Z155 Y156 Y164 Z165 X173,0.969133333333,0.0038957684087,0.969133333333,0.0038957684087
0.000275422870334,0.000275422870334,0.000275422870334,0.000275422870334,0.000275422870334,0.000275422870334,0.000275422870334,0.000275422870334,5,X147 Z156 Y157 Y165 Z166 X174,0.967622222222,0.00416400681386,0.967622222222,0.00416400681386
0.000275422870334,0.000275422870334,0.000275422870334,0.000275422870334,0.000275422870334,0.000275422870334,0.000275422870334,0.000275422870334,5,X148 Z157 Y158 Y166 Z167 X175,0.960866666667,0.00576460331168,0.960866666667,0.00576460331168
0.000275422870334,0.000275422870334,0.000275422870334,0.000275422870334,0.000275422870334,0.000275422870334,0.000275422870334,0.000275422870334,5,X149 Z158 Y159 Y167 Z168 X176,0.948622222222,0.00687921703941,0.948622222222,0.00687921703941
0.000275422870334,0.000275422870334,0.000275422870334,0.000275422870334,0.000275422870334,0.000275422870334,0.000275422870334,0.000275422870334,5,X15 X19,0.990511111111,0.00224672317084,0.990511111111,0.00224672317084
0.000275422870334,0.000275422870334,0.000275422870334,0.000275422870334,0.000275422870334,0.000275422870334,0.000275422870334,0.000275422870334,5,X150 Z159 Y160 Y168 Z169 X177,0.9654,0.00390833670318,0.9654,0.00390833670318
0.000275422870334,0.000275422870334,0.000275422870334,0.000275422870334,0.000275422870334,0.000275422870334,0.000275422870334,0.000275422870334,5,X151 Z160 Y169,0.984933333333,0.00283708338714,0.984933333333,0.00283708338714
0.000275422870334,0.000275422870334,0.000275422870334,0.000275422870334,0.000275422870334,0.000275422870334,0.000275422870334,0.000275422870334,5,X152 X161,0.982244444444,0.00338345459647,0.982244444444,0.00338345459647
0.000275422870334,0.000275422870334,0.000275422870334,0.000275422870334,0.000275422870334,0.000275422870334,0.000275422870334,0.000275422870334,5,X153 X162,0.982777777778,0.00326637734273,0.982777777778,0.00326637734273
0.000275422870334,0.000275422870334,0.000275422870334,0.000275422870334,0.000275422870334,0.000275422870334,0.000275422870334,0.000275422870334,5,X154 X163,0.9838,0.00387604886312,0.9838,0.00387604886312
0.000275422870334,0.000275422870334,0.000275422870334,0.000275422870334,0.000275422870334,0.000275422870334,0.000275422870334,0.000275422870334,5,X155 X164,0.984733333333,0.00204433616238,0.984733333333,0.00204433616238
0.000275422870334,0.000275422870334,0.000275422870334,0.000275422870334,0.000275422870334,0.000275422870334,0.000275422870334,0.000275422870334,5,X156 X165,0.987888888889,0.0031856158193,0.987888888889,0.0031856158193
0.000275422870334,0.000275422870334,0.000275422870334,0.000275422870334,0.000275422870334,0.000275422870334,0.000275422870334,0.000275422870334,5,X157 X166,0.988644444444,0.00292686503836,0.988644444444,0.00292686503836
0.000275422870334,0.000275422870334,0.000275422870334,0.000275422870334,0.000275422870334,0.000275422870334,0.000275422870334,0.000275422870334,5,X158 X167,0.990688888889,0.00247273768788,0.990688888889,0.00247273768788
0.000275422870334,0.000275422870334,0.000275422870334,0.000275422870334,0.000275422870334,0.000275422870334,0.000275422870334,0.000275422870334,5,X159 X168,0.972311111111,0.00416786955817,0.972311111111,0.00416786955817
0.000275422870334,0.000275422870334,0.000275422870334,0.000275422870334,0.000275422870334,0.000275422870334,0.000275422870334,0.000275422870334,5,X16 Z20 Y21 Y25 Z26 X31,0.970133333333,0.00387308227172,0.970133333333,0.00387308227172
0.000275422870334,0.000275422870334,0.000275422870334,0.000275422870334,0.000275422870334,0.000275422870334,0.000275422870334,0.000275422870334,5,X160 X169,0.989311111111,0.00215480098971,0.989311111111,0.00215480098971
0.000275422870334,0.000275422870334,0.000275422870334,0.000275422870334,0.000275422870334,0.000275422870334,0.000275422870334,0.000275422870334,5,X161 Y170 Z178,0.987844444444,0.00329254741115,0.987844444444,0.00329254741115
0.000275422870334,0.000275422870334,0.000275422870334,0.000275422870334,0.000275422870334,0.000275422870334,0.000275422870334,0.000275422870334,5,X162 Z170 Y171 Y178 Z179 X186,0.965955555556,0.00484845698355,0.965955555556,0.00484845698355
0.000275422870334,0.000275422870334,0.000275422870334,0.000275422870334,0.000275422870334,0.000275422870334,0.000275422870334,0.000275422870334,5,X163 Z171 Y172 Y179 Z180 X187,0.964844444444,0.00568370213745,0.964844444444,0.00568370213745
0.000275422870334,0.000275422870334,0.000275422870334,0.000275422870334,0.000275422870334,0.000275422870334,0.000275422870334,0.000275422870334,5,X164 Z172 Y173 Y180 Z181 X188,0.962911111111,0.00554876212997,0.962911111111,0.00554876212997
0.000275422870334,0.000275422870334,0.000275422870334,0.000275422870334,0.000275422870334,0.000275422870334,0.000275422870334,0.000275422870334,5,X165 Z173 Y174 Y181 Z182 X189,0.966155555556,0.0045373995737,0.966155555556,0.0045373995737
0.000275422870334,0.000275422870334,0.000275422870334,0.000275422870334,0.000275422870334,0.000275422870334,0.000275422870334,0.000275422870334,5,X166 Z174 Y175 Y182 Z183 X190,0.965511111111,0.00343492690763,0.965511111111,0.00343492690763
0.000275422870334,0.000275422870334,0.000275422870334,0.000275422870334,0.000275422870334,0.000275422870334,0.000275422870334,0.000275422870334,5,X167 Z175 Y176 Y183 Z184 X191,0.966044444444,0.00434148952434,0.966044444444,0.00434148952434
0.000275422870334,0.000275422870334,0.000275422870334,0.000275422870334,0.000275422870334,0.000275422870334,0.000275422870334,0.000275422870334,5,X168 Z176 Y177 Y184 Z185 X192,0.967555555556,0.00438504366207,0.967555555556,0.00438504366207
0.000275422870334,0.000275422870334,0.000275422870334,0.000275422870334,0.000275422870334,0.000275422870334,0.000275422870334,0.000275422870334,5,X17 Z21 Y22 Y26 Z27 X32,0.970711111111,0.00410562956502,0.970711111111,0.00410562956502
0.000275422870334,0.000275422870334,0.000275422870334,0.000275422870334,0.000275422870334,0.000275422870334,0.000275422870334,0.000275422870334,5,X170 X178,0.990488888889,0.00300667626643,0.990488888889,0.00300667626643
0.000275422870334,0.000275422870334,0.000275422870334,0.000275422870334,0.000275422870334,0.000275422870334,0.000275422870334,0.000275422870334,5,X171 X179,0.988066666667,0.00317243878051,0.988066666667,0.00317243878051
0.000275422870334,0.000275422870334,0.000275422870334,0.000275422870334,0.000275422870334,0.000275422870334,0.000275422870334,0.000275422870334,5,X172 X180,0.9866,0.00202928747664,0.9866,0.00202928747664
0.000275422870334,0.000275422870334,0.000275422870334,0.000275422870334,0.000275422870334,0.000275422870334,0.000275422870334,0.000275422870334,5,X173 X181,0.983666666667,0.00283248804159,0.983666666667,0.00283248804159
0.000275422870334,0.000275422870334,0.000275422870334,0.000275422870334,0.000275422870334,0.000275422870334,0.000275422870334,0.000275422870334,5,X174 X182,0.983733333333,0.00283708338714,0.983733333333,0.00283708338714
0.000275422870334,0.000275422870334,0.000275422870334,0.000275422870334,0.000275422870334,0.000275422870334,0.000275422870334,0.000275422870334,5,X175 X183,0.981644444444,0.00280521317284,0.981644444444,0.00280521317284
0.000275422870334,0.000275422870334,0.000275422870334,0.000275422870334,0.000275422870334,0.000275422870334,0.000275422870334,0.000275422870334,5,X176 X184,0.979133333333,0.00401968337138,0.979133333333,0.00401968337138
0.000275422870334,0.000275422870334,0.000275422870334,0.000275422870334,0.000275422870334,0.000275422870334,0.000275422870334,0.000275422870334,5,X177 X185,0.971333333333,0.00432049379894,0.971333333333,0.00432049379894
0.000275422870334,0.000275422870334,0.000275422870334,0.000275422870334,0.000275422870334,0.000275422870334,0.000275422870334,0.000275422870334,5,X179 Z186 Y187 Y193 Z194 X200,0.969666666667,0.00382670591513,0.969666666667,0.00382670591513
0.000275422870334,0.000275422870334,0.000275422870334,0.000275422870334,0.000275422870334,0.000275422870334,0.000275422870334,0.000275422870334,5,X18 Z22 Y23 Y27 Z28 X33,0.971044444444,0.00444871442391,0.971044444444,0.00444871442391
0.000275422870334,0.000275422870334,0.000275422870334,0.000275422870334,0.000275422870334,0.000275422870334,0.000275422870334,0.000275422870334,5,X180 Z187 Y188 Y194 Z195 X201,0.967533333333,0.00594263767436,0.967533333333,0.00594263767436
0.000275422870334,0.000275422870334,0.000275422870334,0.000275422870334,0.000275422870334,0.000275422870334,0.000275422870334,0.000275422870334,5,X181 Z188 Y189 Y195 Z196 X202,0.9686,0.00280311813243,0.9686,0.00280311813243
0.000275422870334,0.000275422870334,0.000275422870334,0.000275422870334,0.000275422870334,0.000275422870334,0.000275422870334,0.000275422870334,5,X182 Z189 Y190 Y196 Z197 X203,0.970044444444,0.00327036306623,0.970044444444,0.00327036306623
0.000275422870334,0.000275422870334,0.000275422870334,0.000275422870334,0.000275422870334,0.000275422870334,0.000275422870334,0.000275422870334,5,X183 Z190 Y191 Y197 Z198 X204,0.968333333333,0.0045207058751,0.968333333333,0.0045207058751
0.000275422870334,0.000275422870334,0.000275422870334,0.000275422870334,0.000275422870334,0.000275422870334,0.000275422870334,0.000275422870334,5,X184 Z191 Y192 Y198 Z199 X205,0.968888888889,0.00516793335109,0.968888888889,0.00516793335109
0.000275422870334,0.000275422870334,0.000275422870334,0.000275422870334,0.000275422870334,0.000275422870334,0.000275422870334,0.000275422870334,5,X185 Z192 Y199,0.967155555556,0.00467137146527,0.967155555556,0.00467137146527
0.000275422870334,0.000275422870334,0.000275422870334,0.000275422870334,0.000275422870334,0.000275422870334,0.000275422870334,0.000275422870334,5,X186 X193,0.980533333333,0.00358968296021,0.980533333333,0.00358968296021
0.000275422870334,0.000275422870334,0.000275422870334,0.000275422870334,0.000275422870334,0.000275422870334,0.000275422870334,0.000275422870334,5,X187 X194,0.982733333333,0.00315791288561,0.982733333333,0.00315791288561
0.000275422870334,0.000275422870334,0.000275422870334,0.000275422870334,0.000275422870334,0.000275422870334,0.000275422870334,0.000275422870334,5,X188 X195,0.984288888889,0.00310571507963,0.984288888889,0.00310571507963
0.000275422870334,0.000275422870334,0.000275422870334,0.000275422870334,0.000275422870334,0.000275422870334,0.000275422870334,0.000275422870334,5,X189 X196,0.984844444444,0.00308715461665,0.984844444444,0.00308715461665
0.000275422870334,0.000275422870334,0.000275422870334,0.000275422870334,0.000275422870334,0.000275422870334,0.000275422870334,0.000275422870334,5,X19 Z23 Y24 Y28 Z29 X34,0.970288888889,0.00495399009688,0.970288888889,0.00495399009688
0.000275422870334,0.000275422870334,0.000275422870334,0.000275422870334,0.000275422870334,0.000275422870334,0.000275422870334,0.000275422870334,5,X190 X197,0.985644444444,0.00351780728175,0.985644444444,0.00351780728175
0.000275422870334,0.000275422870334,0.000275422870334,0.000275422870334,0.000275422870334,0.000275422870334,0.000275422870334,0.000275422870334,5,X191 X198,0.987933333333,0.0025088349634,0.987933333333,0.0025088349634
0.000275422870334,0.000275422870334,0.000275422870334,0.000275422870334,0.000275422870334,0.000275422870334,0.000275422870334,0.000275422870334,5,X192 X199,0.990844444444,0.00243180290927,0.990844444444,0.00243180290927
0.000275422870334,0.000275422870334,0.000275422870334,0.000275422870334,0.000275422870334,0.000275422870334,0.000275422870334,0.000275422870334,5,X193 Y200 Z206,0.985955555556,0.00280083913717,0.985955555556,0.00280083913717
0.000275422870334,0.000275422870334,0.000275422870334,0.000275422870334,0.000275422870334,0.000275422870334,0.000275422870334,0.000275422870334,5,X194 Z200 Y201 Y206 Z207 X212,0.968866666667,0.00463916361863,0.968866666667,0.00463916361863
0.000275422870334,0.000275422870334,0.000275422870334,0.000275422870334,0.000275422870334,0.000275422870334,0.000275422870334,0.000275422870334,5,X195 Z201 Y202 Y207 Z208 X213,0.968333333333,0.00478743566326,0.968333333333,0.00478743566326
0.000275422870334,0.000275422870334,0.000275422870334,0.000275422870334,0.000275422870334,0.000275422870334,0.000275422870334,0.000275422870334,5,X196 Z202 Y203 Y208 Z209 X214,0.968955555556,0.00461443124712,0.968955555556,0.00461443124712
0.000275422870334,0.000275422870334,0.000275422870334,0.000275422870334,0.000275422870334,0.000275422870334,0.000275422870334,0.000275422870334,5,X197 Z203 Y204 Y209 Z210 X215,0.967622222222,0.00570724707902,0.967622222222,0.00570724707902
0.000275422870334,0.000275422870334,0.000275422870334,0.000275422870334,0.000275422870334,0.000275422870334,0.000275422870334,0.000275422870334,5,X198 Z204 Y205 Y210 Z211 X216,0.968155555556,0.00473248602853,0.968155555556,0.00473248602853
0.000275422870334,0.000275422870334,0.000275422870334,0.000275422870334,0.000275422870334,0.000275422870334,0.000275422870334,0.000275422870334,5,X2 X4,0.989088888889,0.00197674862371,0.989088888889,0.00197674862371
0.000275422870334,0.000275422870334,0.000275422870334,0.000275422870334,0.000275422870334,0.000275422870334,0.000275422870334,0.000275422870334,5,X20 X25,0.990711111111,0.00253062973298,0.990711111111,0.00253062973298
0.000275422870334,0.000275422870334,0.000275422870334,0.000275422870334,0.000275422870334,0.000275422870334,0.000275422870334,0.000275422870334,5,X200 X206,0.990311111111,0.00219182272218,0.990311111111,0.00219182272218
0.000275422870334,0.000275422870334,0.000275422870334,0.000275422870334,0.000275422870334,0.000275422870334,0.000275422870334,0.000275422870334,5,X201 X207,0.987377777778,0.00278437530683,0.987377777778,0.00278437530683
0.000275422870334,0.000275422870334,0.000275422870334,0.000275422870334,0.000275422870334,0.000275422870334,0.000275422870334,0.000275422870334,5,X202 X208,0.985688888889,0.0027332679181,0.985688888889,0.0027332679181
0.000275422870334,0.000275422870334,0.000275422870334,0.000275422870334,0.000275422870334,0.000275422870334,0.000275422870334,0.000275422870334,5,X203 X209,0.985466666667,0.00349449484946,0.985466666667,0.00349449484946
0.000275422870334,0.000275422870334,0.000275422870334,0.000275422870334,0.000275422870334,0.000275422870334,0.000275422870334,0.000275422870334,5,X204 X210,0.982377777778,0.00350886489088,0.982377777778,0.00350886489088
0.000275422870334,0.000275422870334,0.000275422870334,0.000275422870334,0.000275422870334,0.000275422870334,0.000275422870334,0.000275422870334,5,X205 X211,0.982311111111,0.00403332225071,0.982311111111,0.00403332225071
0.000275422870334,0.000275422870334,0.000275422870334,0.000275422870334,0.000275422870334,0.000275422870334,0.000275422870334,0.000275422870334,5,X207 Z212 Y213 Y217 Z218 X222,0.9726,0.00501140461799,0.9726,0.00501140461799
0.000275422870334,0.000275422870334,0.000275422870334,0.000275422870334,0.000275422870334,0.000275422870334,0.000275422870334,0.000275422870334,5,X208 Z213 Y214 Y218 Z219 X223,0.971066666667,0.00394832521845,0.971066666667,0.00394832521845
0.000275422870334,0.000275422870334,0.000275422870334,0.000275422870334,0.000275422870334,0.000275422870334,0.000275422870334,0.000275422870334,5,X209 Z214 Y215 Y219 Z220 X224,0.972311111111,0.00428749704452,0.972311111111,0.00428749704452
0.000275422870334,0.000275422870334,0.000275422870334,0.000275422870334,0.000275422870334,0.000275422870334,0.000275422870334,0.000275422870334,5,X21 X26,0.988755555556,0.00281067114513,0.988755555556,0.00281067114513
0.000275422870334,0.000275422870334,0.000275422870334,0.000275422870334,0.000275422870334,0.000275422870334,0.000275422870334,0.000275422870334,5,X210 Z215 Y216 Y220 Z221 X225,0.972266666667,0.00487891703328,0.972266666667,0.00487891703328
0.000275422870334,0.000275422870334,0.000275422870334,0.000275422870334,0.000275422870334,0.000275422870334,0.000275422870334,0.000275422870334,5,X211 Z216 Y221,0.986377777778,0.00268775188905,0.986377777778,0.00268775188905
0.000275422870334,0.000275422870334,0.000275422870334,0.000275422870334,0.000275422870334,0.000275422870334,0.000275422870334,0.000275422870334,5,X212 X217,0.9828,0.00419231188334,0.9828,0.00419231188334
0.000275422870334,0.000275422870334,0.000275422870334,0.000275422870334,0.000275422870334,0.000275422870334,0.000275422870334,0.000275422870334,5,X213 X218,0.984866666667,0.00358434227977,0.984866666667,0.00358434227977
0.000275422870334,0.000275422870334,0.000275422870334,0.000275422870334,0.000275422870334,0.000275422870334,0.000275422870334,0.000275422870334,5,X214 X219,0.986444444444,0.00324873489475,0.986444444444,0.00324873489475
0.000275422870334,0.000275422870334,0.000275422870334,0.000275422870334,0.000275422870334,0.000275422870334,0.000275422870334,0.000275422870334,5,X215 X220,0.988333333333,0.00277233182624,0.988333333333,0.00277233182624
0.000275422870334,0.000275422870334,0.000275422870334,0.000275422870334,0.000275422870334,0.000275422870334,0.000275422870334,0.000275422870334,5,X216 X221,0.989733333333,0.002815392829,0.989733333333,0.002815392829
0.000275422870334,0.000275422870334,0.000275422870334,0.000275422870334,0.000275422870334,0.000275422870334,0.000275422870334,0.000275422870334,5,X217 Y222 Z226,0.985711111111,0.00338888574838,0.985711111111,0.00338888574838
0.000275422870334,0.000275422870334,0.000275422870334,0.000275422870334,0.000275422870334,0.000275422870334,0.000275422870334,0.000275422870334,5,X218 Z222 Y223 Y226 Z227 X230,0.970955555556,0.00470325014657,0.970955555556,0.00470325014657
0.000275422870334,0.000275422870334,0.000275422870334,0.000275422870334,0.000275422870334,0.000275422870334,0.000275422870334,0.000275422870334,5,X219 Z223 Y224 Y227 Z228 X231,0.972355555556,0.0036293116341,0.972355555556,0.0036293116341
0.000275422870334,0.000275422870334,0.000275422870334,0.000275422870334,0.000275422870334,0.000275422870334,0.000275422870334,0.000275422870334,5,X22 X27,0.987111111111,0.00250261676588,0.987111111111,0.00250261676588
0.000275422870334,0.000275422870334,0.000275422870334,0.000275422870334,0.000275422870334,0.000275422870334,0.000275422870334,0.000275422870334,5,X220 Z224 Y225 Y228 Z229 X232,0.970066666667,0.0046727382506,0.970066666667,0.0046727382506
0.000275422870334,0.000275422870334,0.000275422870334,0.000275422870334,0.000275422870334,0.000275422870334,0.000275422870334,0.000275422870334,5,X222 X226,0.990022222222,0.00218306497137,0.990022222222,0.00218306497137
0.000275422870334,0.000275422870334,0.000275422870334,0.000275422870334,0.000275422870334,0.000275422870334,0.000275422870334,0.000275422870334,5,X223 X227,0.9884,0.00287464807108,0.9884,0.00287464807108
0.000275422870334,0.000275422870334,0.000275422870334,0.000275422870334,0.000275422870334,0.000275422870334,0.000275422870334,0.000275422870334,5,X224 X228,0.986844444444,0.00406436088139,0.986844444444,0.00406436088139
0.000275422870334,0.000275422870334,0.000275422870334,0.000275422870334,0.000275422870334,0.000275422870334,0.000275422870334,0.000275422870334,5,X225 X229,0.986044444444,0.00271187728637,0.986044444444,0.00271187728637
0.000275422870334,0.000275422870334,0.000275422870334,0.000275422870334,0.000275422870334,0.000275422870334,0.000275422870334,0.000275422870334,5,X227 Z230 Y231 Y233 Z234 X236,0.975466666667,0.00429345041605,0.975466666667,0.00429345041605
0.000275422870334,0.000275422870334,0.000275422870334,0.000275422870334,0.000275422870334,0.000275422870334,0.000275422870334,0.000275422870334,5,X228 Z231 Y232 Y234 Z235 X237,0.974711111111,0.00489250997907,0.974711111111,0.00489250997907
0.000275422870334,0.000275422870334,0.000275422870334,0.000275422870334,0.000275422870334,0.000275422870334,0.000275422870334,0.000275422870334,5,X229 Z232 Y235,0.9866,0.00285189995149,0.9866,0.00285189995149
0.000275422870334,0.000275422870334,0.000275422870334,0.000275422870334,0.000275422870334,0.000275422870334,0.000275422870334,0.000275422870334,5,X23 X28,0.984311111111,0.00296458448606,0.984311111111,0.00296458448606
0.000275422870334,0.000275422870334,0.000275422870334,0.000275422870334,0.000275422870334,0.000275422870334,0.000275422870334,0.000275422870334,5,X230 X233,0.986644444444,0.00268661123889,0.986644444444,0.00268661123889
0.000275422870334,0.000275422870334,0.000275422870334,0.000275422870334,0.000275422870334,0.000275422870334,0.000275422870334,0.000275422870334,5,X231 X234,0.987088888889,0.00321625818779,0.987088888889,0.00321625818779
0.000275422870334,0.000275422870334,0.000275422870334,0.000275422870334,0.000275422870334,0.000275422870334,0.000275422870334,0.000275422870334,5,X232 X235,0.989866666667,0.00246601420386,0.989866666667,0.00246601420386
0.000275422870334,0.000275422870334,0.000275422870334,0.000275422870334,0.000275422870334,0.000275422870334,0.000275422870334,0.000275422870334,5,X233 Y236 Z238,0.985577777778,0.00312441054466,0.985577777778,0.00312441054466
0.000275422870334,0.000275422870334,0.000275422870334,0.000275422870334,0.000275422870334,0.000275422870334,0.000275422870334,0.000275422870334,5,X234 Z236 Y237 Y238 Z239 X240,0.975,0.004541000953,0.975,0.004541000953
0.000275422870334,0.000275422870334,0.000275422870334,0.000275422870334,0.000275422870334,0.000275422870334,0.000275422870334,0.000275422870334,5,X236 X238,0.990133333333,0.00274817947403,0.990133333333,0.00274817947403
0.000275422870334,0.000275422870334,0.000275422870334,0.000275422870334,0.000275422870334,0.000275422870334,0.000275422870334,0.000275422870334,5,X237 X239,0.988622222222,0.00258455971385,0.988622222222,0.00258455971385
0.000275422870334,0.000275422870334,0.000275422870334,0.000275422870334,0.000275422870334,0.000275422870334,0.000275422870334,0.000275422870334,5,X239 Z240 Y241,0.987755555556,0.0029373187833,0.987755555556,0.0029373187833
0.000275422870334,0.000275422870334,0.000275422870334,0.000275422870334,0.000275422870334,0.000275422870334,0.000275422870334,0.000275422870334,5,X24 X29,0.984666666667,0.00350587902522,0.984666666667,0.00350587902522
0.000275422870334,0.000275422870334,0.000275422870334,0.000275422870334,0.000275422870334,0.000275422870334,0.000275422870334,0.000275422870334,5,X240 X241,0.9908,0.00233185503253,0.9908,0.00233185503253
0.000275422870334,0.000275422870334,0.000275422870334,0.000275422870334,0.000275422870334,0.000275422870334,0.000275422870334,0.000275422870334,5,X25 Z30 Y31 Y36 Z37 X43,0.970955555556,0.0055823568083,0.970955555556,0.0055823568083
0.000275422870334,0.000275422870334,0.000275422870334,0.000275422870334,0.000275422870334,0.000275422870334,0.000275422870334,0.000275422870334,5,X26 Z31 Y32 Y37 Z38 X44,0.971288888889,0.00477841036532,0.971288888889,0.00477841036532
0.000275422870334,0.000275422870334,0.000275422870334,0.000275422870334,0.000275422870334,0.000275422870334,0.000275422870334,0.000275422870334,5,X27 Z32 Y33 Y38 Z39 X45,0.971844444444,0.00475832268118,0.971844444444,0.00475832268118
0.000275422870334,0.000275422870334,0.000275422870334,0.000275422870334,0.000275422870334,0.000275422870334,0.000275422870334,0.000275422870334,5,X28 Z33 Y34 Y39 Z40 X46,0.970666666667,0.00457211270196,0.970666666667,0.00457211270196
0.000275422870334,0.000275422870334,0.000275422870334,0.000275422870334,0.000275422870334,0.000275422870334,0.000275422870334,0.000275422870334,5,X29 Z34 Y35 Y40 Z41 X47,0.970088888889,0.00478738230917,0.970088888889,0.00478738230917
0.000275422870334,0.000275422870334,0.000275422870334,0.000275422870334,0.000275422870334,0.000275422870334,0.000275422870334,0.000275422870334,5,X3 X5,0.990444444444,0.00225115267764,0.990444444444,0.00225115267764
0.000275422870334,0.000275422870334,0.000275422870334,0.000275422870334,0.000275422870334,0.000275422870334,0.000275422870334,0.000275422870334,5,X30 X36,0.982066666667,0.0037888725969,0.982066666667,0.0037888725969
0.000275422870334,0.000275422870334,0.000275422870334,0.000275422870334,0.000275422870334,0.000275422870334,0.000275422870334,0.000275422870334,5,X31 X37,0.983133333333,0.00365630720475,0.983133333333,0.00365630720475
0.000275422870334,0.000275422870334,0.000275422870334,0.000275422870334,0.000275422870334,0.000275422870334,0.000275422870334,0.000275422870334,5,X32 X38,0.984666666667,0.00299680545112,0.984666666667,0.00299680545112
0.000275422870334,0.000275422870334,0.000275422870334,0.000275422870334,0.000275422870334,0.000275422870334,0.000275422870334,0.000275422870334,5,X33 X39,0.986511111111,0.00221927006973,0.986511111111,0.00221927006973
0.000275422870334,0.000275422870334,0.000275422870334,0.000275422870334,0.000275422870334,0.000275422870334,0.000275422870334,0.000275422870334,5,X34 X40,0.987777777778,0.00355507659609,0.987777777778,0.00355507659609
0.000275422870334,0.000275422870334,0.000275422870334,0.000275422870334,0.000275422870334,0.000275422870334,0.000275422870334,0.000275422870334,5,X35 X41,0.990266666667,0.00231337937614,0.990266666667,0.00231337937614
0.000275422870334,0.000275422870334,0.000275422870334,0.000275422870334,0.000275422870334,0.000275422870334,0.000275422870334,0.000275422870334,5,X36 Z42 Y43 Y49 Z50 X57,0.967622222222,0.00394087853493,0.967622222222,0.00394087853493
0.000275422870334,0.000275422870334,0.000275422870334,0.000275422870334,0.000275422870334,0.000275422870334,0.000275422870334,0.000275422870334,5,X37 Z43 Y44 Y50 Z51 X58,0.966933333333,0.00540072366373,0.966933333333,0.00540072366373
0.000275422870334,0.000275422870334,0.000275422870334,0.000275422870334,0.000275422870334,0.000275422870334,0.000275422870334,0.000275422870334,5,X38 Z44 Y45 Y51 Z52 X59,0.966711111111,0.00438364544436,0.966711111111,0.00438364544436
0.000275422870334,0.000275422870334,0.000275422870334,0.000275422870334,0.000275422870334,0.000275422870334,0.000275422870334,0.000275422870334,5,X39 Z45 Y46 Y52 Z53 X60,0.968133333333,0.00460018323806,0.968133333333,0.00460018323806
0.000275422870334,0.000275422870334,0.000275422870334,0.000275422870334,0.000275422870334,0.000275422870334,0.000275422870334,0.000275422870334,5,X4 Z6 Y7 Y9 Z10 X13,0.972955555556,0.00390572164371,0.972955555556,0.00390572164371
0.000275422870334,0.000275422870334,0.000275422870334,0.000275422870334,0.000275422870334,0.000275422870334,0.000275422870334,0.000275422870334,5,X40 Z46 Y47 Y53 Z54 X61,0.968511111111,0.00440718095086,0.968511111111,0.00440718095086
0.000275422870334,0.000275422870334,0.000275422870334,0.000275422870334,0.000275422870334,0.000275422870334,0.000275422870334,0.000275422870334,5,X41 Z47 Y48 Y54 Z55 X62,0.966111111111,0.00458912034521,0.966111111111,0.00458912034521
0.000275422870334,0.000275422870334,0.000275422870334,0.000275422870334,0.000275422870334,0.000275422870334,0.000275422870334,0.000275422870334,5,X42 X49,0.991088888889,0.00283645309424,0.991088888889,0.00283645309424
0.000275422870334,0.000275422870334,0.000275422870334,0.000275422870334,0.000275422870334,0.000275422870334,0.000275422870334,0.000275422870334,5,X43 X50,0.988066666667,0.00306431694088,0.988066666667,0.00306431694088
0.000275422870334,0.000275422870334,0.000275422870334,0.000275422870334,0.000275422870334,0.000275422870334,0.000275422870334,0.000275422870334,5,X44 X51,0.985688888889,0.0027220306446,0.985688888889,0.0027220306446
0.000275422870334,0.000275422870334,0.000275422870334,0.000275422870334,0.000275422870334,0.000275422870334,0.000275422870334,0.000275422870334,5,X45 X52,0.984333333333,0.00355687236152,0.984333333333,0.00355687236152
0.000275422870334,0.000275422870334,0.000275422870334,0.000275422870334,0.000275422870334,0.000275422870334,0.000275422870334,0.000275422870334,5,X46 X53,0.984155555556,0.00366691047605,0.984155555556,0.00366691047605
0.000275422870334,0.000275422870334,0.000275422870334,0.000275422870334,0.000275422870334,0.000275422870334,0.000275422870334,0.000275422870334,5,X47 X54,0.983422222222,0.00325533259341,0.983422222222,0.00325533259341
0.000275422870334,0.000275422870334,0.000275422870334,0.000275422870334,0.000275422870334,0.000275422870334,0.000275422870334,0.000275422870334,5,X48 X55,0.982155555556,0.00317404866531,0.982155555556,0.00317404866531
0.000275422870334,0.000275422870334,0.000275422870334,0.000275422870334,0.000275422870334,0.000275422870334,0.000275422870334,0.000275422870334,5,X49 Z56 Y57 Y64 Z65 X73,0.967911111111,0.00437594726107,0.967911111111,0.00437594726107
0.000275422870334,0.000275422870334,0.000275422870334,0.000275422870334,0.000275422870334,0.000275422870334,0.000275422870334,0.000275422870334,5,X5 Z7 Y8 Y10 Z11 X14,0.973222222222,0.00441898840154,0.973222222222,0.00441898840154
0.000275422870334,0.000275422870334,0.000275422870334,0.000275422870334,0.000275422870334,0.000275422870334,0.000275422870334,0.000275422870334,5,X50 Z57 Y58 Y65 Z66 X74,0.966488888889,0.00495476343686,0.966488888889,0.00495476343686
0.000275422870334,0.000275422870334,0.000275422870334,0.000275422870334,0.000275422870334,0.000275422870334,0.000275422870334,0.000275422870334,5,X51 Z58 Y59 Y66 Z67 X75,0.965377777778,0.00603167458835,0.965377777778,0.00603167458835
0.000275422870334,0.000275422870334,0.000275422870334,0.000275422870334,0.000275422870334,0.000275422870334,0.000275422870334,0.000275422870334,5,X52 Z59 Y60 Y67 Z68 X76,0.967288888889,0.00457858862737,0.967288888889,0.00457858862737
0.000275422870334,0.000275422870334,0.000275422870334,0.000275422870334,0.000275422870334,0.000275422870334,0.000275422870334,0.000275422870334,5,X53 Z60 Y61 Y68 Z69 X77,0.967333333333,0.00558597038428,0.967333333333,0.00558597038428
0.000275422870334,0.000275422870334,0.000275422870334,0.000275422870334,0.000275422870334,0.000275422870334,0.000275422870334,0.000275422870334,5,X54 Z61 Y62 Y69 Z70 X78,0.967222222222,0.00381199290537,0.967222222222,0.00381199290537
0.000275422870334,0.000275422870334,0.000275422870334,0.000275422870334,0.000275422870334,0.000275422870334,0.000275422870334,0.000275422870334,5,X55 Z62 Y63 Y70 Z71 X79,0.966688888889,0.00412629483528,0.966688888889,0.00412629483528
0.000275422870334,0.000275422870334,0.000275422870334,0.000275422870334,0.000275422870334,0.000275422870334,0.000275422870334,0.000275422870334,5,X56 X64,0.978888888889,0.00294695548246,0.978888888889,0.00294695548246
0.000275422870334,0.000275422870334,0.000275422870334,0.000275422870334,0.000275422870334,0.000275422870334,0.000275422870334,0.000275422870334,5,X57 X65,0.981066666667,0.00379392537246,0.981066666667,0.00379392537246
0.000275422870334,0.000275422870334,0.000275422870334,0.000275422870334,0.000275422870334,0.000275422870334,0.000275422870334,0.000275422870334,5,X58 X66,0.981622222222,0.00353063585314,0.981622222222,0.00353063585314
0.000275422870334,0.000275422870334,0.000275422870334,0.000275422870334,0.000275422870334,0.000275422870334,0.000275422870334,0.000275422870334,5,X59 X67,0.983377777778,0.00297078151067,0.983377777778,0.00297078151067
0.000275422870334,0.000275422870334,0.000275422870334,0.000275422870334,0.000275422870334,0.000275422870334,0.000275422870334,0.000275422870334,5,X6 X9,0.990733333333,0.00253919467126,0.990733333333,0.00253919467126
0.000275422870334,0.000275422870334,0.000275422870334,0.000275422870334,0.000275422870334,0.000275422870334,0.000275422870334,0.000275422870334,5,X60 X68,0.985088888889,0.00303483395158,0.985088888889,0.00303483395158
0.000275422870334,0.000275422870334,0.000275422870334,0.000275422870334,0.000275422870334,0.000275422870334,0.000275422870334,0.000275422870334,5,X61 X69,0.9856,0.00335669971105,0.9856,0.00335669971105
0.000275422870334,0.000275422870334,0.000275422870334,0.000275422870334,0.000275422870334,0.000275422870334,0.000275422870334,0.000275422870334,5,X62 X70,0.987666666667,0.00311589670248,0.987666666667,0.00311589670248
0.000275422870334,0.000275422870334,0.000275422870334,0.000275422870334,0.000275422870334,0.000275422870334,0.000275422870334,0.000275422870334,5,X63 X71,0.990244444444,0.00250964932192,0.990244444444,0.00250964932192
0.000275422870334,0.000275422870334,0.000275422870334,0.000275422870334,0.000275422870334,0.000275422870334,0.000275422870334,0.000275422870334,5,X64 Z72 Y73 Y81 Z82 X91,0.9604,0.00521006982546,0.9604,0.00521006982546
0.000275422870334,0.000275422870334,0.000275422870334,0.000275422870334,0.000275422870334,0.000275422870334,0.000275422870334,0.000275422870334,5,X65 Z73 Y74 Y82 Z83 X92,0.962688888889,0.00363247731489,0.962688888889,0.00363247731489
0.000275422870334,0.000275422870334,0.000275422870334,0.000275422870334,0.000275422870334,0.000275422870334,0.000275422870334,0.000275422870334,5,X66 Z74 Y75 Y83 Z84 X93,0.960688888889,0.00501486933346,0.960688888889,0.00501486933346
0.000275422870334,0.000275422870334,0.000275422870334,0.000275422870334,0.000275422870334,0.000275422870334,0.000275422870334,0.000275422870334,5,X67 Z75 Y76 Y84 Z85 X94,0.961266666667,0.00406969926497,0.961266666667,0.00406969926497
0.000275422870334,0.000275422870334,0.000275422870334,0.000275422870334,0.000275422870334,0.000275422870334,0.000275422870334,0.000275422870334,5,X68 Z76 Y77 Y85 Z86 X95,0.965777777778,0.00532566498525,0.965777777778,0.00532566498525
0.000275422870334,0.000275422870334,0.000275422870334,0.000275422870334,0.000275422870334,0.000275422870334,0.000275422870334,0.000275422870334,5,X69 Z77 Y78 Y86 Z87 X96,0.965288888889,0.00525498000137,0.965288888889,0.00525498000137
0.000275422870334,0.000275422870334,0.000275422870334,0.000275422870334,0.000275422870334,0.000275422870334,0.000275422870334,0.000275422870334,5,X7 X10,0.988155555556,0.00294357321022,0.988155555556,0.00294357321022
0.000275422870334,0.000275422870334,0.000275422870334,0.000275422870334,0.000275422870334,0.000275422870334,0.000275422870334,0.000275422870334,5,X70 Z78 Y79 Y87 Z88 X97,0.964288888889,0.0048254857682,0.964288888889,0.0048254857682
0.000275422870334,0.000275422870334,0.000275422870334,0.000275422870334,0.000275422870334,0.000275422870334,0.000275422870334,0.000275422870334,5,X71 Z79 Y80 Y88 Z89 X98,0.964066666667,0.00523867141181,0.964066666667,0.00523867141181
0.000275422870334,0.000275422870334,0.000275422870334,0.000275422870334,0.000275422870334,0.000275422870334,0.000275422870334,0.000275422870334,5,X72 X81,0.991244444444,0.00238599575321,0.991244444444,0.00238599575321
0.000275422870334,0.000275422870334,0.000275422870334,0.000275422870334,0.000275422870334,0.000275422870334,0.000275422870334,0.000275422870334,5,X73 X82,0.988511111111,0.00272174911832,0.988511111111,0.00272174911832
0.000275422870334,0.000275422870334,0.000275422870334,0.000275422870334,0.000275422870334,0.000275422870334,0.000275422870334,0.000275422870334,5,X74 X83,0.986955555556,0.00309087562558,0.986955555556,0.00309087562558
0.000275422870334,0.000275422870334,0.000275422870334,0.000275422870334,0.000275422870334,0.000275422870334,0.000275422870334,0.000275422870334,5,X75 X84,0.984933333333,0.00310036458121,0.984933333333,0.00310036458121
0.000275422870334,0.000275422870334,0.000275422870334,0.000275422870334,0.000275422870334,0.000275422870334,0.000275422870334,0.000275422870334,5,X76 X85,0.982444444444,0.00385695702553,0.982444444444,0.00385695702553
0.000275422870334,0.000275422870334,0.000275422870334,0.000275422870334,0.000275422870334,0.000275422870334,0.000275422870334,0.000275422870334,5,X77 X86,0.980844444444,0.00370123033633,0.980844444444,0.00370123033633
0.000275422870334,0.000275422870334,0.000275422870334,0.000275422870334,0.000275422870334,0.000275422870334,0.000275422870334,0.000275422870334,5,X78 X87,0.979466666667,0.00388493504534,0.979466666667,0.00388493504534
0.000275422870334,0.000275422870334,0.000275422870334,0.000275422870334,0.000275422870334,0.000275422870334,0.000275422870334,0.000275422870334,5,X79 X88,0.9796,0.00305053226936,0.9796,0.00305053226936
0.000275422870334,0.000275422870334,0.000275422870334,0.000275422870334,0.000275422870334,0.000275422870334,0.000275422870334,0.000275422870334,5,X8 X11,0.988688888889,0.00247273768788,0.988688888889,0.00247273768788
0.000275422870334,0.000275422870334,0.000275422870334,0.000275422870334,0.000275422870334,0.000275422870334,0.000275422870334,0.000275422870334,5,X80 X89,0.977177777778,0.00337982897993,0.977177777778,0.00337982897993
0.000275422870334,0.000275422870334,0.000275422870334,0.000275422870334,0.000275422870334,0.000275422870334,0.000275422870334,0.000275422870334,5,X81 Z90 Y91 Y100 Z101 X111,0.956733333333,0.00494056630381,0.956733333333,0.00494056630381
0.000275422870334,0.000275422870334,0.000275422870334,0.000275422870334,0.000275422870334,0.000275422870334,0.000275422870334,0.000275422870334,5,X82 Z91 Y92 Y101 Z102 X112,0.9588,0.00587324604943,0.9588,0.00587324604943
0.000275422870334,0.000275422870334,0.000275422870334,0.000275422870334,0.000275422870334,0.000275422870334,0.000275422870334,0.000275422870334,5,X83 Z92 Y93 Y102 Z103 X113,0.9586,0.00412208331808,0.9586,0.00412208331808
0.000275422870334,0.000275422870334,0.000275422870334,0.000275422870334,0.000275422870334,0.000275422870334,0.000275422870334,0.000275422870334,5,X84 Z93 Y94 Y103 Z104 X114,0.960666666667,0.00449776445109,0.960666666667,0.00449776445109
0.000275422870334,0.000275422870334,0.000275422870334,0.000275422870334,0.000275422870334,0.000275422870334,0.000275422870334,0.000275422870334,5,X85 Z94 Y95 Y104 Z105 X115,0.961333333333,0.00547792504834,0.961333333333,0.00547792504834
0.000275422870334,0.000275422870334,0.000275422870334,0.000275422870334,0.000275422870334,0.000275422870334,0.000275422870334,0.000275422870334,5,X86 Z95 Y96 Y105 Z106 X116,0.962933333333,0.00637908459785,0.962933333333,0.00637908459785
0.000275422870334,0.000275422870334,0.000275422870334,0.000275422870334,0.000275422870334,0.000275422870334,0.000275422870334,0.000275422870334,5,X87 Z96 Y97 Y106 Z107 X117,0.963377777778,0.00554447938011,0.963377777778,0.00554447938011
0.000275422870334,0.000275422870334,0.000275422870334,0.000275422870334,0.000275422870334,0.000275422870334,0.000275422870334,0.000275422870334,5,X88 Z97 Y98 Y107 Z108 X118,0.965444444444,0.00407997946555,0.965444444444,0.00407997946555
0.000275422870334,0.000275422870334,0.000275422870334,0.000275422870334,0.000275422870334,0.000275422870334,0.000275422870334,0.000275422870334,5,X89 Z98 Y99 Y108 Z109 X119,0.963044444444,0.00434060692239,0.963044444444,0.00434060692239
0.000275422870334,0.000275422870334,0.000275422870334,0.000275422870334,0.000275422870334,0.000275422870334,0.000275422870334,0.000275422870334,5,X9 Z12 Y13 Y16 Z17 X21,0.973511111111,0.00450774840222,0.973511111111,0.00450774840222
0.000275422870334,0.000275422870334,0.000275422870334,0.000275422870334,0.000275422870334,0.000275422870334,0.000275422870334,0.000275422870334,5,X90 X100,0.975288888889,0.00338096240275,0.975288888889,0.00338096240275
0.000275422870334,0.000275422870334,0.000275422870334,0.000275422870334,0.000275422870334,0.000275422870334,0.000275422870334,0.000275422870334,5,X91 X101,0.974911111111,0.00511472469294,0.974911111111,0.00511472469294
0.000275422870334,0.000275422870334,0.000275422870334,0.000275422870334,0.000275422870334,0.000275422870334,0.000275422870334,0.000275422870334,5,X92 X102,0.974088888889,0.00421540082161,0.974088888889,0.00421540082161
0.000275422870334,0.000275422870334,0.000275422870334,0.000275422870334,0.000275422870334,0.000275422870334,0.000275422870334,0.000275422870334,5,X93 X103,0.976777777778,0.00395020086141,0.976777777778,0.00395020086141
0.000275422870334,0.000275422870334,0.000275422870334,0.000275422870334,0.000275422870334,0.000275422870334,0.000275422870334,0.000275422870334,5,X94 X104,0.9774,0.00425742533676,0.9774,0.00425742533676
0.000275422870334,0.000275422870334,0.000275422870334,0.000275422870334,0.000275422870334,0.000275422870334,0.000275422870334,0.000275422870334,5,X95 X105,0.983222222222,0.00275755087813,0.983222222222,0.00275755087813
0.000275422870334,0.000275422870334,0.000275422870334,0.000275422870334,0.000275422870334,0.000275422870334,0.000275422870334,0.000275422870334,5,X96 X106,0.984288888889,0.00337074787719,0.984288888889,0.00337074787719
0.000275422870334,0.000275422870334,0.000275422870334,0.000275422870334,0.000275422870334,0.000275422870334,0.000275422870334,0.000275422870334,5,X97 X107,0.985444444444,0.00336801877177,0.985444444444,0.00336801877177
0.000275422870334,0.000275422870334,0.000275422870334,0.000275422870334,0.000275422870334,0.000275422870334,0.000275422870334,0.000275422870334,5,X98 X108,0.987511111111,0.00325156411915,0.987511111111,0.00325156411915
0.000275422870334,0.000275422870334,0.000275422870334,0.000275422870334,0.000275422870334,0.000275422870334,0.000275422870334,0.000275422870334,5,X99 X109,0.989533333333,0.00266752859633,0.989533333333,0.00266752859633
0.000275422870334,0.000275422870334,0.000275422870334,0.000275422870334,0.000275422870334,0.000275422870334,0.000275422870334,0.000275422870334,5,Y0 Z1 X2,0.985577777778,0.00338345459647,0.985577777778,0.00338345459647
0.000275422870334,0.000275422870334,0.000275422870334,0.000275422870334,0.000275422870334,0.000275422870334,0.000275422870334,0.000275422870334,5,Y20 Z25 X30,0.979155555556,0.00494547537576,0.979155555556,0.00494547537576
0.000275422870334,0.000275422870334,0.000275422870334,0.000275422870334,0.000275422870334,0.000275422870334,0.000275422870334,0.000275422870334,5,Y42 Z49 X56,0.975533333333,0.00352832001746,0.975533333333,0.00352832001746
0.000275422870334,0.000275422870334,0.000275422870334,0.000275422870334,0.000275422870334,0.000275422870334,0.000275422870334,0.000275422870334,5,Y6 Z9 X12,0.981155555556,0.00428105810437,0.981155555556,0.00428105810437
0.000275422870334,0.000275422870334,0.000275422870334,0.000275422870334,0.000275422870334,0.000275422870334,0.000275422870334,0.000275422870334,5,Y72 Z81 X90,0.970244444444,0.00377725937394,0.970244444444,0.00377725937394
0.000275422870334,0.000275422870334,0.000275422870334,0.000275422870334,0.000275422870334,0.000275422870334,0.000275422870334,0.000275422870334,5,Z15 Y19 X24,0.9854,0.0028839627909,0.9854,0.0028839627909
0.000275422870334,0.000275422870334,0.000275422870334,0.000275422870334,0.000275422870334,0.000275422870334,0.000275422870334,0.000275422870334,5,Z3 Y5 X8,0.986,0.00392262325238,0.986,0.00392262325238
0.000275422870334,0.000275422870334,0.000275422870334,0.000275422870334,0.000275422870334,0.000275422870334,0.000275422870334,0.000275422870334,5,Z35 Y41 X48,0.986,0.00310234122443,0.986,0.00310234122443
0.000275422870334,0.000275422870334,0.000275422870334,0.000275422870334,0.000275422870334,0.000275422870334,0.000275422870334,0.000275422870334,5,Z63 Y71 X80,0.985755555556,0.00291111403586,0.985755555556,0.00291111403586
0.000275422870334,0.000275422870334,0.000275422870334,0.000275422870334,0.000275422870334,0.000275422870334,0.000275422870334,0.000275422870334,5,Z99 Y109 X120,0.986644444444,0.00330555475064,0.986644444444,0.00330555475064
0.000275422870334,0.000275422870334,0.000275422870334,0.000275422870334,0.000275422870334,0.000275422870334,0.000275422870334,0.000275422870334,10,Logical X,0.952244444444,0.00415590180294,0.952155555556,0.00547703903375
0.000275422870334,0.000275422870334,0.000275422870334,0.000275422870334,0.000275422870334,0.000275422870334,0.000275422870334,0.000275422870334,10,Logical Y,0.0132444444444,0.00953434338084,0.00535555555556,0.0174166726246
0.000275422870334,0.000275422870334,0.000275422870334,0.000275422870334,0.000275422870334,0.000275422870334,0.000275422870334,0.000275422870334,10,Logical Z,0.00966666666667,0.00671648055987,0.00193333333333,0.0214131767361
0.000275422870334,0.000275422870334,0.000275422870334,0.000275422870334,0.000275422870334,0.000275422870334,0.000275422870334,0.000275422870334,10,X0 X1,0.991444444444,0.0026031712657,0.991444444444,0.0026031712657
0.000275422870334,0.000275422870334,0.000275422870334,0.000275422870334,0.000275422870334,0.000275422870334,0.000275422870334,0.000275422870334,10,X1 Z2 Y3 Y4 Z5 X7,0.976466666667,0.00363107068638,0.976466666667,0.00363107068638
0.000275422870334,0.000275422870334,0.000275422870334,0.000275422870334,0.000275422870334,0.000275422870334,0.000275422870334,0.000275422870334,10,X10 Z13 Y14 Y17 Z18 X22,0.972666666667,0.00475289788594,0.972666666667,0.00475289788594
0.000275422870334,0.000275422870334,0.000275422870334,0.000275422870334,0.000275422870334,0.000275422870334,0.000275422870334,0.000275422870334,10,X100 Z110 Y111 Y121 Z122 X132,0.971911111111,0.00377827357576,0.971911111111,0.00377827357576
0.000275422870334,0.000275422870334,0.000275422870334,0.000275422870334,0.000275422870334,0.000275422870334,0.000275422870334,0.000275422870334,10,X101 Z111 Y112 Y122 Z123 X133,0.969933333333,0.00377671835494,0.969933333333,0.00377671835494
0.000275422870334,0.000275422870334,0.000275422870334,0.000275422870334,0.000275422870334,0.000275422870334,0.000275422870334,0.000275422870334,10,X102 Z112 Y113 Y123 Z124 X134,0.971088888889,0.00523906146236,0.971088888889,0.00523906146236
0.000275422870334,0.000275422870334,0.000275422870334,0.000275422870334,0.000275422870334,0.000275422870334,0.000275422870334,0.000275422870334,10,X103 Z113 Y114 Y124 Z125 X135,0.971044444444,0.00515709780077,0.971044444444,0.00515709780077
0.000275422870334,0.000275422870334,0.000275422870334,0.000275422870334,0.000275422870334,0.000275422870334,0.000275422870334,0.000275422870334,10,X104 Z114 Y115 Y125 Z126 X136,0.9672,0.00390460971308,0.9672,0.00390460971308
0.000275422870334,0.000275422870334,0.000275422870334,0.000275422870334,0.000275422870334,0.000275422870334,0.000275422870334,0.000275422870334,10,X105 Z115 Y116 Y126 Z127 X137,0.968444444444,0.0046232241767,0.968444444444,0.0046232241767
0.000275422870334,0.000275422870334,0.000275422870334,0.000275422870334,0.000275422870334,0.000275422870334,0.000275422870334,0.000275422870334,10,X106 Z116 Y117 Y127 Z128 X138,0.975644444444,0.004389933917,0.975644444444,0.004389933917
0.000275422870334,0.000275422870334,0.000275422870334,0.000275422870334,0.000275422870334,0.000275422870334,0.000275422870334,0.000275422870334,10,X107 Z117 Y118 Y128 Z129 X139,0.971977777778,0.00509370683271,0.971977777778,0.00509370683271
0.000275422870334,0.000275422870334,0.000275422870334,0.000275422870334,0.000275422870334,0.000275422870334,0.000275422870334,0.000275422870334,10,X108 Z118 Y119 Y129 Z130 X140,0.968377777778,0.00495708273291,0.968377777778,0.00495708273291
0.000275422870334,0.000275422870334,0.000275422870334,0.000275422870334,0.000275422870334,0.000275422870334,0.000275422870334,0.000275422870334,10,X109 Z119 Y120 Y130 Z131 X141,0.966755555556,0.00394107297498,0.966755555556,0.00394107297498
0.000275422870334,0.000275422870334,0.000275422870334,0.000275422870334,0.000275422870334,0.000275422870334,0.000275422870334,0.000275422870334,10,X11 Z14 Y15 Y18 Z19 X23,0.972377777778,0.0042837421723,0.972377777778,0.0042837421723
0.000275422870334,0.000275422870334,0.000275422870334,0.000275422870334,0.000275422870334,0.000275422870334,0.000275422870334,0.000275422870334,10,X110 X121,0.983555555556,0.00231161208835,0.983555555556,0.00231161208835
0.000275422870334,0.000275422870334,0.000275422870334,0.000275422870334,0.000275422870334,0.000275422870334,0.000275422870334,0.000275422870334,10,X111 X122,0.984511111111,0.00280493999544,0.984511111111,0.00280493999544
0.000275422870334,0.000275422870334,0.000275422870334,0.000275422870334,0.000275422870334,0.000275422870334,0.000275422870334,0.000275422870334,10,X112 X123,0.985177777778,0.00307596458202,0.985177777778,0.00307596458202
0.000275422870334,0.000275422870334,0.000275422870334,0.000275422870334,0.000275422870334,0.000275422870334,0.000275422870334,0.000275422870334,10,X113 X124,0.985755555556,0.0031779090614,0.985755555556,0.0031779090614
0.000275422870334,0.000275422870334,0.000275422870334,0.000275422870334,0.000275422870334,0.000275422870334,0.000275422870334,0.000275422870334,10,X114 X125,0.987222222222,0.00248879994368,0.987222222222,0.00248879994368
0.000275422870334,0.000275422870334,0.000275422870334,0.000275422870334,0.000275422870334,0.000275422870334,0.000275422870334,0.000275422870334,10,X115 X126,0.983422222222,0.00291242987298,0.983422222222,0.00291242987298
0.000275422870334,0.000275422870334,0.000275422870334,0.000275422870334,0.000275422870334,0.000275422870334,0.000275422870334,0.000275422870334,10,X116 X127,0.987888888889,0.00256162863265,0.987888888889,0.00256162863265
0.000275422870334,0.000275422870334,0.000275422870334,0.000275422870334,0.000275422870334,0.000275422870334,0.000275422870334,0.000275422870334,10,X117 X128,0.988511111111,0.00295915144373,0.988511111111,0.00295915144373
0.000275422870334,0.000275422870334,0.000275422870334,0.000275422870334,0.000275422870334,0.000275422870334,0.000275422870334,0.000275422870334,10,X118 X129,0.982488888889,0.00291348211479,0.982488888889,0.00291348211479
0.000275422870334,0.000275422870334,0.000275422870334,0.000275422870334,0.000275422870334,0.000275422870334,0.000275422870334,0.000275422870334,10,X119 X130,0.980777777778,0.00344450624095,0.980777777778,0.00344450624095
0.000275422870334,0.000275422870334,0.000275422870334,0.000275422870334,0.000275422870334,0.000275422870334,0.000275422870334,0.000275422870334,10,X12 X16,0.984977777778,0.00316945833792,0.984977777778,0.00316945833792
0.000275422870334,0.000275422870334,0.000275422870334,0.000275422870334,0.000275422870334,0.000275422870334,0.000275422870334,0.000275422870334,10,X120 X131,0.979755555556,0.00404754628223,0.979755555556,0.00404754628223
0.000275422870334,0.000275422870334,0.000275422870334,0.000275422870334,0.000275422870334,0.000275422870334,0.000275422870334,0.000275422870334,10,X121 Y132 Z142,0.985044444444,0.00282671076377,0.985044444444,0.00282671076377
0.000275422870334,0.000275422870334,0.000275422870334,0.000275422870334,0.000275422870334,0.000275422870334,0.000275422870334,0.000275422870334,10,X122 Z132 Y133 Y142 Z143 X152,0.968044444444,0.00452471572176,0.968044444444,0.00452471572176
0.000275422870334,0.000275422870334,0.000275422870334,0.000275422870334,0.000275422870334,0.000275422870334,0.000275422870334,0.000275422870334,10,X123 Z133 Y134 Y143 Z144 X153,0.966266666667,0.00498457390471,0.966266666667,0.00498457390471
0.000275422870334,0.000275422870334,0.000275422870334,0.000275422870334,0.000275422870334,0.000275422870334,0.000275422870334,0.000275422870334,10,X124 Z134 Y135 Y144 Z145 X154,0.965933333333,0.00415909657152,0.965933333333,0.00415909657152
0.000275422870334,0.000275422870334,0.000275422870334,0.000275422870334,0.000275422870334,0.000275422870334,0.000275422870334,0.000275422870334,10,X125 Z135 Y136 Y145 Z146 X155,0.966066666667,0.00354651628754,0.966066666667,0.00354651628754
0.000275422870334,0.000275422870334,0.000275422870334,0.000275422870334,0.000275422870334,0.000275422870334,0.000275422870334,0.000275422870334,10,X126 Z136 Y137 Y146 Z147 X156,0.9666,0.00514718239331,0.9666,0.00514718239331
0.000275422870334,0.000275422870334,0.000275422870334,0.000275422870334,0.000275422870334,0.000275422870334,0.000275422870334,0.000275422870334,10,X127 Z137 Y138 Y147 Z148 X157,0.976911111111,0.00390885950514,0.976911111111,0.00390885950514
0.000275422870334,0.000275422870334,0.000275422870334,0.000275422870334,0.000275422870334,0.000275422870334,0.000275422870334,0.000275422870334,10,X128 Z138 Y139 Y148 Z149 X158,0.965711111111,0.005294928777,0.965711111111,0.005294928777
0.000275422870334,0.000275422870334,0.000275422870334,0.000275422870334,0.000275422870334,0.000275422870334,0.000275422870334,0.000275422870334,10,X129 Z139 Y140 Y149 Z150 X159,0.952733333333,0.0055869305619,0.952733333333,0.0055869305619
0.000275422870334,0.000275422870334,0.000275422870334,0.000275422870334,0.000275422870334,0.000275422870334,0.000275422870334,0.000275422870334,10,X13 X17,0.986355555556,0.00232746936938,0.986355555556,0.00232746936938
0.000275422870334,0.000275422870334,0.000275422870334,0.000275422870334,0.000275422870334,0.000275422870334,0.000275422870334,0.000275422870334,10,X130 Z140 Y141 Y150 Z151 X160,0.964311111111,0.00508542604998,0.964311111111,0.00508542604998
0.000275422870334,0.000275422870334,0.000275422870334,0.000275422870334,0.000275422870334,0.000275422870334,0.000275422870334,0.000275422870334,10,X132 X142,0.990444444444,0.00286788711435,0.990444444444,0.00286788711435
0.000275422870334,0.000275422870334,0.000275422870334,0.000275422870334,0.000275422870334,0.000275422870334,0.000275422870334,0.000275422870334,10,X133 X143,0.9884,0.00331072794718,0.9884,0.00331072794718
0.000275422870334,0.000275422870334,0.000275422870334,0.000275422870334,0.000275422870334,0.000275422870334,0.000275422870334,0.000275422870334,10,X134 X144,0.986288888889,0.00252304828912,0.986288888889,0.00252304828912
0.000275422870334,0.000275422870334,0.000275422870334,0.000275422870334,0.000275422870334,0.000275422870334,0.000275422870334,0.000275422870334,10,X135 X145,0.984866666667,0.00312277507002,0.984866666667,0.00312277507002
0.000275422870334,0.000275422870334,0.000275422870334,0.000275422870334,0.000275422870334,0.000275422870334,0.000275422870334,0.000275422870334,10,X136 X146,0.984088888889,0.00304617508212,0.984088888889,0.00304617508212
0.000275422870334,0.000275422870334,0.000275422870334,0.000275422870334,0.000275422870334,0.000275422870334,0.000275422870334,0.000275422870334,10,X137 X147,0.984733333333,0.00271987153179,0.984733333333,0.00271987153179
0.000275422870334,0.000275422870334,0.000275422870334,0.000275422870334,0.000275422870334,0.000275422870334,0.000275422870334,0.000275422870334,10,X138 X148,0.982733333333,0.0039898338244,0.982733333333,0.0039898338244
0.000275422870334,0.000275422870334,0.000275422870334,0.000275422870334,0.000275422870334,0.000275422870334,0.000275422870334,0.000275422870334,10,X139 X149,0.979222222222,0.00378374556804,0.979222222222,0.00378374556804
0.000275422870334,0.000275422870334,0.000275422870334,0.000275422870334,0.000275422870334,0.000275422870334,0.000275422870334,0.000275422870334,10,X14 X18,0.988266666667,0.00269297368715,0.988266666667,0.00269297368715
0.000275422870334,0.000275422870334,0.000275422870334,0.000275422870334,0.000275422870334,0.000275422870334,0.000275422870334,0.000275422870334,10,X140 X150,0.986711111111,0.00296561822276,0.986711111111,0.00296561822276
0.000275422870334,0.000275422870334,0.000275422870334,0.000275422870334,0.000275422870334,0.000275422870334,0.000275422870334,0.000275422870334,10,X141 X151,0.990688888889,0.00218306497137,0.990688888889,0.00218306497137
0.000275422870334,0.000275422870334,0.000275422870334,0.000275422870334,0.000275422870334,0.000275422870334,0.000275422870334,0.000275422870334,10,X143 Z152 Y153 Y161 Z162 X170,0.970444444444,0.00465296291163,0.970444444444,0.00465296291163
0.000275422870334,0.000275422870334,0.000275422870334,0.000275422870334,0.000275422870334,0.000275422870334,0.000275422870334,0.000275422870334,10,X144 Z153 Y154 Y162 Z163 X171,0.969111111111,0.00458661498679,0.969111111111,0.00458661498679
0.000275422870334,0.000275422870334,0.000275422870334,0.000275422870334,0.000275422870334,0.000275422870334,0.000275422870334,0.000275422870334,10,X145 Z154 Y155 Y163 Z164 X172,0.969866666667,0.00485940254594,0.969866666667,0.00485940254594
0.000275422870334,0.000275422870334,0.000275422870334,0.000275422870334,0.000275422870334,0.000275422870334,0.000275422870334,0.000275422870334,10,X146 Z155 Y156 Y164 Z165 X173,0.969755555556,0.00408898467321,0.969755555556,0.00408898467321
0.000275422870334,0.000275422870334,0.000275422870334,0.000275422870334,0.000275422870334,0.000275422870334,0.000275422870334,0.000275422870334,10,X147 Z156 Y157 Y165 Z166 X174,0.968044444444,0.00419791348768,0.968044444444,0.00419791348768
0.000275422870334,0.000275422870334,0.000275422870334,0.000275422870334,0.000275422870334,0.000275422870334,0.000275422870334,0.000275422870334,10,X148 Z157 Y158 Y166 Z167 X175,0.962488888889,0.00472357204057,0.962488888889,0.00472357204057
0.000275422870334,0.000275422870334,0.000275422870334,0.000275422870334,0.000275422870334,0.000275422870334,0.000275422870334,0.000275422870334,10,X149 Z158 Y159 Y167 Z168 X176,0.947311111111,0.0087335760839,0.947311111111,0.0087335760839
0.000275422870334,0.000275422870334,0.000275422870334,0.000275422870334,0.000275422870334,0.000275422870334,0.000275422870334,0.000275422870334,10,X15 X19,0.989933333333,0.00260474074132,0.989933333333,0.00260474074132
0.000275422870334,0.000275422870334,0.000275422870334,0.000275422870334,0.000275422870334,0.000275422870334,0.000275422870334,0.000275422870334,10,X150 Z159 Y160 Y168 Z169 X177,0.963933333333,0.00354219232069,0.963933333333,0.00354219232069
0.000275422870334,0.000275422870334,0.000275422870334,0.000275422870334,0.000275422870334,0.000275422870334,0.000275422870334,0.000275422870334,10,X151 Z160 Y169,0.985733333333,0.00293792743691,0.985733333333,0.00293792743691
0.000275422870334,0.000275422870334,0.000275422870334,0.000275422870334,0.000275422870334,0.000275422870334,0.000275422870334,0.000275422870334,10,X152 X161,0.980822222222,0.00343381129731,0.980822222222,0.00343381129731
0.000275422870334,0.000275422870334,0.000275422870334,0.000275422870334,0.000275422870334,0.000275422870334,0.000275422870334,0.000275422870334,10,X153 X162,0.982311111111,0.00367963571966,0.982311111111,0.00367963571966
0.000275422870334,0.000275422870334,0.000275422870334,0.000275422870334,0.000275422870334,0.000275422870334,0.000275422870334,0.000275422870334,10,X154 X163,0.982577777778,0.00385854610355,0.982577777778,0.00385854610355
0.000275422870334,0.000275422870334,0.000275422870334,0.000275422870334,0.000275422870334,0.000275422870334,0.000275422870334,0.000275422870334,10,X155 X164,0.987133333333,0.00356289950371,0.987133333333,0.00356289950371
0.000275422870334,0.000275422870334,0.000275422870334,0.000275422870334,0.000275422870334,0.000275422870334,0.000275422870334,0.000275422870334,10,X156 X165,0.987444444444,0.00311753578555,0.987444444444,0.00311753578555
0.000275422870334,0.000275422870334,0.000275422870334,0.000275422870334,0.000275422870334,0.000275422870334,0.000275422870334,0.000275422870334,10,X157 X166,0.989066666667,0.0028958948352,0.989066666667,0.0028958948352
0.000275422870334,0.000275422870334,0.000275422870334,0.000275422870334,0.000275422870334,0.000275422870334,0.000275422870334,0.000275422870334,10,X158 X167,0.989644444444,0.00244312050528,0.989644444444,0.00244312050528
0.000275422870334,0.000275422870334,0.000275422870334,0.000275422870334,0.000275422870334,0.000275422870334,0.000275422870334,0.000275422870334,10,X159 X168,0.970666666667,0.00496732619242,0.970666666667,0.00496732619242
0.000275422870334,0.000275422870334,0.000275422870334,0.000275422870334,0.000275422870334,0.000275422870334,0.000275422870334,0.000275422870334,10,X16 Z20 Y21 Y25 Z26 X31,0.969866666667,0.00474450680552,0.969866666667,0.00474450680552
0.000275422870334,0.000275422870334,0.000275422870334,0.000275422870334,0.000275422870334,0.000275422870334,0.000275422870334,0.000275422870334,10,X160 X169,0.989222222222,0.00249495020003,0.989222222222,0.00249495020003
0.000275422870334,0.000275422870334,0.000275422870334,0.000275422870334,0.000275422870334,0.000275422870334,0.000275422870334,0.000275422870334,10,X161 Y170 Z178,0.986222222222,0.00324401403748,0.986222222222,0.00324401403748
0.000275422870334,0.000275422870334,0.000275422870334,0.000275422870334,0.000275422870334,0.000275422870334,0.000275422870334,0.000275422870334,10,X162 Z170 Y171 Y178 Z179 X186,0.968533333333,0.00386516022974,0.968533333333,0.00386516022974
0.000275422870334,0.000275422870334,0.000275422870334,0.000275422870334,0.000275422870334,0.000275422870334,0.000275422870334,0.000275422870334,10,X163 Z171 Y172 Y179 Z180 X187,0.965577777778,0.00375283630499,0.965577777778,0.00375283630499
0.000275422870334,0.000275422870334,0.000275422870334,0.000275422870334,0.000275422870334,0.000275422870334,0.000275422870334,0.000275422870334,10,X164 Z172 Y173 Y180 Z181 X188,0.965466666667,0.00461016700855,0.965466666667,0.00461016700855
0.000275422870334,0.000275422870334,0.000275422870334,0.000275422870334,0.000275422870334,0.000275422870334,0.000275422870334,0.000275422870334,10,X165 Z173 Y174 Y181 Z182 X189,0.965911111111,0.00462786275352,0.965911111111,0.00462786275352
0.000275422870334,0.000275422870334,0.000275422870334,0.000275422870334,0.000275422870334,0.000275422870334,0.000275422870334,0.000275422870334,10,X166 Z174 Y175 Y182 Z183 X190,0.963955555556,0.00496403411936,0.963955555556,0.00496403411936
0.000275422870334,0.000275422870334,0.000275422870334,0.000275422870334,0.000275422870334,0.000275422870334,0.000275422870334,0.000275422870334,10,X167 Z175 Y176 Y183 Z184 X191,0.965133333333,0.00442615008757,0.965133333333,0.00442615008757
0.000275422870334,0.000275422870334,0.000275422870334,0.000275422870334,0.000275422870334,0.000275422870334,0.000275422870334,0.000275422870334,10,X168 Z176 Y177 Y184 Z185 X192,0.968533333333,0.00447179324946,0.968533333333,0.00447179324946
0.000275422870334,0.000275422870334,0.000275422870334,0.000275422870334,0.000275422870334,0.000275422870334,0.000275422870334,0.000275422870334,10,X17 Z21 Y22 Y26 Z27 X32,0.969711111111,0.00495399009688,0.969711111111,0.00495399009688
0.000275422870334,0.000275422870334,0.000275422870334,0.000275422870334,0.000275422870334,0.000275422870334,0.000275422870334,0.000275422870334,10,X170 X178,0.990177777778,0.00232878593554,0.990177777778,0.00232878593554
0.000275422870334,0.000275422870334,0.000275422870334,0.000275422870334,0.000275422870334,0.000275422870334,0.000275422870334,0.000275422870334,10,X171 X179,0.988044444444,0.00248170830629,0.988044444444,0.00248170830629
0.000275422870334,0.000275422870334,0.000275422870334,0.000275422870334,0.000275422870334,0.000275422870334,0.000275422870334,0.000275422870334,10,X172 X180,0.986022222222,0.00348167984001,0.986022222222,0.00348167984001
0.000275422870334,0.000275422870334,0.000275422870334,0.000275422870334,0.000275422870334,0.000275422870334,0.000275422870334,0.000275422870334,10,X173 X181,0.985111111111,0.00358512607743,0.985111111111,0.00358512607743
0.000275422870334,0.000275422870334,0.000275422870334,0.000275422870334,0.000275422870334,0.000275422870334,0.000275422870334,0.000275422870334,10,X174 X182,0.982466666667,0.00356289950371,0.982466666667,0.00356289950371
0.000275422870334,0.000275422870334,0.000275422870334,0.000275422870334,0.000275422870334,0.000275422870334,0.000275422870334,0.000275422870334,10,X175 X183,0.981155555556,0.00308715461665,0.981155555556,0.00308715461665
0.000275422870334,0.000275422870334,0.000275422870334,0.000275422870334,0.000275422870334,0.000275422870334,0.000275422870334,0.000275422870334,10,X176 X184,0.979177777778,0.00398342671302,0.979177777778,0.00398342671302
0.000275422870334,0.000275422870334,0.000275422870334,0.000275422870334,0.000275422870334,0.000275422870334,0.000275422870334,0.000275422870334,10,X177 X185,0.970688888889,0.00427944685556,0.970688888889,0.00427944685556
0.000275422870334,0.000275422870334,0.000275422870334,0.000275422870334,0.000275422870334,0.000275422870334,0.000275422870334,0.000275422870334,10,X179 Z186 Y187 Y193 Z194 X200,0.9706,0.00411091435793,0.9706,0.00411091435793
0.000275422870334,0.000275422870334,0.000275422870334,0.000275422870334,0.000275422870334,0.000275422870334,0.000275422870334,0.000275422870334,10,X18 Z22 Y23 Y27 Z28 X33,0.972333333333,0.00486680837457,0.972333333333,0.00486680837457
0.000275422870334,0.000275422870334,0.000275422870334,0.000275422870334,0.000275422870334,0.000275422870334,0.000275422870334,0.000275422870334,10,X180 Z187 Y188 Y194 Z195 X201,0.968022222222,0.00511472469294,0.968022222222,0.00511472469294
0.000275422870334,0.000275422870334,0.000275422870334,0.000275422870334,0.000275422870334,0.000275422870334,0.000275422870334,0.000275422870334,10,X181 Z188 Y189 Y195 Z196 X202,0.968377777778,0.00383444095276,0.968377777778,0.00383444095276
0.000275422870334,0.000275422870334,0.000275422870334,0.000275422870334,0.000275422870334,0.000275422870334,0.000275422870334,0.000275422870334,10,X182 Z189 Y190 Y196 Z197 X203,0.968533333333,0.00412226921104,0.968533333333,0.00412226921104
0.000275422870334,0.000275422870334,0.000275422870334,0.000275422870334,0.000275422870334,0.000275422870334,0.000275422870334,0.000275422870334,10,X183 Z190 Y191 Y197 Z198 X204,0.968577777778,0.00399130600519,0.968577777778,0.00399130600519
0.000275422870334,0.000275422870334,0.000275422870334,0.000275422870334,0.000275422870334,0.000275422870334,0.000275422870334,0.000275422870334,10,X184 Z191 Y192 Y198 Z199 X205,0.968755555556,0.0038862497887,0.968755555556,0.0038862497887
0.000275422870334,0.000275422870334,0.000275422870334,0.000275422870334,0.000275422870334,0.000275422870334,0.000275422870334,0.000275422870334,10,X185 Z192 Y199,0.966888888889,0.00524447042009,0.966888888889,0.00524447042009
0.000275422870334,0.000275422870334,0.000275422870334,0.000275422870334,0.000275422870334,0.000275422870334,0.000275422870334,0.000275422870334,10,X186 X193,0.980177777778,0.00325627403054,0.980177777778,0.00325627403054
0.000275422870334,0.000275422870334,0.000275422870334,0.000275422870334,0.000275422870334,0.000275422870334,0.000275422870334,0.000275422870334,10,X187 X194,0.982155555556,0.00403693041208,0.982155555556,0.00403693041208
0.000275422870334,0.000275422870334,0.000275422870334,0.000275422870334,0.000275422870334,0.000275422870334,0.000275422870334,0.000275422870334,10,X188 X195,0.983755555556,0.00314396988147,0.983755555556,0.00314396988147
0.000275422870334,0.000275422870334,0.000275422870334,0.000275422870334,0.000275422870334,0.000275422870334,0.000275422870334,0.000275422870334,10,X189 X196,0.984866666667,0.00326669012424,0.984866666667,0.00326669012424
0.000275422870334,0.000275422870334,0.000275422870334,0.000275422870334,0.000275422870334,0.000275422870334,0.000275422870334,0.000275422870334,10,X19 Z23 Y24 Y28 Z29 X34,0.969555555556,0.0035636880175,0.969555555556,0.0035636880175
0.000275422870334,0.000275422870334,0.000275422870334,0.000275422870334,0.000275422870334,0.000275422870334,0.000275422870334,0.000275422870334,10,X190 X197,0.986355555556,0.00282155541645,0.986355555556,0.00282155541645
0.000275422870334,0.000275422870334,0.000275422870334,0.000275422870334,0.000275422870334,0.000275422870334,0.000275422870334,0.000275422870334,10,X191 X198,0.988822222222,0.00283753351064,0.988822222222,0.00283753351064
0.000275422870334,0.000275422870334,0.000275422870334,0.000275422870334,0.000275422870334,0.000275422870334,0.000275422870334,0.000275422870334,10,X192 X199,0.989888888889,0.00216615083751,0.989888888889,0.00216615083751
0.000275422870334,0.000275422870334,0.000275422870334,0.000275422870334,0.000275422870334,0.000275422870334,0.000275422870334,0.000275422870334,10,X193 Y200 Z206,0.986111111111,0.00282345585009,0.986111111111,0.00282345585009
0.000275422870334,0.000275422870334,0.000275422870334,0.000275422870334,0.000275422870334,0.000275422870334,0.000275422870334,0.000275422870334,10,X194 Z200 Y201 Y206 Z207 X212,0.969511111111,0.00430248376394,0.969511111111,0.00430248376394
0.000275422870334,0.000275422870334,0.000275422870334,0.000275422870334,0.000275422870334,0.000275422870334,0.000275422870334,0.000275422870334,10,X195 Z201 Y202 Y207 Z208 X213,0.970111111111,0.00488671146216,0.970111111111,0.00488671146216
0.000275422870334,0.000275422870334,0.000275422870334,0.000275422870334,0.000275422870334,0.000275422870334,0.000275422870334,0.000275422870334,10,X196 Z202 Y203 Y208 Z209 X214,0.968466666667,0.00439487685024,0.968466666667,0.00439487685024
0.000275422870334,0.000275422870334,0.000275422870334,0.000275422870334,0.000275422870334,0.000275422870334,0.000275422870334,0.000275422870334,10,X197 Z203 Y204 Y209 Z210 X215,0.968533333333,0.00529410863195,0.968533333333,0.00529410863195
0.000275422870334,0.000275422870334,0.000275422870334,0.000275422870334,0.000275422870334,0.000275422870334,0.000275422870334,0.000275422870334,10,X198 Z204 Y205 Y210 Z211 X216,0.966622222222,0.00472032641684,0.966622222222,0.00472032641684
0.000275422870334,0.000275422870334,0.000275422870334,0.000275422870334,0.000275422870334,0.000275422870334,0.000275422870334,0.000275422870334,10,X2 X4,0.987777777778,0.0032345516526,0.987777777778,0.0032345516526
0.000275422870334,0.000275422870334,0.000275422870334,0.000275422870334,0.000275422870334,0.000275422870334,0.000275422870334,0.000275422870334,10,X20 X25,0.990577777778,0.00221961532916,0.990577777778,0.00221961532916
0.000275422870334,0.000275422870334,0.000275422870334,0.000275422870334,0.000275422870334,0.000275422870334,0.000275422870334,0.000275422870334,10,X200 X206,0.9906,0.00213239922078,0.9906,0.00213239922078
0.000275422870334,0.000275422870334,0.000275422870334,0.000275422870334,0.000275422870334,0.000275422870334,0.000275422870334,0.000275422870334,10,X201 X207,0.987155555556,0.00318007847482,0.987155555556,0.00318007847482
0.000275422870334,0.000275422870334,0.000275422870334,0.000275422870334,0.000275422870334,0.000275422870334,0.000275422870334,0.000275422870334,10,X202 X208,0.986511111111,0.00301558319698,0.986511111111,0.00301558319698
0.000275422870334,0.000275422870334,0.000275422870334,0.000275422870334,0.000275422870334,0.000275422870334,0.000275422870334,0.000275422870334,10,X203 X209,0.984133333333,0.00291593586904,0.984133333333,0.00291593586904
0.000275422870334,0.000275422870334,0.000275422870334,0.000275422870334,0.000275422870334,0.000275422870334,0.000275422870334,0.000275422870334,10,X204 X210,0.9824,0.0039249667495,0.9824,0.0039249667495
0.000275422870334,0.000275422870334,0.000275422870334,0.000275422870334,0.000275422870334,0.000275422870334,0.000275422870334,0.000275422870334,10,X205 X211,0.981911111111,0.00440387615171,0.981911111111,0.00440387615171
0.000275422870334,0.000275422870334,0.000275422870334,0.000275422870334,0.000275422870334,0.000275422870334,0.000275422870334,0.000275422870334,10,X207 Z212 Y213 Y217 Z218 X222,0.972822222222,0.00412332244615,0.972822222222,0.00412332244615
0.000275422870334,0.000275422870334,0.000275422870334,0.000275422870334,0.000275422870334,0.000275422870334,0.000275422870334,0.000275422870334,10,X208 Z213 Y214 Y218 Z219 X223,0.971822222222,0.00475590645749,0.971822222222,0.00475590645749
0.000275422870334,0.000275422870334,0.000275422870334,0.000275422870334,0.000275422870334,0.000275422870334,0.000275422870334,0.000275422870334,10,X209 Z214 Y215 Y219 Z220 X224,0.971066666667,0.0039249667495,0.971066666667,0.0039249667495
0.000275422870334,0.000275422870334,0.000275422870334,0.000275422870334,0.000275422870334,0.000275422870334,0.000275422870334,0.000275422870334,10,X21 X26,0.988133333333,0.00205219254771,0.988133333333,0.00205219254771
0.000275422870334,0.000275422870334,0.000275422870334,0.000275422870334,0.000275422870334,0.000275422870334,0.000275422870334,0.000275422870334,10,X210 Z215 Y216 Y220 Z221 X225,0.970422222222,0.00380957991201,0.970422222222,0.00380957991201
0.000275422870334,0.000275422870334,0.000275422870334,0.000275422870334,0.000275422870334,0.000275422870334,0.000275422870334,0.000275422870334,10,X211 Z216 Y221,0.986488888889,0.00360048244249,0.986488888889,0.00360048244249
0.000275422870334,0.000275422870334,0.000275422870334,0.000275422870334,0.000275422870334,0.000275422870334,0.000275422870334,0.000275422870334,10,X212 X217,0.983444444444,0.00286119945554,0.983444444444,0.00286119945554
0.000275422870334,0.000275422870334,0.000275422870334,0.000275422870334,0.000275422870334,0.000275422870334,0.000275422870334,0.000275422870334,10,X213 X218,0.984955555556,0.002922673071,0.984955555556,0.002922673071
0.000275422870334,0.000275422870334,0.000275422870334,0.000275422870334,0.000275422870334,0.000275422870334,0.000275422870334,0.000275422870334,10,X214 X219,0.986555555556,0.00228996366538,0.986555555556,0.00228996366538
0.000275422870334,0.000275422870334,0.000275422870334,0.000275422870334,0.000275422870334,0.000275422870334,0.000275422870334,0.000275422870334,10,X215 X220,0.987577777778,0.00223852259251,0.987577777778,0.00223852259251
0.000275422870334,0.000275422870334,0.000275422870334,0.000275422870334,0.000275422870334,0.000275422870334,0.000275422870334,0.000275422870334,10,X216 X221,0.990066666667,0.00237709375344,0.990066666667,0.00237709375344
0.000275422870334,0.000275422870334,0.000275422870334,0.000275422870334,0.000275422870334,0.000275422870334,0.000275422870334,0.000275422870334,10,X217 Y222 Z226,0.986333333333,0.00367553785779,0.986333333333,0.00367553785779
0.000275422870334,0.000275422870334,0.000275422870334,0.000275422870334,0.000275422870334,0.000275422870334,0.000275422870334,0.000275422870334,10,X218 Z222 Y223 Y226 Z227 X230,0.971711111111,0.0040179037379,0.971711111111,0.0040179037379
0.000275422870334,0.000275422870334,0.000275422870334,0.000275422870334,0.000275422870334,0.000275422870334,0.000275422870334,0.000275422870334,10,X219 Z223 Y224 Y227 Z228 X231,0.971711111111,0.00528333847009,0.971711111111,0.00528333847009
0.000275422870334,0.000275422870334,0.000275422870334,0.000275422870334,0.000275422870334,0.000275422870334,0.000275422870334,0.000275422870334,10,X22 X27,0.9872,0.00273700342336,0.9872,0.00273700342336
0.000275422870334,0.000275422870334,0.000275422870334,0.000275422870334,0.000275422870334,0.000275422870334,0.000275422870334,0.000275422870334,10,X220 Z224 Y225 Y228 Z229 X232,0.971977777778,0.00377319984059,0.971977777778,0.00377319984059
0.000275422870334,0.000275422870334,0.000275422870334,0.000275422870334,0.000275422870334,0.000275422870334,0.000275422870334,0.000275422870334,10,X222 X226,0.990111111111,0.00308293204389,0.990111111111,0.00308293204389
0.000275422870334,0.000275422870334,0.000275422870334,0.000275422870334,0.000275422870334,0.000275422870334,0.000275422870334,0.000275422870334,10,X223 X227,0.988733333333,0.00258109840291,0.988733333333,0.00258109840291
0.000275422870334,0.000275422870334,0.000275422870334,0.000275422870334,0.000275422870334,0.000275422870334,0.000275422870334,0.000275422870334,10,X224 X228,0.987111111111,0.00309904611864,0.987111111111,0.00309904611864
0.000275422870334,0.000275422870334,0.000275422870334,0.000275422870334,0.000275422870334,0.000275422870334,0.000275422870334,0.000275422870334,10,X225 X229,0.985044444444,0.00322672429574,0.985044444444,0.00322672429574
0.000275422870334,0.000275422870334,0.000275422870334,0.000275422870334,0.000275422870334,0.000275422870334,0.000275422870334,0.000275422870334,10,X227 Z230 Y231 Y233 Z234 X236,0.9752,0.00323486751137,0.9752,0.00323486751137
0.000275422870334,0.000275422870334,0.000275422870334,0.000275422870334,0.000275422870334,0.000275422870334,0.000275422870334,0.000275422870334,10,X228 Z231 Y232 Y234 Z235 X237,0.975444444444,0.00358405721994,0.975444444444,0.00358405721994
0.000275422870334,0.000275422870334,0.000275422870334,0.000275422870334,0.000275422870334,0.000275422870334,0.000275422870334,0.000275422870334,10,X229 Z232 Y235,0.986866666667,0.00358861545997,0.986866666667,0.00358861545997
0.000275422870334,0.000275422870334,0.000275422870334,0.000275422870334,0.000275422870334,0.000275422870334,0.000275422870334,0.000275422870334,10,X23 X28,0.985844444444,0.00354795643877,0.985844444444,0.00354795643877
0.000275422870334,0.000275422870334,0.000275422870334,0.000275422870334,0.000275422870334,0.000275422870334,0.000275422870334,0.000275422870334,10,X230 X233,0.986422222222,0.00265793589914,0.986422222222,0.00265793589914
0.000275422870334,0.000275422870334,0.000275422870334,0.000275422870334,0.000275422870334,0.000275422870334,0.000275422870334,0.000275422870334,10,X231 X234,0.987155555556,0.00305220645437,0.987155555556,0.00305220645437
0.000275422870334,0.000275422870334,0.000275422870334,0.000275422870334,0.000275422870334,0.000275422870334,0.000275422870334,0.000275422870334,10,X232 X235,0.9898,0.00229709128084,0.9898,0.00229709128084
0.000275422870334,0.000275422870334,0.000275422870334,0.000275422870334,0.000275422870334,0.000275422870334,0.000275422870334,0.000275422870334,10,X233 Y236 Z238,0.986088888889,0.00304617508212,0.986088888889,0.00304617508212
0.000275422870334,0.000275422870334,0.000275422870334,0.000275422870334,0.000275422870334,0.000275422870334,0.000275422870334,0.000275422870334,10,X234 Z236 Y237 Y238 Z239 X240,0.976266666667,0.00489146570893,0.976266666667,0.00489146570893
0.000275422870334,0.000275422870334,0.000275422870334,0.000275422870334,0.000275422870334,0.000275422870334,0.000275422870334,0.000275422870334,10,X236 X238,0.989933333333,0.00256322354517,0.989933333333,0.00256322354517
0.000275422870334,0.000275422870334,0.000275422870334,0.000275422870334,0.000275422870334,0.000275422870334,0.000275422870334,0.000275422870334,10,X237 X239,0.9886,0.00315305604963,0.9886,0.00315305604963
0.000275422870334,0.000275422870334,0.000275422870334,0.000275422870334,0.000275422870334,0.000275422870334,0.000275422870334,0.000275422870334,10,X239 Z240 Y241,0.985933333333,0.00255123739792,0.985933333333,0.00255123739792
0.000275422870334,0.000275422870334,0.000275422870334,0.000275422870334,0.000275422870334,0.000275422870334,0.000275422870334,0.000275422870334,10,X24 X29,0.985177777778,0.00286441148039,0.985177777778,0.00286441148039
0.000275422870334,0.000275422870334,0.000275422870334,0.000275422870334,0.000275422870334,0.000275422870334,0.000275422870334,0.000275422870334,10,X240 X241,0.9906,0.0031188464318,0.9906,0.0031188464318
0.000275422870334,0.000275422870334,0.000275422870334,0.000275422870334,0.000275422870334,0.000275422870334,0.000275422870334,0.000275422870334,10,X25 Z30 Y31 Y36 Z37 X43,0.971755555556,0.00435752164555,0.971755555556,0.00435752164555
0.000275422870334,0.000275422870334,0.000275422870334,0.000275422870334,0.000275422870334,0.000275422870334,0.000275422870334,0.000275422870334,10,X26 Z31 Y32 Y37 Z38 X44,0.970333333333,0.00510052209783,0.970333333333,0.00510052209783
0.000275422870334,0.000275422870334,0.000275422870334,0.000275422870334,0.000275422870334,0.000275422870334,0.000275422870334,0.000275422870334,10,X27 Z32 Y33 Y38 Z39 X45,0.969066666667,0.00462079258763,0.969066666667,0.00462079258763
0.000275422870334,0.000275422870334,0.000275422870334,0.000275422870334,0.000275422870334,0.000275422870334,0.000275422870334,0.000275422870334,10,X28 Z33 Y34 Y39 Z40 X46,0.971133333333,0.00359288355789,0.971133333333,0.00359288355789
0.000275422870334,0.000275422870334,0.000275422870334,0.000275422870334,0.000275422870334,0.000275422870334,0.000275422870334,0.000275422870334,10,X29 Z34 Y35 Y40 Z41 X47,0.969755555556,0.00511772019805,0.969755555556,0.00511772019805
0.000275422870334,0.000275422870334,0.000275422870334,0.000275422870334,0.000275422870334,0.000275422870334,0.000275422870334,0.000275422870334,10,X3 X5,0.9908,0.00227867004297,0.9908,0.00227867004297
0.000275422870334,0.000275422870334,0.000275422870334,0.000275422870334,0.000275422870334,0.000275422870334,0.000275422870334,0.000275422870334,10,X30 X36,0.982711111111,0.00360048244249,0.982711111111,0.00360048244249
0.000275422870334,0.000275422870334,0.000275422870334,0.000275422870334,0.000275422870334,0.000275422870334,0.000275422870334,0.000275422870334,10,X31 X37,0.982555555556,0.00398496535925,0.982555555556,0.00398496535925
0.000275422870334,0.000275422870334,0.000275422870334,0.000275422870334,0.000275422870334,0.000275422870334,0.000275422870334,0.000275422870334,10,X32 X38,0.984711111111,0.00332612246871,0.984711111111,0.00332612246871
0.000275422870334,0.000275422870334,0.000275422870334,0.000275422870334,0.000275422870334,0.000275422870334,0.000275422870334,0.000275422870334,10,X33 X39,0.985488888889,0.00384242633009,0.985488888889,0.00384242633009
0.000275422870334,0.000275422870334,0.000275422870334,0.000275422870334,0.000275422870334,0.000275422870334,0.000275422870334,0.000275422870334,10,X34 X40,0.988177777778,0.00305722350853,0.988177777778,0.00305722350853
0.000275422870334,0.000275422870334,0.000275422870334,0.000275422870334,0.000275422870334,0.000275422870334,0.000275422870334,0.000275422870334,10,X35 X41,0.989577777778,0.00219007397369,0.989577777778,0.00219007397369
0.000275422870334,0.000275422870334,0.000275422870334,0.000275422870334,0.000275422870334,0.000275422870334,0.000275422870334,0.000275422870334,10,X36 Z42 Y43 Y49 Z50 X57,0.967311111111,0.00413371645734,0.967311111111,0.00413371645734
0.000275422870334,0.000275422870334,0.000275422870334,0.000275422870334,0.000275422870334,0.000275422870334,0.000275422870334,0.000275422870334,10,X37 Z43 Y44 Y50 Z51 X58,0.966088888889,0.00496958822761,0.966088888889,0.00496958822761
0.000275422870334,0.000275422870334,0.000275422870334,0.000275422870334,0.000275422870334,0.000275422870334,0.000275422870334,0.000275422870334,10,X38 Z44 Y45 Y51 Z52 X59,0.967777777778,0.00520339804486,0.967777777778,0.00520339804486
0.000275422870334,0.000275422870334,0.000275422870334,0.000275422870334,0.000275422870334,0.000275422870334,0.000275422870334,0.000275422870334,10,X39 Z45 Y46 Y52 Z53 X60,0.968133333333,0.00472832825876,0.968133333333,0.00472832825876
0.000275422870334,0.000275422870334,0.000275422870334,0.000275422870334,0.000275422870334,0.000275422870334,0.000275422870334,0.000275422870334,10,X4 Z6 Y7 Y9 Z10 X13,0.973844444444,0.00385437337646,0.973844444444,0.00385437337646
0.000275422870334,0.000275422870334,0.000275422870334,0.000275422870334,0.000275422870334,0.000275422870334,0.000275422870334,0.000275422870334,10,X40 Z46 Y47 Y53 Z54 X61,0.967333333333,0.00499808392405,0.967333333333,0.00499808392405
0.000275422870334,0.000275422870334,0.000275422870334,0.000275422870334,0.000275422870334,0.000275422870334,0.000275422870334,0.000275422870334,10,X41 Z47 Y48 Y54 Z55 X62,0.966844444444,0.00427747672723,0.966844444444,0.00427747672723
0.000275422870334,0.000275422870334,0.000275422870334,0.000275422870334,0.000275422870334,0.000275422870334,0.000275422870334,0.000275422870334,10,X42 X49,0.989911111111,0.00229430969148,0.989911111111,0.00229430969148
0.000275422870334,0.000275422870334,0.000275422870334,0.000275422870334,0.000275422870334,0.000275422870334,0.000275422870334,0.000275422870334,10,X43 X50,0.987711111111,0.00296949153037,0.987711111111,0.00296949153037
0.000275422870334,0.000275422870334,0.000275422870334,0.000275422870334,0.000275422870334,0.000275422870334,0.000275422870334,0.000275422870334,10,X44 X51,0.987,0.00236027143059,0.987,0.00236027143059
0.000275422870334,0.000275422870334,0.000275422870334,0.000275422870334,0.000275422870334,0.000275422870334,0.000275422870334,0.000275422870334,10,X45 X52,0.984488888889,0.00237440588791,0.984488888889,0.00237440588791
0.000275422870334,0.000275422870334,0.000275422870334,0.000275422870334,0.000275422870334,0.000275422870334,0.000275422870334,0.000275422870334,10,X46 X53,0.983177777778,0.00341142247758,0.983177777778,0.00341142247758
0.000275422870334,0.000275422870334,0.000275422870334,0.000275422870334,0.000275422870334,0.000275422870334,0.000275422870334,0.000275422870334,10,X47 X54,0.981111111111,0.00333256696171,0.981111111111,0.00333256696171
0.000275422870334,0.000275422870334,0.000275422870334,0.000275422870334,0.000275422870334,0.000275422870334,0.000275422870334,0.000275422870334,10,X48 X55,0.9822,0.00323841879964,0.9822,0.00323841879964
0.000275422870334,0.000275422870334,0.000275422870334,0.000275422870334,0.000275422870334,0.000275422870334,0.000275422870334,0.000275422870334,10,X49 Z56 Y57 Y64 Z65 X73,0.967911111111,0.00480336195588,0.967911111111,0.00480336195588
0.000275422870334,0.000275422870334,0.000275422870334,0.000275422870334,0.000275422870334,0.000275422870334,0.000275422870334,0.000275422870334,10,X5 Z7 Y8 Y10 Z11 X14,0.973488888889,0.00401408758076,0.973488888889,0.00401408758076
0.000275422870334,0.000275422870334,0.000275422870334,0.000275422870334,0.000275422870334,0.000275422870334,0.000275422870334,0.000275422870334,10,X50 Z57 Y58 Y65 Z66 X74,0.967711111111,0.00434060692239,0.967711111111,0.00434060692239
0.000275422870334,0.000275422870334,0.000275422870334,0.000275422870334,0.000275422870334,0.000275422870334,0.000275422870334,0.000275422870334,10,X51 Z58 Y59 Y66 Z67 X75,0.966244444444,0.00521854439661,0.966244444444,0.00521854439661
0.000275422870334,0.000275422870334,0.000275422870334,0.000275422870334,0.000275422870334,0.000275422870334,0.000275422870334,0.000275422870334,10,X52 Z59 Y60 Y67 Z68 X76,0.967022222222,0.00439691056057,0.967022222222,0.00439691056057
0.000275422870334,0.000275422870334,0.000275422870334,0.000275422870334,0.000275422870334,0.000275422870334,0.000275422870334,0.000275422870334,10,X53 Z60 Y61 Y68 Z69 X77,0.9662,0.00414359127557,0.9662,0.00414359127557
0.000275422870334,0.000275422870334,0.000275422870334,0.000275422870334,0.000275422870334,0.000275422870334,0.000275422870334,0.000275422870334,10,X54 Z61 Y62 Y69 Z70 X78,0.968577777778,0.0057714672287,0.968577777778,0.0057714672287
0.000275422870334,0.000275422870334,0.000275422870334,0.000275422870334,0.000275422870334,0.000275422870334,0.000275422870334,0.000275422870334,10,X55 Z62 Y63 Y70 Z71 X79,0.967444444444,0.00443974847699,0.967444444444,0.00443974847699
0.000275422870334,0.000275422870334,0.000275422870334,0.000275422870334,0.000275422870334,0.000275422870334,0.000275422870334,0.000275422870334,10,X56 X64,0.978933333333,0.00357342254135,0.978933333333,0.00357342254135
0.000275422870334,0.000275422870334,0.000275422870334,0.000275422870334,0.000275422870334,0.000275422870334,0.000275422870334,0.000275422870334,10,X57 X65,0.978844444444,0.00385536729254,0.978844444444,0.00385536729254
0.000275422870334,0.000275422870334,0.000275422870334,0.000275422870334,0.000275422870334,0.000275422870334,0.000275422870334,0.000275422870334,10,X58 X66,0.981955555556,0.00314128769425,0.981955555556,0.00314128769425
0.000275422870334,0.000275422870334,0.000275422870334,0.000275422870334,0.000275422870334,0.000275422870334,0.000275422870334,0.000275422870334,10,X59 X67,0.983555555556,0.00340535225934,0.983555555556,0.00340535225934
0.000275422870334,0.000275422870334,0.000275422870334,0.000275422870334,0.000275422870334,0.000275422870334,0.000275422870334,0.000275422870334,10,X6 X9,0.990066666667,0.00244071467456,0.990066666667,0.00244071467456
0.000275422870334,0.000275422870334,0.000275422870334,0.000275422870334,0.000275422870334,0.000275422870334,0.000275422870334,0.000275422870334,10,X60 X68,0.985311111111,0.00268661123889,0.985311111111,0.00268661123889
0.000275422870334,0.000275422870334,0.000275422870334,0.000275422870334,0.000275422870334,0.000275422870334,0.000275422870334,0.000275422870334,10,X61 X69,0.987266666667,0.00298322256264,0.987266666667,0.00298322256264
0.000275422870334,0.000275422870334,0.000275422870334,0.000275422870334,0.000275422870334,0.000275422870334,0.000275422870334,0.000275422870334,10,X62 X70,0.987866666667,0.00336035028278,0.987866666667,0.00336035028278
0.000275422870334,0.000275422870334,0.000275422870334,0.000275422870334,0.000275422870334,0.000275422870334,0.000275422870334,0.000275422870334,10,X63 X71,0.989555555556,0.00286788711435,0.989555555556,0.00286788711435
0.000275422870334,0.000275422870334,0.000275422870334,0.000275422870334,0.000275422870334,0.000275422870334,0.000275422870334,0.000275422870334,10,X64 Z72 Y73 Y81 Z82 X91,0.962466666667,0.00404628394865,0.962466666667,0.00404628394865
0.000275422870334,0.000275422870334,0.000275422870334,0.000275422870334,0.000275422870334,0.000275422870334,0.000275422870334,0.000275422870334,10,X65 Z73 Y74 Y82 Z83 X92,0.960511111111,0.00550773286645,0.960511111111,0.00550773286645
0.000275422870334,0.000275422870334,0.000275422870334,0.000275422870334,0.000275422870334,0.000275422870334,0.000275422870334,0.000275422870334,10,X66 Z74 Y75 Y83 Z84 X93,0.961111111111,0.00392392536801,0.961111111111,0.00392392536801
0.000275422870334,0.000275422870334,0.000275422870334,0.000275422870334,0.000275422870334,0.000275422870334,0.000275422870334,0.000275422870334,10,X67 Z75 Y76 Y84 Z85 X94,0.9594,0.00432882170088,0.9594,0.00432882170088
0.000275422870334,0.000275422870334,0.000275422870334,0.000275422870334,0.000275422870334,0.000275422870334,0.000275422870334,0.000275422870334,10,X68 Z76 Y77 Y85 Z86 X95,0.963755555556,0.00450621820979,0.963755555556,0.00450621820979
0.000275422870334,0.000275422870334,0.000275422870334,0.000275422870334,0.000275422870334,0.000275422870334,0.000275422870334,0.000275422870334,10,X69 Z77 Y78 Y86 Z87 X96,0.963688888889,0.00401045886802,0.963688888889,0.00401045886802
0.000275422870334,0.000275422870334,0.000275422870334,0.000275422870334,0.000275422870334,0.000275422870334,0.000275422870334,0.000275422870334,10,X7 X10,0.987977777778,0.00294773545569,0.987977777778,0.00294773545569
0.000275422870334,0.000275422870334,0.000275422870334,0.000275422870334,0.000275422870334,0.000275422870334,0.000275422870334,0.000275422870334,10,X70 Z78 Y79 Y87 Z88 X97,0.965133333333,0.00391538863962,0.965133333333,0.00391538863962
0.000275422870334,0.000275422870334,0.000275422870334,0.000275422870334,0.000275422870334,0.000275422870334,0.000275422870334,0.000275422870334,10,X71 Z79 Y80 Y88 Z89 X98,0.964222222222,0.00470536771283,0.964222222222,0.00470536771283
0.000275422870334,0.000275422870334,0.000275422870334,0.000275422870334,0.000275422870334,0.000275422870334,0.000275422870334,0.000275422870334,10,X72 X81,0.991022222222,0.00247428666656,0.991022222222,0.00247428666656
0.000275422870334,0.000275422870334,0.000275422870334,0.000275422870334,0.000275422870334,0.000275422870334,0.000275422870334,0.000275422870334,10,X73 X82,0.989377777778,0.00242549253731,0.989377777778,0.00242549253731
0.000275422870334,0.000275422870334,0.000275422870334,0.000275422870334,0.000275422870334,0.000275422870334,0.000275422870334,0.000275422870334,10,X74 X83,0.9874,0.00281947251935,0.9874,0.00281947251935
0.000275422870334,0.000275422870334,0.000275422870334,0.000275422870334,0.000275422870334,0.000275422870334,0.000275422870334,0.000275422870334,10,X75 X84,0.984555555556,0.00342218739098,0.984555555556,0.00342218739098
0.000275422870334,0.000275422870334,0.000275422870334,0.000275422870334,0.000275422870334,0.000275422870334,0.000275422870334,0.000275422870334,10,X76 X85,0.983066666667,0.00337945108785,0.983066666667,0.00337945108785
0.000275422870334,0.000275422870334,0.000275422870334,0.000275422870334,0.000275422870334,0.000275422870334,0.000275422870334,0.000275422870334,10,X77 X86,0.982311111111,0.00336642577189,0.982311111111,0.00336642577189
0.000275422870334,0.000275422870334,0.000275422870334,0.000275422870334,0.000275422870334,0.000275422870334,0.000275422870334,0.000275422870334,10,X78 X87,0.980111111111,0.00440509399775,0.980111111111,0.00440509399775
0.000275422870334,0.000275422870334,0.000275422870334,0.000275422870334,0.000275422870334,0.000275422870334,0.000275422870334,0.000275422870334,10,X79 X88,0.978311111111,0.0041715450369,0.978311111111,0.0041715450369
0.000275422870334,0.000275422870334,0.000275422870334,0.000275422870334,0.000275422870334,0.000275422870334,0.000275422870334,0.000275422870334,10,X8 X11,0.9882,0.0031520837844,0.9882,0.0031520837844
0.000275422870334,0.000275422870334,0.000275422870334,0.000275422870334,0.000275422870334,0.000275422870334,0.000275422870334,0.000275422870334,10,X80 X89,0.977777777778,0.00417741907647,0.977777777778,0.00417741907647
0.000275422870334,0.000275422870334,0.000275422870334,0.000275422870334,0.000275422870334,0.000275422870334,0.000275422870334,0.000275422870334,10,X81 Z90 Y91 Y100 Z101 X111,0.957377777778,0.00505580606512,0.957377777778,0.00505580606512
0.000275422870334,0.000275422870334,0.000275422870334,0.000275422870334,0.000275422870334,0.000275422870334,0.000275422870334,0.000275422870334,10,X82 Z91 Y92 Y101 Z102 X112,0.958933333333,0.00553802598412,0.958933333333,0.00553802598412
0.000275422870334,0.000275422870334,0.000275422870334,0.000275422870334,0.000275422870334,0.000275422870334,0.000275422870334,0.000275422870334,10,X83 Z92 Y93 Y102 Z103 X113,0.958844444444,0.00564853986038,0.958844444444,0.00564853986038
0.000275422870334,0.000275422870334,0.000275422870334,0.000275422870334,0.000275422870334,0.000275422870334,0.000275422870334,0.000275422870334,10,X84 Z93 Y94 Y103 Z104 X114,0.959355555556,0.00437857316228,0.959355555556,0.00437857316228
0.000275422870334,0.000275422870334,0.000275422870334,0.000275422870334,0.000275422870334,0.000275422870334,0.000275422870334,0.000275422870334,10,X85 Z94 Y95 Y104 Z105 X115,0.961244444444,0.00439691056057,0.961244444444,0.00439691056057
0.000275422870334,0.000275422870334,0.000275422870334,0.000275422870334,0.000275422870334,0.000275422870334,0.000275422870334,0.000275422870334,10,X86 Z95 Y96 Y105 Z106 X116,0.9634,0.00428970075495,0.9634,0.00428970075495
0.000275422870334,0.000275422870334,0.000275422870334,0.000275422870334,0.000275422870334,0.000275422870334,0.000275422870334,0.000275422870334,10,X87 Z96 Y97 Y106 Z107 X117,0.963488888889,0.00468692919045,0.963488888889,0.00468692919045
0.000275422870334,0.000275422870334,0.000275422870334,0.000275422870334,0.000275422870334,0.000275422870334,0.000275422870334,0.000275422870334,10,X88 Z97 Y98 Y107 Z108 X118,0.9626,0.0065327937849,0.9626,0.0065327937849
0.000275422870334,0.000275422870334,0.000275422870334,0.000275422870334,0.000275422870334,0.000275422870334,0.000275422870334,0.000275422870334,10,X89 Z98 Y99 Y108 Z109 X119,0.962333333333,0.00580856811973,0.962333333333,0.00580856811973
0.000275422870334,0.000275422870334,0.000275422870334,0.000275422870334,0.000275422870334,0.000275422870334,0.000275422870334,0.000275422870334,10,X9 Z12 Y13 Y16 Z17 X21,0.973088888889,0.00390101011905,0.973088888889,0.00390101011905
0.000275422870334,0.000275422870334,0.000275422870334,0.000275422870334,0.000275422870334,0.000275422870334,0.000275422870334,0.000275422870334,10,X90 X100,0.9746,0.00355083498895,0.9746,0.00355083498895
0.000275422870334,0.000275422870334,0.000275422870334,0.000275422870334,0.000275422870334,0.000275422870334,0.000275422870334,0.000275422870334,10,X91 X101,0.973333333333,0.00327067546658,0.973333333333,0.00327067546658
0.000275422870334,0.000275422870334,0.000275422870334,0.000275422870334,0.000275422870334,0.000275422870334,0.000275422870334,0.000275422870334,10,X92 X102,0.975733333333,0.00439993033731,0.975733333333,0.00439993033731
0.000275422870334,0.000275422870334,0.000275422870334,0.000275422870334,0.000275422870334,0.000275422870334,0.000275422870334,0.000275422870334,10,X93 X103,0.977244444444,0.00353519072123,0.977244444444,0.00353519072123
0.000275422870334,0.000275422870334,0.000275422870334,0.000275422870334,0.000275422870334,0.000275422870334,0.000275422870334,0.000275422870334,10,X94 X104,0.977488888889,0.00391356157996,0.977488888889,0.00391356157996
0.000275422870334,0.000275422870334,0.000275422870334,0.000275422870334,0.000275422870334,0.000275422870334,0.000275422870334,0.000275422870334,10,X95 X105,0.982911111111,0.0036744257855,0.982911111111,0.0036744257855
0.000275422870334,0.000275422870334,0.000275422870334,0.000275422870334,0.000275422870334,0.000275422870334,0.000275422870334,0.000275422870334,10,X96 X106,0.9844,0.00343343934665,0.9844,0.00343343934665
0.000275422870334,0.000275422870334,0.000275422870334,0.000275422870334,0.000275422870334,0.000275422870334,0.000275422870334,0.000275422870334,10,X97 X107,0.986133333333,0.00372791067592,0.986133333333,0.00372791067592
0.000275422870334,0.000275422870334,0.000275422870334,0.000275422870334,0.000275422870334,0.000275422870334,0.000275422870334,0.000275422870334,10,X98 X108,0.987977777778,0.00277638279148,0.987977777778,0.00277638279148
0.000275422870334,0.000275422870334,0.000275422870334,0.000275422870334,0.000275422870334,0.000275422870334,0.000275422870334,0.000275422870334,10,X99 X109,0.989733333333,0.00266436682435,0.989733333333,0.00266436682435
0.000275422870334,0.000275422870334,0.000275422870334,0.000275422870334,0.000275422870334,0.000275422870334,0.000275422870334,0.000275422870334,10,Y0 Z1 X2,0.985555555556,0.00324401403748,0.985555555556,0.00324401403748
0.000275422870334,0.000275422870334,0.000275422870334,0.000275422870334,0.000275422870334,0.000275422870334,0.000275422870334,0.000275422870334,10,Y20 Z25 X30,0.980022222222,0.00341052386773,0.980022222222,0.00341052386773
0.000275422870334,0.000275422870334,0.000275422870334,0.000275422870334,0.000275422870334,0.000275422870334,0.000275422870334,0.000275422870334,10,Y42 Z49 X56,0.976088888889,0.00413093491161,0.976088888889,0.00413093491161
0.000275422870334,0.000275422870334,0.000275422870334,0.000275422870334,0.000275422870334,0.000275422870334,0.000275422870334,0.000275422870334,10,Y6 Z9 X12,0.981488888889,0.00339791837712,0.981488888889,0.00339791837712
0.000275422870334,0.000275422870334,0.000275422870334,0.000275422870334,0.000275422870334,0.000275422870334,0.000275422870334,0.000275422870334,10,Y72 Z81 X90,0.972022222222,0.00421085382204,0.972022222222,0.00421085382204
0.000275422870334,0.000275422870334,0.000275422870334,0.000275422870334,0.000275422870334,0.000275422870334,0.000275422870334,0.000275422870334,10,Z15 Y19 X24,0.985644444444,0.00334816623149,0.985644444444,0.00334816623149
0.000275422870334,0.000275422870334,0.000275422870334,0.000275422870334,0.000275422870334,0.000275422870334,0.000275422870334,0.000275422870334,10,Z3 Y5 X8,0.985533333333,0.00295119950936,0.985533333333,0.00295119950936
0.000275422870334,0.000275422870334,0.000275422870334,0.000275422870334,0.000275422870334,0.000275422870334,0.000275422870334,0.000275422870334,10,Z35 Y41 X48,0.986888888889,0.00317235826483,0.986888888889,0.00317235826483
0.000275422870334,0.000275422870334,0.000275422870334,0.000275422870334,0.000275422870334,0.000275422870334,0.000275422870334,0.000275422870334,10,Z63 Y71 X80,0.986155555556,0.00369605084195,0.986155555556,0.00369605084195
0.000275422870334,0.000275422870334,0.000275422870334,0.000275422870334,0.000275422870334,0.000275422870334,0.000275422870334,0.000275422870334,10,Z99 Y109 X120,0.986533333333,0.00294730216271,0.986533333333,0.00294730216271
