g1_x,g1_y,g1_z,IX,IY,IZ,XI,XX,XY,XZ,YI,YX,YY,YZ,ZI,ZX,ZY,ZZ,round,operator,mean,std,mean_signed,std_signed
0.000398107170553,0.000398107170553,0.000398107170553,0.000398107170553,0.000398107170553,0.000398107170553,0.000398107170553,0.000398107170553,0.000398107170553,0.000398107170553,0.000398107170553,0.000398107170553,0.000398107170553,0.000398107170553,0.000398107170553,0.000398107170553,0.000398107170553,0.000398107170553,1,Logical X,0.970333333333,0.00477140267897,0.969977777778,0.0040777250563
0.000398107170553,0.000398107170553,0.000398107170553,0.000398107170553,0.000398107170553,0.000398107170553,0.000398107170553,0.000398107170553,0.000398107170553,0.000398107170553,0.000398107170553,0.000398107170553,0.000398107170553,0.000398107170553,0.000398107170553,0.000398107170553,0.000398107170553,0.000398107170553,1,Logical Y,0.0132888888889,0.00947500577071,-0.00386666666667,0.0197403839532
0.000398107170553,0.000398107170553,0.000398107170553,0.000398107170553,0.000398107170553,0.000398107170553,0.000398107170553,0.000398107170553,0.000398107170553,0.000398107170553,0.000398107170553,0.000398107170553,0.000398107170553,0.000398107170553,0.000398107170553,0.000398107170553,0.000398107170553,0.000398107170553,1,Logical Z,0.0123111111111,0.0104544013842,-0.005,0.0126838963278
0.000398107170553,0.000398107170553,0.000398107170553,0.000398107170553,0.000398107170553,0.000398107170553,0.000398107170553,0.000398107170553,0.000398107170553,0.000398107170553,0.000398107170553,0.000398107170553,0.000398107170553,0.000398107170553,0.000398107170553,0.000398107170553,0.000398107170553,0.000398107170553,1,X0 X1 X9,0.978977777778,0.00291242987298,0.978977777778,0.00291242987298
0.000398107170553,0.000398107170553,0.000398107170553,0.000398107170553,0.000398107170553,0.000398107170553,0.000398107170553,0.000398107170553,0.000398107170553,0.000398107170553,0.000398107170553,0.000398107170553,0.000398107170553,0.000398107170553,0.000398107170553,0.000398107170553,0.000398107170553,0.000398107170553,1,X1 X2 X10,0.971533333333,0.00545029789337,0.971533333333,0.00545029789337
0.000398107170553,0.000398107170553,0.000398107170553,0.000398107170553,0.000398107170553,0.000398107170553,0.000398107170553,0.000398107170553,0.000398107170553,0.000398107170553,0.000398107170553,0.000398107170553,0.000398107170553,0.000398107170553,0.000398107170553,0.000398107170553,0.000398107170553,0.000398107170553,1,X10 X18 X19 X27,0.978511111111,0.00366691047605,0.978511111111,0.00366691047605
0.000398107170553,0.000398107170553,0.000398107170553,0.000398107170553,0.000398107170553,0.000398107170553,0.000398107170553,0.000398107170553,0.000398107170553,0.000398107170553,0.000398107170553,0.000398107170553,0.000398107170553,0.000398107170553,0.000398107170553,0.000398107170553,0.000398107170553,0.000398107170553,1,X100 X108 X109 X117,0.977666666667,0.00412728515596,0.977666666667,0.00412728515596
0.000398107170553,0.000398107170553,0.000398107170553,0.000398107170553,0.000398107170553,0.000398107170553,0.000398107170553,0.000398107170553,0.000398107170553,0.000398107170553,0.000398107170553,0.000398107170553,0.000398107170553,0.000398107170553,0.000398107170553,0.000398107170553,0.000398107170553,0.000398107170553,1,X101 X109 X110 X118,0.913911111111,0.00737757466369,0.913911111111,0.00737757466369
0.000398107170553,0.000398107170553,0.000398107170553,0.000398107170553,0.000398107170553,0.000398107170553,0.000398107170553,0.000398107170553,0.000398107170553,0.000398107170553,0.000398107170553,0.000398107170553,0.000398107170553,0.000398107170553,0.000398107170553,0.000398107170553,0.000398107170553,0.000398107170553,1,X11 X19 X20 X28,0.978244444444,0.0029373187833,0.978244444444,0.0029373187833
0.000398107170553,0.000398107170553,0.000398107170553,0.000398107170553,0.000398107170553,0.000398107170553,0.000398107170553,0.000398107170553,0.000398107170553,0.000398107170553,0.000398107170553,0.000398107170553,0.000398107170553,0.000398107170553,0.000398107170553,0.000398107170553,0.000398107170553,0.000398107170553,1,X111 X119 X120 X128,0.979133333333,0.00340002253768,0.979133333333,0.00340002253768
0.000398107170553,0.000398107170553,0.000398107170553,0.000398107170553,0.000398107170553,0.000398107170553,0.000398107170553,0.000398107170553,0.000398107170553,0.000398107170553,0.000398107170553,0.000398107170553,0.000398107170553,0.000398107170553,0.000398107170553,0.000398107170553,0.000398107170553,0.000398107170553,1,X112 X120 X121 X129,0.978911111111,0.00342397825276,0.978911111111,0.00342397825276
0.000398107170553,0.000398107170553,0.000398107170553,0.000398107170553,0.000398107170553,0.000398107170553,0.000398107170553,0.000398107170553,0.000398107170553,0.000398107170553,0.000398107170553,0.000398107170553,0.000398107170553,0.000398107170553,0.000398107170553,0.000398107170553,0.000398107170553,0.000398107170553,1,X113 X121 X122 X130,0.9782,0.00327137825829,0.9782,0.00327137825829
0.000398107170553,0.000398107170553,0.000398107170553,0.000398107170553,0.000398107170553,0.000398107170553,0.000398107170553,0.000398107170553,0.000398107170553,0.000398107170553,0.000398107170553,0.000398107170553,0.000398107170553,0.000398107170553,0.000398107170553,0.000398107170553,0.000398107170553,0.000398107170553,1,X114 X122 X123 X131,0.978155555556,0.00312048396548,0.978155555556,0.00312048396548
0.000398107170553,0.000398107170553,0.000398107170553,0.000398107170553,0.000398107170553,0.000398107170553,0.000398107170553,0.000398107170553,0.000398107170553,0.000398107170553,0.000398107170553,0.000398107170553,0.000398107170553,0.000398107170553,0.000398107170553,0.000398107170553,0.000398107170553,0.000398107170553,1,X115 X123 X124 X132,0.979177777778,0.00356089158982,0.979177777778,0.00356089158982
0.000398107170553,0.000398107170553,0.000398107170553,0.000398107170553,0.000398107170553,0.000398107170553,0.000398107170553,0.000398107170553,0.000398107170553,0.000398107170553,0.000398107170553,0.000398107170553,0.000398107170553,0.000398107170553,0.000398107170553,0.000398107170553,0.000398107170553,0.000398107170553,1,X116 X124 X125 X133,0.978733333333,0.00430396769633,0.978733333333,0.00430396769633
0.000398107170553,0.000398107170553,0.000398107170553,0.000398107170553,0.000398107170553,0.000398107170553,0.000398107170553,0.000398107170553,0.000398107170553,0.000398107170553,0.000398107170553,0.000398107170553,0.000398107170553,0.000398107170553,0.000398107170553,0.000398107170553,0.000398107170553,0.000398107170553,1,X117 X125 X126 X134,0.977688888889,0.00462786275352,0.977688888889,0.00462786275352
0.000398107170553,0.000398107170553,0.000398107170553,0.000398107170553,0.000398107170553,0.000398107170553,0.000398107170553,0.000398107170553,0.000398107170553,0.000398107170553,0.000398107170553,0.000398107170553,0.000398107170553,0.000398107170553,0.000398107170553,0.000398107170553,0.000398107170553,0.000398107170553,1,X118 X126 X127 X135,0.912311111111,0.00741073743795,0.912311111111,0.00741073743795
0.000398107170553,0.000398107170553,0.000398107170553,0.000398107170553,0.000398107170553,0.000398107170553,0.000398107170553,0.000398107170553,0.000398107170553,0.000398107170553,0.000398107170553,0.000398107170553,0.000398107170553,0.000398107170553,0.000398107170553,0.000398107170553,0.000398107170553,0.000398107170553,1,X12 X20 X21 X29,0.976955555556,0.00350449446875,0.976955555556,0.00350449446875
0.000398107170553,0.000398107170553,0.000398107170553,0.000398107170553,0.000398107170553,0.000398107170553,0.000398107170553,0.000398107170553,0.000398107170553,0.000398107170553,0.000398107170553,0.000398107170553,0.000398107170553,0.000398107170553,0.000398107170553,0.000398107170553,0.000398107170553,0.000398107170553,1,X128 X136 X137,0.978533333333,0.00383730429007,0.978533333333,0.00383730429007
0.000398107170553,0.000398107170553,0.000398107170553,0.000398107170553,0.000398107170553,0.000398107170553,0.000398107170553,0.000398107170553,0.000398107170553,0.000398107170553,0.000398107170553,0.000398107170553,0.000398107170553,0.000398107170553,0.000398107170553,0.000398107170553,0.000398107170553,0.000398107170553,1,X129 X137 X138,0.980933333333,0.0032641087804,0.980933333333,0.0032641087804
0.000398107170553,0.000398107170553,0.000398107170553,0.000398107170553,0.000398107170553,0.000398107170553,0.000398107170553,0.000398107170553,0.000398107170553,0.000398107170553,0.000398107170553,0.000398107170553,0.000398107170553,0.000398107170553,0.000398107170553,0.000398107170553,0.000398107170553,0.000398107170553,1,X13 X21 X22 X30,0.978422222222,0.00377725937394,0.978422222222,0.00377725937394
0.000398107170553,0.000398107170553,0.000398107170553,0.000398107170553,0.000398107170553,0.000398107170553,0.000398107170553,0.000398107170553,0.000398107170553,0.000398107170553,0.000398107170553,0.000398107170553,0.000398107170553,0.000398107170553,0.000398107170553,0.000398107170553,0.000398107170553,0.000398107170553,1,X130 X138 X139,0.979711111111,0.00313029117828,0.979711111111,0.00313029117828
0.000398107170553,0.000398107170553,0.000398107170553,0.000398107170553,0.000398107170553,0.000398107170553,0.000398107170553,0.000398107170553,0.000398107170553,0.000398107170553,0.000398107170553,0.000398107170553,0.000398107170553,0.000398107170553,0.000398107170553,0.000398107170553,0.000398107170553,0.000398107170553,1,X131 X139 X140,0.980688888889,0.00274864415665,0.980688888889,0.00274864415665
0.000398107170553,0.000398107170553,0.000398107170553,0.000398107170553,0.000398107170553,0.000398107170553,0.000398107170553,0.000398107170553,0.000398107170553,0.000398107170553,0.000398107170553,0.000398107170553,0.000398107170553,0.000398107170553,0.000398107170553,0.000398107170553,0.000398107170553,0.000398107170553,1,X132 X140 X141,0.981444444444,0.00387182902845,0.981444444444,0.00387182902845
0.000398107170553,0.000398107170553,0.000398107170553,0.000398107170553,0.000398107170553,0.000398107170553,0.000398107170553,0.000398107170553,0.000398107170553,0.000398107170553,0.000398107170553,0.000398107170553,0.000398107170553,0.000398107170553,0.000398107170553,0.000398107170553,0.000398107170553,0.000398107170553,1,X133 X141 X142,0.980822222222,0.00330184359664,0.980822222222,0.00330184359664
0.000398107170553,0.000398107170553,0.000398107170553,0.000398107170553,0.000398107170553,0.000398107170553,0.000398107170553,0.000398107170553,0.000398107170553,0.000398107170553,0.000398107170553,0.000398107170553,0.000398107170553,0.000398107170553,0.000398107170553,0.000398107170553,0.000398107170553,0.000398107170553,1,X134 X142 X143,0.981977777778,0.00370764286051,0.981977777778,0.00370764286051
0.000398107170553,0.000398107170553,0.000398107170553,0.000398107170553,0.000398107170553,0.000398107170553,0.000398107170553,0.000398107170553,0.000398107170553,0.000398107170553,0.000398107170553,0.000398107170553,0.000398107170553,0.000398107170553,0.000398107170553,0.000398107170553,0.000398107170553,0.000398107170553,1,X135 X143 X144,0.911933333333,0.00809209443452,0.911933333333,0.00809209443452
0.000398107170553,0.000398107170553,0.000398107170553,0.000398107170553,0.000398107170553,0.000398107170553,0.000398107170553,0.000398107170553,0.000398107170553,0.000398107170553,0.000398107170553,0.000398107170553,0.000398107170553,0.000398107170553,0.000398107170553,0.000398107170553,0.000398107170553,0.000398107170553,1,X14 X22 X23 X31,0.978111111111,0.00300234050888,0.978111111111,0.00300234050888
0.000398107170553,0.000398107170553,0.000398107170553,0.000398107170553,0.000398107170553,0.000398107170553,0.000398107170553,0.000398107170553,0.000398107170553,0.000398107170553,0.000398107170553,0.000398107170553,0.000398107170553,0.000398107170553,0.000398107170553,0.000398107170553,0.000398107170553,0.000398107170553,1,X15 X23 X24 X32,0.979066666667,0.00361605614848,0.979066666667,0.00361605614848
0.000398107170553,0.000398107170553,0.000398107170553,0.000398107170553,0.000398107170553,0.000398107170553,0.000398107170553,0.000398107170553,0.000398107170553,0.000398107170553,0.000398107170553,0.000398107170553,0.000398107170553,0.000398107170553,0.000398107170553,0.000398107170553,0.000398107170553,0.000398107170553,1,X16 X24 X25 X33,0.916022222222,0.00824989647367,0.916022222222,0.00824989647367
0.000398107170553,0.000398107170553,0.000398107170553,0.000398107170553,0.000398107170553,0.000398107170553,0.000398107170553,0.000398107170553,0.000398107170553,0.000398107170553,0.000398107170553,0.000398107170553,0.000398107170553,0.000398107170553,0.000398107170553,0.000398107170553,0.000398107170553,0.000398107170553,1,X2 X3 X11,0.960466666667,0.00429969258457,0.960466666667,0.00429969258457
0.000398107170553,0.000398107170553,0.000398107170553,0.000398107170553,0.000398107170553,0.000398107170553,0.000398107170553,0.000398107170553,0.000398107170553,0.000398107170553,0.000398107170553,0.000398107170553,0.000398107170553,0.000398107170553,0.000398107170553,0.000398107170553,0.000398107170553,0.000398107170553,1,X26 X34 X35 X43,0.977,0.00347845035299,0.977,0.00347845035299
0.000398107170553,0.000398107170553,0.000398107170553,0.000398107170553,0.000398107170553,0.000398107170553,0.000398107170553,0.000398107170553,0.000398107170553,0.000398107170553,0.000398107170553,0.000398107170553,0.000398107170553,0.000398107170553,0.000398107170553,0.000398107170553,0.000398107170553,0.000398107170553,1,X27 X35 X36 X44,0.9768,0.00378502797633,0.9768,0.00378502797633
0.000398107170553,0.000398107170553,0.000398107170553,0.000398107170553,0.000398107170553,0.000398107170553,0.000398107170553,0.000398107170553,0.000398107170553,0.000398107170553,0.000398107170553,0.000398107170553,0.000398107170553,0.000398107170553,0.000398107170553,0.000398107170553,0.000398107170553,0.000398107170553,1,X28 X36 X37 X45,0.9766,0.00447847127722,0.9766,0.00447847127722
0.000398107170553,0.000398107170553,0.000398107170553,0.000398107170553,0.000398107170553,0.000398107170553,0.000398107170553,0.000398107170553,0.000398107170553,0.000398107170553,0.000398107170553,0.000398107170553,0.000398107170553,0.000398107170553,0.000398107170553,0.000398107170553,0.000398107170553,0.000398107170553,1,X29 X37 X38 X46,0.978177777778,0.00339001614315,0.978177777778,0.00339001614315
0.000398107170553,0.000398107170553,0.000398107170553,0.000398107170553,0.000398107170553,0.000398107170553,0.000398107170553,0.000398107170553,0.000398107170553,0.000398107170553,0.000398107170553,0.000398107170553,0.000398107170553,0.000398107170553,0.000398107170553,0.000398107170553,0.000398107170553,0.000398107170553,1,X3 X4 X12,0.953066666667,0.0053091405312,0.953066666667,0.0053091405312
0.000398107170553,0.000398107170553,0.000398107170553,0.000398107170553,0.000398107170553,0.000398107170553,0.000398107170553,0.000398107170553,0.000398107170553,0.000398107170553,0.000398107170553,0.000398107170553,0.000398107170553,0.000398107170553,0.000398107170553,0.000398107170553,0.000398107170553,0.000398107170553,1,X30 X38 X39 X47,0.977311111111,0.00377319984059,0.977311111111,0.00377319984059
0.000398107170553,0.000398107170553,0.000398107170553,0.000398107170553,0.000398107170553,0.000398107170553,0.000398107170553,0.000398107170553,0.000398107170553,0.000398107170553,0.000398107170553,0.000398107170553,0.000398107170553,0.000398107170553,0.000398107170553,0.000398107170553,0.000398107170553,0.000398107170553,1,X31 X39 X40 X48,0.978911111111,0.00336073032262,0.978911111111,0.00336073032262
0.000398107170553,0.000398107170553,0.000398107170553,0.000398107170553,0.000398107170553,0.000398107170553,0.000398107170553,0.000398107170553,0.000398107170553,0.000398107170553,0.000398107170553,0.000398107170553,0.000398107170553,0.000398107170553,0.000398107170553,0.000398107170553,0.000398107170553,0.000398107170553,1,X32 X40 X41 X49,0.977333333333,0.00376717014233,0.977333333333,0.00376717014233
0.000398107170553,0.000398107170553,0.000398107170553,0.000398107170553,0.000398107170553,0.000398107170553,0.000398107170553,0.000398107170553,0.000398107170553,0.000398107170553,0.000398107170553,0.000398107170553,0.000398107170553,0.000398107170553,0.000398107170553,0.000398107170553,0.000398107170553,0.000398107170553,1,X33 X41 X42 X50,0.916866666667,0.00746516815833,0.916866666667,0.00746516815833
0.000398107170553,0.000398107170553,0.000398107170553,0.000398107170553,0.000398107170553,0.000398107170553,0.000398107170553,0.000398107170553,0.000398107170553,0.000398107170553,0.000398107170553,0.000398107170553,0.000398107170553,0.000398107170553,0.000398107170553,0.000398107170553,0.000398107170553,0.000398107170553,1,X4 X5 X13,0.942133333333,0.00566335264825,0.942133333333,0.00566335264825
0.000398107170553,0.000398107170553,0.000398107170553,0.000398107170553,0.000398107170553,0.000398107170553,0.000398107170553,0.000398107170553,0.000398107170553,0.000398107170553,0.000398107170553,0.000398107170553,0.000398107170553,0.000398107170553,0.000398107170553,0.000398107170553,0.000398107170553,0.000398107170553,1,X43 X51 X52 X60,0.978533333333,0.00319674163612,0.978533333333,0.00319674163612
0.000398107170553,0.000398107170553,0.000398107170553,0.000398107170553,0.000398107170553,0.000398107170553,0.000398107170553,0.000398107170553,0.000398107170553,0.000398107170553,0.000398107170553,0.000398107170553,0.000398107170553,0.000398107170553,0.000398107170553,0.000398107170553,0.000398107170553,0.000398107170553,1,X44 X52 X53 X61,0.978422222222,0.00333785134427,0.978422222222,0.00333785134427
0.000398107170553,0.000398107170553,0.000398107170553,0.000398107170553,0.000398107170553,0.000398107170553,0.000398107170553,0.000398107170553,0.000398107170553,0.000398107170553,0.000398107170553,0.000398107170553,0.000398107170553,0.000398107170553,0.000398107170553,0.000398107170553,0.000398107170553,0.000398107170553,1,X45 X53 X54 X62,0.977311111111,0.00451980175652,0.977311111111,0.00451980175652
0.000398107170553,0.000398107170553,0.000398107170553,0.000398107170553,0.000398107170553,0.000398107170553,0.000398107170553,0.000398107170553,0.000398107170553,0.000398107170553,0.000398107170553,0.000398107170553,0.000398107170553,0.000398107170553,0.000398107170553,0.000398107170553,0.000398107170553,0.000398107170553,1,X46 X54 X55 X63,0.978155555556,0.00430515447396,0.978155555556,0.00430515447396
0.000398107170553,0.000398107170553,0.000398107170553,0.000398107170553,0.000398107170553,0.000398107170553,0.000398107170553,0.000398107170553,0.000398107170553,0.000398107170553,0.000398107170553,0.000398107170553,0.000398107170553,0.000398107170553,0.000398107170553,0.000398107170553,0.000398107170553,0.000398107170553,1,X47 X55 X56 X64,0.978244444444,0.0033332567041,0.978244444444,0.0033332567041
0.000398107170553,0.000398107170553,0.000398107170553,0.000398107170553,0.000398107170553,0.000398107170553,0.000398107170553,0.000398107170553,0.000398107170553,0.000398107170553,0.000398107170553,0.000398107170553,0.000398107170553,0.000398107170553,0.000398107170553,0.000398107170553,0.000398107170553,0.000398107170553,1,X48 X56 X57 X65,0.978844444444,0.00340355159706,0.978844444444,0.00340355159706
0.000398107170553,0.000398107170553,0.000398107170553,0.000398107170553,0.000398107170553,0.000398107170553,0.000398107170553,0.000398107170553,0.000398107170553,0.000398107170553,0.000398107170553,0.000398107170553,0.000398107170553,0.000398107170553,0.000398107170553,0.000398107170553,0.000398107170553,0.000398107170553,1,X49 X57 X58 X66,0.977666666667,0.00427681981611,0.977666666667,0.00427681981611
0.000398107170553,0.000398107170553,0.000398107170553,0.000398107170553,0.000398107170553,0.000398107170553,0.000398107170553,0.000398107170553,0.000398107170553,0.000398107170553,0.000398107170553,0.000398107170553,0.000398107170553,0.000398107170553,0.000398107170553,0.000398107170553,0.000398107170553,0.000398107170553,1,X5 X6 X14,0.931822222222,0.00629037660266,0.931822222222,0.00629037660266
0.000398107170553,0.000398107170553,0.000398107170553,0.000398107170553,0.000398107170553,0.000398107170553,0.000398107170553,0.000398107170553,0.000398107170553,0.000398107170553,0.000398107170553,0.000398107170553,0.000398107170553,0.000398107170553,0.000398107170553,0.000398107170553,0.000398107170553,0.000398107170553,1,X50 X58 X59 X67,0.915,0.00682288239221,0.915,0.00682288239221
0.000398107170553,0.000398107170553,0.000398107170553,0.000398107170553,0.000398107170553,0.000398107170553,0.000398107170553,0.000398107170553,0.000398107170553,0.000398107170553,0.000398107170553,0.000398107170553,0.000398107170553,0.000398107170553,0.000398107170553,0.000398107170553,0.000398107170553,0.000398107170553,1,X6 X7 X15,0.923755555556,0.00695796538133,0.923755555556,0.00695796538133
0.000398107170553,0.000398107170553,0.000398107170553,0.000398107170553,0.000398107170553,0.000398107170553,0.000398107170553,0.000398107170553,0.000398107170553,0.000398107170553,0.000398107170553,0.000398107170553,0.000398107170553,0.000398107170553,0.000398107170553,0.000398107170553,0.000398107170553,0.000398107170553,1,X60 X68 X69 X77,0.979622222222,0.00393309305065,0.979622222222,0.00393309305065
0.000398107170553,0.000398107170553,0.000398107170553,0.000398107170553,0.000398107170553,0.000398107170553,0.000398107170553,0.000398107170553,0.000398107170553,0.000398107170553,0.000398107170553,0.000398107170553,0.000398107170553,0.000398107170553,0.000398107170553,0.000398107170553,0.000398107170553,0.000398107170553,1,X61 X69 X70 X78,0.9776,0.00279353385833,0.9776,0.00279353385833
0.000398107170553,0.000398107170553,0.000398107170553,0.000398107170553,0.000398107170553,0.000398107170553,0.000398107170553,0.000398107170553,0.000398107170553,0.000398107170553,0.000398107170553,0.000398107170553,0.000398107170553,0.000398107170553,0.000398107170553,0.000398107170553,0.000398107170553,0.000398107170553,1,X62 X70 X71 X79,0.978777777778,0.00351497435266,0.978777777778,0.00351497435266
0.000398107170553,0.000398107170553,0.000398107170553,0.000398107170553,0.000398107170553,0.000398107170553,0.000398107170553,0.000398107170553,0.000398107170553,0.000398107170553,0.000398107170553,0.000398107170553,0.000398107170553,0.000398107170553,0.000398107170553,0.000398107170553,0.000398107170553,0.000398107170553,1,X63 X71 X72 X80,0.978755555556,0.00365036431639,0.978755555556,0.00365036431639
0.000398107170553,0.000398107170553,0.000398107170553,0.000398107170553,0.000398107170553,0.000398107170553,0.000398107170553,0.000398107170553,0.000398107170553,0.000398107170553,0.000398107170553,0.000398107170553,0.000398107170553,0.000398107170553,0.000398107170553,0.000398107170553,0.000398107170553,0.000398107170553,1,X64 X72 X73 X81,0.977644444444,0.00342509706587,0.977644444444,0.00342509706587
0.000398107170553,0.000398107170553,0.000398107170553,0.000398107170553,0.000398107170553,0.000398107170553,0.000398107170553,0.000398107170553,0.000398107170553,0.000398107170553,0.000398107170553,0.000398107170553,0.000398107170553,0.000398107170553,0.000398107170553,0.000398107170553,0.000398107170553,0.000398107170553,1,X65 X73 X74 X82,0.977888888889,0.00408748518301,0.977888888889,0.00408748518301
0.000398107170553,0.000398107170553,0.000398107170553,0.000398107170553,0.000398107170553,0.000398107170553,0.000398107170553,0.000398107170553,0.000398107170553,0.000398107170553,0.000398107170553,0.000398107170553,0.000398107170553,0.000398107170553,0.000398107170553,0.000398107170553,0.000398107170553,0.000398107170553,1,X66 X74 X75 X83,0.978266666667,0.00312498275857,0.978266666667,0.00312498275857
0.000398107170553,0.000398107170553,0.000398107170553,0.000398107170553,0.000398107170553,0.000398107170553,0.000398107170553,0.000398107170553,0.000398107170553,0.000398107170553,0.000398107170553,0.000398107170553,0.000398107170553,0.000398107170553,0.000398107170553,0.000398107170553,0.000398107170553,0.000398107170553,1,X67 X75 X76 X84,0.9172,0.00768618205847,0.9172,0.00768618205847
0.000398107170553,0.000398107170553,0.000398107170553,0.000398107170553,0.000398107170553,0.000398107170553,0.000398107170553,0.000398107170553,0.000398107170553,0.000398107170553,0.000398107170553,0.000398107170553,0.000398107170553,0.000398107170553,0.000398107170553,0.000398107170553,0.000398107170553,0.000398107170553,1,X7 X8 X16,0.918955555556,0.00765878321985,0.918955555556,0.00765878321985
0.000398107170553,0.000398107170553,0.000398107170553,0.000398107170553,0.000398107170553,0.000398107170553,0.000398107170553,0.000398107170553,0.000398107170553,0.000398107170553,0.000398107170553,0.000398107170553,0.000398107170553,0.000398107170553,0.000398107170553,0.000398107170553,0.000398107170553,0.000398107170553,1,X77 X85 X86 X94,0.9784,0.00403281558375,0.9784,0.00403281558375
0.000398107170553,0.000398107170553,0.000398107170553,0.000398107170553,0.000398107170553,0.000398107170553,0.000398107170553,0.000398107170553,0.000398107170553,0.000398107170553,0.000398107170553,0.000398107170553,0.000398107170553,0.000398107170553,0.000398107170553,0.000398107170553,0.000398107170553,0.000398107170553,1,X78 X86 X87 X95,0.977,0.00416425217399,0.977,0.00416425217399
0.000398107170553,0.000398107170553,0.000398107170553,0.000398107170553,0.000398107170553,0.000398107170553,0.000398107170553,0.000398107170553,0.000398107170553,0.000398107170553,0.000398107170553,0.000398107170553,0.000398107170553,0.000398107170553,0.000398107170553,0.000398107170553,0.000398107170553,0.000398107170553,1,X79 X87 X88 X96,0.977644444444,0.00421903489294,0.977644444444,0.00421903489294
0.000398107170553,0.000398107170553,0.000398107170553,0.000398107170553,0.000398107170553,0.000398107170553,0.000398107170553,0.000398107170553,0.000398107170553,0.000398107170553,0.000398107170553,0.000398107170553,0.000398107170553,0.000398107170553,0.000398107170553,0.000398107170553,0.000398107170553,0.000398107170553,1,X80 X88 X89 X97,0.977,0.00436197431485,0.977,0.00436197431485
0.000398107170553,0.000398107170553,0.000398107170553,0.000398107170553,0.000398107170553,0.000398107170553,0.000398107170553,0.000398107170553,0.000398107170553,0.000398107170553,0.000398107170553,0.000398107170553,0.000398107170553,0.000398107170553,0.000398107170553,0.000398107170553,0.000398107170553,0.000398107170553,1,X81 X89 X90 X98,0.978977777778,0.00334816623149,0.978977777778,0.00334816623149
0.000398107170553,0.000398107170553,0.000398107170553,0.000398107170553,0.000398107170553,0.000398107170553,0.000398107170553,0.000398107170553,0.000398107170553,0.000398107170553,0.000398107170553,0.000398107170553,0.000398107170553,0.000398107170553,0.000398107170553,0.000398107170553,0.000398107170553,0.000398107170553,1,X82 X90 X91 X99,0.9794,0.00366969571854,0.9794,0.00366969571854
0.000398107170553,0.000398107170553,0.000398107170553,0.000398107170553,0.000398107170553,0.000398107170553,0.000398107170553,0.000398107170553,0.000398107170553,0.000398107170553,0.000398107170553,0.000398107170553,0.000398107170553,0.000398107170553,0.000398107170553,0.000398107170553,0.000398107170553,0.000398107170553,1,X83 X91 X92 X100,0.977844444444,0.0033433565777,0.977844444444,0.0033433565777
0.000398107170553,0.000398107170553,0.000398107170553,0.000398107170553,0.000398107170553,0.000398107170553,0.000398107170553,0.000398107170553,0.000398107170553,0.000398107170553,0.000398107170553,0.000398107170553,0.000398107170553,0.000398107170553,0.000398107170553,0.000398107170553,0.000398107170553,0.000398107170553,1,X84 X92 X93 X101,0.913577777778,0.00700844227276,0.913577777778,0.00700844227276
0.000398107170553,0.000398107170553,0.000398107170553,0.000398107170553,0.000398107170553,0.000398107170553,0.000398107170553,0.000398107170553,0.000398107170553,0.000398107170553,0.000398107170553,0.000398107170553,0.000398107170553,0.000398107170553,0.000398107170553,0.000398107170553,0.000398107170553,0.000398107170553,1,X9 X17 X18 X26,0.978177777778,0.00442193533793,0.978177777778,0.00442193533793
0.000398107170553,0.000398107170553,0.000398107170553,0.000398107170553,0.000398107170553,0.000398107170553,0.000398107170553,0.000398107170553,0.000398107170553,0.000398107170553,0.000398107170553,0.000398107170553,0.000398107170553,0.000398107170553,0.000398107170553,0.000398107170553,0.000398107170553,0.000398107170553,1,X94 X102 X103 X111,0.978288888889,0.00381842009949,0.978288888889,0.00381842009949
0.000398107170553,0.000398107170553,0.000398107170553,0.000398107170553,0.000398107170553,0.000398107170553,0.000398107170553,0.000398107170553,0.000398107170553,0.000398107170553,0.000398107170553,0.000398107170553,0.000398107170553,0.000398107170553,0.000398107170553,0.000398107170553,0.000398107170553,0.000398107170553,1,X95 X103 X104 X112,0.978511111111,0.0037454783297,0.978511111111,0.0037454783297
0.000398107170553,0.000398107170553,0.000398107170553,0.000398107170553,0.000398107170553,0.000398107170553,0.000398107170553,0.000398107170553,0.000398107170553,0.000398107170553,0.000398107170553,0.000398107170553,0.000398107170553,0.000398107170553,0.000398107170553,0.000398107170553,0.000398107170553,0.000398107170553,1,X96 X104 X105 X113,0.977866666667,0.00341014937707,0.977866666667,0.00341014937707
0.000398107170553,0.000398107170553,0.000398107170553,0.000398107170553,0.000398107170553,0.000398107170553,0.000398107170553,0.000398107170553,0.000398107170553,0.000398107170553,0.000398107170553,0.000398107170553,0.000398107170553,0.000398107170553,0.000398107170553,0.000398107170553,0.000398107170553,0.000398107170553,1,X97 X105 X106 X114,0.979577777778,0.00445834989434,0.979577777778,0.00445834989434
0.000398107170553,0.000398107170553,0.000398107170553,0.000398107170553,0.000398107170553,0.000398107170553,0.000398107170553,0.000398107170553,0.000398107170553,0.000398107170553,0.000398107170553,0.000398107170553,0.000398107170553,0.000398107170553,0.000398107170553,0.000398107170553,0.000398107170553,0.000398107170553,1,X98 X106 X107 X115,0.977844444444,0.00320766960841,0.977844444444,0.00320766960841
0.000398107170553,0.000398107170553,0.000398107170553,0.000398107170553,0.000398107170553,0.000398107170553,0.000398107170553,0.000398107170553,0.000398107170553,0.000398107170553,0.000398107170553,0.000398107170553,0.000398107170553,0.000398107170553,0.000398107170553,0.000398107170553,0.000398107170553,0.000398107170553,1,X99 X107 X108 X116,0.978733333333,0.00374001864482,0.978733333333,0.00374001864482
0.000398107170553,0.000398107170553,0.000398107170553,0.000398107170553,0.000398107170553,0.000398107170553,0.000398107170553,0.000398107170553,0.000398107170553,0.000398107170553,0.000398107170553,0.000398107170553,0.000398107170553,0.000398107170553,0.000398107170553,0.000398107170553,0.000398107170553,0.000398107170553,1,Z0 Z9 Z17,0.978066666667,0.00433236063354,0.978066666667,0.00433236063354
0.000398107170553,0.000398107170553,0.000398107170553,0.000398107170553,0.000398107170553,0.000398107170553,0.000398107170553,0.000398107170553,0.000398107170553,0.000398107170553,0.000398107170553,0.000398107170553,0.000398107170553,0.000398107170553,0.000398107170553,0.000398107170553,0.000398107170553,0.000398107170553,1,Z1 Z9 Z10 Z18,0.965311111111,0.00515353045179,0.965311111111,0.00515353045179
0.000398107170553,0.000398107170553,0.000398107170553,0.000398107170553,0.000398107170553,0.000398107170553,0.000398107170553,0.000398107170553,0.000398107170553,0.000398107170553,0.000398107170553,0.000398107170553,0.000398107170553,0.000398107170553,0.000398107170553,0.000398107170553,0.000398107170553,0.000398107170553,1,Z102 Z111 Z119,0.974866666667,0.00472102982466,0.974866666667,0.00472102982466
0.000398107170553,0.000398107170553,0.000398107170553,0.000398107170553,0.000398107170553,0.000398107170553,0.000398107170553,0.000398107170553,0.000398107170553,0.000398107170553,0.000398107170553,0.000398107170553,0.000398107170553,0.000398107170553,0.000398107170553,0.000398107170553,0.000398107170553,0.000398107170553,1,Z103 Z111 Z112 Z120,0.972444444444,0.00425376401572,0.972444444444,0.00425376401572
0.000398107170553,0.000398107170553,0.000398107170553,0.000398107170553,0.000398107170553,0.000398107170553,0.000398107170553,0.000398107170553,0.000398107170553,0.000398107170553,0.000398107170553,0.000398107170553,0.000398107170553,0.000398107170553,0.000398107170553,0.000398107170553,0.000398107170553,0.000398107170553,1,Z104 Z112 Z113 Z121,0.973488888889,0.00484450420013,0.973488888889,0.00484450420013
0.000398107170553,0.000398107170553,0.000398107170553,0.000398107170553,0.000398107170553,0.000398107170553,0.000398107170553,0.000398107170553,0.000398107170553,0.000398107170553,0.000398107170553,0.000398107170553,0.000398107170553,0.000398107170553,0.000398107170553,0.000398107170553,0.000398107170553,0.000398107170553,1,Z105 Z113 Z114 Z122,0.972066666667,0.00448531020809,0.972066666667,0.00448531020809
0.000398107170553,0.000398107170553,0.000398107170553,0.000398107170553,0.000398107170553,0.000398107170553,0.000398107170553,0.000398107170553,0.000398107170553,0.000398107170553,0.000398107170553,0.000398107170553,0.000398107170553,0.000398107170553,0.000398107170553,0.000398107170553,0.000398107170553,0.000398107170553,1,Z106 Z114 Z115 Z123,0.971822222222,0.00378718684032,0.971822222222,0.00378718684032
0.000398107170553,0.000398107170553,0.000398107170553,0.000398107170553,0.000398107170553,0.000398107170553,0.000398107170553,0.000398107170553,0.000398107170553,0.000398107170553,0.000398107170553,0.000398107170553,0.000398107170553,0.000398107170553,0.000398107170553,0.000398107170553,0.000398107170553,0.000398107170553,1,Z107 Z115 Z116 Z124,0.971733333333,0.00380602466555,0.971733333333,0.00380602466555
0.000398107170553,0.000398107170553,0.000398107170553,0.000398107170553,0.000398107170553,0.000398107170553,0.000398107170553,0.000398107170553,0.000398107170553,0.000398107170553,0.000398107170553,0.000398107170553,0.000398107170553,0.000398107170553,0.000398107170553,0.000398107170553,0.000398107170553,0.000398107170553,1,Z108 Z116 Z117 Z125,0.973133333333,0.00395433706317,0.973133333333,0.00395433706317
0.000398107170553,0.000398107170553,0.000398107170553,0.000398107170553,0.000398107170553,0.000398107170553,0.000398107170553,0.000398107170553,0.000398107170553,0.000398107170553,0.000398107170553,0.000398107170553,0.000398107170553,0.000398107170553,0.000398107170553,0.000398107170553,0.000398107170553,0.000398107170553,1,Z109 Z117 Z118 Z126,0.936533333333,0.00661450860895,0.936533333333,0.00661450860895
0.000398107170553,0.000398107170553,0.000398107170553,0.000398107170553,0.000398107170553,0.000398107170553,0.000398107170553,0.000398107170553,0.000398107170553,0.000398107170553,0.000398107170553,0.000398107170553,0.000398107170553,0.000398107170553,0.000398107170553,0.000398107170553,0.000398107170553,0.000398107170553,1,Z110 Z118 Z127,0.946,0.00669419603361,0.946,0.00669419603361
0.000398107170553,0.000398107170553,0.000398107170553,0.000398107170553,0.000398107170553,0.000398107170553,0.000398107170553,0.000398107170553,0.000398107170553,0.000398107170553,0.000398107170553,0.000398107170553,0.000398107170553,0.000398107170553,0.000398107170553,0.000398107170553,0.000398107170553,0.000398107170553,1,Z119 Z128 Z136,0.973977777778,0.00428660332566,0.973977777778,0.00428660332566
0.000398107170553,0.000398107170553,0.000398107170553,0.000398107170553,0.000398107170553,0.000398107170553,0.000398107170553,0.000398107170553,0.000398107170553,0.000398107170553,0.000398107170553,0.000398107170553,0.000398107170553,0.000398107170553,0.000398107170553,0.000398107170553,0.000398107170553,0.000398107170553,1,Z120 Z128 Z129 Z137,0.972222222222,0.00405076345232,0.972222222222,0.00405076345232
0.000398107170553,0.000398107170553,0.000398107170553,0.000398107170553,0.000398107170553,0.000398107170553,0.000398107170553,0.000398107170553,0.000398107170553,0.000398107170553,0.000398107170553,0.000398107170553,0.000398107170553,0.000398107170553,0.000398107170553,0.000398107170553,0.000398107170553,0.000398107170553,1,Z121 Z129 Z130 Z138,0.969733333333,0.00400612557786,0.969733333333,0.00400612557786
0.000398107170553,0.000398107170553,0.000398107170553,0.000398107170553,0.000398107170553,0.000398107170553,0.000398107170553,0.000398107170553,0.000398107170553,0.000398107170553,0.000398107170553,0.000398107170553,0.000398107170553,0.000398107170553,0.000398107170553,0.000398107170553,0.000398107170553,0.000398107170553,1,Z122 Z130 Z131 Z139,0.971222222222,0.00412852272275,0.971222222222,0.00412852272275
0.000398107170553,0.000398107170553,0.000398107170553,0.000398107170553,0.000398107170553,0.000398107170553,0.000398107170553,0.000398107170553,0.000398107170553,0.000398107170553,0.000398107170553,0.000398107170553,0.000398107170553,0.000398107170553,0.000398107170553,0.000398107170553,0.000398107170553,0.000398107170553,1,Z123 Z131 Z132 Z140,0.972288888889,0.00359941814512,0.972288888889,0.00359941814512
0.000398107170553,0.000398107170553,0.000398107170553,0.000398107170553,0.000398107170553,0.000398107170553,0.000398107170553,0.000398107170553,0.000398107170553,0.000398107170553,0.000398107170553,0.000398107170553,0.000398107170553,0.000398107170553,0.000398107170553,0.000398107170553,0.000398107170553,0.000398107170553,1,Z124 Z132 Z133 Z141,0.971244444444,0.0045846097143,0.971244444444,0.0045846097143
0.000398107170553,0.000398107170553,0.000398107170553,0.000398107170553,0.000398107170553,0.000398107170553,0.000398107170553,0.000398107170553,0.000398107170553,0.000398107170553,0.000398107170553,0.000398107170553,0.000398107170553,0.000398107170553,0.000398107170553,0.000398107170553,0.000398107170553,0.000398107170553,1,Z125 Z133 Z134 Z142,0.972244444444,0.00346844929115,0.972244444444,0.00346844929115
0.000398107170553,0.000398107170553,0.000398107170553,0.000398107170553,0.000398107170553,0.000398107170553,0.000398107170553,0.000398107170553,0.000398107170553,0.000398107170553,0.000398107170553,0.000398107170553,0.000398107170553,0.000398107170553,0.000398107170553,0.000398107170553,0.000398107170553,0.000398107170553,1,Z126 Z134 Z135 Z143,0.935533333333,0.00635392900441,0.935533333333,0.00635392900441
0.000398107170553,0.000398107170553,0.000398107170553,0.000398107170553,0.000398107170553,0.000398107170553,0.000398107170553,0.000398107170553,0.000398107170553,0.000398107170553,0.000398107170553,0.000398107170553,0.000398107170553,0.000398107170553,0.000398107170553,0.000398107170553,0.000398107170553,0.000398107170553,1,Z127 Z135 Z144,0.912888888889,0.00866283440176,0.912888888889,0.00866283440176
0.000398107170553,0.000398107170553,0.000398107170553,0.000398107170553,0.000398107170553,0.000398107170553,0.000398107170553,0.000398107170553,0.000398107170553,0.000398107170553,0.000398107170553,0.000398107170553,0.000398107170553,0.000398107170553,0.000398107170553,0.000398107170553,0.000398107170553,0.000398107170553,1,Z17 Z26 Z34,0.9788,0.00405857495327,0.9788,0.00405857495327
0.000398107170553,0.000398107170553,0.000398107170553,0.000398107170553,0.000398107170553,0.000398107170553,0.000398107170553,0.000398107170553,0.000398107170553,0.000398107170553,0.000398107170553,0.000398107170553,0.000398107170553,0.000398107170553,0.000398107170553,0.000398107170553,0.000398107170553,0.000398107170553,1,Z18 Z26 Z27 Z35,0.971822222222,0.00420156268441,0.971822222222,0.00420156268441
0.000398107170553,0.000398107170553,0.000398107170553,0.000398107170553,0.000398107170553,0.000398107170553,0.000398107170553,0.000398107170553,0.000398107170553,0.000398107170553,0.000398107170553,0.000398107170553,0.000398107170553,0.000398107170553,0.000398107170553,0.000398107170553,0.000398107170553,0.000398107170553,1,Z19 Z27 Z28 Z36,0.972088888889,0.00352216118491,0.972088888889,0.00352216118491
0.000398107170553,0.000398107170553,0.000398107170553,0.000398107170553,0.000398107170553,0.000398107170553,0.000398107170553,0.000398107170553,0.000398107170553,0.000398107170553,0.000398107170553,0.000398107170553,0.000398107170553,0.000398107170553,0.000398107170553,0.000398107170553,0.000398107170553,0.000398107170553,1,Z2 Z10 Z11 Z19,0.961933333333,0.00613850356794,0.961933333333,0.00613850356794
0.000398107170553,0.000398107170553,0.000398107170553,0.000398107170553,0.000398107170553,0.000398107170553,0.000398107170553,0.000398107170553,0.000398107170553,0.000398107170553,0.000398107170553,0.000398107170553,0.000398107170553,0.000398107170553,0.000398107170553,0.000398107170553,0.000398107170553,0.000398107170553,1,Z20 Z28 Z29 Z37,0.971244444444,0.00531817769998,0.971244444444,0.00531817769998
0.000398107170553,0.000398107170553,0.000398107170553,0.000398107170553,0.000398107170553,0.000398107170553,0.000398107170553,0.000398107170553,0.000398107170553,0.000398107170553,0.000398107170553,0.000398107170553,0.000398107170553,0.000398107170553,0.000398107170553,0.000398107170553,0.000398107170553,0.000398107170553,1,Z21 Z29 Z30 Z38,0.9708,0.00502682459583,0.9708,0.00502682459583
0.000398107170553,0.000398107170553,0.000398107170553,0.000398107170553,0.000398107170553,0.000398107170553,0.000398107170553,0.000398107170553,0.000398107170553,0.000398107170553,0.000398107170553,0.000398107170553,0.000398107170553,0.000398107170553,0.000398107170553,0.000398107170553,0.000398107170553,0.000398107170553,1,Z22 Z30 Z31 Z39,0.971155555556,0.00466151878078,0.971155555556,0.00466151878078
0.000398107170553,0.000398107170553,0.000398107170553,0.000398107170553,0.000398107170553,0.000398107170553,0.000398107170553,0.000398107170553,0.000398107170553,0.000398107170553,0.000398107170553,0.000398107170553,0.000398107170553,0.000398107170553,0.000398107170553,0.000398107170553,0.000398107170553,0.000398107170553,1,Z23 Z31 Z32 Z40,0.971488888889,0.00457775173894,0.971488888889,0.00457775173894
0.000398107170553,0.000398107170553,0.000398107170553,0.000398107170553,0.000398107170553,0.000398107170553,0.000398107170553,0.000398107170553,0.000398107170553,0.000398107170553,0.000398107170553,0.000398107170553,0.000398107170553,0.000398107170553,0.000398107170553,0.000398107170553,0.000398107170553,0.000398107170553,1,Z24 Z32 Z33 Z41,0.944088888889,0.00616934290069,0.944088888889,0.00616934290069
0.000398107170553,0.000398107170553,0.000398107170553,0.000398107170553,0.000398107170553,0.000398107170553,0.000398107170553,0.000398107170553,0.000398107170553,0.000398107170553,0.000398107170553,0.000398107170553,0.000398107170553,0.000398107170553,0.000398107170553,0.000398107170553,0.000398107170553,0.000398107170553,1,Z25 Z33 Z42,0.942622222222,0.00621439025428,0.942622222222,0.00621439025428
0.000398107170553,0.000398107170553,0.000398107170553,0.000398107170553,0.000398107170553,0.000398107170553,0.000398107170553,0.000398107170553,0.000398107170553,0.000398107170553,0.000398107170553,0.000398107170553,0.000398107170553,0.000398107170553,0.000398107170553,0.000398107170553,0.000398107170553,0.000398107170553,1,Z3 Z11 Z12 Z20,0.958466666667,0.00561647821915,0.958466666667,0.00561647821915
0.000398107170553,0.000398107170553,0.000398107170553,0.000398107170553,0.000398107170553,0.000398107170553,0.000398107170553,0.000398107170553,0.000398107170553,0.000398107170553,0.000398107170553,0.000398107170553,0.000398107170553,0.000398107170553,0.000398107170553,0.000398107170553,0.000398107170553,0.000398107170553,1,Z34 Z43 Z51,0.976955555556,0.00416400681386,0.976955555556,0.00416400681386
0.000398107170553,0.000398107170553,0.000398107170553,0.000398107170553,0.000398107170553,0.000398107170553,0.000398107170553,0.000398107170553,0.000398107170553,0.000398107170553,0.000398107170553,0.000398107170553,0.000398107170553,0.000398107170553,0.000398107170553,0.000398107170553,0.000398107170553,0.000398107170553,1,Z35 Z43 Z44 Z52,0.970977777778,0.00551343419089,0.970977777778,0.00551343419089
0.000398107170553,0.000398107170553,0.000398107170553,0.000398107170553,0.000398107170553,0.000398107170553,0.000398107170553,0.000398107170553,0.000398107170553,0.000398107170553,0.000398107170553,0.000398107170553,0.000398107170553,0.000398107170553,0.000398107170553,0.000398107170553,0.000398107170553,0.000398107170553,1,Z36 Z44 Z45 Z53,0.971155555556,0.00515486849696,0.971155555556,0.00515486849696
0.000398107170553,0.000398107170553,0.000398107170553,0.000398107170553,0.000398107170553,0.000398107170553,0.000398107170553,0.000398107170553,0.000398107170553,0.000398107170553,0.000398107170553,0.000398107170553,0.000398107170553,0.000398107170553,0.000398107170553,0.000398107170553,0.000398107170553,0.000398107170553,1,Z37 Z45 Z46 Z54,0.972955555556,0.00405964471327,0.972955555556,0.00405964471327
0.000398107170553,0.000398107170553,0.000398107170553,0.000398107170553,0.000398107170553,0.000398107170553,0.000398107170553,0.000398107170553,0.000398107170553,0.000398107170553,0.000398107170553,0.000398107170553,0.000398107170553,0.000398107170553,0.000398107170553,0.000398107170553,0.000398107170553,0.000398107170553,1,Z38 Z46 Z47 Z55,0.971777777778,0.00449890010682,0.971777777778,0.00449890010682
0.000398107170553,0.000398107170553,0.000398107170553,0.000398107170553,0.000398107170553,0.000398107170553,0.000398107170553,0.000398107170553,0.000398107170553,0.000398107170553,0.000398107170553,0.000398107170553,0.000398107170553,0.000398107170553,0.000398107170553,0.000398107170553,0.000398107170553,0.000398107170553,1,Z39 Z47 Z48 Z56,0.970533333333,0.00376065535986,0.970533333333,0.00376065535986
0.000398107170553,0.000398107170553,0.000398107170553,0.000398107170553,0.000398107170553,0.000398107170553,0.000398107170553,0.000398107170553,0.000398107170553,0.000398107170553,0.000398107170553,0.000398107170553,0.000398107170553,0.000398107170553,0.000398107170553,0.000398107170553,0.000398107170553,0.000398107170553,1,Z4 Z12 Z13 Z21,0.9536,0.00533505719267,0.9536,0.00533505719267
0.000398107170553,0.000398107170553,0.000398107170553,0.000398107170553,0.000398107170553,0.000398107170553,0.000398107170553,0.000398107170553,0.000398107170553,0.000398107170553,0.000398107170553,0.000398107170553,0.000398107170553,0.000398107170553,0.000398107170553,0.000398107170553,0.000398107170553,0.000398107170553,1,Z40 Z48 Z49 Z57,0.971133333333,0.00374738734019,0.971133333333,0.00374738734019
0.000398107170553,0.000398107170553,0.000398107170553,0.000398107170553,0.000398107170553,0.000398107170553,0.000398107170553,0.000398107170553,0.000398107170553,0.000398107170553,0.000398107170553,0.000398107170553,0.000398107170553,0.000398107170553,0.000398107170553,0.000398107170553,0.000398107170553,0.000398107170553,1,Z41 Z49 Z50 Z58,0.940644444444,0.0064694586539,0.940644444444,0.0064694586539
0.000398107170553,0.000398107170553,0.000398107170553,0.000398107170553,0.000398107170553,0.000398107170553,0.000398107170553,0.000398107170553,0.000398107170553,0.000398107170553,0.000398107170553,0.000398107170553,0.000398107170553,0.000398107170553,0.000398107170553,0.000398107170553,0.000398107170553,0.000398107170553,1,Z42 Z50 Z59,0.943733333333,0.00776197628585,0.943733333333,0.00776197628585
0.000398107170553,0.000398107170553,0.000398107170553,0.000398107170553,0.000398107170553,0.000398107170553,0.000398107170553,0.000398107170553,0.000398107170553,0.000398107170553,0.000398107170553,0.000398107170553,0.000398107170553,0.000398107170553,0.000398107170553,0.000398107170553,0.000398107170553,0.000398107170553,1,Z5 Z13 Z14 Z22,0.946933333333,0.00596438985649,0.946933333333,0.00596438985649
0.000398107170553,0.000398107170553,0.000398107170553,0.000398107170553,0.000398107170553,0.000398107170553,0.000398107170553,0.000398107170553,0.000398107170553,0.000398107170553,0.000398107170553,0.000398107170553,0.000398107170553,0.000398107170553,0.000398107170553,0.000398107170553,0.000398107170553,0.000398107170553,1,Z51 Z60 Z68,0.975177777778,0.00401026779218,0.975177777778,0.00401026779218
0.000398107170553,0.000398107170553,0.000398107170553,0.000398107170553,0.000398107170553,0.000398107170553,0.000398107170553,0.000398107170553,0.000398107170553,0.000398107170553,0.000398107170553,0.000398107170553,0.000398107170553,0.000398107170553,0.000398107170553,0.000398107170553,0.000398107170553,0.000398107170553,1,Z52 Z60 Z61 Z69,0.9726,0.00385304775619,0.9726,0.00385304775619
0.000398107170553,0.000398107170553,0.000398107170553,0.000398107170553,0.000398107170553,0.000398107170553,0.000398107170553,0.000398107170553,0.000398107170553,0.000398107170553,0.000398107170553,0.000398107170553,0.000398107170553,0.000398107170553,0.000398107170553,0.000398107170553,0.000398107170553,0.000398107170553,1,Z53 Z61 Z62 Z70,0.972022222222,0.00436806008595,0.972022222222,0.00436806008595
0.000398107170553,0.000398107170553,0.000398107170553,0.000398107170553,0.000398107170553,0.000398107170553,0.000398107170553,0.000398107170553,0.000398107170553,0.000398107170553,0.000398107170553,0.000398107170553,0.000398107170553,0.000398107170553,0.000398107170553,0.000398107170553,0.000398107170553,0.000398107170553,1,Z54 Z62 Z63 Z71,0.971822222222,0.00385934039719,0.971822222222,0.00385934039719
0.000398107170553,0.000398107170553,0.000398107170553,0.000398107170553,0.000398107170553,0.000398107170553,0.000398107170553,0.000398107170553,0.000398107170553,0.000398107170553,0.000398107170553,0.000398107170553,0.000398107170553,0.000398107170553,0.000398107170553,0.000398107170553,0.000398107170553,0.000398107170553,1,Z55 Z63 Z64 Z72,0.971688888889,0.00483199215109,0.971688888889,0.00483199215109
0.000398107170553,0.000398107170553,0.000398107170553,0.000398107170553,0.000398107170553,0.000398107170553,0.000398107170553,0.000398107170553,0.000398107170553,0.000398107170553,0.000398107170553,0.000398107170553,0.000398107170553,0.000398107170553,0.000398107170553,0.000398107170553,0.000398107170553,0.000398107170553,1,Z56 Z64 Z65 Z73,0.972444444444,0.00531702487413,0.972444444444,0.00531702487413
0.000398107170553,0.000398107170553,0.000398107170553,0.000398107170553,0.000398107170553,0.000398107170553,0.000398107170553,0.000398107170553,0.000398107170553,0.000398107170553,0.000398107170553,0.000398107170553,0.000398107170553,0.000398107170553,0.000398107170553,0.000398107170553,0.000398107170553,0.000398107170553,1,Z57 Z65 Z66 Z74,0.9718,0.00356719837051,0.9718,0.00356719837051
0.000398107170553,0.000398107170553,0.000398107170553,0.000398107170553,0.000398107170553,0.000398107170553,0.000398107170553,0.000398107170553,0.000398107170553,0.000398107170553,0.000398107170553,0.000398107170553,0.000398107170553,0.000398107170553,0.000398107170553,0.000398107170553,0.000398107170553,0.000398107170553,1,Z58 Z66 Z67 Z75,0.937533333333,0.0061479835027,0.937533333333,0.0061479835027
0.000398107170553,0.000398107170553,0.000398107170553,0.000398107170553,0.000398107170553,0.000398107170553,0.000398107170553,0.000398107170553,0.000398107170553,0.000398107170553,0.000398107170553,0.000398107170553,0.000398107170553,0.000398107170553,0.000398107170553,0.000398107170553,0.000398107170553,0.000398107170553,1,Z59 Z67 Z76,0.946355555556,0.00745198337318,0.946355555556,0.00745198337318
0.000398107170553,0.000398107170553,0.000398107170553,0.000398107170553,0.000398107170553,0.000398107170553,0.000398107170553,0.000398107170553,0.000398107170553,0.000398107170553,0.000398107170553,0.000398107170553,0.000398107170553,0.000398107170553,0.000398107170553,0.000398107170553,0.000398107170553,0.000398107170553,1,Z6 Z14 Z15 Z23,0.944244444444,0.00574151603548,0.944244444444,0.00574151603548
0.000398107170553,0.000398107170553,0.000398107170553,0.000398107170553,0.000398107170553,0.000398107170553,0.000398107170553,0.000398107170553,0.000398107170553,0.000398107170553,0.000398107170553,0.000398107170553,0.000398107170553,0.000398107170553,0.000398107170553,0.000398107170553,0.000398107170553,0.000398107170553,1,Z68 Z77 Z85,0.975888888889,0.00351497435266,0.975888888889,0.00351497435266
0.000398107170553,0.000398107170553,0.000398107170553,0.000398107170553,0.000398107170553,0.000398107170553,0.000398107170553,0.000398107170553,0.000398107170553,0.000398107170553,0.000398107170553,0.000398107170553,0.000398107170553,0.000398107170553,0.000398107170553,0.000398107170553,0.000398107170553,0.000398107170553,1,Z69 Z77 Z78 Z86,0.971622222222,0.00437226834991,0.971622222222,0.00437226834991
0.000398107170553,0.000398107170553,0.000398107170553,0.000398107170553,0.000398107170553,0.000398107170553,0.000398107170553,0.000398107170553,0.000398107170553,0.000398107170553,0.000398107170553,0.000398107170553,0.000398107170553,0.000398107170553,0.000398107170553,0.000398107170553,0.000398107170553,0.000398107170553,1,Z7 Z15 Z16 Z24,0.91,0.00850152116206,0.91,0.00850152116206
0.000398107170553,0.000398107170553,0.000398107170553,0.000398107170553,0.000398107170553,0.000398107170553,0.000398107170553,0.000398107170553,0.000398107170553,0.000398107170553,0.000398107170553,0.000398107170553,0.000398107170553,0.000398107170553,0.000398107170553,0.000398107170553,0.000398107170553,0.000398107170553,1,Z70 Z78 Z79 Z87,0.972755555556,0.00413834821226,0.972755555556,0.00413834821226
0.000398107170553,0.000398107170553,0.000398107170553,0.000398107170553,0.000398107170553,0.000398107170553,0.000398107170553,0.000398107170553,0.000398107170553,0.000398107170553,0.000398107170553,0.000398107170553,0.000398107170553,0.000398107170553,0.000398107170553,0.000398107170553,0.000398107170553,0.000398107170553,1,Z71 Z79 Z80 Z88,0.970977777778,0.00396820054699,0.970977777778,0.00396820054699
0.000398107170553,0.000398107170553,0.000398107170553,0.000398107170553,0.000398107170553,0.000398107170553,0.000398107170553,0.000398107170553,0.000398107170553,0.000398107170553,0.000398107170553,0.000398107170553,0.000398107170553,0.000398107170553,0.000398107170553,0.000398107170553,0.000398107170553,0.000398107170553,1,Z72 Z80 Z81 Z89,0.971511111111,0.00427030496218,0.971511111111,0.00427030496218
0.000398107170553,0.000398107170553,0.000398107170553,0.000398107170553,0.000398107170553,0.000398107170553,0.000398107170553,0.000398107170553,0.000398107170553,0.000398107170553,0.000398107170553,0.000398107170553,0.000398107170553,0.000398107170553,0.000398107170553,0.000398107170553,0.000398107170553,0.000398107170553,1,Z73 Z81 Z82 Z90,0.972333333333,0.00421182426052,0.972333333333,0.00421182426052
0.000398107170553,0.000398107170553,0.000398107170553,0.000398107170553,0.000398107170553,0.000398107170553,0.000398107170553,0.000398107170553,0.000398107170553,0.000398107170553,0.000398107170553,0.000398107170553,0.000398107170553,0.000398107170553,0.000398107170553,0.000398107170553,0.000398107170553,0.000398107170553,1,Z74 Z82 Z83 Z91,0.971711111111,0.0045136942192,0.971711111111,0.0045136942192
0.000398107170553,0.000398107170553,0.000398107170553,0.000398107170553,0.000398107170553,0.000398107170553,0.000398107170553,0.000398107170553,0.000398107170553,0.000398107170553,0.000398107170553,0.000398107170553,0.000398107170553,0.000398107170553,0.000398107170553,0.000398107170553,0.000398107170553,0.000398107170553,1,Z75 Z83 Z84 Z92,0.939333333333,0.00658105955205,0.939333333333,0.00658105955205
0.000398107170553,0.000398107170553,0.000398107170553,0.000398107170553,0.000398107170553,0.000398107170553,0.000398107170553,0.000398107170553,0.000398107170553,0.000398107170553,0.000398107170553,0.000398107170553,0.000398107170553,0.000398107170553,0.000398107170553,0.000398107170553,0.000398107170553,0.000398107170553,1,Z76 Z84 Z93,0.944377777778,0.00675954459763,0.944377777778,0.00675954459763
0.000398107170553,0.000398107170553,0.000398107170553,0.000398107170553,0.000398107170553,0.000398107170553,0.000398107170553,0.000398107170553,0.000398107170553,0.000398107170553,0.000398107170553,0.000398107170553,0.000398107170553,0.000398107170553,0.000398107170553,0.000398107170553,0.000398107170553,0.000398107170553,1,Z8 Z16 Z25,0.9438,0.00621985450299,0.9438,0.00621985450299
0.000398107170553,0.000398107170553,0.000398107170553,0.000398107170553,0.000398107170553,0.000398107170553,0.000398107170553,0.000398107170553,0.000398107170553,0.000398107170553,0.000398107170553,0.000398107170553,0.000398107170553,0.000398107170553,0.000398107170553,0.000398107170553,0.000398107170553,0.000398107170553,1,Z85 Z94 Z102,0.975822222222,0.00374650113486,0.975822222222,0.00374650113486
0.000398107170553,0.000398107170553,0.000398107170553,0.000398107170553,0.000398107170553,0.000398107170553,0.000398107170553,0.000398107170553,0.000398107170553,0.000398107170553,0.000398107170553,0.000398107170553,0.000398107170553,0.000398107170553,0.000398107170553,0.000398107170553,0.000398107170553,0.000398107170553,1,Z86 Z94 Z95 Z103,0.970333333333,0.00428040174288,0.970333333333,0.00428040174288
0.000398107170553,0.000398107170553,0.000398107170553,0.000398107170553,0.000398107170553,0.000398107170553,0.000398107170553,0.000398107170553,0.000398107170553,0.000398107170553,0.000398107170553,0.000398107170553,0.000398107170553,0.000398107170553,0.000398107170553,0.000398107170553,0.000398107170553,0.000398107170553,1,Z87 Z95 Z96 Z104,0.9722,0.00400822908317,0.9722,0.00400822908317
0.000398107170553,0.000398107170553,0.000398107170553,0.000398107170553,0.000398107170553,0.000398107170553,0.000398107170553,0.000398107170553,0.000398107170553,0.000398107170553,0.000398107170553,0.000398107170553,0.000398107170553,0.000398107170553,0.000398107170553,0.000398107170553,0.000398107170553,0.000398107170553,1,Z88 Z96 Z97 Z105,0.970422222222,0.00557631370934,0.970422222222,0.00557631370934
0.000398107170553,0.000398107170553,0.000398107170553,0.000398107170553,0.000398107170553,0.000398107170553,0.000398107170553,0.000398107170553,0.000398107170553,0.000398107170553,0.000398107170553,0.000398107170553,0.000398107170553,0.000398107170553,0.000398107170553,0.000398107170553,0.000398107170553,0.000398107170553,1,Z89 Z97 Z98 Z106,0.971333333333,0.0036514837167,0.971333333333,0.0036514837167
0.000398107170553,0.000398107170553,0.000398107170553,0.000398107170553,0.000398107170553,0.000398107170553,0.000398107170553,0.000398107170553,0.000398107170553,0.000398107170553,0.000398107170553,0.000398107170553,0.000398107170553,0.000398107170553,0.000398107170553,0.000398107170553,0.000398107170553,0.000398107170553,1,Z90 Z98 Z99 Z107,0.971911111111,0.00392938954179,0.971911111111,0.00392938954179
0.000398107170553,0.000398107170553,0.000398107170553,0.000398107170553,0.000398107170553,0.000398107170553,0.000398107170553,0.000398107170553,0.000398107170553,0.000398107170553,0.000398107170553,0.000398107170553,0.000398107170553,0.000398107170553,0.000398107170553,0.000398107170553,0.000398107170553,0.000398107170553,1,Z91 Z99 Z100 Z108,0.972666666667,0.00381165785875,0.972666666667,0.00381165785875
0.000398107170553,0.000398107170553,0.000398107170553,0.000398107170553,0.000398107170553,0.000398107170553,0.000398107170553,0.000398107170553,0.000398107170553,0.000398107170553,0.000398107170553,0.000398107170553,0.000398107170553,0.000398107170553,0.000398107170553,0.000398107170553,0.000398107170553,0.000398107170553,1,Z92 Z100 Z101 Z109,0.938666666667,0.00579866545619,0.938666666667,0.00579866545619
0.000398107170553,0.000398107170553,0.000398107170553,0.000398107170553,0.000398107170553,0.000398107170553,0.000398107170553,0.000398107170553,0.000398107170553,0.000398107170553,0.000398107170553,0.000398107170553,0.000398107170553,0.000398107170553,0.000398107170553,0.000398107170553,0.000398107170553,0.000398107170553,1,Z93 Z101 Z110,0.945755555556,0.0048879657784,0.945755555556,0.0048879657784
0.000398107170553,0.000398107170553,0.000398107170553,0.000398107170553,0.000398107170553,0.000398107170553,0.000398107170553,0.000398107170553,0.000398107170553,0.000398107170553,0.000398107170553,0.000398107170553,0.000398107170553,0.000398107170553,0.000398107170553,0.000398107170553,0.000398107170553,0.000398107170553,5,Logical X,0.971177777778,0.0056776319421,0.971488888889,0.00424059322581
0.000398107170553,0.000398107170553,0.000398107170553,0.000398107170553,0.000398107170553,0.000398107170553,0.000398107170553,0.000398107170553,0.000398107170553,0.000398107170553,0.000398107170553,0.000398107170553,0.000398107170553,0.000398107170553,0.000398107170553,0.000398107170553,0.000398107170553,0.000398107170553,5,Logical Y,0.0128444444444,0.0112851352857,0.00284444444444,0.0166514259818
0.000398107170553,0.000398107170553,0.000398107170553,0.000398107170553,0.000398107170553,0.000398107170553,0.000398107170553,0.000398107170553,0.000398107170553,0.000398107170553,0.000398107170553,0.000398107170553,0.000398107170553,0.000398107170553,0.000398107170553,0.000398107170553,0.000398107170553,0.000398107170553,5,Logical Z,0.0148,0.0114836548843,0.00546666666667,0.0157289298338
0.000398107170553,0.000398107170553,0.000398107170553,0.000398107170553,0.000398107170553,0.000398107170553,0.000398107170553,0.000398107170553,0.000398107170553,0.000398107170553,0.000398107170553,0.000398107170553,0.000398107170553,0.000398107170553,0.000398107170553,0.000398107170553,0.000398107170553,0.000398107170553,5,X0 X1 X9,0.978688888889,0.00391669316042,0.978688888889,0.00391669316042
0.000398107170553,0.000398107170553,0.000398107170553,0.000398107170553,0.000398107170553,0.000398107170553,0.000398107170553,0.000398107170553,0.000398107170553,0.000398107170553,0.000398107170553,0.000398107170553,0.000398107170553,0.000398107170553,0.000398107170553,0.000398107170553,0.000398107170553,0.000398107170553,5,X1 X2 X10,0.968666666667,0.00474967230166,0.968666666667,0.00474967230166
0.000398107170553,0.000398107170553,0.000398107170553,0.000398107170553,0.000398107170553,0.000398107170553,0.000398107170553,0.000398107170553,0.000398107170553,0.000398107170553,0.000398107170553,0.000398107170553,0.000398107170553,0.000398107170553,0.000398107170553,0.000398107170553,0.000398107170553,0.000398107170553,5,X10 X18 X19 X27,0.978333333333,0.0040143421041,0.978333333333,0.0040143421041
0.000398107170553,0.000398107170553,0.000398107170553,0.000398107170553,0.000398107170553,0.000398107170553,0.000398107170553,0.000398107170553,0.000398107170553,0.000398107170553,0.000398107170553,0.000398107170553,0.000398107170553,0.000398107170553,0.000398107170553,0.000398107170553,0.000398107170553,0.000398107170553,5,X100 X108 X109 X117,0.979644444444,0.00352216118491,0.979644444444,0.00352216118491
0.000398107170553,0.000398107170553,0.000398107170553,0.000398107170553,0.000398107170553,0.000398107170553,0.000398107170553,0.000398107170553,0.000398107170553,0.000398107170553,0.000398107170553,0.000398107170553,0.000398107170553,0.000398107170553,0.000398107170553,0.000398107170553,0.000398107170553,0.000398107170553,5,X101 X109 X110 X118,0.912555555556,0.00533644545216,0.912555555556,0.00533644545216
0.000398107170553,0.000398107170553,0.000398107170553,0.000398107170553,0.000398107170553,0.000398107170553,0.000398107170553,0.000398107170553,0.000398107170553,0.000398107170553,0.000398107170553,0.000398107170553,0.000398107170553,0.000398107170553,0.000398107170553,0.000398107170553,0.000398107170553,0.000398107170553,5,X11 X19 X20 X28,0.978333333333,0.00387842050246,0.978333333333,0.00387842050246
0.000398107170553,0.000398107170553,0.000398107170553,0.000398107170553,0.000398107170553,0.000398107170553,0.000398107170553,0.000398107170553,0.000398107170553,0.000398107170553,0.000398107170553,0.000398107170553,0.000398107170553,0.000398107170553,0.000398107170553,0.000398107170553,0.000398107170553,0.000398107170553,5,X111 X119 X120 X128,0.977866666667,0.00433607340425,0.977866666667,0.00433607340425
0.000398107170553,0.000398107170553,0.000398107170553,0.000398107170553,0.000398107170553,0.000398107170553,0.000398107170553,0.000398107170553,0.000398107170553,0.000398107170553,0.000398107170553,0.000398107170553,0.000398107170553,0.000398107170553,0.000398107170553,0.000398107170553,0.000398107170553,0.000398107170553,5,X112 X120 X121 X129,0.978533333333,0.00326786278829,0.978533333333,0.00326786278829
0.000398107170553,0.000398107170553,0.000398107170553,0.000398107170553,0.000398107170553,0.000398107170553,0.000398107170553,0.000398107170553,0.000398107170553,0.000398107170553,0.000398107170553,0.000398107170553,0.000398107170553,0.000398107170553,0.000398107170553,0.000398107170553,0.000398107170553,0.000398107170553,5,X113 X121 X122 X130,0.978755555556,0.00409366703995,0.978755555556,0.00409366703995
0.000398107170553,0.000398107170553,0.000398107170553,0.000398107170553,0.000398107170553,0.000398107170553,0.000398107170553,0.000398107170553,0.000398107170553,0.000398107170553,0.000398107170553,0.000398107170553,0.000398107170553,0.000398107170553,0.000398107170553,0.000398107170553,0.000398107170553,0.000398107170553,5,X114 X122 X123 X131,0.979,0.00313061755625,0.979,0.00313061755625
0.000398107170553,0.000398107170553,0.000398107170553,0.000398107170553,0.000398107170553,0.000398107170553,0.000398107170553,0.000398107170553,0.000398107170553,0.000398107170553,0.000398107170553,0.000398107170553,0.000398107170553,0.000398107170553,0.000398107170553,0.000398107170553,0.000398107170553,0.000398107170553,5,X115 X123 X124 X132,0.977711111111,0.00458109837532,0.977711111111,0.00458109837532
0.000398107170553,0.000398107170553,0.000398107170553,0.000398107170553,0.000398107170553,0.000398107170553,0.000398107170553,0.000398107170553,0.000398107170553,0.000398107170553,0.000398107170553,0.000398107170553,0.000398107170553,0.000398107170553,0.000398107170553,0.000398107170553,0.000398107170553,0.000398107170553,5,X116 X124 X125 X133,0.976488888889,0.00365958912893,0.976488888889,0.00365958912893
0.000398107170553,0.000398107170553,0.000398107170553,0.000398107170553,0.000398107170553,0.000398107170553,0.000398107170553,0.000398107170553,0.000398107170553,0.000398107170553,0.000398107170553,0.000398107170553,0.000398107170553,0.000398107170553,0.000398107170553,0.000398107170553,0.000398107170553,0.000398107170553,5,X117 X125 X126 X134,0.977822222222,0.00378718684032,0.977822222222,0.00378718684032
0.000398107170553,0.000398107170553,0.000398107170553,0.000398107170553,0.000398107170553,0.000398107170553,0.000398107170553,0.000398107170553,0.000398107170553,0.000398107170553,0.000398107170553,0.000398107170553,0.000398107170553,0.000398107170553,0.000398107170553,0.000398107170553,0.000398107170553,0.000398107170553,5,X118 X126 X127 X135,0.913533333333,0.00800028735116,0.913533333333,0.00800028735116
0.000398107170553,0.000398107170553,0.000398107170553,0.000398107170553,0.000398107170553,0.000398107170553,0.000398107170553,0.000398107170553,0.000398107170553,0.000398107170553,0.000398107170553,0.000398107170553,0.000398107170553,0.000398107170553,0.000398107170553,0.000398107170553,0.000398107170553,0.000398107170553,5,X12 X20 X21 X29,0.977822222222,0.00440109123819,0.977822222222,0.00440109123819
0.000398107170553,0.000398107170553,0.000398107170553,0.000398107170553,0.000398107170553,0.000398107170553,0.000398107170553,0.000398107170553,0.000398107170553,0.000398107170553,0.000398107170553,0.000398107170553,0.000398107170553,0.000398107170553,0.000398107170553,0.000398107170553,0.000398107170553,0.000398107170553,5,X128 X136 X137,0.981288888889,0.00325627403054,0.981288888889,0.00325627403054
0.000398107170553,0.000398107170553,0.000398107170553,0.000398107170553,0.000398107170553,0.000398107170553,0.000398107170553,0.000398107170553,0.000398107170553,0.000398107170553,0.000398107170553,0.000398107170553,0.000398107170553,0.000398107170553,0.000398107170553,0.000398107170553,0.000398107170553,0.000398107170553,5,X129 X137 X138,0.980911111111,0.00337438325097,0.980911111111,0.00337438325097
0.000398107170553,0.000398107170553,0.000398107170553,0.000398107170553,0.000398107170553,0.000398107170553,0.000398107170553,0.000398107170553,0.000398107170553,0.000398107170553,0.000398107170553,0.000398107170553,0.000398107170553,0.000398107170553,0.000398107170553,0.000398107170553,0.000398107170553,0.000398107170553,5,X13 X21 X22 X30,0.978466666667,0.00400057467136,0.978466666667,0.00400057467136
0.000398107170553,0.000398107170553,0.000398107170553,0.000398107170553,0.000398107170553,0.000398107170553,0.000398107170553,0.000398107170553,0.000398107170553,0.000398107170553,0.000398107170553,0.000398107170553,0.000398107170553,0.000398107170553,0.000398107170553,0.000398107170553,0.000398107170553,0.000398107170553,5,X130 X138 X139,0.980333333333,0.0034740416689,0.980333333333,0.0034740416689
0.000398107170553,0.000398107170553,0.000398107170553,0.000398107170553,0.000398107170553,0.000398107170553,0.000398107170553,0.000398107170553,0.000398107170553,0.000398107170553,0.000398107170553,0.000398107170553,0.000398107170553,0.000398107170553,0.000398107170553,0.000398107170553,0.000398107170553,0.000398107170553,5,X131 X139 X140,0.982266666667,0.00332919283073,0.982266666667,0.00332919283073
0.000398107170553,0.000398107170553,0.000398107170553,0.000398107170553,0.000398107170553,0.000398107170553,0.000398107170553,0.000398107170553,0.000398107170553,0.000398107170553,0.000398107170553,0.000398107170553,0.000398107170553,0.000398107170553,0.000398107170553,0.000398107170553,0.000398107170553,0.000398107170553,5,X132 X140 X141,0.981777777778,0.00396278988892,0.981777777778,0.00396278988892
0.000398107170553,0.000398107170553,0.000398107170553,0.000398107170553,0.000398107170553,0.000398107170553,0.000398107170553,0.000398107170553,0.000398107170553,0.000398107170553,0.000398107170553,0.000398107170553,0.000398107170553,0.000398107170553,0.000398107170553,0.000398107170553,0.000398107170553,0.000398107170553,5,X133 X141 X142,0.981866666667,0.00311417473678,0.981866666667,0.00311417473678
0.000398107170553,0.000398107170553,0.000398107170553,0.000398107170553,0.000398107170553,0.000398107170553,0.000398107170553,0.000398107170553,0.000398107170553,0.000398107170553,0.000398107170553,0.000398107170553,0.000398107170553,0.000398107170553,0.000398107170553,0.000398107170553,0.000398107170553,0.000398107170553,5,X134 X142 X143,0.980666666667,0.00269524911949,0.980666666667,0.00269524911949
0.000398107170553,0.000398107170553,0.000398107170553,0.000398107170553,0.000398107170553,0.000398107170553,0.000398107170553,0.000398107170553,0.000398107170553,0.000398107170553,0.000398107170553,0.000398107170553,0.000398107170553,0.000398107170553,0.000398107170553,0.000398107170553,0.000398107170553,0.000398107170553,5,X135 X143 X144,0.914555555556,0.00818012418445,0.914555555556,0.00818012418445
0.000398107170553,0.000398107170553,0.000398107170553,0.000398107170553,0.000398107170553,0.000398107170553,0.000398107170553,0.000398107170553,0.000398107170553,0.000398107170553,0.000398107170553,0.000398107170553,0.000398107170553,0.000398107170553,0.000398107170553,0.000398107170553,0.000398107170553,0.000398107170553,5,X14 X22 X23 X31,0.978777777778,0.00413964417496,0.978777777778,0.00413964417496
0.000398107170553,0.000398107170553,0.000398107170553,0.000398107170553,0.000398107170553,0.000398107170553,0.000398107170553,0.000398107170553,0.000398107170553,0.000398107170553,0.000398107170553,0.000398107170553,0.000398107170553,0.000398107170553,0.000398107170553,0.000398107170553,0.000398107170553,0.000398107170553,5,X15 X23 X24 X32,0.9774,0.00372770511718,0.9774,0.00372770511718
0.000398107170553,0.000398107170553,0.000398107170553,0.000398107170553,0.000398107170553,0.000398107170553,0.000398107170553,0.000398107170553,0.000398107170553,0.000398107170553,0.000398107170553,0.000398107170553,0.000398107170553,0.000398107170553,0.000398107170553,0.000398107170553,0.000398107170553,0.000398107170553,5,X16 X24 X25 X33,0.917244444444,0.00758650411585,0.917244444444,0.00758650411585
0.000398107170553,0.000398107170553,0.000398107170553,0.000398107170553,0.000398107170553,0.000398107170553,0.000398107170553,0.000398107170553,0.000398107170553,0.000398107170553,0.000398107170553,0.000398107170553,0.000398107170553,0.000398107170553,0.000398107170553,0.000398107170553,0.000398107170553,0.000398107170553,5,X2 X3 X11,0.961355555556,0.0053633732547,0.961355555556,0.0053633732547
0.000398107170553,0.000398107170553,0.000398107170553,0.000398107170553,0.000398107170553,0.000398107170553,0.000398107170553,0.000398107170553,0.000398107170553,0.000398107170553,0.000398107170553,0.000398107170553,0.000398107170553,0.000398107170553,0.000398107170553,0.000398107170553,0.000398107170553,0.000398107170553,5,X26 X34 X35 X43,0.978022222222,0.00403237219795,0.978022222222,0.00403237219795
0.000398107170553,0.000398107170553,0.000398107170553,0.000398107170553,0.000398107170553,0.000398107170553,0.000398107170553,0.000398107170553,0.000398107170553,0.000398107170553,0.000398107170553,0.000398107170553,0.000398107170553,0.000398107170553,0.000398107170553,0.000398107170553,0.000398107170553,0.000398107170553,5,X27 X35 X36 X44,0.979044444444,0.0029900644329,0.979044444444,0.0029900644329
0.000398107170553,0.000398107170553,0.000398107170553,0.000398107170553,0.000398107170553,0.000398107170553,0.000398107170553,0.000398107170553,0.000398107170553,0.000398107170553,0.000398107170553,0.000398107170553,0.000398107170553,0.000398107170553,0.000398107170553,0.000398107170553,0.000398107170553,0.000398107170553,5,X28 X36 X37 X45,0.977711111111,0.00328322490437,0.977711111111,0.00328322490437
0.000398107170553,0.000398107170553,0.000398107170553,0.000398107170553,0.000398107170553,0.000398107170553,0.000398107170553,0.000398107170553,0.000398107170553,0.000398107170553,0.000398107170553,0.000398107170553,0.000398107170553,0.000398107170553,0.000398107170553,0.000398107170553,0.000398107170553,0.000398107170553,5,X29 X37 X38 X46,0.976711111111,0.00393406707878,0.976711111111,0.00393406707878
0.000398107170553,0.000398107170553,0.000398107170553,0.000398107170553,0.000398107170553,0.000398107170553,0.000398107170553,0.000398107170553,0.000398107170553,0.000398107170553,0.000398107170553,0.000398107170553,0.000398107170553,0.000398107170553,0.000398107170553,0.000398107170553,0.000398107170553,0.000398107170553,5,X3 X4 X12,0.950022222222,0.00529434986427,0.950022222222,0.00529434986427
0.000398107170553,0.000398107170553,0.000398107170553,0.000398107170553,0.000398107170553,0.000398107170553,0.000398107170553,0.000398107170553,0.000398107170553,0.000398107170553,0.000398107170553,0.000398107170553,0.000398107170553,0.000398107170553,0.000398107170553,0.000398107170553,0.000398107170553,0.000398107170553,5,X30 X38 X39 X47,0.979511111111,0.0034393857303,0.979511111111,0.0034393857303
0.000398107170553,0.000398107170553,0.000398107170553,0.000398107170553,0.000398107170553,0.000398107170553,0.000398107170553,0.000398107170553,0.000398107170553,0.000398107170553,0.000398107170553,0.000398107170553,0.000398107170553,0.000398107170553,0.000398107170553,0.000398107170553,0.000398107170553,0.000398107170553,5,X31 X39 X40 X48,0.978644444444,0.00360282279001,0.978644444444,0.00360282279001
0.000398107170553,0.000398107170553,0.000398107170553,0.000398107170553,0.000398107170553,0.000398107170553,0.000398107170553,0.000398107170553,0.000398107170553,0.000398107170553,0.000398107170553,0.000398107170553,0.000398107170553,0.000398107170553,0.000398107170553,0.000398107170553,0.000398107170553,0.000398107170553,5,X32 X40 X41 X49,0.978688888889,0.00372414029611,0.978688888889,0.00372414029611
0.000398107170553,0.000398107170553,0.000398107170553,0.000398107170553,0.000398107170553,0.000398107170553,0.000398107170553,0.000398107170553,0.000398107170553,0.000398107170553,0.000398107170553,0.000398107170553,0.000398107170553,0.000398107170553,0.000398107170553,0.000398107170553,0.000398107170553,0.000398107170553,5,X33 X41 X42 X50,0.916666666667,0.00841272526356,0.916666666667,0.00841272526356
0.000398107170553,0.000398107170553,0.000398107170553,0.000398107170553,0.000398107170553,0.000398107170553,0.000398107170553,0.000398107170553,0.000398107170553,0.000398107170553,0.000398107170553,0.000398107170553,0.000398107170553,0.000398107170553,0.000398107170553,0.000398107170553,0.000398107170553,0.000398107170553,5,X4 X5 X13,0.9424,0.00506690864516,0.9424,0.00506690864516
0.000398107170553,0.000398107170553,0.000398107170553,0.000398107170553,0.000398107170553,0.000398107170553,0.000398107170553,0.000398107170553,0.000398107170553,0.000398107170553,0.000398107170553,0.000398107170553,0.000398107170553,0.000398107170553,0.000398107170553,0.000398107170553,0.000398107170553,0.000398107170553,5,X43 X51 X52 X60,0.977955555556,0.00392236277738,0.977955555556,0.00392236277738
0.000398107170553,0.000398107170553,0.000398107170553,0.000398107170553,0.000398107170553,0.000398107170553,0.000398107170553,0.000398107170553,0.000398107170553,0.000398107170553,0.000398107170553,0.000398107170553,0.000398107170553,0.000398107170553,0.000398107170553,0.000398107170553,0.000398107170553,0.000398107170553,5,X44 X52 X53 X61,0.978111111111,0.00404603143467,0.978111111111,0.00404603143467
0.000398107170553,0.000398107170553,0.000398107170553,0.000398107170553,0.000398107170553,0.000398107170553,0.000398107170553,0.000398107170553,0.000398107170553,0.000398107170553,0.000398107170553,0.000398107170553,0.000398107170553,0.000398107170553,0.000398107170553,0.000398107170553,0.000398107170553,0.000398107170553,5,X45 X53 X54 X62,0.9786,0.00361075447694,0.9786,0.00361075447694
0.000398107170553,0.000398107170553,0.000398107170553,0.000398107170553,0.000398107170553,0.000398107170553,0.000398107170553,0.000398107170553,0.000398107170553,0.000398107170553,0.000398107170553,0.000398107170553,0.000398107170553,0.000398107170553,0.000398107170553,0.000398107170553,0.000398107170553,0.000398107170553,5,X46 X54 X55 X63,0.979044444444,0.00406341808567,0.979044444444,0.00406341808567
0.000398107170553,0.000398107170553,0.000398107170553,0.000398107170553,0.000398107170553,0.000398107170553,0.000398107170553,0.000398107170553,0.000398107170553,0.000398107170553,0.000398107170553,0.000398107170553,0.000398107170553,0.000398107170553,0.000398107170553,0.000398107170553,0.000398107170553,0.000398107170553,5,X47 X55 X56 X64,0.977066666667,0.00362452269285,0.977066666667,0.00362452269285
0.000398107170553,0.000398107170553,0.000398107170553,0.000398107170553,0.000398107170553,0.000398107170553,0.000398107170553,0.000398107170553,0.000398107170553,0.000398107170553,0.000398107170553,0.000398107170553,0.000398107170553,0.000398107170553,0.000398107170553,0.000398107170553,0.000398107170553,0.000398107170553,5,X48 X56 X57 X65,0.977311111111,0.00403237219795,0.977311111111,0.00403237219795
0.000398107170553,0.000398107170553,0.000398107170553,0.000398107170553,0.000398107170553,0.000398107170553,0.000398107170553,0.000398107170553,0.000398107170553,0.000398107170553,0.000398107170553,0.000398107170553,0.000398107170553,0.000398107170553,0.000398107170553,0.000398107170553,0.000398107170553,0.000398107170553,5,X49 X57 X58 X66,0.979111111111,0.00382503683235,0.979111111111,0.00382503683235
0.000398107170553,0.000398107170553,0.000398107170553,0.000398107170553,0.000398107170553,0.000398107170553,0.000398107170553,0.000398107170553,0.000398107170553,0.000398107170553,0.000398107170553,0.000398107170553,0.000398107170553,0.000398107170553,0.000398107170553,0.000398107170553,0.000398107170553,0.000398107170553,5,X5 X6 X14,0.933688888889,0.00510047201882,0.933688888889,0.00510047201882
0.000398107170553,0.000398107170553,0.000398107170553,0.000398107170553,0.000398107170553,0.000398107170553,0.000398107170553,0.000398107170553,0.000398107170553,0.000398107170553,0.000398107170553,0.000398107170553,0.000398107170553,0.000398107170553,0.000398107170553,0.000398107170553,0.000398107170553,0.000398107170553,5,X50 X58 X59 X67,0.914044444444,0.00837059867002,0.914044444444,0.00837059867002
0.000398107170553,0.000398107170553,0.000398107170553,0.000398107170553,0.000398107170553,0.000398107170553,0.000398107170553,0.000398107170553,0.000398107170553,0.000398107170553,0.000398107170553,0.000398107170553,0.000398107170553,0.000398107170553,0.000398107170553,0.000398107170553,0.000398107170553,0.000398107170553,5,X6 X7 X15,0.924088888889,0.00639619938236,0.924088888889,0.00639619938236
0.000398107170553,0.000398107170553,0.000398107170553,0.000398107170553,0.000398107170553,0.000398107170553,0.000398107170553,0.000398107170553,0.000398107170553,0.000398107170553,0.000398107170553,0.000398107170553,0.000398107170553,0.000398107170553,0.000398107170553,0.000398107170553,0.000398107170553,0.000398107170553,5,X60 X68 X69 X77,0.976888888889,0.00327691721933,0.976888888889,0.00327691721933
0.000398107170553,0.000398107170553,0.000398107170553,0.000398107170553,0.000398107170553,0.000398107170553,0.000398107170553,0.000398107170553,0.000398107170553,0.000398107170553,0.000398107170553,0.000398107170553,0.000398107170553,0.000398107170553,0.000398107170553,0.000398107170553,0.000398107170553,0.000398107170553,5,X61 X69 X70 X78,0.977733333333,0.00416370009336,0.977733333333,0.00416370009336
0.000398107170553,0.000398107170553,0.000398107170553,0.000398107170553,0.000398107170553,0.000398107170553,0.000398107170553,0.000398107170553,0.000398107170553,0.000398107170553,0.000398107170553,0.000398107170553,0.000398107170553,0.000398107170553,0.000398107170553,0.000398107170553,0.000398107170553,0.000398107170553,5,X62 X70 X71 X79,0.978577777778,0.00363353192891,0.978577777778,0.00363353192891
0.000398107170553,0.000398107170553,0.000398107170553,0.000398107170553,0.000398107170553,0.000398107170553,0.000398107170553,0.000398107170553,0.000398107170553,0.000398107170553,0.000398107170553,0.000398107170553,0.000398107170553,0.000398107170553,0.000398107170553,0.000398107170553,0.000398107170553,0.000398107170553,5,X63 X71 X72 X80,0.978177777778,0.00376689891801,0.978177777778,0.00376689891801
0.000398107170553,0.000398107170553,0.000398107170553,0.000398107170553,0.000398107170553,0.000398107170553,0.000398107170553,0.000398107170553,0.000398107170553,0.000398107170553,0.000398107170553,0.000398107170553,0.000398107170553,0.000398107170553,0.000398107170553,0.000398107170553,0.000398107170553,0.000398107170553,5,X64 X72 X73 X81,0.976533333333,0.00437828147325,0.976533333333,0.00437828147325
0.000398107170553,0.000398107170553,0.000398107170553,0.000398107170553,0.000398107170553,0.000398107170553,0.000398107170553,0.000398107170553,0.000398107170553,0.000398107170553,0.000398107170553,0.000398107170553,0.000398107170553,0.000398107170553,0.000398107170553,0.000398107170553,0.000398107170553,0.000398107170553,5,X65 X73 X74 X82,0.978066666667,0.00401663208837,0.978066666667,0.00401663208837
0.000398107170553,0.000398107170553,0.000398107170553,0.000398107170553,0.000398107170553,0.000398107170553,0.000398107170553,0.000398107170553,0.000398107170553,0.000398107170553,0.000398107170553,0.000398107170553,0.000398107170553,0.000398107170553,0.000398107170553,0.000398107170553,0.000398107170553,0.000398107170553,5,X66 X74 X75 X83,0.9768,0.00371967946545,0.9768,0.00371967946545
0.000398107170553,0.000398107170553,0.000398107170553,0.000398107170553,0.000398107170553,0.000398107170553,0.000398107170553,0.000398107170553,0.000398107170553,0.000398107170553,0.000398107170553,0.000398107170553,0.000398107170553,0.000398107170553,0.000398107170553,0.000398107170553,0.000398107170553,0.000398107170553,5,X67 X75 X76 X84,0.910977777778,0.00637219374541,0.910977777778,0.00637219374541
0.000398107170553,0.000398107170553,0.000398107170553,0.000398107170553,0.000398107170553,0.000398107170553,0.000398107170553,0.000398107170553,0.000398107170553,0.000398107170553,0.000398107170553,0.000398107170553,0.000398107170553,0.000398107170553,0.000398107170553,0.000398107170553,0.000398107170553,0.000398107170553,5,X7 X8 X16,0.923377777778,0.00660415133191,0.923377777778,0.00660415133191
0.000398107170553,0.000398107170553,0.000398107170553,0.000398107170553,0.000398107170553,0.000398107170553,0.000398107170553,0.000398107170553,0.000398107170553,0.000398107170553,0.000398107170553,0.000398107170553,0.000398107170553,0.000398107170553,0.000398107170553,0.000398107170553,0.000398107170553,0.000398107170553,5,X77 X85 X86 X94,0.978711111111,0.00385536729254,0.978711111111,0.00385536729254
0.000398107170553,0.000398107170553,0.000398107170553,0.000398107170553,0.000398107170553,0.000398107170553,0.000398107170553,0.000398107170553,0.000398107170553,0.000398107170553,0.000398107170553,0.000398107170553,0.000398107170553,0.000398107170553,0.000398107170553,0.000398107170553,0.000398107170553,0.000398107170553,5,X78 X86 X87 X95,0.977577777778,0.00393620909225,0.977577777778,0.00393620909225
0.000398107170553,0.000398107170553,0.000398107170553,0.000398107170553,0.000398107170553,0.000398107170553,0.000398107170553,0.000398107170553,0.000398107170553,0.000398107170553,0.000398107170553,0.000398107170553,0.000398107170553,0.000398107170553,0.000398107170553,0.000398107170553,0.000398107170553,0.000398107170553,5,X79 X87 X88 X96,0.9776,0.0040555529313,0.9776,0.0040555529313
0.000398107170553,0.000398107170553,0.000398107170553,0.000398107170553,0.000398107170553,0.000398107170553,0.000398107170553,0.000398107170553,0.000398107170553,0.000398107170553,0.000398107170553,0.000398107170553,0.000398107170553,0.000398107170553,0.000398107170553,0.000398107170553,0.000398107170553,0.000398107170553,5,X80 X88 X89 X97,0.978577777778,0.00340265090857,0.978577777778,0.00340265090857
0.000398107170553,0.000398107170553,0.000398107170553,0.000398107170553,0.000398107170553,0.000398107170553,0.000398107170553,0.000398107170553,0.000398107170553,0.000398107170553,0.000398107170553,0.000398107170553,0.000398107170553,0.000398107170553,0.000398107170553,0.000398107170553,0.000398107170553,0.000398107170553,5,X81 X89 X90 X98,0.978155555556,0.00405964471327,0.978155555556,0.00405964471327
0.000398107170553,0.000398107170553,0.000398107170553,0.000398107170553,0.000398107170553,0.000398107170553,0.000398107170553,0.000398107170553,0.000398107170553,0.000398107170553,0.000398107170553,0.000398107170553,0.000398107170553,0.000398107170553,0.000398107170553,0.000398107170553,0.000398107170553,0.000398107170553,5,X82 X90 X91 X99,0.979044444444,0.00276642892391,0.979044444444,0.00276642892391
0.000398107170553,0.000398107170553,0.000398107170553,0.000398107170553,0.000398107170553,0.000398107170553,0.000398107170553,0.000398107170553,0.000398107170553,0.000398107170553,0.000398107170553,0.000398107170553,0.000398107170553,0.000398107170553,0.000398107170553,0.000398107170553,0.000398107170553,0.000398107170553,5,X83 X91 X92 X100,0.9796,0.00321204629159,0.9796,0.00321204629159
0.000398107170553,0.000398107170553,0.000398107170553,0.000398107170553,0.000398107170553,0.000398107170553,0.000398107170553,0.000398107170553,0.000398107170553,0.000398107170553,0.000398107170553,0.000398107170553,0.000398107170553,0.000398107170553,0.000398107170553,0.000398107170553,0.000398107170553,0.000398107170553,5,X84 X92 X93 X101,0.915088888889,0.00850239242118,0.915088888889,0.00850239242118
0.000398107170553,0.000398107170553,0.000398107170553,0.000398107170553,0.000398107170553,0.000398107170553,0.000398107170553,0.000398107170553,0.000398107170553,0.000398107170553,0.000398107170553,0.000398107170553,0.000398107170553,0.000398107170553,0.000398107170553,0.000398107170553,0.000398107170553,0.000398107170553,5,X9 X17 X18 X26,0.978355555556,0.00356540780591,0.978355555556,0.00356540780591
0.000398107170553,0.000398107170553,0.000398107170553,0.000398107170553,0.000398107170553,0.000398107170553,0.000398107170553,0.000398107170553,0.000398107170553,0.000398107170553,0.000398107170553,0.000398107170553,0.000398107170553,0.000398107170553,0.000398107170553,0.000398107170553,0.000398107170553,0.000398107170553,5,X94 X102 X103 X111,0.976933333333,0.00343343934665,0.976933333333,0.00343343934665
0.000398107170553,0.000398107170553,0.000398107170553,0.000398107170553,0.000398107170553,0.000398107170553,0.000398107170553,0.000398107170553,0.000398107170553,0.000398107170553,0.000398107170553,0.000398107170553,0.000398107170553,0.000398107170553,0.000398107170553,0.000398107170553,0.000398107170553,0.000398107170553,5,X95 X103 X104 X112,0.977866666667,0.00457345330093,0.977866666667,0.00457345330093
0.000398107170553,0.000398107170553,0.000398107170553,0.000398107170553,0.000398107170553,0.000398107170553,0.000398107170553,0.000398107170553,0.000398107170553,0.000398107170553,0.000398107170553,0.000398107170553,0.000398107170553,0.000398107170553,0.000398107170553,0.000398107170553,0.000398107170553,0.000398107170553,5,X96 X104 X105 X113,0.979222222222,0.0038876297907,0.979222222222,0.0038876297907
0.000398107170553,0.000398107170553,0.000398107170553,0.000398107170553,0.000398107170553,0.000398107170553,0.000398107170553,0.000398107170553,0.000398107170553,0.000398107170553,0.000398107170553,0.000398107170553,0.000398107170553,0.000398107170553,0.000398107170553,0.000398107170553,0.000398107170553,0.000398107170553,5,X97 X105 X106 X114,0.9766,0.00382109490637,0.9766,0.00382109490637
0.000398107170553,0.000398107170553,0.000398107170553,0.000398107170553,0.000398107170553,0.000398107170553,0.000398107170553,0.000398107170553,0.000398107170553,0.000398107170553,0.000398107170553,0.000398107170553,0.000398107170553,0.000398107170553,0.000398107170553,0.000398107170553,0.000398107170553,0.000398107170553,5,X98 X106 X107 X115,0.977755555556,0.00421085382204,0.977755555556,0.00421085382204
0.000398107170553,0.000398107170553,0.000398107170553,0.000398107170553,0.000398107170553,0.000398107170553,0.000398107170553,0.000398107170553,0.000398107170553,0.000398107170553,0.000398107170553,0.000398107170553,0.000398107170553,0.000398107170553,0.000398107170553,0.000398107170553,0.000398107170553,0.000398107170553,5,X99 X107 X108 X116,0.978555555556,0.00331296458705,0.978555555556,0.00331296458705
0.000398107170553,0.000398107170553,0.000398107170553,0.000398107170553,0.000398107170553,0.000398107170553,0.000398107170553,0.000398107170553,0.000398107170553,0.000398107170553,0.000398107170553,0.000398107170553,0.000398107170553,0.000398107170553,0.000398107170553,0.000398107170553,0.000398107170553,0.000398107170553,5,Z0 Z9 Z17,0.978155555556,0.00368774851967,0.978155555556,0.00368774851967
0.000398107170553,0.000398107170553,0.000398107170553,0.000398107170553,0.000398107170553,0.000398107170553,0.000398107170553,0.000398107170553,0.000398107170553,0.000398107170553,0.000398107170553,0.000398107170553,0.000398107170553,0.000398107170553,0.000398107170553,0.000398107170553,0.000398107170553,0.000398107170553,5,Z1 Z9 Z10 Z18,0.965733333333,0.00499685724986,0.965733333333,0.00499685724986
0.000398107170553,0.000398107170553,0.000398107170553,0.000398107170553,0.000398107170553,0.000398107170553,0.000398107170553,0.000398107170553,0.000398107170553,0.000398107170553,0.000398107170553,0.000398107170553,0.000398107170553,0.000398107170553,0.000398107170553,0.000398107170553,0.000398107170553,0.000398107170553,5,Z102 Z111 Z119,0.974977777778,0.00347396814343,0.974977777778,0.00347396814343
0.000398107170553,0.000398107170553,0.000398107170553,0.000398107170553,0.000398107170553,0.000398107170553,0.000398107170553,0.000398107170553,0.000398107170553,0.000398107170553,0.000398107170553,0.000398107170553,0.000398107170553,0.000398107170553,0.000398107170553,0.000398107170553,0.000398107170553,0.000398107170553,5,Z103 Z111 Z112 Z120,0.9716,0.00480293652193,0.9716,0.00480293652193
0.000398107170553,0.000398107170553,0.000398107170553,0.000398107170553,0.000398107170553,0.000398107170553,0.000398107170553,0.000398107170553,0.000398107170553,0.000398107170553,0.000398107170553,0.000398107170553,0.000398107170553,0.000398107170553,0.000398107170553,0.000398107170553,0.000398107170553,0.000398107170553,5,Z104 Z112 Z113 Z121,0.970955555556,0.00342487333248,0.970955555556,0.00342487333248
0.000398107170553,0.000398107170553,0.000398107170553,0.000398107170553,0.000398107170553,0.000398107170553,0.000398107170553,0.000398107170553,0.000398107170553,0.000398107170553,0.000398107170553,0.000398107170553,0.000398107170553,0.000398107170553,0.000398107170553,0.000398107170553,0.000398107170553,0.000398107170553,5,Z105 Z113 Z114 Z122,0.971888888889,0.00390729088942,0.971888888889,0.00390729088942
0.000398107170553,0.000398107170553,0.000398107170553,0.000398107170553,0.000398107170553,0.000398107170553,0.000398107170553,0.000398107170553,0.000398107170553,0.000398107170553,0.000398107170553,0.000398107170553,0.000398107170553,0.000398107170553,0.000398107170553,0.000398107170553,0.000398107170553,0.000398107170553,5,Z106 Z114 Z115 Z123,0.971711111111,0.00512430414551,0.971711111111,0.00512430414551
0.000398107170553,0.000398107170553,0.000398107170553,0.000398107170553,0.000398107170553,0.000398107170553,0.000398107170553,0.000398107170553,0.000398107170553,0.000398107170553,0.000398107170553,0.000398107170553,0.000398107170553,0.000398107170553,0.000398107170553,0.000398107170553,0.000398107170553,0.000398107170553,5,Z107 Z115 Z116 Z124,0.971822222222,0.00409815707888,0.971822222222,0.00409815707888
0.000398107170553,0.000398107170553,0.000398107170553,0.000398107170553,0.000398107170553,0.000398107170553,0.000398107170553,0.000398107170553,0.000398107170553,0.000398107170553,0.000398107170553,0.000398107170553,0.000398107170553,0.000398107170553,0.000398107170553,0.000398107170553,0.000398107170553,0.000398107170553,5,Z108 Z116 Z117 Z125,0.971577777778,0.00411513730569,0.971577777778,0.00411513730569
0.000398107170553,0.000398107170553,0.000398107170553,0.000398107170553,0.000398107170553,0.000398107170553,0.000398107170553,0.000398107170553,0.000398107170553,0.000398107170553,0.000398107170553,0.000398107170553,0.000398107170553,0.000398107170553,0.000398107170553,0.000398107170553,0.000398107170553,0.000398107170553,5,Z109 Z117 Z118 Z126,0.936822222222,0.00499404498507,0.936822222222,0.00499404498507
0.000398107170553,0.000398107170553,0.000398107170553,0.000398107170553,0.000398107170553,0.000398107170553,0.000398107170553,0.000398107170553,0.000398107170553,0.000398107170553,0.000398107170553,0.000398107170553,0.000398107170553,0.000398107170553,0.000398107170553,0.000398107170553,0.000398107170553,0.000398107170553,5,Z110 Z118 Z127,0.9448,0.00481186273583,0.9448,0.00481186273583
0.000398107170553,0.000398107170553,0.000398107170553,0.000398107170553,0.000398107170553,0.000398107170553,0.000398107170553,0.000398107170553,0.000398107170553,0.000398107170553,0.000398107170553,0.000398107170553,0.000398107170553,0.000398107170553,0.000398107170553,0.000398107170553,0.000398107170553,0.000398107170553,5,Z119 Z128 Z136,0.974666666667,0.00464197077978,0.974666666667,0.00464197077978
0.000398107170553,0.000398107170553,0.000398107170553,0.000398107170553,0.000398107170553,0.000398107170553,0.000398107170553,0.000398107170553,0.000398107170553,0.000398107170553,0.000398107170553,0.000398107170553,0.000398107170553,0.000398107170553,0.000398107170553,0.000398107170553,0.000398107170553,0.000398107170553,5,Z120 Z128 Z129 Z137,0.9712,0.00462344516683,0.9712,0.00462344516683
0.000398107170553,0.000398107170553,0.000398107170553,0.000398107170553,0.000398107170553,0.000398107170553,0.000398107170553,0.000398107170553,0.000398107170553,0.000398107170553,0.000398107170553,0.000398107170553,0.000398107170553,0.000398107170553,0.000398107170553,0.000398107170553,0.000398107170553,0.000398107170553,5,Z121 Z129 Z130 Z138,0.972244444444,0.00394787234354,0.972244444444,0.00394787234354
0.000398107170553,0.000398107170553,0.000398107170553,0.000398107170553,0.000398107170553,0.000398107170553,0.000398107170553,0.000398107170553,0.000398107170553,0.000398107170553,0.000398107170553,0.000398107170553,0.000398107170553,0.000398107170553,0.000398107170553,0.000398107170553,0.000398107170553,0.000398107170553,5,Z122 Z130 Z131 Z139,0.970755555556,0.00406737635915,0.970755555556,0.00406737635915
0.000398107170553,0.000398107170553,0.000398107170553,0.000398107170553,0.000398107170553,0.000398107170553,0.000398107170553,0.000398107170553,0.000398107170553,0.000398107170553,0.000398107170553,0.000398107170553,0.000398107170553,0.000398107170553,0.000398107170553,0.000398107170553,0.000398107170553,0.000398107170553,5,Z123 Z131 Z132 Z140,0.971422222222,0.00439342362363,0.971422222222,0.00439342362363
0.000398107170553,0.000398107170553,0.000398107170553,0.000398107170553,0.000398107170553,0.000398107170553,0.000398107170553,0.000398107170553,0.000398107170553,0.000398107170553,0.000398107170553,0.000398107170553,0.000398107170553,0.000398107170553,0.000398107170553,0.000398107170553,0.000398107170553,0.000398107170553,5,Z124 Z132 Z133 Z141,0.971577777778,0.0045468471105,0.971577777778,0.0045468471105
0.000398107170553,0.000398107170553,0.000398107170553,0.000398107170553,0.000398107170553,0.000398107170553,0.000398107170553,0.000398107170553,0.000398107170553,0.000398107170553,0.000398107170553,0.000398107170553,0.000398107170553,0.000398107170553,0.000398107170553,0.000398107170553,0.000398107170553,0.000398107170553,5,Z125 Z133 Z134 Z142,0.972644444444,0.00419992093826,0.972644444444,0.00419992093826
0.000398107170553,0.000398107170553,0.000398107170553,0.000398107170553,0.000398107170553,0.000398107170553,0.000398107170553,0.000398107170553,0.000398107170553,0.000398107170553,0.000398107170553,0.000398107170553,0.000398107170553,0.000398107170553,0.000398107170553,0.000398107170553,0.000398107170553,0.000398107170553,5,Z126 Z134 Z135 Z143,0.935422222222,0.00532393808478,0.935422222222,0.00532393808478
0.000398107170553,0.000398107170553,0.000398107170553,0.000398107170553,0.000398107170553,0.000398107170553,0.000398107170553,0.000398107170553,0.000398107170553,0.000398107170553,0.000398107170553,0.000398107170553,0.000398107170553,0.000398107170553,0.000398107170553,0.000398107170553,0.000398107170553,0.000398107170553,5,Z127 Z135 Z144,0.910911111111,0.00735208330958,0.910911111111,0.00735208330958
0.000398107170553,0.000398107170553,0.000398107170553,0.000398107170553,0.000398107170553,0.000398107170553,0.000398107170553,0.000398107170553,0.000398107170553,0.000398107170553,0.000398107170553,0.000398107170553,0.000398107170553,0.000398107170553,0.000398107170553,0.000398107170553,0.000398107170553,0.000398107170553,5,Z17 Z26 Z34,0.978022222222,0.00386549063897,0.978022222222,0.00386549063897
0.000398107170553,0.000398107170553,0.000398107170553,0.000398107170553,0.000398107170553,0.000398107170553,0.000398107170553,0.000398107170553,0.000398107170553,0.000398107170553,0.000398107170553,0.000398107170553,0.000398107170553,0.000398107170553,0.000398107170553,0.000398107170553,0.000398107170553,0.000398107170553,5,Z18 Z26 Z27 Z35,0.970911111111,0.00552107306282,0.970911111111,0.00552107306282
0.000398107170553,0.000398107170553,0.000398107170553,0.000398107170553,0.000398107170553,0.000398107170553,0.000398107170553,0.000398107170553,0.000398107170553,0.000398107170553,0.000398107170553,0.000398107170553,0.000398107170553,0.000398107170553,0.000398107170553,0.000398107170553,0.000398107170553,0.000398107170553,5,Z19 Z27 Z28 Z36,0.972155555556,0.0045609817231,0.972155555556,0.0045609817231
0.000398107170553,0.000398107170553,0.000398107170553,0.000398107170553,0.000398107170553,0.000398107170553,0.000398107170553,0.000398107170553,0.000398107170553,0.000398107170553,0.000398107170553,0.000398107170553,0.000398107170553,0.000398107170553,0.000398107170553,0.000398107170553,0.000398107170553,0.000398107170553,5,Z2 Z10 Z11 Z19,0.962622222222,0.00536180141666,0.962622222222,0.00536180141666
0.000398107170553,0.000398107170553,0.000398107170553,0.000398107170553,0.000398107170553,0.000398107170553,0.000398107170553,0.000398107170553,0.000398107170553,0.000398107170553,0.000398107170553,0.000398107170553,0.000398107170553,0.000398107170553,0.000398107170553,0.000398107170553,0.000398107170553,0.000398107170553,5,Z20 Z28 Z29 Z37,0.969822222222,0.00464834938226,0.969822222222,0.00464834938226
0.000398107170553,0.000398107170553,0.000398107170553,0.000398107170553,0.000398107170553,0.000398107170553,0.000398107170553,0.000398107170553,0.000398107170553,0.000398107170553,0.000398107170553,0.000398107170553,0.000398107170553,0.000398107170553,0.000398107170553,0.000398107170553,0.000398107170553,0.000398107170553,5,Z21 Z29 Z30 Z38,0.972111111111,0.00379587730922,0.972111111111,0.00379587730922
0.000398107170553,0.000398107170553,0.000398107170553,0.000398107170553,0.000398107170553,0.000398107170553,0.000398107170553,0.000398107170553,0.000398107170553,0.000398107170553,0.000398107170553,0.000398107170553,0.000398107170553,0.000398107170553,0.000398107170553,0.000398107170553,0.000398107170553,0.000398107170553,5,Z22 Z30 Z31 Z39,0.971,0.00391773646432,0.971,0.00391773646432
0.000398107170553,0.000398107170553,0.000398107170553,0.000398107170553,0.000398107170553,0.000398107170553,0.000398107170553,0.000398107170553,0.000398107170553,0.000398107170553,0.000398107170553,0.000398107170553,0.000398107170553,0.000398107170553,0.000398107170553,0.000398107170553,0.000398107170553,0.000398107170553,5,Z23 Z31 Z32 Z40,0.971288888889,0.00513102898968,0.971288888889,0.00513102898968
0.000398107170553,0.000398107170553,0.000398107170553,0.000398107170553,0.000398107170553,0.000398107170553,0.000398107170553,0.000398107170553,0.000398107170553,0.000398107170553,0.000398107170553,0.000398107170553,0.000398107170553,0.000398107170553,0.000398107170553,0.000398107170553,0.000398107170553,0.000398107170553,5,Z24 Z32 Z33 Z41,0.942288888889,0.0069341364109,0.942288888889,0.0069341364109
0.000398107170553,0.000398107170553,0.000398107170553,0.000398107170553,0.000398107170553,0.000398107170553,0.000398107170553,0.000398107170553,0.000398107170553,0.000398107170553,0.000398107170553,0.000398107170553,0.000398107170553,0.000398107170553,0.000398107170553,0.000398107170553,0.000398107170553,0.000398107170553,5,Z25 Z33 Z42,0.9442,0.00568158954608,0.9442,0.00568158954608
0.000398107170553,0.000398107170553,0.000398107170553,0.000398107170553,0.000398107170553,0.000398107170553,0.000398107170553,0.000398107170553,0.000398107170553,0.000398107170553,0.000398107170553,0.000398107170553,0.000398107170553,0.000398107170553,0.000398107170553,0.000398107170553,0.000398107170553,0.000398107170553,5,Z3 Z11 Z12 Z20,0.955444444444,0.00523203610347,0.955444444444,0.00523203610347
0.000398107170553,0.000398107170553,0.000398107170553,0.000398107170553,0.000398107170553,0.000398107170553,0.000398107170553,0.000398107170553,0.000398107170553,0.000398107170553,0.000398107170553,0.000398107170553,0.000398107170553,0.000398107170553,0.000398107170553,0.000398107170553,0.000398107170553,0.000398107170553,5,Z34 Z43 Z51,0.975866666667,0.00414451583351,0.975866666667,0.00414451583351
0.000398107170553,0.000398107170553,0.000398107170553,0.000398107170553,0.000398107170553,0.000398107170553,0.000398107170553,0.000398107170553,0.000398107170553,0.000398107170553,0.000398107170553,0.000398107170553,0.000398107170553,0.000398107170553,0.000398107170553,0.000398107170553,0.000398107170553,0.000398107170553,5,Z35 Z43 Z44 Z52,0.971155555556,0.00403408213182,0.971155555556,0.00403408213182
0.000398107170553,0.000398107170553,0.000398107170553,0.000398107170553,0.000398107170553,0.000398107170553,0.000398107170553,0.000398107170553,0.000398107170553,0.000398107170553,0.000398107170553,0.000398107170553,0.000398107170553,0.000398107170553,0.000398107170553,0.000398107170553,0.000398107170553,0.000398107170553,5,Z36 Z44 Z45 Z53,0.9716,0.00438946841317,0.9716,0.00438946841317
0.000398107170553,0.000398107170553,0.000398107170553,0.000398107170553,0.000398107170553,0.000398107170553,0.000398107170553,0.000398107170553,0.000398107170553,0.000398107170553,0.000398107170553,0.000398107170553,0.000398107170553,0.000398107170553,0.000398107170553,0.000398107170553,0.000398107170553,0.000398107170553,5,Z37 Z45 Z46 Z54,0.971666666667,0.00377022007142,0.971666666667,0.00377022007142
0.000398107170553,0.000398107170553,0.000398107170553,0.000398107170553,0.000398107170553,0.000398107170553,0.000398107170553,0.000398107170553,0.000398107170553,0.000398107170553,0.000398107170553,0.000398107170553,0.000398107170553,0.000398107170553,0.000398107170553,0.000398107170553,0.000398107170553,0.000398107170553,5,Z38 Z46 Z47 Z55,0.972222222222,0.0044337034962,0.972222222222,0.0044337034962
0.000398107170553,0.000398107170553,0.000398107170553,0.000398107170553,0.000398107170553,0.000398107170553,0.000398107170553,0.000398107170553,0.000398107170553,0.000398107170553,0.000398107170553,0.000398107170553,0.000398107170553,0.000398107170553,0.000398107170553,0.000398107170553,0.000398107170553,0.000398107170553,5,Z39 Z47 Z48 Z56,0.971888888889,0.00533069858291,0.971888888889,0.00533069858291
0.000398107170553,0.000398107170553,0.000398107170553,0.000398107170553,0.000398107170553,0.000398107170553,0.000398107170553,0.000398107170553,0.000398107170553,0.000398107170553,0.000398107170553,0.000398107170553,0.000398107170553,0.000398107170553,0.000398107170553,0.000398107170553,0.000398107170553,0.000398107170553,5,Z4 Z12 Z13 Z21,0.953933333333,0.00670871795142,0.953933333333,0.00670871795142
0.000398107170553,0.000398107170553,0.000398107170553,0.000398107170553,0.000398107170553,0.000398107170553,0.000398107170553,0.000398107170553,0.000398107170553,0.000398107170553,0.000398107170553,0.000398107170553,0.000398107170553,0.000398107170553,0.000398107170553,0.000398107170553,0.000398107170553,0.000398107170553,5,Z40 Z48 Z49 Z57,0.970955555556,0.00410842824337,0.970955555556,0.00410842824337
0.000398107170553,0.000398107170553,0.000398107170553,0.000398107170553,0.000398107170553,0.000398107170553,0.000398107170553,0.000398107170553,0.000398107170553,0.000398107170553,0.000398107170553,0.000398107170553,0.000398107170553,0.000398107170553,0.000398107170553,0.000398107170553,0.000398107170553,0.000398107170553,5,Z41 Z49 Z50 Z58,0.942422222222,0.00677268196102,0.942422222222,0.00677268196102
0.000398107170553,0.000398107170553,0.000398107170553,0.000398107170553,0.000398107170553,0.000398107170553,0.000398107170553,0.000398107170553,0.000398107170553,0.000398107170553,0.000398107170553,0.000398107170553,0.000398107170553,0.000398107170553,0.000398107170553,0.000398107170553,0.000398107170553,0.000398107170553,5,Z42 Z50 Z59,0.943088888889,0.00611131312797,0.943088888889,0.00611131312797
0.000398107170553,0.000398107170553,0.000398107170553,0.000398107170553,0.000398107170553,0.000398107170553,0.000398107170553,0.000398107170553,0.000398107170553,0.000398107170553,0.000398107170553,0.000398107170553,0.000398107170553,0.000398107170553,0.000398107170553,0.000398107170553,0.000398107170553,0.000398107170553,5,Z5 Z13 Z14 Z22,0.9482,0.00615296707544,0.9482,0.00615296707544
0.000398107170553,0.000398107170553,0.000398107170553,0.000398107170553,0.000398107170553,0.000398107170553,0.000398107170553,0.000398107170553,0.000398107170553,0.000398107170553,0.000398107170553,0.000398107170553,0.000398107170553,0.000398107170553,0.000398107170553,0.000398107170553,0.000398107170553,0.000398107170553,5,Z51 Z60 Z68,0.976777777778,0.00358405721994,0.976777777778,0.00358405721994
0.000398107170553,0.000398107170553,0.000398107170553,0.000398107170553,0.000398107170553,0.000398107170553,0.000398107170553,0.000398107170553,0.000398107170553,0.000398107170553,0.000398107170553,0.000398107170553,0.000398107170553,0.000398107170553,0.000398107170553,0.000398107170553,0.000398107170553,0.000398107170553,5,Z52 Z60 Z61 Z69,0.972044444444,0.00394573666168,0.972044444444,0.00394573666168
0.000398107170553,0.000398107170553,0.000398107170553,0.000398107170553,0.000398107170553,0.000398107170553,0.000398107170553,0.000398107170553,0.000398107170553,0.000398107170553,0.000398107170553,0.000398107170553,0.000398107170553,0.000398107170553,0.000398107170553,0.000398107170553,0.000398107170553,0.000398107170553,5,Z53 Z61 Z62 Z70,0.971488888889,0.00455425642629,0.971488888889,0.00455425642629
0.000398107170553,0.000398107170553,0.000398107170553,0.000398107170553,0.000398107170553,0.000398107170553,0.000398107170553,0.000398107170553,0.000398107170553,0.000398107170553,0.000398107170553,0.000398107170553,0.000398107170553,0.000398107170553,0.000398107170553,0.000398107170553,0.000398107170553,0.000398107170553,5,Z54 Z62 Z63 Z71,0.971533333333,0.00356289950371,0.971533333333,0.00356289950371
0.000398107170553,0.000398107170553,0.000398107170553,0.000398107170553,0.000398107170553,0.000398107170553,0.000398107170553,0.000398107170553,0.000398107170553,0.000398107170553,0.000398107170553,0.000398107170553,0.000398107170553,0.000398107170553,0.000398107170553,0.000398107170553,0.000398107170553,0.000398107170553,5,Z55 Z63 Z64 Z72,0.972,0.00586175342851,0.972,0.00586175342851
0.000398107170553,0.000398107170553,0.000398107170553,0.000398107170553,0.000398107170553,0.000398107170553,0.000398107170553,0.000398107170553,0.000398107170553,0.000398107170553,0.000398107170553,0.000398107170553,0.000398107170553,0.000398107170553,0.000398107170553,0.000398107170553,0.000398107170553,0.000398107170553,5,Z56 Z64 Z65 Z73,0.972133333333,0.00373612375192,0.972133333333,0.00373612375192
0.000398107170553,0.000398107170553,0.000398107170553,0.000398107170553,0.000398107170553,0.000398107170553,0.000398107170553,0.000398107170553,0.000398107170553,0.000398107170553,0.000398107170553,0.000398107170553,0.000398107170553,0.000398107170553,0.000398107170553,0.000398107170553,0.000398107170553,0.000398107170553,5,Z57 Z65 Z66 Z74,0.970822222222,0.00513625333679,0.970822222222,0.00513625333679
0.000398107170553,0.000398107170553,0.000398107170553,0.000398107170553,0.000398107170553,0.000398107170553,0.000398107170553,0.000398107170553,0.000398107170553,0.000398107170553,0.000398107170553,0.000398107170553,0.000398107170553,0.000398107170553,0.000398107170553,0.000398107170553,0.000398107170553,0.000398107170553,5,Z58 Z66 Z67 Z75,0.940622222222,0.00744828059221,0.940622222222,0.00744828059221
0.000398107170553,0.000398107170553,0.000398107170553,0.000398107170553,0.000398107170553,0.000398107170553,0.000398107170553,0.000398107170553,0.000398107170553,0.000398107170553,0.000398107170553,0.000398107170553,0.000398107170553,0.000398107170553,0.000398107170553,0.000398107170553,0.000398107170553,0.000398107170553,5,Z59 Z67 Z76,0.943133333333,0.0064067732358,0.943133333333,0.0064067732358
0.000398107170553,0.000398107170553,0.000398107170553,0.000398107170553,0.000398107170553,0.000398107170553,0.000398107170553,0.000398107170553,0.000398107170553,0.000398107170553,0.000398107170553,0.000398107170553,0.000398107170553,0.000398107170553,0.000398107170553,0.000398107170553,0.000398107170553,0.000398107170553,5,Z6 Z14 Z15 Z23,0.944288888889,0.00629463880219,0.944288888889,0.00629463880219
0.000398107170553,0.000398107170553,0.000398107170553,0.000398107170553,0.000398107170553,0.000398107170553,0.000398107170553,0.000398107170553,0.000398107170553,0.000398107170553,0.000398107170553,0.000398107170553,0.000398107170553,0.000398107170553,0.000398107170553,0.000398107170553,0.000398107170553,0.000398107170553,5,Z68 Z77 Z85,0.975444444444,0.00387182902845,0.975444444444,0.00387182902845
0.000398107170553,0.000398107170553,0.000398107170553,0.000398107170553,0.000398107170553,0.000398107170553,0.000398107170553,0.000398107170553,0.000398107170553,0.000398107170553,0.000398107170553,0.000398107170553,0.000398107170553,0.000398107170553,0.000398107170553,0.000398107170553,0.000398107170553,0.000398107170553,5,Z69 Z77 Z78 Z86,0.9708,0.00478951600911,0.9708,0.00478951600911
0.000398107170553,0.000398107170553,0.000398107170553,0.000398107170553,0.000398107170553,0.000398107170553,0.000398107170553,0.000398107170553,0.000398107170553,0.000398107170553,0.000398107170553,0.000398107170553,0.000398107170553,0.000398107170553,0.000398107170553,0.000398107170553,0.000398107170553,0.000398107170553,5,Z7 Z15 Z16 Z24,0.910377777778,0.00904934676558,0.910377777778,0.00904934676558
0.000398107170553,0.000398107170553,0.000398107170553,0.000398107170553,0.000398107170553,0.000398107170553,0.000398107170553,0.000398107170553,0.000398107170553,0.000398107170553,0.000398107170553,0.000398107170553,0.000398107170553,0.000398107170553,0.000398107170553,0.000398107170553,0.000398107170553,0.000398107170553,5,Z70 Z78 Z79 Z87,0.971466666667,0.00472832825876,0.971466666667,0.00472832825876
0.000398107170553,0.000398107170553,0.000398107170553,0.000398107170553,0.000398107170553,0.000398107170553,0.000398107170553,0.000398107170553,0.000398107170553,0.000398107170553,0.000398107170553,0.000398107170553,0.000398107170553,0.000398107170553,0.000398107170553,0.000398107170553,0.000398107170553,0.000398107170553,5,Z71 Z79 Z80 Z88,0.970311111111,0.00408242033737,0.970311111111,0.00408242033737
0.000398107170553,0.000398107170553,0.000398107170553,0.000398107170553,0.000398107170553,0.000398107170553,0.000398107170553,0.000398107170553,0.000398107170553,0.000398107170553,0.000398107170553,0.000398107170553,0.000398107170553,0.000398107170553,0.000398107170553,0.000398107170553,0.000398107170553,0.000398107170553,5,Z72 Z80 Z81 Z89,0.972666666667,0.00369321631418,0.972666666667,0.00369321631418
0.000398107170553,0.000398107170553,0.000398107170553,0.000398107170553,0.000398107170553,0.000398107170553,0.000398107170553,0.000398107170553,0.000398107170553,0.000398107170553,0.000398107170553,0.000398107170553,0.000398107170553,0.000398107170553,0.000398107170553,0.000398107170553,0.000398107170553,0.000398107170553,5,Z73 Z81 Z82 Z90,0.972422222222,0.00439952394963,0.972422222222,0.00439952394963
0.000398107170553,0.000398107170553,0.000398107170553,0.000398107170553,0.000398107170553,0.000398107170553,0.000398107170553,0.000398107170553,0.000398107170553,0.000398107170553,0.000398107170553,0.000398107170553,0.000398107170553,0.000398107170553,0.000398107170553,0.000398107170553,0.000398107170553,0.000398107170553,5,Z74 Z82 Z83 Z91,0.972355555556,0.00364195784715,0.972355555556,0.00364195784715
0.000398107170553,0.000398107170553,0.000398107170553,0.000398107170553,0.000398107170553,0.000398107170553,0.000398107170553,0.000398107170553,0.000398107170553,0.000398107170553,0.000398107170553,0.000398107170553,0.000398107170553,0.000398107170553,0.000398107170553,0.000398107170553,0.000398107170553,0.000398107170553,5,Z75 Z83 Z84 Z92,0.940022222222,0.00516541203405,0.940022222222,0.00516541203405
0.000398107170553,0.000398107170553,0.000398107170553,0.000398107170553,0.000398107170553,0.000398107170553,0.000398107170553,0.000398107170553,0.000398107170553,0.000398107170553,0.000398107170553,0.000398107170553,0.000398107170553,0.000398107170553,0.000398107170553,0.000398107170553,0.000398107170553,0.000398107170553,5,Z76 Z84 Z93,0.9444,0.00530047348424,0.9444,0.00530047348424
0.000398107170553,0.000398107170553,0.000398107170553,0.000398107170553,0.000398107170553,0.000398107170553,0.000398107170553,0.000398107170553,0.000398107170553,0.000398107170553,0.000398107170553,0.000398107170553,0.000398107170553,0.000398107170553,0.000398107170553,0.000398107170553,0.000398107170553,0.000398107170553,5,Z8 Z16 Z25,0.942266666667,0.00627248446014,0.942266666667,0.00627248446014
0.000398107170553,0.000398107170553,0.000398107170553,0.000398107170553,0.000398107170553,0.000398107170553,0.000398107170553,0.000398107170553,0.000398107170553,0.000398107170553,0.000398107170553,0.000398107170553,0.000398107170553,0.000398107170553,0.000398107170553,0.000398107170553,0.000398107170553,0.000398107170553,5,Z85 Z94 Z102,0.975711111111,0.00286975686601,0.975711111111,0.00286975686601
0.000398107170553,0.000398107170553,0.000398107170553,0.000398107170553,0.000398107170553,0.000398107170553,0.000398107170553,0.000398107170553,0.000398107170553,0.000398107170553,0.000398107170553,0.000398107170553,0.000398107170553,0.000398107170553,0.000398107170553,0.000398107170553,0.000398107170553,0.000398107170553,5,Z86 Z94 Z95 Z103,0.971422222222,0.00471967702426,0.971422222222,0.00471967702426
0.000398107170553,0.000398107170553,0.000398107170553,0.000398107170553,0.000398107170553,0.000398107170553,0.000398107170553,0.000398107170553,0.000398107170553,0.000398107170553,0.000398107170553,0.000398107170553,0.000398107170553,0.000398107170553,0.000398107170553,0.000398107170553,0.000398107170553,0.000398107170553,5,Z87 Z95 Z96 Z104,0.971755555556,0.00430444244665,0.971755555556,0.00430444244665
0.000398107170553,0.000398107170553,0.000398107170553,0.000398107170553,0.000398107170553,0.000398107170553,0.000398107170553,0.000398107170553,0.000398107170553,0.000398107170553,0.000398107170553,0.000398107170553,0.000398107170553,0.000398107170553,0.000398107170553,0.000398107170553,0.000398107170553,0.000398107170553,5,Z88 Z96 Z97 Z105,0.972177777778,0.00441499823905,0.972177777778,0.00441499823905
0.000398107170553,0.000398107170553,0.000398107170553,0.000398107170553,0.000398107170553,0.000398107170553,0.000398107170553,0.000398107170553,0.000398107170553,0.000398107170553,0.000398107170553,0.000398107170553,0.000398107170553,0.000398107170553,0.000398107170553,0.000398107170553,0.000398107170553,0.000398107170553,5,Z89 Z97 Z98 Z106,0.972066666667,0.00395511211945,0.972066666667,0.00395511211945
0.000398107170553,0.000398107170553,0.000398107170553,0.000398107170553,0.000398107170553,0.000398107170553,0.000398107170553,0.000398107170553,0.000398107170553,0.000398107170553,0.000398107170553,0.000398107170553,0.000398107170553,0.000398107170553,0.000398107170553,0.000398107170553,0.000398107170553,0.000398107170553,5,Z90 Z98 Z99 Z107,0.970777777778,0.0042239359297,0.970777777778,0.0042239359297
0.000398107170553,0.000398107170553,0.000398107170553,0.000398107170553,0.000398107170553,0.000398107170553,0.000398107170553,0.000398107170553,0.000398107170553,0.000398107170553,0.000398107170553,0.000398107170553,0.000398107170553,0.000398107170553,0.000398107170553,0.000398107170553,0.000398107170553,0.000398107170553,5,Z91 Z99 Z100 Z108,0.9714,0.00408473468799,0.9714,0.00408473468799
0.000398107170553,0.000398107170553,0.000398107170553,0.000398107170553,0.000398107170553,0.000398107170553,0.000398107170553,0.000398107170553,0.000398107170553,0.000398107170553,0.000398107170553,0.000398107170553,0.000398107170553,0.000398107170553,0.000398107170553,0.000398107170553,0.000398107170553,0.000398107170553,5,Z92 Z100 Z101 Z109,0.9378,0.0073263289433,0.9378,0.0073263289433
0.000398107170553,0.000398107170553,0.000398107170553,0.000398107170553,0.000398107170553,0.000398107170553,0.000398107170553,0.000398107170553,0.000398107170553,0.000398107170553,0.000398107170553,0.000398107170553,0.000398107170553,0.000398107170553,0.000398107170553,0.000398107170553,0.000398107170553,0.000398107170553,5,Z93 Z101 Z110,0.945488888889,0.00832055725612,0.945488888889,0.00832055725612
0.000398107170553,0.000398107170553,0.000398107170553,0.000398107170553,0.000398107170553,0.000398107170553,0.000398107170553,0.000398107170553,0.000398107170553,0.000398107170553,0.000398107170553,0.000398107170553,0.000398107170553,0.000398107170553,0.000398107170553,0.000398107170553,0.000398107170553,0.000398107170553,10,Logical X,0.971088888889,0.00403617106721,0.971266666667,0.00406969926497
0.000398107170553,0.000398107170553,0.000398107170553,0.000398107170553,0.000398107170553,0.000398107170553,0.000398107170553,0.000398107170553,0.000398107170553,0.000398107170553,0.000398107170553,0.000398107170553,0.000398107170553,0.000398107170553,0.000398107170553,0.000398107170553,0.000398107170553,0.000398107170553,10,Logical Y,0.0145555555556,0.0119077981897,0.00173333333333,0.0160426634263
0.000398107170553,0.000398107170553,0.000398107170553,0.000398107170553,0.000398107170553,0.000398107170553,0.000398107170553,0.000398107170553,0.000398107170553,0.000398107170553,0.000398107170553,0.000398107170553,0.000398107170553,0.000398107170553,0.000398107170553,0.000398107170553,0.000398107170553,0.000398107170553,10,Logical Z,0.0135777777778,0.0109900454203,2.22222222222e-05,0.0173001302972
0.000398107170553,0.000398107170553,0.000398107170553,0.000398107170553,0.000398107170553,0.000398107170553,0.000398107170553,0.000398107170553,0.000398107170553,0.000398107170553,0.000398107170553,0.000398107170553,0.000398107170553,0.000398107170553,0.000398107170553,0.000398107170553,0.000398107170553,0.000398107170553,10,X0 X1 X9,0.979244444444,0.003818620775,0.979244444444,0.003818620775
0.000398107170553,0.000398107170553,0.000398107170553,0.000398107170553,0.000398107170553,0.000398107170553,0.000398107170553,0.000398107170553,0.000398107170553,0.000398107170553,0.000398107170553,0.000398107170553,0.000398107170553,0.000398107170553,0.000398107170553,0.000398107170553,0.000398107170553,0.000398107170553,10,X1 X2 X10,0.970488888889,0.00385934039719,0.970488888889,0.00385934039719
0.000398107170553,0.000398107170553,0.000398107170553,0.000398107170553,0.000398107170553,0.000398107170553,0.000398107170553,0.000398107170553,0.000398107170553,0.000398107170553,0.000398107170553,0.000398107170553,0.000398107170553,0.000398107170553,0.000398107170553,0.000398107170553,0.000398107170553,0.000398107170553,10,X10 X18 X19 X27,0.978266666667,0.0039366633089,0.978266666667,0.0039366633089
0.000398107170553,0.000398107170553,0.000398107170553,0.000398107170553,0.000398107170553,0.000398107170553,0.000398107170553,0.000398107170553,0.000398107170553,0.000398107170553,0.000398107170553,0.000398107170553,0.000398107170553,0.000398107170553,0.000398107170553,0.000398107170553,0.000398107170553,0.000398107170553,10,X100 X108 X109 X117,0.977466666667,0.00501461465651,0.977466666667,0.00501461465651
0.000398107170553,0.000398107170553,0.000398107170553,0.000398107170553,0.000398107170553,0.000398107170553,0.000398107170553,0.000398107170553,0.000398107170553,0.000398107170553,0.000398107170553,0.000398107170553,0.000398107170553,0.000398107170553,0.000398107170553,0.000398107170553,0.000398107170553,0.000398107170553,10,X101 X109 X110 X118,0.910844444444,0.00751791389776,0.910844444444,0.00751791389776
0.000398107170553,0.000398107170553,0.000398107170553,0.000398107170553,0.000398107170553,0.000398107170553,0.000398107170553,0.000398107170553,0.000398107170553,0.000398107170553,0.000398107170553,0.000398107170553,0.000398107170553,0.000398107170553,0.000398107170553,0.000398107170553,0.000398107170553,0.000398107170553,10,X11 X19 X20 X28,0.977511111111,0.00342599185329,0.977511111111,0.00342599185329
0.000398107170553,0.000398107170553,0.000398107170553,0.000398107170553,0.000398107170553,0.000398107170553,0.000398107170553,0.000398107170553,0.000398107170553,0.000398107170553,0.000398107170553,0.000398107170553,0.000398107170553,0.000398107170553,0.000398107170553,0.000398107170553,0.000398107170553,0.000398107170553,10,X111 X119 X120 X128,0.978044444444,0.00396897289601,0.978044444444,0.00396897289601
0.000398107170553,0.000398107170553,0.000398107170553,0.000398107170553,0.000398107170553,0.000398107170553,0.000398107170553,0.000398107170553,0.000398107170553,0.000398107170553,0.000398107170553,0.000398107170553,0.000398107170553,0.000398107170553,0.000398107170553,0.000398107170553,0.000398107170553,0.000398107170553,10,X112 X120 X121 X129,0.977,0.00414580986824,0.977,0.00414580986824
0.000398107170553,0.000398107170553,0.000398107170553,0.000398107170553,0.000398107170553,0.000398107170553,0.000398107170553,0.000398107170553,0.000398107170553,0.000398107170553,0.000398107170553,0.000398107170553,0.000398107170553,0.000398107170553,0.000398107170553,0.000398107170553,0.000398107170553,0.000398107170553,10,X113 X121 X122 X130,0.9788,0.00407741184532,0.9788,0.00407741184532
0.000398107170553,0.000398107170553,0.000398107170553,0.000398107170553,0.000398107170553,0.000398107170553,0.000398107170553,0.000398107170553,0.000398107170553,0.000398107170553,0.000398107170553,0.000398107170553,0.000398107170553,0.000398107170553,0.000398107170553,0.000398107170553,0.000398107170553,0.000398107170553,10,X114 X122 X123 X131,0.977822222222,0.00299134554142,0.977822222222,0.00299134554142
0.000398107170553,0.000398107170553,0.000398107170553,0.000398107170553,0.000398107170553,0.000398107170553,0.000398107170553,0.000398107170553,0.000398107170553,0.000398107170553,0.000398107170553,0.000398107170553,0.000398107170553,0.000398107170553,0.000398107170553,0.000398107170553,0.000398107170553,0.000398107170553,10,X115 X123 X124 X132,0.978066666667,0.00392399046245,0.978066666667,0.00392399046245
0.000398107170553,0.000398107170553,0.000398107170553,0.000398107170553,0.000398107170553,0.000398107170553,0.000398107170553,0.000398107170553,0.000398107170553,0.000398107170553,0.000398107170553,0.000398107170553,0.000398107170553,0.000398107170553,0.000398107170553,0.000398107170553,0.000398107170553,0.000398107170553,10,X116 X124 X125 X133,0.978177777778,0.00367213107277,0.978177777778,0.00367213107277
0.000398107170553,0.000398107170553,0.000398107170553,0.000398107170553,0.000398107170553,0.000398107170553,0.000398107170553,0.000398107170553,0.000398107170553,0.000398107170553,0.000398107170553,0.000398107170553,0.000398107170553,0.000398107170553,0.000398107170553,0.000398107170553,0.000398107170553,0.000398107170553,10,X117 X125 X126 X134,0.978111111111,0.00322387327234,0.978111111111,0.00322387327234
0.000398107170553,0.000398107170553,0.000398107170553,0.000398107170553,0.000398107170553,0.000398107170553,0.000398107170553,0.000398107170553,0.000398107170553,0.000398107170553,0.000398107170553,0.000398107170553,0.000398107170553,0.000398107170553,0.000398107170553,0.000398107170553,0.000398107170553,0.000398107170553,10,X118 X126 X127 X135,0.912422222222,0.00756576952165,0.912422222222,0.00756576952165
0.000398107170553,0.000398107170553,0.000398107170553,0.000398107170553,0.000398107170553,0.000398107170553,0.000398107170553,0.000398107170553,0.000398107170553,0.000398107170553,0.000398107170553,0.000398107170553,0.000398107170553,0.000398107170553,0.000398107170553,0.000398107170553,0.000398107170553,0.000398107170553,10,X12 X20 X21 X29,0.977755555556,0.00351671796371,0.977755555556,0.00351671796371
0.000398107170553,0.000398107170553,0.000398107170553,0.000398107170553,0.000398107170553,0.000398107170553,0.000398107170553,0.000398107170553,0.000398107170553,0.000398107170553,0.000398107170553,0.000398107170553,0.000398107170553,0.000398107170553,0.000398107170553,0.000398107170553,0.000398107170553,0.000398107170553,10,X128 X136 X137,0.981022222222,0.00361238115008,0.981022222222,0.00361238115008
0.000398107170553,0.000398107170553,0.000398107170553,0.000398107170553,0.000398107170553,0.000398107170553,0.000398107170553,0.000398107170553,0.000398107170553,0.000398107170553,0.000398107170553,0.000398107170553,0.000398107170553,0.000398107170553,0.000398107170553,0.000398107170553,0.000398107170553,0.000398107170553,10,X129 X137 X138,0.981066666667,0.00367908034486,0.981066666667,0.00367908034486
0.000398107170553,0.000398107170553,0.000398107170553,0.000398107170553,0.000398107170553,0.000398107170553,0.000398107170553,0.000398107170553,0.000398107170553,0.000398107170553,0.000398107170553,0.000398107170553,0.000398107170553,0.000398107170553,0.000398107170553,0.000398107170553,0.000398107170553,0.000398107170553,10,X13 X21 X22 X30,0.978133333333,0.0030242949845,0.978133333333,0.0030242949845
0.000398107170553,0.000398107170553,0.000398107170553,0.000398107170553,0.000398107170553,0.000398107170553,0.000398107170553,0.000398107170553,0.000398107170553,0.000398107170553,0.000398107170553,0.000398107170553,0.000398107170553,0.000398107170553,0.000398107170553,0.000398107170553,0.000398107170553,0.000398107170553,10,X130 X138 X139,0.982066666667,0.00275903253631,0.982066666667,0.00275903253631
0.000398107170553,0.000398107170553,0.000398107170553,0.000398107170553,0.000398107170553,0.000398107170553,0.000398107170553,0.000398107170553,0.000398107170553,0.000398107170553,0.000398107170553,0.000398107170553,0.000398107170553,0.000398107170553,0.000398107170553,0.000398107170553,0.000398107170553,0.000398107170553,10,X131 X139 X140,0.981088888889,0.00378131454907,0.981088888889,0.00378131454907
0.000398107170553,0.000398107170553,0.000398107170553,0.000398107170553,0.000398107170553,0.000398107170553,0.000398107170553,0.000398107170553,0.000398107170553,0.000398107170553,0.000398107170553,0.000398107170553,0.000398107170553,0.000398107170553,0.000398107170553,0.000398107170553,0.000398107170553,0.000398107170553,10,X132 X140 X141,0.980155555556,0.00326919129903,0.980155555556,0.00326919129903
0.000398107170553,0.000398107170553,0.000398107170553,0.000398107170553,0.000398107170553,0.000398107170553,0.000398107170553,0.000398107170553,0.000398107170553,0.000398107170553,0.000398107170553,0.000398107170553,0.000398107170553,0.000398107170553,0.000398107170553,0.000398107170553,0.000398107170553,0.000398107170553,10,X133 X141 X142,0.981244444444,0.00304113980111,0.981244444444,0.00304113980111
0.000398107170553,0.000398107170553,0.000398107170553,0.000398107170553,0.000398107170553,0.000398107170553,0.000398107170553,0.000398107170553,0.000398107170553,0.000398107170553,0.000398107170553,0.000398107170553,0.000398107170553,0.000398107170553,0.000398107170553,0.000398107170553,0.000398107170553,0.000398107170553,10,X134 X142 X143,0.981266666667,0.00294704215634,0.981266666667,0.00294704215634
0.000398107170553,0.000398107170553,0.000398107170553,0.000398107170553,0.000398107170553,0.000398107170553,0.000398107170553,0.000398107170553,0.000398107170553,0.000398107170553,0.000398107170553,0.000398107170553,0.000398107170553,0.000398107170553,0.000398107170553,0.000398107170553,0.000398107170553,0.000398107170553,10,X135 X143 X144,0.9124,0.00718789958076,0.9124,0.00718789958076
0.000398107170553,0.000398107170553,0.000398107170553,0.000398107170553,0.000398107170553,0.000398107170553,0.000398107170553,0.000398107170553,0.000398107170553,0.000398107170553,0.000398107170553,0.000398107170553,0.000398107170553,0.000398107170553,0.000398107170553,0.000398107170553,0.000398107170553,0.000398107170553,10,X14 X22 X23 X31,0.977577777778,0.00340152471259,0.977577777778,0.00340152471259
0.000398107170553,0.000398107170553,0.000398107170553,0.000398107170553,0.000398107170553,0.000398107170553,0.000398107170553,0.000398107170553,0.000398107170553,0.000398107170553,0.000398107170553,0.000398107170553,0.000398107170553,0.000398107170553,0.000398107170553,0.000398107170553,0.000398107170553,0.000398107170553,10,X15 X23 X24 X32,0.978577777778,0.00469689171967,0.978577777778,0.00469689171967
0.000398107170553,0.000398107170553,0.000398107170553,0.000398107170553,0.000398107170553,0.000398107170553,0.000398107170553,0.000398107170553,0.000398107170553,0.000398107170553,0.000398107170553,0.000398107170553,0.000398107170553,0.000398107170553,0.000398107170553,0.000398107170553,0.000398107170553,0.000398107170553,10,X16 X24 X25 X33,0.916666666667,0.00963868323784,0.916666666667,0.00963868323784
0.000398107170553,0.000398107170553,0.000398107170553,0.000398107170553,0.000398107170553,0.000398107170553,0.000398107170553,0.000398107170553,0.000398107170553,0.000398107170553,0.000398107170553,0.000398107170553,0.000398107170553,0.000398107170553,0.000398107170553,0.000398107170553,0.000398107170553,0.000398107170553,10,X2 X3 X11,0.960466666667,0.00515848443691,0.960466666667,0.00515848443691
0.000398107170553,0.000398107170553,0.000398107170553,0.000398107170553,0.000398107170553,0.000398107170553,0.000398107170553,0.000398107170553,0.000398107170553,0.000398107170553,0.000398107170553,0.000398107170553,0.000398107170553,0.000398107170553,0.000398107170553,0.000398107170553,0.000398107170553,0.000398107170553,10,X26 X34 X35 X43,0.977,0.00434789771722,0.977,0.00434789771722
0.000398107170553,0.000398107170553,0.000398107170553,0.000398107170553,0.000398107170553,0.000398107170553,0.000398107170553,0.000398107170553,0.000398107170553,0.000398107170553,0.000398107170553,0.000398107170553,0.000398107170553,0.000398107170553,0.000398107170553,0.000398107170553,0.000398107170553,0.000398107170553,10,X27 X35 X36 X44,0.978444444444,0.00290505350856,0.978444444444,0.00290505350856
0.000398107170553,0.000398107170553,0.000398107170553,0.000398107170553,0.000398107170553,0.000398107170553,0.000398107170553,0.000398107170553,0.000398107170553,0.000398107170553,0.000398107170553,0.000398107170553,0.000398107170553,0.000398107170553,0.000398107170553,0.000398107170553,0.000398107170553,0.000398107170553,10,X28 X36 X37 X45,0.978355555556,0.00405605675799,0.978355555556,0.00405605675799
0.000398107170553,0.000398107170553,0.000398107170553,0.000398107170553,0.000398107170553,0.000398107170553,0.000398107170553,0.000398107170553,0.000398107170553,0.000398107170553,0.000398107170553,0.000398107170553,0.000398107170553,0.000398107170553,0.000398107170553,0.000398107170553,0.000398107170553,0.000398107170553,10,X29 X37 X38 X46,0.978111111111,0.00356691194058,0.978111111111,0.00356691194058
0.000398107170553,0.000398107170553,0.000398107170553,0.000398107170553,0.000398107170553,0.000398107170553,0.000398107170553,0.000398107170553,0.000398107170553,0.000398107170553,0.000398107170553,0.000398107170553,0.000398107170553,0.000398107170553,0.000398107170553,0.000398107170553,0.000398107170553,0.000398107170553,10,X3 X4 X12,0.950866666667,0.00683051525855,0.950866666667,0.00683051525855
0.000398107170553,0.000398107170553,0.000398107170553,0.000398107170553,0.000398107170553,0.000398107170553,0.000398107170553,0.000398107170553,0.000398107170553,0.000398107170553,0.000398107170553,0.000398107170553,0.000398107170553,0.000398107170553,0.000398107170553,0.000398107170553,0.000398107170553,0.000398107170553,10,X30 X38 X39 X47,0.978155555556,0.00283212730699,0.978155555556,0.00283212730699
0.000398107170553,0.000398107170553,0.000398107170553,0.000398107170553,0.000398107170553,0.000398107170553,0.000398107170553,0.000398107170553,0.000398107170553,0.000398107170553,0.000398107170553,0.000398107170553,0.000398107170553,0.000398107170553,0.000398107170553,0.000398107170553,0.000398107170553,0.000398107170553,10,X31 X39 X40 X48,0.978533333333,0.00401682286146,0.978533333333,0.00401682286146
0.000398107170553,0.000398107170553,0.000398107170553,0.000398107170553,0.000398107170553,0.000398107170553,0.000398107170553,0.000398107170553,0.000398107170553,0.000398107170553,0.000398107170553,0.000398107170553,0.000398107170553,0.000398107170553,0.000398107170553,0.000398107170553,0.000398107170553,0.000398107170553,10,X32 X40 X41 X49,0.9778,0.00350653467694,0.9778,0.00350653467694
0.000398107170553,0.000398107170553,0.000398107170553,0.000398107170553,0.000398107170553,0.000398107170553,0.000398107170553,0.000398107170553,0.000398107170553,0.000398107170553,0.000398107170553,0.000398107170553,0.000398107170553,0.000398107170553,0.000398107170553,0.000398107170553,0.000398107170553,0.000398107170553,10,X33 X41 X42 X50,0.915044444444,0.00722847356919,0.915044444444,0.00722847356919
0.000398107170553,0.000398107170553,0.000398107170553,0.000398107170553,0.000398107170553,0.000398107170553,0.000398107170553,0.000398107170553,0.000398107170553,0.000398107170553,0.000398107170553,0.000398107170553,0.000398107170553,0.000398107170553,0.000398107170553,0.000398107170553,0.000398107170553,0.000398107170553,10,X4 X5 X13,0.942466666667,0.00687969971723,0.942466666667,0.00687969971723
0.000398107170553,0.000398107170553,0.000398107170553,0.000398107170553,0.000398107170553,0.000398107170553,0.000398107170553,0.000398107170553,0.000398107170553,0.000398107170553,0.000398107170553,0.000398107170553,0.000398107170553,0.000398107170553,0.000398107170553,0.000398107170553,0.000398107170553,0.000398107170553,10,X43 X51 X52 X60,0.977,0.00377428280975,0.977,0.00377428280975
0.000398107170553,0.000398107170553,0.000398107170553,0.000398107170553,0.000398107170553,0.000398107170553,0.000398107170553,0.000398107170553,0.000398107170553,0.000398107170553,0.000398107170553,0.000398107170553,0.000398107170553,0.000398107170553,0.000398107170553,0.000398107170553,0.000398107170553,0.000398107170553,10,X44 X52 X53 X61,0.978355555556,0.00391767126596,0.978355555556,0.00391767126596
0.000398107170553,0.000398107170553,0.000398107170553,0.000398107170553,0.000398107170553,0.000398107170553,0.000398107170553,0.000398107170553,0.000398107170553,0.000398107170553,0.000398107170553,0.000398107170553,0.000398107170553,0.000398107170553,0.000398107170553,0.000398107170553,0.000398107170553,0.000398107170553,10,X45 X53 X54 X62,0.978133333333,0.00346808105541,0.978133333333,0.00346808105541
0.000398107170553,0.000398107170553,0.000398107170553,0.000398107170553,0.000398107170553,0.000398107170553,0.000398107170553,0.000398107170553,0.000398107170553,0.000398107170553,0.000398107170553,0.000398107170553,0.000398107170553,0.000398107170553,0.000398107170553,0.000398107170553,0.000398107170553,0.000398107170553,10,X46 X54 X55 X63,0.977555555556,0.00319162377551,0.977555555556,0.00319162377551
0.000398107170553,0.000398107170553,0.000398107170553,0.000398107170553,0.000398107170553,0.000398107170553,0.000398107170553,0.000398107170553,0.000398107170553,0.000398107170553,0.000398107170553,0.000398107170553,0.000398107170553,0.000398107170553,0.000398107170553,0.000398107170553,0.000398107170553,0.000398107170553,10,X47 X55 X56 X64,0.978755555556,0.00282698183741,0.978755555556,0.00282698183741
0.000398107170553,0.000398107170553,0.000398107170553,0.000398107170553,0.000398107170553,0.000398107170553,0.000398107170553,0.000398107170553,0.000398107170553,0.000398107170553,0.000398107170553,0.000398107170553,0.000398107170553,0.000398107170553,0.000398107170553,0.000398107170553,0.000398107170553,0.000398107170553,10,X48 X56 X57 X65,0.978511111111,0.00294357321022,0.978511111111,0.00294357321022
0.000398107170553,0.000398107170553,0.000398107170553,0.000398107170553,0.000398107170553,0.000398107170553,0.000398107170553,0.000398107170553,0.000398107170553,0.000398107170553,0.000398107170553,0.000398107170553,0.000398107170553,0.000398107170553,0.000398107170553,0.000398107170553,0.000398107170553,0.000398107170553,10,X49 X57 X58 X66,0.977866666667,0.00497472539145,0.977866666667,0.00497472539145
0.000398107170553,0.000398107170553,0.000398107170553,0.000398107170553,0.000398107170553,0.000398107170553,0.000398107170553,0.000398107170553,0.000398107170553,0.000398107170553,0.000398107170553,0.000398107170553,0.000398107170553,0.000398107170553,0.000398107170553,0.000398107170553,0.000398107170553,0.000398107170553,10,X5 X6 X14,0.934422222222,0.00581050266772,0.934422222222,0.00581050266772
0.000398107170553,0.000398107170553,0.000398107170553,0.000398107170553,0.000398107170553,0.000398107170553,0.000398107170553,0.000398107170553,0.000398107170553,0.000398107170553,0.000398107170553,0.000398107170553,0.000398107170553,0.000398107170553,0.000398107170553,0.000398107170553,0.000398107170553,0.000398107170553,10,X50 X58 X59 X67,0.916244444444,0.0065775266598,0.916244444444,0.0065775266598
0.000398107170553,0.000398107170553,0.000398107170553,0.000398107170553,0.000398107170553,0.000398107170553,0.000398107170553,0.000398107170553,0.000398107170553,0.000398107170553,0.000398107170553,0.000398107170553,0.000398107170553,0.000398107170553,0.000398107170553,0.000398107170553,0.000398107170553,0.000398107170553,10,X6 X7 X15,0.924311111111,0.00709375276034,0.924311111111,0.00709375276034
0.000398107170553,0.000398107170553,0.000398107170553,0.000398107170553,0.000398107170553,0.000398107170553,0.000398107170553,0.000398107170553,0.000398107170553,0.000398107170553,0.000398107170553,0.000398107170553,0.000398107170553,0.000398107170553,0.000398107170553,0.000398107170553,0.000398107170553,0.000398107170553,10,X60 X68 X69 X77,0.978022222222,0.00427586412887,0.978022222222,0.00427586412887
0.000398107170553,0.000398107170553,0.000398107170553,0.000398107170553,0.000398107170553,0.000398107170553,0.000398107170553,0.000398107170553,0.000398107170553,0.000398107170553,0.000398107170553,0.000398107170553,0.000398107170553,0.000398107170553,0.000398107170553,0.000398107170553,0.000398107170553,0.000398107170553,10,X61 X69 X70 X78,0.976822222222,0.00377807075718,0.976822222222,0.00377807075718
0.000398107170553,0.000398107170553,0.000398107170553,0.000398107170553,0.000398107170553,0.000398107170553,0.000398107170553,0.000398107170553,0.000398107170553,0.000398107170553,0.000398107170553,0.000398107170553,0.000398107170553,0.000398107170553,0.000398107170553,0.000398107170553,0.000398107170553,0.000398107170553,10,X62 X70 X71 X79,0.979066666667,0.00457412345308,0.979066666667,0.00457412345308
0.000398107170553,0.000398107170553,0.000398107170553,0.000398107170553,0.000398107170553,0.000398107170553,0.000398107170553,0.000398107170553,0.000398107170553,0.000398107170553,0.000398107170553,0.000398107170553,0.000398107170553,0.000398107170553,0.000398107170553,0.000398107170553,0.000398107170553,0.000398107170553,10,X63 X71 X72 X80,0.976844444444,0.00392236277738,0.976844444444,0.00392236277738
0.000398107170553,0.000398107170553,0.000398107170553,0.000398107170553,0.000398107170553,0.000398107170553,0.000398107170553,0.000398107170553,0.000398107170553,0.000398107170553,0.000398107170553,0.000398107170553,0.000398107170553,0.000398107170553,0.000398107170553,0.000398107170553,0.000398107170553,0.000398107170553,10,X64 X72 X73 X81,0.977,0.00406743915783,0.977,0.00406743915783
0.000398107170553,0.000398107170553,0.000398107170553,0.000398107170553,0.000398107170553,0.000398107170553,0.000398107170553,0.000398107170553,0.000398107170553,0.000398107170553,0.000398107170553,0.000398107170553,0.000398107170553,0.000398107170553,0.000398107170553,0.000398107170553,0.000398107170553,0.000398107170553,10,X65 X73 X74 X82,0.978577777778,0.00393718234949,0.978577777778,0.00393718234949
0.000398107170553,0.000398107170553,0.000398107170553,0.000398107170553,0.000398107170553,0.000398107170553,0.000398107170553,0.000398107170553,0.000398107170553,0.000398107170553,0.000398107170553,0.000398107170553,0.000398107170553,0.000398107170553,0.000398107170553,0.000398107170553,0.000398107170553,0.000398107170553,10,X66 X74 X75 X83,0.977177777778,0.00359941814512,0.977177777778,0.00359941814512
0.000398107170553,0.000398107170553,0.000398107170553,0.000398107170553,0.000398107170553,0.000398107170553,0.000398107170553,0.000398107170553,0.000398107170553,0.000398107170553,0.000398107170553,0.000398107170553,0.000398107170553,0.000398107170553,0.000398107170553,0.000398107170553,0.000398107170553,0.000398107170553,10,X67 X75 X76 X84,0.912733333333,0.00679497222287,0.912733333333,0.00679497222287
0.000398107170553,0.000398107170553,0.000398107170553,0.000398107170553,0.000398107170553,0.000398107170553,0.000398107170553,0.000398107170553,0.000398107170553,0.000398107170553,0.000398107170553,0.000398107170553,0.000398107170553,0.000398107170553,0.000398107170553,0.000398107170553,0.000398107170553,0.000398107170553,10,X7 X8 X16,0.919488888889,0.00667742427074,0.919488888889,0.00667742427074
0.000398107170553,0.000398107170553,0.000398107170553,0.000398107170553,0.000398107170553,0.000398107170553,0.000398107170553,0.000398107170553,0.000398107170553,0.000398107170553,0.000398107170553,0.000398107170553,0.000398107170553,0.000398107170553,0.000398107170553,0.000398107170553,0.000398107170553,0.000398107170553,10,X77 X85 X86 X94,0.978622222222,0.00353605764994,0.978622222222,0.00353605764994
0.000398107170553,0.000398107170553,0.000398107170553,0.000398107170553,0.000398107170553,0.000398107170553,0.000398107170553,0.000398107170553,0.000398107170553,0.000398107170553,0.000398107170553,0.000398107170553,0.000398107170553,0.000398107170553,0.000398107170553,0.000398107170553,0.000398107170553,0.000398107170553,10,X78 X86 X87 X95,0.977844444444,0.00346048668131,0.977844444444,0.00346048668131
0.000398107170553,0.000398107170553,0.000398107170553,0.000398107170553,0.000398107170553,0.000398107170553,0.000398107170553,0.000398107170553,0.000398107170553,0.000398107170553,0.000398107170553,0.000398107170553,0.000398107170553,0.000398107170553,0.000398107170553,0.000398107170553,0.000398107170553,0.000398107170553,10,X79 X87 X88 X96,0.9784,0.00335669971105,0.9784,0.00335669971105
0.000398107170553,0.000398107170553,0.000398107170553,0.000398107170553,0.000398107170553,0.000398107170553,0.000398107170553,0.000398107170553,0.000398107170553,0.000398107170553,0.000398107170553,0.000398107170553,0.000398107170553,0.000398107170553,0.000398107170553,0.000398107170553,0.000398107170553,0.000398107170553,10,X80 X88 X89 X97,0.976822222222,0.00406718795729,0.976822222222,0.00406718795729
0.000398107170553,0.000398107170553,0.000398107170553,0.000398107170553,0.000398107170553,0.000398107170553,0.000398107170553,0.000398107170553,0.000398107170553,0.000398107170553,0.000398107170553,0.000398107170553,0.000398107170553,0.000398107170553,0.000398107170553,0.000398107170553,0.000398107170553,0.000398107170553,10,X81 X89 X90 X98,0.979422222222,0.0040861726777,0.979422222222,0.0040861726777
0.000398107170553,0.000398107170553,0.000398107170553,0.000398107170553,0.000398107170553,0.000398107170553,0.000398107170553,0.000398107170553,0.000398107170553,0.000398107170553,0.000398107170553,0.000398107170553,0.000398107170553,0.000398107170553,0.000398107170553,0.000398107170553,0.000398107170553,0.000398107170553,10,X82 X90 X91 X99,0.978266666667,0.00462079258763,0.978266666667,0.00462079258763
0.000398107170553,0.000398107170553,0.000398107170553,0.000398107170553,0.000398107170553,0.000398107170553,0.000398107170553,0.000398107170553,0.000398107170553,0.000398107170553,0.000398107170553,0.000398107170553,0.000398107170553,0.000398107170553,0.000398107170553,0.000398107170553,0.000398107170553,0.000398107170553,10,X83 X91 X92 X100,0.977777777778,0.00450570803017,0.977777777778,0.00450570803017
0.000398107170553,0.000398107170553,0.000398107170553,0.000398107170553,0.000398107170553,0.000398107170553,0.000398107170553,0.000398107170553,0.000398107170553,0.000398107170553,0.000398107170553,0.000398107170553,0.000398107170553,0.000398107170553,0.000398107170553,0.000398107170553,0.000398107170553,0.000398107170553,10,X84 X92 X93 X101,0.912733333333,0.00701470813849,0.912733333333,0.00701470813849
0.000398107170553,0.000398107170553,0.000398107170553,0.000398107170553,0.000398107170553,0.000398107170553,0.000398107170553,0.000398107170553,0.000398107170553,0.000398107170553,0.000398107170553,0.000398107170553,0.000398107170553,0.000398107170553,0.000398107170553,0.000398107170553,0.000398107170553,0.000398107170553,10,X9 X17 X18 X26,0.978888888889,0.00339633940121,0.978888888889,0.00339633940121
0.000398107170553,0.000398107170553,0.000398107170553,0.000398107170553,0.000398107170553,0.000398107170553,0.000398107170553,0.000398107170553,0.000398107170553,0.000398107170553,0.000398107170553,0.000398107170553,0.000398107170553,0.000398107170553,0.000398107170553,0.000398107170553,0.000398107170553,0.000398107170553,10,X94 X102 X103 X111,0.9786,0.00344124186797,0.9786,0.00344124186797
0.000398107170553,0.000398107170553,0.000398107170553,0.000398107170553,0.000398107170553,0.000398107170553,0.000398107170553,0.000398107170553,0.000398107170553,0.000398107170553,0.000398107170553,0.000398107170553,0.000398107170553,0.000398107170553,0.000398107170553,0.000398107170553,0.000398107170553,0.000398107170553,10,X95 X103 X104 X112,0.978288888889,0.00364595333683,0.978288888889,0.00364595333683
0.000398107170553,0.000398107170553,0.000398107170553,0.000398107170553,0.000398107170553,0.000398107170553,0.000398107170553,0.000398107170553,0.000398107170553,0.000398107170553,0.000398107170553,0.000398107170553,0.000398107170553,0.000398107170553,0.000398107170553,0.000398107170553,0.000398107170553,0.000398107170553,10,X96 X104 X105 X113,0.979533333333,0.003532660964,0.979533333333,0.003532660964
0.000398107170553,0.000398107170553,0.000398107170553,0.000398107170553,0.000398107170553,0.000398107170553,0.000398107170553,0.000398107170553,0.000398107170553,0.000398107170553,0.000398107170553,0.000398107170553,0.000398107170553,0.000398107170553,0.000398107170553,0.000398107170553,0.000398107170553,0.000398107170553,10,X97 X105 X106 X114,0.977844444444,0.00422611234384,0.977844444444,0.00422611234384
0.000398107170553,0.000398107170553,0.000398107170553,0.000398107170553,0.000398107170553,0.000398107170553,0.000398107170553,0.000398107170553,0.000398107170553,0.000398107170553,0.000398107170553,0.000398107170553,0.000398107170553,0.000398107170553,0.000398107170553,0.000398107170553,0.000398107170553,0.000398107170553,10,X98 X106 X107 X115,0.977711111111,0.00356519287773,0.977711111111,0.00356519287773
0.000398107170553,0.000398107170553,0.000398107170553,0.000398107170553,0.000398107170553,0.000398107170553,0.000398107170553,0.000398107170553,0.000398107170553,0.000398107170553,0.000398107170553,0.000398107170553,0.000398107170553,0.000398107170553,0.000398107170553,0.000398107170553,0.000398107170553,0.000398107170553,10,X99 X107 X108 X116,0.979133333333,0.00388789259269,0.979133333333,0.00388789259269
0.000398107170553,0.000398107170553,0.000398107170553,0.000398107170553,0.000398107170553,0.000398107170553,0.000398107170553,0.000398107170553,0.000398107170553,0.000398107170553,0.000398107170553,0.000398107170553,0.000398107170553,0.000398107170553,0.000398107170553,0.000398107170553,0.000398107170553,0.000398107170553,10,Z0 Z9 Z17,0.9774,0.00360225557266,0.9774,0.00360225557266
0.000398107170553,0.000398107170553,0.000398107170553,0.000398107170553,0.000398107170553,0.000398107170553,0.000398107170553,0.000398107170553,0.000398107170553,0.000398107170553,0.000398107170553,0.000398107170553,0.000398107170553,0.000398107170553,0.000398107170553,0.000398107170553,0.000398107170553,0.000398107170553,10,Z1 Z9 Z10 Z18,0.966755555556,0.00409366703995,0.966755555556,0.00409366703995
0.000398107170553,0.000398107170553,0.000398107170553,0.000398107170553,0.000398107170553,0.000398107170553,0.000398107170553,0.000398107170553,0.000398107170553,0.000398107170553,0.000398107170553,0.000398107170553,0.000398107170553,0.000398107170553,0.000398107170553,0.000398107170553,0.000398107170553,0.000398107170553,10,Z102 Z111 Z119,0.975333333333,0.00465844925112,0.975333333333,0.00465844925112
0.000398107170553,0.000398107170553,0.000398107170553,0.000398107170553,0.000398107170553,0.000398107170553,0.000398107170553,0.000398107170553,0.000398107170553,0.000398107170553,0.000398107170553,0.000398107170553,0.000398107170553,0.000398107170553,0.000398107170553,0.000398107170553,0.000398107170553,0.000398107170553,10,Z103 Z111 Z112 Z120,0.971022222222,0.00325062131796,0.971022222222,0.00325062131796
0.000398107170553,0.000398107170553,0.000398107170553,0.000398107170553,0.000398107170553,0.000398107170553,0.000398107170553,0.000398107170553,0.000398107170553,0.000398107170553,0.000398107170553,0.000398107170553,0.000398107170553,0.000398107170553,0.000398107170553,0.000398107170553,0.000398107170553,0.000398107170553,10,Z104 Z112 Z113 Z121,0.971888888889,0.0046587233985,0.971888888889,0.0046587233985
0.000398107170553,0.000398107170553,0.000398107170553,0.000398107170553,0.000398107170553,0.000398107170553,0.000398107170553,0.000398107170553,0.000398107170553,0.000398107170553,0.000398107170553,0.000398107170553,0.000398107170553,0.000398107170553,0.000398107170553,0.000398107170553,0.000398107170553,0.000398107170553,10,Z105 Z113 Z114 Z122,0.971555555556,0.0037028862444,0.971555555556,0.0037028862444
0.000398107170553,0.000398107170553,0.000398107170553,0.000398107170553,0.000398107170553,0.000398107170553,0.000398107170553,0.000398107170553,0.000398107170553,0.000398107170553,0.000398107170553,0.000398107170553,0.000398107170553,0.000398107170553,0.000398107170553,0.000398107170553,0.000398107170553,0.000398107170553,10,Z106 Z114 Z115 Z123,0.970666666667,0.00479463301485,0.970666666667,0.00479463301485
0.000398107170553,0.000398107170553,0.000398107170553,0.000398107170553,0.000398107170553,0.000398107170553,0.000398107170553,0.000398107170553,0.000398107170553,0.000398107170553,0.000398107170553,0.000398107170553,0.000398107170553,0.000398107170553,0.000398107170553,0.000398107170553,0.000398107170553,0.000398107170553,10,Z107 Z115 Z116 Z124,0.971622222222,0.00372496324992,0.971622222222,0.00372496324992
0.000398107170553,0.000398107170553,0.000398107170553,0.000398107170553,0.000398107170553,0.000398107170553,0.000398107170553,0.000398107170553,0.000398107170553,0.000398107170553,0.000398107170553,0.000398107170553,0.000398107170553,0.000398107170553,0.000398107170553,0.000398107170553,0.000398107170553,0.000398107170553,10,Z108 Z116 Z117 Z125,0.972444444444,0.00457992733076,0.972444444444,0.00457992733076
0.000398107170553,0.000398107170553,0.000398107170553,0.000398107170553,0.000398107170553,0.000398107170553,0.000398107170553,0.000398107170553,0.000398107170553,0.000398107170553,0.000398107170553,0.000398107170553,0.000398107170553,0.000398107170553,0.000398107170553,0.000398107170553,0.000398107170553,0.000398107170553,10,Z109 Z117 Z118 Z126,0.936577777778,0.00603116639395,0.936577777778,0.00603116639395
0.000398107170553,0.000398107170553,0.000398107170553,0.000398107170553,0.000398107170553,0.000398107170553,0.000398107170553,0.000398107170553,0.000398107170553,0.000398107170553,0.000398107170553,0.000398107170553,0.000398107170553,0.000398107170553,0.000398107170553,0.000398107170553,0.000398107170553,0.000398107170553,10,Z110 Z118 Z127,0.947044444444,0.00494779902562,0.947044444444,0.00494779902562
0.000398107170553,0.000398107170553,0.000398107170553,0.000398107170553,0.000398107170553,0.000398107170553,0.000398107170553,0.000398107170553,0.000398107170553,0.000398107170553,0.000398107170553,0.000398107170553,0.000398107170553,0.000398107170553,0.000398107170553,0.000398107170553,0.000398107170553,0.000398107170553,10,Z119 Z128 Z136,0.975422222222,0.0046212347899,0.975422222222,0.0046212347899
0.000398107170553,0.000398107170553,0.000398107170553,0.000398107170553,0.000398107170553,0.000398107170553,0.000398107170553,0.000398107170553,0.000398107170553,0.000398107170553,0.000398107170553,0.000398107170553,0.000398107170553,0.000398107170553,0.000398107170553,0.000398107170553,0.000398107170553,0.000398107170553,10,Z120 Z128 Z129 Z137,0.972866666667,0.00409148260232,0.972866666667,0.00409148260232
0.000398107170553,0.000398107170553,0.000398107170553,0.000398107170553,0.000398107170553,0.000398107170553,0.000398107170553,0.000398107170553,0.000398107170553,0.000398107170553,0.000398107170553,0.000398107170553,0.000398107170553,0.000398107170553,0.000398107170553,0.000398107170553,0.000398107170553,0.000398107170553,10,Z121 Z129 Z130 Z138,0.971444444444,0.00533644545216,0.971444444444,0.00533644545216
0.000398107170553,0.000398107170553,0.000398107170553,0.000398107170553,0.000398107170553,0.000398107170553,0.000398107170553,0.000398107170553,0.000398107170553,0.000398107170553,0.000398107170553,0.000398107170553,0.000398107170553,0.000398107170553,0.000398107170553,0.000398107170553,0.000398107170553,0.000398107170553,10,Z122 Z130 Z131 Z139,0.971822222222,0.00425952467383,0.971822222222,0.00425952467383
0.000398107170553,0.000398107170553,0.000398107170553,0.000398107170553,0.000398107170553,0.000398107170553,0.000398107170553,0.000398107170553,0.000398107170553,0.000398107170553,0.000398107170553,0.000398107170553,0.000398107170553,0.000398107170553,0.000398107170553,0.000398107170553,0.000398107170553,0.000398107170553,10,Z123 Z131 Z132 Z140,0.971955555556,0.00440805022304,0.971955555556,0.00440805022304
0.000398107170553,0.000398107170553,0.000398107170553,0.000398107170553,0.000398107170553,0.000398107170553,0.000398107170553,0.000398107170553,0.000398107170553,0.000398107170553,0.000398107170553,0.000398107170553,0.000398107170553,0.000398107170553,0.000398107170553,0.000398107170553,0.000398107170553,0.000398107170553,10,Z124 Z132 Z133 Z141,0.9738,0.00379614646311,0.9738,0.00379614646311
0.000398107170553,0.000398107170553,0.000398107170553,0.000398107170553,0.000398107170553,0.000398107170553,0.000398107170553,0.000398107170553,0.000398107170553,0.000398107170553,0.000398107170553,0.000398107170553,0.000398107170553,0.000398107170553,0.000398107170553,0.000398107170553,0.000398107170553,0.000398107170553,10,Z125 Z133 Z134 Z142,0.971844444444,0.00563155677172,0.971844444444,0.00563155677172
0.000398107170553,0.000398107170553,0.000398107170553,0.000398107170553,0.000398107170553,0.000398107170553,0.000398107170553,0.000398107170553,0.000398107170553,0.000398107170553,0.000398107170553,0.000398107170553,0.000398107170553,0.000398107170553,0.000398107170553,0.000398107170553,0.000398107170553,0.000398107170553,10,Z126 Z134 Z135 Z143,0.938066666667,0.00685336285158,0.938066666667,0.00685336285158
0.000398107170553,0.000398107170553,0.000398107170553,0.000398107170553,0.000398107170553,0.000398107170553,0.000398107170553,0.000398107170553,0.000398107170553,0.000398107170553,0.000398107170553,0.000398107170553,0.000398107170553,0.000398107170553,0.000398107170553,0.000398107170553,0.000398107170553,0.000398107170553,10,Z127 Z135 Z144,0.912711111111,0.00879382112114,0.912711111111,0.00879382112114
0.000398107170553,0.000398107170553,0.000398107170553,0.000398107170553,0.000398107170553,0.000398107170553,0.000398107170553,0.000398107170553,0.000398107170553,0.000398107170553,0.000398107170553,0.000398107170553,0.000398107170553,0.000398107170553,0.000398107170553,0.000398107170553,0.000398107170553,0.000398107170553,10,Z17 Z26 Z34,0.974933333333,0.00384209393739,0.974933333333,0.00384209393739
0.000398107170553,0.000398107170553,0.000398107170553,0.000398107170553,0.000398107170553,0.000398107170553,0.000398107170553,0.000398107170553,0.000398107170553,0.000398107170553,0.000398107170553,0.000398107170553,0.000398107170553,0.000398107170553,0.000398107170553,0.000398107170553,0.000398107170553,0.000398107170553,10,Z18 Z26 Z27 Z35,0.9712,0.00476063037134,0.9712,0.00476063037134
0.000398107170553,0.000398107170553,0.000398107170553,0.000398107170553,0.000398107170553,0.000398107170553,0.000398107170553,0.000398107170553,0.000398107170553,0.000398107170553,0.000398107170553,0.000398107170553,0.000398107170553,0.000398107170553,0.000398107170553,0.000398107170553,0.000398107170553,0.000398107170553,10,Z19 Z27 Z28 Z36,0.971866666667,0.00422145586915,0.971866666667,0.00422145586915
0.000398107170553,0.000398107170553,0.000398107170553,0.000398107170553,0.000398107170553,0.000398107170553,0.000398107170553,0.000398107170553,0.000398107170553,0.000398107170553,0.000398107170553,0.000398107170553,0.000398107170553,0.000398107170553,0.000398107170553,0.000398107170553,0.000398107170553,0.000398107170553,10,Z2 Z10 Z11 Z19,0.961133333333,0.00495543356721,0.961133333333,0.00495543356721
0.000398107170553,0.000398107170553,0.000398107170553,0.000398107170553,0.000398107170553,0.000398107170553,0.000398107170553,0.000398107170553,0.000398107170553,0.000398107170553,0.000398107170553,0.000398107170553,0.000398107170553,0.000398107170553,0.000398107170553,0.000398107170553,0.000398107170553,0.000398107170553,10,Z20 Z28 Z29 Z37,0.973088888889,0.00410768211559,0.973088888889,0.00410768211559
0.000398107170553,0.000398107170553,0.000398107170553,0.000398107170553,0.000398107170553,0.000398107170553,0.000398107170553,0.000398107170553,0.000398107170553,0.000398107170553,0.000398107170553,0.000398107170553,0.000398107170553,0.000398107170553,0.000398107170553,0.000398107170553,0.000398107170553,0.000398107170553,10,Z21 Z29 Z30 Z38,0.972622222222,0.00455509763141,0.972622222222,0.00455509763141
0.000398107170553,0.000398107170553,0.000398107170553,0.000398107170553,0.000398107170553,0.000398107170553,0.000398107170553,0.000398107170553,0.000398107170553,0.000398107170553,0.000398107170553,0.000398107170553,0.000398107170553,0.000398107170553,0.000398107170553,0.000398107170553,0.000398107170553,0.000398107170553,10,Z22 Z30 Z31 Z39,0.9716,0.00499685724986,0.9716,0.00499685724986
0.000398107170553,0.000398107170553,0.000398107170553,0.000398107170553,0.000398107170553,0.000398107170553,0.000398107170553,0.000398107170553,0.000398107170553,0.000398107170553,0.000398107170553,0.000398107170553,0.000398107170553,0.000398107170553,0.000398107170553,0.000398107170553,0.000398107170553,0.000398107170553,10,Z23 Z31 Z32 Z40,0.969755555556,0.00508165759704,0.969755555556,0.00508165759704
0.000398107170553,0.000398107170553,0.000398107170553,0.000398107170553,0.000398107170553,0.000398107170553,0.000398107170553,0.000398107170553,0.000398107170553,0.000398107170553,0.000398107170553,0.000398107170553,0.000398107170553,0.000398107170553,0.000398107170553,0.000398107170553,0.000398107170553,0.000398107170553,10,Z24 Z32 Z33 Z41,0.942066666667,0.00546209508876,0.942066666667,0.00546209508876
0.000398107170553,0.000398107170553,0.000398107170553,0.000398107170553,0.000398107170553,0.000398107170553,0.000398107170553,0.000398107170553,0.000398107170553,0.000398107170553,0.000398107170553,0.000398107170553,0.000398107170553,0.000398107170553,0.000398107170553,0.000398107170553,0.000398107170553,0.000398107170553,10,Z25 Z33 Z42,0.945066666667,0.00586593516861,0.945066666667,0.00586593516861
0.000398107170553,0.000398107170553,0.000398107170553,0.000398107170553,0.000398107170553,0.000398107170553,0.000398107170553,0.000398107170553,0.000398107170553,0.000398107170553,0.000398107170553,0.000398107170553,0.000398107170553,0.000398107170553,0.000398107170553,0.000398107170553,0.000398107170553,0.000398107170553,10,Z3 Z11 Z12 Z20,0.957688888889,0.00442124211785,0.957688888889,0.00442124211785
0.000398107170553,0.000398107170553,0.000398107170553,0.000398107170553,0.000398107170553,0.000398107170553,0.000398107170553,0.000398107170553,0.000398107170553,0.000398107170553,0.000398107170553,0.000398107170553,0.000398107170553,0.000398107170553,0.000398107170553,0.000398107170553,0.000398107170553,0.000398107170553,10,Z34 Z43 Z51,0.975977777778,0.00478978265477,0.975977777778,0.00478978265477
0.000398107170553,0.000398107170553,0.000398107170553,0.000398107170553,0.000398107170553,0.000398107170553,0.000398107170553,0.000398107170553,0.000398107170553,0.000398107170553,0.000398107170553,0.000398107170553,0.000398107170553,0.000398107170553,0.000398107170553,0.000398107170553,0.000398107170553,0.000398107170553,10,Z35 Z43 Z44 Z52,0.971711111111,0.00436525232279,0.971711111111,0.00436525232279
0.000398107170553,0.000398107170553,0.000398107170553,0.000398107170553,0.000398107170553,0.000398107170553,0.000398107170553,0.000398107170553,0.000398107170553,0.000398107170553,0.000398107170553,0.000398107170553,0.000398107170553,0.000398107170553,0.000398107170553,0.000398107170553,0.000398107170553,0.000398107170553,10,Z36 Z44 Z45 Z53,0.972022222222,0.00380152553904,0.972022222222,0.00380152553904
0.000398107170553,0.000398107170553,0.000398107170553,0.000398107170553,0.000398107170553,0.000398107170553,0.000398107170553,0.000398107170553,0.000398107170553,0.000398107170553,0.000398107170553,0.000398107170553,0.000398107170553,0.000398107170553,0.000398107170553,0.000398107170553,0.000398107170553,0.000398107170553,10,Z37 Z45 Z46 Z54,0.972133333333,0.00437127509738,0.972133333333,0.00437127509738
0.000398107170553,0.000398107170553,0.000398107170553,0.000398107170553,0.000398107170553,0.000398107170553,0.000398107170553,0.000398107170553,0.000398107170553,0.000398107170553,0.000398107170553,0.000398107170553,0.000398107170553,0.000398107170553,0.000398107170553,0.000398107170553,0.000398107170553,0.000398107170553,10,Z38 Z46 Z47 Z55,0.972622222222,0.00357056220106,0.972622222222,0.00357056220106
0.000398107170553,0.000398107170553,0.000398107170553,0.000398107170553,0.000398107170553,0.000398107170553,0.000398107170553,0.000398107170553,0.000398107170553,0.000398107170553,0.000398107170553,0.000398107170553,0.000398107170553,0.000398107170553,0.000398107170553,0.000398107170553,0.000398107170553,0.000398107170553,10,Z39 Z47 Z48 Z56,0.9708,0.00352506079945,0.9708,0.00352506079945
0.000398107170553,0.000398107170553,0.000398107170553,0.000398107170553,0.000398107170553,0.000398107170553,0.000398107170553,0.000398107170553,0.000398107170553,0.000398107170553,0.000398107170553,0.000398107170553,0.000398107170553,0.000398107170553,0.000398107170553,0.000398107170553,0.000398107170553,0.000398107170553,10,Z4 Z12 Z13 Z21,0.953266666667,0.00540852172776,0.953266666667,0.00540852172776
0.000398107170553,0.000398107170553,0.000398107170553,0.000398107170553,0.000398107170553,0.000398107170553,0.000398107170553,0.000398107170553,0.000398107170553,0.000398107170553,0.000398107170553,0.000398107170553,0.000398107170553,0.000398107170553,0.000398107170553,0.000398107170553,0.000398107170553,0.000398107170553,10,Z40 Z48 Z49 Z57,0.971266666667,0.00403186541161,0.971266666667,0.00403186541161
0.000398107170553,0.000398107170553,0.000398107170553,0.000398107170553,0.000398107170553,0.000398107170553,0.000398107170553,0.000398107170553,0.000398107170553,0.000398107170553,0.000398107170553,0.000398107170553,0.000398107170553,0.000398107170553,0.000398107170553,0.000398107170553,0.000398107170553,0.000398107170553,10,Z41 Z49 Z50 Z58,0.9396,0.00583187173807,0.9396,0.00583187173807
0.000398107170553,0.000398107170553,0.000398107170553,0.000398107170553,0.000398107170553,0.000398107170553,0.000398107170553,0.000398107170553,0.000398107170553,0.000398107170553,0.000398107170553,0.000398107170553,0.000398107170553,0.000398107170553,0.000398107170553,0.000398107170553,0.000398107170553,0.000398107170553,10,Z42 Z50 Z59,0.942911111111,0.00584469064062,0.942911111111,0.00584469064062
0.000398107170553,0.000398107170553,0.000398107170553,0.000398107170553,0.000398107170553,0.000398107170553,0.000398107170553,0.000398107170553,0.000398107170553,0.000398107170553,0.000398107170553,0.000398107170553,0.000398107170553,0.000398107170553,0.000398107170553,0.000398107170553,0.000398107170553,0.000398107170553,10,Z5 Z13 Z14 Z22,0.946888888889,0.00642631880905,0.946888888889,0.00642631880905
0.000398107170553,0.000398107170553,0.000398107170553,0.000398107170553,0.000398107170553,0.000398107170553,0.000398107170553,0.000398107170553,0.000398107170553,0.000398107170553,0.000398107170553,0.000398107170553,0.000398107170553,0.000398107170553,0.000398107170553,0.000398107170553,0.000398107170553,0.000398107170553,10,Z51 Z60 Z68,0.976222222222,0.0039004207783,0.976222222222,0.0039004207783
0.000398107170553,0.000398107170553,0.000398107170553,0.000398107170553,0.000398107170553,0.000398107170553,0.000398107170553,0.000398107170553,0.000398107170553,0.000398107170553,0.000398107170553,0.000398107170553,0.000398107170553,0.000398107170553,0.000398107170553,0.000398107170553,0.000398107170553,0.000398107170553,10,Z52 Z60 Z61 Z69,0.972,0.00422363356126,0.972,0.00422363356126
0.000398107170553,0.000398107170553,0.000398107170553,0.000398107170553,0.000398107170553,0.000398107170553,0.000398107170553,0.000398107170553,0.000398107170553,0.000398107170553,0.000398107170553,0.000398107170553,0.000398107170553,0.000398107170553,0.000398107170553,0.000398107170553,0.000398107170553,0.000398107170553,10,Z53 Z61 Z62 Z70,0.970244444444,0.00434695765662,0.970244444444,0.00434695765662
0.000398107170553,0.000398107170553,0.000398107170553,0.000398107170553,0.000398107170553,0.000398107170553,0.000398107170553,0.000398107170553,0.000398107170553,0.000398107170553,0.000398107170553,0.000398107170553,0.000398107170553,0.000398107170553,0.000398107170553,0.000398107170553,0.000398107170553,0.000398107170553,10,Z54 Z62 Z63 Z71,0.972,0.00394987753823,0.972,0.00394987753823
0.000398107170553,0.000398107170553,0.000398107170553,0.000398107170553,0.000398107170553,0.000398107170553,0.000398107170553,0.000398107170553,0.000398107170553,0.000398107170553,0.000398107170553,0.000398107170553,0.000398107170553,0.000398107170553,0.000398107170553,0.000398107170553,0.000398107170553,0.000398107170553,10,Z55 Z63 Z64 Z72,0.971666666667,0.0051483732505,0.971666666667,0.0051483732505
0.000398107170553,0.000398107170553,0.000398107170553,0.000398107170553,0.000398107170553,0.000398107170553,0.000398107170553,0.000398107170553,0.000398107170553,0.000398107170553,0.000398107170553,0.000398107170553,0.000398107170553,0.000398107170553,0.000398107170553,0.000398107170553,0.000398107170553,0.000398107170553,10,Z56 Z64 Z65 Z73,0.972555555556,0.0039656893738,0.972555555556,0.0039656893738
0.000398107170553,0.000398107170553,0.000398107170553,0.000398107170553,0.000398107170553,0.000398107170553,0.000398107170553,0.000398107170553,0.000398107170553,0.000398107170553,0.000398107170553,0.000398107170553,0.000398107170553,0.000398107170553,0.000398107170553,0.000398107170553,0.000398107170553,0.000398107170553,10,Z57 Z65 Z66 Z74,0.9718,0.00418407856164,0.9718,0.00418407856164
0.000398107170553,0.000398107170553,0.000398107170553,0.000398107170553,0.000398107170553,0.000398107170553,0.000398107170553,0.000398107170553,0.000398107170553,0.000398107170553,0.000398107170553,0.000398107170553,0.000398107170553,0.000398107170553,0.000398107170553,0.000398107170553,0.000398107170553,0.000398107170553,10,Z58 Z66 Z67 Z75,0.938088888889,0.00458126564297,0.938088888889,0.00458126564297
0.000398107170553,0.000398107170553,0.000398107170553,0.000398107170553,0.000398107170553,0.000398107170553,0.000398107170553,0.000398107170553,0.000398107170553,0.000398107170553,0.000398107170553,0.000398107170553,0.000398107170553,0.000398107170553,0.000398107170553,0.000398107170553,0.000398107170553,0.000398107170553,10,Z59 Z67 Z76,0.943688888889,0.00506731191697,0.943688888889,0.00506731191697
0.000398107170553,0.000398107170553,0.000398107170553,0.000398107170553,0.000398107170553,0.000398107170553,0.000398107170553,0.000398107170553,0.000398107170553,0.000398107170553,0.000398107170553,0.000398107170553,0.000398107170553,0.000398107170553,0.000398107170553,0.000398107170553,0.000398107170553,0.000398107170553,10,Z6 Z14 Z15 Z23,0.944111111111,0.00555593868411,0.944111111111,0.00555593868411
0.000398107170553,0.000398107170553,0.000398107170553,0.000398107170553,0.000398107170553,0.000398107170553,0.000398107170553,0.000398107170553,0.000398107170553,0.000398107170553,0.000398107170553,0.000398107170553,0.000398107170553,0.000398107170553,0.000398107170553,0.000398107170553,0.000398107170553,0.000398107170553,10,Z68 Z77 Z85,0.975355555556,0.0029684591425,0.975355555556,0.0029684591425
0.000398107170553,0.000398107170553,0.000398107170553,0.000398107170553,0.000398107170553,0.000398107170553,0.000398107170553,0.000398107170553,0.000398107170553,0.000398107170553,0.000398107170553,0.000398107170553,0.000398107170553,0.000398107170553,0.000398107170553,0.000398107170553,0.000398107170553,0.000398107170553,10,Z69 Z77 Z78 Z86,0.971933333333,0.00424300190126,0.971933333333,0.00424300190126
0.000398107170553,0.000398107170553,0.000398107170553,0.000398107170553,0.000398107170553,0.000398107170553,0.000398107170553,0.000398107170553,0.000398107170553,0.000398107170553,0.000398107170553,0.000398107170553,0.000398107170553,0.000398107170553,0.000398107170553,0.000398107170553,0.000398107170553,0.000398107170553,10,Z7 Z15 Z16 Z24,0.9106,0.00807882621116,0.9106,0.00807882621116
0.000398107170553,0.000398107170553,0.000398107170553,0.000398107170553,0.000398107170553,0.000398107170553,0.000398107170553,0.000398107170553,0.000398107170553,0.000398107170553,0.000398107170553,0.000398107170553,0.000398107170553,0.000398107170553,0.000398107170553,0.000398107170553,0.000398107170553,0.000398107170553,10,Z70 Z78 Z79 Z87,0.972133333333,0.00369902130579,0.972133333333,0.00369902130579
0.000398107170553,0.000398107170553,0.000398107170553,0.000398107170553,0.000398107170553,0.000398107170553,0.000398107170553,0.000398107170553,0.000398107170553,0.000398107170553,0.000398107170553,0.000398107170553,0.000398107170553,0.000398107170553,0.000398107170553,0.000398107170553,0.000398107170553,0.000398107170553,10,Z71 Z79 Z80 Z88,0.971688888889,0.00366711944261,0.971688888889,0.00366711944261
0.000398107170553,0.000398107170553,0.000398107170553,0.000398107170553,0.000398107170553,0.000398107170553,0.000398107170553,0.000398107170553,0.000398107170553,0.000398107170553,0.000398107170553,0.000398107170553,0.000398107170553,0.000398107170553,0.000398107170553,0.000398107170553,0.000398107170553,0.000398107170553,10,Z72 Z80 Z81 Z89,0.971466666667,0.00470232680645,0.971466666667,0.00470232680645
0.000398107170553,0.000398107170553,0.000398107170553,0.000398107170553,0.000398107170553,0.000398107170553,0.000398107170553,0.000398107170553,0.000398107170553,0.000398107170553,0.000398107170553,0.000398107170553,0.000398107170553,0.000398107170553,0.000398107170553,0.000398107170553,0.000398107170553,0.000398107170553,10,Z73 Z81 Z82 Z90,0.972755555556,0.00474558341421,0.972755555556,0.00474558341421
0.000398107170553,0.000398107170553,0.000398107170553,0.000398107170553,0.000398107170553,0.000398107170553,0.000398107170553,0.000398107170553,0.000398107170553,0.000398107170553,0.000398107170553,0.000398107170553,0.000398107170553,0.000398107170553,0.000398107170553,0.000398107170553,0.000398107170553,0.000398107170553,10,Z74 Z82 Z83 Z91,0.972444444444,0.00516496696798,0.972444444444,0.00516496696798
0.000398107170553,0.000398107170553,0.000398107170553,0.000398107170553,0.000398107170553,0.000398107170553,0.000398107170553,0.000398107170553,0.000398107170553,0.000398107170553,0.000398107170553,0.000398107170553,0.000398107170553,0.000398107170553,0.000398107170553,0.000398107170553,0.000398107170553,0.000398107170553,10,Z75 Z83 Z84 Z92,0.937466666667,0.00634970660317,0.937466666667,0.00634970660317
0.000398107170553,0.000398107170553,0.000398107170553,0.000398107170553,0.000398107170553,0.000398107170553,0.000398107170553,0.000398107170553,0.000398107170553,0.000398107170553,0.000398107170553,0.000398107170553,0.000398107170553,0.000398107170553,0.000398107170553,0.000398107170553,0.000398107170553,0.000398107170553,10,Z76 Z84 Z93,0.945266666667,0.00597914639149,0.945266666667,0.00597914639149
0.000398107170553,0.000398107170553,0.000398107170553,0.000398107170553,0.000398107170553,0.000398107170553,0.000398107170553,0.000398107170553,0.000398107170553,0.000398107170553,0.000398107170553,0.000398107170553,0.000398107170553,0.000398107170553,0.000398107170553,0.000398107170553,0.000398107170553,0.000398107170553,10,Z8 Z16 Z25,0.943555555556,0.00690678678574,0.943555555556,0.00690678678574
0.000398107170553,0.000398107170553,0.000398107170553,0.000398107170553,0.000398107170553,0.000398107170553,0.000398107170553,0.000398107170553,0.000398107170553,0.000398107170553,0.000398107170553,0.000398107170553,0.000398107170553,0.000398107170553,0.000398107170553,0.000398107170553,0.000398107170553,0.000398107170553,10,Z85 Z94 Z102,0.974688888889,0.00431866068828,0.974688888889,0.00431866068828
0.000398107170553,0.000398107170553,0.000398107170553,0.000398107170553,0.000398107170553,0.000398107170553,0.000398107170553,0.000398107170553,0.000398107170553,0.000398107170553,0.000398107170553,0.000398107170553,0.000398107170553,0.000398107170553,0.000398107170553,0.000398107170553,0.000398107170553,0.000398107170553,10,Z86 Z94 Z95 Z103,0.971733333333,0.00438247992217,0.971733333333,0.00438247992217
0.000398107170553,0.000398107170553,0.000398107170553,0.000398107170553,0.000398107170553,0.000398107170553,0.000398107170553,0.000398107170553,0.000398107170553,0.000398107170553,0.000398107170553,0.000398107170553,0.000398107170553,0.000398107170553,0.000398107170553,0.000398107170553,0.000398107170553,0.000398107170553,10,Z87 Z95 Z96 Z104,0.970666666667,0.00362198480758,0.970666666667,0.00362198480758
0.000398107170553,0.000398107170553,0.000398107170553,0.000398107170553,0.000398107170553,0.000398107170553,0.000398107170553,0.000398107170553,0.000398107170553,0.000398107170553,0.000398107170553,0.000398107170553,0.000398107170553,0.000398107170553,0.000398107170553,0.000398107170553,0.000398107170553,0.000398107170553,10,Z88 Z96 Z97 Z105,0.972244444444,0.00349486030211,0.972244444444,0.00349486030211
0.000398107170553,0.000398107170553,0.000398107170553,0.000398107170553,0.000398107170553,0.000398107170553,0.000398107170553,0.000398107170553,0.000398107170553,0.000398107170553,0.000398107170553,0.000398107170553,0.000398107170553,0.000398107170553,0.000398107170553,0.000398107170553,0.000398107170553,0.000398107170553,10,Z89 Z97 Z98 Z106,0.970266666667,0.00462410807388,0.970266666667,0.00462410807388
0.000398107170553,0.000398107170553,0.000398107170553,0.000398107170553,0.000398107170553,0.000398107170553,0.000398107170553,0.000398107170553,0.000398107170553,0.000398107170553,0.000398107170553,0.000398107170553,0.000398107170553,0.000398107170553,0.000398107170553,0.000398107170553,0.000398107170553,0.000398107170553,10,Z90 Z98 Z99 Z107,0.972666666667,0.00458550105478,0.972666666667,0.00458550105478
0.000398107170553,0.000398107170553,0.000398107170553,0.000398107170553,0.000398107170553,0.000398107170553,0.000398107170553,0.000398107170553,0.000398107170553,0.000398107170553,0.000398107170553,0.000398107170553,0.000398107170553,0.000398107170553,0.000398107170553,0.000398107170553,0.000398107170553,0.000398107170553,10,Z91 Z99 Z100 Z108,0.971866666667,0.00475096279817,0.971866666667,0.00475096279817
0.000398107170553,0.000398107170553,0.000398107170553,0.000398107170553,0.000398107170553,0.000398107170553,0.000398107170553,0.000398107170553,0.000398107170553,0.000398107170553,0.000398107170553,0.000398107170553,0.000398107170553,0.000398107170553,0.000398107170553,0.000398107170553,0.000398107170553,0.000398107170553,10,Z92 Z100 Z101 Z109,0.936822222222,0.00517193526948,0.936822222222,0.00517193526948
0.000398107170553,0.000398107170553,0.000398107170553,0.000398107170553,0.000398107170553,0.000398107170553,0.000398107170553,0.000398107170553,0.000398107170553,0.000398107170553,0.000398107170553,0.000398107170553,0.000398107170553,0.000398107170553,0.000398107170553,0.000398107170553,0.000398107170553,0.000398107170553,10,Z93 Z101 Z110,0.946288888889,0.00678443865904,0.946288888889,0.00678443865904
