g1_x,g1_y,g1_z,IX,IY,IZ,XI,XX,XY,XZ,YI,YX,YY,YZ,ZI,ZX,ZY,ZZ,round,operator,mean,std,mean_signed,std_signed
0.0478630092323,0.0478630092323,0.0478630092323,0.0478630092323,0.0478630092323,0.0478630092323,0.0478630092323,0.0478630092323,0.0478630092323,0.0478630092323,0.0478630092323,0.0478630092323,0.0478630092323,0.0478630092323,0.0478630092323,0.0478630092323,0.0478630092323,0.0478630092323,1,Logical X,0.0520666666667,0.0202296016177,0.0442,0.0170418911404
0.0478630092323,0.0478630092323,0.0478630092323,0.0478630092323,0.0478630092323,0.0478630092323,0.0478630092323,0.0478630092323,0.0478630092323,0.0478630092323,0.0478630092323,0.0478630092323,0.0478630092323,0.0478630092323,0.0478630092323,0.0478630092323,0.0478630092323,0.0478630092323,1,Logical Y,0.0139555555556,0.00890810184138,-0.00135555555556,0.0219008447034
0.0478630092323,0.0478630092323,0.0478630092323,0.0478630092323,0.0478630092323,0.0478630092323,0.0478630092323,0.0478630092323,0.0478630092323,0.0478630092323,0.0478630092323,0.0478630092323,0.0478630092323,0.0478630092323,0.0478630092323,0.0478630092323,0.0478630092323,0.0478630092323,1,Logical Z,0.0144444444444,0.0116478775905,0.00104444444444,0.0168224292288
0.0478630092323,0.0478630092323,0.0478630092323,0.0478630092323,0.0478630092323,0.0478630092323,0.0478630092323,0.0478630092323,0.0478630092323,0.0478630092323,0.0478630092323,0.0478630092323,0.0478630092323,0.0478630092323,0.0478630092323,0.0478630092323,0.0478630092323,0.0478630092323,1,X0 X1 X9,0.145911111111,0.0184401139725,0.145911111111,0.0184401139725
0.0478630092323,0.0478630092323,0.0478630092323,0.0478630092323,0.0478630092323,0.0478630092323,0.0478630092323,0.0478630092323,0.0478630092323,0.0478630092323,0.0478630092323,0.0478630092323,0.0478630092323,0.0478630092323,0.0478630092323,0.0478630092323,0.0478630092323,0.0478630092323,1,X1 X2 X10,0.0475111111111,0.0181436864743,0.0475111111111,0.0181436864743
0.0478630092323,0.0478630092323,0.0478630092323,0.0478630092323,0.0478630092323,0.0478630092323,0.0478630092323,0.0478630092323,0.0478630092323,0.0478630092323,0.0478630092323,0.0478630092323,0.0478630092323,0.0478630092323,0.0478630092323,0.0478630092323,0.0478630092323,0.0478630092323,1,X10 X18 X19 X27,0.122866666667,0.0193655300673,0.122866666667,0.0193655300673
0.0478630092323,0.0478630092323,0.0478630092323,0.0478630092323,0.0478630092323,0.0478630092323,0.0478630092323,0.0478630092323,0.0478630092323,0.0478630092323,0.0478630092323,0.0478630092323,0.0478630092323,0.0478630092323,0.0478630092323,0.0478630092323,0.0478630092323,0.0478630092323,1,X100 X108 X109 X117,0.127911111111,0.0142906161997,0.127911111111,0.0142906161997
0.0478630092323,0.0478630092323,0.0478630092323,0.0478630092323,0.0478630092323,0.0478630092323,0.0478630092323,0.0478630092323,0.0478630092323,0.0478630092323,0.0478630092323,0.0478630092323,0.0478630092323,0.0478630092323,0.0478630092323,0.0478630092323,0.0478630092323,0.0478630092323,1,X101 X109 X110 X118,0.0153111111111,0.0108482861734,0.0153111111111,0.0108482861734
0.0478630092323,0.0478630092323,0.0478630092323,0.0478630092323,0.0478630092323,0.0478630092323,0.0478630092323,0.0478630092323,0.0478630092323,0.0478630092323,0.0478630092323,0.0478630092323,0.0478630092323,0.0478630092323,0.0478630092323,0.0478630092323,0.0478630092323,0.0478630092323,1,X11 X19 X20 X28,0.123466666667,0.0164853586497,0.123466666667,0.0164853586497
0.0478630092323,0.0478630092323,0.0478630092323,0.0478630092323,0.0478630092323,0.0478630092323,0.0478630092323,0.0478630092323,0.0478630092323,0.0478630092323,0.0478630092323,0.0478630092323,0.0478630092323,0.0478630092323,0.0478630092323,0.0478630092323,0.0478630092323,0.0478630092323,1,X111 X119 X120 X128,0.119266666667,0.0210282422751,0.119266666667,0.0210282422751
0.0478630092323,0.0478630092323,0.0478630092323,0.0478630092323,0.0478630092323,0.0478630092323,0.0478630092323,0.0478630092323,0.0478630092323,0.0478630092323,0.0478630092323,0.0478630092323,0.0478630092323,0.0478630092323,0.0478630092323,0.0478630092323,0.0478630092323,0.0478630092323,1,X112 X120 X121 X129,0.123177777778,0.013140774289,0.123177777778,0.013140774289
0.0478630092323,0.0478630092323,0.0478630092323,0.0478630092323,0.0478630092323,0.0478630092323,0.0478630092323,0.0478630092323,0.0478630092323,0.0478630092323,0.0478630092323,0.0478630092323,0.0478630092323,0.0478630092323,0.0478630092323,0.0478630092323,0.0478630092323,0.0478630092323,1,X113 X121 X122 X130,0.121088888889,0.0157299853571,0.121088888889,0.0157299853571
0.0478630092323,0.0478630092323,0.0478630092323,0.0478630092323,0.0478630092323,0.0478630092323,0.0478630092323,0.0478630092323,0.0478630092323,0.0478630092323,0.0478630092323,0.0478630092323,0.0478630092323,0.0478630092323,0.0478630092323,0.0478630092323,0.0478630092323,0.0478630092323,1,X114 X122 X123 X131,0.1186,0.0204743368008,0.1186,0.0204743368008
0.0478630092323,0.0478630092323,0.0478630092323,0.0478630092323,0.0478630092323,0.0478630092323,0.0478630092323,0.0478630092323,0.0478630092323,0.0478630092323,0.0478630092323,0.0478630092323,0.0478630092323,0.0478630092323,0.0478630092323,0.0478630092323,0.0478630092323,0.0478630092323,1,X115 X123 X124 X132,0.114844444444,0.0223733101347,0.114844444444,0.0223733101347
0.0478630092323,0.0478630092323,0.0478630092323,0.0478630092323,0.0478630092323,0.0478630092323,0.0478630092323,0.0478630092323,0.0478630092323,0.0478630092323,0.0478630092323,0.0478630092323,0.0478630092323,0.0478630092323,0.0478630092323,0.0478630092323,0.0478630092323,0.0478630092323,1,X116 X124 X125 X133,0.120533333333,0.0218895870904,0.120533333333,0.0218895870904
0.0478630092323,0.0478630092323,0.0478630092323,0.0478630092323,0.0478630092323,0.0478630092323,0.0478630092323,0.0478630092323,0.0478630092323,0.0478630092323,0.0478630092323,0.0478630092323,0.0478630092323,0.0478630092323,0.0478630092323,0.0478630092323,0.0478630092323,0.0478630092323,1,X117 X125 X126 X134,0.120311111111,0.0200350140503,0.120311111111,0.0200350140503
0.0478630092323,0.0478630092323,0.0478630092323,0.0478630092323,0.0478630092323,0.0478630092323,0.0478630092323,0.0478630092323,0.0478630092323,0.0478630092323,0.0478630092323,0.0478630092323,0.0478630092323,0.0478630092323,0.0478630092323,0.0478630092323,0.0478630092323,0.0478630092323,1,X118 X126 X127 X135,0.0143777777778,0.0124348827525,0.0143777777778,0.0124348827525
0.0478630092323,0.0478630092323,0.0478630092323,0.0478630092323,0.0478630092323,0.0478630092323,0.0478630092323,0.0478630092323,0.0478630092323,0.0478630092323,0.0478630092323,0.0478630092323,0.0478630092323,0.0478630092323,0.0478630092323,0.0478630092323,0.0478630092323,0.0478630092323,1,X12 X20 X21 X29,0.119666666667,0.0175020524248,0.119666666667,0.0175020524248
0.0478630092323,0.0478630092323,0.0478630092323,0.0478630092323,0.0478630092323,0.0478630092323,0.0478630092323,0.0478630092323,0.0478630092323,0.0478630092323,0.0478630092323,0.0478630092323,0.0478630092323,0.0478630092323,0.0478630092323,0.0478630092323,0.0478630092323,0.0478630092323,1,X128 X136 X137,0.1654,0.0195914986646,0.1654,0.0195914986646
0.0478630092323,0.0478630092323,0.0478630092323,0.0478630092323,0.0478630092323,0.0478630092323,0.0478630092323,0.0478630092323,0.0478630092323,0.0478630092323,0.0478630092323,0.0478630092323,0.0478630092323,0.0478630092323,0.0478630092323,0.0478630092323,0.0478630092323,0.0478630092323,1,X129 X137 X138,0.176355555556,0.0139585959545,0.176355555556,0.0139585959545
0.0478630092323,0.0478630092323,0.0478630092323,0.0478630092323,0.0478630092323,0.0478630092323,0.0478630092323,0.0478630092323,0.0478630092323,0.0478630092323,0.0478630092323,0.0478630092323,0.0478630092323,0.0478630092323,0.0478630092323,0.0478630092323,0.0478630092323,0.0478630092323,1,X13 X21 X22 X30,0.128355555556,0.0164195317141,0.128355555556,0.0164195317141
0.0478630092323,0.0478630092323,0.0478630092323,0.0478630092323,0.0478630092323,0.0478630092323,0.0478630092323,0.0478630092323,0.0478630092323,0.0478630092323,0.0478630092323,0.0478630092323,0.0478630092323,0.0478630092323,0.0478630092323,0.0478630092323,0.0478630092323,0.0478630092323,1,X130 X138 X139,0.171844444444,0.0190893710437,0.171844444444,0.0190893710437
0.0478630092323,0.0478630092323,0.0478630092323,0.0478630092323,0.0478630092323,0.0478630092323,0.0478630092323,0.0478630092323,0.0478630092323,0.0478630092323,0.0478630092323,0.0478630092323,0.0478630092323,0.0478630092323,0.0478630092323,0.0478630092323,0.0478630092323,0.0478630092323,1,X131 X139 X140,0.178222222222,0.0141164650295,0.178222222222,0.0141164650295
0.0478630092323,0.0478630092323,0.0478630092323,0.0478630092323,0.0478630092323,0.0478630092323,0.0478630092323,0.0478630092323,0.0478630092323,0.0478630092323,0.0478630092323,0.0478630092323,0.0478630092323,0.0478630092323,0.0478630092323,0.0478630092323,0.0478630092323,0.0478630092323,1,X132 X140 X141,0.174422222222,0.0199581810559,0.174422222222,0.0199581810559
0.0478630092323,0.0478630092323,0.0478630092323,0.0478630092323,0.0478630092323,0.0478630092323,0.0478630092323,0.0478630092323,0.0478630092323,0.0478630092323,0.0478630092323,0.0478630092323,0.0478630092323,0.0478630092323,0.0478630092323,0.0478630092323,0.0478630092323,0.0478630092323,1,X133 X141 X142,0.173377777778,0.0166716620866,0.173377777778,0.0166716620866
0.0478630092323,0.0478630092323,0.0478630092323,0.0478630092323,0.0478630092323,0.0478630092323,0.0478630092323,0.0478630092323,0.0478630092323,0.0478630092323,0.0478630092323,0.0478630092323,0.0478630092323,0.0478630092323,0.0478630092323,0.0478630092323,0.0478630092323,0.0478630092323,1,X134 X142 X143,0.171155555556,0.0184502506672,0.171155555556,0.0184502506672
0.0478630092323,0.0478630092323,0.0478630092323,0.0478630092323,0.0478630092323,0.0478630092323,0.0478630092323,0.0478630092323,0.0478630092323,0.0478630092323,0.0478630092323,0.0478630092323,0.0478630092323,0.0478630092323,0.0478630092323,0.0478630092323,0.0478630092323,0.0478630092323,1,X135 X143 X144,0.0182666666667,0.0120326503452,0.0182666666667,0.0120326503452
0.0478630092323,0.0478630092323,0.0478630092323,0.0478630092323,0.0478630092323,0.0478630092323,0.0478630092323,0.0478630092323,0.0478630092323,0.0478630092323,0.0478630092323,0.0478630092323,0.0478630092323,0.0478630092323,0.0478630092323,0.0478630092323,0.0478630092323,0.0478630092323,1,X14 X22 X23 X31,0.121688888889,0.0180834450091,0.121688888889,0.0180834450091
0.0478630092323,0.0478630092323,0.0478630092323,0.0478630092323,0.0478630092323,0.0478630092323,0.0478630092323,0.0478630092323,0.0478630092323,0.0478630092323,0.0478630092323,0.0478630092323,0.0478630092323,0.0478630092323,0.0478630092323,0.0478630092323,0.0478630092323,0.0478630092323,1,X15 X23 X24 X32,0.127622222222,0.0178539698695,0.127622222222,0.0178539698695
0.0478630092323,0.0478630092323,0.0478630092323,0.0478630092323,0.0478630092323,0.0478630092323,0.0478630092323,0.0478630092323,0.0478630092323,0.0478630092323,0.0478630092323,0.0478630092323,0.0478630092323,0.0478630092323,0.0478630092323,0.0478630092323,0.0478630092323,0.0478630092323,1,X16 X24 X25 X33,0.0144888888889,0.0109333520232,0.0144888888889,0.0109333520232
0.0478630092323,0.0478630092323,0.0478630092323,0.0478630092323,0.0478630092323,0.0478630092323,0.0478630092323,0.0478630092323,0.0478630092323,0.0478630092323,0.0478630092323,0.0478630092323,0.0478630092323,0.0478630092323,0.0478630092323,0.0478630092323,0.0478630092323,0.0478630092323,1,X2 X3 X11,0.0193333333333,0.0113704598114,0.0193333333333,0.0113704598114
0.0478630092323,0.0478630092323,0.0478630092323,0.0478630092323,0.0478630092323,0.0478630092323,0.0478630092323,0.0478630092323,0.0478630092323,0.0478630092323,0.0478630092323,0.0478630092323,0.0478630092323,0.0478630092323,0.0478630092323,0.0478630092323,0.0478630092323,0.0478630092323,1,X26 X34 X35 X43,0.122,0.0165841636135,0.122,0.0165841636135
0.0478630092323,0.0478630092323,0.0478630092323,0.0478630092323,0.0478630092323,0.0478630092323,0.0478630092323,0.0478630092323,0.0478630092323,0.0478630092323,0.0478630092323,0.0478630092323,0.0478630092323,0.0478630092323,0.0478630092323,0.0478630092323,0.0478630092323,0.0478630092323,1,X27 X35 X36 X44,0.128133333333,0.0225170178299,0.128133333333,0.0225170178299
0.0478630092323,0.0478630092323,0.0478630092323,0.0478630092323,0.0478630092323,0.0478630092323,0.0478630092323,0.0478630092323,0.0478630092323,0.0478630092323,0.0478630092323,0.0478630092323,0.0478630092323,0.0478630092323,0.0478630092323,0.0478630092323,0.0478630092323,0.0478630092323,1,X28 X36 X37 X45,0.120377777778,0.0200150773309,0.120377777778,0.0200150773309
0.0478630092323,0.0478630092323,0.0478630092323,0.0478630092323,0.0478630092323,0.0478630092323,0.0478630092323,0.0478630092323,0.0478630092323,0.0478630092323,0.0478630092323,0.0478630092323,0.0478630092323,0.0478630092323,0.0478630092323,0.0478630092323,0.0478630092323,0.0478630092323,1,X29 X37 X38 X46,0.123444444444,0.0168837207257,0.123444444444,0.0168837207257
0.0478630092323,0.0478630092323,0.0478630092323,0.0478630092323,0.0478630092323,0.0478630092323,0.0478630092323,0.0478630092323,0.0478630092323,0.0478630092323,0.0478630092323,0.0478630092323,0.0478630092323,0.0478630092323,0.0478630092323,0.0478630092323,0.0478630092323,0.0478630092323,1,X3 X4 X12,0.0156222222222,0.0131326078723,0.0156222222222,0.0131326078723
0.0478630092323,0.0478630092323,0.0478630092323,0.0478630092323,0.0478630092323,0.0478630092323,0.0478630092323,0.0478630092323,0.0478630092323,0.0478630092323,0.0478630092323,0.0478630092323,0.0478630092323,0.0478630092323,0.0478630092323,0.0478630092323,0.0478630092323,0.0478630092323,1,X30 X38 X39 X47,0.122288888889,0.0186721529978,0.122288888889,0.0186721529978
0.0478630092323,0.0478630092323,0.0478630092323,0.0478630092323,0.0478630092323,0.0478630092323,0.0478630092323,0.0478630092323,0.0478630092323,0.0478630092323,0.0478630092323,0.0478630092323,0.0478630092323,0.0478630092323,0.0478630092323,0.0478630092323,0.0478630092323,0.0478630092323,1,X31 X39 X40 X48,0.121933333333,0.0192251033209,0.121933333333,0.0192251033209
0.0478630092323,0.0478630092323,0.0478630092323,0.0478630092323,0.0478630092323,0.0478630092323,0.0478630092323,0.0478630092323,0.0478630092323,0.0478630092323,0.0478630092323,0.0478630092323,0.0478630092323,0.0478630092323,0.0478630092323,0.0478630092323,0.0478630092323,0.0478630092323,1,X32 X40 X41 X49,0.123733333333,0.0180281601775,0.123733333333,0.0180281601775
0.0478630092323,0.0478630092323,0.0478630092323,0.0478630092323,0.0478630092323,0.0478630092323,0.0478630092323,0.0478630092323,0.0478630092323,0.0478630092323,0.0478630092323,0.0478630092323,0.0478630092323,0.0478630092323,0.0478630092323,0.0478630092323,0.0478630092323,0.0478630092323,1,X33 X41 X42 X50,0.0136666666667,0.0111798258371,0.0136666666667,0.0111798258371
0.0478630092323,0.0478630092323,0.0478630092323,0.0478630092323,0.0478630092323,0.0478630092323,0.0478630092323,0.0478630092323,0.0478630092323,0.0478630092323,0.0478630092323,0.0478630092323,0.0478630092323,0.0478630092323,0.0478630092323,0.0478630092323,0.0478630092323,0.0478630092323,1,X4 X5 X13,0.0169333333333,0.0124520228703,0.0169333333333,0.0124520228703
0.0478630092323,0.0478630092323,0.0478630092323,0.0478630092323,0.0478630092323,0.0478630092323,0.0478630092323,0.0478630092323,0.0478630092323,0.0478630092323,0.0478630092323,0.0478630092323,0.0478630092323,0.0478630092323,0.0478630092323,0.0478630092323,0.0478630092323,0.0478630092323,1,X43 X51 X52 X60,0.125955555556,0.0165053650475,0.125955555556,0.0165053650475
0.0478630092323,0.0478630092323,0.0478630092323,0.0478630092323,0.0478630092323,0.0478630092323,0.0478630092323,0.0478630092323,0.0478630092323,0.0478630092323,0.0478630092323,0.0478630092323,0.0478630092323,0.0478630092323,0.0478630092323,0.0478630092323,0.0478630092323,0.0478630092323,1,X44 X52 X53 X61,0.119333333333,0.016184757031,0.119333333333,0.016184757031
0.0478630092323,0.0478630092323,0.0478630092323,0.0478630092323,0.0478630092323,0.0478630092323,0.0478630092323,0.0478630092323,0.0478630092323,0.0478630092323,0.0478630092323,0.0478630092323,0.0478630092323,0.0478630092323,0.0478630092323,0.0478630092323,0.0478630092323,0.0478630092323,1,X45 X53 X54 X62,0.1232,0.0215913988835,0.1232,0.0215913988835
0.0478630092323,0.0478630092323,0.0478630092323,0.0478630092323,0.0478630092323,0.0478630092323,0.0478630092323,0.0478630092323,0.0478630092323,0.0478630092323,0.0478630092323,0.0478630092323,0.0478630092323,0.0478630092323,0.0478630092323,0.0478630092323,0.0478630092323,0.0478630092323,1,X46 X54 X55 X63,0.119177777778,0.0190829472597,0.119177777778,0.0190829472597
0.0478630092323,0.0478630092323,0.0478630092323,0.0478630092323,0.0478630092323,0.0478630092323,0.0478630092323,0.0478630092323,0.0478630092323,0.0478630092323,0.0478630092323,0.0478630092323,0.0478630092323,0.0478630092323,0.0478630092323,0.0478630092323,0.0478630092323,0.0478630092323,1,X47 X55 X56 X64,0.126755555556,0.0189629469987,0.126755555556,0.0189629469987
0.0478630092323,0.0478630092323,0.0478630092323,0.0478630092323,0.0478630092323,0.0478630092323,0.0478630092323,0.0478630092323,0.0478630092323,0.0478630092323,0.0478630092323,0.0478630092323,0.0478630092323,0.0478630092323,0.0478630092323,0.0478630092323,0.0478630092323,0.0478630092323,1,X48 X56 X57 X65,0.123755555556,0.0176535265237,0.123755555556,0.0176535265237
0.0478630092323,0.0478630092323,0.0478630092323,0.0478630092323,0.0478630092323,0.0478630092323,0.0478630092323,0.0478630092323,0.0478630092323,0.0478630092323,0.0478630092323,0.0478630092323,0.0478630092323,0.0478630092323,0.0478630092323,0.0478630092323,0.0478630092323,0.0478630092323,1,X49 X57 X58 X66,0.123333333333,0.0207971409765,0.123333333333,0.0207971409765
0.0478630092323,0.0478630092323,0.0478630092323,0.0478630092323,0.0478630092323,0.0478630092323,0.0478630092323,0.0478630092323,0.0478630092323,0.0478630092323,0.0478630092323,0.0478630092323,0.0478630092323,0.0478630092323,0.0478630092323,0.0478630092323,0.0478630092323,0.0478630092323,1,X5 X6 X14,0.0145333333333,0.0104802679033,0.0145333333333,0.0104802679033
0.0478630092323,0.0478630092323,0.0478630092323,0.0478630092323,0.0478630092323,0.0478630092323,0.0478630092323,0.0478630092323,0.0478630092323,0.0478630092323,0.0478630092323,0.0478630092323,0.0478630092323,0.0478630092323,0.0478630092323,0.0478630092323,0.0478630092323,0.0478630092323,1,X50 X58 X59 X67,0.0130666666667,0.00972038187289,0.0130666666667,0.00972038187289
0.0478630092323,0.0478630092323,0.0478630092323,0.0478630092323,0.0478630092323,0.0478630092323,0.0478630092323,0.0478630092323,0.0478630092323,0.0478630092323,0.0478630092323,0.0478630092323,0.0478630092323,0.0478630092323,0.0478630092323,0.0478630092323,0.0478630092323,0.0478630092323,1,X6 X7 X15,0.0176,0.0116679473845,0.0176,0.0116679473845
0.0478630092323,0.0478630092323,0.0478630092323,0.0478630092323,0.0478630092323,0.0478630092323,0.0478630092323,0.0478630092323,0.0478630092323,0.0478630092323,0.0478630092323,0.0478630092323,0.0478630092323,0.0478630092323,0.0478630092323,0.0478630092323,0.0478630092323,0.0478630092323,1,X60 X68 X69 X77,0.123266666667,0.0158114852286,0.123266666667,0.0158114852286
0.0478630092323,0.0478630092323,0.0478630092323,0.0478630092323,0.0478630092323,0.0478630092323,0.0478630092323,0.0478630092323,0.0478630092323,0.0478630092323,0.0478630092323,0.0478630092323,0.0478630092323,0.0478630092323,0.0478630092323,0.0478630092323,0.0478630092323,0.0478630092323,1,X61 X69 X70 X78,0.1252,0.015745485274,0.1252,0.015745485274
0.0478630092323,0.0478630092323,0.0478630092323,0.0478630092323,0.0478630092323,0.0478630092323,0.0478630092323,0.0478630092323,0.0478630092323,0.0478630092323,0.0478630092323,0.0478630092323,0.0478630092323,0.0478630092323,0.0478630092323,0.0478630092323,0.0478630092323,0.0478630092323,1,X62 X70 X71 X79,0.126822222222,0.0190957926668,0.126822222222,0.0190957926668
0.0478630092323,0.0478630092323,0.0478630092323,0.0478630092323,0.0478630092323,0.0478630092323,0.0478630092323,0.0478630092323,0.0478630092323,0.0478630092323,0.0478630092323,0.0478630092323,0.0478630092323,0.0478630092323,0.0478630092323,0.0478630092323,0.0478630092323,0.0478630092323,1,X63 X71 X72 X80,0.120666666667,0.024426604427,0.120666666667,0.024426604427
0.0478630092323,0.0478630092323,0.0478630092323,0.0478630092323,0.0478630092323,0.0478630092323,0.0478630092323,0.0478630092323,0.0478630092323,0.0478630092323,0.0478630092323,0.0478630092323,0.0478630092323,0.0478630092323,0.0478630092323,0.0478630092323,0.0478630092323,0.0478630092323,1,X64 X72 X73 X81,0.121044444444,0.0188079084477,0.121044444444,0.0188079084477
0.0478630092323,0.0478630092323,0.0478630092323,0.0478630092323,0.0478630092323,0.0478630092323,0.0478630092323,0.0478630092323,0.0478630092323,0.0478630092323,0.0478630092323,0.0478630092323,0.0478630092323,0.0478630092323,0.0478630092323,0.0478630092323,0.0478630092323,0.0478630092323,1,X65 X73 X74 X82,0.120155555556,0.0177937811112,0.120155555556,0.0177937811112
0.0478630092323,0.0478630092323,0.0478630092323,0.0478630092323,0.0478630092323,0.0478630092323,0.0478630092323,0.0478630092323,0.0478630092323,0.0478630092323,0.0478630092323,0.0478630092323,0.0478630092323,0.0478630092323,0.0478630092323,0.0478630092323,0.0478630092323,0.0478630092323,1,X66 X74 X75 X83,0.116866666667,0.0213729158649,0.116866666667,0.0213729158649
0.0478630092323,0.0478630092323,0.0478630092323,0.0478630092323,0.0478630092323,0.0478630092323,0.0478630092323,0.0478630092323,0.0478630092323,0.0478630092323,0.0478630092323,0.0478630092323,0.0478630092323,0.0478630092323,0.0478630092323,0.0478630092323,0.0478630092323,0.0478630092323,1,X67 X75 X76 X84,0.0156888888889,0.0133823619645,0.0156888888889,0.0133823619645
0.0478630092323,0.0478630092323,0.0478630092323,0.0478630092323,0.0478630092323,0.0478630092323,0.0478630092323,0.0478630092323,0.0478630092323,0.0478630092323,0.0478630092323,0.0478630092323,0.0478630092323,0.0478630092323,0.0478630092323,0.0478630092323,0.0478630092323,0.0478630092323,1,X7 X8 X16,0.0147111111111,0.0109795118614,0.0147111111111,0.0109795118614
0.0478630092323,0.0478630092323,0.0478630092323,0.0478630092323,0.0478630092323,0.0478630092323,0.0478630092323,0.0478630092323,0.0478630092323,0.0478630092323,0.0478630092323,0.0478630092323,0.0478630092323,0.0478630092323,0.0478630092323,0.0478630092323,0.0478630092323,0.0478630092323,1,X77 X85 X86 X94,0.125577777778,0.0192483135219,0.125577777778,0.0192483135219
0.0478630092323,0.0478630092323,0.0478630092323,0.0478630092323,0.0478630092323,0.0478630092323,0.0478630092323,0.0478630092323,0.0478630092323,0.0478630092323,0.0478630092323,0.0478630092323,0.0478630092323,0.0478630092323,0.0478630092323,0.0478630092323,0.0478630092323,0.0478630092323,1,X78 X86 X87 X95,0.118244444444,0.0193158726808,0.118244444444,0.0193158726808
0.0478630092323,0.0478630092323,0.0478630092323,0.0478630092323,0.0478630092323,0.0478630092323,0.0478630092323,0.0478630092323,0.0478630092323,0.0478630092323,0.0478630092323,0.0478630092323,0.0478630092323,0.0478630092323,0.0478630092323,0.0478630092323,0.0478630092323,0.0478630092323,1,X79 X87 X88 X96,0.123777777778,0.0176551325031,0.123777777778,0.0176551325031
0.0478630092323,0.0478630092323,0.0478630092323,0.0478630092323,0.0478630092323,0.0478630092323,0.0478630092323,0.0478630092323,0.0478630092323,0.0478630092323,0.0478630092323,0.0478630092323,0.0478630092323,0.0478630092323,0.0478630092323,0.0478630092323,0.0478630092323,0.0478630092323,1,X80 X88 X89 X97,0.122244444444,0.0171381435471,0.122244444444,0.0171381435471
0.0478630092323,0.0478630092323,0.0478630092323,0.0478630092323,0.0478630092323,0.0478630092323,0.0478630092323,0.0478630092323,0.0478630092323,0.0478630092323,0.0478630092323,0.0478630092323,0.0478630092323,0.0478630092323,0.0478630092323,0.0478630092323,0.0478630092323,0.0478630092323,1,X81 X89 X90 X98,0.120533333333,0.0208871442982,0.120533333333,0.0208871442982
0.0478630092323,0.0478630092323,0.0478630092323,0.0478630092323,0.0478630092323,0.0478630092323,0.0478630092323,0.0478630092323,0.0478630092323,0.0478630092323,0.0478630092323,0.0478630092323,0.0478630092323,0.0478630092323,0.0478630092323,0.0478630092323,0.0478630092323,0.0478630092323,1,X82 X90 X91 X99,0.117933333333,0.018615158821,0.117933333333,0.018615158821
0.0478630092323,0.0478630092323,0.0478630092323,0.0478630092323,0.0478630092323,0.0478630092323,0.0478630092323,0.0478630092323,0.0478630092323,0.0478630092323,0.0478630092323,0.0478630092323,0.0478630092323,0.0478630092323,0.0478630092323,0.0478630092323,0.0478630092323,0.0478630092323,1,X83 X91 X92 X100,0.124244444444,0.0187620578513,0.124244444444,0.0187620578513
0.0478630092323,0.0478630092323,0.0478630092323,0.0478630092323,0.0478630092323,0.0478630092323,0.0478630092323,0.0478630092323,0.0478630092323,0.0478630092323,0.0478630092323,0.0478630092323,0.0478630092323,0.0478630092323,0.0478630092323,0.0478630092323,0.0478630092323,0.0478630092323,1,X84 X92 X93 X101,0.0110444444444,0.0077165957065,0.0110444444444,0.0077165957065
0.0478630092323,0.0478630092323,0.0478630092323,0.0478630092323,0.0478630092323,0.0478630092323,0.0478630092323,0.0478630092323,0.0478630092323,0.0478630092323,0.0478630092323,0.0478630092323,0.0478630092323,0.0478630092323,0.0478630092323,0.0478630092323,0.0478630092323,0.0478630092323,1,X9 X17 X18 X26,0.123844444444,0.0189281224279,0.123844444444,0.0189281224279
0.0478630092323,0.0478630092323,0.0478630092323,0.0478630092323,0.0478630092323,0.0478630092323,0.0478630092323,0.0478630092323,0.0478630092323,0.0478630092323,0.0478630092323,0.0478630092323,0.0478630092323,0.0478630092323,0.0478630092323,0.0478630092323,0.0478630092323,0.0478630092323,1,X94 X102 X103 X111,0.119644444444,0.0193754858218,0.119644444444,0.0193754858218
0.0478630092323,0.0478630092323,0.0478630092323,0.0478630092323,0.0478630092323,0.0478630092323,0.0478630092323,0.0478630092323,0.0478630092323,0.0478630092323,0.0478630092323,0.0478630092323,0.0478630092323,0.0478630092323,0.0478630092323,0.0478630092323,0.0478630092323,0.0478630092323,1,X95 X103 X104 X112,0.126933333333,0.0136531752864,0.126933333333,0.0136531752864
0.0478630092323,0.0478630092323,0.0478630092323,0.0478630092323,0.0478630092323,0.0478630092323,0.0478630092323,0.0478630092323,0.0478630092323,0.0478630092323,0.0478630092323,0.0478630092323,0.0478630092323,0.0478630092323,0.0478630092323,0.0478630092323,0.0478630092323,0.0478630092323,1,X96 X104 X105 X113,0.122666666667,0.0174408689017,0.122666666667,0.0174408689017
0.0478630092323,0.0478630092323,0.0478630092323,0.0478630092323,0.0478630092323,0.0478630092323,0.0478630092323,0.0478630092323,0.0478630092323,0.0478630092323,0.0478630092323,0.0478630092323,0.0478630092323,0.0478630092323,0.0478630092323,0.0478630092323,0.0478630092323,0.0478630092323,1,X97 X105 X106 X114,0.123933333333,0.0163508936801,0.123933333333,0.0163508936801
0.0478630092323,0.0478630092323,0.0478630092323,0.0478630092323,0.0478630092323,0.0478630092323,0.0478630092323,0.0478630092323,0.0478630092323,0.0478630092323,0.0478630092323,0.0478630092323,0.0478630092323,0.0478630092323,0.0478630092323,0.0478630092323,0.0478630092323,0.0478630092323,1,X98 X106 X107 X115,0.118022222222,0.0148921881173,0.118022222222,0.0148921881173
0.0478630092323,0.0478630092323,0.0478630092323,0.0478630092323,0.0478630092323,0.0478630092323,0.0478630092323,0.0478630092323,0.0478630092323,0.0478630092323,0.0478630092323,0.0478630092323,0.0478630092323,0.0478630092323,0.0478630092323,0.0478630092323,0.0478630092323,0.0478630092323,1,X99 X107 X108 X116,0.1246,0.0207959250356,0.1246,0.0207959250356
0.0478630092323,0.0478630092323,0.0478630092323,0.0478630092323,0.0478630092323,0.0478630092323,0.0478630092323,0.0478630092323,0.0478630092323,0.0478630092323,0.0478630092323,0.0478630092323,0.0478630092323,0.0478630092323,0.0478630092323,0.0478630092323,0.0478630092323,0.0478630092323,1,Z0 Z9 Z17,0.313288888889,0.0209921958375,0.313288888889,0.0209921958375
0.0478630092323,0.0478630092323,0.0478630092323,0.0478630092323,0.0478630092323,0.0478630092323,0.0478630092323,0.0478630092323,0.0478630092323,0.0478630092323,0.0478630092323,0.0478630092323,0.0478630092323,0.0478630092323,0.0478630092323,0.0478630092323,0.0478630092323,0.0478630092323,1,Z1 Z9 Z10 Z18,0.108088888889,0.0160208038441,0.108088888889,0.0160208038441
0.0478630092323,0.0478630092323,0.0478630092323,0.0478630092323,0.0478630092323,0.0478630092323,0.0478630092323,0.0478630092323,0.0478630092323,0.0478630092323,0.0478630092323,0.0478630092323,0.0478630092323,0.0478630092323,0.0478630092323,0.0478630092323,0.0478630092323,0.0478630092323,1,Z102 Z111 Z119,0.224555555556,0.0186650929824,0.224555555556,0.0186650929824
0.0478630092323,0.0478630092323,0.0478630092323,0.0478630092323,0.0478630092323,0.0478630092323,0.0478630092323,0.0478630092323,0.0478630092323,0.0478630092323,0.0478630092323,0.0478630092323,0.0478630092323,0.0478630092323,0.0478630092323,0.0478630092323,0.0478630092323,0.0478630092323,1,Z103 Z111 Z112 Z120,0.210511111111,0.016845189482,0.210511111111,0.016845189482
0.0478630092323,0.0478630092323,0.0478630092323,0.0478630092323,0.0478630092323,0.0478630092323,0.0478630092323,0.0478630092323,0.0478630092323,0.0478630092323,0.0478630092323,0.0478630092323,0.0478630092323,0.0478630092323,0.0478630092323,0.0478630092323,0.0478630092323,0.0478630092323,1,Z104 Z112 Z113 Z121,0.202977777778,0.0190282978087,0.202977777778,0.0190282978087
0.0478630092323,0.0478630092323,0.0478630092323,0.0478630092323,0.0478630092323,0.0478630092323,0.0478630092323,0.0478630092323,0.0478630092323,0.0478630092323,0.0478630092323,0.0478630092323,0.0478630092323,0.0478630092323,0.0478630092323,0.0478630092323,0.0478630092323,0.0478630092323,1,Z105 Z113 Z114 Z122,0.205888888889,0.0172020522106,0.205888888889,0.0172020522106
0.0478630092323,0.0478630092323,0.0478630092323,0.0478630092323,0.0478630092323,0.0478630092323,0.0478630092323,0.0478630092323,0.0478630092323,0.0478630092323,0.0478630092323,0.0478630092323,0.0478630092323,0.0478630092323,0.0478630092323,0.0478630092323,0.0478630092323,0.0478630092323,1,Z106 Z114 Z115 Z123,0.2118,0.0196413435253,0.2118,0.0196413435253
0.0478630092323,0.0478630092323,0.0478630092323,0.0478630092323,0.0478630092323,0.0478630092323,0.0478630092323,0.0478630092323,0.0478630092323,0.0478630092323,0.0478630092323,0.0478630092323,0.0478630092323,0.0478630092323,0.0478630092323,0.0478630092323,0.0478630092323,0.0478630092323,1,Z107 Z115 Z116 Z124,0.212377777778,0.0189822932886,0.212377777778,0.0189822932886
0.0478630092323,0.0478630092323,0.0478630092323,0.0478630092323,0.0478630092323,0.0478630092323,0.0478630092323,0.0478630092323,0.0478630092323,0.0478630092323,0.0478630092323,0.0478630092323,0.0478630092323,0.0478630092323,0.0478630092323,0.0478630092323,0.0478630092323,0.0478630092323,1,Z108 Z116 Z117 Z125,0.2008,0.018275373376,0.2008,0.018275373376
0.0478630092323,0.0478630092323,0.0478630092323,0.0478630092323,0.0478630092323,0.0478630092323,0.0478630092323,0.0478630092323,0.0478630092323,0.0478630092323,0.0478630092323,0.0478630092323,0.0478630092323,0.0478630092323,0.0478630092323,0.0478630092323,0.0478630092323,0.0478630092323,1,Z109 Z117 Z118 Z126,0.0158444444444,0.0151535520749,0.0158444444444,0.0151535520749
0.0478630092323,0.0478630092323,0.0478630092323,0.0478630092323,0.0478630092323,0.0478630092323,0.0478630092323,0.0478630092323,0.0478630092323,0.0478630092323,0.0478630092323,0.0478630092323,0.0478630092323,0.0478630092323,0.0478630092323,0.0478630092323,0.0478630092323,0.0478630092323,1,Z110 Z118 Z127,0.0129777777778,0.0101055477095,0.0129777777778,0.0101055477095
0.0478630092323,0.0478630092323,0.0478630092323,0.0478630092323,0.0478630092323,0.0478630092323,0.0478630092323,0.0478630092323,0.0478630092323,0.0478630092323,0.0478630092323,0.0478630092323,0.0478630092323,0.0478630092323,0.0478630092323,0.0478630092323,0.0478630092323,0.0478630092323,1,Z119 Z128 Z136,0.221666666667,0.0187287555253,0.221666666667,0.0187287555253
0.0478630092323,0.0478630092323,0.0478630092323,0.0478630092323,0.0478630092323,0.0478630092323,0.0478630092323,0.0478630092323,0.0478630092323,0.0478630092323,0.0478630092323,0.0478630092323,0.0478630092323,0.0478630092323,0.0478630092323,0.0478630092323,0.0478630092323,0.0478630092323,1,Z120 Z128 Z129 Z137,0.220977777778,0.0149837545063,0.220977777778,0.0149837545063
0.0478630092323,0.0478630092323,0.0478630092323,0.0478630092323,0.0478630092323,0.0478630092323,0.0478630092323,0.0478630092323,0.0478630092323,0.0478630092323,0.0478630092323,0.0478630092323,0.0478630092323,0.0478630092323,0.0478630092323,0.0478630092323,0.0478630092323,0.0478630092323,1,Z121 Z129 Z130 Z138,0.215244444444,0.0193723216334,0.215244444444,0.0193723216334
0.0478630092323,0.0478630092323,0.0478630092323,0.0478630092323,0.0478630092323,0.0478630092323,0.0478630092323,0.0478630092323,0.0478630092323,0.0478630092323,0.0478630092323,0.0478630092323,0.0478630092323,0.0478630092323,0.0478630092323,0.0478630092323,0.0478630092323,0.0478630092323,1,Z122 Z130 Z131 Z139,0.2156,0.0172123095932,0.2156,0.0172123095932
0.0478630092323,0.0478630092323,0.0478630092323,0.0478630092323,0.0478630092323,0.0478630092323,0.0478630092323,0.0478630092323,0.0478630092323,0.0478630092323,0.0478630092323,0.0478630092323,0.0478630092323,0.0478630092323,0.0478630092323,0.0478630092323,0.0478630092323,0.0478630092323,1,Z123 Z131 Z132 Z140,0.211311111111,0.0195328455734,0.211311111111,0.0195328455734
0.0478630092323,0.0478630092323,0.0478630092323,0.0478630092323,0.0478630092323,0.0478630092323,0.0478630092323,0.0478630092323,0.0478630092323,0.0478630092323,0.0478630092323,0.0478630092323,0.0478630092323,0.0478630092323,0.0478630092323,0.0478630092323,0.0478630092323,0.0478630092323,1,Z124 Z132 Z133 Z141,0.218222222222,0.0168230213853,0.218222222222,0.0168230213853
0.0478630092323,0.0478630092323,0.0478630092323,0.0478630092323,0.0478630092323,0.0478630092323,0.0478630092323,0.0478630092323,0.0478630092323,0.0478630092323,0.0478630092323,0.0478630092323,0.0478630092323,0.0478630092323,0.0478630092323,0.0478630092323,0.0478630092323,0.0478630092323,1,Z125 Z133 Z134 Z142,0.213311111111,0.0151776033154,0.213311111111,0.0151776033154
0.0478630092323,0.0478630092323,0.0478630092323,0.0478630092323,0.0478630092323,0.0478630092323,0.0478630092323,0.0478630092323,0.0478630092323,0.0478630092323,0.0478630092323,0.0478630092323,0.0478630092323,0.0478630092323,0.0478630092323,0.0478630092323,0.0478630092323,0.0478630092323,1,Z126 Z134 Z135 Z143,0.0165333333333,0.0134414011311,0.0165333333333,0.0134414011311
0.0478630092323,0.0478630092323,0.0478630092323,0.0478630092323,0.0478630092323,0.0478630092323,0.0478630092323,0.0478630092323,0.0478630092323,0.0478630092323,0.0478630092323,0.0478630092323,0.0478630092323,0.0478630092323,0.0478630092323,0.0478630092323,0.0478630092323,0.0478630092323,1,Z127 Z135 Z144,0.0131111111111,0.00976400981215,0.0131111111111,0.00976400981215
0.0478630092323,0.0478630092323,0.0478630092323,0.0478630092323,0.0478630092323,0.0478630092323,0.0478630092323,0.0478630092323,0.0478630092323,0.0478630092323,0.0478630092323,0.0478630092323,0.0478630092323,0.0478630092323,0.0478630092323,0.0478630092323,0.0478630092323,0.0478630092323,1,Z17 Z26 Z34,0.311177777778,0.0155597312403,0.311177777778,0.0155597312403
0.0478630092323,0.0478630092323,0.0478630092323,0.0478630092323,0.0478630092323,0.0478630092323,0.0478630092323,0.0478630092323,0.0478630092323,0.0478630092323,0.0478630092323,0.0478630092323,0.0478630092323,0.0478630092323,0.0478630092323,0.0478630092323,0.0478630092323,0.0478630092323,1,Z18 Z26 Z27 Z35,0.208666666667,0.0185373186817,0.208666666667,0.0185373186817
0.0478630092323,0.0478630092323,0.0478630092323,0.0478630092323,0.0478630092323,0.0478630092323,0.0478630092323,0.0478630092323,0.0478630092323,0.0478630092323,0.0478630092323,0.0478630092323,0.0478630092323,0.0478630092323,0.0478630092323,0.0478630092323,0.0478630092323,0.0478630092323,1,Z19 Z27 Z28 Z36,0.206288888889,0.0191558906905,0.206288888889,0.0191558906905
0.0478630092323,0.0478630092323,0.0478630092323,0.0478630092323,0.0478630092323,0.0478630092323,0.0478630092323,0.0478630092323,0.0478630092323,0.0478630092323,0.0478630092323,0.0478630092323,0.0478630092323,0.0478630092323,0.0478630092323,0.0478630092323,0.0478630092323,0.0478630092323,1,Z2 Z10 Z11 Z19,0.0533777777778,0.0160496674828,0.0533777777778,0.0160496674828
0.0478630092323,0.0478630092323,0.0478630092323,0.0478630092323,0.0478630092323,0.0478630092323,0.0478630092323,0.0478630092323,0.0478630092323,0.0478630092323,0.0478630092323,0.0478630092323,0.0478630092323,0.0478630092323,0.0478630092323,0.0478630092323,0.0478630092323,0.0478630092323,1,Z20 Z28 Z29 Z37,0.205355555556,0.0147567591717,0.205355555556,0.0147567591717
0.0478630092323,0.0478630092323,0.0478630092323,0.0478630092323,0.0478630092323,0.0478630092323,0.0478630092323,0.0478630092323,0.0478630092323,0.0478630092323,0.0478630092323,0.0478630092323,0.0478630092323,0.0478630092323,0.0478630092323,0.0478630092323,0.0478630092323,0.0478630092323,1,Z21 Z29 Z30 Z38,0.206377777778,0.0192620034394,0.206377777778,0.0192620034394
0.0478630092323,0.0478630092323,0.0478630092323,0.0478630092323,0.0478630092323,0.0478630092323,0.0478630092323,0.0478630092323,0.0478630092323,0.0478630092323,0.0478630092323,0.0478630092323,0.0478630092323,0.0478630092323,0.0478630092323,0.0478630092323,0.0478630092323,0.0478630092323,1,Z22 Z30 Z31 Z39,0.2128,0.0241955000408,0.2128,0.0241955000408
0.0478630092323,0.0478630092323,0.0478630092323,0.0478630092323,0.0478630092323,0.0478630092323,0.0478630092323,0.0478630092323,0.0478630092323,0.0478630092323,0.0478630092323,0.0478630092323,0.0478630092323,0.0478630092323,0.0478630092323,0.0478630092323,0.0478630092323,0.0478630092323,1,Z23 Z31 Z32 Z40,0.205733333333,0.0185922984921,0.205733333333,0.0185922984921
0.0478630092323,0.0478630092323,0.0478630092323,0.0478630092323,0.0478630092323,0.0478630092323,0.0478630092323,0.0478630092323,0.0478630092323,0.0478630092323,0.0478630092323,0.0478630092323,0.0478630092323,0.0478630092323,0.0478630092323,0.0478630092323,0.0478630092323,0.0478630092323,1,Z24 Z32 Z33 Z41,0.0148222222222,0.0121102006758,0.0148222222222,0.0121102006758
0.0478630092323,0.0478630092323,0.0478630092323,0.0478630092323,0.0478630092323,0.0478630092323,0.0478630092323,0.0478630092323,0.0478630092323,0.0478630092323,0.0478630092323,0.0478630092323,0.0478630092323,0.0478630092323,0.0478630092323,0.0478630092323,0.0478630092323,0.0478630092323,1,Z25 Z33 Z42,0.0126444444444,0.0107646125699,0.0126444444444,0.0107646125699
0.0478630092323,0.0478630092323,0.0478630092323,0.0478630092323,0.0478630092323,0.0478630092323,0.0478630092323,0.0478630092323,0.0478630092323,0.0478630092323,0.0478630092323,0.0478630092323,0.0478630092323,0.0478630092323,0.0478630092323,0.0478630092323,0.0478630092323,0.0478630092323,1,Z3 Z11 Z12 Z20,0.0352888888889,0.0165693095173,0.0352888888889,0.0165693095173
0.0478630092323,0.0478630092323,0.0478630092323,0.0478630092323,0.0478630092323,0.0478630092323,0.0478630092323,0.0478630092323,0.0478630092323,0.0478630092323,0.0478630092323,0.0478630092323,0.0478630092323,0.0478630092323,0.0478630092323,0.0478630092323,0.0478630092323,0.0478630092323,1,Z34 Z43 Z51,0.291244444444,0.015449071773,0.291244444444,0.015449071773
0.0478630092323,0.0478630092323,0.0478630092323,0.0478630092323,0.0478630092323,0.0478630092323,0.0478630092323,0.0478630092323,0.0478630092323,0.0478630092323,0.0478630092323,0.0478630092323,0.0478630092323,0.0478630092323,0.0478630092323,0.0478630092323,0.0478630092323,0.0478630092323,1,Z35 Z43 Z44 Z52,0.207911111111,0.0201555128903,0.207911111111,0.0201555128903
0.0478630092323,0.0478630092323,0.0478630092323,0.0478630092323,0.0478630092323,0.0478630092323,0.0478630092323,0.0478630092323,0.0478630092323,0.0478630092323,0.0478630092323,0.0478630092323,0.0478630092323,0.0478630092323,0.0478630092323,0.0478630092323,0.0478630092323,0.0478630092323,1,Z36 Z44 Z45 Z53,0.211755555556,0.0187702245118,0.211755555556,0.0187702245118
0.0478630092323,0.0478630092323,0.0478630092323,0.0478630092323,0.0478630092323,0.0478630092323,0.0478630092323,0.0478630092323,0.0478630092323,0.0478630092323,0.0478630092323,0.0478630092323,0.0478630092323,0.0478630092323,0.0478630092323,0.0478630092323,0.0478630092323,0.0478630092323,1,Z37 Z45 Z46 Z54,0.205044444444,0.0173877865563,0.205044444444,0.0173877865563
0.0478630092323,0.0478630092323,0.0478630092323,0.0478630092323,0.0478630092323,0.0478630092323,0.0478630092323,0.0478630092323,0.0478630092323,0.0478630092323,0.0478630092323,0.0478630092323,0.0478630092323,0.0478630092323,0.0478630092323,0.0478630092323,0.0478630092323,0.0478630092323,1,Z38 Z46 Z47 Z55,0.205822222222,0.0159500497443,0.205822222222,0.0159500497443
0.0478630092323,0.0478630092323,0.0478630092323,0.0478630092323,0.0478630092323,0.0478630092323,0.0478630092323,0.0478630092323,0.0478630092323,0.0478630092323,0.0478630092323,0.0478630092323,0.0478630092323,0.0478630092323,0.0478630092323,0.0478630092323,0.0478630092323,0.0478630092323,1,Z39 Z47 Z48 Z56,0.208511111111,0.0170459674523,0.208511111111,0.0170459674523
0.0478630092323,0.0478630092323,0.0478630092323,0.0478630092323,0.0478630092323,0.0478630092323,0.0478630092323,0.0478630092323,0.0478630092323,0.0478630092323,0.0478630092323,0.0478630092323,0.0478630092323,0.0478630092323,0.0478630092323,0.0478630092323,0.0478630092323,0.0478630092323,1,Z4 Z12 Z13 Z21,0.0193111111111,0.012953773791,0.0193111111111,0.012953773791
0.0478630092323,0.0478630092323,0.0478630092323,0.0478630092323,0.0478630092323,0.0478630092323,0.0478630092323,0.0478630092323,0.0478630092323,0.0478630092323,0.0478630092323,0.0478630092323,0.0478630092323,0.0478630092323,0.0478630092323,0.0478630092323,0.0478630092323,0.0478630092323,1,Z40 Z48 Z49 Z57,0.203866666667,0.0231380332435,0.203866666667,0.0231380332435
0.0478630092323,0.0478630092323,0.0478630092323,0.0478630092323,0.0478630092323,0.0478630092323,0.0478630092323,0.0478630092323,0.0478630092323,0.0478630092323,0.0478630092323,0.0478630092323,0.0478630092323,0.0478630092323,0.0478630092323,0.0478630092323,0.0478630092323,0.0478630092323,1,Z41 Z49 Z50 Z58,0.0146666666667,0.00905834641901,0.0146666666667,0.00905834641901
0.0478630092323,0.0478630092323,0.0478630092323,0.0478630092323,0.0478630092323,0.0478630092323,0.0478630092323,0.0478630092323,0.0478630092323,0.0478630092323,0.0478630092323,0.0478630092323,0.0478630092323,0.0478630092323,0.0478630092323,0.0478630092323,0.0478630092323,0.0478630092323,1,Z42 Z50 Z59,0.0152666666667,0.0101940558144,0.0152666666667,0.0101940558144
0.0478630092323,0.0478630092323,0.0478630092323,0.0478630092323,0.0478630092323,0.0478630092323,0.0478630092323,0.0478630092323,0.0478630092323,0.0478630092323,0.0478630092323,0.0478630092323,0.0478630092323,0.0478630092323,0.0478630092323,0.0478630092323,0.0478630092323,0.0478630092323,1,Z5 Z13 Z14 Z22,0.0180222222222,0.0127858678371,0.0180222222222,0.0127858678371
0.0478630092323,0.0478630092323,0.0478630092323,0.0478630092323,0.0478630092323,0.0478630092323,0.0478630092323,0.0478630092323,0.0478630092323,0.0478630092323,0.0478630092323,0.0478630092323,0.0478630092323,0.0478630092323,0.0478630092323,0.0478630092323,0.0478630092323,0.0478630092323,1,Z51 Z60 Z68,0.268533333333,0.0158028078401,0.268533333333,0.0158028078401
0.0478630092323,0.0478630092323,0.0478630092323,0.0478630092323,0.0478630092323,0.0478630092323,0.0478630092323,0.0478630092323,0.0478630092323,0.0478630092323,0.0478630092323,0.0478630092323,0.0478630092323,0.0478630092323,0.0478630092323,0.0478630092323,0.0478630092323,0.0478630092323,1,Z52 Z60 Z61 Z69,0.208222222222,0.0157677913461,0.208222222222,0.0157677913461
0.0478630092323,0.0478630092323,0.0478630092323,0.0478630092323,0.0478630092323,0.0478630092323,0.0478630092323,0.0478630092323,0.0478630092323,0.0478630092323,0.0478630092323,0.0478630092323,0.0478630092323,0.0478630092323,0.0478630092323,0.0478630092323,0.0478630092323,0.0478630092323,1,Z53 Z61 Z62 Z70,0.211,0.0187254820542,0.211,0.0187254820542
0.0478630092323,0.0478630092323,0.0478630092323,0.0478630092323,0.0478630092323,0.0478630092323,0.0478630092323,0.0478630092323,0.0478630092323,0.0478630092323,0.0478630092323,0.0478630092323,0.0478630092323,0.0478630092323,0.0478630092323,0.0478630092323,0.0478630092323,0.0478630092323,1,Z54 Z62 Z63 Z71,0.208,0.0160754924011,0.208,0.0160754924011
0.0478630092323,0.0478630092323,0.0478630092323,0.0478630092323,0.0478630092323,0.0478630092323,0.0478630092323,0.0478630092323,0.0478630092323,0.0478630092323,0.0478630092323,0.0478630092323,0.0478630092323,0.0478630092323,0.0478630092323,0.0478630092323,0.0478630092323,0.0478630092323,1,Z55 Z63 Z64 Z72,0.200844444444,0.0158081731936,0.200844444444,0.0158081731936
0.0478630092323,0.0478630092323,0.0478630092323,0.0478630092323,0.0478630092323,0.0478630092323,0.0478630092323,0.0478630092323,0.0478630092323,0.0478630092323,0.0478630092323,0.0478630092323,0.0478630092323,0.0478630092323,0.0478630092323,0.0478630092323,0.0478630092323,0.0478630092323,1,Z56 Z64 Z65 Z73,0.205288888889,0.0210031439598,0.205288888889,0.0210031439598
0.0478630092323,0.0478630092323,0.0478630092323,0.0478630092323,0.0478630092323,0.0478630092323,0.0478630092323,0.0478630092323,0.0478630092323,0.0478630092323,0.0478630092323,0.0478630092323,0.0478630092323,0.0478630092323,0.0478630092323,0.0478630092323,0.0478630092323,0.0478630092323,1,Z57 Z65 Z66 Z74,0.202911111111,0.0197738038971,0.202911111111,0.0197738038971
0.0478630092323,0.0478630092323,0.0478630092323,0.0478630092323,0.0478630092323,0.0478630092323,0.0478630092323,0.0478630092323,0.0478630092323,0.0478630092323,0.0478630092323,0.0478630092323,0.0478630092323,0.0478630092323,0.0478630092323,0.0478630092323,0.0478630092323,0.0478630092323,1,Z58 Z66 Z67 Z75,0.0132444444444,0.0095904379795,0.0132444444444,0.0095904379795
0.0478630092323,0.0478630092323,0.0478630092323,0.0478630092323,0.0478630092323,0.0478630092323,0.0478630092323,0.0478630092323,0.0478630092323,0.0478630092323,0.0478630092323,0.0478630092323,0.0478630092323,0.0478630092323,0.0478630092323,0.0478630092323,0.0478630092323,0.0478630092323,1,Z59 Z67 Z76,0.0171777777778,0.0114826984071,0.0171777777778,0.0114826984071
0.0478630092323,0.0478630092323,0.0478630092323,0.0478630092323,0.0478630092323,0.0478630092323,0.0478630092323,0.0478630092323,0.0478630092323,0.0478630092323,0.0478630092323,0.0478630092323,0.0478630092323,0.0478630092323,0.0478630092323,0.0478630092323,0.0478630092323,0.0478630092323,1,Z6 Z14 Z15 Z23,0.0128666666667,0.0115538386582,0.0128666666667,0.0115538386582
0.0478630092323,0.0478630092323,0.0478630092323,0.0478630092323,0.0478630092323,0.0478630092323,0.0478630092323,0.0478630092323,0.0478630092323,0.0478630092323,0.0478630092323,0.0478630092323,0.0478630092323,0.0478630092323,0.0478630092323,0.0478630092323,0.0478630092323,0.0478630092323,1,Z68 Z77 Z85,0.258688888889,0.0201104104363,0.258688888889,0.0201104104363
0.0478630092323,0.0478630092323,0.0478630092323,0.0478630092323,0.0478630092323,0.0478630092323,0.0478630092323,0.0478630092323,0.0478630092323,0.0478630092323,0.0478630092323,0.0478630092323,0.0478630092323,0.0478630092323,0.0478630092323,0.0478630092323,0.0478630092323,0.0478630092323,1,Z69 Z77 Z78 Z86,0.202355555556,0.0204566513616,0.202355555556,0.0204566513616
0.0478630092323,0.0478630092323,0.0478630092323,0.0478630092323,0.0478630092323,0.0478630092323,0.0478630092323,0.0478630092323,0.0478630092323,0.0478630092323,0.0478630092323,0.0478630092323,0.0478630092323,0.0478630092323,0.0478630092323,0.0478630092323,0.0478630092323,0.0478630092323,1,Z7 Z15 Z16 Z24,0.0141111111111,0.00954775588298,0.0141111111111,0.00954775588298
0.0478630092323,0.0478630092323,0.0478630092323,0.0478630092323,0.0478630092323,0.0478630092323,0.0478630092323,0.0478630092323,0.0478630092323,0.0478630092323,0.0478630092323,0.0478630092323,0.0478630092323,0.0478630092323,0.0478630092323,0.0478630092323,0.0478630092323,0.0478630092323,1,Z70 Z78 Z79 Z87,0.205466666667,0.0128801132762,0.205466666667,0.0128801132762
0.0478630092323,0.0478630092323,0.0478630092323,0.0478630092323,0.0478630092323,0.0478630092323,0.0478630092323,0.0478630092323,0.0478630092323,0.0478630092323,0.0478630092323,0.0478630092323,0.0478630092323,0.0478630092323,0.0478630092323,0.0478630092323,0.0478630092323,0.0478630092323,1,Z71 Z79 Z80 Z88,0.205133333333,0.0224766545553,0.205133333333,0.0224766545553
0.0478630092323,0.0478630092323,0.0478630092323,0.0478630092323,0.0478630092323,0.0478630092323,0.0478630092323,0.0478630092323,0.0478630092323,0.0478630092323,0.0478630092323,0.0478630092323,0.0478630092323,0.0478630092323,0.0478630092323,0.0478630092323,0.0478630092323,0.0478630092323,1,Z72 Z80 Z81 Z89,0.198355555556,0.0189782964029,0.198355555556,0.0189782964029
0.0478630092323,0.0478630092323,0.0478630092323,0.0478630092323,0.0478630092323,0.0478630092323,0.0478630092323,0.0478630092323,0.0478630092323,0.0478630092323,0.0478630092323,0.0478630092323,0.0478630092323,0.0478630092323,0.0478630092323,0.0478630092323,0.0478630092323,0.0478630092323,1,Z73 Z81 Z82 Z90,0.205288888889,0.0171662444616,0.205288888889,0.0171662444616
0.0478630092323,0.0478630092323,0.0478630092323,0.0478630092323,0.0478630092323,0.0478630092323,0.0478630092323,0.0478630092323,0.0478630092323,0.0478630092323,0.0478630092323,0.0478630092323,0.0478630092323,0.0478630092323,0.0478630092323,0.0478630092323,0.0478630092323,0.0478630092323,1,Z74 Z82 Z83 Z91,0.204177777778,0.0206795905703,0.204177777778,0.0206795905703
0.0478630092323,0.0478630092323,0.0478630092323,0.0478630092323,0.0478630092323,0.0478630092323,0.0478630092323,0.0478630092323,0.0478630092323,0.0478630092323,0.0478630092323,0.0478630092323,0.0478630092323,0.0478630092323,0.0478630092323,0.0478630092323,0.0478630092323,0.0478630092323,1,Z75 Z83 Z84 Z92,0.0191333333333,0.0152055142246,0.0191333333333,0.0152055142246
0.0478630092323,0.0478630092323,0.0478630092323,0.0478630092323,0.0478630092323,0.0478630092323,0.0478630092323,0.0478630092323,0.0478630092323,0.0478630092323,0.0478630092323,0.0478630092323,0.0478630092323,0.0478630092323,0.0478630092323,0.0478630092323,0.0478630092323,0.0478630092323,1,Z76 Z84 Z93,0.0141777777778,0.0110435339634,0.0141777777778,0.0110435339634
0.0478630092323,0.0478630092323,0.0478630092323,0.0478630092323,0.0478630092323,0.0478630092323,0.0478630092323,0.0478630092323,0.0478630092323,0.0478630092323,0.0478630092323,0.0478630092323,0.0478630092323,0.0478630092323,0.0478630092323,0.0478630092323,0.0478630092323,0.0478630092323,1,Z8 Z16 Z25,0.0133111111111,0.0102002679453,0.0133111111111,0.0102002679453
0.0478630092323,0.0478630092323,0.0478630092323,0.0478630092323,0.0478630092323,0.0478630092323,0.0478630092323,0.0478630092323,0.0478630092323,0.0478630092323,0.0478630092323,0.0478630092323,0.0478630092323,0.0478630092323,0.0478630092323,0.0478630092323,0.0478630092323,0.0478630092323,1,Z85 Z94 Z102,0.239266666667,0.0179947629674,0.239266666667,0.0179947629674
0.0478630092323,0.0478630092323,0.0478630092323,0.0478630092323,0.0478630092323,0.0478630092323,0.0478630092323,0.0478630092323,0.0478630092323,0.0478630092323,0.0478630092323,0.0478630092323,0.0478630092323,0.0478630092323,0.0478630092323,0.0478630092323,0.0478630092323,0.0478630092323,1,Z86 Z94 Z95 Z103,0.207755555556,0.0164640403074,0.207755555556,0.0164640403074
0.0478630092323,0.0478630092323,0.0478630092323,0.0478630092323,0.0478630092323,0.0478630092323,0.0478630092323,0.0478630092323,0.0478630092323,0.0478630092323,0.0478630092323,0.0478630092323,0.0478630092323,0.0478630092323,0.0478630092323,0.0478630092323,0.0478630092323,0.0478630092323,1,Z87 Z95 Z96 Z104,0.208555555556,0.0182448929155,0.208555555556,0.0182448929155
0.0478630092323,0.0478630092323,0.0478630092323,0.0478630092323,0.0478630092323,0.0478630092323,0.0478630092323,0.0478630092323,0.0478630092323,0.0478630092323,0.0478630092323,0.0478630092323,0.0478630092323,0.0478630092323,0.0478630092323,0.0478630092323,0.0478630092323,0.0478630092323,1,Z88 Z96 Z97 Z105,0.206466666667,0.0201953296828,0.206466666667,0.0201953296828
0.0478630092323,0.0478630092323,0.0478630092323,0.0478630092323,0.0478630092323,0.0478630092323,0.0478630092323,0.0478630092323,0.0478630092323,0.0478630092323,0.0478630092323,0.0478630092323,0.0478630092323,0.0478630092323,0.0478630092323,0.0478630092323,0.0478630092323,0.0478630092323,1,Z89 Z97 Z98 Z106,0.200488888889,0.0214350544228,0.200488888889,0.0214350544228
0.0478630092323,0.0478630092323,0.0478630092323,0.0478630092323,0.0478630092323,0.0478630092323,0.0478630092323,0.0478630092323,0.0478630092323,0.0478630092323,0.0478630092323,0.0478630092323,0.0478630092323,0.0478630092323,0.0478630092323,0.0478630092323,0.0478630092323,0.0478630092323,1,Z90 Z98 Z99 Z107,0.206266666667,0.0133524001602,0.206266666667,0.0133524001602
0.0478630092323,0.0478630092323,0.0478630092323,0.0478630092323,0.0478630092323,0.0478630092323,0.0478630092323,0.0478630092323,0.0478630092323,0.0478630092323,0.0478630092323,0.0478630092323,0.0478630092323,0.0478630092323,0.0478630092323,0.0478630092323,0.0478630092323,0.0478630092323,1,Z91 Z99 Z100 Z108,0.207311111111,0.0190859988267,0.207311111111,0.0190859988267
0.0478630092323,0.0478630092323,0.0478630092323,0.0478630092323,0.0478630092323,0.0478630092323,0.0478630092323,0.0478630092323,0.0478630092323,0.0478630092323,0.0478630092323,0.0478630092323,0.0478630092323,0.0478630092323,0.0478630092323,0.0478630092323,0.0478630092323,0.0478630092323,1,Z92 Z100 Z101 Z109,0.0114888888889,0.00763874642849,0.0114888888889,0.00763874642849
0.0478630092323,0.0478630092323,0.0478630092323,0.0478630092323,0.0478630092323,0.0478630092323,0.0478630092323,0.0478630092323,0.0478630092323,0.0478630092323,0.0478630092323,0.0478630092323,0.0478630092323,0.0478630092323,0.0478630092323,0.0478630092323,0.0478630092323,0.0478630092323,1,Z93 Z101 Z110,0.0119333333333,0.00991357287778,0.0119333333333,0.00991357287778
0.0478630092323,0.0478630092323,0.0478630092323,0.0478630092323,0.0478630092323,0.0478630092323,0.0478630092323,0.0478630092323,0.0478630092323,0.0478630092323,0.0478630092323,0.0478630092323,0.0478630092323,0.0478630092323,0.0478630092323,0.0478630092323,0.0478630092323,0.0478630092323,5,Logical X,0.0528444444444,0.0162875815546,0.0500888888889,0.020630471332
0.0478630092323,0.0478630092323,0.0478630092323,0.0478630092323,0.0478630092323,0.0478630092323,0.0478630092323,0.0478630092323,0.0478630092323,0.0478630092323,0.0478630092323,0.0478630092323,0.0478630092323,0.0478630092323,0.0478630092323,0.0478630092323,0.0478630092323,0.0478630092323,5,Logical Y,0.0164222222222,0.0131533639575,-0.00153333333333,0.0171709011628
0.0478630092323,0.0478630092323,0.0478630092323,0.0478630092323,0.0478630092323,0.0478630092323,0.0478630092323,0.0478630092323,0.0478630092323,0.0478630092323,0.0478630092323,0.0478630092323,0.0478630092323,0.0478630092323,0.0478630092323,0.0478630092323,0.0478630092323,0.0478630092323,5,Logical Z,0.0136666666667,0.0162006101772,-0.00684444444444,0.0194899980899
0.0478630092323,0.0478630092323,0.0478630092323,0.0478630092323,0.0478630092323,0.0478630092323,0.0478630092323,0.0478630092323,0.0478630092323,0.0478630092323,0.0478630092323,0.0478630092323,0.0478630092323,0.0478630092323,0.0478630092323,0.0478630092323,0.0478630092323,0.0478630092323,5,X0 X1 X9,0.151066666667,0.0166059584007,0.151066666667,0.0166059584007
0.0478630092323,0.0478630092323,0.0478630092323,0.0478630092323,0.0478630092323,0.0478630092323,0.0478630092323,0.0478630092323,0.0478630092323,0.0478630092323,0.0478630092323,0.0478630092323,0.0478630092323,0.0478630092323,0.0478630092323,0.0478630092323,0.0478630092323,0.0478630092323,5,X1 X2 X10,0.0414222222222,0.0188274954503,0.0414222222222,0.0188274954503
0.0478630092323,0.0478630092323,0.0478630092323,0.0478630092323,0.0478630092323,0.0478630092323,0.0478630092323,0.0478630092323,0.0478630092323,0.0478630092323,0.0478630092323,0.0478630092323,0.0478630092323,0.0478630092323,0.0478630092323,0.0478630092323,0.0478630092323,0.0478630092323,5,X10 X18 X19 X27,0.120177777778,0.0206321055719,0.120177777778,0.0206321055719
0.0478630092323,0.0478630092323,0.0478630092323,0.0478630092323,0.0478630092323,0.0478630092323,0.0478630092323,0.0478630092323,0.0478630092323,0.0478630092323,0.0478630092323,0.0478630092323,0.0478630092323,0.0478630092323,0.0478630092323,0.0478630092323,0.0478630092323,0.0478630092323,5,X100 X108 X109 X117,0.114955555556,0.0205917688673,0.114955555556,0.0205917688673
0.0478630092323,0.0478630092323,0.0478630092323,0.0478630092323,0.0478630092323,0.0478630092323,0.0478630092323,0.0478630092323,0.0478630092323,0.0478630092323,0.0478630092323,0.0478630092323,0.0478630092323,0.0478630092323,0.0478630092323,0.0478630092323,0.0478630092323,0.0478630092323,5,X101 X109 X110 X118,0.0151777777778,0.00912691835011,0.0151777777778,0.00912691835011
0.0478630092323,0.0478630092323,0.0478630092323,0.0478630092323,0.0478630092323,0.0478630092323,0.0478630092323,0.0478630092323,0.0478630092323,0.0478630092323,0.0478630092323,0.0478630092323,0.0478630092323,0.0478630092323,0.0478630092323,0.0478630092323,0.0478630092323,0.0478630092323,5,X11 X19 X20 X28,0.122733333333,0.0175977619615,0.122733333333,0.0175977619615
0.0478630092323,0.0478630092323,0.0478630092323,0.0478630092323,0.0478630092323,0.0478630092323,0.0478630092323,0.0478630092323,0.0478630092323,0.0478630092323,0.0478630092323,0.0478630092323,0.0478630092323,0.0478630092323,0.0478630092323,0.0478630092323,0.0478630092323,0.0478630092323,5,X111 X119 X120 X128,0.122088888889,0.0223560415233,0.122088888889,0.0223560415233
0.0478630092323,0.0478630092323,0.0478630092323,0.0478630092323,0.0478630092323,0.0478630092323,0.0478630092323,0.0478630092323,0.0478630092323,0.0478630092323,0.0478630092323,0.0478630092323,0.0478630092323,0.0478630092323,0.0478630092323,0.0478630092323,0.0478630092323,0.0478630092323,5,X112 X120 X121 X129,0.118688888889,0.0195814309828,0.118688888889,0.0195814309828
0.0478630092323,0.0478630092323,0.0478630092323,0.0478630092323,0.0478630092323,0.0478630092323,0.0478630092323,0.0478630092323,0.0478630092323,0.0478630092323,0.0478630092323,0.0478630092323,0.0478630092323,0.0478630092323,0.0478630092323,0.0478630092323,0.0478630092323,0.0478630092323,5,X113 X121 X122 X130,0.118466666667,0.0156867320758,0.118466666667,0.0156867320758
0.0478630092323,0.0478630092323,0.0478630092323,0.0478630092323,0.0478630092323,0.0478630092323,0.0478630092323,0.0478630092323,0.0478630092323,0.0478630092323,0.0478630092323,0.0478630092323,0.0478630092323,0.0478630092323,0.0478630092323,0.0478630092323,0.0478630092323,0.0478630092323,5,X114 X122 X123 X131,0.117688888889,0.0186311100874,0.117688888889,0.0186311100874
0.0478630092323,0.0478630092323,0.0478630092323,0.0478630092323,0.0478630092323,0.0478630092323,0.0478630092323,0.0478630092323,0.0478630092323,0.0478630092323,0.0478630092323,0.0478630092323,0.0478630092323,0.0478630092323,0.0478630092323,0.0478630092323,0.0478630092323,0.0478630092323,5,X115 X123 X124 X132,0.1258,0.016029809396,0.1258,0.016029809396
0.0478630092323,0.0478630092323,0.0478630092323,0.0478630092323,0.0478630092323,0.0478630092323,0.0478630092323,0.0478630092323,0.0478630092323,0.0478630092323,0.0478630092323,0.0478630092323,0.0478630092323,0.0478630092323,0.0478630092323,0.0478630092323,0.0478630092323,0.0478630092323,5,X116 X124 X125 X133,0.129066666667,0.0191989782614,0.129066666667,0.0191989782614
0.0478630092323,0.0478630092323,0.0478630092323,0.0478630092323,0.0478630092323,0.0478630092323,0.0478630092323,0.0478630092323,0.0478630092323,0.0478630092323,0.0478630092323,0.0478630092323,0.0478630092323,0.0478630092323,0.0478630092323,0.0478630092323,0.0478630092323,0.0478630092323,5,X117 X125 X126 X134,0.117977777778,0.0164807872197,0.117977777778,0.0164807872197
0.0478630092323,0.0478630092323,0.0478630092323,0.0478630092323,0.0478630092323,0.0478630092323,0.0478630092323,0.0478630092323,0.0478630092323,0.0478630092323,0.0478630092323,0.0478630092323,0.0478630092323,0.0478630092323,0.0478630092323,0.0478630092323,0.0478630092323,0.0478630092323,5,X118 X126 X127 X135,0.0147555555556,0.0116825616953,0.0147555555556,0.0116825616953
0.0478630092323,0.0478630092323,0.0478630092323,0.0478630092323,0.0478630092323,0.0478630092323,0.0478630092323,0.0478630092323,0.0478630092323,0.0478630092323,0.0478630092323,0.0478630092323,0.0478630092323,0.0478630092323,0.0478630092323,0.0478630092323,0.0478630092323,0.0478630092323,5,X12 X20 X21 X29,0.117888888889,0.0185704278848,0.117888888889,0.0185704278848
0.0478630092323,0.0478630092323,0.0478630092323,0.0478630092323,0.0478630092323,0.0478630092323,0.0478630092323,0.0478630092323,0.0478630092323,0.0478630092323,0.0478630092323,0.0478630092323,0.0478630092323,0.0478630092323,0.0478630092323,0.0478630092323,0.0478630092323,0.0478630092323,5,X128 X136 X137,0.170466666667,0.0157812148865,0.170466666667,0.0157812148865
0.0478630092323,0.0478630092323,0.0478630092323,0.0478630092323,0.0478630092323,0.0478630092323,0.0478630092323,0.0478630092323,0.0478630092323,0.0478630092323,0.0478630092323,0.0478630092323,0.0478630092323,0.0478630092323,0.0478630092323,0.0478630092323,0.0478630092323,0.0478630092323,5,X129 X137 X138,0.179711111111,0.0181240369454,0.179711111111,0.0181240369454
0.0478630092323,0.0478630092323,0.0478630092323,0.0478630092323,0.0478630092323,0.0478630092323,0.0478630092323,0.0478630092323,0.0478630092323,0.0478630092323,0.0478630092323,0.0478630092323,0.0478630092323,0.0478630092323,0.0478630092323,0.0478630092323,0.0478630092323,0.0478630092323,5,X13 X21 X22 X30,0.123688888889,0.0211397345781,0.123688888889,0.0211397345781
0.0478630092323,0.0478630092323,0.0478630092323,0.0478630092323,0.0478630092323,0.0478630092323,0.0478630092323,0.0478630092323,0.0478630092323,0.0478630092323,0.0478630092323,0.0478630092323,0.0478630092323,0.0478630092323,0.0478630092323,0.0478630092323,0.0478630092323,0.0478630092323,5,X130 X138 X139,0.177,0.017058609808,0.177,0.017058609808
0.0478630092323,0.0478630092323,0.0478630092323,0.0478630092323,0.0478630092323,0.0478630092323,0.0478630092323,0.0478630092323,0.0478630092323,0.0478630092323,0.0478630092323,0.0478630092323,0.0478630092323,0.0478630092323,0.0478630092323,0.0478630092323,0.0478630092323,0.0478630092323,5,X131 X139 X140,0.182777777778,0.0169724440479,0.182777777778,0.0169724440479
0.0478630092323,0.0478630092323,0.0478630092323,0.0478630092323,0.0478630092323,0.0478630092323,0.0478630092323,0.0478630092323,0.0478630092323,0.0478630092323,0.0478630092323,0.0478630092323,0.0478630092323,0.0478630092323,0.0478630092323,0.0478630092323,0.0478630092323,0.0478630092323,5,X132 X140 X141,0.176666666667,0.0258471783441,0.176666666667,0.0258471783441
0.0478630092323,0.0478630092323,0.0478630092323,0.0478630092323,0.0478630092323,0.0478630092323,0.0478630092323,0.0478630092323,0.0478630092323,0.0478630092323,0.0478630092323,0.0478630092323,0.0478630092323,0.0478630092323,0.0478630092323,0.0478630092323,0.0478630092323,0.0478630092323,5,X133 X141 X142,0.174244444444,0.0154924115235,0.174244444444,0.0154924115235
0.0478630092323,0.0478630092323,0.0478630092323,0.0478630092323,0.0478630092323,0.0478630092323,0.0478630092323,0.0478630092323,0.0478630092323,0.0478630092323,0.0478630092323,0.0478630092323,0.0478630092323,0.0478630092323,0.0478630092323,0.0478630092323,0.0478630092323,0.0478630092323,5,X134 X142 X143,0.174066666667,0.0195969737284,0.174066666667,0.0195969737284
0.0478630092323,0.0478630092323,0.0478630092323,0.0478630092323,0.0478630092323,0.0478630092323,0.0478630092323,0.0478630092323,0.0478630092323,0.0478630092323,0.0478630092323,0.0478630092323,0.0478630092323,0.0478630092323,0.0478630092323,0.0478630092323,0.0478630092323,0.0478630092323,5,X135 X143 X144,0.0136444444444,0.0150368470378,0.0136444444444,0.0150368470378
0.0478630092323,0.0478630092323,0.0478630092323,0.0478630092323,0.0478630092323,0.0478630092323,0.0478630092323,0.0478630092323,0.0478630092323,0.0478630092323,0.0478630092323,0.0478630092323,0.0478630092323,0.0478630092323,0.0478630092323,0.0478630092323,0.0478630092323,0.0478630092323,5,X14 X22 X23 X31,0.125311111111,0.0141783746977,0.125311111111,0.0141783746977
0.0478630092323,0.0478630092323,0.0478630092323,0.0478630092323,0.0478630092323,0.0478630092323,0.0478630092323,0.0478630092323,0.0478630092323,0.0478630092323,0.0478630092323,0.0478630092323,0.0478630092323,0.0478630092323,0.0478630092323,0.0478630092323,0.0478630092323,0.0478630092323,5,X15 X23 X24 X32,0.121466666667,0.0187587221093,0.121466666667,0.0187587221093
0.0478630092323,0.0478630092323,0.0478630092323,0.0478630092323,0.0478630092323,0.0478630092323,0.0478630092323,0.0478630092323,0.0478630092323,0.0478630092323,0.0478630092323,0.0478630092323,0.0478630092323,0.0478630092323,0.0478630092323,0.0478630092323,0.0478630092323,0.0478630092323,5,X16 X24 X25 X33,0.0153333333333,0.011627685287,0.0153333333333,0.011627685287
0.0478630092323,0.0478630092323,0.0478630092323,0.0478630092323,0.0478630092323,0.0478630092323,0.0478630092323,0.0478630092323,0.0478630092323,0.0478630092323,0.0478630092323,0.0478630092323,0.0478630092323,0.0478630092323,0.0478630092323,0.0478630092323,0.0478630092323,0.0478630092323,5,X2 X3 X11,0.0168,0.0125961740831,0.0168,0.0125961740831
0.0478630092323,0.0478630092323,0.0478630092323,0.0478630092323,0.0478630092323,0.0478630092323,0.0478630092323,0.0478630092323,0.0478630092323,0.0478630092323,0.0478630092323,0.0478630092323,0.0478630092323,0.0478630092323,0.0478630092323,0.0478630092323,0.0478630092323,0.0478630092323,5,X26 X34 X35 X43,0.125088888889,0.0184681424642,0.125088888889,0.0184681424642
0.0478630092323,0.0478630092323,0.0478630092323,0.0478630092323,0.0478630092323,0.0478630092323,0.0478630092323,0.0478630092323,0.0478630092323,0.0478630092323,0.0478630092323,0.0478630092323,0.0478630092323,0.0478630092323,0.0478630092323,0.0478630092323,0.0478630092323,0.0478630092323,5,X27 X35 X36 X44,0.117444444444,0.0210448041172,0.117444444444,0.0210448041172
0.0478630092323,0.0478630092323,0.0478630092323,0.0478630092323,0.0478630092323,0.0478630092323,0.0478630092323,0.0478630092323,0.0478630092323,0.0478630092323,0.0478630092323,0.0478630092323,0.0478630092323,0.0478630092323,0.0478630092323,0.0478630092323,0.0478630092323,0.0478630092323,5,X28 X36 X37 X45,0.119977777778,0.0162126513519,0.119977777778,0.0162126513519
0.0478630092323,0.0478630092323,0.0478630092323,0.0478630092323,0.0478630092323,0.0478630092323,0.0478630092323,0.0478630092323,0.0478630092323,0.0478630092323,0.0478630092323,0.0478630092323,0.0478630092323,0.0478630092323,0.0478630092323,0.0478630092323,0.0478630092323,0.0478630092323,5,X29 X37 X38 X46,0.120044444444,0.0172579557607,0.120044444444,0.0172579557607
0.0478630092323,0.0478630092323,0.0478630092323,0.0478630092323,0.0478630092323,0.0478630092323,0.0478630092323,0.0478630092323,0.0478630092323,0.0478630092323,0.0478630092323,0.0478630092323,0.0478630092323,0.0478630092323,0.0478630092323,0.0478630092323,0.0478630092323,0.0478630092323,5,X3 X4 X12,0.0149555555556,0.0126159703366,0.0149555555556,0.0126159703366
0.0478630092323,0.0478630092323,0.0478630092323,0.0478630092323,0.0478630092323,0.0478630092323,0.0478630092323,0.0478630092323,0.0478630092323,0.0478630092323,0.0478630092323,0.0478630092323,0.0478630092323,0.0478630092323,0.0478630092323,0.0478630092323,0.0478630092323,0.0478630092323,5,X30 X38 X39 X47,0.122088888889,0.0230340300198,0.122088888889,0.0230340300198
0.0478630092323,0.0478630092323,0.0478630092323,0.0478630092323,0.0478630092323,0.0478630092323,0.0478630092323,0.0478630092323,0.0478630092323,0.0478630092323,0.0478630092323,0.0478630092323,0.0478630092323,0.0478630092323,0.0478630092323,0.0478630092323,0.0478630092323,0.0478630092323,5,X31 X39 X40 X48,0.124866666667,0.0124785179393,0.124866666667,0.0124785179393
0.0478630092323,0.0478630092323,0.0478630092323,0.0478630092323,0.0478630092323,0.0478630092323,0.0478630092323,0.0478630092323,0.0478630092323,0.0478630092323,0.0478630092323,0.0478630092323,0.0478630092323,0.0478630092323,0.0478630092323,0.0478630092323,0.0478630092323,0.0478630092323,5,X32 X40 X41 X49,0.125311111111,0.0178263082808,0.125311111111,0.0178263082808
0.0478630092323,0.0478630092323,0.0478630092323,0.0478630092323,0.0478630092323,0.0478630092323,0.0478630092323,0.0478630092323,0.0478630092323,0.0478630092323,0.0478630092323,0.0478630092323,0.0478630092323,0.0478630092323,0.0478630092323,0.0478630092323,0.0478630092323,0.0478630092323,5,X33 X41 X42 X50,0.0128444444444,0.00924744277931,0.0128444444444,0.00924744277931
0.0478630092323,0.0478630092323,0.0478630092323,0.0478630092323,0.0478630092323,0.0478630092323,0.0478630092323,0.0478630092323,0.0478630092323,0.0478630092323,0.0478630092323,0.0478630092323,0.0478630092323,0.0478630092323,0.0478630092323,0.0478630092323,0.0478630092323,0.0478630092323,5,X4 X5 X13,0.0142888888889,0.00985672586105,0.0142888888889,0.00985672586105
0.0478630092323,0.0478630092323,0.0478630092323,0.0478630092323,0.0478630092323,0.0478630092323,0.0478630092323,0.0478630092323,0.0478630092323,0.0478630092323,0.0478630092323,0.0478630092323,0.0478630092323,0.0478630092323,0.0478630092323,0.0478630092323,0.0478630092323,0.0478630092323,5,X43 X51 X52 X60,0.120644444444,0.0209765300947,0.120644444444,0.0209765300947
0.0478630092323,0.0478630092323,0.0478630092323,0.0478630092323,0.0478630092323,0.0478630092323,0.0478630092323,0.0478630092323,0.0478630092323,0.0478630092323,0.0478630092323,0.0478630092323,0.0478630092323,0.0478630092323,0.0478630092323,0.0478630092323,0.0478630092323,0.0478630092323,5,X44 X52 X53 X61,0.120311111111,0.018689422364,0.120311111111,0.018689422364
0.0478630092323,0.0478630092323,0.0478630092323,0.0478630092323,0.0478630092323,0.0478630092323,0.0478630092323,0.0478630092323,0.0478630092323,0.0478630092323,0.0478630092323,0.0478630092323,0.0478630092323,0.0478630092323,0.0478630092323,0.0478630092323,0.0478630092323,0.0478630092323,5,X45 X53 X54 X62,0.121666666667,0.0189144069236,0.121666666667,0.0189144069236
0.0478630092323,0.0478630092323,0.0478630092323,0.0478630092323,0.0478630092323,0.0478630092323,0.0478630092323,0.0478630092323,0.0478630092323,0.0478630092323,0.0478630092323,0.0478630092323,0.0478630092323,0.0478630092323,0.0478630092323,0.0478630092323,0.0478630092323,0.0478630092323,5,X46 X54 X55 X63,0.120711111111,0.0176886077877,0.120711111111,0.0176886077877
0.0478630092323,0.0478630092323,0.0478630092323,0.0478630092323,0.0478630092323,0.0478630092323,0.0478630092323,0.0478630092323,0.0478630092323,0.0478630092323,0.0478630092323,0.0478630092323,0.0478630092323,0.0478630092323,0.0478630092323,0.0478630092323,0.0478630092323,0.0478630092323,5,X47 X55 X56 X64,0.119311111111,0.014187019412,0.119311111111,0.014187019412
0.0478630092323,0.0478630092323,0.0478630092323,0.0478630092323,0.0478630092323,0.0478630092323,0.0478630092323,0.0478630092323,0.0478630092323,0.0478630092323,0.0478630092323,0.0478630092323,0.0478630092323,0.0478630092323,0.0478630092323,0.0478630092323,0.0478630092323,0.0478630092323,5,X48 X56 X57 X65,0.122066666667,0.0233719549003,0.122066666667,0.0233719549003
0.0478630092323,0.0478630092323,0.0478630092323,0.0478630092323,0.0478630092323,0.0478630092323,0.0478630092323,0.0478630092323,0.0478630092323,0.0478630092323,0.0478630092323,0.0478630092323,0.0478630092323,0.0478630092323,0.0478630092323,0.0478630092323,0.0478630092323,0.0478630092323,5,X49 X57 X58 X66,0.129222222222,0.0196849385864,0.129222222222,0.0196849385864
0.0478630092323,0.0478630092323,0.0478630092323,0.0478630092323,0.0478630092323,0.0478630092323,0.0478630092323,0.0478630092323,0.0478630092323,0.0478630092323,0.0478630092323,0.0478630092323,0.0478630092323,0.0478630092323,0.0478630092323,0.0478630092323,0.0478630092323,0.0478630092323,5,X5 X6 X14,0.0170444444444,0.0129279563812,0.0170444444444,0.0129279563812
0.0478630092323,0.0478630092323,0.0478630092323,0.0478630092323,0.0478630092323,0.0478630092323,0.0478630092323,0.0478630092323,0.0478630092323,0.0478630092323,0.0478630092323,0.0478630092323,0.0478630092323,0.0478630092323,0.0478630092323,0.0478630092323,0.0478630092323,0.0478630092323,5,X50 X58 X59 X67,0.0140666666667,0.011052435109,0.0140666666667,0.011052435109
0.0478630092323,0.0478630092323,0.0478630092323,0.0478630092323,0.0478630092323,0.0478630092323,0.0478630092323,0.0478630092323,0.0478630092323,0.0478630092323,0.0478630092323,0.0478630092323,0.0478630092323,0.0478630092323,0.0478630092323,0.0478630092323,0.0478630092323,0.0478630092323,5,X6 X7 X15,0.0133333333333,0.0104327806398,0.0133333333333,0.0104327806398
0.0478630092323,0.0478630092323,0.0478630092323,0.0478630092323,0.0478630092323,0.0478630092323,0.0478630092323,0.0478630092323,0.0478630092323,0.0478630092323,0.0478630092323,0.0478630092323,0.0478630092323,0.0478630092323,0.0478630092323,0.0478630092323,0.0478630092323,0.0478630092323,5,X60 X68 X69 X77,0.121177777778,0.0189612901361,0.121177777778,0.0189612901361
0.0478630092323,0.0478630092323,0.0478630092323,0.0478630092323,0.0478630092323,0.0478630092323,0.0478630092323,0.0478630092323,0.0478630092323,0.0478630092323,0.0478630092323,0.0478630092323,0.0478630092323,0.0478630092323,0.0478630092323,0.0478630092323,0.0478630092323,0.0478630092323,5,X61 X69 X70 X78,0.123288888889,0.016488643098,0.123288888889,0.016488643098
0.0478630092323,0.0478630092323,0.0478630092323,0.0478630092323,0.0478630092323,0.0478630092323,0.0478630092323,0.0478630092323,0.0478630092323,0.0478630092323,0.0478630092323,0.0478630092323,0.0478630092323,0.0478630092323,0.0478630092323,0.0478630092323,0.0478630092323,0.0478630092323,5,X62 X70 X71 X79,0.119066666667,0.0139012389536,0.119066666667,0.0139012389536
0.0478630092323,0.0478630092323,0.0478630092323,0.0478630092323,0.0478630092323,0.0478630092323,0.0478630092323,0.0478630092323,0.0478630092323,0.0478630092323,0.0478630092323,0.0478630092323,0.0478630092323,0.0478630092323,0.0478630092323,0.0478630092323,0.0478630092323,0.0478630092323,5,X63 X71 X72 X80,0.121844444444,0.0148594264451,0.121844444444,0.0148594264451
0.0478630092323,0.0478630092323,0.0478630092323,0.0478630092323,0.0478630092323,0.0478630092323,0.0478630092323,0.0478630092323,0.0478630092323,0.0478630092323,0.0478630092323,0.0478630092323,0.0478630092323,0.0478630092323,0.0478630092323,0.0478630092323,0.0478630092323,0.0478630092323,5,X64 X72 X73 X81,0.123133333333,0.0183738528195,0.123133333333,0.0183738528195
0.0478630092323,0.0478630092323,0.0478630092323,0.0478630092323,0.0478630092323,0.0478630092323,0.0478630092323,0.0478630092323,0.0478630092323,0.0478630092323,0.0478630092323,0.0478630092323,0.0478630092323,0.0478630092323,0.0478630092323,0.0478630092323,0.0478630092323,0.0478630092323,5,X65 X73 X74 X82,0.119644444444,0.0193794403308,0.119644444444,0.0193794403308
0.0478630092323,0.0478630092323,0.0478630092323,0.0478630092323,0.0478630092323,0.0478630092323,0.0478630092323,0.0478630092323,0.0478630092323,0.0478630092323,0.0478630092323,0.0478630092323,0.0478630092323,0.0478630092323,0.0478630092323,0.0478630092323,0.0478630092323,0.0478630092323,5,X66 X74 X75 X83,0.123488888889,0.0200035884393,0.123488888889,0.0200035884393
0.0478630092323,0.0478630092323,0.0478630092323,0.0478630092323,0.0478630092323,0.0478630092323,0.0478630092323,0.0478630092323,0.0478630092323,0.0478630092323,0.0478630092323,0.0478630092323,0.0478630092323,0.0478630092323,0.0478630092323,0.0478630092323,0.0478630092323,0.0478630092323,5,X67 X75 X76 X84,0.0127777777778,0.0113543865756,0.0127777777778,0.0113543865756
0.0478630092323,0.0478630092323,0.0478630092323,0.0478630092323,0.0478630092323,0.0478630092323,0.0478630092323,0.0478630092323,0.0478630092323,0.0478630092323,0.0478630092323,0.0478630092323,0.0478630092323,0.0478630092323,0.0478630092323,0.0478630092323,0.0478630092323,0.0478630092323,5,X7 X8 X16,0.0159777777778,0.0118113956706,0.0159777777778,0.0118113956706
0.0478630092323,0.0478630092323,0.0478630092323,0.0478630092323,0.0478630092323,0.0478630092323,0.0478630092323,0.0478630092323,0.0478630092323,0.0478630092323,0.0478630092323,0.0478630092323,0.0478630092323,0.0478630092323,0.0478630092323,0.0478630092323,0.0478630092323,0.0478630092323,5,X77 X85 X86 X94,0.121533333333,0.0209360639554,0.121533333333,0.0209360639554
0.0478630092323,0.0478630092323,0.0478630092323,0.0478630092323,0.0478630092323,0.0478630092323,0.0478630092323,0.0478630092323,0.0478630092323,0.0478630092323,0.0478630092323,0.0478630092323,0.0478630092323,0.0478630092323,0.0478630092323,0.0478630092323,0.0478630092323,0.0478630092323,5,X78 X86 X87 X95,0.1258,0.0189624755485,0.1258,0.0189624755485
0.0478630092323,0.0478630092323,0.0478630092323,0.0478630092323,0.0478630092323,0.0478630092323,0.0478630092323,0.0478630092323,0.0478630092323,0.0478630092323,0.0478630092323,0.0478630092323,0.0478630092323,0.0478630092323,0.0478630092323,0.0478630092323,0.0478630092323,0.0478630092323,5,X79 X87 X88 X96,0.120444444444,0.0150659681797,0.120444444444,0.0150659681797
0.0478630092323,0.0478630092323,0.0478630092323,0.0478630092323,0.0478630092323,0.0478630092323,0.0478630092323,0.0478630092323,0.0478630092323,0.0478630092323,0.0478630092323,0.0478630092323,0.0478630092323,0.0478630092323,0.0478630092323,0.0478630092323,0.0478630092323,0.0478630092323,5,X80 X88 X89 X97,0.121755555556,0.0189263410541,0.121755555556,0.0189263410541
0.0478630092323,0.0478630092323,0.0478630092323,0.0478630092323,0.0478630092323,0.0478630092323,0.0478630092323,0.0478630092323,0.0478630092323,0.0478630092323,0.0478630092323,0.0478630092323,0.0478630092323,0.0478630092323,0.0478630092323,0.0478630092323,0.0478630092323,0.0478630092323,5,X81 X89 X90 X98,0.126244444444,0.0205610824091,0.126244444444,0.0205610824091
0.0478630092323,0.0478630092323,0.0478630092323,0.0478630092323,0.0478630092323,0.0478630092323,0.0478630092323,0.0478630092323,0.0478630092323,0.0478630092323,0.0478630092323,0.0478630092323,0.0478630092323,0.0478630092323,0.0478630092323,0.0478630092323,0.0478630092323,0.0478630092323,5,X82 X90 X91 X99,0.1232,0.0208114321663,0.1232,0.0208114321663
0.0478630092323,0.0478630092323,0.0478630092323,0.0478630092323,0.0478630092323,0.0478630092323,0.0478630092323,0.0478630092323,0.0478630092323,0.0478630092323,0.0478630092323,0.0478630092323,0.0478630092323,0.0478630092323,0.0478630092323,0.0478630092323,0.0478630092323,0.0478630092323,5,X83 X91 X92 X100,0.126977777778,0.0212964719855,0.126977777778,0.0212964719855
0.0478630092323,0.0478630092323,0.0478630092323,0.0478630092323,0.0478630092323,0.0478630092323,0.0478630092323,0.0478630092323,0.0478630092323,0.0478630092323,0.0478630092323,0.0478630092323,0.0478630092323,0.0478630092323,0.0478630092323,0.0478630092323,0.0478630092323,0.0478630092323,5,X84 X92 X93 X101,0.0130444444444,0.0093081488352,0.0130444444444,0.0093081488352
0.0478630092323,0.0478630092323,0.0478630092323,0.0478630092323,0.0478630092323,0.0478630092323,0.0478630092323,0.0478630092323,0.0478630092323,0.0478630092323,0.0478630092323,0.0478630092323,0.0478630092323,0.0478630092323,0.0478630092323,0.0478630092323,0.0478630092323,0.0478630092323,5,X9 X17 X18 X26,0.122711111111,0.0164812056745,0.122711111111,0.0164812056745
0.0478630092323,0.0478630092323,0.0478630092323,0.0478630092323,0.0478630092323,0.0478630092323,0.0478630092323,0.0478630092323,0.0478630092323,0.0478630092323,0.0478630092323,0.0478630092323,0.0478630092323,0.0478630092323,0.0478630092323,0.0478630092323,0.0478630092323,0.0478630092323,5,X94 X102 X103 X111,0.121977777778,0.0215232091308,0.121977777778,0.0215232091308
0.0478630092323,0.0478630092323,0.0478630092323,0.0478630092323,0.0478630092323,0.0478630092323,0.0478630092323,0.0478630092323,0.0478630092323,0.0478630092323,0.0478630092323,0.0478630092323,0.0478630092323,0.0478630092323,0.0478630092323,0.0478630092323,0.0478630092323,0.0478630092323,5,X95 X103 X104 X112,0.124644444444,0.019903586256,0.124644444444,0.019903586256
0.0478630092323,0.0478630092323,0.0478630092323,0.0478630092323,0.0478630092323,0.0478630092323,0.0478630092323,0.0478630092323,0.0478630092323,0.0478630092323,0.0478630092323,0.0478630092323,0.0478630092323,0.0478630092323,0.0478630092323,0.0478630092323,0.0478630092323,0.0478630092323,5,X96 X104 X105 X113,0.129577777778,0.0166224547692,0.129577777778,0.0166224547692
0.0478630092323,0.0478630092323,0.0478630092323,0.0478630092323,0.0478630092323,0.0478630092323,0.0478630092323,0.0478630092323,0.0478630092323,0.0478630092323,0.0478630092323,0.0478630092323,0.0478630092323,0.0478630092323,0.0478630092323,0.0478630092323,0.0478630092323,0.0478630092323,5,X97 X105 X106 X114,0.123644444444,0.0163099606013,0.123644444444,0.0163099606013
0.0478630092323,0.0478630092323,0.0478630092323,0.0478630092323,0.0478630092323,0.0478630092323,0.0478630092323,0.0478630092323,0.0478630092323,0.0478630092323,0.0478630092323,0.0478630092323,0.0478630092323,0.0478630092323,0.0478630092323,0.0478630092323,0.0478630092323,0.0478630092323,5,X98 X106 X107 X115,0.123155555556,0.0169975732623,0.123155555556,0.0169975732623
0.0478630092323,0.0478630092323,0.0478630092323,0.0478630092323,0.0478630092323,0.0478630092323,0.0478630092323,0.0478630092323,0.0478630092323,0.0478630092323,0.0478630092323,0.0478630092323,0.0478630092323,0.0478630092323,0.0478630092323,0.0478630092323,0.0478630092323,0.0478630092323,5,X99 X107 X108 X116,0.120955555556,0.0151312858338,0.120955555556,0.0151312858338
0.0478630092323,0.0478630092323,0.0478630092323,0.0478630092323,0.0478630092323,0.0478630092323,0.0478630092323,0.0478630092323,0.0478630092323,0.0478630092323,0.0478630092323,0.0478630092323,0.0478630092323,0.0478630092323,0.0478630092323,0.0478630092323,0.0478630092323,0.0478630092323,5,Z0 Z9 Z17,0.312644444444,0.0150874674168,0.312644444444,0.0150874674168
0.0478630092323,0.0478630092323,0.0478630092323,0.0478630092323,0.0478630092323,0.0478630092323,0.0478630092323,0.0478630092323,0.0478630092323,0.0478630092323,0.0478630092323,0.0478630092323,0.0478630092323,0.0478630092323,0.0478630092323,0.0478630092323,0.0478630092323,0.0478630092323,5,Z1 Z9 Z10 Z18,0.108822222222,0.0163858487991,0.108822222222,0.0163858487991
0.0478630092323,0.0478630092323,0.0478630092323,0.0478630092323,0.0478630092323,0.0478630092323,0.0478630092323,0.0478630092323,0.0478630092323,0.0478630092323,0.0478630092323,0.0478630092323,0.0478630092323,0.0478630092323,0.0478630092323,0.0478630092323,0.0478630092323,0.0478630092323,5,Z102 Z111 Z119,0.219577777778,0.0184116266226,0.219577777778,0.0184116266226
0.0478630092323,0.0478630092323,0.0478630092323,0.0478630092323,0.0478630092323,0.0478630092323,0.0478630092323,0.0478630092323,0.0478630092323,0.0478630092323,0.0478630092323,0.0478630092323,0.0478630092323,0.0478630092323,0.0478630092323,0.0478630092323,0.0478630092323,0.0478630092323,5,Z103 Z111 Z112 Z120,0.205622222222,0.0134736107433,0.205622222222,0.0134736107433
0.0478630092323,0.0478630092323,0.0478630092323,0.0478630092323,0.0478630092323,0.0478630092323,0.0478630092323,0.0478630092323,0.0478630092323,0.0478630092323,0.0478630092323,0.0478630092323,0.0478630092323,0.0478630092323,0.0478630092323,0.0478630092323,0.0478630092323,0.0478630092323,5,Z104 Z112 Z113 Z121,0.207422222222,0.0159834524904,0.207422222222,0.0159834524904
0.0478630092323,0.0478630092323,0.0478630092323,0.0478630092323,0.0478630092323,0.0478630092323,0.0478630092323,0.0478630092323,0.0478630092323,0.0478630092323,0.0478630092323,0.0478630092323,0.0478630092323,0.0478630092323,0.0478630092323,0.0478630092323,0.0478630092323,0.0478630092323,5,Z105 Z113 Z114 Z122,0.205266666667,0.0172432228899,0.205266666667,0.0172432228899
0.0478630092323,0.0478630092323,0.0478630092323,0.0478630092323,0.0478630092323,0.0478630092323,0.0478630092323,0.0478630092323,0.0478630092323,0.0478630092323,0.0478630092323,0.0478630092323,0.0478630092323,0.0478630092323,0.0478630092323,0.0478630092323,0.0478630092323,0.0478630092323,5,Z106 Z114 Z115 Z123,0.206377777778,0.0162355112734,0.206377777778,0.0162355112734
0.0478630092323,0.0478630092323,0.0478630092323,0.0478630092323,0.0478630092323,0.0478630092323,0.0478630092323,0.0478630092323,0.0478630092323,0.0478630092323,0.0478630092323,0.0478630092323,0.0478630092323,0.0478630092323,0.0478630092323,0.0478630092323,0.0478630092323,0.0478630092323,5,Z107 Z115 Z116 Z124,0.205955555556,0.015921198027,0.205955555556,0.015921198027
0.0478630092323,0.0478630092323,0.0478630092323,0.0478630092323,0.0478630092323,0.0478630092323,0.0478630092323,0.0478630092323,0.0478630092323,0.0478630092323,0.0478630092323,0.0478630092323,0.0478630092323,0.0478630092323,0.0478630092323,0.0478630092323,0.0478630092323,0.0478630092323,5,Z108 Z116 Z117 Z125,0.206088888889,0.0150154284214,0.206088888889,0.0150154284214
0.0478630092323,0.0478630092323,0.0478630092323,0.0478630092323,0.0478630092323,0.0478630092323,0.0478630092323,0.0478630092323,0.0478630092323,0.0478630092323,0.0478630092323,0.0478630092323,0.0478630092323,0.0478630092323,0.0478630092323,0.0478630092323,0.0478630092323,0.0478630092323,5,Z109 Z117 Z118 Z126,0.0169777777778,0.0106691567975,0.0169777777778,0.0106691567975
0.0478630092323,0.0478630092323,0.0478630092323,0.0478630092323,0.0478630092323,0.0478630092323,0.0478630092323,0.0478630092323,0.0478630092323,0.0478630092323,0.0478630092323,0.0478630092323,0.0478630092323,0.0478630092323,0.0478630092323,0.0478630092323,0.0478630092323,0.0478630092323,5,Z110 Z118 Z127,0.0129333333333,0.0115305358377,0.0129333333333,0.0115305358377
0.0478630092323,0.0478630092323,0.0478630092323,0.0478630092323,0.0478630092323,0.0478630092323,0.0478630092323,0.0478630092323,0.0478630092323,0.0478630092323,0.0478630092323,0.0478630092323,0.0478630092323,0.0478630092323,0.0478630092323,0.0478630092323,0.0478630092323,0.0478630092323,5,Z119 Z128 Z136,0.226844444444,0.0143400768241,0.226844444444,0.0143400768241
0.0478630092323,0.0478630092323,0.0478630092323,0.0478630092323,0.0478630092323,0.0478630092323,0.0478630092323,0.0478630092323,0.0478630092323,0.0478630092323,0.0478630092323,0.0478630092323,0.0478630092323,0.0478630092323,0.0478630092323,0.0478630092323,0.0478630092323,0.0478630092323,5,Z120 Z128 Z129 Z137,0.216733333333,0.0203105015964,0.216733333333,0.0203105015964
0.0478630092323,0.0478630092323,0.0478630092323,0.0478630092323,0.0478630092323,0.0478630092323,0.0478630092323,0.0478630092323,0.0478630092323,0.0478630092323,0.0478630092323,0.0478630092323,0.0478630092323,0.0478630092323,0.0478630092323,0.0478630092323,0.0478630092323,0.0478630092323,5,Z121 Z129 Z130 Z138,0.217933333333,0.0151774686808,0.217933333333,0.0151774686808
0.0478630092323,0.0478630092323,0.0478630092323,0.0478630092323,0.0478630092323,0.0478630092323,0.0478630092323,0.0478630092323,0.0478630092323,0.0478630092323,0.0478630092323,0.0478630092323,0.0478630092323,0.0478630092323,0.0478630092323,0.0478630092323,0.0478630092323,0.0478630092323,5,Z122 Z130 Z131 Z139,0.219066666667,0.0173462374601,0.219066666667,0.0173462374601
0.0478630092323,0.0478630092323,0.0478630092323,0.0478630092323,0.0478630092323,0.0478630092323,0.0478630092323,0.0478630092323,0.0478630092323,0.0478630092323,0.0478630092323,0.0478630092323,0.0478630092323,0.0478630092323,0.0478630092323,0.0478630092323,0.0478630092323,0.0478630092323,5,Z123 Z131 Z132 Z140,0.216466666667,0.0159761795864,0.216466666667,0.0159761795864
0.0478630092323,0.0478630092323,0.0478630092323,0.0478630092323,0.0478630092323,0.0478630092323,0.0478630092323,0.0478630092323,0.0478630092323,0.0478630092323,0.0478630092323,0.0478630092323,0.0478630092323,0.0478630092323,0.0478630092323,0.0478630092323,0.0478630092323,0.0478630092323,5,Z124 Z132 Z133 Z141,0.216155555556,0.0183551037581,0.216155555556,0.0183551037581
0.0478630092323,0.0478630092323,0.0478630092323,0.0478630092323,0.0478630092323,0.0478630092323,0.0478630092323,0.0478630092323,0.0478630092323,0.0478630092323,0.0478630092323,0.0478630092323,0.0478630092323,0.0478630092323,0.0478630092323,0.0478630092323,0.0478630092323,0.0478630092323,5,Z125 Z133 Z134 Z142,0.212022222222,0.0143961290384,0.212022222222,0.0143961290384
0.0478630092323,0.0478630092323,0.0478630092323,0.0478630092323,0.0478630092323,0.0478630092323,0.0478630092323,0.0478630092323,0.0478630092323,0.0478630092323,0.0478630092323,0.0478630092323,0.0478630092323,0.0478630092323,0.0478630092323,0.0478630092323,0.0478630092323,0.0478630092323,5,Z126 Z134 Z135 Z143,0.0111111111111,0.00857570895982,0.0111111111111,0.00857570895982
0.0478630092323,0.0478630092323,0.0478630092323,0.0478630092323,0.0478630092323,0.0478630092323,0.0478630092323,0.0478630092323,0.0478630092323,0.0478630092323,0.0478630092323,0.0478630092323,0.0478630092323,0.0478630092323,0.0478630092323,0.0478630092323,0.0478630092323,0.0478630092323,5,Z127 Z135 Z144,0.0140222222222,0.0119827249005,0.0140222222222,0.0119827249005
0.0478630092323,0.0478630092323,0.0478630092323,0.0478630092323,0.0478630092323,0.0478630092323,0.0478630092323,0.0478630092323,0.0478630092323,0.0478630092323,0.0478630092323,0.0478630092323,0.0478630092323,0.0478630092323,0.0478630092323,0.0478630092323,0.0478630092323,0.0478630092323,5,Z17 Z26 Z34,0.308488888889,0.0171304960604,0.308488888889,0.0171304960604
0.0478630092323,0.0478630092323,0.0478630092323,0.0478630092323,0.0478630092323,0.0478630092323,0.0478630092323,0.0478630092323,0.0478630092323,0.0478630092323,0.0478630092323,0.0478630092323,0.0478630092323,0.0478630092323,0.0478630092323,0.0478630092323,0.0478630092323,0.0478630092323,5,Z18 Z26 Z27 Z35,0.207333333333,0.0154691634925,0.207333333333,0.0154691634925
0.0478630092323,0.0478630092323,0.0478630092323,0.0478630092323,0.0478630092323,0.0478630092323,0.0478630092323,0.0478630092323,0.0478630092323,0.0478630092323,0.0478630092323,0.0478630092323,0.0478630092323,0.0478630092323,0.0478630092323,0.0478630092323,0.0478630092323,0.0478630092323,5,Z19 Z27 Z28 Z36,0.205822222222,0.017775900284,0.205822222222,0.017775900284
0.0478630092323,0.0478630092323,0.0478630092323,0.0478630092323,0.0478630092323,0.0478630092323,0.0478630092323,0.0478630092323,0.0478630092323,0.0478630092323,0.0478630092323,0.0478630092323,0.0478630092323,0.0478630092323,0.0478630092323,0.0478630092323,0.0478630092323,0.0478630092323,5,Z2 Z10 Z11 Z19,0.0620444444444,0.0174618869773,0.0620444444444,0.0174618869773
0.0478630092323,0.0478630092323,0.0478630092323,0.0478630092323,0.0478630092323,0.0478630092323,0.0478630092323,0.0478630092323,0.0478630092323,0.0478630092323,0.0478630092323,0.0478630092323,0.0478630092323,0.0478630092323,0.0478630092323,0.0478630092323,0.0478630092323,0.0478630092323,5,Z20 Z28 Z29 Z37,0.2038,0.015975220275,0.2038,0.015975220275
0.0478630092323,0.0478630092323,0.0478630092323,0.0478630092323,0.0478630092323,0.0478630092323,0.0478630092323,0.0478630092323,0.0478630092323,0.0478630092323,0.0478630092323,0.0478630092323,0.0478630092323,0.0478630092323,0.0478630092323,0.0478630092323,0.0478630092323,0.0478630092323,5,Z21 Z29 Z30 Z38,0.206222222222,0.0156917952872,0.206222222222,0.0156917952872
0.0478630092323,0.0478630092323,0.0478630092323,0.0478630092323,0.0478630092323,0.0478630092323,0.0478630092323,0.0478630092323,0.0478630092323,0.0478630092323,0.0478630092323,0.0478630092323,0.0478630092323,0.0478630092323,0.0478630092323,0.0478630092323,0.0478630092323,0.0478630092323,5,Z22 Z30 Z31 Z39,0.203933333333,0.0165909544667,0.203933333333,0.0165909544667
0.0478630092323,0.0478630092323,0.0478630092323,0.0478630092323,0.0478630092323,0.0478630092323,0.0478630092323,0.0478630092323,0.0478630092323,0.0478630092323,0.0478630092323,0.0478630092323,0.0478630092323,0.0478630092323,0.0478630092323,0.0478630092323,0.0478630092323,0.0478630092323,5,Z23 Z31 Z32 Z40,0.207955555556,0.0183636600442,0.207955555556,0.0183636600442
0.0478630092323,0.0478630092323,0.0478630092323,0.0478630092323,0.0478630092323,0.0478630092323,0.0478630092323,0.0478630092323,0.0478630092323,0.0478630092323,0.0478630092323,0.0478630092323,0.0478630092323,0.0478630092323,0.0478630092323,0.0478630092323,0.0478630092323,0.0478630092323,5,Z24 Z32 Z33 Z41,0.0147111111111,0.0107524329719,0.0147111111111,0.0107524329719
0.0478630092323,0.0478630092323,0.0478630092323,0.0478630092323,0.0478630092323,0.0478630092323,0.0478630092323,0.0478630092323,0.0478630092323,0.0478630092323,0.0478630092323,0.0478630092323,0.0478630092323,0.0478630092323,0.0478630092323,0.0478630092323,0.0478630092323,0.0478630092323,5,Z25 Z33 Z42,0.0167555555556,0.0141461808158,0.0167555555556,0.0141461808158
0.0478630092323,0.0478630092323,0.0478630092323,0.0478630092323,0.0478630092323,0.0478630092323,0.0478630092323,0.0478630092323,0.0478630092323,0.0478630092323,0.0478630092323,0.0478630092323,0.0478630092323,0.0478630092323,0.0478630092323,0.0478630092323,0.0478630092323,0.0478630092323,5,Z3 Z11 Z12 Z20,0.0376,0.0182897915542,0.0376,0.0182897915542
0.0478630092323,0.0478630092323,0.0478630092323,0.0478630092323,0.0478630092323,0.0478630092323,0.0478630092323,0.0478630092323,0.0478630092323,0.0478630092323,0.0478630092323,0.0478630092323,0.0478630092323,0.0478630092323,0.0478630092323,0.0478630092323,0.0478630092323,0.0478630092323,5,Z34 Z43 Z51,0.288044444444,0.0156160182359,0.288044444444,0.0156160182359
0.0478630092323,0.0478630092323,0.0478630092323,0.0478630092323,0.0478630092323,0.0478630092323,0.0478630092323,0.0478630092323,0.0478630092323,0.0478630092323,0.0478630092323,0.0478630092323,0.0478630092323,0.0478630092323,0.0478630092323,0.0478630092323,0.0478630092323,0.0478630092323,5,Z35 Z43 Z44 Z52,0.203377777778,0.0176825418444,0.203377777778,0.0176825418444
0.0478630092323,0.0478630092323,0.0478630092323,0.0478630092323,0.0478630092323,0.0478630092323,0.0478630092323,0.0478630092323,0.0478630092323,0.0478630092323,0.0478630092323,0.0478630092323,0.0478630092323,0.0478630092323,0.0478630092323,0.0478630092323,0.0478630092323,0.0478630092323,5,Z36 Z44 Z45 Z53,0.202444444444,0.0226465991853,0.202444444444,0.0226465991853
0.0478630092323,0.0478630092323,0.0478630092323,0.0478630092323,0.0478630092323,0.0478630092323,0.0478630092323,0.0478630092323,0.0478630092323,0.0478630092323,0.0478630092323,0.0478630092323,0.0478630092323,0.0478630092323,0.0478630092323,0.0478630092323,0.0478630092323,0.0478630092323,5,Z37 Z45 Z46 Z54,0.205111111111,0.017494680819,0.205111111111,0.017494680819
0.0478630092323,0.0478630092323,0.0478630092323,0.0478630092323,0.0478630092323,0.0478630092323,0.0478630092323,0.0478630092323,0.0478630092323,0.0478630092323,0.0478630092323,0.0478630092323,0.0478630092323,0.0478630092323,0.0478630092323,0.0478630092323,0.0478630092323,0.0478630092323,5,Z38 Z46 Z47 Z55,0.204333333333,0.0166291531845,0.204333333333,0.0166291531845
0.0478630092323,0.0478630092323,0.0478630092323,0.0478630092323,0.0478630092323,0.0478630092323,0.0478630092323,0.0478630092323,0.0478630092323,0.0478630092323,0.0478630092323,0.0478630092323,0.0478630092323,0.0478630092323,0.0478630092323,0.0478630092323,0.0478630092323,0.0478630092323,5,Z39 Z47 Z48 Z56,0.207733333333,0.0132035058621,0.207733333333,0.0132035058621
0.0478630092323,0.0478630092323,0.0478630092323,0.0478630092323,0.0478630092323,0.0478630092323,0.0478630092323,0.0478630092323,0.0478630092323,0.0478630092323,0.0478630092323,0.0478630092323,0.0478630092323,0.0478630092323,0.0478630092323,0.0478630092323,0.0478630092323,0.0478630092323,5,Z4 Z12 Z13 Z21,0.0216888888889,0.0145087985812,0.0216888888889,0.0145087985812
0.0478630092323,0.0478630092323,0.0478630092323,0.0478630092323,0.0478630092323,0.0478630092323,0.0478630092323,0.0478630092323,0.0478630092323,0.0478630092323,0.0478630092323,0.0478630092323,0.0478630092323,0.0478630092323,0.0478630092323,0.0478630092323,0.0478630092323,0.0478630092323,5,Z40 Z48 Z49 Z57,0.205133333333,0.0166654252411,0.205133333333,0.0166654252411
0.0478630092323,0.0478630092323,0.0478630092323,0.0478630092323,0.0478630092323,0.0478630092323,0.0478630092323,0.0478630092323,0.0478630092323,0.0478630092323,0.0478630092323,0.0478630092323,0.0478630092323,0.0478630092323,0.0478630092323,0.0478630092323,0.0478630092323,0.0478630092323,5,Z41 Z49 Z50 Z58,0.0192888888889,0.0117443173944,0.0192888888889,0.0117443173944
0.0478630092323,0.0478630092323,0.0478630092323,0.0478630092323,0.0478630092323,0.0478630092323,0.0478630092323,0.0478630092323,0.0478630092323,0.0478630092323,0.0478630092323,0.0478630092323,0.0478630092323,0.0478630092323,0.0478630092323,0.0478630092323,0.0478630092323,0.0478630092323,5,Z42 Z50 Z59,0.0125777777778,0.00942115225617,0.0125777777778,0.00942115225617
0.0478630092323,0.0478630092323,0.0478630092323,0.0478630092323,0.0478630092323,0.0478630092323,0.0478630092323,0.0478630092323,0.0478630092323,0.0478630092323,0.0478630092323,0.0478630092323,0.0478630092323,0.0478630092323,0.0478630092323,0.0478630092323,0.0478630092323,0.0478630092323,5,Z5 Z13 Z14 Z22,0.0160444444444,0.0105014990112,0.0160444444444,0.0105014990112
0.0478630092323,0.0478630092323,0.0478630092323,0.0478630092323,0.0478630092323,0.0478630092323,0.0478630092323,0.0478630092323,0.0478630092323,0.0478630092323,0.0478630092323,0.0478630092323,0.0478630092323,0.0478630092323,0.0478630092323,0.0478630092323,0.0478630092323,0.0478630092323,5,Z51 Z60 Z68,0.275622222222,0.0150683584986,0.275622222222,0.0150683584986
0.0478630092323,0.0478630092323,0.0478630092323,0.0478630092323,0.0478630092323,0.0478630092323,0.0478630092323,0.0478630092323,0.0478630092323,0.0478630092323,0.0478630092323,0.0478630092323,0.0478630092323,0.0478630092323,0.0478630092323,0.0478630092323,0.0478630092323,0.0478630092323,5,Z52 Z60 Z61 Z69,0.2072,0.0177814747114,0.2072,0.0177814747114
0.0478630092323,0.0478630092323,0.0478630092323,0.0478630092323,0.0478630092323,0.0478630092323,0.0478630092323,0.0478630092323,0.0478630092323,0.0478630092323,0.0478630092323,0.0478630092323,0.0478630092323,0.0478630092323,0.0478630092323,0.0478630092323,0.0478630092323,0.0478630092323,5,Z53 Z61 Z62 Z70,0.202488888889,0.0180649601207,0.202488888889,0.0180649601207
0.0478630092323,0.0478630092323,0.0478630092323,0.0478630092323,0.0478630092323,0.0478630092323,0.0478630092323,0.0478630092323,0.0478630092323,0.0478630092323,0.0478630092323,0.0478630092323,0.0478630092323,0.0478630092323,0.0478630092323,0.0478630092323,0.0478630092323,0.0478630092323,5,Z54 Z62 Z63 Z71,0.2052,0.0183389959907,0.2052,0.0183389959907
0.0478630092323,0.0478630092323,0.0478630092323,0.0478630092323,0.0478630092323,0.0478630092323,0.0478630092323,0.0478630092323,0.0478630092323,0.0478630092323,0.0478630092323,0.0478630092323,0.0478630092323,0.0478630092323,0.0478630092323,0.0478630092323,0.0478630092323,0.0478630092323,5,Z55 Z63 Z64 Z72,0.205466666667,0.0165354837311,0.205466666667,0.0165354837311
0.0478630092323,0.0478630092323,0.0478630092323,0.0478630092323,0.0478630092323,0.0478630092323,0.0478630092323,0.0478630092323,0.0478630092323,0.0478630092323,0.0478630092323,0.0478630092323,0.0478630092323,0.0478630092323,0.0478630092323,0.0478630092323,0.0478630092323,0.0478630092323,5,Z56 Z64 Z65 Z73,0.198644444444,0.0193744970684,0.198644444444,0.0193744970684
0.0478630092323,0.0478630092323,0.0478630092323,0.0478630092323,0.0478630092323,0.0478630092323,0.0478630092323,0.0478630092323,0.0478630092323,0.0478630092323,0.0478630092323,0.0478630092323,0.0478630092323,0.0478630092323,0.0478630092323,0.0478630092323,0.0478630092323,0.0478630092323,5,Z57 Z65 Z66 Z74,0.202911111111,0.0173876102746,0.202911111111,0.0173876102746
0.0478630092323,0.0478630092323,0.0478630092323,0.0478630092323,0.0478630092323,0.0478630092323,0.0478630092323,0.0478630092323,0.0478630092323,0.0478630092323,0.0478630092323,0.0478630092323,0.0478630092323,0.0478630092323,0.0478630092323,0.0478630092323,0.0478630092323,0.0478630092323,5,Z58 Z66 Z67 Z75,0.0152888888889,0.011169105355,0.0152888888889,0.011169105355
0.0478630092323,0.0478630092323,0.0478630092323,0.0478630092323,0.0478630092323,0.0478630092323,0.0478630092323,0.0478630092323,0.0478630092323,0.0478630092323,0.0478630092323,0.0478630092323,0.0478630092323,0.0478630092323,0.0478630092323,0.0478630092323,0.0478630092323,0.0478630092323,5,Z59 Z67 Z76,0.0158444444444,0.00953265544304,0.0158444444444,0.00953265544304
0.0478630092323,0.0478630092323,0.0478630092323,0.0478630092323,0.0478630092323,0.0478630092323,0.0478630092323,0.0478630092323,0.0478630092323,0.0478630092323,0.0478630092323,0.0478630092323,0.0478630092323,0.0478630092323,0.0478630092323,0.0478630092323,0.0478630092323,0.0478630092323,5,Z6 Z14 Z15 Z23,0.0139777777778,0.0128420804146,0.0139777777778,0.0128420804146
0.0478630092323,0.0478630092323,0.0478630092323,0.0478630092323,0.0478630092323,0.0478630092323,0.0478630092323,0.0478630092323,0.0478630092323,0.0478630092323,0.0478630092323,0.0478630092323,0.0478630092323,0.0478630092323,0.0478630092323,0.0478630092323,0.0478630092323,0.0478630092323,5,Z68 Z77 Z85,0.252888888889,0.0174183004422,0.252888888889,0.0174183004422
0.0478630092323,0.0478630092323,0.0478630092323,0.0478630092323,0.0478630092323,0.0478630092323,0.0478630092323,0.0478630092323,0.0478630092323,0.0478630092323,0.0478630092323,0.0478630092323,0.0478630092323,0.0478630092323,0.0478630092323,0.0478630092323,0.0478630092323,0.0478630092323,5,Z69 Z77 Z78 Z86,0.201222222222,0.0205399029148,0.201222222222,0.0205399029148
0.0478630092323,0.0478630092323,0.0478630092323,0.0478630092323,0.0478630092323,0.0478630092323,0.0478630092323,0.0478630092323,0.0478630092323,0.0478630092323,0.0478630092323,0.0478630092323,0.0478630092323,0.0478630092323,0.0478630092323,0.0478630092323,0.0478630092323,0.0478630092323,5,Z7 Z15 Z16 Z24,0.0150222222222,0.0124657179962,0.0150222222222,0.0124657179962
0.0478630092323,0.0478630092323,0.0478630092323,0.0478630092323,0.0478630092323,0.0478630092323,0.0478630092323,0.0478630092323,0.0478630092323,0.0478630092323,0.0478630092323,0.0478630092323,0.0478630092323,0.0478630092323,0.0478630092323,0.0478630092323,0.0478630092323,0.0478630092323,5,Z70 Z78 Z79 Z87,0.207111111111,0.0128000638568,0.207111111111,0.0128000638568
0.0478630092323,0.0478630092323,0.0478630092323,0.0478630092323,0.0478630092323,0.0478630092323,0.0478630092323,0.0478630092323,0.0478630092323,0.0478630092323,0.0478630092323,0.0478630092323,0.0478630092323,0.0478630092323,0.0478630092323,0.0478630092323,0.0478630092323,0.0478630092323,5,Z71 Z79 Z80 Z88,0.2076,0.014406894901,0.2076,0.014406894901
0.0478630092323,0.0478630092323,0.0478630092323,0.0478630092323,0.0478630092323,0.0478630092323,0.0478630092323,0.0478630092323,0.0478630092323,0.0478630092323,0.0478630092323,0.0478630092323,0.0478630092323,0.0478630092323,0.0478630092323,0.0478630092323,0.0478630092323,0.0478630092323,5,Z72 Z80 Z81 Z89,0.202422222222,0.0185740587306,0.202422222222,0.0185740587306
0.0478630092323,0.0478630092323,0.0478630092323,0.0478630092323,0.0478630092323,0.0478630092323,0.0478630092323,0.0478630092323,0.0478630092323,0.0478630092323,0.0478630092323,0.0478630092323,0.0478630092323,0.0478630092323,0.0478630092323,0.0478630092323,0.0478630092323,0.0478630092323,5,Z73 Z81 Z82 Z90,0.2044,0.0168714772114,0.2044,0.0168714772114
0.0478630092323,0.0478630092323,0.0478630092323,0.0478630092323,0.0478630092323,0.0478630092323,0.0478630092323,0.0478630092323,0.0478630092323,0.0478630092323,0.0478630092323,0.0478630092323,0.0478630092323,0.0478630092323,0.0478630092323,0.0478630092323,0.0478630092323,0.0478630092323,5,Z74 Z82 Z83 Z91,0.208044444444,0.015233491368,0.208044444444,0.015233491368
0.0478630092323,0.0478630092323,0.0478630092323,0.0478630092323,0.0478630092323,0.0478630092323,0.0478630092323,0.0478630092323,0.0478630092323,0.0478630092323,0.0478630092323,0.0478630092323,0.0478630092323,0.0478630092323,0.0478630092323,0.0478630092323,0.0478630092323,0.0478630092323,5,Z75 Z83 Z84 Z92,0.0130444444444,0.0106186899977,0.0130444444444,0.0106186899977
0.0478630092323,0.0478630092323,0.0478630092323,0.0478630092323,0.0478630092323,0.0478630092323,0.0478630092323,0.0478630092323,0.0478630092323,0.0478630092323,0.0478630092323,0.0478630092323,0.0478630092323,0.0478630092323,0.0478630092323,0.0478630092323,0.0478630092323,0.0478630092323,5,Z76 Z84 Z93,0.0149333333333,0.0109188578129,0.0149333333333,0.0109188578129
0.0478630092323,0.0478630092323,0.0478630092323,0.0478630092323,0.0478630092323,0.0478630092323,0.0478630092323,0.0478630092323,0.0478630092323,0.0478630092323,0.0478630092323,0.0478630092323,0.0478630092323,0.0478630092323,0.0478630092323,0.0478630092323,0.0478630092323,0.0478630092323,5,Z8 Z16 Z25,0.0166,0.0142955663893,0.0166,0.0142955663893
0.0478630092323,0.0478630092323,0.0478630092323,0.0478630092323,0.0478630092323,0.0478630092323,0.0478630092323,0.0478630092323,0.0478630092323,0.0478630092323,0.0478630092323,0.0478630092323,0.0478630092323,0.0478630092323,0.0478630092323,0.0478630092323,0.0478630092323,0.0478630092323,5,Z85 Z94 Z102,0.230977777778,0.0206883337168,0.230977777778,0.0206883337168
0.0478630092323,0.0478630092323,0.0478630092323,0.0478630092323,0.0478630092323,0.0478630092323,0.0478630092323,0.0478630092323,0.0478630092323,0.0478630092323,0.0478630092323,0.0478630092323,0.0478630092323,0.0478630092323,0.0478630092323,0.0478630092323,0.0478630092323,0.0478630092323,5,Z86 Z94 Z95 Z103,0.210688888889,0.0188955453676,0.210688888889,0.0188955453676
0.0478630092323,0.0478630092323,0.0478630092323,0.0478630092323,0.0478630092323,0.0478630092323,0.0478630092323,0.0478630092323,0.0478630092323,0.0478630092323,0.0478630092323,0.0478630092323,0.0478630092323,0.0478630092323,0.0478630092323,0.0478630092323,0.0478630092323,0.0478630092323,5,Z87 Z95 Z96 Z104,0.199644444444,0.0198088438265,0.199644444444,0.0198088438265
0.0478630092323,0.0478630092323,0.0478630092323,0.0478630092323,0.0478630092323,0.0478630092323,0.0478630092323,0.0478630092323,0.0478630092323,0.0478630092323,0.0478630092323,0.0478630092323,0.0478630092323,0.0478630092323,0.0478630092323,0.0478630092323,0.0478630092323,0.0478630092323,5,Z88 Z96 Z97 Z105,0.204222222222,0.0153121626295,0.204222222222,0.0153121626295
0.0478630092323,0.0478630092323,0.0478630092323,0.0478630092323,0.0478630092323,0.0478630092323,0.0478630092323,0.0478630092323,0.0478630092323,0.0478630092323,0.0478630092323,0.0478630092323,0.0478630092323,0.0478630092323,0.0478630092323,0.0478630092323,0.0478630092323,0.0478630092323,5,Z89 Z97 Z98 Z106,0.207111111111,0.0156898418301,0.207111111111,0.0156898418301
0.0478630092323,0.0478630092323,0.0478630092323,0.0478630092323,0.0478630092323,0.0478630092323,0.0478630092323,0.0478630092323,0.0478630092323,0.0478630092323,0.0478630092323,0.0478630092323,0.0478630092323,0.0478630092323,0.0478630092323,0.0478630092323,0.0478630092323,0.0478630092323,5,Z90 Z98 Z99 Z107,0.201488888889,0.0190443590533,0.201488888889,0.0190443590533
0.0478630092323,0.0478630092323,0.0478630092323,0.0478630092323,0.0478630092323,0.0478630092323,0.0478630092323,0.0478630092323,0.0478630092323,0.0478630092323,0.0478630092323,0.0478630092323,0.0478630092323,0.0478630092323,0.0478630092323,0.0478630092323,0.0478630092323,0.0478630092323,5,Z91 Z99 Z100 Z108,0.208266666667,0.0179625835038,0.208266666667,0.0179625835038
0.0478630092323,0.0478630092323,0.0478630092323,0.0478630092323,0.0478630092323,0.0478630092323,0.0478630092323,0.0478630092323,0.0478630092323,0.0478630092323,0.0478630092323,0.0478630092323,0.0478630092323,0.0478630092323,0.0478630092323,0.0478630092323,0.0478630092323,0.0478630092323,5,Z92 Z100 Z101 Z109,0.0173555555556,0.00940120369457,0.0173555555556,0.00940120369457
0.0478630092323,0.0478630092323,0.0478630092323,0.0478630092323,0.0478630092323,0.0478630092323,0.0478630092323,0.0478630092323,0.0478630092323,0.0478630092323,0.0478630092323,0.0478630092323,0.0478630092323,0.0478630092323,0.0478630092323,0.0478630092323,0.0478630092323,0.0478630092323,5,Z93 Z101 Z110,0.0153333333333,0.0105118068994,0.0153333333333,0.0105118068994
0.0478630092323,0.0478630092323,0.0478630092323,0.0478630092323,0.0478630092323,0.0478630092323,0.0478630092323,0.0478630092323,0.0478630092323,0.0478630092323,0.0478630092323,0.0478630092323,0.0478630092323,0.0478630092323,0.0478630092323,0.0478630092323,0.0478630092323,0.0478630092323,10,Logical X,0.0487777777778,0.0208670914233,0.0471777777778,0.019185469704
0.0478630092323,0.0478630092323,0.0478630092323,0.0478630092323,0.0478630092323,0.0478630092323,0.0478630092323,0.0478630092323,0.0478630092323,0.0478630092323,0.0478630092323,0.0478630092323,0.0478630092323,0.0478630092323,0.0478630092323,0.0478630092323,0.0478630092323,0.0478630092323,10,Logical Y,0.0135777777778,0.0101656522325,-0.0026,0.0173309901157
0.0478630092323,0.0478630092323,0.0478630092323,0.0478630092323,0.0478630092323,0.0478630092323,0.0478630092323,0.0478630092323,0.0478630092323,0.0478630092323,0.0478630092323,0.0478630092323,0.0478630092323,0.0478630092323,0.0478630092323,0.0478630092323,0.0478630092323,0.0478630092323,10,Logical Z,0.0175555555556,0.0115354968847,-0.00551111111111,0.0176686690111
0.0478630092323,0.0478630092323,0.0478630092323,0.0478630092323,0.0478630092323,0.0478630092323,0.0478630092323,0.0478630092323,0.0478630092323,0.0478630092323,0.0478630092323,0.0478630092323,0.0478630092323,0.0478630092323,0.0478630092323,0.0478630092323,0.0478630092323,0.0478630092323,10,X0 X1 X9,0.1538,0.0151903881688,0.1538,0.0151903881688
0.0478630092323,0.0478630092323,0.0478630092323,0.0478630092323,0.0478630092323,0.0478630092323,0.0478630092323,0.0478630092323,0.0478630092323,0.0478630092323,0.0478630092323,0.0478630092323,0.0478630092323,0.0478630092323,0.0478630092323,0.0478630092323,0.0478630092323,0.0478630092323,10,X1 X2 X10,0.0435555555556,0.0170240608032,0.0435555555556,0.0170240608032
0.0478630092323,0.0478630092323,0.0478630092323,0.0478630092323,0.0478630092323,0.0478630092323,0.0478630092323,0.0478630092323,0.0478630092323,0.0478630092323,0.0478630092323,0.0478630092323,0.0478630092323,0.0478630092323,0.0478630092323,0.0478630092323,0.0478630092323,0.0478630092323,10,X10 X18 X19 X27,0.120133333333,0.0141479863317,0.120133333333,0.0141479863317
0.0478630092323,0.0478630092323,0.0478630092323,0.0478630092323,0.0478630092323,0.0478630092323,0.0478630092323,0.0478630092323,0.0478630092323,0.0478630092323,0.0478630092323,0.0478630092323,0.0478630092323,0.0478630092323,0.0478630092323,0.0478630092323,0.0478630092323,0.0478630092323,10,X100 X108 X109 X117,0.119111111111,0.0142644249322,0.119111111111,0.0142644249322
0.0478630092323,0.0478630092323,0.0478630092323,0.0478630092323,0.0478630092323,0.0478630092323,0.0478630092323,0.0478630092323,0.0478630092323,0.0478630092323,0.0478630092323,0.0478630092323,0.0478630092323,0.0478630092323,0.0478630092323,0.0478630092323,0.0478630092323,0.0478630092323,10,X101 X109 X110 X118,0.0150888888889,0.0131719931997,0.0150888888889,0.0131719931997
0.0478630092323,0.0478630092323,0.0478630092323,0.0478630092323,0.0478630092323,0.0478630092323,0.0478630092323,0.0478630092323,0.0478630092323,0.0478630092323,0.0478630092323,0.0478630092323,0.0478630092323,0.0478630092323,0.0478630092323,0.0478630092323,0.0478630092323,0.0478630092323,10,X11 X19 X20 X28,0.121866666667,0.0155091370918,0.121866666667,0.0155091370918
0.0478630092323,0.0478630092323,0.0478630092323,0.0478630092323,0.0478630092323,0.0478630092323,0.0478630092323,0.0478630092323,0.0478630092323,0.0478630092323,0.0478630092323,0.0478630092323,0.0478630092323,0.0478630092323,0.0478630092323,0.0478630092323,0.0478630092323,0.0478630092323,10,X111 X119 X120 X128,0.121711111111,0.0230193543976,0.121711111111,0.0230193543976
0.0478630092323,0.0478630092323,0.0478630092323,0.0478630092323,0.0478630092323,0.0478630092323,0.0478630092323,0.0478630092323,0.0478630092323,0.0478630092323,0.0478630092323,0.0478630092323,0.0478630092323,0.0478630092323,0.0478630092323,0.0478630092323,0.0478630092323,0.0478630092323,10,X112 X120 X121 X129,0.119422222222,0.0177619278003,0.119422222222,0.0177619278003
0.0478630092323,0.0478630092323,0.0478630092323,0.0478630092323,0.0478630092323,0.0478630092323,0.0478630092323,0.0478630092323,0.0478630092323,0.0478630092323,0.0478630092323,0.0478630092323,0.0478630092323,0.0478630092323,0.0478630092323,0.0478630092323,0.0478630092323,0.0478630092323,10,X113 X121 X122 X130,0.117333333333,0.0147125718389,0.117333333333,0.0147125718389
0.0478630092323,0.0478630092323,0.0478630092323,0.0478630092323,0.0478630092323,0.0478630092323,0.0478630092323,0.0478630092323,0.0478630092323,0.0478630092323,0.0478630092323,0.0478630092323,0.0478630092323,0.0478630092323,0.0478630092323,0.0478630092323,0.0478630092323,0.0478630092323,10,X114 X122 X123 X131,0.127733333333,0.0169954693084,0.127733333333,0.0169954693084
0.0478630092323,0.0478630092323,0.0478630092323,0.0478630092323,0.0478630092323,0.0478630092323,0.0478630092323,0.0478630092323,0.0478630092323,0.0478630092323,0.0478630092323,0.0478630092323,0.0478630092323,0.0478630092323,0.0478630092323,0.0478630092323,0.0478630092323,0.0478630092323,10,X115 X123 X124 X132,0.126733333333,0.0185450471541,0.126733333333,0.0185450471541
0.0478630092323,0.0478630092323,0.0478630092323,0.0478630092323,0.0478630092323,0.0478630092323,0.0478630092323,0.0478630092323,0.0478630092323,0.0478630092323,0.0478630092323,0.0478630092323,0.0478630092323,0.0478630092323,0.0478630092323,0.0478630092323,0.0478630092323,0.0478630092323,10,X116 X124 X125 X133,0.122177777778,0.0198985421467,0.122177777778,0.0198985421467
0.0478630092323,0.0478630092323,0.0478630092323,0.0478630092323,0.0478630092323,0.0478630092323,0.0478630092323,0.0478630092323,0.0478630092323,0.0478630092323,0.0478630092323,0.0478630092323,0.0478630092323,0.0478630092323,0.0478630092323,0.0478630092323,0.0478630092323,0.0478630092323,10,X117 X125 X126 X134,0.123377777778,0.0183369345122,0.123377777778,0.0183369345122
0.0478630092323,0.0478630092323,0.0478630092323,0.0478630092323,0.0478630092323,0.0478630092323,0.0478630092323,0.0478630092323,0.0478630092323,0.0478630092323,0.0478630092323,0.0478630092323,0.0478630092323,0.0478630092323,0.0478630092323,0.0478630092323,0.0478630092323,0.0478630092323,10,X118 X126 X127 X135,0.0157333333333,0.0109076232613,0.0157333333333,0.0109076232613
0.0478630092323,0.0478630092323,0.0478630092323,0.0478630092323,0.0478630092323,0.0478630092323,0.0478630092323,0.0478630092323,0.0478630092323,0.0478630092323,0.0478630092323,0.0478630092323,0.0478630092323,0.0478630092323,0.0478630092323,0.0478630092323,0.0478630092323,0.0478630092323,10,X12 X20 X21 X29,0.120066666667,0.0148683623588,0.120066666667,0.0148683623588
0.0478630092323,0.0478630092323,0.0478630092323,0.0478630092323,0.0478630092323,0.0478630092323,0.0478630092323,0.0478630092323,0.0478630092323,0.0478630092323,0.0478630092323,0.0478630092323,0.0478630092323,0.0478630092323,0.0478630092323,0.0478630092323,0.0478630092323,0.0478630092323,10,X128 X136 X137,0.168977777778,0.0177429352048,0.168977777778,0.0177429352048
0.0478630092323,0.0478630092323,0.0478630092323,0.0478630092323,0.0478630092323,0.0478630092323,0.0478630092323,0.0478630092323,0.0478630092323,0.0478630092323,0.0478630092323,0.0478630092323,0.0478630092323,0.0478630092323,0.0478630092323,0.0478630092323,0.0478630092323,0.0478630092323,10,X129 X137 X138,0.174733333333,0.0131543737172,0.174733333333,0.0131543737172
0.0478630092323,0.0478630092323,0.0478630092323,0.0478630092323,0.0478630092323,0.0478630092323,0.0478630092323,0.0478630092323,0.0478630092323,0.0478630092323,0.0478630092323,0.0478630092323,0.0478630092323,0.0478630092323,0.0478630092323,0.0478630092323,0.0478630092323,0.0478630092323,10,X13 X21 X22 X30,0.118911111111,0.019127708199,0.118911111111,0.019127708199
0.0478630092323,0.0478630092323,0.0478630092323,0.0478630092323,0.0478630092323,0.0478630092323,0.0478630092323,0.0478630092323,0.0478630092323,0.0478630092323,0.0478630092323,0.0478630092323,0.0478630092323,0.0478630092323,0.0478630092323,0.0478630092323,0.0478630092323,0.0478630092323,10,X130 X138 X139,0.179266666667,0.0181398145956,0.179266666667,0.0181398145956
0.0478630092323,0.0478630092323,0.0478630092323,0.0478630092323,0.0478630092323,0.0478630092323,0.0478630092323,0.0478630092323,0.0478630092323,0.0478630092323,0.0478630092323,0.0478630092323,0.0478630092323,0.0478630092323,0.0478630092323,0.0478630092323,0.0478630092323,0.0478630092323,10,X131 X139 X140,0.177955555556,0.0172099350558,0.177955555556,0.0172099350558
0.0478630092323,0.0478630092323,0.0478630092323,0.0478630092323,0.0478630092323,0.0478630092323,0.0478630092323,0.0478630092323,0.0478630092323,0.0478630092323,0.0478630092323,0.0478630092323,0.0478630092323,0.0478630092323,0.0478630092323,0.0478630092323,0.0478630092323,0.0478630092323,10,X132 X140 X141,0.173777777778,0.0205624613025,0.173777777778,0.0205624613025
0.0478630092323,0.0478630092323,0.0478630092323,0.0478630092323,0.0478630092323,0.0478630092323,0.0478630092323,0.0478630092323,0.0478630092323,0.0478630092323,0.0478630092323,0.0478630092323,0.0478630092323,0.0478630092323,0.0478630092323,0.0478630092323,0.0478630092323,0.0478630092323,10,X133 X141 X142,0.177377777778,0.0187926237534,0.177377777778,0.0187926237534
0.0478630092323,0.0478630092323,0.0478630092323,0.0478630092323,0.0478630092323,0.0478630092323,0.0478630092323,0.0478630092323,0.0478630092323,0.0478630092323,0.0478630092323,0.0478630092323,0.0478630092323,0.0478630092323,0.0478630092323,0.0478630092323,0.0478630092323,0.0478630092323,10,X134 X142 X143,0.180844444444,0.0195958658032,0.180844444444,0.0195958658032
0.0478630092323,0.0478630092323,0.0478630092323,0.0478630092323,0.0478630092323,0.0478630092323,0.0478630092323,0.0478630092323,0.0478630092323,0.0478630092323,0.0478630092323,0.0478630092323,0.0478630092323,0.0478630092323,0.0478630092323,0.0478630092323,0.0478630092323,0.0478630092323,10,X135 X143 X144,0.0124444444444,0.0119978712458,0.0124444444444,0.0119978712458
0.0478630092323,0.0478630092323,0.0478630092323,0.0478630092323,0.0478630092323,0.0478630092323,0.0478630092323,0.0478630092323,0.0478630092323,0.0478630092323,0.0478630092323,0.0478630092323,0.0478630092323,0.0478630092323,0.0478630092323,0.0478630092323,0.0478630092323,0.0478630092323,10,X14 X22 X23 X31,0.123355555556,0.0138613642972,0.123355555556,0.0138613642972
0.0478630092323,0.0478630092323,0.0478630092323,0.0478630092323,0.0478630092323,0.0478630092323,0.0478630092323,0.0478630092323,0.0478630092323,0.0478630092323,0.0478630092323,0.0478630092323,0.0478630092323,0.0478630092323,0.0478630092323,0.0478630092323,0.0478630092323,0.0478630092323,10,X15 X23 X24 X32,0.124711111111,0.0191000056836,0.124711111111,0.0191000056836
0.0478630092323,0.0478630092323,0.0478630092323,0.0478630092323,0.0478630092323,0.0478630092323,0.0478630092323,0.0478630092323,0.0478630092323,0.0478630092323,0.0478630092323,0.0478630092323,0.0478630092323,0.0478630092323,0.0478630092323,0.0478630092323,0.0478630092323,0.0478630092323,10,X16 X24 X25 X33,0.0121555555556,0.00837746170527,0.0121555555556,0.00837746170527
0.0478630092323,0.0478630092323,0.0478630092323,0.0478630092323,0.0478630092323,0.0478630092323,0.0478630092323,0.0478630092323,0.0478630092323,0.0478630092323,0.0478630092323,0.0478630092323,0.0478630092323,0.0478630092323,0.0478630092323,0.0478630092323,0.0478630092323,0.0478630092323,10,X2 X3 X11,0.0205333333333,0.0138258461943,0.0205333333333,0.0138258461943
0.0478630092323,0.0478630092323,0.0478630092323,0.0478630092323,0.0478630092323,0.0478630092323,0.0478630092323,0.0478630092323,0.0478630092323,0.0478630092323,0.0478630092323,0.0478630092323,0.0478630092323,0.0478630092323,0.0478630092323,0.0478630092323,0.0478630092323,0.0478630092323,10,X26 X34 X35 X43,0.121088888889,0.021074204481,0.121088888889,0.021074204481
0.0478630092323,0.0478630092323,0.0478630092323,0.0478630092323,0.0478630092323,0.0478630092323,0.0478630092323,0.0478630092323,0.0478630092323,0.0478630092323,0.0478630092323,0.0478630092323,0.0478630092323,0.0478630092323,0.0478630092323,0.0478630092323,0.0478630092323,0.0478630092323,10,X27 X35 X36 X44,0.118844444444,0.0159769310067,0.118844444444,0.0159769310067
0.0478630092323,0.0478630092323,0.0478630092323,0.0478630092323,0.0478630092323,0.0478630092323,0.0478630092323,0.0478630092323,0.0478630092323,0.0478630092323,0.0478630092323,0.0478630092323,0.0478630092323,0.0478630092323,0.0478630092323,0.0478630092323,0.0478630092323,0.0478630092323,10,X28 X36 X37 X45,0.124866666667,0.0231537589113,0.124866666667,0.0231537589113
0.0478630092323,0.0478630092323,0.0478630092323,0.0478630092323,0.0478630092323,0.0478630092323,0.0478630092323,0.0478630092323,0.0478630092323,0.0478630092323,0.0478630092323,0.0478630092323,0.0478630092323,0.0478630092323,0.0478630092323,0.0478630092323,0.0478630092323,0.0478630092323,10,X29 X37 X38 X46,0.122177777778,0.0194742650368,0.122177777778,0.0194742650368
0.0478630092323,0.0478630092323,0.0478630092323,0.0478630092323,0.0478630092323,0.0478630092323,0.0478630092323,0.0478630092323,0.0478630092323,0.0478630092323,0.0478630092323,0.0478630092323,0.0478630092323,0.0478630092323,0.0478630092323,0.0478630092323,0.0478630092323,0.0478630092323,10,X3 X4 X12,0.0165111111111,0.0110861251633,0.0165111111111,0.0110861251633
0.0478630092323,0.0478630092323,0.0478630092323,0.0478630092323,0.0478630092323,0.0478630092323,0.0478630092323,0.0478630092323,0.0478630092323,0.0478630092323,0.0478630092323,0.0478630092323,0.0478630092323,0.0478630092323,0.0478630092323,0.0478630092323,0.0478630092323,0.0478630092323,10,X30 X38 X39 X47,0.123666666667,0.0194307888557,0.123666666667,0.0194307888557
0.0478630092323,0.0478630092323,0.0478630092323,0.0478630092323,0.0478630092323,0.0478630092323,0.0478630092323,0.0478630092323,0.0478630092323,0.0478630092323,0.0478630092323,0.0478630092323,0.0478630092323,0.0478630092323,0.0478630092323,0.0478630092323,0.0478630092323,0.0478630092323,10,X31 X39 X40 X48,0.1248,0.0209340507967,0.1248,0.0209340507967
0.0478630092323,0.0478630092323,0.0478630092323,0.0478630092323,0.0478630092323,0.0478630092323,0.0478630092323,0.0478630092323,0.0478630092323,0.0478630092323,0.0478630092323,0.0478630092323,0.0478630092323,0.0478630092323,0.0478630092323,0.0478630092323,0.0478630092323,0.0478630092323,10,X32 X40 X41 X49,0.125155555556,0.018202718279,0.125155555556,0.018202718279
0.0478630092323,0.0478630092323,0.0478630092323,0.0478630092323,0.0478630092323,0.0478630092323,0.0478630092323,0.0478630092323,0.0478630092323,0.0478630092323,0.0478630092323,0.0478630092323,0.0478630092323,0.0478630092323,0.0478630092323,0.0478630092323,0.0478630092323,0.0478630092323,10,X33 X41 X42 X50,0.0120222222222,0.0102257781588,0.0120222222222,0.0102257781588
0.0478630092323,0.0478630092323,0.0478630092323,0.0478630092323,0.0478630092323,0.0478630092323,0.0478630092323,0.0478630092323,0.0478630092323,0.0478630092323,0.0478630092323,0.0478630092323,0.0478630092323,0.0478630092323,0.0478630092323,0.0478630092323,0.0478630092323,0.0478630092323,10,X4 X5 X13,0.0145777777778,0.00992961178968,0.0145777777778,0.00992961178968
0.0478630092323,0.0478630092323,0.0478630092323,0.0478630092323,0.0478630092323,0.0478630092323,0.0478630092323,0.0478630092323,0.0478630092323,0.0478630092323,0.0478630092323,0.0478630092323,0.0478630092323,0.0478630092323,0.0478630092323,0.0478630092323,0.0478630092323,0.0478630092323,10,X43 X51 X52 X60,0.127044444444,0.0184234427818,0.127044444444,0.0184234427818
0.0478630092323,0.0478630092323,0.0478630092323,0.0478630092323,0.0478630092323,0.0478630092323,0.0478630092323,0.0478630092323,0.0478630092323,0.0478630092323,0.0478630092323,0.0478630092323,0.0478630092323,0.0478630092323,0.0478630092323,0.0478630092323,0.0478630092323,0.0478630092323,10,X44 X52 X53 X61,0.121622222222,0.0233747962203,0.121622222222,0.0233747962203
0.0478630092323,0.0478630092323,0.0478630092323,0.0478630092323,0.0478630092323,0.0478630092323,0.0478630092323,0.0478630092323,0.0478630092323,0.0478630092323,0.0478630092323,0.0478630092323,0.0478630092323,0.0478630092323,0.0478630092323,0.0478630092323,0.0478630092323,0.0478630092323,10,X45 X53 X54 X62,0.121822222222,0.015481971553,0.121822222222,0.015481971553
0.0478630092323,0.0478630092323,0.0478630092323,0.0478630092323,0.0478630092323,0.0478630092323,0.0478630092323,0.0478630092323,0.0478630092323,0.0478630092323,0.0478630092323,0.0478630092323,0.0478630092323,0.0478630092323,0.0478630092323,0.0478630092323,0.0478630092323,0.0478630092323,10,X46 X54 X55 X63,0.127111111111,0.0208819585797,0.127111111111,0.0208819585797
0.0478630092323,0.0478630092323,0.0478630092323,0.0478630092323,0.0478630092323,0.0478630092323,0.0478630092323,0.0478630092323,0.0478630092323,0.0478630092323,0.0478630092323,0.0478630092323,0.0478630092323,0.0478630092323,0.0478630092323,0.0478630092323,0.0478630092323,0.0478630092323,10,X47 X55 X56 X64,0.122933333333,0.0157125520266,0.122933333333,0.0157125520266
0.0478630092323,0.0478630092323,0.0478630092323,0.0478630092323,0.0478630092323,0.0478630092323,0.0478630092323,0.0478630092323,0.0478630092323,0.0478630092323,0.0478630092323,0.0478630092323,0.0478630092323,0.0478630092323,0.0478630092323,0.0478630092323,0.0478630092323,0.0478630092323,10,X48 X56 X57 X65,0.121333333333,0.0204995093858,0.121333333333,0.0204995093858
0.0478630092323,0.0478630092323,0.0478630092323,0.0478630092323,0.0478630092323,0.0478630092323,0.0478630092323,0.0478630092323,0.0478630092323,0.0478630092323,0.0478630092323,0.0478630092323,0.0478630092323,0.0478630092323,0.0478630092323,0.0478630092323,0.0478630092323,0.0478630092323,10,X49 X57 X58 X66,0.120755555556,0.0198714129433,0.120755555556,0.0198714129433
0.0478630092323,0.0478630092323,0.0478630092323,0.0478630092323,0.0478630092323,0.0478630092323,0.0478630092323,0.0478630092323,0.0478630092323,0.0478630092323,0.0478630092323,0.0478630092323,0.0478630092323,0.0478630092323,0.0478630092323,0.0478630092323,0.0478630092323,0.0478630092323,10,X5 X6 X14,0.0154222222222,0.0124078004551,0.0154222222222,0.0124078004551
0.0478630092323,0.0478630092323,0.0478630092323,0.0478630092323,0.0478630092323,0.0478630092323,0.0478630092323,0.0478630092323,0.0478630092323,0.0478630092323,0.0478630092323,0.0478630092323,0.0478630092323,0.0478630092323,0.0478630092323,0.0478630092323,0.0478630092323,0.0478630092323,10,X50 X58 X59 X67,0.0119333333333,0.00948537894831,0.0119333333333,0.00948537894831
0.0478630092323,0.0478630092323,0.0478630092323,0.0478630092323,0.0478630092323,0.0478630092323,0.0478630092323,0.0478630092323,0.0478630092323,0.0478630092323,0.0478630092323,0.0478630092323,0.0478630092323,0.0478630092323,0.0478630092323,0.0478630092323,0.0478630092323,0.0478630092323,10,X6 X7 X15,0.0138444444444,0.0113848502324,0.0138444444444,0.0113848502324
0.0478630092323,0.0478630092323,0.0478630092323,0.0478630092323,0.0478630092323,0.0478630092323,0.0478630092323,0.0478630092323,0.0478630092323,0.0478630092323,0.0478630092323,0.0478630092323,0.0478630092323,0.0478630092323,0.0478630092323,0.0478630092323,0.0478630092323,0.0478630092323,10,X60 X68 X69 X77,0.116822222222,0.0164930574813,0.116822222222,0.0164930574813
0.0478630092323,0.0478630092323,0.0478630092323,0.0478630092323,0.0478630092323,0.0478630092323,0.0478630092323,0.0478630092323,0.0478630092323,0.0478630092323,0.0478630092323,0.0478630092323,0.0478630092323,0.0478630092323,0.0478630092323,0.0478630092323,0.0478630092323,0.0478630092323,10,X61 X69 X70 X78,0.1186,0.0152137767774,0.1186,0.0152137767774
0.0478630092323,0.0478630092323,0.0478630092323,0.0478630092323,0.0478630092323,0.0478630092323,0.0478630092323,0.0478630092323,0.0478630092323,0.0478630092323,0.0478630092323,0.0478630092323,0.0478630092323,0.0478630092323,0.0478630092323,0.0478630092323,0.0478630092323,0.0478630092323,10,X62 X70 X71 X79,0.121111111111,0.018318036112,0.121111111111,0.018318036112
0.0478630092323,0.0478630092323,0.0478630092323,0.0478630092323,0.0478630092323,0.0478630092323,0.0478630092323,0.0478630092323,0.0478630092323,0.0478630092323,0.0478630092323,0.0478630092323,0.0478630092323,0.0478630092323,0.0478630092323,0.0478630092323,0.0478630092323,0.0478630092323,10,X63 X71 X72 X80,0.122422222222,0.0174377784565,0.122422222222,0.0174377784565
0.0478630092323,0.0478630092323,0.0478630092323,0.0478630092323,0.0478630092323,0.0478630092323,0.0478630092323,0.0478630092323,0.0478630092323,0.0478630092323,0.0478630092323,0.0478630092323,0.0478630092323,0.0478630092323,0.0478630092323,0.0478630092323,0.0478630092323,0.0478630092323,10,X64 X72 X73 X81,0.122311111111,0.0183851792163,0.122311111111,0.0183851792163
0.0478630092323,0.0478630092323,0.0478630092323,0.0478630092323,0.0478630092323,0.0478630092323,0.0478630092323,0.0478630092323,0.0478630092323,0.0478630092323,0.0478630092323,0.0478630092323,0.0478630092323,0.0478630092323,0.0478630092323,0.0478630092323,0.0478630092323,0.0478630092323,10,X65 X73 X74 X82,0.123155555556,0.0213102844837,0.123155555556,0.0213102844837
0.0478630092323,0.0478630092323,0.0478630092323,0.0478630092323,0.0478630092323,0.0478630092323,0.0478630092323,0.0478630092323,0.0478630092323,0.0478630092323,0.0478630092323,0.0478630092323,0.0478630092323,0.0478630092323,0.0478630092323,0.0478630092323,0.0478630092323,0.0478630092323,10,X66 X74 X75 X83,0.123533333333,0.0169354419902,0.123533333333,0.0169354419902
0.0478630092323,0.0478630092323,0.0478630092323,0.0478630092323,0.0478630092323,0.0478630092323,0.0478630092323,0.0478630092323,0.0478630092323,0.0478630092323,0.0478630092323,0.0478630092323,0.0478630092323,0.0478630092323,0.0478630092323,0.0478630092323,0.0478630092323,0.0478630092323,10,X67 X75 X76 X84,0.0164888888889,0.0117625724157,0.0164888888889,0.0117625724157
0.0478630092323,0.0478630092323,0.0478630092323,0.0478630092323,0.0478630092323,0.0478630092323,0.0478630092323,0.0478630092323,0.0478630092323,0.0478630092323,0.0478630092323,0.0478630092323,0.0478630092323,0.0478630092323,0.0478630092323,0.0478630092323,0.0478630092323,0.0478630092323,10,X7 X8 X16,0.0118888888889,0.0110048172431,0.0118888888889,0.0110048172431
0.0478630092323,0.0478630092323,0.0478630092323,0.0478630092323,0.0478630092323,0.0478630092323,0.0478630092323,0.0478630092323,0.0478630092323,0.0478630092323,0.0478630092323,0.0478630092323,0.0478630092323,0.0478630092323,0.0478630092323,0.0478630092323,0.0478630092323,0.0478630092323,10,X77 X85 X86 X94,0.128977777778,0.0152975427705,0.128977777778,0.0152975427705
0.0478630092323,0.0478630092323,0.0478630092323,0.0478630092323,0.0478630092323,0.0478630092323,0.0478630092323,0.0478630092323,0.0478630092323,0.0478630092323,0.0478630092323,0.0478630092323,0.0478630092323,0.0478630092323,0.0478630092323,0.0478630092323,0.0478630092323,0.0478630092323,10,X78 X86 X87 X95,0.117111111111,0.0200545870644,0.117111111111,0.0200545870644
0.0478630092323,0.0478630092323,0.0478630092323,0.0478630092323,0.0478630092323,0.0478630092323,0.0478630092323,0.0478630092323,0.0478630092323,0.0478630092323,0.0478630092323,0.0478630092323,0.0478630092323,0.0478630092323,0.0478630092323,0.0478630092323,0.0478630092323,0.0478630092323,10,X79 X87 X88 X96,0.119755555556,0.0189158113298,0.119755555556,0.0189158113298
0.0478630092323,0.0478630092323,0.0478630092323,0.0478630092323,0.0478630092323,0.0478630092323,0.0478630092323,0.0478630092323,0.0478630092323,0.0478630092323,0.0478630092323,0.0478630092323,0.0478630092323,0.0478630092323,0.0478630092323,0.0478630092323,0.0478630092323,0.0478630092323,10,X80 X88 X89 X97,0.123222222222,0.0196818241479,0.123222222222,0.0196818241479
0.0478630092323,0.0478630092323,0.0478630092323,0.0478630092323,0.0478630092323,0.0478630092323,0.0478630092323,0.0478630092323,0.0478630092323,0.0478630092323,0.0478630092323,0.0478630092323,0.0478630092323,0.0478630092323,0.0478630092323,0.0478630092323,0.0478630092323,0.0478630092323,10,X81 X89 X90 X98,0.125311111111,0.0144142153476,0.125311111111,0.0144142153476
0.0478630092323,0.0478630092323,0.0478630092323,0.0478630092323,0.0478630092323,0.0478630092323,0.0478630092323,0.0478630092323,0.0478630092323,0.0478630092323,0.0478630092323,0.0478630092323,0.0478630092323,0.0478630092323,0.0478630092323,0.0478630092323,0.0478630092323,0.0478630092323,10,X82 X90 X91 X99,0.125355555556,0.0176682786802,0.125355555556,0.0176682786802
0.0478630092323,0.0478630092323,0.0478630092323,0.0478630092323,0.0478630092323,0.0478630092323,0.0478630092323,0.0478630092323,0.0478630092323,0.0478630092323,0.0478630092323,0.0478630092323,0.0478630092323,0.0478630092323,0.0478630092323,0.0478630092323,0.0478630092323,0.0478630092323,10,X83 X91 X92 X100,0.121511111111,0.0170282013848,0.121511111111,0.0170282013848
0.0478630092323,0.0478630092323,0.0478630092323,0.0478630092323,0.0478630092323,0.0478630092323,0.0478630092323,0.0478630092323,0.0478630092323,0.0478630092323,0.0478630092323,0.0478630092323,0.0478630092323,0.0478630092323,0.0478630092323,0.0478630092323,0.0478630092323,0.0478630092323,10,X84 X92 X93 X101,0.0125111111111,0.00996497057545,0.0125111111111,0.00996497057545
0.0478630092323,0.0478630092323,0.0478630092323,0.0478630092323,0.0478630092323,0.0478630092323,0.0478630092323,0.0478630092323,0.0478630092323,0.0478630092323,0.0478630092323,0.0478630092323,0.0478630092323,0.0478630092323,0.0478630092323,0.0478630092323,0.0478630092323,0.0478630092323,10,X9 X17 X18 X26,0.121733333333,0.0151746915741,0.121733333333,0.0151746915741
0.0478630092323,0.0478630092323,0.0478630092323,0.0478630092323,0.0478630092323,0.0478630092323,0.0478630092323,0.0478630092323,0.0478630092323,0.0478630092323,0.0478630092323,0.0478630092323,0.0478630092323,0.0478630092323,0.0478630092323,0.0478630092323,0.0478630092323,0.0478630092323,10,X94 X102 X103 X111,0.118,0.0164272458474,0.118,0.0164272458474
0.0478630092323,0.0478630092323,0.0478630092323,0.0478630092323,0.0478630092323,0.0478630092323,0.0478630092323,0.0478630092323,0.0478630092323,0.0478630092323,0.0478630092323,0.0478630092323,0.0478630092323,0.0478630092323,0.0478630092323,0.0478630092323,0.0478630092323,0.0478630092323,10,X95 X103 X104 X112,0.118644444444,0.0221527150517,0.118644444444,0.0221527150517
0.0478630092323,0.0478630092323,0.0478630092323,0.0478630092323,0.0478630092323,0.0478630092323,0.0478630092323,0.0478630092323,0.0478630092323,0.0478630092323,0.0478630092323,0.0478630092323,0.0478630092323,0.0478630092323,0.0478630092323,0.0478630092323,0.0478630092323,0.0478630092323,10,X96 X104 X105 X113,0.122933333333,0.0144015750522,0.122933333333,0.0144015750522
0.0478630092323,0.0478630092323,0.0478630092323,0.0478630092323,0.0478630092323,0.0478630092323,0.0478630092323,0.0478630092323,0.0478630092323,0.0478630092323,0.0478630092323,0.0478630092323,0.0478630092323,0.0478630092323,0.0478630092323,0.0478630092323,0.0478630092323,0.0478630092323,10,X97 X105 X106 X114,0.125377777778,0.0154492701742,0.125377777778,0.0154492701742
0.0478630092323,0.0478630092323,0.0478630092323,0.0478630092323,0.0478630092323,0.0478630092323,0.0478630092323,0.0478630092323,0.0478630092323,0.0478630092323,0.0478630092323,0.0478630092323,0.0478630092323,0.0478630092323,0.0478630092323,0.0478630092323,0.0478630092323,0.0478630092323,10,X98 X106 X107 X115,0.124266666667,0.0160951195573,0.124266666667,0.0160951195573
0.0478630092323,0.0478630092323,0.0478630092323,0.0478630092323,0.0478630092323,0.0478630092323,0.0478630092323,0.0478630092323,0.0478630092323,0.0478630092323,0.0478630092323,0.0478630092323,0.0478630092323,0.0478630092323,0.0478630092323,0.0478630092323,0.0478630092323,0.0478630092323,10,X99 X107 X108 X116,0.1292,0.0170798440507,0.1292,0.0170798440507
0.0478630092323,0.0478630092323,0.0478630092323,0.0478630092323,0.0478630092323,0.0478630092323,0.0478630092323,0.0478630092323,0.0478630092323,0.0478630092323,0.0478630092323,0.0478630092323,0.0478630092323,0.0478630092323,0.0478630092323,0.0478630092323,0.0478630092323,0.0478630092323,10,Z0 Z9 Z17,0.308,0.0190244851306,0.308,0.0190244851306
0.0478630092323,0.0478630092323,0.0478630092323,0.0478630092323,0.0478630092323,0.0478630092323,0.0478630092323,0.0478630092323,0.0478630092323,0.0478630092323,0.0478630092323,0.0478630092323,0.0478630092323,0.0478630092323,0.0478630092323,0.0478630092323,0.0478630092323,0.0478630092323,10,Z1 Z9 Z10 Z18,0.106844444444,0.022953515133,0.106844444444,0.022953515133
0.0478630092323,0.0478630092323,0.0478630092323,0.0478630092323,0.0478630092323,0.0478630092323,0.0478630092323,0.0478630092323,0.0478630092323,0.0478630092323,0.0478630092323,0.0478630092323,0.0478630092323,0.0478630092323,0.0478630092323,0.0478630092323,0.0478630092323,0.0478630092323,10,Z102 Z111 Z119,0.224666666667,0.0176713288145,0.224666666667,0.0176713288145
0.0478630092323,0.0478630092323,0.0478630092323,0.0478630092323,0.0478630092323,0.0478630092323,0.0478630092323,0.0478630092323,0.0478630092323,0.0478630092323,0.0478630092323,0.0478630092323,0.0478630092323,0.0478630092323,0.0478630092323,0.0478630092323,0.0478630092323,0.0478630092323,10,Z103 Z111 Z112 Z120,0.205977777778,0.0208151752286,0.205977777778,0.0208151752286
0.0478630092323,0.0478630092323,0.0478630092323,0.0478630092323,0.0478630092323,0.0478630092323,0.0478630092323,0.0478630092323,0.0478630092323,0.0478630092323,0.0478630092323,0.0478630092323,0.0478630092323,0.0478630092323,0.0478630092323,0.0478630092323,0.0478630092323,0.0478630092323,10,Z104 Z112 Z113 Z121,0.208644444444,0.0242347923375,0.208644444444,0.0242347923375
0.0478630092323,0.0478630092323,0.0478630092323,0.0478630092323,0.0478630092323,0.0478630092323,0.0478630092323,0.0478630092323,0.0478630092323,0.0478630092323,0.0478630092323,0.0478630092323,0.0478630092323,0.0478630092323,0.0478630092323,0.0478630092323,0.0478630092323,0.0478630092323,10,Z105 Z113 Z114 Z122,0.203044444444,0.0164409388414,0.203044444444,0.0164409388414
0.0478630092323,0.0478630092323,0.0478630092323,0.0478630092323,0.0478630092323,0.0478630092323,0.0478630092323,0.0478630092323,0.0478630092323,0.0478630092323,0.0478630092323,0.0478630092323,0.0478630092323,0.0478630092323,0.0478630092323,0.0478630092323,0.0478630092323,0.0478630092323,10,Z106 Z114 Z115 Z123,0.202022222222,0.0180713641374,0.202022222222,0.0180713641374
0.0478630092323,0.0478630092323,0.0478630092323,0.0478630092323,0.0478630092323,0.0478630092323,0.0478630092323,0.0478630092323,0.0478630092323,0.0478630092323,0.0478630092323,0.0478630092323,0.0478630092323,0.0478630092323,0.0478630092323,0.0478630092323,0.0478630092323,0.0478630092323,10,Z107 Z115 Z116 Z124,0.204088888889,0.0151495566829,0.204088888889,0.0151495566829
0.0478630092323,0.0478630092323,0.0478630092323,0.0478630092323,0.0478630092323,0.0478630092323,0.0478630092323,0.0478630092323,0.0478630092323,0.0478630092323,0.0478630092323,0.0478630092323,0.0478630092323,0.0478630092323,0.0478630092323,0.0478630092323,0.0478630092323,0.0478630092323,10,Z108 Z116 Z117 Z125,0.204311111111,0.01587087101,0.204311111111,0.01587087101
0.0478630092323,0.0478630092323,0.0478630092323,0.0478630092323,0.0478630092323,0.0478630092323,0.0478630092323,0.0478630092323,0.0478630092323,0.0478630092323,0.0478630092323,0.0478630092323,0.0478630092323,0.0478630092323,0.0478630092323,0.0478630092323,0.0478630092323,0.0478630092323,10,Z109 Z117 Z118 Z126,0.0157777777778,0.0128776539751,0.0157777777778,0.0128776539751
0.0478630092323,0.0478630092323,0.0478630092323,0.0478630092323,0.0478630092323,0.0478630092323,0.0478630092323,0.0478630092323,0.0478630092323,0.0478630092323,0.0478630092323,0.0478630092323,0.0478630092323,0.0478630092323,0.0478630092323,0.0478630092323,0.0478630092323,0.0478630092323,10,Z110 Z118 Z127,0.0146888888889,0.00964580918006,0.0146888888889,0.00964580918006
0.0478630092323,0.0478630092323,0.0478630092323,0.0478630092323,0.0478630092323,0.0478630092323,0.0478630092323,0.0478630092323,0.0478630092323,0.0478630092323,0.0478630092323,0.0478630092323,0.0478630092323,0.0478630092323,0.0478630092323,0.0478630092323,0.0478630092323,0.0478630092323,10,Z119 Z128 Z136,0.221511111111,0.0209351733091,0.221511111111,0.0209351733091
0.0478630092323,0.0478630092323,0.0478630092323,0.0478630092323,0.0478630092323,0.0478630092323,0.0478630092323,0.0478630092323,0.0478630092323,0.0478630092323,0.0478630092323,0.0478630092323,0.0478630092323,0.0478630092323,0.0478630092323,0.0478630092323,0.0478630092323,0.0478630092323,10,Z120 Z128 Z129 Z137,0.2136,0.0170053856693,0.2136,0.0170053856693
0.0478630092323,0.0478630092323,0.0478630092323,0.0478630092323,0.0478630092323,0.0478630092323,0.0478630092323,0.0478630092323,0.0478630092323,0.0478630092323,0.0478630092323,0.0478630092323,0.0478630092323,0.0478630092323,0.0478630092323,0.0478630092323,0.0478630092323,0.0478630092323,10,Z121 Z129 Z130 Z138,0.214466666667,0.0191802500593,0.214466666667,0.0191802500593
0.0478630092323,0.0478630092323,0.0478630092323,0.0478630092323,0.0478630092323,0.0478630092323,0.0478630092323,0.0478630092323,0.0478630092323,0.0478630092323,0.0478630092323,0.0478630092323,0.0478630092323,0.0478630092323,0.0478630092323,0.0478630092323,0.0478630092323,0.0478630092323,10,Z122 Z130 Z131 Z139,0.213711111111,0.0162798169319,0.213711111111,0.0162798169319
0.0478630092323,0.0478630092323,0.0478630092323,0.0478630092323,0.0478630092323,0.0478630092323,0.0478630092323,0.0478630092323,0.0478630092323,0.0478630092323,0.0478630092323,0.0478630092323,0.0478630092323,0.0478630092323,0.0478630092323,0.0478630092323,0.0478630092323,0.0478630092323,10,Z123 Z131 Z132 Z140,0.2172,0.0186645318976,0.2172,0.0186645318976
0.0478630092323,0.0478630092323,0.0478630092323,0.0478630092323,0.0478630092323,0.0478630092323,0.0478630092323,0.0478630092323,0.0478630092323,0.0478630092323,0.0478630092323,0.0478630092323,0.0478630092323,0.0478630092323,0.0478630092323,0.0478630092323,0.0478630092323,0.0478630092323,10,Z124 Z132 Z133 Z141,0.217355555556,0.0205416935759,0.217355555556,0.0205416935759
0.0478630092323,0.0478630092323,0.0478630092323,0.0478630092323,0.0478630092323,0.0478630092323,0.0478630092323,0.0478630092323,0.0478630092323,0.0478630092323,0.0478630092323,0.0478630092323,0.0478630092323,0.0478630092323,0.0478630092323,0.0478630092323,0.0478630092323,0.0478630092323,10,Z125 Z133 Z134 Z142,0.213333333333,0.0184868183338,0.213333333333,0.0184868183338
0.0478630092323,0.0478630092323,0.0478630092323,0.0478630092323,0.0478630092323,0.0478630092323,0.0478630092323,0.0478630092323,0.0478630092323,0.0478630092323,0.0478630092323,0.0478630092323,0.0478630092323,0.0478630092323,0.0478630092323,0.0478630092323,0.0478630092323,0.0478630092323,10,Z126 Z134 Z135 Z143,0.0126888888889,0.00833675025733,0.0126888888889,0.00833675025733
0.0478630092323,0.0478630092323,0.0478630092323,0.0478630092323,0.0478630092323,0.0478630092323,0.0478630092323,0.0478630092323,0.0478630092323,0.0478630092323,0.0478630092323,0.0478630092323,0.0478630092323,0.0478630092323,0.0478630092323,0.0478630092323,0.0478630092323,0.0478630092323,10,Z127 Z135 Z144,0.0127333333333,0.00983908851649,0.0127333333333,0.00983908851649
0.0478630092323,0.0478630092323,0.0478630092323,0.0478630092323,0.0478630092323,0.0478630092323,0.0478630092323,0.0478630092323,0.0478630092323,0.0478630092323,0.0478630092323,0.0478630092323,0.0478630092323,0.0478630092323,0.0478630092323,0.0478630092323,0.0478630092323,0.0478630092323,10,Z17 Z26 Z34,0.310844444444,0.0182229137333,0.310844444444,0.0182229137333
0.0478630092323,0.0478630092323,0.0478630092323,0.0478630092323,0.0478630092323,0.0478630092323,0.0478630092323,0.0478630092323,0.0478630092323,0.0478630092323,0.0478630092323,0.0478630092323,0.0478630092323,0.0478630092323,0.0478630092323,0.0478630092323,0.0478630092323,0.0478630092323,10,Z18 Z26 Z27 Z35,0.199088888889,0.0148839529761,0.199088888889,0.0148839529761
0.0478630092323,0.0478630092323,0.0478630092323,0.0478630092323,0.0478630092323,0.0478630092323,0.0478630092323,0.0478630092323,0.0478630092323,0.0478630092323,0.0478630092323,0.0478630092323,0.0478630092323,0.0478630092323,0.0478630092323,0.0478630092323,0.0478630092323,0.0478630092323,10,Z19 Z27 Z28 Z36,0.207955555556,0.0145216797455,0.207955555556,0.0145216797455
0.0478630092323,0.0478630092323,0.0478630092323,0.0478630092323,0.0478630092323,0.0478630092323,0.0478630092323,0.0478630092323,0.0478630092323,0.0478630092323,0.0478630092323,0.0478630092323,0.0478630092323,0.0478630092323,0.0478630092323,0.0478630092323,0.0478630092323,0.0478630092323,10,Z2 Z10 Z11 Z19,0.0576888888889,0.0161000067427,0.0576888888889,0.0161000067427
0.0478630092323,0.0478630092323,0.0478630092323,0.0478630092323,0.0478630092323,0.0478630092323,0.0478630092323,0.0478630092323,0.0478630092323,0.0478630092323,0.0478630092323,0.0478630092323,0.0478630092323,0.0478630092323,0.0478630092323,0.0478630092323,0.0478630092323,0.0478630092323,10,Z20 Z28 Z29 Z37,0.203066666667,0.0166979935473,0.203066666667,0.0166979935473
0.0478630092323,0.0478630092323,0.0478630092323,0.0478630092323,0.0478630092323,0.0478630092323,0.0478630092323,0.0478630092323,0.0478630092323,0.0478630092323,0.0478630092323,0.0478630092323,0.0478630092323,0.0478630092323,0.0478630092323,0.0478630092323,0.0478630092323,0.0478630092323,10,Z21 Z29 Z30 Z38,0.206711111111,0.01778193438,0.206711111111,0.01778193438
0.0478630092323,0.0478630092323,0.0478630092323,0.0478630092323,0.0478630092323,0.0478630092323,0.0478630092323,0.0478630092323,0.0478630092323,0.0478630092323,0.0478630092323,0.0478630092323,0.0478630092323,0.0478630092323,0.0478630092323,0.0478630092323,0.0478630092323,0.0478630092323,10,Z22 Z30 Z31 Z39,0.206133333333,0.0181499923477,0.206133333333,0.0181499923477
0.0478630092323,0.0478630092323,0.0478630092323,0.0478630092323,0.0478630092323,0.0478630092323,0.0478630092323,0.0478630092323,0.0478630092323,0.0478630092323,0.0478630092323,0.0478630092323,0.0478630092323,0.0478630092323,0.0478630092323,0.0478630092323,0.0478630092323,0.0478630092323,10,Z23 Z31 Z32 Z40,0.206422222222,0.0146106383677,0.206422222222,0.0146106383677
0.0478630092323,0.0478630092323,0.0478630092323,0.0478630092323,0.0478630092323,0.0478630092323,0.0478630092323,0.0478630092323,0.0478630092323,0.0478630092323,0.0478630092323,0.0478630092323,0.0478630092323,0.0478630092323,0.0478630092323,0.0478630092323,0.0478630092323,0.0478630092323,10,Z24 Z32 Z33 Z41,0.0122444444444,0.0087982640805,0.0122444444444,0.0087982640805
0.0478630092323,0.0478630092323,0.0478630092323,0.0478630092323,0.0478630092323,0.0478630092323,0.0478630092323,0.0478630092323,0.0478630092323,0.0478630092323,0.0478630092323,0.0478630092323,0.0478630092323,0.0478630092323,0.0478630092323,0.0478630092323,0.0478630092323,0.0478630092323,10,Z25 Z33 Z42,0.0139333333333,0.0123118483257,0.0139333333333,0.0123118483257
0.0478630092323,0.0478630092323,0.0478630092323,0.0478630092323,0.0478630092323,0.0478630092323,0.0478630092323,0.0478630092323,0.0478630092323,0.0478630092323,0.0478630092323,0.0478630092323,0.0478630092323,0.0478630092323,0.0478630092323,0.0478630092323,0.0478630092323,0.0478630092323,10,Z3 Z11 Z12 Z20,0.0346,0.0173168356502,0.0346,0.0173168356502
0.0478630092323,0.0478630092323,0.0478630092323,0.0478630092323,0.0478630092323,0.0478630092323,0.0478630092323,0.0478630092323,0.0478630092323,0.0478630092323,0.0478630092323,0.0478630092323,0.0478630092323,0.0478630092323,0.0478630092323,0.0478630092323,0.0478630092323,0.0478630092323,10,Z34 Z43 Z51,0.290533333333,0.0148900439879,0.290533333333,0.0148900439879
0.0478630092323,0.0478630092323,0.0478630092323,0.0478630092323,0.0478630092323,0.0478630092323,0.0478630092323,0.0478630092323,0.0478630092323,0.0478630092323,0.0478630092323,0.0478630092323,0.0478630092323,0.0478630092323,0.0478630092323,0.0478630092323,0.0478630092323,0.0478630092323,10,Z35 Z43 Z44 Z52,0.2044,0.0150203948196,0.2044,0.0150203948196
0.0478630092323,0.0478630092323,0.0478630092323,0.0478630092323,0.0478630092323,0.0478630092323,0.0478630092323,0.0478630092323,0.0478630092323,0.0478630092323,0.0478630092323,0.0478630092323,0.0478630092323,0.0478630092323,0.0478630092323,0.0478630092323,0.0478630092323,0.0478630092323,10,Z36 Z44 Z45 Z53,0.204933333333,0.0166050354732,0.204933333333,0.0166050354732
0.0478630092323,0.0478630092323,0.0478630092323,0.0478630092323,0.0478630092323,0.0478630092323,0.0478630092323,0.0478630092323,0.0478630092323,0.0478630092323,0.0478630092323,0.0478630092323,0.0478630092323,0.0478630092323,0.0478630092323,0.0478630092323,0.0478630092323,0.0478630092323,10,Z37 Z45 Z46 Z54,0.202044444444,0.0150003150244,0.202044444444,0.0150003150244
0.0478630092323,0.0478630092323,0.0478630092323,0.0478630092323,0.0478630092323,0.0478630092323,0.0478630092323,0.0478630092323,0.0478630092323,0.0478630092323,0.0478630092323,0.0478630092323,0.0478630092323,0.0478630092323,0.0478630092323,0.0478630092323,0.0478630092323,0.0478630092323,10,Z38 Z46 Z47 Z55,0.203044444444,0.0158485971999,0.203044444444,0.0158485971999
0.0478630092323,0.0478630092323,0.0478630092323,0.0478630092323,0.0478630092323,0.0478630092323,0.0478630092323,0.0478630092323,0.0478630092323,0.0478630092323,0.0478630092323,0.0478630092323,0.0478630092323,0.0478630092323,0.0478630092323,0.0478630092323,0.0478630092323,0.0478630092323,10,Z39 Z47 Z48 Z56,0.204688888889,0.0177444467236,0.204688888889,0.0177444467236
0.0478630092323,0.0478630092323,0.0478630092323,0.0478630092323,0.0478630092323,0.0478630092323,0.0478630092323,0.0478630092323,0.0478630092323,0.0478630092323,0.0478630092323,0.0478630092323,0.0478630092323,0.0478630092323,0.0478630092323,0.0478630092323,0.0478630092323,0.0478630092323,10,Z4 Z12 Z13 Z21,0.0213777777778,0.0128973944719,0.0213777777778,0.0128973944719
0.0478630092323,0.0478630092323,0.0478630092323,0.0478630092323,0.0478630092323,0.0478630092323,0.0478630092323,0.0478630092323,0.0478630092323,0.0478630092323,0.0478630092323,0.0478630092323,0.0478630092323,0.0478630092323,0.0478630092323,0.0478630092323,0.0478630092323,0.0478630092323,10,Z40 Z48 Z49 Z57,0.210622222222,0.0207217902844,0.210622222222,0.0207217902844
0.0478630092323,0.0478630092323,0.0478630092323,0.0478630092323,0.0478630092323,0.0478630092323,0.0478630092323,0.0478630092323,0.0478630092323,0.0478630092323,0.0478630092323,0.0478630092323,0.0478630092323,0.0478630092323,0.0478630092323,0.0478630092323,0.0478630092323,0.0478630092323,10,Z41 Z49 Z50 Z58,0.0117777777778,0.00966144660219,0.0117777777778,0.00966144660219
0.0478630092323,0.0478630092323,0.0478630092323,0.0478630092323,0.0478630092323,0.0478630092323,0.0478630092323,0.0478630092323,0.0478630092323,0.0478630092323,0.0478630092323,0.0478630092323,0.0478630092323,0.0478630092323,0.0478630092323,0.0478630092323,0.0478630092323,0.0478630092323,10,Z42 Z50 Z59,0.0210888888889,0.0143395958875,0.0210888888889,0.0143395958875
0.0478630092323,0.0478630092323,0.0478630092323,0.0478630092323,0.0478630092323,0.0478630092323,0.0478630092323,0.0478630092323,0.0478630092323,0.0478630092323,0.0478630092323,0.0478630092323,0.0478630092323,0.0478630092323,0.0478630092323,0.0478630092323,0.0478630092323,0.0478630092323,10,Z5 Z13 Z14 Z22,0.0152888888889,0.0125639310213,0.0152888888889,0.0125639310213
0.0478630092323,0.0478630092323,0.0478630092323,0.0478630092323,0.0478630092323,0.0478630092323,0.0478630092323,0.0478630092323,0.0478630092323,0.0478630092323,0.0478630092323,0.0478630092323,0.0478630092323,0.0478630092323,0.0478630092323,0.0478630092323,0.0478630092323,0.0478630092323,10,Z51 Z60 Z68,0.2734,0.0233739220048,0.2734,0.0233739220048
0.0478630092323,0.0478630092323,0.0478630092323,0.0478630092323,0.0478630092323,0.0478630092323,0.0478630092323,0.0478630092323,0.0478630092323,0.0478630092323,0.0478630092323,0.0478630092323,0.0478630092323,0.0478630092323,0.0478630092323,0.0478630092323,0.0478630092323,0.0478630092323,10,Z52 Z60 Z61 Z69,0.206733333333,0.0202515597053,0.206733333333,0.0202515597053
0.0478630092323,0.0478630092323,0.0478630092323,0.0478630092323,0.0478630092323,0.0478630092323,0.0478630092323,0.0478630092323,0.0478630092323,0.0478630092323,0.0478630092323,0.0478630092323,0.0478630092323,0.0478630092323,0.0478630092323,0.0478630092323,0.0478630092323,0.0478630092323,10,Z53 Z61 Z62 Z70,0.202244444444,0.0152481223851,0.202244444444,0.0152481223851
0.0478630092323,0.0478630092323,0.0478630092323,0.0478630092323,0.0478630092323,0.0478630092323,0.0478630092323,0.0478630092323,0.0478630092323,0.0478630092323,0.0478630092323,0.0478630092323,0.0478630092323,0.0478630092323,0.0478630092323,0.0478630092323,0.0478630092323,0.0478630092323,10,Z54 Z62 Z63 Z71,0.202577777778,0.0166401935346,0.202577777778,0.0166401935346
0.0478630092323,0.0478630092323,0.0478630092323,0.0478630092323,0.0478630092323,0.0478630092323,0.0478630092323,0.0478630092323,0.0478630092323,0.0478630092323,0.0478630092323,0.0478630092323,0.0478630092323,0.0478630092323,0.0478630092323,0.0478630092323,0.0478630092323,0.0478630092323,10,Z55 Z63 Z64 Z72,0.209088888889,0.0150396495978,0.209088888889,0.0150396495978
0.0478630092323,0.0478630092323,0.0478630092323,0.0478630092323,0.0478630092323,0.0478630092323,0.0478630092323,0.0478630092323,0.0478630092323,0.0478630092323,0.0478630092323,0.0478630092323,0.0478630092323,0.0478630092323,0.0478630092323,0.0478630092323,0.0478630092323,0.0478630092323,10,Z56 Z64 Z65 Z73,0.202955555556,0.0119970409293,0.202955555556,0.0119970409293
0.0478630092323,0.0478630092323,0.0478630092323,0.0478630092323,0.0478630092323,0.0478630092323,0.0478630092323,0.0478630092323,0.0478630092323,0.0478630092323,0.0478630092323,0.0478630092323,0.0478630092323,0.0478630092323,0.0478630092323,0.0478630092323,0.0478630092323,0.0478630092323,10,Z57 Z65 Z66 Z74,0.203733333333,0.017721212693,0.203733333333,0.017721212693
0.0478630092323,0.0478630092323,0.0478630092323,0.0478630092323,0.0478630092323,0.0478630092323,0.0478630092323,0.0478630092323,0.0478630092323,0.0478630092323,0.0478630092323,0.0478630092323,0.0478630092323,0.0478630092323,0.0478630092323,0.0478630092323,0.0478630092323,0.0478630092323,10,Z58 Z66 Z67 Z75,0.0173333333333,0.0108476033337,0.0173333333333,0.0108476033337
0.0478630092323,0.0478630092323,0.0478630092323,0.0478630092323,0.0478630092323,0.0478630092323,0.0478630092323,0.0478630092323,0.0478630092323,0.0478630092323,0.0478630092323,0.0478630092323,0.0478630092323,0.0478630092323,0.0478630092323,0.0478630092323,0.0478630092323,0.0478630092323,10,Z59 Z67 Z76,0.0160222222222,0.00939631187668,0.0160222222222,0.00939631187668
0.0478630092323,0.0478630092323,0.0478630092323,0.0478630092323,0.0478630092323,0.0478630092323,0.0478630092323,0.0478630092323,0.0478630092323,0.0478630092323,0.0478630092323,0.0478630092323,0.0478630092323,0.0478630092323,0.0478630092323,0.0478630092323,0.0478630092323,0.0478630092323,10,Z6 Z14 Z15 Z23,0.0181555555556,0.0138427770931,0.0181555555556,0.0138427770931
0.0478630092323,0.0478630092323,0.0478630092323,0.0478630092323,0.0478630092323,0.0478630092323,0.0478630092323,0.0478630092323,0.0478630092323,0.0478630092323,0.0478630092323,0.0478630092323,0.0478630092323,0.0478630092323,0.0478630092323,0.0478630092323,0.0478630092323,0.0478630092323,10,Z68 Z77 Z85,0.255888888889,0.0174979655814,0.255888888889,0.0174979655814
0.0478630092323,0.0478630092323,0.0478630092323,0.0478630092323,0.0478630092323,0.0478630092323,0.0478630092323,0.0478630092323,0.0478630092323,0.0478630092323,0.0478630092323,0.0478630092323,0.0478630092323,0.0478630092323,0.0478630092323,0.0478630092323,0.0478630092323,0.0478630092323,10,Z69 Z77 Z78 Z86,0.199733333333,0.0171936012334,0.199733333333,0.0171936012334
0.0478630092323,0.0478630092323,0.0478630092323,0.0478630092323,0.0478630092323,0.0478630092323,0.0478630092323,0.0478630092323,0.0478630092323,0.0478630092323,0.0478630092323,0.0478630092323,0.0478630092323,0.0478630092323,0.0478630092323,0.0478630092323,0.0478630092323,0.0478630092323,10,Z7 Z15 Z16 Z24,0.0171777777778,0.0130447897244,0.0171777777778,0.0130447897244
0.0478630092323,0.0478630092323,0.0478630092323,0.0478630092323,0.0478630092323,0.0478630092323,0.0478630092323,0.0478630092323,0.0478630092323,0.0478630092323,0.0478630092323,0.0478630092323,0.0478630092323,0.0478630092323,0.0478630092323,0.0478630092323,0.0478630092323,0.0478630092323,10,Z70 Z78 Z79 Z87,0.202577777778,0.0214456335406,0.202577777778,0.0214456335406
0.0478630092323,0.0478630092323,0.0478630092323,0.0478630092323,0.0478630092323,0.0478630092323,0.0478630092323,0.0478630092323,0.0478630092323,0.0478630092323,0.0478630092323,0.0478630092323,0.0478630092323,0.0478630092323,0.0478630092323,0.0478630092323,0.0478630092323,0.0478630092323,10,Z71 Z79 Z80 Z88,0.205822222222,0.0174267450537,0.205822222222,0.0174267450537
0.0478630092323,0.0478630092323,0.0478630092323,0.0478630092323,0.0478630092323,0.0478630092323,0.0478630092323,0.0478630092323,0.0478630092323,0.0478630092323,0.0478630092323,0.0478630092323,0.0478630092323,0.0478630092323,0.0478630092323,0.0478630092323,0.0478630092323,0.0478630092323,10,Z72 Z80 Z81 Z89,0.209755555556,0.0211793894849,0.209755555556,0.0211793894849
0.0478630092323,0.0478630092323,0.0478630092323,0.0478630092323,0.0478630092323,0.0478630092323,0.0478630092323,0.0478630092323,0.0478630092323,0.0478630092323,0.0478630092323,0.0478630092323,0.0478630092323,0.0478630092323,0.0478630092323,0.0478630092323,0.0478630092323,0.0478630092323,10,Z73 Z81 Z82 Z90,0.207,0.019021061124,0.207,0.019021061124
0.0478630092323,0.0478630092323,0.0478630092323,0.0478630092323,0.0478630092323,0.0478630092323,0.0478630092323,0.0478630092323,0.0478630092323,0.0478630092323,0.0478630092323,0.0478630092323,0.0478630092323,0.0478630092323,0.0478630092323,0.0478630092323,0.0478630092323,0.0478630092323,10,Z74 Z82 Z83 Z91,0.202422222222,0.0182469087989,0.202422222222,0.0182469087989
0.0478630092323,0.0478630092323,0.0478630092323,0.0478630092323,0.0478630092323,0.0478630092323,0.0478630092323,0.0478630092323,0.0478630092323,0.0478630092323,0.0478630092323,0.0478630092323,0.0478630092323,0.0478630092323,0.0478630092323,0.0478630092323,0.0478630092323,0.0478630092323,10,Z75 Z83 Z84 Z92,0.0168222222222,0.0115982338903,0.0168222222222,0.0115982338903
0.0478630092323,0.0478630092323,0.0478630092323,0.0478630092323,0.0478630092323,0.0478630092323,0.0478630092323,0.0478630092323,0.0478630092323,0.0478630092323,0.0478630092323,0.0478630092323,0.0478630092323,0.0478630092323,0.0478630092323,0.0478630092323,0.0478630092323,0.0478630092323,10,Z76 Z84 Z93,0.0173555555556,0.0128361120542,0.0173555555556,0.0128361120542
0.0478630092323,0.0478630092323,0.0478630092323,0.0478630092323,0.0478630092323,0.0478630092323,0.0478630092323,0.0478630092323,0.0478630092323,0.0478630092323,0.0478630092323,0.0478630092323,0.0478630092323,0.0478630092323,0.0478630092323,0.0478630092323,0.0478630092323,0.0478630092323,10,Z8 Z16 Z25,0.0109333333333,0.0103050781664,0.0109333333333,0.0103050781664
0.0478630092323,0.0478630092323,0.0478630092323,0.0478630092323,0.0478630092323,0.0478630092323,0.0478630092323,0.0478630092323,0.0478630092323,0.0478630092323,0.0478630092323,0.0478630092323,0.0478630092323,0.0478630092323,0.0478630092323,0.0478630092323,0.0478630092323,0.0478630092323,10,Z85 Z94 Z102,0.234866666667,0.0179596397237,0.234866666667,0.0179596397237
0.0478630092323,0.0478630092323,0.0478630092323,0.0478630092323,0.0478630092323,0.0478630092323,0.0478630092323,0.0478630092323,0.0478630092323,0.0478630092323,0.0478630092323,0.0478630092323,0.0478630092323,0.0478630092323,0.0478630092323,0.0478630092323,0.0478630092323,0.0478630092323,10,Z86 Z94 Z95 Z103,0.198088888889,0.0174748715776,0.198088888889,0.0174748715776
0.0478630092323,0.0478630092323,0.0478630092323,0.0478630092323,0.0478630092323,0.0478630092323,0.0478630092323,0.0478630092323,0.0478630092323,0.0478630092323,0.0478630092323,0.0478630092323,0.0478630092323,0.0478630092323,0.0478630092323,0.0478630092323,0.0478630092323,0.0478630092323,10,Z87 Z95 Z96 Z104,0.206488888889,0.0160620762588,0.206488888889,0.0160620762588
0.0478630092323,0.0478630092323,0.0478630092323,0.0478630092323,0.0478630092323,0.0478630092323,0.0478630092323,0.0478630092323,0.0478630092323,0.0478630092323,0.0478630092323,0.0478630092323,0.0478630092323,0.0478630092323,0.0478630092323,0.0478630092323,0.0478630092323,0.0478630092323,10,Z88 Z96 Z97 Z105,0.205488888889,0.0195055220265,0.205488888889,0.0195055220265
0.0478630092323,0.0478630092323,0.0478630092323,0.0478630092323,0.0478630092323,0.0478630092323,0.0478630092323,0.0478630092323,0.0478630092323,0.0478630092323,0.0478630092323,0.0478630092323,0.0478630092323,0.0478630092323,0.0478630092323,0.0478630092323,0.0478630092323,0.0478630092323,10,Z89 Z97 Z98 Z106,0.202977777778,0.0181257703408,0.202977777778,0.0181257703408
0.0478630092323,0.0478630092323,0.0478630092323,0.0478630092323,0.0478630092323,0.0478630092323,0.0478630092323,0.0478630092323,0.0478630092323,0.0478630092323,0.0478630092323,0.0478630092323,0.0478630092323,0.0478630092323,0.0478630092323,0.0478630092323,0.0478630092323,0.0478630092323,10,Z90 Z98 Z99 Z107,0.206155555556,0.0179088225723,0.206155555556,0.0179088225723
0.0478630092323,0.0478630092323,0.0478630092323,0.0478630092323,0.0478630092323,0.0478630092323,0.0478630092323,0.0478630092323,0.0478630092323,0.0478630092323,0.0478630092323,0.0478630092323,0.0478630092323,0.0478630092323,0.0478630092323,0.0478630092323,0.0478630092323,0.0478630092323,10,Z91 Z99 Z100 Z108,0.201844444444,0.0191838720044,0.201844444444,0.0191838720044
0.0478630092323,0.0478630092323,0.0478630092323,0.0478630092323,0.0478630092323,0.0478630092323,0.0478630092323,0.0478630092323,0.0478630092323,0.0478630092323,0.0478630092323,0.0478630092323,0.0478630092323,0.0478630092323,0.0478630092323,0.0478630092323,0.0478630092323,0.0478630092323,10,Z92 Z100 Z101 Z109,0.0166222222222,0.0127983875102,0.0166222222222,0.0127983875102
0.0478630092323,0.0478630092323,0.0478630092323,0.0478630092323,0.0478630092323,0.0478630092323,0.0478630092323,0.0478630092323,0.0478630092323,0.0478630092323,0.0478630092323,0.0478630092323,0.0478630092323,0.0478630092323,0.0478630092323,0.0478630092323,0.0478630092323,0.0478630092323,10,Z93 Z101 Z110,0.0151777777778,0.00917381469823,0.0151777777778,0.00917381469823
