g1_x,g1_y,g1_z,IX,IY,IZ,XI,XX,XY,XZ,YI,YX,YY,YZ,ZI,ZX,ZY,ZZ,round,operator,mean,std,mean_signed,std_signed
0.0109647819614,0.0109647819614,0.0109647819614,0.0109647819614,0.0109647819614,0.0109647819614,0.0109647819614,0.0109647819614,0.0109647819614,0.0109647819614,0.0109647819614,0.0109647819614,0.0109647819614,0.0109647819614,0.0109647819614,0.0109647819614,0.0109647819614,0.0109647819614,1,Logical X,0.501711111111,0.0141244423708,0.499111111111,0.0136584874132
0.0109647819614,0.0109647819614,0.0109647819614,0.0109647819614,0.0109647819614,0.0109647819614,0.0109647819614,0.0109647819614,0.0109647819614,0.0109647819614,0.0109647819614,0.0109647819614,0.0109647819614,0.0109647819614,0.0109647819614,0.0109647819614,0.0109647819614,0.0109647819614,1,Logical Y,0.0153333333333,0.0112471367152,-0.00382222222222,0.0157557344261
0.0109647819614,0.0109647819614,0.0109647819614,0.0109647819614,0.0109647819614,0.0109647819614,0.0109647819614,0.0109647819614,0.0109647819614,0.0109647819614,0.0109647819614,0.0109647819614,0.0109647819614,0.0109647819614,0.0109647819614,0.0109647819614,0.0109647819614,0.0109647819614,1,Logical Z,0.0130666666667,0.0125403257579,-0.000311111111111,0.0193128971128
0.0109647819614,0.0109647819614,0.0109647819614,0.0109647819614,0.0109647819614,0.0109647819614,0.0109647819614,0.0109647819614,0.0109647819614,0.0109647819614,0.0109647819614,0.0109647819614,0.0109647819614,0.0109647819614,0.0109647819614,0.0109647819614,0.0109647819614,0.0109647819614,1,X0 X1 X9,0.648755555556,0.0143195425057,0.648755555556,0.0143195425057
0.0109647819614,0.0109647819614,0.0109647819614,0.0109647819614,0.0109647819614,0.0109647819614,0.0109647819614,0.0109647819614,0.0109647819614,0.0109647819614,0.0109647819614,0.0109647819614,0.0109647819614,0.0109647819614,0.0109647819614,0.0109647819614,0.0109647819614,0.0109647819614,1,X1 X2 X10,0.494,0.015709040275,0.494,0.015709040275
0.0109647819614,0.0109647819614,0.0109647819614,0.0109647819614,0.0109647819614,0.0109647819614,0.0109647819614,0.0109647819614,0.0109647819614,0.0109647819614,0.0109647819614,0.0109647819614,0.0109647819614,0.0109647819614,0.0109647819614,0.0109647819614,0.0109647819614,0.0109647819614,1,X10 X18 X19 X27,0.622044444444,0.0133527827494,0.622044444444,0.0133527827494
0.0109647819614,0.0109647819614,0.0109647819614,0.0109647819614,0.0109647819614,0.0109647819614,0.0109647819614,0.0109647819614,0.0109647819614,0.0109647819614,0.0109647819614,0.0109647819614,0.0109647819614,0.0109647819614,0.0109647819614,0.0109647819614,0.0109647819614,0.0109647819614,1,X100 X108 X109 X117,0.624266666667,0.0164361996521,0.624266666667,0.0164361996521
0.0109647819614,0.0109647819614,0.0109647819614,0.0109647819614,0.0109647819614,0.0109647819614,0.0109647819614,0.0109647819614,0.0109647819614,0.0109647819614,0.0109647819614,0.0109647819614,0.0109647819614,0.0109647819614,0.0109647819614,0.0109647819614,0.0109647819614,0.0109647819614,1,X101 X109 X110 X118,0.0891555555556,0.0189889528952,0.0891555555556,0.0189889528952
0.0109647819614,0.0109647819614,0.0109647819614,0.0109647819614,0.0109647819614,0.0109647819614,0.0109647819614,0.0109647819614,0.0109647819614,0.0109647819614,0.0109647819614,0.0109647819614,0.0109647819614,0.0109647819614,0.0109647819614,0.0109647819614,0.0109647819614,0.0109647819614,1,X11 X19 X20 X28,0.622155555556,0.0137906440975,0.622155555556,0.0137906440975
0.0109647819614,0.0109647819614,0.0109647819614,0.0109647819614,0.0109647819614,0.0109647819614,0.0109647819614,0.0109647819614,0.0109647819614,0.0109647819614,0.0109647819614,0.0109647819614,0.0109647819614,0.0109647819614,0.0109647819614,0.0109647819614,0.0109647819614,0.0109647819614,1,X111 X119 X120 X128,0.628311111111,0.0113808784089,0.628311111111,0.0113808784089
0.0109647819614,0.0109647819614,0.0109647819614,0.0109647819614,0.0109647819614,0.0109647819614,0.0109647819614,0.0109647819614,0.0109647819614,0.0109647819614,0.0109647819614,0.0109647819614,0.0109647819614,0.0109647819614,0.0109647819614,0.0109647819614,0.0109647819614,0.0109647819614,1,X112 X120 X121 X129,0.621088888889,0.0152692145977,0.621088888889,0.0152692145977
0.0109647819614,0.0109647819614,0.0109647819614,0.0109647819614,0.0109647819614,0.0109647819614,0.0109647819614,0.0109647819614,0.0109647819614,0.0109647819614,0.0109647819614,0.0109647819614,0.0109647819614,0.0109647819614,0.0109647819614,0.0109647819614,0.0109647819614,0.0109647819614,1,X113 X121 X122 X130,0.620333333333,0.0124694262113,0.620333333333,0.0124694262113
0.0109647819614,0.0109647819614,0.0109647819614,0.0109647819614,0.0109647819614,0.0109647819614,0.0109647819614,0.0109647819614,0.0109647819614,0.0109647819614,0.0109647819614,0.0109647819614,0.0109647819614,0.0109647819614,0.0109647819614,0.0109647819614,0.0109647819614,0.0109647819614,1,X114 X122 X123 X131,0.626511111111,0.0123532716542,0.626511111111,0.0123532716542
0.0109647819614,0.0109647819614,0.0109647819614,0.0109647819614,0.0109647819614,0.0109647819614,0.0109647819614,0.0109647819614,0.0109647819614,0.0109647819614,0.0109647819614,0.0109647819614,0.0109647819614,0.0109647819614,0.0109647819614,0.0109647819614,0.0109647819614,0.0109647819614,1,X115 X123 X124 X132,0.619755555556,0.0139945072239,0.619755555556,0.0139945072239
0.0109647819614,0.0109647819614,0.0109647819614,0.0109647819614,0.0109647819614,0.0109647819614,0.0109647819614,0.0109647819614,0.0109647819614,0.0109647819614,0.0109647819614,0.0109647819614,0.0109647819614,0.0109647819614,0.0109647819614,0.0109647819614,0.0109647819614,0.0109647819614,1,X116 X124 X125 X133,0.6186,0.0157678075454,0.6186,0.0157678075454
0.0109647819614,0.0109647819614,0.0109647819614,0.0109647819614,0.0109647819614,0.0109647819614,0.0109647819614,0.0109647819614,0.0109647819614,0.0109647819614,0.0109647819614,0.0109647819614,0.0109647819614,0.0109647819614,0.0109647819614,0.0109647819614,0.0109647819614,0.0109647819614,1,X117 X125 X126 X134,0.622688888889,0.0174790368878,0.622688888889,0.0174790368878
0.0109647819614,0.0109647819614,0.0109647819614,0.0109647819614,0.0109647819614,0.0109647819614,0.0109647819614,0.0109647819614,0.0109647819614,0.0109647819614,0.0109647819614,0.0109647819614,0.0109647819614,0.0109647819614,0.0109647819614,0.0109647819614,0.0109647819614,0.0109647819614,1,X118 X126 X127 X135,0.0848444444444,0.0137341293524,0.0848444444444,0.0137341293524
0.0109647819614,0.0109647819614,0.0109647819614,0.0109647819614,0.0109647819614,0.0109647819614,0.0109647819614,0.0109647819614,0.0109647819614,0.0109647819614,0.0109647819614,0.0109647819614,0.0109647819614,0.0109647819614,0.0109647819614,0.0109647819614,0.0109647819614,0.0109647819614,1,X12 X20 X21 X29,0.624088888889,0.0120340937555,0.624088888889,0.0120340937555
0.0109647819614,0.0109647819614,0.0109647819614,0.0109647819614,0.0109647819614,0.0109647819614,0.0109647819614,0.0109647819614,0.0109647819614,0.0109647819614,0.0109647819614,0.0109647819614,0.0109647819614,0.0109647819614,0.0109647819614,0.0109647819614,0.0109647819614,0.0109647819614,1,X128 X136 X137,0.666444444444,0.00779101227608,0.666444444444,0.00779101227608
0.0109647819614,0.0109647819614,0.0109647819614,0.0109647819614,0.0109647819614,0.0109647819614,0.0109647819614,0.0109647819614,0.0109647819614,0.0109647819614,0.0109647819614,0.0109647819614,0.0109647819614,0.0109647819614,0.0109647819614,0.0109647819614,0.0109647819614,0.0109647819614,1,X129 X137 X138,0.670688888889,0.0111492601797,0.670688888889,0.0111492601797
0.0109647819614,0.0109647819614,0.0109647819614,0.0109647819614,0.0109647819614,0.0109647819614,0.0109647819614,0.0109647819614,0.0109647819614,0.0109647819614,0.0109647819614,0.0109647819614,0.0109647819614,0.0109647819614,0.0109647819614,0.0109647819614,0.0109647819614,0.0109647819614,1,X13 X21 X22 X30,0.627955555556,0.0164579420633,0.627955555556,0.0164579420633
0.0109647819614,0.0109647819614,0.0109647819614,0.0109647819614,0.0109647819614,0.0109647819614,0.0109647819614,0.0109647819614,0.0109647819614,0.0109647819614,0.0109647819614,0.0109647819614,0.0109647819614,0.0109647819614,0.0109647819614,0.0109647819614,0.0109647819614,0.0109647819614,1,X130 X138 X139,0.678222222222,0.0129239844553,0.678222222222,0.0129239844553
0.0109647819614,0.0109647819614,0.0109647819614,0.0109647819614,0.0109647819614,0.0109647819614,0.0109647819614,0.0109647819614,0.0109647819614,0.0109647819614,0.0109647819614,0.0109647819614,0.0109647819614,0.0109647819614,0.0109647819614,0.0109647819614,0.0109647819614,0.0109647819614,1,X131 X139 X140,0.679333333333,0.0152013308552,0.679333333333,0.0152013308552
0.0109647819614,0.0109647819614,0.0109647819614,0.0109647819614,0.0109647819614,0.0109647819614,0.0109647819614,0.0109647819614,0.0109647819614,0.0109647819614,0.0109647819614,0.0109647819614,0.0109647819614,0.0109647819614,0.0109647819614,0.0109647819614,0.0109647819614,0.0109647819614,1,X132 X140 X141,0.673711111111,0.0124015613074,0.673711111111,0.0124015613074
0.0109647819614,0.0109647819614,0.0109647819614,0.0109647819614,0.0109647819614,0.0109647819614,0.0109647819614,0.0109647819614,0.0109647819614,0.0109647819614,0.0109647819614,0.0109647819614,0.0109647819614,0.0109647819614,0.0109647819614,0.0109647819614,0.0109647819614,0.0109647819614,1,X133 X141 X142,0.675666666667,0.0138705012382,0.675666666667,0.0138705012382
0.0109647819614,0.0109647819614,0.0109647819614,0.0109647819614,0.0109647819614,0.0109647819614,0.0109647819614,0.0109647819614,0.0109647819614,0.0109647819614,0.0109647819614,0.0109647819614,0.0109647819614,0.0109647819614,0.0109647819614,0.0109647819614,0.0109647819614,0.0109647819614,1,X134 X142 X143,0.674977777778,0.0119073477214,0.674977777778,0.0119073477214
0.0109647819614,0.0109647819614,0.0109647819614,0.0109647819614,0.0109647819614,0.0109647819614,0.0109647819614,0.0109647819614,0.0109647819614,0.0109647819614,0.0109647819614,0.0109647819614,0.0109647819614,0.0109647819614,0.0109647819614,0.0109647819614,0.0109647819614,0.0109647819614,1,X135 X143 X144,0.0933333333333,0.0186280388506,0.0933333333333,0.0186280388506
0.0109647819614,0.0109647819614,0.0109647819614,0.0109647819614,0.0109647819614,0.0109647819614,0.0109647819614,0.0109647819614,0.0109647819614,0.0109647819614,0.0109647819614,0.0109647819614,0.0109647819614,0.0109647819614,0.0109647819614,0.0109647819614,0.0109647819614,0.0109647819614,1,X14 X22 X23 X31,0.6206,0.0157503025575,0.6206,0.0157503025575
0.0109647819614,0.0109647819614,0.0109647819614,0.0109647819614,0.0109647819614,0.0109647819614,0.0109647819614,0.0109647819614,0.0109647819614,0.0109647819614,0.0109647819614,0.0109647819614,0.0109647819614,0.0109647819614,0.0109647819614,0.0109647819614,0.0109647819614,0.0109647819614,1,X15 X23 X24 X32,0.624511111111,0.0135042871959,0.624511111111,0.0135042871959
0.0109647819614,0.0109647819614,0.0109647819614,0.0109647819614,0.0109647819614,0.0109647819614,0.0109647819614,0.0109647819614,0.0109647819614,0.0109647819614,0.0109647819614,0.0109647819614,0.0109647819614,0.0109647819614,0.0109647819614,0.0109647819614,0.0109647819614,0.0109647819614,1,X16 X24 X25 X33,0.103511111111,0.0197586458758,0.103511111111,0.0197586458758
0.0109647819614,0.0109647819614,0.0109647819614,0.0109647819614,0.0109647819614,0.0109647819614,0.0109647819614,0.0109647819614,0.0109647819614,0.0109647819614,0.0109647819614,0.0109647819614,0.0109647819614,0.0109647819614,0.0109647819614,0.0109647819614,0.0109647819614,0.0109647819614,1,X2 X3 X11,0.380244444444,0.00985330461062,0.380244444444,0.00985330461062
0.0109647819614,0.0109647819614,0.0109647819614,0.0109647819614,0.0109647819614,0.0109647819614,0.0109647819614,0.0109647819614,0.0109647819614,0.0109647819614,0.0109647819614,0.0109647819614,0.0109647819614,0.0109647819614,0.0109647819614,0.0109647819614,0.0109647819614,0.0109647819614,1,X26 X34 X35 X43,0.623555555556,0.0147191676149,0.623555555556,0.0147191676149
0.0109647819614,0.0109647819614,0.0109647819614,0.0109647819614,0.0109647819614,0.0109647819614,0.0109647819614,0.0109647819614,0.0109647819614,0.0109647819614,0.0109647819614,0.0109647819614,0.0109647819614,0.0109647819614,0.0109647819614,0.0109647819614,0.0109647819614,0.0109647819614,1,X27 X35 X36 X44,0.620044444444,0.0155205298062,0.620044444444,0.0155205298062
0.0109647819614,0.0109647819614,0.0109647819614,0.0109647819614,0.0109647819614,0.0109647819614,0.0109647819614,0.0109647819614,0.0109647819614,0.0109647819614,0.0109647819614,0.0109647819614,0.0109647819614,0.0109647819614,0.0109647819614,0.0109647819614,0.0109647819614,0.0109647819614,1,X28 X36 X37 X45,0.620288888889,0.0146611100585,0.620288888889,0.0146611100585
0.0109647819614,0.0109647819614,0.0109647819614,0.0109647819614,0.0109647819614,0.0109647819614,0.0109647819614,0.0109647819614,0.0109647819614,0.0109647819614,0.0109647819614,0.0109647819614,0.0109647819614,0.0109647819614,0.0109647819614,0.0109647819614,0.0109647819614,0.0109647819614,1,X29 X37 X38 X46,0.620755555556,0.0153705030076,0.620755555556,0.0153705030076
0.0109647819614,0.0109647819614,0.0109647819614,0.0109647819614,0.0109647819614,0.0109647819614,0.0109647819614,0.0109647819614,0.0109647819614,0.0109647819614,0.0109647819614,0.0109647819614,0.0109647819614,0.0109647819614,0.0109647819614,0.0109647819614,0.0109647819614,0.0109647819614,1,X3 X4 X12,0.292644444444,0.0162098152313,0.292644444444,0.0162098152313
0.0109647819614,0.0109647819614,0.0109647819614,0.0109647819614,0.0109647819614,0.0109647819614,0.0109647819614,0.0109647819614,0.0109647819614,0.0109647819614,0.0109647819614,0.0109647819614,0.0109647819614,0.0109647819614,0.0109647819614,0.0109647819614,0.0109647819614,0.0109647819614,1,X30 X38 X39 X47,0.622488888889,0.0123299881556,0.622488888889,0.0123299881556
0.0109647819614,0.0109647819614,0.0109647819614,0.0109647819614,0.0109647819614,0.0109647819614,0.0109647819614,0.0109647819614,0.0109647819614,0.0109647819614,0.0109647819614,0.0109647819614,0.0109647819614,0.0109647819614,0.0109647819614,0.0109647819614,0.0109647819614,0.0109647819614,1,X31 X39 X40 X48,0.620844444444,0.0158333595483,0.620844444444,0.0158333595483
0.0109647819614,0.0109647819614,0.0109647819614,0.0109647819614,0.0109647819614,0.0109647819614,0.0109647819614,0.0109647819614,0.0109647819614,0.0109647819614,0.0109647819614,0.0109647819614,0.0109647819614,0.0109647819614,0.0109647819614,0.0109647819614,0.0109647819614,0.0109647819614,1,X32 X40 X41 X49,0.620888888889,0.0103817306869,0.620888888889,0.0103817306869
0.0109647819614,0.0109647819614,0.0109647819614,0.0109647819614,0.0109647819614,0.0109647819614,0.0109647819614,0.0109647819614,0.0109647819614,0.0109647819614,0.0109647819614,0.0109647819614,0.0109647819614,0.0109647819614,0.0109647819614,0.0109647819614,0.0109647819614,0.0109647819614,1,X33 X41 X42 X50,0.110644444444,0.0169800273329,0.110644444444,0.0169800273329
0.0109647819614,0.0109647819614,0.0109647819614,0.0109647819614,0.0109647819614,0.0109647819614,0.0109647819614,0.0109647819614,0.0109647819614,0.0109647819614,0.0109647819614,0.0109647819614,0.0109647819614,0.0109647819614,0.0109647819614,0.0109647819614,0.0109647819614,0.0109647819614,1,X4 X5 X13,0.226333333333,0.0153465709974,0.226333333333,0.0153465709974
0.0109647819614,0.0109647819614,0.0109647819614,0.0109647819614,0.0109647819614,0.0109647819614,0.0109647819614,0.0109647819614,0.0109647819614,0.0109647819614,0.0109647819614,0.0109647819614,0.0109647819614,0.0109647819614,0.0109647819614,0.0109647819614,0.0109647819614,0.0109647819614,1,X43 X51 X52 X60,0.621511111111,0.0157810044728,0.621511111111,0.0157810044728
0.0109647819614,0.0109647819614,0.0109647819614,0.0109647819614,0.0109647819614,0.0109647819614,0.0109647819614,0.0109647819614,0.0109647819614,0.0109647819614,0.0109647819614,0.0109647819614,0.0109647819614,0.0109647819614,0.0109647819614,0.0109647819614,0.0109647819614,0.0109647819614,1,X44 X52 X53 X61,0.621133333333,0.0148123899676,0.621133333333,0.0148123899676
0.0109647819614,0.0109647819614,0.0109647819614,0.0109647819614,0.0109647819614,0.0109647819614,0.0109647819614,0.0109647819614,0.0109647819614,0.0109647819614,0.0109647819614,0.0109647819614,0.0109647819614,0.0109647819614,0.0109647819614,0.0109647819614,0.0109647819614,0.0109647819614,1,X45 X53 X54 X62,0.627222222222,0.0135636242552,0.627222222222,0.0135636242552
0.0109647819614,0.0109647819614,0.0109647819614,0.0109647819614,0.0109647819614,0.0109647819614,0.0109647819614,0.0109647819614,0.0109647819614,0.0109647819614,0.0109647819614,0.0109647819614,0.0109647819614,0.0109647819614,0.0109647819614,0.0109647819614,0.0109647819614,0.0109647819614,1,X46 X54 X55 X63,0.624266666667,0.01416768759,0.624266666667,0.01416768759
0.0109647819614,0.0109647819614,0.0109647819614,0.0109647819614,0.0109647819614,0.0109647819614,0.0109647819614,0.0109647819614,0.0109647819614,0.0109647819614,0.0109647819614,0.0109647819614,0.0109647819614,0.0109647819614,0.0109647819614,0.0109647819614,0.0109647819614,0.0109647819614,1,X47 X55 X56 X64,0.623155555556,0.011870222034,0.623155555556,0.011870222034
0.0109647819614,0.0109647819614,0.0109647819614,0.0109647819614,0.0109647819614,0.0109647819614,0.0109647819614,0.0109647819614,0.0109647819614,0.0109647819614,0.0109647819614,0.0109647819614,0.0109647819614,0.0109647819614,0.0109647819614,0.0109647819614,0.0109647819614,0.0109647819614,1,X48 X56 X57 X65,0.620644444444,0.0144142153476,0.620644444444,0.0144142153476
0.0109647819614,0.0109647819614,0.0109647819614,0.0109647819614,0.0109647819614,0.0109647819614,0.0109647819614,0.0109647819614,0.0109647819614,0.0109647819614,0.0109647819614,0.0109647819614,0.0109647819614,0.0109647819614,0.0109647819614,0.0109647819614,0.0109647819614,0.0109647819614,1,X49 X57 X58 X66,0.624377777778,0.0126717271601,0.624377777778,0.0126717271601
0.0109647819614,0.0109647819614,0.0109647819614,0.0109647819614,0.0109647819614,0.0109647819614,0.0109647819614,0.0109647819614,0.0109647819614,0.0109647819614,0.0109647819614,0.0109647819614,0.0109647819614,0.0109647819614,0.0109647819614,0.0109647819614,0.0109647819614,0.0109647819614,1,X5 X6 X14,0.175511111111,0.0145343386063,0.175511111111,0.0145343386063
0.0109647819614,0.0109647819614,0.0109647819614,0.0109647819614,0.0109647819614,0.0109647819614,0.0109647819614,0.0109647819614,0.0109647819614,0.0109647819614,0.0109647819614,0.0109647819614,0.0109647819614,0.0109647819614,0.0109647819614,0.0109647819614,0.0109647819614,0.0109647819614,1,X50 X58 X59 X67,0.0919333333333,0.0187194246236,0.0919333333333,0.0187194246236
0.0109647819614,0.0109647819614,0.0109647819614,0.0109647819614,0.0109647819614,0.0109647819614,0.0109647819614,0.0109647819614,0.0109647819614,0.0109647819614,0.0109647819614,0.0109647819614,0.0109647819614,0.0109647819614,0.0109647819614,0.0109647819614,0.0109647819614,0.0109647819614,1,X6 X7 X15,0.130955555556,0.0158118083168,0.130955555556,0.0158118083168
0.0109647819614,0.0109647819614,0.0109647819614,0.0109647819614,0.0109647819614,0.0109647819614,0.0109647819614,0.0109647819614,0.0109647819614,0.0109647819614,0.0109647819614,0.0109647819614,0.0109647819614,0.0109647819614,0.0109647819614,0.0109647819614,0.0109647819614,0.0109647819614,1,X60 X68 X69 X77,0.622355555556,0.0155922500971,0.622355555556,0.0155922500971
0.0109647819614,0.0109647819614,0.0109647819614,0.0109647819614,0.0109647819614,0.0109647819614,0.0109647819614,0.0109647819614,0.0109647819614,0.0109647819614,0.0109647819614,0.0109647819614,0.0109647819614,0.0109647819614,0.0109647819614,0.0109647819614,0.0109647819614,0.0109647819614,1,X61 X69 X70 X78,0.624577777778,0.0149232861658,0.624577777778,0.0149232861658
0.0109647819614,0.0109647819614,0.0109647819614,0.0109647819614,0.0109647819614,0.0109647819614,0.0109647819614,0.0109647819614,0.0109647819614,0.0109647819614,0.0109647819614,0.0109647819614,0.0109647819614,0.0109647819614,0.0109647819614,0.0109647819614,0.0109647819614,0.0109647819614,1,X62 X70 X71 X79,0.624222222222,0.0141598248072,0.624222222222,0.0141598248072
0.0109647819614,0.0109647819614,0.0109647819614,0.0109647819614,0.0109647819614,0.0109647819614,0.0109647819614,0.0109647819614,0.0109647819614,0.0109647819614,0.0109647819614,0.0109647819614,0.0109647819614,0.0109647819614,0.0109647819614,0.0109647819614,0.0109647819614,0.0109647819614,1,X63 X71 X72 X80,0.618977777778,0.0132245369686,0.618977777778,0.0132245369686
0.0109647819614,0.0109647819614,0.0109647819614,0.0109647819614,0.0109647819614,0.0109647819614,0.0109647819614,0.0109647819614,0.0109647819614,0.0109647819614,0.0109647819614,0.0109647819614,0.0109647819614,0.0109647819614,0.0109647819614,0.0109647819614,0.0109647819614,0.0109647819614,1,X64 X72 X73 X81,0.621977777778,0.0134597265983,0.621977777778,0.0134597265983
0.0109647819614,0.0109647819614,0.0109647819614,0.0109647819614,0.0109647819614,0.0109647819614,0.0109647819614,0.0109647819614,0.0109647819614,0.0109647819614,0.0109647819614,0.0109647819614,0.0109647819614,0.0109647819614,0.0109647819614,0.0109647819614,0.0109647819614,0.0109647819614,1,X65 X73 X74 X82,0.620377777778,0.0117047762898,0.620377777778,0.0117047762898
0.0109647819614,0.0109647819614,0.0109647819614,0.0109647819614,0.0109647819614,0.0109647819614,0.0109647819614,0.0109647819614,0.0109647819614,0.0109647819614,0.0109647819614,0.0109647819614,0.0109647819614,0.0109647819614,0.0109647819614,0.0109647819614,0.0109647819614,0.0109647819614,1,X66 X74 X75 X83,0.622866666667,0.0140302355496,0.622866666667,0.0140302355496
0.0109647819614,0.0109647819614,0.0109647819614,0.0109647819614,0.0109647819614,0.0109647819614,0.0109647819614,0.0109647819614,0.0109647819614,0.0109647819614,0.0109647819614,0.0109647819614,0.0109647819614,0.0109647819614,0.0109647819614,0.0109647819614,0.0109647819614,0.0109647819614,1,X67 X75 X76 X84,0.0968888888889,0.0228379822993,0.0968888888889,0.0228379822993
0.0109647819614,0.0109647819614,0.0109647819614,0.0109647819614,0.0109647819614,0.0109647819614,0.0109647819614,0.0109647819614,0.0109647819614,0.0109647819614,0.0109647819614,0.0109647819614,0.0109647819614,0.0109647819614,0.0109647819614,0.0109647819614,0.0109647819614,0.0109647819614,1,X7 X8 X16,0.112888888889,0.0155357290179,0.112888888889,0.0155357290179
0.0109647819614,0.0109647819614,0.0109647819614,0.0109647819614,0.0109647819614,0.0109647819614,0.0109647819614,0.0109647819614,0.0109647819614,0.0109647819614,0.0109647819614,0.0109647819614,0.0109647819614,0.0109647819614,0.0109647819614,0.0109647819614,0.0109647819614,0.0109647819614,1,X77 X85 X86 X94,0.622,0.0151609500405,0.622,0.0151609500405
0.0109647819614,0.0109647819614,0.0109647819614,0.0109647819614,0.0109647819614,0.0109647819614,0.0109647819614,0.0109647819614,0.0109647819614,0.0109647819614,0.0109647819614,0.0109647819614,0.0109647819614,0.0109647819614,0.0109647819614,0.0109647819614,0.0109647819614,0.0109647819614,1,X78 X86 X87 X95,0.626511111111,0.00953747732992,0.626511111111,0.00953747732992
0.0109647819614,0.0109647819614,0.0109647819614,0.0109647819614,0.0109647819614,0.0109647819614,0.0109647819614,0.0109647819614,0.0109647819614,0.0109647819614,0.0109647819614,0.0109647819614,0.0109647819614,0.0109647819614,0.0109647819614,0.0109647819614,0.0109647819614,0.0109647819614,1,X79 X87 X88 X96,0.620622222222,0.0137307812977,0.620622222222,0.0137307812977
0.0109647819614,0.0109647819614,0.0109647819614,0.0109647819614,0.0109647819614,0.0109647819614,0.0109647819614,0.0109647819614,0.0109647819614,0.0109647819614,0.0109647819614,0.0109647819614,0.0109647819614,0.0109647819614,0.0109647819614,0.0109647819614,0.0109647819614,0.0109647819614,1,X80 X88 X89 X97,0.620333333333,0.010253118393,0.620333333333,0.010253118393
0.0109647819614,0.0109647819614,0.0109647819614,0.0109647819614,0.0109647819614,0.0109647819614,0.0109647819614,0.0109647819614,0.0109647819614,0.0109647819614,0.0109647819614,0.0109647819614,0.0109647819614,0.0109647819614,0.0109647819614,0.0109647819614,0.0109647819614,0.0109647819614,1,X81 X89 X90 X98,0.621844444444,0.0131115851593,0.621844444444,0.0131115851593
0.0109647819614,0.0109647819614,0.0109647819614,0.0109647819614,0.0109647819614,0.0109647819614,0.0109647819614,0.0109647819614,0.0109647819614,0.0109647819614,0.0109647819614,0.0109647819614,0.0109647819614,0.0109647819614,0.0109647819614,0.0109647819614,0.0109647819614,0.0109647819614,1,X82 X90 X91 X99,0.624844444444,0.015413516816,0.624844444444,0.015413516816
0.0109647819614,0.0109647819614,0.0109647819614,0.0109647819614,0.0109647819614,0.0109647819614,0.0109647819614,0.0109647819614,0.0109647819614,0.0109647819614,0.0109647819614,0.0109647819614,0.0109647819614,0.0109647819614,0.0109647819614,0.0109647819614,0.0109647819614,0.0109647819614,1,X83 X91 X92 X100,0.6284,0.0128314747124,0.6284,0.0128314747124
0.0109647819614,0.0109647819614,0.0109647819614,0.0109647819614,0.0109647819614,0.0109647819614,0.0109647819614,0.0109647819614,0.0109647819614,0.0109647819614,0.0109647819614,0.0109647819614,0.0109647819614,0.0109647819614,0.0109647819614,0.0109647819614,0.0109647819614,0.0109647819614,1,X84 X92 X93 X101,0.0956222222222,0.0235466006256,0.0956222222222,0.0235466006256
0.0109647819614,0.0109647819614,0.0109647819614,0.0109647819614,0.0109647819614,0.0109647819614,0.0109647819614,0.0109647819614,0.0109647819614,0.0109647819614,0.0109647819614,0.0109647819614,0.0109647819614,0.0109647819614,0.0109647819614,0.0109647819614,0.0109647819614,0.0109647819614,1,X9 X17 X18 X26,0.623644444444,0.0167127944045,0.623644444444,0.0167127944045
0.0109647819614,0.0109647819614,0.0109647819614,0.0109647819614,0.0109647819614,0.0109647819614,0.0109647819614,0.0109647819614,0.0109647819614,0.0109647819614,0.0109647819614,0.0109647819614,0.0109647819614,0.0109647819614,0.0109647819614,0.0109647819614,0.0109647819614,0.0109647819614,1,X94 X102 X103 X111,0.626844444444,0.0149245184712,0.626844444444,0.0149245184712
0.0109647819614,0.0109647819614,0.0109647819614,0.0109647819614,0.0109647819614,0.0109647819614,0.0109647819614,0.0109647819614,0.0109647819614,0.0109647819614,0.0109647819614,0.0109647819614,0.0109647819614,0.0109647819614,0.0109647819614,0.0109647819614,0.0109647819614,0.0109647819614,1,X95 X103 X104 X112,0.620022222222,0.0152952884673,0.620022222222,0.0152952884673
0.0109647819614,0.0109647819614,0.0109647819614,0.0109647819614,0.0109647819614,0.0109647819614,0.0109647819614,0.0109647819614,0.0109647819614,0.0109647819614,0.0109647819614,0.0109647819614,0.0109647819614,0.0109647819614,0.0109647819614,0.0109647819614,0.0109647819614,0.0109647819614,1,X96 X104 X105 X113,0.6244,0.014474816286,0.6244,0.014474816286
0.0109647819614,0.0109647819614,0.0109647819614,0.0109647819614,0.0109647819614,0.0109647819614,0.0109647819614,0.0109647819614,0.0109647819614,0.0109647819614,0.0109647819614,0.0109647819614,0.0109647819614,0.0109647819614,0.0109647819614,0.0109647819614,0.0109647819614,0.0109647819614,1,X97 X105 X106 X114,0.623333333333,0.0142812472491,0.623333333333,0.0142812472491
0.0109647819614,0.0109647819614,0.0109647819614,0.0109647819614,0.0109647819614,0.0109647819614,0.0109647819614,0.0109647819614,0.0109647819614,0.0109647819614,0.0109647819614,0.0109647819614,0.0109647819614,0.0109647819614,0.0109647819614,0.0109647819614,0.0109647819614,0.0109647819614,1,X98 X106 X107 X115,0.6216,0.0154737201515,0.6216,0.0154737201515
0.0109647819614,0.0109647819614,0.0109647819614,0.0109647819614,0.0109647819614,0.0109647819614,0.0109647819614,0.0109647819614,0.0109647819614,0.0109647819614,0.0109647819614,0.0109647819614,0.0109647819614,0.0109647819614,0.0109647819614,0.0109647819614,0.0109647819614,0.0109647819614,1,X99 X107 X108 X116,0.619555555556,0.0174350097727,0.619555555556,0.0174350097727
0.0109647819614,0.0109647819614,0.0109647819614,0.0109647819614,0.0109647819614,0.0109647819614,0.0109647819614,0.0109647819614,0.0109647819614,0.0109647819614,0.0109647819614,0.0109647819614,0.0109647819614,0.0109647819614,0.0109647819614,0.0109647819614,0.0109647819614,0.0109647819614,1,Z0 Z9 Z17,0.763488888889,0.0129030375506,0.763488888889,0.0129030375506
0.0109647819614,0.0109647819614,0.0109647819614,0.0109647819614,0.0109647819614,0.0109647819614,0.0109647819614,0.0109647819614,0.0109647819614,0.0109647819614,0.0109647819614,0.0109647819614,0.0109647819614,0.0109647819614,0.0109647819614,0.0109647819614,0.0109647819614,0.0109647819614,1,Z1 Z9 Z10 Z18,0.594311111111,0.0127813721415,0.594311111111,0.0127813721415
0.0109647819614,0.0109647819614,0.0109647819614,0.0109647819614,0.0109647819614,0.0109647819614,0.0109647819614,0.0109647819614,0.0109647819614,0.0109647819614,0.0109647819614,0.0109647819614,0.0109647819614,0.0109647819614,0.0109647819614,0.0109647819614,0.0109647819614,0.0109647819614,1,Z102 Z111 Z119,0.706755555556,0.0135134198471,0.706755555556,0.0135134198471
0.0109647819614,0.0109647819614,0.0109647819614,0.0109647819614,0.0109647819614,0.0109647819614,0.0109647819614,0.0109647819614,0.0109647819614,0.0109647819614,0.0109647819614,0.0109647819614,0.0109647819614,0.0109647819614,0.0109647819614,0.0109647819614,0.0109647819614,0.0109647819614,1,Z103 Z111 Z112 Z120,0.690644444444,0.0132346732966,0.690644444444,0.0132346732966
0.0109647819614,0.0109647819614,0.0109647819614,0.0109647819614,0.0109647819614,0.0109647819614,0.0109647819614,0.0109647819614,0.0109647819614,0.0109647819614,0.0109647819614,0.0109647819614,0.0109647819614,0.0109647819614,0.0109647819614,0.0109647819614,0.0109647819614,0.0109647819614,1,Z104 Z112 Z113 Z121,0.696777777778,0.0119975519001,0.696777777778,0.0119975519001
0.0109647819614,0.0109647819614,0.0109647819614,0.0109647819614,0.0109647819614,0.0109647819614,0.0109647819614,0.0109647819614,0.0109647819614,0.0109647819614,0.0109647819614,0.0109647819614,0.0109647819614,0.0109647819614,0.0109647819614,0.0109647819614,0.0109647819614,0.0109647819614,1,Z105 Z113 Z114 Z122,0.692111111111,0.0124353757323,0.692111111111,0.0124353757323
0.0109647819614,0.0109647819614,0.0109647819614,0.0109647819614,0.0109647819614,0.0109647819614,0.0109647819614,0.0109647819614,0.0109647819614,0.0109647819614,0.0109647819614,0.0109647819614,0.0109647819614,0.0109647819614,0.0109647819614,0.0109647819614,0.0109647819614,0.0109647819614,1,Z106 Z114 Z115 Z123,0.694555555556,0.0139984491022,0.694555555556,0.0139984491022
0.0109647819614,0.0109647819614,0.0109647819614,0.0109647819614,0.0109647819614,0.0109647819614,0.0109647819614,0.0109647819614,0.0109647819614,0.0109647819614,0.0109647819614,0.0109647819614,0.0109647819614,0.0109647819614,0.0109647819614,0.0109647819614,0.0109647819614,0.0109647819614,1,Z107 Z115 Z116 Z124,0.695155555556,0.0134738951049,0.695155555556,0.0134738951049
0.0109647819614,0.0109647819614,0.0109647819614,0.0109647819614,0.0109647819614,0.0109647819614,0.0109647819614,0.0109647819614,0.0109647819614,0.0109647819614,0.0109647819614,0.0109647819614,0.0109647819614,0.0109647819614,0.0109647819614,0.0109647819614,0.0109647819614,0.0109647819614,1,Z108 Z116 Z117 Z125,0.691422222222,0.0115027677274,0.691422222222,0.0115027677274
0.0109647819614,0.0109647819614,0.0109647819614,0.0109647819614,0.0109647819614,0.0109647819614,0.0109647819614,0.0109647819614,0.0109647819614,0.0109647819614,0.0109647819614,0.0109647819614,0.0109647819614,0.0109647819614,0.0109647819614,0.0109647819614,0.0109647819614,0.0109647819614,1,Z109 Z117 Z118 Z126,0.2508,0.0207598197233,0.2508,0.0207598197233
0.0109647819614,0.0109647819614,0.0109647819614,0.0109647819614,0.0109647819614,0.0109647819614,0.0109647819614,0.0109647819614,0.0109647819614,0.0109647819614,0.0109647819614,0.0109647819614,0.0109647819614,0.0109647819614,0.0109647819614,0.0109647819614,0.0109647819614,0.0109647819614,1,Z110 Z118 Z127,0.311577777778,0.0174685120841,0.311577777778,0.0174685120841
0.0109647819614,0.0109647819614,0.0109647819614,0.0109647819614,0.0109647819614,0.0109647819614,0.0109647819614,0.0109647819614,0.0109647819614,0.0109647819614,0.0109647819614,0.0109647819614,0.0109647819614,0.0109647819614,0.0109647819614,0.0109647819614,0.0109647819614,0.0109647819614,1,Z119 Z128 Z136,0.704511111111,0.012613540536,0.704511111111,0.012613540536
0.0109647819614,0.0109647819614,0.0109647819614,0.0109647819614,0.0109647819614,0.0109647819614,0.0109647819614,0.0109647819614,0.0109647819614,0.0109647819614,0.0109647819614,0.0109647819614,0.0109647819614,0.0109647819614,0.0109647819614,0.0109647819614,0.0109647819614,0.0109647819614,1,Z120 Z128 Z129 Z137,0.7016,0.012285991774,0.7016,0.012285991774
0.0109647819614,0.0109647819614,0.0109647819614,0.0109647819614,0.0109647819614,0.0109647819614,0.0109647819614,0.0109647819614,0.0109647819614,0.0109647819614,0.0109647819614,0.0109647819614,0.0109647819614,0.0109647819614,0.0109647819614,0.0109647819614,0.0109647819614,0.0109647819614,1,Z121 Z129 Z130 Z138,0.700422222222,0.0104025981625,0.700422222222,0.0104025981625
0.0109647819614,0.0109647819614,0.0109647819614,0.0109647819614,0.0109647819614,0.0109647819614,0.0109647819614,0.0109647819614,0.0109647819614,0.0109647819614,0.0109647819614,0.0109647819614,0.0109647819614,0.0109647819614,0.0109647819614,0.0109647819614,0.0109647819614,0.0109647819614,1,Z122 Z130 Z131 Z139,0.702466666667,0.009981054851,0.702466666667,0.009981054851
0.0109647819614,0.0109647819614,0.0109647819614,0.0109647819614,0.0109647819614,0.0109647819614,0.0109647819614,0.0109647819614,0.0109647819614,0.0109647819614,0.0109647819614,0.0109647819614,0.0109647819614,0.0109647819614,0.0109647819614,0.0109647819614,0.0109647819614,0.0109647819614,1,Z123 Z131 Z132 Z140,0.701422222222,0.011664181454,0.701422222222,0.011664181454
0.0109647819614,0.0109647819614,0.0109647819614,0.0109647819614,0.0109647819614,0.0109647819614,0.0109647819614,0.0109647819614,0.0109647819614,0.0109647819614,0.0109647819614,0.0109647819614,0.0109647819614,0.0109647819614,0.0109647819614,0.0109647819614,0.0109647819614,0.0109647819614,1,Z124 Z132 Z133 Z141,0.701911111111,0.0135066134881,0.701911111111,0.0135066134881
0.0109647819614,0.0109647819614,0.0109647819614,0.0109647819614,0.0109647819614,0.0109647819614,0.0109647819614,0.0109647819614,0.0109647819614,0.0109647819614,0.0109647819614,0.0109647819614,0.0109647819614,0.0109647819614,0.0109647819614,0.0109647819614,0.0109647819614,0.0109647819614,1,Z125 Z133 Z134 Z142,0.699666666667,0.00931319666838,0.699666666667,0.00931319666838
0.0109647819614,0.0109647819614,0.0109647819614,0.0109647819614,0.0109647819614,0.0109647819614,0.0109647819614,0.0109647819614,0.0109647819614,0.0109647819614,0.0109647819614,0.0109647819614,0.0109647819614,0.0109647819614,0.0109647819614,0.0109647819614,0.0109647819614,0.0109647819614,1,Z126 Z134 Z135 Z143,0.243888888889,0.0175224723437,0.243888888889,0.0175224723437
0.0109647819614,0.0109647819614,0.0109647819614,0.0109647819614,0.0109647819614,0.0109647819614,0.0109647819614,0.0109647819614,0.0109647819614,0.0109647819614,0.0109647819614,0.0109647819614,0.0109647819614,0.0109647819614,0.0109647819614,0.0109647819614,0.0109647819614,0.0109647819614,1,Z127 Z135 Z144,0.114288888889,0.0175605647832,0.114288888889,0.0175605647832
0.0109647819614,0.0109647819614,0.0109647819614,0.0109647819614,0.0109647819614,0.0109647819614,0.0109647819614,0.0109647819614,0.0109647819614,0.0109647819614,0.0109647819614,0.0109647819614,0.0109647819614,0.0109647819614,0.0109647819614,0.0109647819614,0.0109647819614,0.0109647819614,1,Z17 Z26 Z34,0.762822222222,0.00836098095646,0.762822222222,0.00836098095646
0.0109647819614,0.0109647819614,0.0109647819614,0.0109647819614,0.0109647819614,0.0109647819614,0.0109647819614,0.0109647819614,0.0109647819614,0.0109647819614,0.0109647819614,0.0109647819614,0.0109647819614,0.0109647819614,0.0109647819614,0.0109647819614,0.0109647819614,0.0109647819614,1,Z18 Z26 Z27 Z35,0.690711111111,0.0139027088331,0.690711111111,0.0139027088331
0.0109647819614,0.0109647819614,0.0109647819614,0.0109647819614,0.0109647819614,0.0109647819614,0.0109647819614,0.0109647819614,0.0109647819614,0.0109647819614,0.0109647819614,0.0109647819614,0.0109647819614,0.0109647819614,0.0109647819614,0.0109647819614,0.0109647819614,0.0109647819614,1,Z19 Z27 Z28 Z36,0.693288888889,0.0136288327825,0.693288888889,0.0136288327825
0.0109647819614,0.0109647819614,0.0109647819614,0.0109647819614,0.0109647819614,0.0109647819614,0.0109647819614,0.0109647819614,0.0109647819614,0.0109647819614,0.0109647819614,0.0109647819614,0.0109647819614,0.0109647819614,0.0109647819614,0.0109647819614,0.0109647819614,0.0109647819614,1,Z2 Z10 Z11 Z19,0.520711111111,0.0162583861846,0.520711111111,0.0162583861846
0.0109647819614,0.0109647819614,0.0109647819614,0.0109647819614,0.0109647819614,0.0109647819614,0.0109647819614,0.0109647819614,0.0109647819614,0.0109647819614,0.0109647819614,0.0109647819614,0.0109647819614,0.0109647819614,0.0109647819614,0.0109647819614,0.0109647819614,0.0109647819614,1,Z20 Z28 Z29 Z37,0.692066666667,0.0140947532424,0.692066666667,0.0140947532424
0.0109647819614,0.0109647819614,0.0109647819614,0.0109647819614,0.0109647819614,0.0109647819614,0.0109647819614,0.0109647819614,0.0109647819614,0.0109647819614,0.0109647819614,0.0109647819614,0.0109647819614,0.0109647819614,0.0109647819614,0.0109647819614,0.0109647819614,0.0109647819614,1,Z21 Z29 Z30 Z38,0.688288888889,0.0135484750053,0.688288888889,0.0135484750053
0.0109647819614,0.0109647819614,0.0109647819614,0.0109647819614,0.0109647819614,0.0109647819614,0.0109647819614,0.0109647819614,0.0109647819614,0.0109647819614,0.0109647819614,0.0109647819614,0.0109647819614,0.0109647819614,0.0109647819614,0.0109647819614,0.0109647819614,0.0109647819614,1,Z22 Z30 Z31 Z39,0.694244444444,0.0143502795662,0.694244444444,0.0143502795662
0.0109647819614,0.0109647819614,0.0109647819614,0.0109647819614,0.0109647819614,0.0109647819614,0.0109647819614,0.0109647819614,0.0109647819614,0.0109647819614,0.0109647819614,0.0109647819614,0.0109647819614,0.0109647819614,0.0109647819614,0.0109647819614,0.0109647819614,0.0109647819614,1,Z23 Z31 Z32 Z40,0.690466666667,0.0147241818981,0.690466666667,0.0147241818981
0.0109647819614,0.0109647819614,0.0109647819614,0.0109647819614,0.0109647819614,0.0109647819614,0.0109647819614,0.0109647819614,0.0109647819614,0.0109647819614,0.0109647819614,0.0109647819614,0.0109647819614,0.0109647819614,0.0109647819614,0.0109647819614,0.0109647819614,0.0109647819614,1,Z24 Z32 Z33 Z41,0.295444444444,0.0186461984114,0.295444444444,0.0186461984114
0.0109647819614,0.0109647819614,0.0109647819614,0.0109647819614,0.0109647819614,0.0109647819614,0.0109647819614,0.0109647819614,0.0109647819614,0.0109647819614,0.0109647819614,0.0109647819614,0.0109647819614,0.0109647819614,0.0109647819614,0.0109647819614,0.0109647819614,0.0109647819614,1,Z25 Z33 Z42,0.287311111111,0.0188134486285,0.287311111111,0.0188134486285
0.0109647819614,0.0109647819614,0.0109647819614,0.0109647819614,0.0109647819614,0.0109647819614,0.0109647819614,0.0109647819614,0.0109647819614,0.0109647819614,0.0109647819614,0.0109647819614,0.0109647819614,0.0109647819614,0.0109647819614,0.0109647819614,0.0109647819614,0.0109647819614,1,Z3 Z11 Z12 Z20,0.456911111111,0.0165244352523,0.456911111111,0.0165244352523
0.0109647819614,0.0109647819614,0.0109647819614,0.0109647819614,0.0109647819614,0.0109647819614,0.0109647819614,0.0109647819614,0.0109647819614,0.0109647819614,0.0109647819614,0.0109647819614,0.0109647819614,0.0109647819614,0.0109647819614,0.0109647819614,0.0109647819614,0.0109647819614,1,Z34 Z43 Z51,0.751355555556,0.0119198901141,0.751355555556,0.0119198901141
0.0109647819614,0.0109647819614,0.0109647819614,0.0109647819614,0.0109647819614,0.0109647819614,0.0109647819614,0.0109647819614,0.0109647819614,0.0109647819614,0.0109647819614,0.0109647819614,0.0109647819614,0.0109647819614,0.0109647819614,0.0109647819614,0.0109647819614,0.0109647819614,1,Z35 Z43 Z44 Z52,0.689888888889,0.0121851405435,0.689888888889,0.0121851405435
0.0109647819614,0.0109647819614,0.0109647819614,0.0109647819614,0.0109647819614,0.0109647819614,0.0109647819614,0.0109647819614,0.0109647819614,0.0109647819614,0.0109647819614,0.0109647819614,0.0109647819614,0.0109647819614,0.0109647819614,0.0109647819614,0.0109647819614,0.0109647819614,1,Z36 Z44 Z45 Z53,0.695866666667,0.0135175776016,0.695866666667,0.0135175776016
0.0109647819614,0.0109647819614,0.0109647819614,0.0109647819614,0.0109647819614,0.0109647819614,0.0109647819614,0.0109647819614,0.0109647819614,0.0109647819614,0.0109647819614,0.0109647819614,0.0109647819614,0.0109647819614,0.0109647819614,0.0109647819614,0.0109647819614,0.0109647819614,1,Z37 Z45 Z46 Z54,0.698777777778,0.013298901903,0.698777777778,0.013298901903
0.0109647819614,0.0109647819614,0.0109647819614,0.0109647819614,0.0109647819614,0.0109647819614,0.0109647819614,0.0109647819614,0.0109647819614,0.0109647819614,0.0109647819614,0.0109647819614,0.0109647819614,0.0109647819614,0.0109647819614,0.0109647819614,0.0109647819614,0.0109647819614,1,Z38 Z46 Z47 Z55,0.693044444444,0.0106705213342,0.693044444444,0.0106705213342
0.0109647819614,0.0109647819614,0.0109647819614,0.0109647819614,0.0109647819614,0.0109647819614,0.0109647819614,0.0109647819614,0.0109647819614,0.0109647819614,0.0109647819614,0.0109647819614,0.0109647819614,0.0109647819614,0.0109647819614,0.0109647819614,0.0109647819614,0.0109647819614,1,Z39 Z47 Z48 Z56,0.694577777778,0.0119600014523,0.694577777778,0.0119600014523
0.0109647819614,0.0109647819614,0.0109647819614,0.0109647819614,0.0109647819614,0.0109647819614,0.0109647819614,0.0109647819614,0.0109647819614,0.0109647819614,0.0109647819614,0.0109647819614,0.0109647819614,0.0109647819614,0.0109647819614,0.0109647819614,0.0109647819614,0.0109647819614,1,Z4 Z12 Z13 Z21,0.404088888889,0.016932349807,0.404088888889,0.016932349807
0.0109647819614,0.0109647819614,0.0109647819614,0.0109647819614,0.0109647819614,0.0109647819614,0.0109647819614,0.0109647819614,0.0109647819614,0.0109647819614,0.0109647819614,0.0109647819614,0.0109647819614,0.0109647819614,0.0109647819614,0.0109647819614,0.0109647819614,0.0109647819614,1,Z40 Z48 Z49 Z57,0.697466666667,0.0116334831858,0.697466666667,0.0116334831858
0.0109647819614,0.0109647819614,0.0109647819614,0.0109647819614,0.0109647819614,0.0109647819614,0.0109647819614,0.0109647819614,0.0109647819614,0.0109647819614,0.0109647819614,0.0109647819614,0.0109647819614,0.0109647819614,0.0109647819614,0.0109647819614,0.0109647819614,0.0109647819614,1,Z41 Z49 Z50 Z58,0.279155555556,0.0167294755212,0.279155555556,0.0167294755212
0.0109647819614,0.0109647819614,0.0109647819614,0.0109647819614,0.0109647819614,0.0109647819614,0.0109647819614,0.0109647819614,0.0109647819614,0.0109647819614,0.0109647819614,0.0109647819614,0.0109647819614,0.0109647819614,0.0109647819614,0.0109647819614,0.0109647819614,0.0109647819614,1,Z42 Z50 Z59,0.2894,0.0138656387771,0.2894,0.0138656387771
0.0109647819614,0.0109647819614,0.0109647819614,0.0109647819614,0.0109647819614,0.0109647819614,0.0109647819614,0.0109647819614,0.0109647819614,0.0109647819614,0.0109647819614,0.0109647819614,0.0109647819614,0.0109647819614,0.0109647819614,0.0109647819614,0.0109647819614,0.0109647819614,1,Z5 Z13 Z14 Z22,0.355177777778,0.0176961872927,0.355177777778,0.0176961872927
0.0109647819614,0.0109647819614,0.0109647819614,0.0109647819614,0.0109647819614,0.0109647819614,0.0109647819614,0.0109647819614,0.0109647819614,0.0109647819614,0.0109647819614,0.0109647819614,0.0109647819614,0.0109647819614,0.0109647819614,0.0109647819614,0.0109647819614,0.0109647819614,1,Z51 Z60 Z68,0.735755555556,0.0110206818229,0.735755555556,0.0110206818229
0.0109647819614,0.0109647819614,0.0109647819614,0.0109647819614,0.0109647819614,0.0109647819614,0.0109647819614,0.0109647819614,0.0109647819614,0.0109647819614,0.0109647819614,0.0109647819614,0.0109647819614,0.0109647819614,0.0109647819614,0.0109647819614,0.0109647819614,0.0109647819614,1,Z52 Z60 Z61 Z69,0.688755555556,0.0108005013838,0.688755555556,0.0108005013838
0.0109647819614,0.0109647819614,0.0109647819614,0.0109647819614,0.0109647819614,0.0109647819614,0.0109647819614,0.0109647819614,0.0109647819614,0.0109647819614,0.0109647819614,0.0109647819614,0.0109647819614,0.0109647819614,0.0109647819614,0.0109647819614,0.0109647819614,0.0109647819614,1,Z53 Z61 Z62 Z70,0.693977777778,0.0127438463351,0.693977777778,0.0127438463351
0.0109647819614,0.0109647819614,0.0109647819614,0.0109647819614,0.0109647819614,0.0109647819614,0.0109647819614,0.0109647819614,0.0109647819614,0.0109647819614,0.0109647819614,0.0109647819614,0.0109647819614,0.0109647819614,0.0109647819614,0.0109647819614,0.0109647819614,0.0109647819614,1,Z54 Z62 Z63 Z71,0.692177777778,0.0125321757026,0.692177777778,0.0125321757026
0.0109647819614,0.0109647819614,0.0109647819614,0.0109647819614,0.0109647819614,0.0109647819614,0.0109647819614,0.0109647819614,0.0109647819614,0.0109647819614,0.0109647819614,0.0109647819614,0.0109647819614,0.0109647819614,0.0109647819614,0.0109647819614,0.0109647819614,0.0109647819614,1,Z55 Z63 Z64 Z72,0.690644444444,0.0116138157036,0.690644444444,0.0116138157036
0.0109647819614,0.0109647819614,0.0109647819614,0.0109647819614,0.0109647819614,0.0109647819614,0.0109647819614,0.0109647819614,0.0109647819614,0.0109647819614,0.0109647819614,0.0109647819614,0.0109647819614,0.0109647819614,0.0109647819614,0.0109647819614,0.0109647819614,0.0109647819614,1,Z56 Z64 Z65 Z73,0.693755555556,0.0127846691395,0.693755555556,0.0127846691395
0.0109647819614,0.0109647819614,0.0109647819614,0.0109647819614,0.0109647819614,0.0109647819614,0.0109647819614,0.0109647819614,0.0109647819614,0.0109647819614,0.0109647819614,0.0109647819614,0.0109647819614,0.0109647819614,0.0109647819614,0.0109647819614,0.0109647819614,0.0109647819614,1,Z57 Z65 Z66 Z74,0.693688888889,0.0126123862167,0.693688888889,0.0126123862167
0.0109647819614,0.0109647819614,0.0109647819614,0.0109647819614,0.0109647819614,0.0109647819614,0.0109647819614,0.0109647819614,0.0109647819614,0.0109647819614,0.0109647819614,0.0109647819614,0.0109647819614,0.0109647819614,0.0109647819614,0.0109647819614,0.0109647819614,0.0109647819614,1,Z58 Z66 Z67 Z75,0.273422222222,0.0176198541214,0.273422222222,0.0176198541214
0.0109647819614,0.0109647819614,0.0109647819614,0.0109647819614,0.0109647819614,0.0109647819614,0.0109647819614,0.0109647819614,0.0109647819614,0.0109647819614,0.0109647819614,0.0109647819614,0.0109647819614,0.0109647819614,0.0109647819614,0.0109647819614,0.0109647819614,0.0109647819614,1,Z59 Z67 Z76,0.293311111111,0.0148612828078,0.293311111111,0.0148612828078
0.0109647819614,0.0109647819614,0.0109647819614,0.0109647819614,0.0109647819614,0.0109647819614,0.0109647819614,0.0109647819614,0.0109647819614,0.0109647819614,0.0109647819614,0.0109647819614,0.0109647819614,0.0109647819614,0.0109647819614,0.0109647819614,0.0109647819614,0.0109647819614,1,Z6 Z14 Z15 Z23,0.305044444444,0.013187342513,0.305044444444,0.013187342513
0.0109647819614,0.0109647819614,0.0109647819614,0.0109647819614,0.0109647819614,0.0109647819614,0.0109647819614,0.0109647819614,0.0109647819614,0.0109647819614,0.0109647819614,0.0109647819614,0.0109647819614,0.0109647819614,0.0109647819614,0.0109647819614,0.0109647819614,0.0109647819614,1,Z68 Z77 Z85,0.727555555556,0.0127916799269,0.727555555556,0.0127916799269
0.0109647819614,0.0109647819614,0.0109647819614,0.0109647819614,0.0109647819614,0.0109647819614,0.0109647819614,0.0109647819614,0.0109647819614,0.0109647819614,0.0109647819614,0.0109647819614,0.0109647819614,0.0109647819614,0.0109647819614,0.0109647819614,0.0109647819614,0.0109647819614,1,Z69 Z77 Z78 Z86,0.697577777778,0.012461721723,0.697577777778,0.012461721723
0.0109647819614,0.0109647819614,0.0109647819614,0.0109647819614,0.0109647819614,0.0109647819614,0.0109647819614,0.0109647819614,0.0109647819614,0.0109647819614,0.0109647819614,0.0109647819614,0.0109647819614,0.0109647819614,0.0109647819614,0.0109647819614,0.0109647819614,0.0109647819614,1,Z7 Z15 Z16 Z24,0.119955555556,0.0205181413671,0.119955555556,0.0205181413671
0.0109647819614,0.0109647819614,0.0109647819614,0.0109647819614,0.0109647819614,0.0109647819614,0.0109647819614,0.0109647819614,0.0109647819614,0.0109647819614,0.0109647819614,0.0109647819614,0.0109647819614,0.0109647819614,0.0109647819614,0.0109647819614,0.0109647819614,0.0109647819614,1,Z70 Z78 Z79 Z87,0.691022222222,0.0150235914949,0.691022222222,0.0150235914949
0.0109647819614,0.0109647819614,0.0109647819614,0.0109647819614,0.0109647819614,0.0109647819614,0.0109647819614,0.0109647819614,0.0109647819614,0.0109647819614,0.0109647819614,0.0109647819614,0.0109647819614,0.0109647819614,0.0109647819614,0.0109647819614,0.0109647819614,0.0109647819614,1,Z71 Z79 Z80 Z88,0.692511111111,0.0134747481536,0.692511111111,0.0134747481536
0.0109647819614,0.0109647819614,0.0109647819614,0.0109647819614,0.0109647819614,0.0109647819614,0.0109647819614,0.0109647819614,0.0109647819614,0.0109647819614,0.0109647819614,0.0109647819614,0.0109647819614,0.0109647819614,0.0109647819614,0.0109647819614,0.0109647819614,0.0109647819614,1,Z72 Z80 Z81 Z89,0.695377777778,0.0117051036232,0.695377777778,0.0117051036232
0.0109647819614,0.0109647819614,0.0109647819614,0.0109647819614,0.0109647819614,0.0109647819614,0.0109647819614,0.0109647819614,0.0109647819614,0.0109647819614,0.0109647819614,0.0109647819614,0.0109647819614,0.0109647819614,0.0109647819614,0.0109647819614,0.0109647819614,0.0109647819614,1,Z73 Z81 Z82 Z90,0.694111111111,0.0119617312312,0.694111111111,0.0119617312312
0.0109647819614,0.0109647819614,0.0109647819614,0.0109647819614,0.0109647819614,0.0109647819614,0.0109647819614,0.0109647819614,0.0109647819614,0.0109647819614,0.0109647819614,0.0109647819614,0.0109647819614,0.0109647819614,0.0109647819614,0.0109647819614,0.0109647819614,0.0109647819614,1,Z74 Z82 Z83 Z91,0.691422222222,0.0104059124563,0.691422222222,0.0104059124563
0.0109647819614,0.0109647819614,0.0109647819614,0.0109647819614,0.0109647819614,0.0109647819614,0.0109647819614,0.0109647819614,0.0109647819614,0.0109647819614,0.0109647819614,0.0109647819614,0.0109647819614,0.0109647819614,0.0109647819614,0.0109647819614,0.0109647819614,0.0109647819614,1,Z75 Z83 Z84 Z92,0.260666666667,0.0140540827299,0.260666666667,0.0140540827299
0.0109647819614,0.0109647819614,0.0109647819614,0.0109647819614,0.0109647819614,0.0109647819614,0.0109647819614,0.0109647819614,0.0109647819614,0.0109647819614,0.0109647819614,0.0109647819614,0.0109647819614,0.0109647819614,0.0109647819614,0.0109647819614,0.0109647819614,0.0109647819614,1,Z76 Z84 Z93,0.297444444444,0.0175801031152,0.297444444444,0.0175801031152
0.0109647819614,0.0109647819614,0.0109647819614,0.0109647819614,0.0109647819614,0.0109647819614,0.0109647819614,0.0109647819614,0.0109647819614,0.0109647819614,0.0109647819614,0.0109647819614,0.0109647819614,0.0109647819614,0.0109647819614,0.0109647819614,0.0109647819614,0.0109647819614,1,Z8 Z16 Z25,0.279822222222,0.0187665091219,0.279822222222,0.0187665091219
0.0109647819614,0.0109647819614,0.0109647819614,0.0109647819614,0.0109647819614,0.0109647819614,0.0109647819614,0.0109647819614,0.0109647819614,0.0109647819614,0.0109647819614,0.0109647819614,0.0109647819614,0.0109647819614,0.0109647819614,0.0109647819614,0.0109647819614,0.0109647819614,1,Z85 Z94 Z102,0.717777777778,0.0145978881938,0.717777777778,0.0145978881938
0.0109647819614,0.0109647819614,0.0109647819614,0.0109647819614,0.0109647819614,0.0109647819614,0.0109647819614,0.0109647819614,0.0109647819614,0.0109647819614,0.0109647819614,0.0109647819614,0.0109647819614,0.0109647819614,0.0109647819614,0.0109647819614,0.0109647819614,0.0109647819614,1,Z86 Z94 Z95 Z103,0.697,0.0143184900422,0.697,0.0143184900422
0.0109647819614,0.0109647819614,0.0109647819614,0.0109647819614,0.0109647819614,0.0109647819614,0.0109647819614,0.0109647819614,0.0109647819614,0.0109647819614,0.0109647819614,0.0109647819614,0.0109647819614,0.0109647819614,0.0109647819614,0.0109647819614,0.0109647819614,0.0109647819614,1,Z87 Z95 Z96 Z104,0.693266666667,0.0113614930755,0.693266666667,0.0113614930755
0.0109647819614,0.0109647819614,0.0109647819614,0.0109647819614,0.0109647819614,0.0109647819614,0.0109647819614,0.0109647819614,0.0109647819614,0.0109647819614,0.0109647819614,0.0109647819614,0.0109647819614,0.0109647819614,0.0109647819614,0.0109647819614,0.0109647819614,0.0109647819614,1,Z88 Z96 Z97 Z105,0.687955555556,0.0141192874614,0.687955555556,0.0141192874614
0.0109647819614,0.0109647819614,0.0109647819614,0.0109647819614,0.0109647819614,0.0109647819614,0.0109647819614,0.0109647819614,0.0109647819614,0.0109647819614,0.0109647819614,0.0109647819614,0.0109647819614,0.0109647819614,0.0109647819614,0.0109647819614,0.0109647819614,0.0109647819614,1,Z89 Z97 Z98 Z106,0.693622222222,0.0115532196283,0.693622222222,0.0115532196283
0.0109647819614,0.0109647819614,0.0109647819614,0.0109647819614,0.0109647819614,0.0109647819614,0.0109647819614,0.0109647819614,0.0109647819614,0.0109647819614,0.0109647819614,0.0109647819614,0.0109647819614,0.0109647819614,0.0109647819614,0.0109647819614,0.0109647819614,0.0109647819614,1,Z90 Z98 Z99 Z107,0.694444444444,0.0122469273129,0.694444444444,0.0122469273129
0.0109647819614,0.0109647819614,0.0109647819614,0.0109647819614,0.0109647819614,0.0109647819614,0.0109647819614,0.0109647819614,0.0109647819614,0.0109647819614,0.0109647819614,0.0109647819614,0.0109647819614,0.0109647819614,0.0109647819614,0.0109647819614,0.0109647819614,0.0109647819614,1,Z91 Z99 Z100 Z108,0.693,0.0108585471393,0.693,0.0108585471393
0.0109647819614,0.0109647819614,0.0109647819614,0.0109647819614,0.0109647819614,0.0109647819614,0.0109647819614,0.0109647819614,0.0109647819614,0.0109647819614,0.0109647819614,0.0109647819614,0.0109647819614,0.0109647819614,0.0109647819614,0.0109647819614,0.0109647819614,0.0109647819614,1,Z92 Z100 Z101 Z109,0.2632,0.0209435658423,0.2632,0.0209435658423
0.0109647819614,0.0109647819614,0.0109647819614,0.0109647819614,0.0109647819614,0.0109647819614,0.0109647819614,0.0109647819614,0.0109647819614,0.0109647819614,0.0109647819614,0.0109647819614,0.0109647819614,0.0109647819614,0.0109647819614,0.0109647819614,0.0109647819614,0.0109647819614,1,Z93 Z101 Z110,0.300377777778,0.0167987258533,0.300377777778,0.0167987258533
0.0109647819614,0.0109647819614,0.0109647819614,0.0109647819614,0.0109647819614,0.0109647819614,0.0109647819614,0.0109647819614,0.0109647819614,0.0109647819614,0.0109647819614,0.0109647819614,0.0109647819614,0.0109647819614,0.0109647819614,0.0109647819614,0.0109647819614,0.0109647819614,5,Logical X,0.503111111111,0.020127816351,0.5072,0.0120540290716
0.0109647819614,0.0109647819614,0.0109647819614,0.0109647819614,0.0109647819614,0.0109647819614,0.0109647819614,0.0109647819614,0.0109647819614,0.0109647819614,0.0109647819614,0.0109647819614,0.0109647819614,0.0109647819614,0.0109647819614,0.0109647819614,0.0109647819614,0.0109647819614,5,Logical Y,0.0120666666667,0.00805983371666,-0.000511111111111,0.0187098706372
0.0109647819614,0.0109647819614,0.0109647819614,0.0109647819614,0.0109647819614,0.0109647819614,0.0109647819614,0.0109647819614,0.0109647819614,0.0109647819614,0.0109647819614,0.0109647819614,0.0109647819614,0.0109647819614,0.0109647819614,0.0109647819614,0.0109647819614,0.0109647819614,5,Logical Z,0.0136666666667,0.00918728089634,0.00568888888889,0.020630471332
0.0109647819614,0.0109647819614,0.0109647819614,0.0109647819614,0.0109647819614,0.0109647819614,0.0109647819614,0.0109647819614,0.0109647819614,0.0109647819614,0.0109647819614,0.0109647819614,0.0109647819614,0.0109647819614,0.0109647819614,0.0109647819614,0.0109647819614,0.0109647819614,5,X0 X1 X9,0.647555555556,0.0121980255086,0.647555555556,0.0121980255086
0.0109647819614,0.0109647819614,0.0109647819614,0.0109647819614,0.0109647819614,0.0109647819614,0.0109647819614,0.0109647819614,0.0109647819614,0.0109647819614,0.0109647819614,0.0109647819614,0.0109647819614,0.0109647819614,0.0109647819614,0.0109647819614,0.0109647819614,0.0109647819614,5,X1 X2 X10,0.495444444444,0.0128559163396,0.495444444444,0.0128559163396
0.0109647819614,0.0109647819614,0.0109647819614,0.0109647819614,0.0109647819614,0.0109647819614,0.0109647819614,0.0109647819614,0.0109647819614,0.0109647819614,0.0109647819614,0.0109647819614,0.0109647819614,0.0109647819614,0.0109647819614,0.0109647819614,0.0109647819614,0.0109647819614,5,X10 X18 X19 X27,0.624622222222,0.0130755931664,0.624622222222,0.0130755931664
0.0109647819614,0.0109647819614,0.0109647819614,0.0109647819614,0.0109647819614,0.0109647819614,0.0109647819614,0.0109647819614,0.0109647819614,0.0109647819614,0.0109647819614,0.0109647819614,0.0109647819614,0.0109647819614,0.0109647819614,0.0109647819614,0.0109647819614,0.0109647819614,5,X100 X108 X109 X117,0.624133333333,0.0140850182628,0.624133333333,0.0140850182628
0.0109647819614,0.0109647819614,0.0109647819614,0.0109647819614,0.0109647819614,0.0109647819614,0.0109647819614,0.0109647819614,0.0109647819614,0.0109647819614,0.0109647819614,0.0109647819614,0.0109647819614,0.0109647819614,0.0109647819614,0.0109647819614,0.0109647819614,0.0109647819614,5,X101 X109 X110 X118,0.0921111111111,0.0140977249689,0.0921111111111,0.0140977249689
0.0109647819614,0.0109647819614,0.0109647819614,0.0109647819614,0.0109647819614,0.0109647819614,0.0109647819614,0.0109647819614,0.0109647819614,0.0109647819614,0.0109647819614,0.0109647819614,0.0109647819614,0.0109647819614,0.0109647819614,0.0109647819614,0.0109647819614,0.0109647819614,5,X11 X19 X20 X28,0.623333333333,0.0123611057299,0.623333333333,0.0123611057299
0.0109647819614,0.0109647819614,0.0109647819614,0.0109647819614,0.0109647819614,0.0109647819614,0.0109647819614,0.0109647819614,0.0109647819614,0.0109647819614,0.0109647819614,0.0109647819614,0.0109647819614,0.0109647819614,0.0109647819614,0.0109647819614,0.0109647819614,0.0109647819614,5,X111 X119 X120 X128,0.622577777778,0.0137873653454,0.622577777778,0.0137873653454
0.0109647819614,0.0109647819614,0.0109647819614,0.0109647819614,0.0109647819614,0.0109647819614,0.0109647819614,0.0109647819614,0.0109647819614,0.0109647819614,0.0109647819614,0.0109647819614,0.0109647819614,0.0109647819614,0.0109647819614,0.0109647819614,0.0109647819614,0.0109647819614,5,X112 X120 X121 X129,0.625933333333,0.0149023385241,0.625933333333,0.0149023385241
0.0109647819614,0.0109647819614,0.0109647819614,0.0109647819614,0.0109647819614,0.0109647819614,0.0109647819614,0.0109647819614,0.0109647819614,0.0109647819614,0.0109647819614,0.0109647819614,0.0109647819614,0.0109647819614,0.0109647819614,0.0109647819614,0.0109647819614,0.0109647819614,5,X113 X121 X122 X130,0.623844444444,0.00891111206658,0.623844444444,0.00891111206658
0.0109647819614,0.0109647819614,0.0109647819614,0.0109647819614,0.0109647819614,0.0109647819614,0.0109647819614,0.0109647819614,0.0109647819614,0.0109647819614,0.0109647819614,0.0109647819614,0.0109647819614,0.0109647819614,0.0109647819614,0.0109647819614,0.0109647819614,0.0109647819614,5,X114 X122 X123 X131,0.622222222222,0.0150435723048,0.622222222222,0.0150435723048
0.0109647819614,0.0109647819614,0.0109647819614,0.0109647819614,0.0109647819614,0.0109647819614,0.0109647819614,0.0109647819614,0.0109647819614,0.0109647819614,0.0109647819614,0.0109647819614,0.0109647819614,0.0109647819614,0.0109647819614,0.0109647819614,0.0109647819614,0.0109647819614,5,X115 X123 X124 X132,0.626444444444,0.0139394787452,0.626444444444,0.0139394787452
0.0109647819614,0.0109647819614,0.0109647819614,0.0109647819614,0.0109647819614,0.0109647819614,0.0109647819614,0.0109647819614,0.0109647819614,0.0109647819614,0.0109647819614,0.0109647819614,0.0109647819614,0.0109647819614,0.0109647819614,0.0109647819614,0.0109647819614,0.0109647819614,5,X116 X124 X125 X133,0.626444444444,0.0143863849358,0.626444444444,0.0143863849358
0.0109647819614,0.0109647819614,0.0109647819614,0.0109647819614,0.0109647819614,0.0109647819614,0.0109647819614,0.0109647819614,0.0109647819614,0.0109647819614,0.0109647819614,0.0109647819614,0.0109647819614,0.0109647819614,0.0109647819614,0.0109647819614,0.0109647819614,0.0109647819614,5,X117 X125 X126 X134,0.624888888889,0.0174200600738,0.624888888889,0.0174200600738
0.0109647819614,0.0109647819614,0.0109647819614,0.0109647819614,0.0109647819614,0.0109647819614,0.0109647819614,0.0109647819614,0.0109647819614,0.0109647819614,0.0109647819614,0.0109647819614,0.0109647819614,0.0109647819614,0.0109647819614,0.0109647819614,0.0109647819614,0.0109647819614,5,X118 X126 X127 X135,0.0938222222222,0.015233491368,0.0938222222222,0.015233491368
0.0109647819614,0.0109647819614,0.0109647819614,0.0109647819614,0.0109647819614,0.0109647819614,0.0109647819614,0.0109647819614,0.0109647819614,0.0109647819614,0.0109647819614,0.0109647819614,0.0109647819614,0.0109647819614,0.0109647819614,0.0109647819614,0.0109647819614,0.0109647819614,5,X12 X20 X21 X29,0.621,0.0143836326736,0.621,0.0143836326736
0.0109647819614,0.0109647819614,0.0109647819614,0.0109647819614,0.0109647819614,0.0109647819614,0.0109647819614,0.0109647819614,0.0109647819614,0.0109647819614,0.0109647819614,0.0109647819614,0.0109647819614,0.0109647819614,0.0109647819614,0.0109647819614,0.0109647819614,0.0109647819614,5,X128 X136 X137,0.669422222222,0.0125490404552,0.669422222222,0.0125490404552
0.0109647819614,0.0109647819614,0.0109647819614,0.0109647819614,0.0109647819614,0.0109647819614,0.0109647819614,0.0109647819614,0.0109647819614,0.0109647819614,0.0109647819614,0.0109647819614,0.0109647819614,0.0109647819614,0.0109647819614,0.0109647819614,0.0109647819614,0.0109647819614,5,X129 X137 X138,0.675244444444,0.0140625132326,0.675244444444,0.0140625132326
0.0109647819614,0.0109647819614,0.0109647819614,0.0109647819614,0.0109647819614,0.0109647819614,0.0109647819614,0.0109647819614,0.0109647819614,0.0109647819614,0.0109647819614,0.0109647819614,0.0109647819614,0.0109647819614,0.0109647819614,0.0109647819614,0.0109647819614,0.0109647819614,5,X13 X21 X22 X30,0.625955555556,0.0131794956657,0.625955555556,0.0131794956657
0.0109647819614,0.0109647819614,0.0109647819614,0.0109647819614,0.0109647819614,0.0109647819614,0.0109647819614,0.0109647819614,0.0109647819614,0.0109647819614,0.0109647819614,0.0109647819614,0.0109647819614,0.0109647819614,0.0109647819614,0.0109647819614,0.0109647819614,0.0109647819614,5,X130 X138 X139,0.676733333333,0.0122055825429,0.676733333333,0.0122055825429
0.0109647819614,0.0109647819614,0.0109647819614,0.0109647819614,0.0109647819614,0.0109647819614,0.0109647819614,0.0109647819614,0.0109647819614,0.0109647819614,0.0109647819614,0.0109647819614,0.0109647819614,0.0109647819614,0.0109647819614,0.0109647819614,0.0109647819614,0.0109647819614,5,X131 X139 X140,0.675444444444,0.0138365758098,0.675444444444,0.0138365758098
0.0109647819614,0.0109647819614,0.0109647819614,0.0109647819614,0.0109647819614,0.0109647819614,0.0109647819614,0.0109647819614,0.0109647819614,0.0109647819614,0.0109647819614,0.0109647819614,0.0109647819614,0.0109647819614,0.0109647819614,0.0109647819614,0.0109647819614,0.0109647819614,5,X132 X140 X141,0.674066666667,0.0120412445736,0.674066666667,0.0120412445736
0.0109647819614,0.0109647819614,0.0109647819614,0.0109647819614,0.0109647819614,0.0109647819614,0.0109647819614,0.0109647819614,0.0109647819614,0.0109647819614,0.0109647819614,0.0109647819614,0.0109647819614,0.0109647819614,0.0109647819614,0.0109647819614,0.0109647819614,0.0109647819614,5,X133 X141 X142,0.677044444444,0.0138770554953,0.677044444444,0.0138770554953
0.0109647819614,0.0109647819614,0.0109647819614,0.0109647819614,0.0109647819614,0.0109647819614,0.0109647819614,0.0109647819614,0.0109647819614,0.0109647819614,0.0109647819614,0.0109647819614,0.0109647819614,0.0109647819614,0.0109647819614,0.0109647819614,0.0109647819614,0.0109647819614,5,X134 X142 X143,0.678355555556,0.0135270222908,0.678355555556,0.0135270222908
0.0109647819614,0.0109647819614,0.0109647819614,0.0109647819614,0.0109647819614,0.0109647819614,0.0109647819614,0.0109647819614,0.0109647819614,0.0109647819614,0.0109647819614,0.0109647819614,0.0109647819614,0.0109647819614,0.0109647819614,0.0109647819614,0.0109647819614,0.0109647819614,5,X135 X143 X144,0.0944444444444,0.0190617736132,0.0944444444444,0.0190617736132
0.0109647819614,0.0109647819614,0.0109647819614,0.0109647819614,0.0109647819614,0.0109647819614,0.0109647819614,0.0109647819614,0.0109647819614,0.0109647819614,0.0109647819614,0.0109647819614,0.0109647819614,0.0109647819614,0.0109647819614,0.0109647819614,0.0109647819614,0.0109647819614,5,X14 X22 X23 X31,0.623466666667,0.0129784968047,0.623466666667,0.0129784968047
0.0109647819614,0.0109647819614,0.0109647819614,0.0109647819614,0.0109647819614,0.0109647819614,0.0109647819614,0.0109647819614,0.0109647819614,0.0109647819614,0.0109647819614,0.0109647819614,0.0109647819614,0.0109647819614,0.0109647819614,0.0109647819614,0.0109647819614,0.0109647819614,5,X15 X23 X24 X32,0.622866666667,0.0104886729636,0.622866666667,0.0104886729636
0.0109647819614,0.0109647819614,0.0109647819614,0.0109647819614,0.0109647819614,0.0109647819614,0.0109647819614,0.0109647819614,0.0109647819614,0.0109647819614,0.0109647819614,0.0109647819614,0.0109647819614,0.0109647819614,0.0109647819614,0.0109647819614,0.0109647819614,0.0109647819614,5,X16 X24 X25 X33,0.109066666667,0.0170215999806,0.109066666667,0.0170215999806
0.0109647819614,0.0109647819614,0.0109647819614,0.0109647819614,0.0109647819614,0.0109647819614,0.0109647819614,0.0109647819614,0.0109647819614,0.0109647819614,0.0109647819614,0.0109647819614,0.0109647819614,0.0109647819614,0.0109647819614,0.0109647819614,0.0109647819614,0.0109647819614,5,X2 X3 X11,0.384422222222,0.017372619787,0.384422222222,0.017372619787
0.0109647819614,0.0109647819614,0.0109647819614,0.0109647819614,0.0109647819614,0.0109647819614,0.0109647819614,0.0109647819614,0.0109647819614,0.0109647819614,0.0109647819614,0.0109647819614,0.0109647819614,0.0109647819614,0.0109647819614,0.0109647819614,0.0109647819614,0.0109647819614,5,X26 X34 X35 X43,0.621688888889,0.0135224896632,0.621688888889,0.0135224896632
0.0109647819614,0.0109647819614,0.0109647819614,0.0109647819614,0.0109647819614,0.0109647819614,0.0109647819614,0.0109647819614,0.0109647819614,0.0109647819614,0.0109647819614,0.0109647819614,0.0109647819614,0.0109647819614,0.0109647819614,0.0109647819614,0.0109647819614,0.0109647819614,5,X27 X35 X36 X44,0.620911111111,0.0142237008331,0.620911111111,0.0142237008331
0.0109647819614,0.0109647819614,0.0109647819614,0.0109647819614,0.0109647819614,0.0109647819614,0.0109647819614,0.0109647819614,0.0109647819614,0.0109647819614,0.0109647819614,0.0109647819614,0.0109647819614,0.0109647819614,0.0109647819614,0.0109647819614,0.0109647819614,0.0109647819614,5,X28 X36 X37 X45,0.622733333333,0.0129607128133,0.622733333333,0.0129607128133
0.0109647819614,0.0109647819614,0.0109647819614,0.0109647819614,0.0109647819614,0.0109647819614,0.0109647819614,0.0109647819614,0.0109647819614,0.0109647819614,0.0109647819614,0.0109647819614,0.0109647819614,0.0109647819614,0.0109647819614,0.0109647819614,0.0109647819614,0.0109647819614,5,X29 X37 X38 X46,0.625422222222,0.0152222194256,0.625422222222,0.0152222194256
0.0109647819614,0.0109647819614,0.0109647819614,0.0109647819614,0.0109647819614,0.0109647819614,0.0109647819614,0.0109647819614,0.0109647819614,0.0109647819614,0.0109647819614,0.0109647819614,0.0109647819614,0.0109647819614,0.0109647819614,0.0109647819614,0.0109647819614,0.0109647819614,5,X3 X4 X12,0.295044444444,0.0170486644758,0.295044444444,0.0170486644758
0.0109647819614,0.0109647819614,0.0109647819614,0.0109647819614,0.0109647819614,0.0109647819614,0.0109647819614,0.0109647819614,0.0109647819614,0.0109647819614,0.0109647819614,0.0109647819614,0.0109647819614,0.0109647819614,0.0109647819614,0.0109647819614,0.0109647819614,0.0109647819614,5,X30 X38 X39 X47,0.622955555556,0.0127909011402,0.622955555556,0.0127909011402
0.0109647819614,0.0109647819614,0.0109647819614,0.0109647819614,0.0109647819614,0.0109647819614,0.0109647819614,0.0109647819614,0.0109647819614,0.0109647819614,0.0109647819614,0.0109647819614,0.0109647819614,0.0109647819614,0.0109647819614,0.0109647819614,0.0109647819614,0.0109647819614,5,X31 X39 X40 X48,0.622755555556,0.0148460641051,0.622755555556,0.0148460641051
0.0109647819614,0.0109647819614,0.0109647819614,0.0109647819614,0.0109647819614,0.0109647819614,0.0109647819614,0.0109647819614,0.0109647819614,0.0109647819614,0.0109647819614,0.0109647819614,0.0109647819614,0.0109647819614,0.0109647819614,0.0109647819614,0.0109647819614,0.0109647819614,5,X32 X40 X41 X49,0.621777777778,0.0149208212498,0.621777777778,0.0149208212498
0.0109647819614,0.0109647819614,0.0109647819614,0.0109647819614,0.0109647819614,0.0109647819614,0.0109647819614,0.0109647819614,0.0109647819614,0.0109647819614,0.0109647819614,0.0109647819614,0.0109647819614,0.0109647819614,0.0109647819614,0.0109647819614,0.0109647819614,0.0109647819614,5,X33 X41 X42 X50,0.110422222222,0.0228528414581,0.110422222222,0.0228528414581
0.0109647819614,0.0109647819614,0.0109647819614,0.0109647819614,0.0109647819614,0.0109647819614,0.0109647819614,0.0109647819614,0.0109647819614,0.0109647819614,0.0109647819614,0.0109647819614,0.0109647819614,0.0109647819614,0.0109647819614,0.0109647819614,0.0109647819614,0.0109647819614,5,X4 X5 X13,0.228,0.0136097778689,0.228,0.0136097778689
0.0109647819614,0.0109647819614,0.0109647819614,0.0109647819614,0.0109647819614,0.0109647819614,0.0109647819614,0.0109647819614,0.0109647819614,0.0109647819614,0.0109647819614,0.0109647819614,0.0109647819614,0.0109647819614,0.0109647819614,0.0109647819614,0.0109647819614,0.0109647819614,5,X43 X51 X52 X60,0.621066666667,0.0126619470941,0.621066666667,0.0126619470941
0.0109647819614,0.0109647819614,0.0109647819614,0.0109647819614,0.0109647819614,0.0109647819614,0.0109647819614,0.0109647819614,0.0109647819614,0.0109647819614,0.0109647819614,0.0109647819614,0.0109647819614,0.0109647819614,0.0109647819614,0.0109647819614,0.0109647819614,0.0109647819614,5,X44 X52 X53 X61,0.620866666667,0.012237934867,0.620866666667,0.012237934867
0.0109647819614,0.0109647819614,0.0109647819614,0.0109647819614,0.0109647819614,0.0109647819614,0.0109647819614,0.0109647819614,0.0109647819614,0.0109647819614,0.0109647819614,0.0109647819614,0.0109647819614,0.0109647819614,0.0109647819614,0.0109647819614,0.0109647819614,0.0109647819614,5,X45 X53 X54 X62,0.626133333333,0.0149660151408,0.626133333333,0.0149660151408
0.0109647819614,0.0109647819614,0.0109647819614,0.0109647819614,0.0109647819614,0.0109647819614,0.0109647819614,0.0109647819614,0.0109647819614,0.0109647819614,0.0109647819614,0.0109647819614,0.0109647819614,0.0109647819614,0.0109647819614,0.0109647819614,0.0109647819614,0.0109647819614,5,X46 X54 X55 X63,0.624044444444,0.0126780751205,0.624044444444,0.0126780751205
0.0109647819614,0.0109647819614,0.0109647819614,0.0109647819614,0.0109647819614,0.0109647819614,0.0109647819614,0.0109647819614,0.0109647819614,0.0109647819614,0.0109647819614,0.0109647819614,0.0109647819614,0.0109647819614,0.0109647819614,0.0109647819614,0.0109647819614,0.0109647819614,5,X47 X55 X56 X64,0.621044444444,0.0143462207055,0.621044444444,0.0143462207055
0.0109647819614,0.0109647819614,0.0109647819614,0.0109647819614,0.0109647819614,0.0109647819614,0.0109647819614,0.0109647819614,0.0109647819614,0.0109647819614,0.0109647819614,0.0109647819614,0.0109647819614,0.0109647819614,0.0109647819614,0.0109647819614,0.0109647819614,0.0109647819614,5,X48 X56 X57 X65,0.623666666667,0.0116286737696,0.623666666667,0.0116286737696
0.0109647819614,0.0109647819614,0.0109647819614,0.0109647819614,0.0109647819614,0.0109647819614,0.0109647819614,0.0109647819614,0.0109647819614,0.0109647819614,0.0109647819614,0.0109647819614,0.0109647819614,0.0109647819614,0.0109647819614,0.0109647819614,0.0109647819614,0.0109647819614,5,X49 X57 X58 X66,0.621777777778,0.0128215973606,0.621777777778,0.0128215973606
0.0109647819614,0.0109647819614,0.0109647819614,0.0109647819614,0.0109647819614,0.0109647819614,0.0109647819614,0.0109647819614,0.0109647819614,0.0109647819614,0.0109647819614,0.0109647819614,0.0109647819614,0.0109647819614,0.0109647819614,0.0109647819614,0.0109647819614,0.0109647819614,5,X5 X6 X14,0.173755555556,0.010516884193,0.173755555556,0.010516884193
0.0109647819614,0.0109647819614,0.0109647819614,0.0109647819614,0.0109647819614,0.0109647819614,0.0109647819614,0.0109647819614,0.0109647819614,0.0109647819614,0.0109647819614,0.0109647819614,0.0109647819614,0.0109647819614,0.0109647819614,0.0109647819614,0.0109647819614,0.0109647819614,5,X50 X58 X59 X67,0.0961333333333,0.0184356808798,0.0961333333333,0.0184356808798
0.0109647819614,0.0109647819614,0.0109647819614,0.0109647819614,0.0109647819614,0.0109647819614,0.0109647819614,0.0109647819614,0.0109647819614,0.0109647819614,0.0109647819614,0.0109647819614,0.0109647819614,0.0109647819614,0.0109647819614,0.0109647819614,0.0109647819614,0.0109647819614,5,X6 X7 X15,0.134888888889,0.0164340859993,0.134888888889,0.0164340859993
0.0109647819614,0.0109647819614,0.0109647819614,0.0109647819614,0.0109647819614,0.0109647819614,0.0109647819614,0.0109647819614,0.0109647819614,0.0109647819614,0.0109647819614,0.0109647819614,0.0109647819614,0.0109647819614,0.0109647819614,0.0109647819614,0.0109647819614,0.0109647819614,5,X60 X68 X69 X77,0.623377777778,0.0126998154671,0.623377777778,0.0126998154671
0.0109647819614,0.0109647819614,0.0109647819614,0.0109647819614,0.0109647819614,0.0109647819614,0.0109647819614,0.0109647819614,0.0109647819614,0.0109647819614,0.0109647819614,0.0109647819614,0.0109647819614,0.0109647819614,0.0109647819614,0.0109647819614,0.0109647819614,0.0109647819614,5,X61 X69 X70 X78,0.624088888889,0.00970481309404,0.624088888889,0.00970481309404
0.0109647819614,0.0109647819614,0.0109647819614,0.0109647819614,0.0109647819614,0.0109647819614,0.0109647819614,0.0109647819614,0.0109647819614,0.0109647819614,0.0109647819614,0.0109647819614,0.0109647819614,0.0109647819614,0.0109647819614,0.0109647819614,0.0109647819614,0.0109647819614,5,X62 X70 X71 X79,0.624644444444,0.0141502429026,0.624644444444,0.0141502429026
0.0109647819614,0.0109647819614,0.0109647819614,0.0109647819614,0.0109647819614,0.0109647819614,0.0109647819614,0.0109647819614,0.0109647819614,0.0109647819614,0.0109647819614,0.0109647819614,0.0109647819614,0.0109647819614,0.0109647819614,0.0109647819614,0.0109647819614,0.0109647819614,5,X63 X71 X72 X80,0.624977777778,0.014523579278,0.624977777778,0.014523579278
0.0109647819614,0.0109647819614,0.0109647819614,0.0109647819614,0.0109647819614,0.0109647819614,0.0109647819614,0.0109647819614,0.0109647819614,0.0109647819614,0.0109647819614,0.0109647819614,0.0109647819614,0.0109647819614,0.0109647819614,0.0109647819614,0.0109647819614,0.0109647819614,5,X64 X72 X73 X81,0.624,0.0150625770057,0.624,0.0150625770057
0.0109647819614,0.0109647819614,0.0109647819614,0.0109647819614,0.0109647819614,0.0109647819614,0.0109647819614,0.0109647819614,0.0109647819614,0.0109647819614,0.0109647819614,0.0109647819614,0.0109647819614,0.0109647819614,0.0109647819614,0.0109647819614,0.0109647819614,0.0109647819614,5,X65 X73 X74 X82,0.622711111111,0.0130239194427,0.622711111111,0.0130239194427
0.0109647819614,0.0109647819614,0.0109647819614,0.0109647819614,0.0109647819614,0.0109647819614,0.0109647819614,0.0109647819614,0.0109647819614,0.0109647819614,0.0109647819614,0.0109647819614,0.0109647819614,0.0109647819614,0.0109647819614,0.0109647819614,0.0109647819614,0.0109647819614,5,X66 X74 X75 X83,0.624266666667,0.0159497294564,0.624266666667,0.0159497294564
0.0109647819614,0.0109647819614,0.0109647819614,0.0109647819614,0.0109647819614,0.0109647819614,0.0109647819614,0.0109647819614,0.0109647819614,0.0109647819614,0.0109647819614,0.0109647819614,0.0109647819614,0.0109647819614,0.0109647819614,0.0109647819614,0.0109647819614,0.0109647819614,5,X67 X75 X76 X84,0.0948222222222,0.0176753900244,0.0948222222222,0.0176753900244
0.0109647819614,0.0109647819614,0.0109647819614,0.0109647819614,0.0109647819614,0.0109647819614,0.0109647819614,0.0109647819614,0.0109647819614,0.0109647819614,0.0109647819614,0.0109647819614,0.0109647819614,0.0109647819614,0.0109647819614,0.0109647819614,0.0109647819614,0.0109647819614,5,X7 X8 X16,0.1134,0.0167490835799,0.1134,0.0167490835799
0.0109647819614,0.0109647819614,0.0109647819614,0.0109647819614,0.0109647819614,0.0109647819614,0.0109647819614,0.0109647819614,0.0109647819614,0.0109647819614,0.0109647819614,0.0109647819614,0.0109647819614,0.0109647819614,0.0109647819614,0.0109647819614,0.0109647819614,0.0109647819614,5,X77 X85 X86 X94,0.623822222222,0.0114013285955,0.623822222222,0.0114013285955
0.0109647819614,0.0109647819614,0.0109647819614,0.0109647819614,0.0109647819614,0.0109647819614,0.0109647819614,0.0109647819614,0.0109647819614,0.0109647819614,0.0109647819614,0.0109647819614,0.0109647819614,0.0109647819614,0.0109647819614,0.0109647819614,0.0109647819614,0.0109647819614,5,X78 X86 X87 X95,0.622666666667,0.0160478212555,0.622666666667,0.0160478212555
0.0109647819614,0.0109647819614,0.0109647819614,0.0109647819614,0.0109647819614,0.0109647819614,0.0109647819614,0.0109647819614,0.0109647819614,0.0109647819614,0.0109647819614,0.0109647819614,0.0109647819614,0.0109647819614,0.0109647819614,0.0109647819614,0.0109647819614,0.0109647819614,5,X79 X87 X88 X96,0.6256,0.0141795816722,0.6256,0.0141795816722
0.0109647819614,0.0109647819614,0.0109647819614,0.0109647819614,0.0109647819614,0.0109647819614,0.0109647819614,0.0109647819614,0.0109647819614,0.0109647819614,0.0109647819614,0.0109647819614,0.0109647819614,0.0109647819614,0.0109647819614,0.0109647819614,0.0109647819614,0.0109647819614,5,X80 X88 X89 X97,0.617266666667,0.0154099534933,0.617266666667,0.0154099534933
0.0109647819614,0.0109647819614,0.0109647819614,0.0109647819614,0.0109647819614,0.0109647819614,0.0109647819614,0.0109647819614,0.0109647819614,0.0109647819614,0.0109647819614,0.0109647819614,0.0109647819614,0.0109647819614,0.0109647819614,0.0109647819614,0.0109647819614,0.0109647819614,5,X81 X89 X90 X98,0.621822222222,0.0176174185256,0.621822222222,0.0176174185256
0.0109647819614,0.0109647819614,0.0109647819614,0.0109647819614,0.0109647819614,0.0109647819614,0.0109647819614,0.0109647819614,0.0109647819614,0.0109647819614,0.0109647819614,0.0109647819614,0.0109647819614,0.0109647819614,0.0109647819614,0.0109647819614,0.0109647819614,0.0109647819614,5,X82 X90 X91 X99,0.621933333333,0.0134048084242,0.621933333333,0.0134048084242
0.0109647819614,0.0109647819614,0.0109647819614,0.0109647819614,0.0109647819614,0.0109647819614,0.0109647819614,0.0109647819614,0.0109647819614,0.0109647819614,0.0109647819614,0.0109647819614,0.0109647819614,0.0109647819614,0.0109647819614,0.0109647819614,0.0109647819614,0.0109647819614,5,X83 X91 X92 X100,0.6218,0.0113773991197,0.6218,0.0113773991197
0.0109647819614,0.0109647819614,0.0109647819614,0.0109647819614,0.0109647819614,0.0109647819614,0.0109647819614,0.0109647819614,0.0109647819614,0.0109647819614,0.0109647819614,0.0109647819614,0.0109647819614,0.0109647819614,0.0109647819614,0.0109647819614,0.0109647819614,0.0109647819614,5,X84 X92 X93 X101,0.0970222222222,0.0169784477611,0.0970222222222,0.0169784477611
0.0109647819614,0.0109647819614,0.0109647819614,0.0109647819614,0.0109647819614,0.0109647819614,0.0109647819614,0.0109647819614,0.0109647819614,0.0109647819614,0.0109647819614,0.0109647819614,0.0109647819614,0.0109647819614,0.0109647819614,0.0109647819614,0.0109647819614,0.0109647819614,5,X9 X17 X18 X26,0.621955555556,0.0120724928252,0.621955555556,0.0120724928252
0.0109647819614,0.0109647819614,0.0109647819614,0.0109647819614,0.0109647819614,0.0109647819614,0.0109647819614,0.0109647819614,0.0109647819614,0.0109647819614,0.0109647819614,0.0109647819614,0.0109647819614,0.0109647819614,0.0109647819614,0.0109647819614,0.0109647819614,0.0109647819614,5,X94 X102 X103 X111,0.622422222222,0.0155457385553,0.622422222222,0.0155457385553
0.0109647819614,0.0109647819614,0.0109647819614,0.0109647819614,0.0109647819614,0.0109647819614,0.0109647819614,0.0109647819614,0.0109647819614,0.0109647819614,0.0109647819614,0.0109647819614,0.0109647819614,0.0109647819614,0.0109647819614,0.0109647819614,0.0109647819614,0.0109647819614,5,X95 X103 X104 X112,0.621066666667,0.0128099578125,0.621066666667,0.0128099578125
0.0109647819614,0.0109647819614,0.0109647819614,0.0109647819614,0.0109647819614,0.0109647819614,0.0109647819614,0.0109647819614,0.0109647819614,0.0109647819614,0.0109647819614,0.0109647819614,0.0109647819614,0.0109647819614,0.0109647819614,0.0109647819614,0.0109647819614,0.0109647819614,5,X96 X104 X105 X113,0.624111111111,0.0143626626773,0.624111111111,0.0143626626773
0.0109647819614,0.0109647819614,0.0109647819614,0.0109647819614,0.0109647819614,0.0109647819614,0.0109647819614,0.0109647819614,0.0109647819614,0.0109647819614,0.0109647819614,0.0109647819614,0.0109647819614,0.0109647819614,0.0109647819614,0.0109647819614,0.0109647819614,0.0109647819614,5,X97 X105 X106 X114,0.624266666667,0.0131569948472,0.624266666667,0.0131569948472
0.0109647819614,0.0109647819614,0.0109647819614,0.0109647819614,0.0109647819614,0.0109647819614,0.0109647819614,0.0109647819614,0.0109647819614,0.0109647819614,0.0109647819614,0.0109647819614,0.0109647819614,0.0109647819614,0.0109647819614,0.0109647819614,0.0109647819614,0.0109647819614,5,X98 X106 X107 X115,0.619777777778,0.0120945614368,0.619777777778,0.0120945614368
0.0109647819614,0.0109647819614,0.0109647819614,0.0109647819614,0.0109647819614,0.0109647819614,0.0109647819614,0.0109647819614,0.0109647819614,0.0109647819614,0.0109647819614,0.0109647819614,0.0109647819614,0.0109647819614,0.0109647819614,0.0109647819614,0.0109647819614,0.0109647819614,5,X99 X107 X108 X116,0.619422222222,0.012054452869,0.619422222222,0.012054452869
0.0109647819614,0.0109647819614,0.0109647819614,0.0109647819614,0.0109647819614,0.0109647819614,0.0109647819614,0.0109647819614,0.0109647819614,0.0109647819614,0.0109647819614,0.0109647819614,0.0109647819614,0.0109647819614,0.0109647819614,0.0109647819614,0.0109647819614,0.0109647819614,5,Z0 Z9 Z17,0.759644444444,0.0122886526274,0.759644444444,0.0122886526274
0.0109647819614,0.0109647819614,0.0109647819614,0.0109647819614,0.0109647819614,0.0109647819614,0.0109647819614,0.0109647819614,0.0109647819614,0.0109647819614,0.0109647819614,0.0109647819614,0.0109647819614,0.0109647819614,0.0109647819614,0.0109647819614,0.0109647819614,0.0109647819614,5,Z1 Z9 Z10 Z18,0.596333333333,0.0163109158851,0.596333333333,0.0163109158851
0.0109647819614,0.0109647819614,0.0109647819614,0.0109647819614,0.0109647819614,0.0109647819614,0.0109647819614,0.0109647819614,0.0109647819614,0.0109647819614,0.0109647819614,0.0109647819614,0.0109647819614,0.0109647819614,0.0109647819614,0.0109647819614,0.0109647819614,0.0109647819614,5,Z102 Z111 Z119,0.704755555556,0.0130413234565,0.704755555556,0.0130413234565
0.0109647819614,0.0109647819614,0.0109647819614,0.0109647819614,0.0109647819614,0.0109647819614,0.0109647819614,0.0109647819614,0.0109647819614,0.0109647819614,0.0109647819614,0.0109647819614,0.0109647819614,0.0109647819614,0.0109647819614,0.0109647819614,0.0109647819614,0.0109647819614,5,Z103 Z111 Z112 Z120,0.697266666667,0.0126131355237,0.697266666667,0.0126131355237
0.0109647819614,0.0109647819614,0.0109647819614,0.0109647819614,0.0109647819614,0.0109647819614,0.0109647819614,0.0109647819614,0.0109647819614,0.0109647819614,0.0109647819614,0.0109647819614,0.0109647819614,0.0109647819614,0.0109647819614,0.0109647819614,0.0109647819614,0.0109647819614,5,Z104 Z112 Z113 Z121,0.691177777778,0.0141666959657,0.691177777778,0.0141666959657
0.0109647819614,0.0109647819614,0.0109647819614,0.0109647819614,0.0109647819614,0.0109647819614,0.0109647819614,0.0109647819614,0.0109647819614,0.0109647819614,0.0109647819614,0.0109647819614,0.0109647819614,0.0109647819614,0.0109647819614,0.0109647819614,0.0109647819614,0.0109647819614,5,Z105 Z113 Z114 Z122,0.694244444444,0.00990914022635,0.694244444444,0.00990914022635
0.0109647819614,0.0109647819614,0.0109647819614,0.0109647819614,0.0109647819614,0.0109647819614,0.0109647819614,0.0109647819614,0.0109647819614,0.0109647819614,0.0109647819614,0.0109647819614,0.0109647819614,0.0109647819614,0.0109647819614,0.0109647819614,0.0109647819614,0.0109647819614,5,Z106 Z114 Z115 Z123,0.691711111111,0.0120531178565,0.691711111111,0.0120531178565
0.0109647819614,0.0109647819614,0.0109647819614,0.0109647819614,0.0109647819614,0.0109647819614,0.0109647819614,0.0109647819614,0.0109647819614,0.0109647819614,0.0109647819614,0.0109647819614,0.0109647819614,0.0109647819614,0.0109647819614,0.0109647819614,0.0109647819614,0.0109647819614,5,Z107 Z115 Z116 Z124,0.695622222222,0.0117908768334,0.695622222222,0.0117908768334
0.0109647819614,0.0109647819614,0.0109647819614,0.0109647819614,0.0109647819614,0.0109647819614,0.0109647819614,0.0109647819614,0.0109647819614,0.0109647819614,0.0109647819614,0.0109647819614,0.0109647819614,0.0109647819614,0.0109647819614,0.0109647819614,0.0109647819614,0.0109647819614,5,Z108 Z116 Z117 Z125,0.694111111111,0.0131680366909,0.694111111111,0.0131680366909
0.0109647819614,0.0109647819614,0.0109647819614,0.0109647819614,0.0109647819614,0.0109647819614,0.0109647819614,0.0109647819614,0.0109647819614,0.0109647819614,0.0109647819614,0.0109647819614,0.0109647819614,0.0109647819614,0.0109647819614,0.0109647819614,0.0109647819614,0.0109647819614,5,Z109 Z117 Z118 Z126,0.250377777778,0.0198613456836,0.250377777778,0.0198613456836
0.0109647819614,0.0109647819614,0.0109647819614,0.0109647819614,0.0109647819614,0.0109647819614,0.0109647819614,0.0109647819614,0.0109647819614,0.0109647819614,0.0109647819614,0.0109647819614,0.0109647819614,0.0109647819614,0.0109647819614,0.0109647819614,0.0109647819614,0.0109647819614,5,Z110 Z118 Z127,0.305733333333,0.0204408126043,0.305733333333,0.0204408126043
0.0109647819614,0.0109647819614,0.0109647819614,0.0109647819614,0.0109647819614,0.0109647819614,0.0109647819614,0.0109647819614,0.0109647819614,0.0109647819614,0.0109647819614,0.0109647819614,0.0109647819614,0.0109647819614,0.0109647819614,0.0109647819614,0.0109647819614,0.0109647819614,5,Z119 Z128 Z136,0.707555555556,0.0132911209187,0.707555555556,0.0132911209187
0.0109647819614,0.0109647819614,0.0109647819614,0.0109647819614,0.0109647819614,0.0109647819614,0.0109647819614,0.0109647819614,0.0109647819614,0.0109647819614,0.0109647819614,0.0109647819614,0.0109647819614,0.0109647819614,0.0109647819614,0.0109647819614,0.0109647819614,0.0109647819614,5,Z120 Z128 Z129 Z137,0.704666666667,0.0159539567391,0.704666666667,0.0159539567391
0.0109647819614,0.0109647819614,0.0109647819614,0.0109647819614,0.0109647819614,0.0109647819614,0.0109647819614,0.0109647819614,0.0109647819614,0.0109647819614,0.0109647819614,0.0109647819614,0.0109647819614,0.0109647819614,0.0109647819614,0.0109647819614,0.0109647819614,0.0109647819614,5,Z121 Z129 Z130 Z138,0.7018,0.0126141075313,0.7018,0.0126141075313
0.0109647819614,0.0109647819614,0.0109647819614,0.0109647819614,0.0109647819614,0.0109647819614,0.0109647819614,0.0109647819614,0.0109647819614,0.0109647819614,0.0109647819614,0.0109647819614,0.0109647819614,0.0109647819614,0.0109647819614,0.0109647819614,0.0109647819614,0.0109647819614,5,Z122 Z130 Z131 Z139,0.701733333333,0.0103998231638,0.701733333333,0.0103998231638
0.0109647819614,0.0109647819614,0.0109647819614,0.0109647819614,0.0109647819614,0.0109647819614,0.0109647819614,0.0109647819614,0.0109647819614,0.0109647819614,0.0109647819614,0.0109647819614,0.0109647819614,0.0109647819614,0.0109647819614,0.0109647819614,0.0109647819614,0.0109647819614,5,Z123 Z131 Z132 Z140,0.701311111111,0.0127462512958,0.701311111111,0.0127462512958
0.0109647819614,0.0109647819614,0.0109647819614,0.0109647819614,0.0109647819614,0.0109647819614,0.0109647819614,0.0109647819614,0.0109647819614,0.0109647819614,0.0109647819614,0.0109647819614,0.0109647819614,0.0109647819614,0.0109647819614,0.0109647819614,0.0109647819614,0.0109647819614,5,Z124 Z132 Z133 Z141,0.699955555556,0.0145121783534,0.699955555556,0.0145121783534
0.0109647819614,0.0109647819614,0.0109647819614,0.0109647819614,0.0109647819614,0.0109647819614,0.0109647819614,0.0109647819614,0.0109647819614,0.0109647819614,0.0109647819614,0.0109647819614,0.0109647819614,0.0109647819614,0.0109647819614,0.0109647819614,0.0109647819614,0.0109647819614,5,Z125 Z133 Z134 Z142,0.700044444444,0.0146947832204,0.700044444444,0.0146947832204
0.0109647819614,0.0109647819614,0.0109647819614,0.0109647819614,0.0109647819614,0.0109647819614,0.0109647819614,0.0109647819614,0.0109647819614,0.0109647819614,0.0109647819614,0.0109647819614,0.0109647819614,0.0109647819614,0.0109647819614,0.0109647819614,0.0109647819614,0.0109647819614,5,Z126 Z134 Z135 Z143,0.248088888889,0.0203228601883,0.248088888889,0.0203228601883
0.0109647819614,0.0109647819614,0.0109647819614,0.0109647819614,0.0109647819614,0.0109647819614,0.0109647819614,0.0109647819614,0.0109647819614,0.0109647819614,0.0109647819614,0.0109647819614,0.0109647819614,0.0109647819614,0.0109647819614,0.0109647819614,0.0109647819614,0.0109647819614,5,Z127 Z135 Z144,0.105088888889,0.0157085362091,0.105088888889,0.0157085362091
0.0109647819614,0.0109647819614,0.0109647819614,0.0109647819614,0.0109647819614,0.0109647819614,0.0109647819614,0.0109647819614,0.0109647819614,0.0109647819614,0.0109647819614,0.0109647819614,0.0109647819614,0.0109647819614,0.0109647819614,0.0109647819614,0.0109647819614,0.0109647819614,5,Z17 Z26 Z34,0.763444444444,0.0097368964244,0.763444444444,0.0097368964244
0.0109647819614,0.0109647819614,0.0109647819614,0.0109647819614,0.0109647819614,0.0109647819614,0.0109647819614,0.0109647819614,0.0109647819614,0.0109647819614,0.0109647819614,0.0109647819614,0.0109647819614,0.0109647819614,0.0109647819614,0.0109647819614,0.0109647819614,0.0109647819614,5,Z18 Z26 Z27 Z35,0.693155555556,0.0125809968397,0.693155555556,0.0125809968397
0.0109647819614,0.0109647819614,0.0109647819614,0.0109647819614,0.0109647819614,0.0109647819614,0.0109647819614,0.0109647819614,0.0109647819614,0.0109647819614,0.0109647819614,0.0109647819614,0.0109647819614,0.0109647819614,0.0109647819614,0.0109647819614,0.0109647819614,0.0109647819614,5,Z19 Z27 Z28 Z36,0.692822222222,0.0110473496183,0.692822222222,0.0110473496183
0.0109647819614,0.0109647819614,0.0109647819614,0.0109647819614,0.0109647819614,0.0109647819614,0.0109647819614,0.0109647819614,0.0109647819614,0.0109647819614,0.0109647819614,0.0109647819614,0.0109647819614,0.0109647819614,0.0109647819614,0.0109647819614,0.0109647819614,0.0109647819614,5,Z2 Z10 Z11 Z19,0.527377777778,0.0181825003936,0.527377777778,0.0181825003936
0.0109647819614,0.0109647819614,0.0109647819614,0.0109647819614,0.0109647819614,0.0109647819614,0.0109647819614,0.0109647819614,0.0109647819614,0.0109647819614,0.0109647819614,0.0109647819614,0.0109647819614,0.0109647819614,0.0109647819614,0.0109647819614,0.0109647819614,0.0109647819614,5,Z20 Z28 Z29 Z37,0.691,0.0139080174788,0.691,0.0139080174788
0.0109647819614,0.0109647819614,0.0109647819614,0.0109647819614,0.0109647819614,0.0109647819614,0.0109647819614,0.0109647819614,0.0109647819614,0.0109647819614,0.0109647819614,0.0109647819614,0.0109647819614,0.0109647819614,0.0109647819614,0.0109647819614,0.0109647819614,0.0109647819614,5,Z21 Z29 Z30 Z38,0.692911111111,0.0110996646021,0.692911111111,0.0110996646021
0.0109647819614,0.0109647819614,0.0109647819614,0.0109647819614,0.0109647819614,0.0109647819614,0.0109647819614,0.0109647819614,0.0109647819614,0.0109647819614,0.0109647819614,0.0109647819614,0.0109647819614,0.0109647819614,0.0109647819614,0.0109647819614,0.0109647819614,0.0109647819614,5,Z22 Z30 Z31 Z39,0.691333333333,0.0158334240772,0.691333333333,0.0158334240772
0.0109647819614,0.0109647819614,0.0109647819614,0.0109647819614,0.0109647819614,0.0109647819614,0.0109647819614,0.0109647819614,0.0109647819614,0.0109647819614,0.0109647819614,0.0109647819614,0.0109647819614,0.0109647819614,0.0109647819614,0.0109647819614,0.0109647819614,0.0109647819614,5,Z23 Z31 Z32 Z40,0.690488888889,0.00935126902828,0.690488888889,0.00935126902828
0.0109647819614,0.0109647819614,0.0109647819614,0.0109647819614,0.0109647819614,0.0109647819614,0.0109647819614,0.0109647819614,0.0109647819614,0.0109647819614,0.0109647819614,0.0109647819614,0.0109647819614,0.0109647819614,0.0109647819614,0.0109647819614,0.0109647819614,0.0109647819614,5,Z24 Z32 Z33 Z41,0.288377777778,0.0124951280416,0.288377777778,0.0124951280416
0.0109647819614,0.0109647819614,0.0109647819614,0.0109647819614,0.0109647819614,0.0109647819614,0.0109647819614,0.0109647819614,0.0109647819614,0.0109647819614,0.0109647819614,0.0109647819614,0.0109647819614,0.0109647819614,0.0109647819614,0.0109647819614,0.0109647819614,0.0109647819614,5,Z25 Z33 Z42,0.284466666667,0.0149493653679,0.284466666667,0.0149493653679
0.0109647819614,0.0109647819614,0.0109647819614,0.0109647819614,0.0109647819614,0.0109647819614,0.0109647819614,0.0109647819614,0.0109647819614,0.0109647819614,0.0109647819614,0.0109647819614,0.0109647819614,0.0109647819614,0.0109647819614,0.0109647819614,0.0109647819614,0.0109647819614,5,Z3 Z11 Z12 Z20,0.460822222222,0.0121152616882,0.460822222222,0.0121152616882
0.0109647819614,0.0109647819614,0.0109647819614,0.0109647819614,0.0109647819614,0.0109647819614,0.0109647819614,0.0109647819614,0.0109647819614,0.0109647819614,0.0109647819614,0.0109647819614,0.0109647819614,0.0109647819614,0.0109647819614,0.0109647819614,0.0109647819614,0.0109647819614,5,Z34 Z43 Z51,0.750444444444,0.0109184835141,0.750444444444,0.0109184835141
0.0109647819614,0.0109647819614,0.0109647819614,0.0109647819614,0.0109647819614,0.0109647819614,0.0109647819614,0.0109647819614,0.0109647819614,0.0109647819614,0.0109647819614,0.0109647819614,0.0109647819614,0.0109647819614,0.0109647819614,0.0109647819614,0.0109647819614,0.0109647819614,5,Z35 Z43 Z44 Z52,0.697311111111,0.0119121732814,0.697311111111,0.0119121732814
0.0109647819614,0.0109647819614,0.0109647819614,0.0109647819614,0.0109647819614,0.0109647819614,0.0109647819614,0.0109647819614,0.0109647819614,0.0109647819614,0.0109647819614,0.0109647819614,0.0109647819614,0.0109647819614,0.0109647819614,0.0109647819614,0.0109647819614,0.0109647819614,5,Z36 Z44 Z45 Z53,0.6924,0.0109174541262,0.6924,0.0109174541262
0.0109647819614,0.0109647819614,0.0109647819614,0.0109647819614,0.0109647819614,0.0109647819614,0.0109647819614,0.0109647819614,0.0109647819614,0.0109647819614,0.0109647819614,0.0109647819614,0.0109647819614,0.0109647819614,0.0109647819614,0.0109647819614,0.0109647819614,0.0109647819614,5,Z37 Z45 Z46 Z54,0.6916,0.0149477762669,0.6916,0.0149477762669
0.0109647819614,0.0109647819614,0.0109647819614,0.0109647819614,0.0109647819614,0.0109647819614,0.0109647819614,0.0109647819614,0.0109647819614,0.0109647819614,0.0109647819614,0.0109647819614,0.0109647819614,0.0109647819614,0.0109647819614,0.0109647819614,0.0109647819614,0.0109647819614,5,Z38 Z46 Z47 Z55,0.692088888889,0.0128495369666,0.692088888889,0.0128495369666
0.0109647819614,0.0109647819614,0.0109647819614,0.0109647819614,0.0109647819614,0.0109647819614,0.0109647819614,0.0109647819614,0.0109647819614,0.0109647819614,0.0109647819614,0.0109647819614,0.0109647819614,0.0109647819614,0.0109647819614,0.0109647819614,0.0109647819614,0.0109647819614,5,Z39 Z47 Z48 Z56,0.6918,0.0139348786472,0.6918,0.0139348786472
0.0109647819614,0.0109647819614,0.0109647819614,0.0109647819614,0.0109647819614,0.0109647819614,0.0109647819614,0.0109647819614,0.0109647819614,0.0109647819614,0.0109647819614,0.0109647819614,0.0109647819614,0.0109647819614,0.0109647819614,0.0109647819614,0.0109647819614,0.0109647819614,5,Z4 Z12 Z13 Z21,0.398711111111,0.0158894006294,0.398711111111,0.0158894006294
0.0109647819614,0.0109647819614,0.0109647819614,0.0109647819614,0.0109647819614,0.0109647819614,0.0109647819614,0.0109647819614,0.0109647819614,0.0109647819614,0.0109647819614,0.0109647819614,0.0109647819614,0.0109647819614,0.0109647819614,0.0109647819614,0.0109647819614,0.0109647819614,5,Z40 Z48 Z49 Z57,0.696511111111,0.011687742321,0.696511111111,0.011687742321
0.0109647819614,0.0109647819614,0.0109647819614,0.0109647819614,0.0109647819614,0.0109647819614,0.0109647819614,0.0109647819614,0.0109647819614,0.0109647819614,0.0109647819614,0.0109647819614,0.0109647819614,0.0109647819614,0.0109647819614,0.0109647819614,0.0109647819614,0.0109647819614,5,Z41 Z49 Z50 Z58,0.282555555556,0.0190921004975,0.282555555556,0.0190921004975
0.0109647819614,0.0109647819614,0.0109647819614,0.0109647819614,0.0109647819614,0.0109647819614,0.0109647819614,0.0109647819614,0.0109647819614,0.0109647819614,0.0109647819614,0.0109647819614,0.0109647819614,0.0109647819614,0.0109647819614,0.0109647819614,0.0109647819614,0.0109647819614,5,Z42 Z50 Z59,0.285644444444,0.0182311537778,0.285644444444,0.0182311537778
0.0109647819614,0.0109647819614,0.0109647819614,0.0109647819614,0.0109647819614,0.0109647819614,0.0109647819614,0.0109647819614,0.0109647819614,0.0109647819614,0.0109647819614,0.0109647819614,0.0109647819614,0.0109647819614,0.0109647819614,0.0109647819614,0.0109647819614,0.0109647819614,5,Z5 Z13 Z14 Z22,0.353288888889,0.0199377831756,0.353288888889,0.0199377831756
0.0109647819614,0.0109647819614,0.0109647819614,0.0109647819614,0.0109647819614,0.0109647819614,0.0109647819614,0.0109647819614,0.0109647819614,0.0109647819614,0.0109647819614,0.0109647819614,0.0109647819614,0.0109647819614,0.0109647819614,0.0109647819614,0.0109647819614,0.0109647819614,5,Z51 Z60 Z68,0.738266666667,0.0149928207596,0.738266666667,0.0149928207596
0.0109647819614,0.0109647819614,0.0109647819614,0.0109647819614,0.0109647819614,0.0109647819614,0.0109647819614,0.0109647819614,0.0109647819614,0.0109647819614,0.0109647819614,0.0109647819614,0.0109647819614,0.0109647819614,0.0109647819614,0.0109647819614,0.0109647819614,0.0109647819614,5,Z52 Z60 Z61 Z69,0.692977777778,0.0103008139891,0.692977777778,0.0103008139891
0.0109647819614,0.0109647819614,0.0109647819614,0.0109647819614,0.0109647819614,0.0109647819614,0.0109647819614,0.0109647819614,0.0109647819614,0.0109647819614,0.0109647819614,0.0109647819614,0.0109647819614,0.0109647819614,0.0109647819614,0.0109647819614,0.0109647819614,0.0109647819614,5,Z53 Z61 Z62 Z70,0.6936,0.0147256910538,0.6936,0.0147256910538
0.0109647819614,0.0109647819614,0.0109647819614,0.0109647819614,0.0109647819614,0.0109647819614,0.0109647819614,0.0109647819614,0.0109647819614,0.0109647819614,0.0109647819614,0.0109647819614,0.0109647819614,0.0109647819614,0.0109647819614,0.0109647819614,0.0109647819614,0.0109647819614,5,Z54 Z62 Z63 Z71,0.6928,0.0135357055845,0.6928,0.0135357055845
0.0109647819614,0.0109647819614,0.0109647819614,0.0109647819614,0.0109647819614,0.0109647819614,0.0109647819614,0.0109647819614,0.0109647819614,0.0109647819614,0.0109647819614,0.0109647819614,0.0109647819614,0.0109647819614,0.0109647819614,0.0109647819614,0.0109647819614,0.0109647819614,5,Z55 Z63 Z64 Z72,0.692088888889,0.0118104224811,0.692088888889,0.0118104224811
0.0109647819614,0.0109647819614,0.0109647819614,0.0109647819614,0.0109647819614,0.0109647819614,0.0109647819614,0.0109647819614,0.0109647819614,0.0109647819614,0.0109647819614,0.0109647819614,0.0109647819614,0.0109647819614,0.0109647819614,0.0109647819614,0.0109647819614,0.0109647819614,5,Z56 Z64 Z65 Z73,0.694311111111,0.0130987798365,0.694311111111,0.0130987798365
0.0109647819614,0.0109647819614,0.0109647819614,0.0109647819614,0.0109647819614,0.0109647819614,0.0109647819614,0.0109647819614,0.0109647819614,0.0109647819614,0.0109647819614,0.0109647819614,0.0109647819614,0.0109647819614,0.0109647819614,0.0109647819614,0.0109647819614,0.0109647819614,5,Z57 Z65 Z66 Z74,0.6888,0.0175707873201,0.6888,0.0175707873201
0.0109647819614,0.0109647819614,0.0109647819614,0.0109647819614,0.0109647819614,0.0109647819614,0.0109647819614,0.0109647819614,0.0109647819614,0.0109647819614,0.0109647819614,0.0109647819614,0.0109647819614,0.0109647819614,0.0109647819614,0.0109647819614,0.0109647819614,0.0109647819614,5,Z58 Z66 Z67 Z75,0.268333333333,0.0175832992863,0.268333333333,0.0175832992863
0.0109647819614,0.0109647819614,0.0109647819614,0.0109647819614,0.0109647819614,0.0109647819614,0.0109647819614,0.0109647819614,0.0109647819614,0.0109647819614,0.0109647819614,0.0109647819614,0.0109647819614,0.0109647819614,0.0109647819614,0.0109647819614,0.0109647819614,0.0109647819614,5,Z59 Z67 Z76,0.292733333333,0.0183339393839,0.292733333333,0.0183339393839
0.0109647819614,0.0109647819614,0.0109647819614,0.0109647819614,0.0109647819614,0.0109647819614,0.0109647819614,0.0109647819614,0.0109647819614,0.0109647819614,0.0109647819614,0.0109647819614,0.0109647819614,0.0109647819614,0.0109647819614,0.0109647819614,0.0109647819614,0.0109647819614,5,Z6 Z14 Z15 Z23,0.305422222222,0.018361823909,0.305422222222,0.018361823909
0.0109647819614,0.0109647819614,0.0109647819614,0.0109647819614,0.0109647819614,0.0109647819614,0.0109647819614,0.0109647819614,0.0109647819614,0.0109647819614,0.0109647819614,0.0109647819614,0.0109647819614,0.0109647819614,0.0109647819614,0.0109647819614,0.0109647819614,0.0109647819614,5,Z68 Z77 Z85,0.726133333333,0.0076200984497,0.726133333333,0.0076200984497
0.0109647819614,0.0109647819614,0.0109647819614,0.0109647819614,0.0109647819614,0.0109647819614,0.0109647819614,0.0109647819614,0.0109647819614,0.0109647819614,0.0109647819614,0.0109647819614,0.0109647819614,0.0109647819614,0.0109647819614,0.0109647819614,0.0109647819614,0.0109647819614,5,Z69 Z77 Z78 Z86,0.689533333333,0.0152014820814,0.689533333333,0.0152014820814
0.0109647819614,0.0109647819614,0.0109647819614,0.0109647819614,0.0109647819614,0.0109647819614,0.0109647819614,0.0109647819614,0.0109647819614,0.0109647819614,0.0109647819614,0.0109647819614,0.0109647819614,0.0109647819614,0.0109647819614,0.0109647819614,0.0109647819614,0.0109647819614,5,Z7 Z15 Z16 Z24,0.123022222222,0.0140417913009,0.123022222222,0.0140417913009
0.0109647819614,0.0109647819614,0.0109647819614,0.0109647819614,0.0109647819614,0.0109647819614,0.0109647819614,0.0109647819614,0.0109647819614,0.0109647819614,0.0109647819614,0.0109647819614,0.0109647819614,0.0109647819614,0.0109647819614,0.0109647819614,0.0109647819614,0.0109647819614,5,Z70 Z78 Z79 Z87,0.693088888889,0.0102586972104,0.693088888889,0.0102586972104
0.0109647819614,0.0109647819614,0.0109647819614,0.0109647819614,0.0109647819614,0.0109647819614,0.0109647819614,0.0109647819614,0.0109647819614,0.0109647819614,0.0109647819614,0.0109647819614,0.0109647819614,0.0109647819614,0.0109647819614,0.0109647819614,0.0109647819614,0.0109647819614,5,Z71 Z79 Z80 Z88,0.695444444444,0.0109964582711,0.695444444444,0.0109964582711
0.0109647819614,0.0109647819614,0.0109647819614,0.0109647819614,0.0109647819614,0.0109647819614,0.0109647819614,0.0109647819614,0.0109647819614,0.0109647819614,0.0109647819614,0.0109647819614,0.0109647819614,0.0109647819614,0.0109647819614,0.0109647819614,0.0109647819614,0.0109647819614,5,Z72 Z80 Z81 Z89,0.692022222222,0.0115090946325,0.692022222222,0.0115090946325
0.0109647819614,0.0109647819614,0.0109647819614,0.0109647819614,0.0109647819614,0.0109647819614,0.0109647819614,0.0109647819614,0.0109647819614,0.0109647819614,0.0109647819614,0.0109647819614,0.0109647819614,0.0109647819614,0.0109647819614,0.0109647819614,0.0109647819614,0.0109647819614,5,Z73 Z81 Z82 Z90,0.6942,0.0114069952323,0.6942,0.0114069952323
0.0109647819614,0.0109647819614,0.0109647819614,0.0109647819614,0.0109647819614,0.0109647819614,0.0109647819614,0.0109647819614,0.0109647819614,0.0109647819614,0.0109647819614,0.0109647819614,0.0109647819614,0.0109647819614,0.0109647819614,0.0109647819614,0.0109647819614,0.0109647819614,5,Z74 Z82 Z83 Z91,0.694977777778,0.0132627249193,0.694977777778,0.0132627249193
0.0109647819614,0.0109647819614,0.0109647819614,0.0109647819614,0.0109647819614,0.0109647819614,0.0109647819614,0.0109647819614,0.0109647819614,0.0109647819614,0.0109647819614,0.0109647819614,0.0109647819614,0.0109647819614,0.0109647819614,0.0109647819614,0.0109647819614,0.0109647819614,5,Z75 Z83 Z84 Z92,0.266155555556,0.0142862722022,0.266155555556,0.0142862722022
0.0109647819614,0.0109647819614,0.0109647819614,0.0109647819614,0.0109647819614,0.0109647819614,0.0109647819614,0.0109647819614,0.0109647819614,0.0109647819614,0.0109647819614,0.0109647819614,0.0109647819614,0.0109647819614,0.0109647819614,0.0109647819614,0.0109647819614,0.0109647819614,5,Z76 Z84 Z93,0.3038,0.0170490839744,0.3038,0.0170490839744
0.0109647819614,0.0109647819614,0.0109647819614,0.0109647819614,0.0109647819614,0.0109647819614,0.0109647819614,0.0109647819614,0.0109647819614,0.0109647819614,0.0109647819614,0.0109647819614,0.0109647819614,0.0109647819614,0.0109647819614,0.0109647819614,0.0109647819614,0.0109647819614,5,Z8 Z16 Z25,0.2848,0.0163068281305,0.2848,0.0163068281305
0.0109647819614,0.0109647819614,0.0109647819614,0.0109647819614,0.0109647819614,0.0109647819614,0.0109647819614,0.0109647819614,0.0109647819614,0.0109647819614,0.0109647819614,0.0109647819614,0.0109647819614,0.0109647819614,0.0109647819614,0.0109647819614,0.0109647819614,0.0109647819614,5,Z85 Z94 Z102,0.716111111111,0.0136132494997,0.716111111111,0.0136132494997
0.0109647819614,0.0109647819614,0.0109647819614,0.0109647819614,0.0109647819614,0.0109647819614,0.0109647819614,0.0109647819614,0.0109647819614,0.0109647819614,0.0109647819614,0.0109647819614,0.0109647819614,0.0109647819614,0.0109647819614,0.0109647819614,0.0109647819614,0.0109647819614,5,Z86 Z94 Z95 Z103,0.696155555556,0.0119560925117,0.696155555556,0.0119560925117
0.0109647819614,0.0109647819614,0.0109647819614,0.0109647819614,0.0109647819614,0.0109647819614,0.0109647819614,0.0109647819614,0.0109647819614,0.0109647819614,0.0109647819614,0.0109647819614,0.0109647819614,0.0109647819614,0.0109647819614,0.0109647819614,0.0109647819614,0.0109647819614,5,Z87 Z95 Z96 Z104,0.689977777778,0.0130257432505,0.689977777778,0.0130257432505
0.0109647819614,0.0109647819614,0.0109647819614,0.0109647819614,0.0109647819614,0.0109647819614,0.0109647819614,0.0109647819614,0.0109647819614,0.0109647819614,0.0109647819614,0.0109647819614,0.0109647819614,0.0109647819614,0.0109647819614,0.0109647819614,0.0109647819614,0.0109647819614,5,Z88 Z96 Z97 Z105,0.695177777778,0.0133065055772,0.695177777778,0.0133065055772
0.0109647819614,0.0109647819614,0.0109647819614,0.0109647819614,0.0109647819614,0.0109647819614,0.0109647819614,0.0109647819614,0.0109647819614,0.0109647819614,0.0109647819614,0.0109647819614,0.0109647819614,0.0109647819614,0.0109647819614,0.0109647819614,0.0109647819614,0.0109647819614,5,Z89 Z97 Z98 Z106,0.693577777778,0.0129194181966,0.693577777778,0.0129194181966
0.0109647819614,0.0109647819614,0.0109647819614,0.0109647819614,0.0109647819614,0.0109647819614,0.0109647819614,0.0109647819614,0.0109647819614,0.0109647819614,0.0109647819614,0.0109647819614,0.0109647819614,0.0109647819614,0.0109647819614,0.0109647819614,0.0109647819614,0.0109647819614,5,Z90 Z98 Z99 Z107,0.691088888889,0.0157980389038,0.691088888889,0.0157980389038
0.0109647819614,0.0109647819614,0.0109647819614,0.0109647819614,0.0109647819614,0.0109647819614,0.0109647819614,0.0109647819614,0.0109647819614,0.0109647819614,0.0109647819614,0.0109647819614,0.0109647819614,0.0109647819614,0.0109647819614,0.0109647819614,0.0109647819614,0.0109647819614,5,Z91 Z99 Z100 Z108,0.691644444444,0.0139794412085,0.691644444444,0.0139794412085
0.0109647819614,0.0109647819614,0.0109647819614,0.0109647819614,0.0109647819614,0.0109647819614,0.0109647819614,0.0109647819614,0.0109647819614,0.0109647819614,0.0109647819614,0.0109647819614,0.0109647819614,0.0109647819614,0.0109647819614,0.0109647819614,0.0109647819614,0.0109647819614,5,Z92 Z100 Z101 Z109,0.257577777778,0.0159908818207,0.257577777778,0.0159908818207
0.0109647819614,0.0109647819614,0.0109647819614,0.0109647819614,0.0109647819614,0.0109647819614,0.0109647819614,0.0109647819614,0.0109647819614,0.0109647819614,0.0109647819614,0.0109647819614,0.0109647819614,0.0109647819614,0.0109647819614,0.0109647819614,0.0109647819614,0.0109647819614,5,Z93 Z101 Z110,0.301288888889,0.0186263384838,0.301288888889,0.0186263384838
0.0109647819614,0.0109647819614,0.0109647819614,0.0109647819614,0.0109647819614,0.0109647819614,0.0109647819614,0.0109647819614,0.0109647819614,0.0109647819614,0.0109647819614,0.0109647819614,0.0109647819614,0.0109647819614,0.0109647819614,0.0109647819614,0.0109647819614,0.0109647819614,10,Logical X,0.504644444444,0.0150457624623,0.498555555556,0.0135228863288
0.0109647819614,0.0109647819614,0.0109647819614,0.0109647819614,0.0109647819614,0.0109647819614,0.0109647819614,0.0109647819614,0.0109647819614,0.0109647819614,0.0109647819614,0.0109647819614,0.0109647819614,0.0109647819614,0.0109647819614,0.0109647819614,0.0109647819614,0.0109647819614,10,Logical Y,0.0136,0.0131872456668,0.00215555555556,0.0177567068616
0.0109647819614,0.0109647819614,0.0109647819614,0.0109647819614,0.0109647819614,0.0109647819614,0.0109647819614,0.0109647819614,0.0109647819614,0.0109647819614,0.0109647819614,0.0109647819614,0.0109647819614,0.0109647819614,0.0109647819614,0.0109647819614,0.0109647819614,0.0109647819614,10,Logical Z,0.0126888888889,0.0101490551561,-0.00435555555556,0.0171678513894
0.0109647819614,0.0109647819614,0.0109647819614,0.0109647819614,0.0109647819614,0.0109647819614,0.0109647819614,0.0109647819614,0.0109647819614,0.0109647819614,0.0109647819614,0.0109647819614,0.0109647819614,0.0109647819614,0.0109647819614,0.0109647819614,0.0109647819614,0.0109647819614,10,X0 X1 X9,0.646911111111,0.0134403559218,0.646911111111,0.0134403559218
0.0109647819614,0.0109647819614,0.0109647819614,0.0109647819614,0.0109647819614,0.0109647819614,0.0109647819614,0.0109647819614,0.0109647819614,0.0109647819614,0.0109647819614,0.0109647819614,0.0109647819614,0.0109647819614,0.0109647819614,0.0109647819614,0.0109647819614,0.0109647819614,10,X1 X2 X10,0.497088888889,0.0144450161985,0.497088888889,0.0144450161985
0.0109647819614,0.0109647819614,0.0109647819614,0.0109647819614,0.0109647819614,0.0109647819614,0.0109647819614,0.0109647819614,0.0109647819614,0.0109647819614,0.0109647819614,0.0109647819614,0.0109647819614,0.0109647819614,0.0109647819614,0.0109647819614,0.0109647819614,0.0109647819614,10,X10 X18 X19 X27,0.623044444444,0.00998801325012,0.623044444444,0.00998801325012
0.0109647819614,0.0109647819614,0.0109647819614,0.0109647819614,0.0109647819614,0.0109647819614,0.0109647819614,0.0109647819614,0.0109647819614,0.0109647819614,0.0109647819614,0.0109647819614,0.0109647819614,0.0109647819614,0.0109647819614,0.0109647819614,0.0109647819614,0.0109647819614,10,X100 X108 X109 X117,0.623955555556,0.0114643319373,0.623955555556,0.0114643319373
0.0109647819614,0.0109647819614,0.0109647819614,0.0109647819614,0.0109647819614,0.0109647819614,0.0109647819614,0.0109647819614,0.0109647819614,0.0109647819614,0.0109647819614,0.0109647819614,0.0109647819614,0.0109647819614,0.0109647819614,0.0109647819614,0.0109647819614,0.0109647819614,10,X101 X109 X110 X118,0.0931777777778,0.0186754358165,0.0931777777778,0.0186754358165
0.0109647819614,0.0109647819614,0.0109647819614,0.0109647819614,0.0109647819614,0.0109647819614,0.0109647819614,0.0109647819614,0.0109647819614,0.0109647819614,0.0109647819614,0.0109647819614,0.0109647819614,0.0109647819614,0.0109647819614,0.0109647819614,0.0109647819614,0.0109647819614,10,X11 X19 X20 X28,0.622377777778,0.0182100837994,0.622377777778,0.0182100837994
0.0109647819614,0.0109647819614,0.0109647819614,0.0109647819614,0.0109647819614,0.0109647819614,0.0109647819614,0.0109647819614,0.0109647819614,0.0109647819614,0.0109647819614,0.0109647819614,0.0109647819614,0.0109647819614,0.0109647819614,0.0109647819614,0.0109647819614,0.0109647819614,10,X111 X119 X120 X128,0.622866666667,0.017637603507,0.622866666667,0.017637603507
0.0109647819614,0.0109647819614,0.0109647819614,0.0109647819614,0.0109647819614,0.0109647819614,0.0109647819614,0.0109647819614,0.0109647819614,0.0109647819614,0.0109647819614,0.0109647819614,0.0109647819614,0.0109647819614,0.0109647819614,0.0109647819614,0.0109647819614,0.0109647819614,10,X112 X120 X121 X129,0.621133333333,0.00995491753566,0.621133333333,0.00995491753566
0.0109647819614,0.0109647819614,0.0109647819614,0.0109647819614,0.0109647819614,0.0109647819614,0.0109647819614,0.0109647819614,0.0109647819614,0.0109647819614,0.0109647819614,0.0109647819614,0.0109647819614,0.0109647819614,0.0109647819614,0.0109647819614,0.0109647819614,0.0109647819614,10,X113 X121 X122 X130,0.623911111111,0.0140472474045,0.623911111111,0.0140472474045
0.0109647819614,0.0109647819614,0.0109647819614,0.0109647819614,0.0109647819614,0.0109647819614,0.0109647819614,0.0109647819614,0.0109647819614,0.0109647819614,0.0109647819614,0.0109647819614,0.0109647819614,0.0109647819614,0.0109647819614,0.0109647819614,0.0109647819614,0.0109647819614,10,X114 X122 X123 X131,0.623911111111,0.0147953946789,0.623911111111,0.0147953946789
0.0109647819614,0.0109647819614,0.0109647819614,0.0109647819614,0.0109647819614,0.0109647819614,0.0109647819614,0.0109647819614,0.0109647819614,0.0109647819614,0.0109647819614,0.0109647819614,0.0109647819614,0.0109647819614,0.0109647819614,0.0109647819614,0.0109647819614,0.0109647819614,10,X115 X123 X124 X132,0.622022222222,0.0123926604571,0.622022222222,0.0123926604571
0.0109647819614,0.0109647819614,0.0109647819614,0.0109647819614,0.0109647819614,0.0109647819614,0.0109647819614,0.0109647819614,0.0109647819614,0.0109647819614,0.0109647819614,0.0109647819614,0.0109647819614,0.0109647819614,0.0109647819614,0.0109647819614,0.0109647819614,0.0109647819614,10,X116 X124 X125 X133,0.6216,0.0112887561461,0.6216,0.0112887561461
0.0109647819614,0.0109647819614,0.0109647819614,0.0109647819614,0.0109647819614,0.0109647819614,0.0109647819614,0.0109647819614,0.0109647819614,0.0109647819614,0.0109647819614,0.0109647819614,0.0109647819614,0.0109647819614,0.0109647819614,0.0109647819614,0.0109647819614,0.0109647819614,10,X117 X125 X126 X134,0.624577777778,0.0141114701134,0.624577777778,0.0141114701134
0.0109647819614,0.0109647819614,0.0109647819614,0.0109647819614,0.0109647819614,0.0109647819614,0.0109647819614,0.0109647819614,0.0109647819614,0.0109647819614,0.0109647819614,0.0109647819614,0.0109647819614,0.0109647819614,0.0109647819614,0.0109647819614,0.0109647819614,0.0109647819614,10,X118 X126 X127 X135,0.0919555555556,0.0161344288916,0.0919555555556,0.0161344288916
0.0109647819614,0.0109647819614,0.0109647819614,0.0109647819614,0.0109647819614,0.0109647819614,0.0109647819614,0.0109647819614,0.0109647819614,0.0109647819614,0.0109647819614,0.0109647819614,0.0109647819614,0.0109647819614,0.0109647819614,0.0109647819614,0.0109647819614,0.0109647819614,10,X12 X20 X21 X29,0.622866666667,0.015127706686,0.622866666667,0.015127706686
0.0109647819614,0.0109647819614,0.0109647819614,0.0109647819614,0.0109647819614,0.0109647819614,0.0109647819614,0.0109647819614,0.0109647819614,0.0109647819614,0.0109647819614,0.0109647819614,0.0109647819614,0.0109647819614,0.0109647819614,0.0109647819614,0.0109647819614,0.0109647819614,10,X128 X136 X137,0.669444444444,0.0154315528213,0.669444444444,0.0154315528213
0.0109647819614,0.0109647819614,0.0109647819614,0.0109647819614,0.0109647819614,0.0109647819614,0.0109647819614,0.0109647819614,0.0109647819614,0.0109647819614,0.0109647819614,0.0109647819614,0.0109647819614,0.0109647819614,0.0109647819614,0.0109647819614,0.0109647819614,0.0109647819614,10,X129 X137 X138,0.676066666667,0.0140620954603,0.676066666667,0.0140620954603
0.0109647819614,0.0109647819614,0.0109647819614,0.0109647819614,0.0109647819614,0.0109647819614,0.0109647819614,0.0109647819614,0.0109647819614,0.0109647819614,0.0109647819614,0.0109647819614,0.0109647819614,0.0109647819614,0.0109647819614,0.0109647819614,0.0109647819614,0.0109647819614,10,X13 X21 X22 X30,0.625133333333,0.0136257025549,0.625133333333,0.0136257025549
0.0109647819614,0.0109647819614,0.0109647819614,0.0109647819614,0.0109647819614,0.0109647819614,0.0109647819614,0.0109647819614,0.0109647819614,0.0109647819614,0.0109647819614,0.0109647819614,0.0109647819614,0.0109647819614,0.0109647819614,0.0109647819614,0.0109647819614,0.0109647819614,10,X130 X138 X139,0.677644444444,0.0146695225363,0.677644444444,0.0146695225363
0.0109647819614,0.0109647819614,0.0109647819614,0.0109647819614,0.0109647819614,0.0109647819614,0.0109647819614,0.0109647819614,0.0109647819614,0.0109647819614,0.0109647819614,0.0109647819614,0.0109647819614,0.0109647819614,0.0109647819614,0.0109647819614,0.0109647819614,0.0109647819614,10,X131 X139 X140,0.672377777778,0.0180180270167,0.672377777778,0.0180180270167
0.0109647819614,0.0109647819614,0.0109647819614,0.0109647819614,0.0109647819614,0.0109647819614,0.0109647819614,0.0109647819614,0.0109647819614,0.0109647819614,0.0109647819614,0.0109647819614,0.0109647819614,0.0109647819614,0.0109647819614,0.0109647819614,0.0109647819614,0.0109647819614,10,X132 X140 X141,0.680777777778,0.0146416540461,0.680777777778,0.0146416540461
0.0109647819614,0.0109647819614,0.0109647819614,0.0109647819614,0.0109647819614,0.0109647819614,0.0109647819614,0.0109647819614,0.0109647819614,0.0109647819614,0.0109647819614,0.0109647819614,0.0109647819614,0.0109647819614,0.0109647819614,0.0109647819614,0.0109647819614,0.0109647819614,10,X133 X141 X142,0.679066666667,0.0124569450078,0.679066666667,0.0124569450078
0.0109647819614,0.0109647819614,0.0109647819614,0.0109647819614,0.0109647819614,0.0109647819614,0.0109647819614,0.0109647819614,0.0109647819614,0.0109647819614,0.0109647819614,0.0109647819614,0.0109647819614,0.0109647819614,0.0109647819614,0.0109647819614,0.0109647819614,0.0109647819614,10,X134 X142 X143,0.674888888889,0.0148394558805,0.674888888889,0.0148394558805
0.0109647819614,0.0109647819614,0.0109647819614,0.0109647819614,0.0109647819614,0.0109647819614,0.0109647819614,0.0109647819614,0.0109647819614,0.0109647819614,0.0109647819614,0.0109647819614,0.0109647819614,0.0109647819614,0.0109647819614,0.0109647819614,0.0109647819614,0.0109647819614,10,X135 X143 X144,0.0992444444444,0.0179276821702,0.0992444444444,0.0179276821702
0.0109647819614,0.0109647819614,0.0109647819614,0.0109647819614,0.0109647819614,0.0109647819614,0.0109647819614,0.0109647819614,0.0109647819614,0.0109647819614,0.0109647819614,0.0109647819614,0.0109647819614,0.0109647819614,0.0109647819614,0.0109647819614,0.0109647819614,0.0109647819614,10,X14 X22 X23 X31,0.621355555556,0.0110025888049,0.621355555556,0.0110025888049
0.0109647819614,0.0109647819614,0.0109647819614,0.0109647819614,0.0109647819614,0.0109647819614,0.0109647819614,0.0109647819614,0.0109647819614,0.0109647819614,0.0109647819614,0.0109647819614,0.0109647819614,0.0109647819614,0.0109647819614,0.0109647819614,0.0109647819614,0.0109647819614,10,X15 X23 X24 X32,0.625066666667,0.0137783215812,0.625066666667,0.0137783215812
0.0109647819614,0.0109647819614,0.0109647819614,0.0109647819614,0.0109647819614,0.0109647819614,0.0109647819614,0.0109647819614,0.0109647819614,0.0109647819614,0.0109647819614,0.0109647819614,0.0109647819614,0.0109647819614,0.0109647819614,0.0109647819614,0.0109647819614,0.0109647819614,10,X16 X24 X25 X33,0.101333333333,0.0178876870685,0.101333333333,0.0178876870685
0.0109647819614,0.0109647819614,0.0109647819614,0.0109647819614,0.0109647819614,0.0109647819614,0.0109647819614,0.0109647819614,0.0109647819614,0.0109647819614,0.0109647819614,0.0109647819614,0.0109647819614,0.0109647819614,0.0109647819614,0.0109647819614,0.0109647819614,0.0109647819614,10,X2 X3 X11,0.376533333333,0.0161348721599,0.376533333333,0.0161348721599
0.0109647819614,0.0109647819614,0.0109647819614,0.0109647819614,0.0109647819614,0.0109647819614,0.0109647819614,0.0109647819614,0.0109647819614,0.0109647819614,0.0109647819614,0.0109647819614,0.0109647819614,0.0109647819614,0.0109647819614,0.0109647819614,0.0109647819614,0.0109647819614,10,X26 X34 X35 X43,0.625111111111,0.013955960655,0.625111111111,0.013955960655
0.0109647819614,0.0109647819614,0.0109647819614,0.0109647819614,0.0109647819614,0.0109647819614,0.0109647819614,0.0109647819614,0.0109647819614,0.0109647819614,0.0109647819614,0.0109647819614,0.0109647819614,0.0109647819614,0.0109647819614,0.0109647819614,0.0109647819614,0.0109647819614,10,X27 X35 X36 X44,0.625244444444,0.0117779368167,0.625244444444,0.0117779368167
0.0109647819614,0.0109647819614,0.0109647819614,0.0109647819614,0.0109647819614,0.0109647819614,0.0109647819614,0.0109647819614,0.0109647819614,0.0109647819614,0.0109647819614,0.0109647819614,0.0109647819614,0.0109647819614,0.0109647819614,0.0109647819614,0.0109647819614,0.0109647819614,10,X28 X36 X37 X45,0.6236,0.0153534101445,0.6236,0.0153534101445
0.0109647819614,0.0109647819614,0.0109647819614,0.0109647819614,0.0109647819614,0.0109647819614,0.0109647819614,0.0109647819614,0.0109647819614,0.0109647819614,0.0109647819614,0.0109647819614,0.0109647819614,0.0109647819614,0.0109647819614,0.0109647819614,0.0109647819614,0.0109647819614,10,X29 X37 X38 X46,0.622355555556,0.0138925634986,0.622355555556,0.0138925634986
0.0109647819614,0.0109647819614,0.0109647819614,0.0109647819614,0.0109647819614,0.0109647819614,0.0109647819614,0.0109647819614,0.0109647819614,0.0109647819614,0.0109647819614,0.0109647819614,0.0109647819614,0.0109647819614,0.0109647819614,0.0109647819614,0.0109647819614,0.0109647819614,10,X3 X4 X12,0.293511111111,0.0219445021581,0.293511111111,0.0219445021581
0.0109647819614,0.0109647819614,0.0109647819614,0.0109647819614,0.0109647819614,0.0109647819614,0.0109647819614,0.0109647819614,0.0109647819614,0.0109647819614,0.0109647819614,0.0109647819614,0.0109647819614,0.0109647819614,0.0109647819614,0.0109647819614,0.0109647819614,0.0109647819614,10,X30 X38 X39 X47,0.621222222222,0.0102341675999,0.621222222222,0.0102341675999
0.0109647819614,0.0109647819614,0.0109647819614,0.0109647819614,0.0109647819614,0.0109647819614,0.0109647819614,0.0109647819614,0.0109647819614,0.0109647819614,0.0109647819614,0.0109647819614,0.0109647819614,0.0109647819614,0.0109647819614,0.0109647819614,0.0109647819614,0.0109647819614,10,X31 X39 X40 X48,0.618644444444,0.0151977850104,0.618644444444,0.0151977850104
0.0109647819614,0.0109647819614,0.0109647819614,0.0109647819614,0.0109647819614,0.0109647819614,0.0109647819614,0.0109647819614,0.0109647819614,0.0109647819614,0.0109647819614,0.0109647819614,0.0109647819614,0.0109647819614,0.0109647819614,0.0109647819614,0.0109647819614,0.0109647819614,10,X32 X40 X41 X49,0.623111111111,0.0130020137943,0.623111111111,0.0130020137943
0.0109647819614,0.0109647819614,0.0109647819614,0.0109647819614,0.0109647819614,0.0109647819614,0.0109647819614,0.0109647819614,0.0109647819614,0.0109647819614,0.0109647819614,0.0109647819614,0.0109647819614,0.0109647819614,0.0109647819614,0.0109647819614,0.0109647819614,0.0109647819614,10,X33 X41 X42 X50,0.102,0.0166090959707,0.102,0.0166090959707
0.0109647819614,0.0109647819614,0.0109647819614,0.0109647819614,0.0109647819614,0.0109647819614,0.0109647819614,0.0109647819614,0.0109647819614,0.0109647819614,0.0109647819614,0.0109647819614,0.0109647819614,0.0109647819614,0.0109647819614,0.0109647819614,0.0109647819614,0.0109647819614,10,X4 X5 X13,0.224333333333,0.0201980614373,0.224333333333,0.0201980614373
0.0109647819614,0.0109647819614,0.0109647819614,0.0109647819614,0.0109647819614,0.0109647819614,0.0109647819614,0.0109647819614,0.0109647819614,0.0109647819614,0.0109647819614,0.0109647819614,0.0109647819614,0.0109647819614,0.0109647819614,0.0109647819614,0.0109647819614,0.0109647819614,10,X43 X51 X52 X60,0.626622222222,0.0157197031679,0.626622222222,0.0157197031679
0.0109647819614,0.0109647819614,0.0109647819614,0.0109647819614,0.0109647819614,0.0109647819614,0.0109647819614,0.0109647819614,0.0109647819614,0.0109647819614,0.0109647819614,0.0109647819614,0.0109647819614,0.0109647819614,0.0109647819614,0.0109647819614,0.0109647819614,0.0109647819614,10,X44 X52 X53 X61,0.622644444444,0.0117724053387,0.622644444444,0.0117724053387
0.0109647819614,0.0109647819614,0.0109647819614,0.0109647819614,0.0109647819614,0.0109647819614,0.0109647819614,0.0109647819614,0.0109647819614,0.0109647819614,0.0109647819614,0.0109647819614,0.0109647819614,0.0109647819614,0.0109647819614,0.0109647819614,0.0109647819614,0.0109647819614,10,X45 X53 X54 X62,0.6254,0.0190070364063,0.6254,0.0190070364063
0.0109647819614,0.0109647819614,0.0109647819614,0.0109647819614,0.0109647819614,0.0109647819614,0.0109647819614,0.0109647819614,0.0109647819614,0.0109647819614,0.0109647819614,0.0109647819614,0.0109647819614,0.0109647819614,0.0109647819614,0.0109647819614,0.0109647819614,0.0109647819614,10,X46 X54 X55 X63,0.629911111111,0.0130847322141,0.629911111111,0.0130847322141
0.0109647819614,0.0109647819614,0.0109647819614,0.0109647819614,0.0109647819614,0.0109647819614,0.0109647819614,0.0109647819614,0.0109647819614,0.0109647819614,0.0109647819614,0.0109647819614,0.0109647819614,0.0109647819614,0.0109647819614,0.0109647819614,0.0109647819614,0.0109647819614,10,X47 X55 X56 X64,0.617844444444,0.0139365649152,0.617844444444,0.0139365649152
0.0109647819614,0.0109647819614,0.0109647819614,0.0109647819614,0.0109647819614,0.0109647819614,0.0109647819614,0.0109647819614,0.0109647819614,0.0109647819614,0.0109647819614,0.0109647819614,0.0109647819614,0.0109647819614,0.0109647819614,0.0109647819614,0.0109647819614,0.0109647819614,10,X48 X56 X57 X65,0.625577777778,0.0128229718832,0.625577777778,0.0128229718832
0.0109647819614,0.0109647819614,0.0109647819614,0.0109647819614,0.0109647819614,0.0109647819614,0.0109647819614,0.0109647819614,0.0109647819614,0.0109647819614,0.0109647819614,0.0109647819614,0.0109647819614,0.0109647819614,0.0109647819614,0.0109647819614,0.0109647819614,0.0109647819614,10,X49 X57 X58 X66,0.621622222222,0.0144441674008,0.621622222222,0.0144441674008
0.0109647819614,0.0109647819614,0.0109647819614,0.0109647819614,0.0109647819614,0.0109647819614,0.0109647819614,0.0109647819614,0.0109647819614,0.0109647819614,0.0109647819614,0.0109647819614,0.0109647819614,0.0109647819614,0.0109647819614,0.0109647819614,0.0109647819614,0.0109647819614,10,X5 X6 X14,0.1718,0.0219816363623,0.1718,0.0219816363623
0.0109647819614,0.0109647819614,0.0109647819614,0.0109647819614,0.0109647819614,0.0109647819614,0.0109647819614,0.0109647819614,0.0109647819614,0.0109647819614,0.0109647819614,0.0109647819614,0.0109647819614,0.0109647819614,0.0109647819614,0.0109647819614,0.0109647819614,0.0109647819614,10,X50 X58 X59 X67,0.0984222222222,0.0144269685027,0.0984222222222,0.0144269685027
0.0109647819614,0.0109647819614,0.0109647819614,0.0109647819614,0.0109647819614,0.0109647819614,0.0109647819614,0.0109647819614,0.0109647819614,0.0109647819614,0.0109647819614,0.0109647819614,0.0109647819614,0.0109647819614,0.0109647819614,0.0109647819614,0.0109647819614,0.0109647819614,10,X6 X7 X15,0.131044444444,0.0159622959327,0.131044444444,0.0159622959327
0.0109647819614,0.0109647819614,0.0109647819614,0.0109647819614,0.0109647819614,0.0109647819614,0.0109647819614,0.0109647819614,0.0109647819614,0.0109647819614,0.0109647819614,0.0109647819614,0.0109647819614,0.0109647819614,0.0109647819614,0.0109647819614,0.0109647819614,0.0109647819614,10,X60 X68 X69 X77,0.623377777778,0.0158323915832,0.623377777778,0.0158323915832
0.0109647819614,0.0109647819614,0.0109647819614,0.0109647819614,0.0109647819614,0.0109647819614,0.0109647819614,0.0109647819614,0.0109647819614,0.0109647819614,0.0109647819614,0.0109647819614,0.0109647819614,0.0109647819614,0.0109647819614,0.0109647819614,0.0109647819614,0.0109647819614,10,X61 X69 X70 X78,0.6218,0.0162840212681,0.6218,0.0162840212681
0.0109647819614,0.0109647819614,0.0109647819614,0.0109647819614,0.0109647819614,0.0109647819614,0.0109647819614,0.0109647819614,0.0109647819614,0.0109647819614,0.0109647819614,0.0109647819614,0.0109647819614,0.0109647819614,0.0109647819614,0.0109647819614,0.0109647819614,0.0109647819614,10,X62 X70 X71 X79,0.621422222222,0.0176276805431,0.621422222222,0.0176276805431
0.0109647819614,0.0109647819614,0.0109647819614,0.0109647819614,0.0109647819614,0.0109647819614,0.0109647819614,0.0109647819614,0.0109647819614,0.0109647819614,0.0109647819614,0.0109647819614,0.0109647819614,0.0109647819614,0.0109647819614,0.0109647819614,0.0109647819614,0.0109647819614,10,X63 X71 X72 X80,0.620555555556,0.0134205005112,0.620555555556,0.0134205005112
0.0109647819614,0.0109647819614,0.0109647819614,0.0109647819614,0.0109647819614,0.0109647819614,0.0109647819614,0.0109647819614,0.0109647819614,0.0109647819614,0.0109647819614,0.0109647819614,0.0109647819614,0.0109647819614,0.0109647819614,0.0109647819614,0.0109647819614,0.0109647819614,10,X64 X72 X73 X81,0.623,0.0162270763745,0.623,0.0162270763745
0.0109647819614,0.0109647819614,0.0109647819614,0.0109647819614,0.0109647819614,0.0109647819614,0.0109647819614,0.0109647819614,0.0109647819614,0.0109647819614,0.0109647819614,0.0109647819614,0.0109647819614,0.0109647819614,0.0109647819614,0.0109647819614,0.0109647819614,0.0109647819614,10,X65 X73 X74 X82,0.623644444444,0.0130424985658,0.623644444444,0.0130424985658
0.0109647819614,0.0109647819614,0.0109647819614,0.0109647819614,0.0109647819614,0.0109647819614,0.0109647819614,0.0109647819614,0.0109647819614,0.0109647819614,0.0109647819614,0.0109647819614,0.0109647819614,0.0109647819614,0.0109647819614,0.0109647819614,0.0109647819614,0.0109647819614,10,X66 X74 X75 X83,0.622955555556,0.0164250843891,0.622955555556,0.0164250843891
0.0109647819614,0.0109647819614,0.0109647819614,0.0109647819614,0.0109647819614,0.0109647819614,0.0109647819614,0.0109647819614,0.0109647819614,0.0109647819614,0.0109647819614,0.0109647819614,0.0109647819614,0.0109647819614,0.0109647819614,0.0109647819614,0.0109647819614,0.0109647819614,10,X67 X75 X76 X84,0.0937111111111,0.0215518146614,0.0937111111111,0.0215518146614
0.0109647819614,0.0109647819614,0.0109647819614,0.0109647819614,0.0109647819614,0.0109647819614,0.0109647819614,0.0109647819614,0.0109647819614,0.0109647819614,0.0109647819614,0.0109647819614,0.0109647819614,0.0109647819614,0.0109647819614,0.0109647819614,0.0109647819614,0.0109647819614,10,X7 X8 X16,0.113488888889,0.0168878957159,0.113488888889,0.0168878957159
0.0109647819614,0.0109647819614,0.0109647819614,0.0109647819614,0.0109647819614,0.0109647819614,0.0109647819614,0.0109647819614,0.0109647819614,0.0109647819614,0.0109647819614,0.0109647819614,0.0109647819614,0.0109647819614,0.0109647819614,0.0109647819614,0.0109647819614,0.0109647819614,10,X77 X85 X86 X94,0.620955555556,0.0153983462647,0.620955555556,0.0153983462647
0.0109647819614,0.0109647819614,0.0109647819614,0.0109647819614,0.0109647819614,0.0109647819614,0.0109647819614,0.0109647819614,0.0109647819614,0.0109647819614,0.0109647819614,0.0109647819614,0.0109647819614,0.0109647819614,0.0109647819614,0.0109647819614,0.0109647819614,0.0109647819614,10,X78 X86 X87 X95,0.620933333333,0.0175535087802,0.620933333333,0.0175535087802
0.0109647819614,0.0109647819614,0.0109647819614,0.0109647819614,0.0109647819614,0.0109647819614,0.0109647819614,0.0109647819614,0.0109647819614,0.0109647819614,0.0109647819614,0.0109647819614,0.0109647819614,0.0109647819614,0.0109647819614,0.0109647819614,0.0109647819614,0.0109647819614,10,X79 X87 X88 X96,0.623311111111,0.0129703266806,0.623311111111,0.0129703266806
0.0109647819614,0.0109647819614,0.0109647819614,0.0109647819614,0.0109647819614,0.0109647819614,0.0109647819614,0.0109647819614,0.0109647819614,0.0109647819614,0.0109647819614,0.0109647819614,0.0109647819614,0.0109647819614,0.0109647819614,0.0109647819614,0.0109647819614,0.0109647819614,10,X80 X88 X89 X97,0.621733333333,0.0121606109949,0.621733333333,0.0121606109949
0.0109647819614,0.0109647819614,0.0109647819614,0.0109647819614,0.0109647819614,0.0109647819614,0.0109647819614,0.0109647819614,0.0109647819614,0.0109647819614,0.0109647819614,0.0109647819614,0.0109647819614,0.0109647819614,0.0109647819614,0.0109647819614,0.0109647819614,0.0109647819614,10,X81 X89 X90 X98,0.619844444444,0.0152633920429,0.619844444444,0.0152633920429
0.0109647819614,0.0109647819614,0.0109647819614,0.0109647819614,0.0109647819614,0.0109647819614,0.0109647819614,0.0109647819614,0.0109647819614,0.0109647819614,0.0109647819614,0.0109647819614,0.0109647819614,0.0109647819614,0.0109647819614,0.0109647819614,0.0109647819614,0.0109647819614,10,X82 X90 X91 X99,0.624822222222,0.0130189173686,0.624822222222,0.0130189173686
0.0109647819614,0.0109647819614,0.0109647819614,0.0109647819614,0.0109647819614,0.0109647819614,0.0109647819614,0.0109647819614,0.0109647819614,0.0109647819614,0.0109647819614,0.0109647819614,0.0109647819614,0.0109647819614,0.0109647819614,0.0109647819614,0.0109647819614,0.0109647819614,10,X83 X91 X92 X100,0.623488888889,0.0155034870218,0.623488888889,0.0155034870218
0.0109647819614,0.0109647819614,0.0109647819614,0.0109647819614,0.0109647819614,0.0109647819614,0.0109647819614,0.0109647819614,0.0109647819614,0.0109647819614,0.0109647819614,0.0109647819614,0.0109647819614,0.0109647819614,0.0109647819614,0.0109647819614,0.0109647819614,0.0109647819614,10,X84 X92 X93 X101,0.0944666666667,0.0152688800283,0.0944666666667,0.0152688800283
0.0109647819614,0.0109647819614,0.0109647819614,0.0109647819614,0.0109647819614,0.0109647819614,0.0109647819614,0.0109647819614,0.0109647819614,0.0109647819614,0.0109647819614,0.0109647819614,0.0109647819614,0.0109647819614,0.0109647819614,0.0109647819614,0.0109647819614,0.0109647819614,10,X9 X17 X18 X26,0.619088888889,0.0162050872608,0.619088888889,0.0162050872608
0.0109647819614,0.0109647819614,0.0109647819614,0.0109647819614,0.0109647819614,0.0109647819614,0.0109647819614,0.0109647819614,0.0109647819614,0.0109647819614,0.0109647819614,0.0109647819614,0.0109647819614,0.0109647819614,0.0109647819614,0.0109647819614,0.0109647819614,0.0109647819614,10,X94 X102 X103 X111,0.619933333333,0.0126991115024,0.619933333333,0.0126991115024
0.0109647819614,0.0109647819614,0.0109647819614,0.0109647819614,0.0109647819614,0.0109647819614,0.0109647819614,0.0109647819614,0.0109647819614,0.0109647819614,0.0109647819614,0.0109647819614,0.0109647819614,0.0109647819614,0.0109647819614,0.0109647819614,0.0109647819614,0.0109647819614,10,X95 X103 X104 X112,0.624955555556,0.01255752536,0.624955555556,0.01255752536
0.0109647819614,0.0109647819614,0.0109647819614,0.0109647819614,0.0109647819614,0.0109647819614,0.0109647819614,0.0109647819614,0.0109647819614,0.0109647819614,0.0109647819614,0.0109647819614,0.0109647819614,0.0109647819614,0.0109647819614,0.0109647819614,0.0109647819614,0.0109647819614,10,X96 X104 X105 X113,0.621955555556,0.0118521328191,0.621955555556,0.0118521328191
0.0109647819614,0.0109647819614,0.0109647819614,0.0109647819614,0.0109647819614,0.0109647819614,0.0109647819614,0.0109647819614,0.0109647819614,0.0109647819614,0.0109647819614,0.0109647819614,0.0109647819614,0.0109647819614,0.0109647819614,0.0109647819614,0.0109647819614,0.0109647819614,10,X97 X105 X106 X114,0.627466666667,0.0136821051012,0.627466666667,0.0136821051012
0.0109647819614,0.0109647819614,0.0109647819614,0.0109647819614,0.0109647819614,0.0109647819614,0.0109647819614,0.0109647819614,0.0109647819614,0.0109647819614,0.0109647819614,0.0109647819614,0.0109647819614,0.0109647819614,0.0109647819614,0.0109647819614,0.0109647819614,0.0109647819614,10,X98 X106 X107 X115,0.624466666667,0.0185184178797,0.624466666667,0.0185184178797
0.0109647819614,0.0109647819614,0.0109647819614,0.0109647819614,0.0109647819614,0.0109647819614,0.0109647819614,0.0109647819614,0.0109647819614,0.0109647819614,0.0109647819614,0.0109647819614,0.0109647819614,0.0109647819614,0.0109647819614,0.0109647819614,0.0109647819614,0.0109647819614,10,X99 X107 X108 X116,0.620577777778,0.0178531543803,0.620577777778,0.0178531543803
0.0109647819614,0.0109647819614,0.0109647819614,0.0109647819614,0.0109647819614,0.0109647819614,0.0109647819614,0.0109647819614,0.0109647819614,0.0109647819614,0.0109647819614,0.0109647819614,0.0109647819614,0.0109647819614,0.0109647819614,0.0109647819614,0.0109647819614,0.0109647819614,10,Z0 Z9 Z17,0.765911111111,0.0106288602033,0.765911111111,0.0106288602033
0.0109647819614,0.0109647819614,0.0109647819614,0.0109647819614,0.0109647819614,0.0109647819614,0.0109647819614,0.0109647819614,0.0109647819614,0.0109647819614,0.0109647819614,0.0109647819614,0.0109647819614,0.0109647819614,0.0109647819614,0.0109647819614,0.0109647819614,0.0109647819614,10,Z1 Z9 Z10 Z18,0.600422222222,0.0157056090557,0.600422222222,0.0157056090557
0.0109647819614,0.0109647819614,0.0109647819614,0.0109647819614,0.0109647819614,0.0109647819614,0.0109647819614,0.0109647819614,0.0109647819614,0.0109647819614,0.0109647819614,0.0109647819614,0.0109647819614,0.0109647819614,0.0109647819614,0.0109647819614,0.0109647819614,0.0109647819614,10,Z102 Z111 Z119,0.707888888889,0.0143306154422,0.707888888889,0.0143306154422
0.0109647819614,0.0109647819614,0.0109647819614,0.0109647819614,0.0109647819614,0.0109647819614,0.0109647819614,0.0109647819614,0.0109647819614,0.0109647819614,0.0109647819614,0.0109647819614,0.0109647819614,0.0109647819614,0.0109647819614,0.0109647819614,0.0109647819614,0.0109647819614,10,Z103 Z111 Z112 Z120,0.695,0.0126124064688,0.695,0.0126124064688
0.0109647819614,0.0109647819614,0.0109647819614,0.0109647819614,0.0109647819614,0.0109647819614,0.0109647819614,0.0109647819614,0.0109647819614,0.0109647819614,0.0109647819614,0.0109647819614,0.0109647819614,0.0109647819614,0.0109647819614,0.0109647819614,0.0109647819614,0.0109647819614,10,Z104 Z112 Z113 Z121,0.694733333333,0.0126349876089,0.694733333333,0.0126349876089
0.0109647819614,0.0109647819614,0.0109647819614,0.0109647819614,0.0109647819614,0.0109647819614,0.0109647819614,0.0109647819614,0.0109647819614,0.0109647819614,0.0109647819614,0.0109647819614,0.0109647819614,0.0109647819614,0.0109647819614,0.0109647819614,0.0109647819614,0.0109647819614,10,Z105 Z113 Z114 Z122,0.692866666667,0.0132227019456,0.692866666667,0.0132227019456
0.0109647819614,0.0109647819614,0.0109647819614,0.0109647819614,0.0109647819614,0.0109647819614,0.0109647819614,0.0109647819614,0.0109647819614,0.0109647819614,0.0109647819614,0.0109647819614,0.0109647819614,0.0109647819614,0.0109647819614,0.0109647819614,0.0109647819614,0.0109647819614,10,Z106 Z114 Z115 Z123,0.691,0.0107962672704,0.691,0.0107962672704
0.0109647819614,0.0109647819614,0.0109647819614,0.0109647819614,0.0109647819614,0.0109647819614,0.0109647819614,0.0109647819614,0.0109647819614,0.0109647819614,0.0109647819614,0.0109647819614,0.0109647819614,0.0109647819614,0.0109647819614,0.0109647819614,0.0109647819614,0.0109647819614,10,Z107 Z115 Z116 Z124,0.693355555556,0.0136159511295,0.693355555556,0.0136159511295
0.0109647819614,0.0109647819614,0.0109647819614,0.0109647819614,0.0109647819614,0.0109647819614,0.0109647819614,0.0109647819614,0.0109647819614,0.0109647819614,0.0109647819614,0.0109647819614,0.0109647819614,0.0109647819614,0.0109647819614,0.0109647819614,0.0109647819614,0.0109647819614,10,Z108 Z116 Z117 Z125,0.6928,0.0120094471115,0.6928,0.0120094471115
0.0109647819614,0.0109647819614,0.0109647819614,0.0109647819614,0.0109647819614,0.0109647819614,0.0109647819614,0.0109647819614,0.0109647819614,0.0109647819614,0.0109647819614,0.0109647819614,0.0109647819614,0.0109647819614,0.0109647819614,0.0109647819614,0.0109647819614,0.0109647819614,10,Z109 Z117 Z118 Z126,0.249488888889,0.0203905795493,0.249488888889,0.0203905795493
0.0109647819614,0.0109647819614,0.0109647819614,0.0109647819614,0.0109647819614,0.0109647819614,0.0109647819614,0.0109647819614,0.0109647819614,0.0109647819614,0.0109647819614,0.0109647819614,0.0109647819614,0.0109647819614,0.0109647819614,0.0109647819614,0.0109647819614,0.0109647819614,10,Z110 Z118 Z127,0.3086,0.0161272240737,0.3086,0.0161272240737
0.0109647819614,0.0109647819614,0.0109647819614,0.0109647819614,0.0109647819614,0.0109647819614,0.0109647819614,0.0109647819614,0.0109647819614,0.0109647819614,0.0109647819614,0.0109647819614,0.0109647819614,0.0109647819614,0.0109647819614,0.0109647819614,0.0109647819614,0.0109647819614,10,Z119 Z128 Z136,0.699822222222,0.0121937529805,0.699822222222,0.0121937529805
0.0109647819614,0.0109647819614,0.0109647819614,0.0109647819614,0.0109647819614,0.0109647819614,0.0109647819614,0.0109647819614,0.0109647819614,0.0109647819614,0.0109647819614,0.0109647819614,0.0109647819614,0.0109647819614,0.0109647819614,0.0109647819614,0.0109647819614,0.0109647819614,10,Z120 Z128 Z129 Z137,0.699733333333,0.0147506477551,0.699733333333,0.0147506477551
0.0109647819614,0.0109647819614,0.0109647819614,0.0109647819614,0.0109647819614,0.0109647819614,0.0109647819614,0.0109647819614,0.0109647819614,0.0109647819614,0.0109647819614,0.0109647819614,0.0109647819614,0.0109647819614,0.0109647819614,0.0109647819614,0.0109647819614,0.0109647819614,10,Z121 Z129 Z130 Z138,0.701066666667,0.0133867893936,0.701066666667,0.0133867893936
0.0109647819614,0.0109647819614,0.0109647819614,0.0109647819614,0.0109647819614,0.0109647819614,0.0109647819614,0.0109647819614,0.0109647819614,0.0109647819614,0.0109647819614,0.0109647819614,0.0109647819614,0.0109647819614,0.0109647819614,0.0109647819614,0.0109647819614,0.0109647819614,10,Z122 Z130 Z131 Z139,0.702177777778,0.0144061857014,0.702177777778,0.0144061857014
0.0109647819614,0.0109647819614,0.0109647819614,0.0109647819614,0.0109647819614,0.0109647819614,0.0109647819614,0.0109647819614,0.0109647819614,0.0109647819614,0.0109647819614,0.0109647819614,0.0109647819614,0.0109647819614,0.0109647819614,0.0109647819614,0.0109647819614,0.0109647819614,10,Z123 Z131 Z132 Z140,0.702977777778,0.0156755742184,0.702977777778,0.0156755742184
0.0109647819614,0.0109647819614,0.0109647819614,0.0109647819614,0.0109647819614,0.0109647819614,0.0109647819614,0.0109647819614,0.0109647819614,0.0109647819614,0.0109647819614,0.0109647819614,0.0109647819614,0.0109647819614,0.0109647819614,0.0109647819614,0.0109647819614,0.0109647819614,10,Z124 Z132 Z133 Z141,0.702111111111,0.0120409051649,0.702111111111,0.0120409051649
0.0109647819614,0.0109647819614,0.0109647819614,0.0109647819614,0.0109647819614,0.0109647819614,0.0109647819614,0.0109647819614,0.0109647819614,0.0109647819614,0.0109647819614,0.0109647819614,0.0109647819614,0.0109647819614,0.0109647819614,0.0109647819614,0.0109647819614,0.0109647819614,10,Z125 Z133 Z134 Z142,0.701866666667,0.0150762048946,0.701866666667,0.0150762048946
0.0109647819614,0.0109647819614,0.0109647819614,0.0109647819614,0.0109647819614,0.0109647819614,0.0109647819614,0.0109647819614,0.0109647819614,0.0109647819614,0.0109647819614,0.0109647819614,0.0109647819614,0.0109647819614,0.0109647819614,0.0109647819614,0.0109647819614,0.0109647819614,10,Z126 Z134 Z135 Z143,0.245688888889,0.0200365438805,0.245688888889,0.0200365438805
0.0109647819614,0.0109647819614,0.0109647819614,0.0109647819614,0.0109647819614,0.0109647819614,0.0109647819614,0.0109647819614,0.0109647819614,0.0109647819614,0.0109647819614,0.0109647819614,0.0109647819614,0.0109647819614,0.0109647819614,0.0109647819614,0.0109647819614,0.0109647819614,10,Z127 Z135 Z144,0.113955555556,0.0201237042768,0.113955555556,0.0201237042768
0.0109647819614,0.0109647819614,0.0109647819614,0.0109647819614,0.0109647819614,0.0109647819614,0.0109647819614,0.0109647819614,0.0109647819614,0.0109647819614,0.0109647819614,0.0109647819614,0.0109647819614,0.0109647819614,0.0109647819614,0.0109647819614,0.0109647819614,0.0109647819614,10,Z17 Z26 Z34,0.758244444444,0.0136350723488,0.758244444444,0.0136350723488
0.0109647819614,0.0109647819614,0.0109647819614,0.0109647819614,0.0109647819614,0.0109647819614,0.0109647819614,0.0109647819614,0.0109647819614,0.0109647819614,0.0109647819614,0.0109647819614,0.0109647819614,0.0109647819614,0.0109647819614,0.0109647819614,0.0109647819614,0.0109647819614,10,Z18 Z26 Z27 Z35,0.6916,0.0136430690584,0.6916,0.0136430690584
0.0109647819614,0.0109647819614,0.0109647819614,0.0109647819614,0.0109647819614,0.0109647819614,0.0109647819614,0.0109647819614,0.0109647819614,0.0109647819614,0.0109647819614,0.0109647819614,0.0109647819614,0.0109647819614,0.0109647819614,0.0109647819614,0.0109647819614,0.0109647819614,10,Z19 Z27 Z28 Z36,0.692155555556,0.014691393298,0.692155555556,0.014691393298
0.0109647819614,0.0109647819614,0.0109647819614,0.0109647819614,0.0109647819614,0.0109647819614,0.0109647819614,0.0109647819614,0.0109647819614,0.0109647819614,0.0109647819614,0.0109647819614,0.0109647819614,0.0109647819614,0.0109647819614,0.0109647819614,0.0109647819614,0.0109647819614,10,Z2 Z10 Z11 Z19,0.522066666667,0.0170546563343,0.522066666667,0.0170546563343
0.0109647819614,0.0109647819614,0.0109647819614,0.0109647819614,0.0109647819614,0.0109647819614,0.0109647819614,0.0109647819614,0.0109647819614,0.0109647819614,0.0109647819614,0.0109647819614,0.0109647819614,0.0109647819614,0.0109647819614,0.0109647819614,0.0109647819614,0.0109647819614,10,Z20 Z28 Z29 Z37,0.693666666667,0.0125319515012,0.693666666667,0.0125319515012
0.0109647819614,0.0109647819614,0.0109647819614,0.0109647819614,0.0109647819614,0.0109647819614,0.0109647819614,0.0109647819614,0.0109647819614,0.0109647819614,0.0109647819614,0.0109647819614,0.0109647819614,0.0109647819614,0.0109647819614,0.0109647819614,0.0109647819614,0.0109647819614,10,Z21 Z29 Z30 Z38,0.690111111111,0.0151640665533,0.690111111111,0.0151640665533
0.0109647819614,0.0109647819614,0.0109647819614,0.0109647819614,0.0109647819614,0.0109647819614,0.0109647819614,0.0109647819614,0.0109647819614,0.0109647819614,0.0109647819614,0.0109647819614,0.0109647819614,0.0109647819614,0.0109647819614,0.0109647819614,0.0109647819614,0.0109647819614,10,Z22 Z30 Z31 Z39,0.6882,0.0104857502285,0.6882,0.0104857502285
0.0109647819614,0.0109647819614,0.0109647819614,0.0109647819614,0.0109647819614,0.0109647819614,0.0109647819614,0.0109647819614,0.0109647819614,0.0109647819614,0.0109647819614,0.0109647819614,0.0109647819614,0.0109647819614,0.0109647819614,0.0109647819614,0.0109647819614,0.0109647819614,10,Z23 Z31 Z32 Z40,0.692133333333,0.0116847478934,0.692133333333,0.0116847478934
0.0109647819614,0.0109647819614,0.0109647819614,0.0109647819614,0.0109647819614,0.0109647819614,0.0109647819614,0.0109647819614,0.0109647819614,0.0109647819614,0.0109647819614,0.0109647819614,0.0109647819614,0.0109647819614,0.0109647819614,0.0109647819614,0.0109647819614,0.0109647819614,10,Z24 Z32 Z33 Z41,0.2938,0.019110607674,0.2938,0.019110607674
0.0109647819614,0.0109647819614,0.0109647819614,0.0109647819614,0.0109647819614,0.0109647819614,0.0109647819614,0.0109647819614,0.0109647819614,0.0109647819614,0.0109647819614,0.0109647819614,0.0109647819614,0.0109647819614,0.0109647819614,0.0109647819614,0.0109647819614,0.0109647819614,10,Z25 Z33 Z42,0.278777777778,0.0145829200817,0.278777777778,0.0145829200817
0.0109647819614,0.0109647819614,0.0109647819614,0.0109647819614,0.0109647819614,0.0109647819614,0.0109647819614,0.0109647819614,0.0109647819614,0.0109647819614,0.0109647819614,0.0109647819614,0.0109647819614,0.0109647819614,0.0109647819614,0.0109647819614,0.0109647819614,0.0109647819614,10,Z3 Z11 Z12 Z20,0.458266666667,0.015815604109,0.458266666667,0.015815604109
0.0109647819614,0.0109647819614,0.0109647819614,0.0109647819614,0.0109647819614,0.0109647819614,0.0109647819614,0.0109647819614,0.0109647819614,0.0109647819614,0.0109647819614,0.0109647819614,0.0109647819614,0.0109647819614,0.0109647819614,0.0109647819614,0.0109647819614,0.0109647819614,10,Z34 Z43 Z51,0.750355555556,0.0122761748923,0.750355555556,0.0122761748923
0.0109647819614,0.0109647819614,0.0109647819614,0.0109647819614,0.0109647819614,0.0109647819614,0.0109647819614,0.0109647819614,0.0109647819614,0.0109647819614,0.0109647819614,0.0109647819614,0.0109647819614,0.0109647819614,0.0109647819614,0.0109647819614,0.0109647819614,0.0109647819614,10,Z35 Z43 Z44 Z52,0.694288888889,0.0120403960339,0.694288888889,0.0120403960339
0.0109647819614,0.0109647819614,0.0109647819614,0.0109647819614,0.0109647819614,0.0109647819614,0.0109647819614,0.0109647819614,0.0109647819614,0.0109647819614,0.0109647819614,0.0109647819614,0.0109647819614,0.0109647819614,0.0109647819614,0.0109647819614,0.0109647819614,0.0109647819614,10,Z36 Z44 Z45 Z53,0.696888888889,0.0123292423576,0.696888888889,0.0123292423576
0.0109647819614,0.0109647819614,0.0109647819614,0.0109647819614,0.0109647819614,0.0109647819614,0.0109647819614,0.0109647819614,0.0109647819614,0.0109647819614,0.0109647819614,0.0109647819614,0.0109647819614,0.0109647819614,0.0109647819614,0.0109647819614,0.0109647819614,0.0109647819614,10,Z37 Z45 Z46 Z54,0.694622222222,0.0131620414787,0.694622222222,0.0131620414787
0.0109647819614,0.0109647819614,0.0109647819614,0.0109647819614,0.0109647819614,0.0109647819614,0.0109647819614,0.0109647819614,0.0109647819614,0.0109647819614,0.0109647819614,0.0109647819614,0.0109647819614,0.0109647819614,0.0109647819614,0.0109647819614,0.0109647819614,0.0109647819614,10,Z38 Z46 Z47 Z55,0.6906,0.0123093584932,0.6906,0.0123093584932
0.0109647819614,0.0109647819614,0.0109647819614,0.0109647819614,0.0109647819614,0.0109647819614,0.0109647819614,0.0109647819614,0.0109647819614,0.0109647819614,0.0109647819614,0.0109647819614,0.0109647819614,0.0109647819614,0.0109647819614,0.0109647819614,0.0109647819614,0.0109647819614,10,Z39 Z47 Z48 Z56,0.689266666667,0.0118138174831,0.689266666667,0.0118138174831
0.0109647819614,0.0109647819614,0.0109647819614,0.0109647819614,0.0109647819614,0.0109647819614,0.0109647819614,0.0109647819614,0.0109647819614,0.0109647819614,0.0109647819614,0.0109647819614,0.0109647819614,0.0109647819614,0.0109647819614,0.0109647819614,0.0109647819614,0.0109647819614,10,Z4 Z12 Z13 Z21,0.400977777778,0.0163109002252,0.400977777778,0.0163109002252
0.0109647819614,0.0109647819614,0.0109647819614,0.0109647819614,0.0109647819614,0.0109647819614,0.0109647819614,0.0109647819614,0.0109647819614,0.0109647819614,0.0109647819614,0.0109647819614,0.0109647819614,0.0109647819614,0.0109647819614,0.0109647819614,0.0109647819614,0.0109647819614,10,Z40 Z48 Z49 Z57,0.697088888889,0.0148777736287,0.697088888889,0.0148777736287
0.0109647819614,0.0109647819614,0.0109647819614,0.0109647819614,0.0109647819614,0.0109647819614,0.0109647819614,0.0109647819614,0.0109647819614,0.0109647819614,0.0109647819614,0.0109647819614,0.0109647819614,0.0109647819614,0.0109647819614,0.0109647819614,0.0109647819614,0.0109647819614,10,Z41 Z49 Z50 Z58,0.283022222222,0.0184251480098,0.283022222222,0.0184251480098
0.0109647819614,0.0109647819614,0.0109647819614,0.0109647819614,0.0109647819614,0.0109647819614,0.0109647819614,0.0109647819614,0.0109647819614,0.0109647819614,0.0109647819614,0.0109647819614,0.0109647819614,0.0109647819614,0.0109647819614,0.0109647819614,0.0109647819614,0.0109647819614,10,Z42 Z50 Z59,0.290555555556,0.017012128496,0.290555555556,0.017012128496
0.0109647819614,0.0109647819614,0.0109647819614,0.0109647819614,0.0109647819614,0.0109647819614,0.0109647819614,0.0109647819614,0.0109647819614,0.0109647819614,0.0109647819614,0.0109647819614,0.0109647819614,0.0109647819614,0.0109647819614,0.0109647819614,0.0109647819614,0.0109647819614,10,Z5 Z13 Z14 Z22,0.351555555556,0.0189011004025,0.351555555556,0.0189011004025
0.0109647819614,0.0109647819614,0.0109647819614,0.0109647819614,0.0109647819614,0.0109647819614,0.0109647819614,0.0109647819614,0.0109647819614,0.0109647819614,0.0109647819614,0.0109647819614,0.0109647819614,0.0109647819614,0.0109647819614,0.0109647819614,0.0109647819614,0.0109647819614,10,Z51 Z60 Z68,0.738355555556,0.0113754906705,0.738355555556,0.0113754906705
0.0109647819614,0.0109647819614,0.0109647819614,0.0109647819614,0.0109647819614,0.0109647819614,0.0109647819614,0.0109647819614,0.0109647819614,0.0109647819614,0.0109647819614,0.0109647819614,0.0109647819614,0.0109647819614,0.0109647819614,0.0109647819614,0.0109647819614,0.0109647819614,10,Z52 Z60 Z61 Z69,0.691066666667,0.0115504556975,0.691066666667,0.0115504556975
0.0109647819614,0.0109647819614,0.0109647819614,0.0109647819614,0.0109647819614,0.0109647819614,0.0109647819614,0.0109647819614,0.0109647819614,0.0109647819614,0.0109647819614,0.0109647819614,0.0109647819614,0.0109647819614,0.0109647819614,0.0109647819614,0.0109647819614,0.0109647819614,10,Z53 Z61 Z62 Z70,0.698488888889,0.0127118773715,0.698488888889,0.0127118773715
0.0109647819614,0.0109647819614,0.0109647819614,0.0109647819614,0.0109647819614,0.0109647819614,0.0109647819614,0.0109647819614,0.0109647819614,0.0109647819614,0.0109647819614,0.0109647819614,0.0109647819614,0.0109647819614,0.0109647819614,0.0109647819614,0.0109647819614,0.0109647819614,10,Z54 Z62 Z63 Z71,0.687088888889,0.0121617241837,0.687088888889,0.0121617241837
0.0109647819614,0.0109647819614,0.0109647819614,0.0109647819614,0.0109647819614,0.0109647819614,0.0109647819614,0.0109647819614,0.0109647819614,0.0109647819614,0.0109647819614,0.0109647819614,0.0109647819614,0.0109647819614,0.0109647819614,0.0109647819614,0.0109647819614,0.0109647819614,10,Z55 Z63 Z64 Z72,0.690577777778,0.0138439395245,0.690577777778,0.0138439395245
0.0109647819614,0.0109647819614,0.0109647819614,0.0109647819614,0.0109647819614,0.0109647819614,0.0109647819614,0.0109647819614,0.0109647819614,0.0109647819614,0.0109647819614,0.0109647819614,0.0109647819614,0.0109647819614,0.0109647819614,0.0109647819614,0.0109647819614,0.0109647819614,10,Z56 Z64 Z65 Z73,0.692977777778,0.0134918545977,0.692977777778,0.0134918545977
0.0109647819614,0.0109647819614,0.0109647819614,0.0109647819614,0.0109647819614,0.0109647819614,0.0109647819614,0.0109647819614,0.0109647819614,0.0109647819614,0.0109647819614,0.0109647819614,0.0109647819614,0.0109647819614,0.0109647819614,0.0109647819614,0.0109647819614,0.0109647819614,10,Z57 Z65 Z66 Z74,0.700088888889,0.0141580929657,0.700088888889,0.0141580929657
0.0109647819614,0.0109647819614,0.0109647819614,0.0109647819614,0.0109647819614,0.0109647819614,0.0109647819614,0.0109647819614,0.0109647819614,0.0109647819614,0.0109647819614,0.0109647819614,0.0109647819614,0.0109647819614,0.0109647819614,0.0109647819614,0.0109647819614,0.0109647819614,10,Z58 Z66 Z67 Z75,0.274533333333,0.0174069171964,0.274533333333,0.0174069171964
0.0109647819614,0.0109647819614,0.0109647819614,0.0109647819614,0.0109647819614,0.0109647819614,0.0109647819614,0.0109647819614,0.0109647819614,0.0109647819614,0.0109647819614,0.0109647819614,0.0109647819614,0.0109647819614,0.0109647819614,0.0109647819614,0.0109647819614,0.0109647819614,10,Z59 Z67 Z76,0.293311111111,0.0203377484058,0.293311111111,0.0203377484058
0.0109647819614,0.0109647819614,0.0109647819614,0.0109647819614,0.0109647819614,0.0109647819614,0.0109647819614,0.0109647819614,0.0109647819614,0.0109647819614,0.0109647819614,0.0109647819614,0.0109647819614,0.0109647819614,0.0109647819614,0.0109647819614,0.0109647819614,0.0109647819614,10,Z6 Z14 Z15 Z23,0.306266666667,0.0173108607638,0.306266666667,0.0173108607638
0.0109647819614,0.0109647819614,0.0109647819614,0.0109647819614,0.0109647819614,0.0109647819614,0.0109647819614,0.0109647819614,0.0109647819614,0.0109647819614,0.0109647819614,0.0109647819614,0.0109647819614,0.0109647819614,0.0109647819614,0.0109647819614,0.0109647819614,0.0109647819614,10,Z68 Z77 Z85,0.729533333333,0.0137075642624,0.729533333333,0.0137075642624
0.0109647819614,0.0109647819614,0.0109647819614,0.0109647819614,0.0109647819614,0.0109647819614,0.0109647819614,0.0109647819614,0.0109647819614,0.0109647819614,0.0109647819614,0.0109647819614,0.0109647819614,0.0109647819614,0.0109647819614,0.0109647819614,0.0109647819614,0.0109647819614,10,Z69 Z77 Z78 Z86,0.688311111111,0.0105041255655,0.688311111111,0.0105041255655
0.0109647819614,0.0109647819614,0.0109647819614,0.0109647819614,0.0109647819614,0.0109647819614,0.0109647819614,0.0109647819614,0.0109647819614,0.0109647819614,0.0109647819614,0.0109647819614,0.0109647819614,0.0109647819614,0.0109647819614,0.0109647819614,0.0109647819614,0.0109647819614,10,Z7 Z15 Z16 Z24,0.112155555556,0.0164428030661,0.112155555556,0.0164428030661
0.0109647819614,0.0109647819614,0.0109647819614,0.0109647819614,0.0109647819614,0.0109647819614,0.0109647819614,0.0109647819614,0.0109647819614,0.0109647819614,0.0109647819614,0.0109647819614,0.0109647819614,0.0109647819614,0.0109647819614,0.0109647819614,0.0109647819614,0.0109647819614,10,Z70 Z78 Z79 Z87,0.688155555556,0.0140100493033,0.688155555556,0.0140100493033
0.0109647819614,0.0109647819614,0.0109647819614,0.0109647819614,0.0109647819614,0.0109647819614,0.0109647819614,0.0109647819614,0.0109647819614,0.0109647819614,0.0109647819614,0.0109647819614,0.0109647819614,0.0109647819614,0.0109647819614,0.0109647819614,0.0109647819614,0.0109647819614,10,Z71 Z79 Z80 Z88,0.693888888889,0.0123624488062,0.693888888889,0.0123624488062
0.0109647819614,0.0109647819614,0.0109647819614,0.0109647819614,0.0109647819614,0.0109647819614,0.0109647819614,0.0109647819614,0.0109647819614,0.0109647819614,0.0109647819614,0.0109647819614,0.0109647819614,0.0109647819614,0.0109647819614,0.0109647819614,0.0109647819614,0.0109647819614,10,Z72 Z80 Z81 Z89,0.695133333333,0.0135896625125,0.695133333333,0.0135896625125
0.0109647819614,0.0109647819614,0.0109647819614,0.0109647819614,0.0109647819614,0.0109647819614,0.0109647819614,0.0109647819614,0.0109647819614,0.0109647819614,0.0109647819614,0.0109647819614,0.0109647819614,0.0109647819614,0.0109647819614,0.0109647819614,0.0109647819614,0.0109647819614,10,Z73 Z81 Z82 Z90,0.690022222222,0.0161908950653,0.690022222222,0.0161908950653
0.0109647819614,0.0109647819614,0.0109647819614,0.0109647819614,0.0109647819614,0.0109647819614,0.0109647819614,0.0109647819614,0.0109647819614,0.0109647819614,0.0109647819614,0.0109647819614,0.0109647819614,0.0109647819614,0.0109647819614,0.0109647819614,0.0109647819614,0.0109647819614,10,Z74 Z82 Z83 Z91,0.695022222222,0.013761775406,0.695022222222,0.013761775406
0.0109647819614,0.0109647819614,0.0109647819614,0.0109647819614,0.0109647819614,0.0109647819614,0.0109647819614,0.0109647819614,0.0109647819614,0.0109647819614,0.0109647819614,0.0109647819614,0.0109647819614,0.0109647819614,0.0109647819614,0.0109647819614,0.0109647819614,0.0109647819614,10,Z75 Z83 Z84 Z92,0.267577777778,0.0168940655507,0.267577777778,0.0168940655507
0.0109647819614,0.0109647819614,0.0109647819614,0.0109647819614,0.0109647819614,0.0109647819614,0.0109647819614,0.0109647819614,0.0109647819614,0.0109647819614,0.0109647819614,0.0109647819614,0.0109647819614,0.0109647819614,0.0109647819614,0.0109647819614,0.0109647819614,0.0109647819614,10,Z76 Z84 Z93,0.300755555556,0.0201539920907,0.300755555556,0.0201539920907
0.0109647819614,0.0109647819614,0.0109647819614,0.0109647819614,0.0109647819614,0.0109647819614,0.0109647819614,0.0109647819614,0.0109647819614,0.0109647819614,0.0109647819614,0.0109647819614,0.0109647819614,0.0109647819614,0.0109647819614,0.0109647819614,0.0109647819614,0.0109647819614,10,Z8 Z16 Z25,0.284288888889,0.0143291181541,0.284288888889,0.0143291181541
0.0109647819614,0.0109647819614,0.0109647819614,0.0109647819614,0.0109647819614,0.0109647819614,0.0109647819614,0.0109647819614,0.0109647819614,0.0109647819614,0.0109647819614,0.0109647819614,0.0109647819614,0.0109647819614,0.0109647819614,0.0109647819614,0.0109647819614,0.0109647819614,10,Z85 Z94 Z102,0.716733333333,0.010634073768,0.716733333333,0.010634073768
0.0109647819614,0.0109647819614,0.0109647819614,0.0109647819614,0.0109647819614,0.0109647819614,0.0109647819614,0.0109647819614,0.0109647819614,0.0109647819614,0.0109647819614,0.0109647819614,0.0109647819614,0.0109647819614,0.0109647819614,0.0109647819614,0.0109647819614,0.0109647819614,10,Z86 Z94 Z95 Z103,0.691911111111,0.0164828793874,0.691911111111,0.0164828793874
0.0109647819614,0.0109647819614,0.0109647819614,0.0109647819614,0.0109647819614,0.0109647819614,0.0109647819614,0.0109647819614,0.0109647819614,0.0109647819614,0.0109647819614,0.0109647819614,0.0109647819614,0.0109647819614,0.0109647819614,0.0109647819614,0.0109647819614,0.0109647819614,10,Z87 Z95 Z96 Z104,0.6938,0.0139733188558,0.6938,0.0139733188558
0.0109647819614,0.0109647819614,0.0109647819614,0.0109647819614,0.0109647819614,0.0109647819614,0.0109647819614,0.0109647819614,0.0109647819614,0.0109647819614,0.0109647819614,0.0109647819614,0.0109647819614,0.0109647819614,0.0109647819614,0.0109647819614,0.0109647819614,0.0109647819614,10,Z88 Z96 Z97 Z105,0.6924,0.0120301027281,0.6924,0.0120301027281
0.0109647819614,0.0109647819614,0.0109647819614,0.0109647819614,0.0109647819614,0.0109647819614,0.0109647819614,0.0109647819614,0.0109647819614,0.0109647819614,0.0109647819614,0.0109647819614,0.0109647819614,0.0109647819614,0.0109647819614,0.0109647819614,0.0109647819614,0.0109647819614,10,Z89 Z97 Z98 Z106,0.693866666667,0.0138047690133,0.693866666667,0.0138047690133
0.0109647819614,0.0109647819614,0.0109647819614,0.0109647819614,0.0109647819614,0.0109647819614,0.0109647819614,0.0109647819614,0.0109647819614,0.0109647819614,0.0109647819614,0.0109647819614,0.0109647819614,0.0109647819614,0.0109647819614,0.0109647819614,0.0109647819614,0.0109647819614,10,Z90 Z98 Z99 Z107,0.694466666667,0.0156564163092,0.694466666667,0.0156564163092
0.0109647819614,0.0109647819614,0.0109647819614,0.0109647819614,0.0109647819614,0.0109647819614,0.0109647819614,0.0109647819614,0.0109647819614,0.0109647819614,0.0109647819614,0.0109647819614,0.0109647819614,0.0109647819614,0.0109647819614,0.0109647819614,0.0109647819614,0.0109647819614,10,Z91 Z99 Z100 Z108,0.689044444444,0.0109665927166,0.689044444444,0.0109665927166
0.0109647819614,0.0109647819614,0.0109647819614,0.0109647819614,0.0109647819614,0.0109647819614,0.0109647819614,0.0109647819614,0.0109647819614,0.0109647819614,0.0109647819614,0.0109647819614,0.0109647819614,0.0109647819614,0.0109647819614,0.0109647819614,0.0109647819614,0.0109647819614,10,Z92 Z100 Z101 Z109,0.258555555556,0.0176792046885,0.258555555556,0.0176792046885
0.0109647819614,0.0109647819614,0.0109647819614,0.0109647819614,0.0109647819614,0.0109647819614,0.0109647819614,0.0109647819614,0.0109647819614,0.0109647819614,0.0109647819614,0.0109647819614,0.0109647819614,0.0109647819614,0.0109647819614,0.0109647819614,0.0109647819614,0.0109647819614,10,Z93 Z101 Z110,0.306022222222,0.0202039284017,0.306022222222,0.0202039284017
